$MeshFormat
4.1 0 8
$EndMeshFormat
$PhysicalNames
1
2 1 "multihole_primal"
$EndPhysicalNames
$Entities
24 72 24 1
1 0.7778174577350659 -1.570136863922205e-09 -0.7778174608753388 0 
2 1.343502884254441 -4.365335839841962e-16 -1.34350288425444 0 
3 -2.24275579589289e-14 1.343502884254446 -1.343502884254435 0 
4 -1.245542615148481e-05 0.7778174593165391 -0.7778174593187971 0 
5 1.343502884254435 1.343502884254446 -2.231442993346491e-14 0 
6 0.7778095576985431 0.7778253610322686 3.754034468588565e-13 0 
7 3.036440047395262e-12 -0.7778176342179136 -0.77781728439255 0 
8 -2.125971806007101e-14 -1.343502884254446 -1.343502884254435 0 
9 -0.7778174619195697 2.614366902585698e-09 -0.7778174566908351 0 
10 -1.343502884254441 -3.234055585202061e-16 -1.34350288425444 0 
11 1.343502884254441 -3.234055585202061e-16 1.34350288425444 0 
12 0.7778174619195697 2.614366902585698e-09 0.7778174566908351 0 
13 1.343502884254435 -1.343502884254446 2.270300799208371e-14 0 
14 0.7778215012551279 -0.7778134173867828 4.877946476477621e-12 0 
15 -1.343502884254435 1.343502884254446 -2.24275579589289e-14 0 
16 -0.7778228801193221 0.7778120385477507 1.037901994747682e-13 0 
17 1.245542615148481e-05 0.7778174593165391 0.7778174593187971 0 
18 2.24275579589289e-14 1.343502884254446 1.343502884254435 0 
19 2.125971806007101e-14 -1.343502884254446 1.343502884254435 0 
20 -3.036440047395262e-12 -0.7778176342179136 0.77781728439255 0 
21 -1.343502884254435 -1.343502884254446 2.281613601754771e-14 0 
22 -0.7778163001541331 -0.7778186184588628 1.063081321136545e-11 0 
23 -1.343502884254441 -4.365335839841962e-16 1.34350288425444 0 
24 -0.7778174577350659 -1.570136863922205e-09 0.7778174608753388 0 
1 0.7778173367039747 -1.000055187549975e-07 -1.343503003855745 1.343503007794048 0.6941118783952359 -0.777817336699679 0 2 1 -2 
2 0.5981629582324364 -1.000017686923215e-07 -1.499678883940952 1.343502984254302 1.00002784957513e-07 -0.777817359306971 0 2 2 -1 
3 -1.000000189321781e-07 -1.000000000583867e-07 -1.55134360376268 1.34350298425444 1.34350298425445 -1.343502784254431 0 2 2 -3 
4 -1.28081451047594e-05 0.5980835551352076 -1.499809216616581 5.986136504398393e-06 1.343503236975808 -0.7778171065998438 0 2 4 -3 
5 -1.255542615147265e-05 0.7778173043932759 -1.343503076830667 0.6944060119606856 1.343503077628601 -0.7778173043907324 0 2 3 -4 
6 0.7777339871745349 0.7777164819971661 -0.6938183663870539 1.343503024629557 1.343503024472962 1.000003753692802e-07 0 2 5 -6 
7 0.777809457698543 0.5981590138687565 -1.000965688081936e-07 1.499651874129914 1.34350298422393 1.000610203902343e-07 0 2 6 -5 
8 1.34350278425444 -9.999999983634211e-08 -1.34350298425444 1.55134360376268 1.343502984254435 9.999998873411187e-08 0 2 5 -2 
9 0.7778173593065451 -1.000030330714469e-07 -1.343502984252924 1.499826770343806 1.000048503225847e-07 -0.5980676549819771 0 2 2 -1 
10 -9.999696354290322e-08 -1.343503077896087 -1.343503077843895 0.6944071136701788 -0.7778171012899804 -0.7778171190996301 0 2 7 -8 
11 -1.000047938043654e-07 -1.343502984254453 -1.499647828450923 1.000030364334057e-07 -0.5981600052977037 -0.7778171843925501 0 2 8 -7 
12 -1.000000171558213e-07 -1.343502984254449 -1.55134360376268 1.34350298425444 1.00000000169409e-07 -1.343502784254432 0 2 2 -8 
13 0.7777056750502288 -0.6928272321954052 -1.343502984092013 1.343502984416869 9.967514341679973e-08 -0.7777184860629455 0 2 1 -2 
14 -1.343502984056526 -1.006208346463522e-07 -1.499841813647585 -0.5980541203682616 1.003958282721638e-07 -0.7778173593233888 0 2 9 -10 
15 -1.343503006003347 -1.000192327293981e-07 -1.343503002908575 -0.7778173592859697 0.694130895141242 -0.7778173593244353 0 2 10 -9 
16 -1.34350298425444 -9.999999994736442e-08 -1.55134360376268 9.999998884513417e-08 1.343502984254435 -1.34350278425444 0 2 10 -3 
17 -0.6944148922262826 0.7778173593165392 -1.343503080753735 9.900909886395581e-08 1.343503078654531 -0.7778173593187971 0 2 3 -4 
18 -1.257338698374779e-05 0.7778173413557069 -1.343503002230666 6.366962994563186e-06 1.499825285001976 -0.5980691731267315 0 2 4 -3 
19 -1.00000011160617e-07 1.343502784254435 -1.343502984254446 1.343502984254431 1.55134360376268 9.999998173970681e-08 0 2 3 -5 
20 0.5980614371826249 0.7778252610322687 -1.000234312415516e-07 1.343502984261819 1.499835171896453 1.000147569343418e-07 0 2 6 -5 
21 0.777809457698543 0.7778122173075136 -1.000000044992788e-07 1.34350303153548 1.343503031535497 0.6941627850367058 0 2 5 -6 
22 1.343502784254431 -9.999999972531981e-08 -1.000000182660443e-07 1.55134360376268 1.343502984254449 1.34350298425444 0 2 5 -11 
23 0.7778173369248385 -1.000959603536522e-07 0.7778173368432894 1.343502999710902 0.6942306740746419 1.343502998128659 0 2 12 -11 
24 0.7778173593057209 -1.005192147976181e-07 0.5980480112712547 1.499836265867958 1.008232422322724e-07 1.343502983994833 0 2 11 -12 
25 1.343502784254431 -1.34350298425445 -1.34350298425444 1.55134360376268 9.999999961429751e-08 1.000000191542227e-07 0 2 13 -2 
26 0.777821401255128 -1.343502984247253 -1.000143736212691e-07 1.499642246468692 -0.5981623019141633 1.000228572442274e-07 0 2 14 -13 
27 0.7778147699561578 -1.343503095986082 -0.6944267029197992 1.343503086370128 -0.7778133173867828 1.000048779897789e-07 0 2 13 -14 
28 0.5981656716258674 -1.499632305545973 -1.00007626515555e-07 1.34350298425464 -0.7778133173867827 1.000048779330009e-07 0 2 14 -13 
29 -1.000000102724385e-07 -1.55134360376268 -1.343502984254446 1.343502984254446 -1.343502784254435 1.000000110495947e-07 0 2 8 -13 
30 -1.000047698066942e-07 -1.499579806169659 -1.343502984254366 1.000030364334057e-07 -0.7778175342179137 -0.5982068458638622 0 2 8 -7 
31 -0.6943970217473755 -1.343503120585507 -1.343503120585425 1.454636774367302e-07 -0.7778165080016319 -0.7778164764617983 0 2 7 -8 
32 -1.34350298425444 -1.343502984254435 -1.55134360376268 9.999998973331259e-08 1.000000002804313e-07 -1.34350278425444 0 2 10 -8 
33 -1.343502995975473 -0.6942063915411666 -1.343503003230439 -0.7778173623637952 1.030585927153105e-07 -0.7778173562466097 0 2 10 -9 
34 -1.499630586356137 0.5981635804332306 -1.001004289337593e-07 -0.7778227801193223 1.34350298422271 1.00063461624874e-07 0 2 15 -16 
35 -1.343503129642469 0.7778118867811029 -0.6944071615704276 -0.7778132124287815 1.343503129642458 1.517667516659493e-07 0 2 16 -15 
36 -1.55134360376268 -9.999999972531981e-08 -1.34350298425444 -1.34350278425444 1.343502984254435 9.999998862308956e-08 0 2 15 -10 
37 -1.499747366728391 -1.011873659200214e-07 -1.343502983660758 -0.7778173592900036 1.018954444125224e-07 -0.5981309865406614 0 2 9 -10 
38 -1.343502984254431 1.343502784254449 -1.343502984254431 9.9999981073573e-08 1.55134360376268 9.999998162868451e-08 0 2 3 -15 
39 -1.34350298425556 0.7778119385477508 -1.000063758733602e-07 -0.5980218734949325 1.49978877419993 1.000084449866949e-07 0 2 15 -16 
40 -6.366962994727566e-06 0.7778173413557067 0.5980691731267328 1.257338698391217e-05 1.499825285001975 1.343503002230667 0 2 17 -18 
41 -9.900909886395581e-08 0.7778173593165392 0.7778173593187971 0.6944148922262842 1.34350307865453 1.343503080753717 0 2 18 -17 
42 -9.9999981073573e-08 1.343502784254434 -1.000000112716393e-07 1.343502984254446 1.55134360376268 1.343502984254431 0 2 18 -5 
43 0.5980551620574067 -1.007500977686322e-07 0.777817359302476 1.343502984019335 1.004702108772902e-07 1.499835146307295 0 2 11 -12 
44 -9.999998884513417e-08 -9.999999994736442e-08 1.34350278425444 1.34350298425444 1.343502984254435 1.55134360376268 0 2 11 -18 
45 -5.986136504399066e-06 0.5980835551352071 0.7778171065998438 1.280814510476007e-05 1.343503236975808 1.499809216616583 0 2 17 -18 
46 0.7777752800074231 -0.692835236882411 0.7777262934881531 1.343502984549425 0.0001314304627067497 1.343502983959456 0 2 12 -11 
47 1.34350278425444 -1.343502984254435 -9.999998895615647e-08 1.55134360376268 9.999999972531981e-08 1.34350298425444 0 2 13 -11 
48 0.7778107191785032 -1.343503090249668 -9.999512207148342e-08 1.343503091058293 -0.7778110027231506 0.6944180062350077 0 2 13 -14 
49 -9.999998284992984e-08 -1.55134360376268 -9.999998085152839e-08 1.343502984254431 -1.343502784254449 1.343502984254432 0 2 19 -13 
50 -1.454636776587748e-07 -1.343503120585507 0.777816476461798 0.6943970217473712 -0.7778165080016315 1.34350312058544 0 2 20 -19 
51 -1.000030364334057e-07 -1.499579806169659 0.5982068458638629 1.000047698066942e-07 -0.7778175342179137 1.343502984254366 0 2 19 -20 
52 -1.34350298425501 -1.499834381741845 -1.00016881197558e-07 -0.5980667004451197 -0.7778185184588629 1.000106308077652e-07 0 2 21 -22 
53 -1.343503027242371 -1.343503027371493 -0.6941333709672153 -0.7778162001541331 -0.7778162608976468 1.000106308324256e-07 0 2 22 -21 
54 -1.343502984254446 -1.55134360376268 -1.343502984254432 9.999998284992984e-08 -1.343502784254435 1.00000011160617e-07 0 2 8 -21 
55 -1.55134360376268 -1.34350298425445 -1.34350298425444 -1.343502784254431 9.999999972531981e-08 1.00000019265245e-07 0 2 21 -10 
56 -1.499691865849006 -1.343502984252956 -1.000167543226687e-07 -0.7778162001541331 -0.5981627140749661 1.000106308077652e-07 0 2 21 -22 
57 -1.343503121432809 0.7778118922401008 -1.463076668151153e-07 -0.7778132398461359 1.34350312143279 0.694397026504169 0 2 16 -15 
58 -1.55134360376268 -9.999999983634211e-08 -1.000000183770666e-07 -1.343502784254431 1.343502984254449 1.34350298425444 0 2 15 -23 
59 -1.499838092238099 -1.003949860545041e-07 0.5980529893395599 -0.777817359219782 1.00628915943492e-07 1.343502984056947 0 2 24 -23 
60 -1.34350300087482 -1.184238381801705e-07 0.7778173513229645 -0.7778173408813643 0.6942199162160086 1.343502998068045 0 2 23 -24 
61 -0.6944060119606907 0.7778173043932759 0.7778173043907353 1.255542615147265e-05 1.343503077628612 1.343503076830696 0 2 18 -17 
62 -1.343502984254446 1.343502784254434 -1.000000113826616e-07 1.00000011160617e-07 1.55134360376268 1.343502984254446 0 2 18 -15 
63 -1.000030364334057e-07 -1.343502984254453 0.7778171843925501 1.000047938043654e-07 -0.5981600052977024 1.499647828450922 0 2 19 -20 
64 -9.999998973331259e-08 -1.343502984254435 1.34350278425444 1.34350298425444 1.000000002804313e-07 1.55134360376268 0 2 11 -19 
65 -1.3435029838105 -1.18423838206145e-07 0.7778173777290409 -0.5980477664954418 1.289777539330871e-07 1.499841226473504 0 2 24 -23 
66 -1.34350298425444 -1.000000000583867e-07 1.343502784254431 1.000000189321781e-07 1.34350298425445 1.55134360376268 0 2 23 -18 
67 -1.343503029613983 -1.343503029625566 -1.000054387634286e-07 -0.7778162001541331 -0.77781627646848 0.6941537911653276 0 2 22 -21 
68 -1.343502984254431 -1.55134360376268 -9.999998074050609e-08 1.000000102724385e-07 -1.343502784254435 1.343502984254446 0 2 19 -21 
69 -0.6944071136701759 -1.343503077896089 0.7778171190996295 9.999696354290322e-08 -0.7778171012899829 1.343503077843903 0 2 20 -19 
70 -1.343502998366726 -0.6942151140030974 0.7778173542368336 -0.7778173643735714 1.050683689496346e-07 1.343503001617893 0 2 23 -24 
71 -1.55134360376268 -1.343502984254435 -9.999998884513417e-08 -1.34350278425444 9.999999961429751e-08 1.34350298425444 0 2 21 -23 
72 -1.34350298425444 -1.343502984254449 1.343502784254432 1.000000171558213e-07 1.00000000169409e-07 1.55134360376268 0 2 23 -19 
1 -0.2309524637257546 -0.2309402076758503 -1.686889549071817 1.529382063128494 1.529389351334483 -0.6958696798008387 1 1 6 1 3 5 4 -3 2 
2 0.6958713578135441 -0.2309402076767144 -1.529382063129008 1.686889549071817 1.529386686748079 0.2309479828603842 1 1 6 -6 8 -1 -9 -8 -7 
3 -0.2309403797857015 -1.529382165476475 -1.686889549071817 1.529382063128541 0.2309402076759288 -0.6958742050214267 1 1 6 10 -12 -13 -2 12 11 
4 -1.529382063128494 -0.2309402076758503 -1.686889549071817 0.2309402076758418 1.529382063128489 -0.6958742694729881 1 1 6 14 16 -4 -17 -16 15 
5 -0.2309524637279767 0.6958696798000067 -1.529389351335804 1.529382063135993 1.74061241932851 0.2309402076884602 1 1 6 -5 19 6 20 -19 -18 
6 0.6958713578138208 -0.2309402078646992 -0.2309479828596454 1.686889549071817 1.529386686747639 1.529382063240797 1 1 6 7 22 24 23 -22 21 
7 0.6958742694729821 -1.529382063128504 -1.529382063128494 1.686889549071817 0.2309402076758503 0.2309402076758668 1 1 6 13 -25 27 26 25 9 
8 -0.2309402076758945 -1.74061241932851 -1.52938206312852 1.529384428254025 -0.6958727800758199 0.230944184915216 1 1 6 -27 -29 -10 -30 29 -28 
9 -1.529382066700672 -1.529382165480028 -1.686889549071817 0.230940379791677 0.2309402136828747 -0.6958742050191891 1 1 6 -11 -32 -14 -33 32 -31 
10 -1.686889549071817 -0.2309402080140605 -1.529382063329617 -0.6958742693463356 1.529382063139777 0.2309402076948235 1 1 6 -34 36 -37 -15 -36 -35 
11 -1.529385235078289 0.6958722719885607 -1.529382063144139 0.230940207702159 1.74061241932851 0.2309455416907283 1 1 6 18 38 39 35 -38 17 
12 -0.230940207702159 0.6958742694631362 -0.2309402076760904 1.529382063128637 1.74061241932851 1.529382063144139 1 1 6 40 42 -20 -21 -42 41 
13 -0.2309402076758418 -0.2309402076758503 0.6958742694729881 1.529382063128494 1.529382063128489 1.686889549071817 1 1 6 -43 44 -45 -41 -44 -23 
14 0.6958742694729882 -1.529382063128489 -0.2309402076758418 1.686889549071817 0.2309402076758503 1.529382063128494 1 1 6 -24 -47 -26 -48 47 -46 
15 -0.2309402076758839 -1.74061241932851 -0.2309441849056164 1.529384428248316 -0.6958727800794148 1.529382063128514 1 1 6 28 -49 51 50 49 48 
16 -1.5293820631285 -1.74061241932851 -1.529382063128514 0.2309402076758839 -0.6958742694729755 0.2309402076758599 1 1 6 -52 -54 30 31 54 -53 
17 -1.686889549071817 -1.529382741409647 -1.529382063128494 -0.6958738423386691 0.2309402076758503 0.230941348284019 1 1 6 37 -55 56 53 55 33 
18 -1.686889549071817 -0.2309402439337027 -0.230940207675866 -0.6958742558951775 1.529382063128504 1.52938208468983 1 1 6 57 58 60 59 -58 34 
19 -1.529385235078167 0.6958696798000067 -0.2309455416905241 0.2309524637279768 1.74061241932851 1.529389351335804 1 1 6 -61 62 -57 -39 -62 -40 
20 -0.2309403797916769 -1.529382165480028 0.6958742050191891 1.529382063208141 0.2309402078097847 1.686889549071817 1 1 6 -63 -64 43 46 64 -50 
21 -1.529382063128494 -0.2309402076758503 0.6958696798008387 0.2309524637257546 1.529389351334483 1.686889549071817 1 1 6 -60 66 61 45 -66 -65 
22 -1.529382063131257 -1.74061241932851 -0.2309402076804965 0.2309402076758946 -0.6958742694712482 1.52938206312852 1 1 6 67 -68 -69 -51 68 52 
23 -1.686889549071817 -1.529382741397205 -0.2309413482630975 -0.6958738423465037 0.2309402076758503 1.529382063128494 1 1 6 -70 -71 -67 -56 71 -59 
24 -1.529382069059984 -1.529382165476475 0.6958742050214267 0.2309403797857014 0.2309402176503285 1.686889549071817 1 1 6 69 -72 70 65 72 63 
1 -1.686889549071817 -1.74061241932851 -1.686889549071817 1.686889549071817 1.74061241932851 1.686889549071817 0 24 1 2 3 4 5 6 7 8 9 10 11 12 13 14 15 16 17 18 19 20 21 22 23 24 
$EndEntities
$Nodes
120 3764 1 3764
0 1 0 1
1
0.7778174577350659 -1.570136863922205e-09 -0.7778174608753388
0 2 0 1
2
1.343502884254441 -4.365335839841962e-16 -1.34350288425444
0 3 0 1
3
-2.24275579589289e-14 1.343502884254446 -1.343502884254435
0 4 0 1
4
-1.245542615148481e-05 0.7778174593165391 -0.7778174593187971
0 5 0 1
5
1.343502884254435 1.343502884254446 -2.231442993346491e-14
0 6 0 1
6
0.7778095576985431 0.7778253610322686 3.754034468588565e-13
0 7 0 1
7
3.036440047395262e-12 -0.7778176342179136 -0.77781728439255
0 8 0 1
8
-2.125971806007101e-14 -1.343502884254446 -1.343502884254435
0 9 0 1
9
-0.7778174619195697 2.614366902585698e-09 -0.7778174566908351
0 10 0 1
10
-1.343502884254441 -3.234055585202061e-16 -1.34350288425444
0 11 0 1
11
1.343502884254441 -3.234055585202061e-16 1.34350288425444
0 12 0 1
12
0.7778174619195697 2.614366902585698e-09 0.7778174566908351
0 13 0 1
13
1.343502884254435 -1.343502884254446 2.270300799208371e-14
0 14 0 1
14
0.7778215012551279 -0.7778134173867828 4.877946476477621e-12
0 15 0 1
15
-1.343502884254435 1.343502884254446 -2.24275579589289e-14
0 16 0 1
16
-0.7778228801193221 0.7778120385477507 1.037901994747682e-13
0 17 0 1
17
1.245542615148481e-05 0.7778174593165391 0.7778174593187971
0 18 0 1
18
2.24275579589289e-14 1.343502884254446 1.343502884254435
0 19 0 1
19
2.125971806007101e-14 -1.343502884254446 1.343502884254435
0 20 0 1
20
-3.036440047395262e-12 -0.7778176342179136 0.77781728439255
0 21 0 1
21
-1.343502884254435 -1.343502884254446 2.281613601754771e-14
0 22 0 1
22
-0.7778163001541331 -0.7778186184588628 1.063081321136545e-11
0 23 0 1
23
-1.343502884254441 -4.365335839841962e-16 1.34350288425444
0 24 0 1
24
-0.7778174577350659 -1.570136863922205e-09 0.7778174608753388
1 1 0 11
25
26
27
28
29
30
31
32
33
34
35
0.7796744388418794 0.1478642188904269 -0.7796744388421259
0.7865385548724526 0.2954166711407461 -0.7865385548724522
0.8031774610376782 0.4413151665336241 -0.8031774610376785
0.8411261345771662 0.578473853479645 -0.8411261345771661
0.9179501143306776 0.6752119844529698 -0.9179501143306756
1.020670017399535 0.6876456562013034 -1.020670017399532
1.117260935786227 0.6331067129587351 -1.117260935786225
1.19805465789786 0.5398540229711678 -1.19805465789786
1.261428592255131 0.4225604995041428 -1.261428592324139
1.306941216158671 0.2896557263432031 -1.306941216046257
1.334349404440226 0.1471372904839154 -1.334349404552831
1 2 0 9
36
37
38
39
40
41
42
43
44
1.232413922179491 2.160733523290141e-14 -1.42893880041149
1.102904717582651 -2.445083007072045e-14 -1.482414308538259
0.9637521098088575 -2.330573259749804e-17 -1.498236516229049
0.8264236609066051 1.945497924207867e-17 -1.471427573459557
0.7068723583412542 2.094756934960066e-17 -1.399154229878466
0.6257765195039846 2.371813993718465e-17 -1.285700461471592
0.5993715565484213 4.999569650301878e-17 -1.148701918666154
0.6252370740580248 4.43704941174216e-18 -1.011211896338833
0.6887494694453291 -6.458096777783891e-15 -0.8862310049221246
1 3 0 13
45
46
47
48
49
50
51
52
53
54
55
56
57
1.281780155091957 0.1159320452208776 -1.397712200312834
1.212889191363921 0.231215751418479 -1.444104942782401
1.137215259284271 0.3452064053443365 -1.482421664628607
1.055181558177388 0.457266525022797 -1.512448083200185
0.9672468537758211 0.5667694248088159 -1.534016278584637
0.8739029126162084 0.6731027200682922 -1.547005632684501
0.7756717518813315 0.7756717518813477 -1.551343503762679
0.673102720068275 0.8739029126162243 -1.5470056326845
0.5667694248087984 0.9672468537758357 -1.534016278584634
0.4572665250227789 1.055181558177402 -1.512448083200181
0.3452064053443183 1.137215259284283 -1.482421664628602
0.2312157514184603 1.212889191363933 -1.444104942782394
0.1159320452208589 1.281780155091967 -1.397712200312826
1 4 0 9
58
59
60
61
62
63
64
65
66
-7.730980071038195e-17 0.6887496007116347 -0.8862308050812762
-1.964136666891836e-17 0.6252371441466764 -1.011211702048837
1.167429411093221e-17 0.5993715590654058 -1.148701735920592
-7.565350761667413e-18 0.6257764568930122 -1.285700315926675
-1.478490774087287e-17 0.7068722613988085 -1.399154141857611
-9.666797010950831e-18 0.8264235590147708 -1.471427535405943
2.390511427453149e-17 0.9637520208399109 -1.498236514603703
3.313634672389083e-13 1.102904659000398 -1.482414318570695
-3.757673954304194e-13 1.232413899683059 -1.428938810642528
1 5 0 11
67
68
69
70
71
72
73
74
75
76
77
0.1471383092548262 1.334349270212558 -1.334349270216029
0.2896576708419054 1.306940707953399 -1.306940707941958
0.4225631572332313 1.261427447661034 -1.2614274476785
0.5398570197373158 1.198052629014537 -1.198052629014537
0.6331094178729172 1.11725780655071 -1.117257806550711
0.6876467980049532 1.020665691470081 -1.020665691470082
0.6752091732163954 0.9179453794859351 -0.9179453794859355
0.5784668034655061 0.8411230357102566 -0.8411230357102557
0.4413060859144423 0.8031759138616541 -0.8031759138616541
0.2954063457137862 0.7865378124001056 -0.7865378124001056
0.1478528093892984 0.7796741390253152 -0.7796741390253389
1 6 0 11
78
79
80
81
82
83
84
85
86
87
88
1.33434939832121 1.334349398324591 -0.1471373252676705
1.306941198931541 1.306941198926634 -0.2896557924536904
1.261428554983377 1.261428554989565 -0.4225605960368283
1.198054574591782 1.198054574591783 -0.5398541240654176
1.117260824748552 1.117260824748552 -0.6331068012031014
1.020669860806869 1.020669860806869 -0.6876456975446767
0.917949948264118 0.917949948264118 -0.6752118857269834
0.8411260141106139 0.8411260141106142 -0.5784736162119473
0.803177408907245 0.8031774089072448 -0.4413148405533051
0.7865385294583077 0.7865385294583078 -0.2954163078990523
0.7796744303281198 0.7796744303281196 -0.1478638157279151
1 7 0 9
89
90
91
92
93
94
95
96
97
0.8862226269711652 0.6887550337333197 2.216755557538468e-15
1.01120347777809 0.6252400773258726 -1.62773396999111e-17
1.148694098308927 0.5993716560576056 -1.479193995457542e-18
1.285694295952004 0.6257738878782533 6.529010597102648e-19
1.399150470389885 0.7068682262705224 2.453654517419329e-18
1.47142600209231 0.8264194772010819 1.345782719338574e-17
1.498236402554216 0.9637487599092764 -8.799141663738431e-17
1.482414874930118 1.102902555858754 -4.81794169264713e-12
1.428939360992799 1.232412955693478 4.156798590269463e-12
1 8 0 13
98
99
100
101
102
103
104
105
106
107
108
109
110
1.397712200312839 1.281780155091951 -0.1159320452208873
1.444104942782404 1.212889191363917 -0.2312157514184865
1.482421664628609 1.137215259284267 -0.3452064053443422
1.512448083200186 1.055181558177386 -0.4572665250228005
1.534016278584638 0.9672468537758194 -0.5667694248088179
1.547005632684501 0.8739029126162083 -0.6731027200682925
1.55134350376268 0.7756717518813324 -0.775671751881347
1.5470056326845 0.6731027200682782 -0.8739029126162213
1.534016278584635 0.566769424808803 -0.9672468537758317
1.512448083200183 0.4572665250227865 -1.055181558177396
1.482421664628605 0.3452064053443287 -1.137215259284276
1.444104942782399 0.2312157514184733 -1.212889191363925
1.397712200312833 0.1159320452208749 -1.281780155091958
1 9 0 9
111
112
113
114
115
116
117
118
119
1.428938798096878 -2.397011894325266e-13 -1.232413920791864
1.482414302100155 1.990026028431135e-13 -1.102904716470433
1.498236517862472 1.082998471118773e-16 -0.9637521095305778
1.471427573548758 -3.332073046136259e-18 -0.8264236606472916
1.39915422982674 2.895507900486263e-17 -0.7068723582239758
1.285700461500206 -1.427205645720811e-17 -0.6257765191415914
1.148701918539651 2.136186405254583e-17 -0.599371556762754
1.011211896048703 -3.120634784488722e-17 -0.6252370741853691
0.8862310026748557 1.743092931819048e-14 -0.6887494662231088
1 10 0 11
120
121
122
123
124
125
126
127
128
129
130
0.1478642318505044 -0.7796744396737196 -0.7796744396737201
0.2954166811244066 -0.7865385520774406 -0.7865385520774384
0.4413151770929764 -0.8031774556377658 -0.8031774556377661
0.5784738528078575 -0.8411261356929305 -0.8411261356929305
0.6752119877549455 -0.9179501201486323 -0.917950120148632
0.6876456562843968 -1.02067001716367 -1.020670017163669
0.6331067072080159 -1.117260938433992 -1.117260938433992
0.5398540205905467 -1.19805465253523 -1.19805465253523
0.4225604997935 -1.261428594789733 -1.261428594790864
0.2896557208521239 -1.306941221439873 -1.306941221439133
0.1471372866331065 -1.334349398656735 -1.334349398656951
1 11 0 9
131
132
133
134
135
136
137
138
139
-1.538434969813044e-15 -1.232413901058417 -1.42893881321822
1.858736985192563e-15 -1.102904669931761 -1.482414321996892
-1.466314441255676e-17 -0.9637520357819847 -1.498236513495881
-3.165628198359103e-17 -0.8264235683813111 -1.471427538650495
-3.790456039848239e-17 -0.7068722669211088 -1.399154146737548
2.922655608598406e-17 -0.6257764610745546 -1.285700325173123
-1.98737961070795e-18 -0.5993715594645589 -1.14870174551647
-4.257472692071482e-17 -0.6252371411887808 -1.011211710164411
1.903472748340117e-14 -0.6887495911795798 -0.8862308183271048
1 12 0 13
140
141
142
143
144
145
146
147
148
149
150
151
152
1.281780155091957 -0.1159320452208774 -1.397712200312834
1.212889191363921 -0.2312157514184792 -1.444104942782401
1.137215259284271 -0.3452064053443365 -1.482421664628607
1.055181558177389 -0.4572665250227967 -1.512448083200185
0.9672468537758212 -0.5667694248088163 -1.534016278584637
0.8739029126162083 -0.673102720068293 -1.547005632684501
0.7756717518813313 -0.7756717518813485 -1.551343503762679
0.6731027200682743 -0.8739029126162254 -1.5470056326845
0.5667694248087979 -0.9672468537758367 -1.534016278584634
0.457266525022779 -1.055181558177402 -1.512448083200181
0.3452064053443185 -1.137215259284283 -1.482421664628602
0.2312157514184616 -1.212889191363933 -1.444104942782394
0.1159320452208596 -1.281780155091967 -1.397712200312826
1 13 0 11
153
154
155
156
157
158
159
160
161
162
163
0.7796747405360142 -0.1478767672779834 -0.7796747405360018
0.7865393620285301 -0.2954280177976015 -0.786539362028531
0.8031791455988702 -0.4413251262869095 -0.8031791455988716
0.8411295147016294 -0.5784816082872166 -0.8411295147016291
0.9179553217866905 -0.675215079309567 -0.9179553217866903
1.020674794576955 -0.6876444160433925 -1.020674794576954
1.11726440600542 -0.6331037669853448 -1.117264406005421
1.198056884892384 -0.5398507217889599 -1.198056884892382
1.261429853209818 -0.4225575750121759 -1.261429853209816
1.306941779501593 -0.2896535736386163 -1.306941779501593
1.334349507601731 -0.1471361471541472 -1.334349507601731
1 14 0 9
164
165
166
167
168
169
170
171
172
-0.6887494658942845 -2.462598440932174e-13 -0.8862310024440607
-0.6252370736276632 -1.363647055013377e-17 -1.011211895799316
-0.5993715561490578 -2.637342728638421e-17 -1.148701918401496
-0.6257765195759416 -2.089924109419278e-18 -1.285700461198595
-0.7068723582290646 8.295954297756227e-18 -1.39915422960467
-0.8264236604854546 6.020155616182427e-17 -1.471427573552895
-0.9637521092612793 -5.939158414545568e-18 -1.498236518303127
-1.102904715912665 -2.372475200120192e-11 -1.482414300546433
-1.232413920396425 3.10903932443086e-11 -1.428938797931318
1 15 0 11
173
174
175
176
177
178
179
180
181
182
183
-1.33434940461605 0.1471372898079358 -1.334349404707939
-1.306941216464719 0.289655725337974 -1.306941216376738
-1.261428592571547 0.4225604979398812 -1.26142859261898
-1.198054658429427 0.5398540221590669 -1.198054658429427
-1.117260937219892 0.633106711748878 -1.117260937219892
-1.020670018334331 0.6876456559766655 -1.02067001833433
-0.917950116132831 0.675211985486083 -0.9179501161328307
-0.8411261226378357 0.578473865650911 -0.841126122637836
-0.8031774643187393 0.4413151658579659 -0.8031774643187395
-0.7865385600469815 0.2954166707585954 -0.7865385600469817
-0.7796744413025705 0.1478642185701695 -0.7796744413026626
1 16 0 13
184
185
186
187
188
189
190
191
192
193
194
195
196
-1.281780155091958 0.1159320452208755 -1.397712200312833
-1.212889191363924 0.2312157514184747 -1.444104942782399
-1.137215259284275 0.3452064053443302 -1.482421664628605
-1.055181558177395 0.4572665250227886 -1.512448083200183
-0.9672468537758302 0.5667694248088058 -1.534016278584636
-0.8739029126162204 0.67310272006828 -1.5470056326845
-0.7756717518813459 0.775671751881334 -1.55134350376268
-0.6731027200682922 0.8739029126162089 -1.547005632684501
-0.5667694248088181 0.9672468537758196 -1.534016278584638
-0.4572665250228009 1.055181558177385 -1.512448083200186
-0.3452064053443418 1.137215259284267 -1.482421664628609
-0.2312157514184862 1.212889191363917 -1.444104942782403
-0.1159320452208867 1.281780155091951 -1.397712200312838
1 17 0 11
197
198
199
200
201
202
203
204
205
206
207
-0.1471362658462946 1.334349526740214 -1.334349526732163
-0.2896537806022073 1.306941732475682 -1.306941732504703
-0.4225578420909716 1.261429741893336 -1.261429741848819
-0.5398510122302127 1.198056682383204 -1.198056682383204
-0.633103999919197 1.117264066398956 -1.117264066398956
-0.6876445125809587 1.020674349711493 -1.020674349711494
-0.6752147978728096 0.9179548535964459 -0.9179548535964468
-0.5784809290053834 0.841129211309855 -0.8411292113098561
-0.4413242470745602 0.8031790149447876 -0.8031790149447877
-0.2954269988186911 0.786539293603848 -0.7865392936038481
-0.1478756282761918 0.7796747437585103 -0.7796747437585336
1 18 0 9
208
209
210
211
212
213
214
215
216
-1.731511278271356e-17 0.8862308490122162 -0.6887495721127823
-3.921402423712676e-17 1.011211741378503 -0.625237129956575
-2.98624858469834e-17 1.1487017758998 -0.5993715567287364
7.535979595556958e-18 1.285700347561424 -0.625776469910206
1.420242592119405e-17 1.399154159148001 -0.7068722829213611
-1.452788141355652e-17 1.471427542465174 -0.8264235780540903
-6.170145713201016e-18 1.498236515472143 -0.9637520363253023
-1.882536273568335e-12 1.482414313406937 -1.102904671990753
2.210541405400354e-12 1.428938810423809 -1.232413903072886
1 19 0 13
217
218
219
220
221
222
223
224
225
226
227
228
229
0.1159320452208649 1.397712200312829 -1.281780155091964
0.2312157514184645 1.444104942782395 -1.212889191363931
0.3452064053443207 1.482421664628603 -1.137215259284282
0.45726652502278 1.512448083200182 -1.055181558177402
0.5667694248087974 1.534016278584634 -0.9672468537758366
0.6731027200682729 1.547005632684499 -0.8739029126162263
0.775671751881328 1.55134350376268 -0.7756717518813515
0.8739029126162041 1.547005632684502 -0.6731027200682973
0.9672468537758153 1.534016278584639 -0.566769424808823
1.055181558177381 1.512448083200187 -0.457266525022806
1.137215259284263 1.482421664628611 -0.3452064053443476
1.212889191363913 1.444104942782406 -0.2312157514184922
1.281780155091948 1.397712200312841 -0.115932045220893
1 20 0 9
230
231
232
233
234
235
236
237
238
0.6887439037100914 0.8862393816111058 1.037664115442472e-15
0.6252340685861223 1.011220315896139 -4.839472912391372e-17
0.5993714569155777 1.148709740384987 1.627263395396473e-18
0.6257791516625451 1.285706627924038 -2.360131854245253e-18
0.7068764911342214 1.399157989832606 1.42559626063279e-18
0.8264278452317799 1.471429145213275 -7.069051471392536e-18
0.963755459970936 1.498236631543383 3.58609159177611e-17
1.102906878542477 1.482413735794231 -9.259218392878025e-13
1.232414887595774 1.428938237633716 1.177713243395504e-12
1 21 0 11
239
240
241
242
243
244
245
246
247
248
249
1.334349402705775 1.334349402705771 0.1471372895609259
1.306941215536974 1.306941215536979 0.289655729594404
1.261428593057025 1.261428593057018 0.422560508033154
1.198054640791809 1.198054640791809 0.5398540257542158
1.117260930708875 1.117260930708875 0.6331067097015237
1.020670013657248 1.020670013657249 0.6876456571983885
0.9179501040220296 0.9179501040220301 0.6752119781989652
0.8411261108589829 0.8411261108589829 0.578473837726436
0.8031774598140109 0.8031774598140109 0.4413151386327796
0.7865385554471738 0.7865385554471738 0.2954166490798671
0.7796744402729638 0.7796744402729641 0.1478641915505997
1 22 0 13
250
251
252
253
254
255
256
257
258
259
260
261
262
1.397712200312827 1.281780155091967 0.11593204522086
1.444104942782394 1.212889191363933 0.2312157514184613
1.482421664628602 1.137215259284283 0.3452064053443195
1.512448083200181 1.055181558177402 0.4572665250227799
1.534016278584635 0.9672468537758349 0.5667694248087999
1.5470056326845 0.8739029126162227 0.6731027200682773
1.55134350376268 0.7756717518813459 0.7756717518813342
1.547005632684501 0.6731027200682896 0.8739029126162113
1.534016278584637 0.5667694248088134 0.9672468537758238
1.512448083200185 0.4572665250227952 1.05518155817739
1.482421664628607 0.3452064053443348 1.137215259284272
1.4441049427824 0.2312157514184782 1.212889191363922
1.397712200312834 0.1159320452208771 1.281780155091957
1 23 0 11
263
264
265
266
267
268
269
270
271
272
273
0.7796744389699611 0.1478642188426438 0.7796744389743564
0.7865385536982081 0.2954166711589364 0.7865385536982082
0.8031774594401183 0.4413151671366728 0.8031774594401188
0.8411261328349806 0.5784738536066361 0.8411261328349806
0.9179501142091699 0.6752119848435746 0.9179501142091684
1.020670015561012 0.687645656853734 1.02067001556101
1.117260936572384 0.6331067124668702 1.117260936572383
1.198054657218113 0.5398540238235868 1.198054657218113
1.26142859134289 0.422560497517619 1.261428591349177
1.30694121670229 0.2896557257570299 1.306941216663033
1.334349404883291 0.1471372896841334 1.334349404932833
1 24 0 9
274
275
276
277
278
279
280
281
282
1.428938797774113 -4.204508710788764e-11 1.232413920236198
1.482414300184709 3.110968334222587e-11 1.102904715779059
1.498236518409107 1.903313923319895e-17 0.9637521091966379
1.471427573610787 -1.593344796419184e-17 0.8264236603887625
1.399154229728354 -2.077329317145029e-17 0.706872358011808
1.285700461316413 1.478165796901715e-17 0.6257765190882736
1.148701918396218 -2.912502215356139e-17 0.5993715564143643
1.011211895902147 -1.826251402756163e-17 0.6252370739667077
0.8862310026493557 6.596715086050806e-15 0.6887494662386294
1 25 0 13
283
284
285
286
287
288
289
290
291
292
293
294
295
1.397712200312826 -1.281780155091967 -0.115932045220859
1.444104942782393 -1.212889191363934 -0.2312157514184598
1.482421664628601 -1.137215259284284 -0.345206405344318
1.512448083200181 -1.055181558177402 -0.4572665250227793
1.534016278584635 -0.9672468537758356 -0.5667694248087992
1.5470056326845 -0.8739029126162247 -0.6731027200682752
1.55134350376268 -0.7756717518813478 -0.775671751881332
1.547005632684501 -0.6731027200682916 -0.8739029126162097
1.534016278584637 -0.5667694248088149 -0.9672468537758224
1.512448083200185 -0.4572665250227966 -1.055181558177389
1.482421664628607 -0.3452064053443357 -1.137215259284271
1.444104942782401 -0.231215751418479 -1.212889191363921
1.397712200312834 -0.1159320452208773 -1.281780155091957
1 26 0 9
296
297
298
299
300
301
302
303
304
0.8862352896970235 -0.6887466227599572 1.682799172290333e-14
1.011216204109396 -0.6252355402307119 -6.511834406485611e-18
1.148705919974502 -0.5993715089409195 -2.738999257043824e-17
1.28570361648438 -0.6257778658939226 2.221703454144085e-17
1.39915615370286 -0.7068744726963765 1.360102215644767e-17
1.471428377253669 -0.8264258018254333 4.519566161912233e-17
1.498236573980702 -0.9637538240791594 1.589444417846118e-16
1.482414020700802 -1.102905824140154 1.160306860767391e-12
1.42893851397721 -1.232414416968446 -1.000183485043854e-12
1 27 0 11
305
306
307
308
309
310
311
312
313
314
315
1.334349396051551 -1.334349396090719 -0.1471372945334978
1.306941214477013 -1.306941214788464 -0.2896557312357009
1.261428588334781 -1.26142858833478 -0.4225605053001942
1.198054655529196 -1.198054655529199 -0.5398540262797423
1.117260931565407 -1.117260931565405 -0.6331067174235088
1.020670015324277 -1.020670015324278 -0.6876456567188903
0.9179501099839239 -0.9179501099839238 -0.6752119818062858
0.8411261201545637 -0.8411261201545628 -0.5784738588059219
0.8031774626094248 -0.8031774626094249 -0.4413151561241381
0.7865385559013578 -0.7865385559013578 -0.2954166658199576
0.7796744408123074 -0.7796744408123076 -0.1478642106019807
1 28 0 9
316
317
318
319
320
321
322
323
324
0.6887523155886603 -0.8862267195710798 2.762354546948404e-14
0.6252386106938876 -1.011207589517046 1.921305374565901e-17
0.5993716077414291 -1.148697917808781 -2.551332102938458e-17
0.6257751731620269 -1.285697307381301 -3.667889003420783e-17
0.7068702445385349 -1.399152306576356 4.36746210018484e-18
0.8264215206317072 -1.471426769501047 4.602913066762099e-17
0.9637503961257101 -1.498236457880177 3.699208398931117e-17
1.102903611823415 -1.482414599038191 3.151219402399702e-14
1.232413427970122 -1.428939087531562 -2.689268325239089e-14
1 29 0 13
325
326
327
328
329
330
331
332
333
334
335
336
337
0.1159320452208679 -1.39771220031283 -1.281780155091962
0.2312157514184698 -1.444104942782397 -1.212889191363927
0.3452064053443281 -1.482421664628605 -1.137215259284277
0.4572665250227877 -1.512448083200183 -1.055181558177396
0.5667694248088074 -1.534016278584636 -0.9672468537758286
0.6731027200682845 -1.547005632684501 -0.8739029126162162
0.775671751881341 -1.55134350376268 -0.775671751881339
0.873902912616218 -1.5470056326845 -0.6731027200682825
0.9672468537758304 -1.534016278584636 -0.5667694248088054
1.055181558177397 -1.512448083200183 -0.4572665250227855
1.137215259284278 -1.482421664628604 -0.3452064053443258
1.212889191363929 -1.444104942782396 -0.2312157514184676
1.281780155091963 -1.39771220031283 -0.1159320452208671
1 30 0 9
338
339
340
341
342
343
344
345
346
-9.112458147751741e-15 -1.428938790588733 -1.232413945347313
1.254991054749113e-14 -1.482414301427136 -1.102904767265023
3.101357106058819e-18 -1.498236517420106 -0.9637521862650736
-1.959792149141551e-17 -1.471427607962288 -0.826423752786803
-1.841230062481281e-17 -1.399154318704455 -0.7068724473411681
-5.419881934596235e-18 -1.285700602119061 -0.6257765749981212
-9.163964657598583e-17 -1.148702091104973 -0.5993715544234453
-7.307077077813934e-17 -1.01121208436722 -0.6252370086771979
1.506851881577762e-14 -0.8862311900012815 -0.688749345884087
1 31 0 11
347
348
349
350
351
352
353
354
355
356
357
-0.147864220841563 -0.7796744389250821 -0.7796744389250823
-0.295416678726271 -0.7865385527602149 -0.7865385527602158
-0.4413151698365529 -0.8031774599607672 -0.8031774599607671
-0.5784738483053004 -0.8411261328522798 -0.8411261328522799
-0.6752119855924801 -0.9179501164957335 -0.9179501164957318
-0.6876456566385152 -1.020670015815127 -1.020670015815125
-0.6331067082406374 -1.117260937043112 -1.117260937043112
-0.5398540227063038 -1.198054650672673 -1.198054650672673
-0.4225605012584376 -1.26142859444387 -1.261428594443873
-0.2896557214618843 -1.306941221020304 -1.306941221020303
-0.1471372872960656 -1.334349398844625 -1.334349398844625
1 32 0 13
358
359
360
361
362
363
364
365
366
367
368
369
370
-1.281780155091957 -0.1159320452208759 -1.397712200312833
-1.212889191363924 -0.231215751418475 -1.444104942782399
-1.137215259284275 -0.345206405344331 -1.482421664628606
-1.055181558177394 -0.4572665250227894 -1.512448083200184
-0.9672468537758286 -0.5667694248088071 -1.534016278584636
-0.8739029126162178 -0.6731027200682823 -1.5470056326845
-0.7756717518813431 -0.7756717518813363 -1.551343503762679
-0.6731027200682885 -0.873902912616212 -1.547005632684501
-0.5667694248088143 -0.9672468537758223 -1.534016278584637
-0.457266525022798 -1.055181558177388 -1.512448083200186
-0.3452064053443399 -1.137215259284268 -1.482421664628608
-0.2312157514184848 -1.212889191363918 -1.444104942782403
-0.1159320452208857 -1.281780155091952 -1.397712200312838
1 33 0 11
371
372
373
374
375
376
377
378
379
380
381
-1.334349404759254 -0.1471372919386536 -1.334349404524546
-1.306941216028888 -0.2896557274540698 -1.306941216219573
-1.261428591020487 -0.4225604988987556 -1.261428590974295
-1.198054656573938 -0.5398540248049536 -1.198054656573939
-1.11726093615871 -0.6331067127790797 -1.117260936158709
-1.020670015038104 -0.6876456568535609 -1.020670015038104
-0.9179501142688367 -0.6752119846064446 -0.9179501142688368
-0.8411261209546673 -0.5784738624463164 -0.8411261209546677
-0.8031774637886201 -0.4413151624972216 -0.8031774637886202
-0.786538556904691 -0.2954166678069582 -0.7865385569046913
-0.7796744413076468 -0.1478642155420138 -0.7796744412411463
1 34 0 9
382
383
384
385
386
387
388
389
390
-1.428938416868252 1.232414585945876 4.276102054855614e-12
-1.482413922248464 1.102906201199309 -5.052303336401223e-12
-1.498236593677834 0.963754408469071 7.26974976701633e-17
-1.471428651556801 0.8264265316242837 -5.599216115626012e-18
-1.399156809497296 0.7068751936138078 -7.577182765829947e-18
-1.285704692091974 0.6257783250287259 2.238493658186682e-17
-1.148707284555134 0.5993714890229033 -2.885030352392673e-17
-1.01121767287537 0.6252350138748803 -1.655809612296798e-17
-0.8862367520014386 0.6887456517251322 2.095762074092175e-16
1 35 0 11
391
392
393
394
395
396
397
398
399
400
401
-0.7796744351536531 0.7796744351536533 -0.1478640791812524
-0.7865385432710683 0.7865385432710686 -0.2954165463765375
-0.8031774391488019 0.8031774391488018 -0.4413150471933454
-0.8411260969744583 0.8411260969744585 -0.5784737661706634
-0.9179500568328446 0.9179500568328459 -0.6752119501652037
-1.020669964830365 1.020669964830367 -0.6876456700981113
-1.117260899493056 1.117260899493056 -0.6331067409128738
-1.198054625539982 1.198054625539982 -0.5398540606043662
-1.261428580040659 1.261428580040661 -0.4225605339637569
-1.306941214522582 1.306941214522581 -0.2896557471205851
-1.334349396970072 1.334349396970073 -0.1471373000565428
1 36 0 13
402
403
404
405
406
407
408
409
410
411
412
413
414
-1.397712200312839 1.281780155091951 -0.1159320452208875
-1.444104942782404 1.212889191363917 -0.2312157514184867
-1.482421664628609 1.137215259284267 -0.3452064053443423
-1.512448083200186 1.055181558177386 -0.4572665250228006
-1.534016278584638 0.9672468537758196 -0.5667694248088181
-1.547005632684501 0.8739029126162086 -0.6731027200682927
-1.55134350376268 0.7756717518813326 -0.7756717518813472
-1.5470056326845 0.6731027200682784 -0.8739029126162215
-1.534016278584635 0.5667694248088032 -0.967246853775832
-1.512448083200183 0.4572665250227866 -1.055181558177396
-1.482421664628605 0.3452064053443288 -1.137215259284276
-1.444104942782399 0.2312157514184734 -1.212889191363925
-1.397712200312833 0.115932045220875 -1.281780155091958
1 37 0 9
415
416
417
418
419
420
421
422
423
-0.8862310047885976 -8.922394867066492e-14 -0.6887494689906093
-1.011211895790226 -4.362965674546743e-17 -0.625237072414787
-1.148701918566146 -4.261611233742639e-17 -0.5993715561018297
-1.285700461233974 -7.573719440494034e-17 -0.6257765193974849
-1.399154229606611 -3.071458747668966e-17 -0.7068723581038515
-1.471427573343617 -2.65913623665374e-18 -0.8264236604754731
-1.498236516779529 -4.012437468050611e-17 -0.963752109192397
-1.482414306565637 8.889862483761294e-11 -1.102904716695403
-1.428938799539647 -8.82613650903554e-11 -1.232413920835622
1 38 0 13
424
425
426
427
428
429
430
431
432
433
434
435
436
-0.1159320452208928 1.397712200312841 -1.281780155091948
-0.2312157514184905 1.444104942782405 -1.212889191363914
-0.3452064053443442 1.48242166462861 -1.137215259284265
-0.457266525022801 1.512448083200186 -1.055181558177385
-0.5667694248088165 1.534016278584637 -0.9672468537758209
-0.67310272006829 1.547005632684501 -0.8739029126162112
-0.7756717518813425 1.55134350376268 -0.7756717518813374
-0.8739029126162162 1.547005632684501 -0.6731027200682845
-0.9672468537758252 1.534016278584637 -0.5667694248088118
-1.055181558177389 1.512448083200186 -0.4572665250227971
-1.137215259284268 1.482421664628609 -0.345206405344341
-1.212889191363916 1.444104942782404 -0.2312157514184882
-1.281780155091949 1.39771220031284 -0.115932045220891
1 39 0 9
437
438
439
440
441
442
443
444
445
-1.232413260855485 1.428939188110707 1.683047100279294e-13
-1.102903229186747 1.482414673942603 6.765810420501943e-14
-0.9637498115742371 1.498236435617956 5.754478613189591e-17
-0.82642079006341 1.47142649504542 -3.676375503064508e-18
-0.7068695229212743 1.399151650207974 2.481261383639097e-17
-0.625774713388587 1.285696230913371 2.74684688840808e-17
-0.599371623637613 1.148696552488575 3.455109796208774e-17
-0.6252391341359279 1.011206119863583 5.513917734994224e-17
-0.6887532869958031 0.8862252579679503 7.408088511040701e-16
1 40 0 9
446
447
448
449
450
451
452
453
454
1.731754514628571e-17 0.8862308490122164 0.6887495721127825
3.917483618924213e-17 1.011211741378503 0.6252371299565763
2.983900122893793e-17 1.148701775899798 0.5993715567287382
-7.517424880358118e-18 1.285700347561422 0.6257764699102053
-1.413561584430942e-17 1.399154159147999 0.706872282921361
1.453673626967194e-17 1.471427542465176 0.8264235780540898
6.174821352026555e-18 1.498236515472143 0.9637520363253016
1.882536275923467e-12 1.482414313406935 1.102904671990754
-2.210541405814834e-12 1.428938810423811 1.232413903072884
1 41 0 11
455
456
457
458
459
460
461
462
463
464
465
0.147136265846295 1.334349526740214 1.334349526732165
0.2896537806022074 1.306941732475682 1.306941732504702
0.4225578420909722 1.261429741893335 1.261429741848819
0.5398510122302149 1.198056682383204 1.198056682383204
0.6331039999191983 1.117264066398955 1.117264066398955
0.6876445125809607 1.020674349711492 1.020674349711492
0.675214797872809 0.9179548535964452 0.9179548535964459
0.5784809290053837 0.841129211309855 0.8411292113098547
0.4413242470745615 0.8031790149447877 0.8031790149447876
0.2954269988186927 0.7865392936038484 0.7865392936038482
0.1478756282761945 0.7796747437585103 0.7796747437585333
1 42 0 13
466
467
468
469
470
471
472
473
474
475
476
477
478
0.1159320452208946 1.397712200312842 1.281780155091947
0.2312157514184942 1.444104942782406 1.212889191363912
0.3452064053443497 1.482421664628611 1.137215259284262
0.4572665250228083 1.512448083200188 1.05518155817738
0.5667694248088255 1.534016278584639 0.9672468537758134
0.6731027200682999 1.547005632684502 0.8739029126162022
0.775671751881354 1.55134350376268 0.775671751881326
0.8739029126162287 1.547005632684499 0.6731027200682708
0.9672468537758385 1.534016278584634 0.5667694248087956
1.055181558177403 1.512448083200181 0.4572665250227779
1.137215259284283 1.482421664628602 0.3452064053443189
1.212889191363932 1.444104942782395 0.2312157514184635
1.281780155091964 1.397712200312828 0.1159320452208643
1 43 0 9
479
480
481
482
483
484
485
486
487
1.232413920392923 3.765175114446095e-11 1.428938797920822
1.102904716040829 -2.942988404646217e-11 1.482414301103956
0.9637521093061439 5.349417191740009e-19 1.498236518164551
0.8264236604810367 -1.312139609041678e-17 1.471427573558959
0.706872358104301 -1.719587639449337e-17 1.399154229756931
0.6257765191067813 1.953166659828106e-17 1.285700461408689
0.5993715565952193 1.986649712970174e-18 1.148701918449422
0.6252370740391879 1.012918935226968e-17 1.011211895942329
0.6887494665113973 3.428025704287694e-14 0.8862310028268656
1 44 0 13
488
489
490
491
492
493
494
495
496
497
498
499
500
1.281780155091958 0.1159320452208755 1.397712200312833
1.212889191363924 0.2312157514184747 1.444104942782399
1.137215259284275 0.3452064053443302 1.482421664628605
1.055181558177395 0.4572665250227886 1.512448083200183
0.9672468537758302 0.5667694248088058 1.534016278584636
0.8739029126162204 0.67310272006828 1.5470056326845
0.7756717518813459 0.775671751881334 1.55134350376268
0.6731027200682922 0.8739029126162089 1.547005632684501
0.5667694248088181 0.9672468537758196 1.534016278584638
0.4572665250228009 1.055181558177385 1.512448083200186
0.3452064053443418 1.137215259284267 1.482421664628609
0.2312157514184862 1.212889191363917 1.444104942782403
0.1159320452208867 1.281780155091951 1.397712200312838
1 45 0 9
501
502
503
504
505
506
507
508
509
7.731140077201546e-17 0.6887496007116343 0.8862308050812761
1.96352091869729e-17 0.6252371441466763 1.011211702048838
-1.167361490096602e-17 0.5993715590654054 1.148701735920593
7.545278401172997e-18 0.6257764568930123 1.285700315926676
1.477139221407136e-17 0.7068722613988088 1.399154141857613
9.670883657035605e-18 0.8264235590147712 1.471427535405943
-2.388644271377584e-17 0.963752020839912 1.498236514603704
-3.313634830413533e-13 1.102904659000399 1.482414318570695
3.757674128371918e-13 1.23241389968306 1.428938810642527
1 46 0 11
510
511
512
513
514
515
516
517
518
519
520
0.7796744220078169 -0.1478636662613234 0.7796744220078163
0.7865385175723287 -0.2954161615572247 0.7865385175723285
0.8031773667342089 -0.4413147016142106 0.803177366734209
0.8411259818744246 -0.5784734856393995 0.8411259818744246
0.9179498869600168 -0.675211853284599 0.917949886960017
1.020669827000454 -0.687645736902883 1.020669827000455
1.117260795746546 -0.6331068430830459 1.117260795746546
1.198054575561392 -0.5398541698735293 1.198054575561392
1.261428553655293 -0.4225606250083593 1.261428553655294
1.306941209819302 -0.2896558185921575 1.306941209819302
1.334349398347951 -0.147137331303321 1.33434939834795
1 47 0 13
521
522
523
524
525
526
527
528
529
530
531
532
533
1.397712200312838 -1.281780155091951 0.1159320452208866
1.444104942782403 -1.212889191363917 0.2312157514184855
1.482421664628609 -1.137215259284268 0.3452064053443408
1.512448083200186 -1.055181558177387 0.4572665250227988
1.534016278584637 -0.9672468537758214 0.5667694248088156
1.547005632684501 -0.8739029126162096 0.6731027200682913
1.551343503762679 -0.7756717518813344 0.7756717518813449
1.5470056326845 -0.6731027200682803 0.8739029126162197
1.534016278584636 -0.5667694248088058 0.9672468537758298
1.512448083200183 -0.4572665250227886 1.055181558177395
1.482421664628605 -0.3452064053443302 1.137215259284275
1.444104942782399 -0.2312157514184749 1.212889191363924
1.397712200312833 -0.1159320452208758 1.281780155091957
1 48 0 11
534
535
536
537
538
539
540
541
542
543
544
1.334349396845522 -1.334349396842584 0.1471372896818367
1.306941215006554 -1.306941214979807 0.289655729060253
1.261428587985416 -1.261428587985415 0.4225605062291052
1.198054651350472 -1.198054651350474 0.5398540324876208
1.117260930150577 -1.117260930150576 0.6331067186364392
1.020670001263347 -1.020670001263349 0.6876456605134529
0.9179501032325829 -0.9179501032325842 0.6752119776255672
0.8411261112166654 -0.8411261112166659 0.5784738383722372
0.8031774601825359 -0.8031774601825358 0.4413151417199375
0.7865385553835036 -0.786538555383504 0.2954166475135531
0.7796744402410316 -0.7796744402410315 0.1478641893004849
1 49 0 13
545
546
547
548
549
550
551
552
553
554
555
556
557
0.1159320452208912 -1.39771220031284 1.281780155091949
0.2312157514184889 -1.444104942782404 1.212889191363915
0.3452064053443413 -1.482421664628609 1.137215259284267
0.4572665250227981 -1.512448083200186 1.055181558177388
0.5667694248088136 -1.534016278584637 0.9672468537758231
0.6731027200682868 -1.547005632684501 0.8739029126162138
0.7756717518813383 -1.55134350376268 0.7756717518813412
0.8739029126162122 -1.547005632684501 0.6731027200682885
0.9672468537758215 -1.534016278584637 0.5667694248088154
1.055181558177386 -1.512448083200186 0.4572665250228
1.137215259284265 -1.48242166462861 0.3452064053443445
1.212889191363914 -1.444104942782405 0.2312157514184908
1.281780155091948 -1.397712200312841 0.1159320452208931
1 50 0 11
558
559
560
561
562
563
564
565
566
567
568
0.1478642208415631 -0.7796744389250823 0.7796744389250826
0.2954166787262712 -0.7865385527602151 0.7865385527602153
0.4413151698365522 -0.8031774599607671 0.8031774599607669
0.5784738483053005 -0.8411261328522799 0.84112613285228
0.6752119855924681 -0.9179501164957353 0.9179501164957335
0.687645656638522 -1.020670015815127 1.020670015815125
0.6331067082406383 -1.117260937043111 1.117260937043112
0.5398540227063015 -1.198054650672673 1.198054650672672
0.4225605012584341 -1.261428594443873 1.261428594443871
0.2896557214618832 -1.306941221020305 1.306941221020305
0.1471372872960626 -1.334349398844625 1.334349398844623
1 51 0 9
569
570
571
572
573
574
575
576
577
9.112458147743221e-15 -1.428938790588732 1.232413945347313
-1.254991054748464e-14 -1.482414301427134 1.102904767265023
-3.101357113184366e-18 -1.498236517420107 0.9637521862650745
1.959792148664768e-17 -1.471427607962289 0.8264237527868039
1.841230062658607e-17 -1.399154318704455 0.7068724473411688
5.419881932858609e-18 -1.285700602119062 0.625776574998122
9.16396465847875e-17 -1.148702091104974 0.5993715544234466
7.307077078271456e-17 -1.011212084367221 0.6252370086771993
-1.506851881574727e-14 -0.8862311900012825 0.6887493458840859
1 52 0 9
578
579
580
581
582
583
584
585
586
-1.232414062451262 -1.428938715549859 -9.124048539500103e-14
-1.102905033376194 -1.482414217822417 7.052187797598903e-14
-0.9637526009244938 -1.498236534888362 -1.408839415898797e-16
-0.826424274601863 -1.4714278042486 -5.885201816968684e-17
-0.7068729645570786 -1.399154781315642 -7.299554653333868e-17
-0.6257769057932749 -1.28570136588425 -8.00336722182284e-17
-0.5993715406903439 -1.148703066145073 -5.68529419980945e-17
-0.6252366307444313 -1.011213130786831 -1.496247854316591e-17
-0.6887486535627492 -0.8862322341715697 1.359389541985483e-14
1 53 0 11
587
588
589
590
591
592
593
594
595
596
597
-0.7796744390111311 -0.7796744390111316 -0.147864217131928
-0.7865385525728835 -0.7865385525728832 -0.2954166703618475
-0.8031774567549134 -0.8031774567549135 -0.4413151667796631
-0.841126135525166 -0.8411261355251662 -0.5784738528912073
-0.917950113991161 -0.9179501139911611 -0.6752119840435524
-1.0206700185284 -1.0206700185284 -0.6876456559485586
-1.117260932824502 -1.117260932824502 -0.6331067071616547
-1.198054650658463 -1.198054650658462 -0.5398540125810855
-1.261428595684295 -1.261428595680123 -0.4225605011707951
-1.306941216601817 -1.306941216605231 -0.2896557248451883
-1.334349403193813 -1.334349403191364 -0.1471372885366906
1 54 0 13
598
599
600
601
602
603
604
605
606
607
608
609
610
-0.1159320452208926 -1.397712200312841 -1.281780155091948
-0.231215751418493 -1.444104942782406 -1.212889191363913
-0.345206405344348 -1.482421664628611 -1.137215259284263
-0.4572665250228074 -1.512448083200188 -1.05518155817738
-0.5667694248088239 -1.534016278584639 -0.9672468537758144
-0.6731027200682992 -1.547005632684502 -0.8739029126162025
-0.7756717518813526 -1.55134350376268 -0.7756717518813269
-0.8739029126162269 -1.547005632684499 -0.6731027200682723
-0.9672468537758376 -1.534016278584634 -0.5667694248087962
-1.055181558177402 -1.512448083200181 -0.4572665250227789
-1.137215259284282 -1.482421664628602 -0.3452064053443203
-1.212889191363931 -1.444104942782395 -0.2312157514184636
-1.281780155091964 -1.397712200312828 -0.1159320452208643
1 55 0 13
611
612
613
614
615
616
617
618
619
620
621
622
623
-1.397712200312826 -1.281780155091967 -0.1159320452208589
-1.444104942782393 -1.212889191363934 -0.2312157514184597
-1.482421664628601 -1.137215259284284 -0.3452064053443178
-1.512448083200181 -1.055181558177402 -0.4572665250227791
-1.534016278584635 -0.9672468537758354 -0.566769424808799
-1.5470056326845 -0.8739029126162244 -0.673102720068275
-1.55134350376268 -0.7756717518813476 -0.7756717518813318
-1.547005632684501 -0.6731027200682914 -0.8739029126162094
-1.534016278584637 -0.5667694248088146 -0.9672468537758222
-1.512448083200185 -0.4572665250227965 -1.055181558177389
-1.482421664628607 -0.3452064053443356 -1.137215259284271
-1.444104942782401 -0.2312157514184789 -1.212889191363921
-1.397712200312834 -0.1159320452208771 -1.281780155091957
1 56 0 9
624
625
626
627
628
629
630
631
632
-1.428938887095407 -1.232413782987651 -1.739227509451828e-13
-1.482414399136227 -1.102904401394202 2.589703508787978e-13
-1.49823649806131 -0.9637516189504859 -3.495979501563908e-18
-1.47142734271357 -0.8264230474490212 -2.03939892706398e-17
-1.399153678665785 -0.7068717522265159 2.22405312760574e-17
-1.285699557334453 -0.6257761331765879 2.545328046611691e-17
-1.148700771513284 -0.5993715722918717 -4.582245465566696e-18
-1.011210661636612 -0.6252375155690881 1.443315086230447e-17
-0.8862297761046452 -0.6887502857977277 4.263815458150229e-14
1 57 0 11
633
634
635
636
637
638
639
640
641
642
643
-0.7796744303875786 0.779674430387578 0.1478638986911699
-0.7865385318477291 0.7865385318477284 0.295416387154746
-0.8031774161817363 0.8031774161817363 0.4413149134475671
-0.8411260456682339 0.8411260456682339 0.5784736488908737
-0.9179499827430888 0.9179499827430908 0.6752119061853192
-1.020669893588865 1.020669893588867 0.687645688900891
-1.117260848666621 1.11726084866662 0.6331067847338916
-1.198054593452049 1.19805459345205 0.5398541075218446
-1.261428562049535 1.261428562049535 0.4225605762995743
-1.306941206557743 1.306941206557744 0.2896557763903357
-1.334349395218684 1.334349395218682 0.1471373161506595
1 58 0 13
644
645
646
647
648
649
650
651
652
653
654
655
656
-1.397712200312827 1.281780155091967 0.1159320452208599
-1.444104942782394 1.212889191363933 0.2312157514184612
-1.482421664628602 1.137215259284283 0.3452064053443194
-1.512448083200181 1.055181558177402 0.4572665250227798
-1.534016278584635 0.9672468537758346 0.5667694248087997
-1.5470056326845 0.8739029126162224 0.6731027200682771
-1.55134350376268 0.7756717518813456 0.775671751881334
-1.547005632684501 0.6731027200682894 0.8739029126162111
-1.534016278584637 0.5667694248088132 0.9672468537758235
-1.512448083200185 0.4572665250227951 1.05518155817739
-1.482421664628607 0.3452064053443347 1.137215259284272
-1.4441049427824 0.2312157514184781 1.212889191363922
-1.397712200312834 0.1159320452208769 1.281780155091957
1 59 0 9
657
658
659
660
661
662
663
664
665
-0.8862310030611165 -9.981035502960163e-13 0.6887494670019583
-1.011211895685949 -4.970703058640841e-17 0.6252370735554118
-1.148701918363962 -3.421038909982555e-17 0.5993715561808108
-1.285700461206315 -4.644279195137665e-17 0.6257765192331617
-1.399154229651034 -6.737238241411444e-18 0.7068723580502795
-1.471427573592434 -1.214380554902471e-17 0.8264236604201273
-1.498236518373327 -6.823215544834204e-17 0.9637521092317578
-1.482414300342269 2.390219697388366e-11 1.102904715877016
-1.428938797705336 -3.202686557460804e-11 1.232413920297995
1 60 0 11
666
667
668
669
670
671
672
673
674
675
676
-1.334349404625569 0.1471372913283609 1.334349404710091
-1.306941216046133 0.2896557281670655 1.306941215976078
-1.261428590154009 0.4225605005103575 1.26142859016788
-1.198054654471393 0.5398540279056179 1.198054654471397
-1.117260933378602 0.633106715196336 1.117260933378596
-1.020670009901931 0.687645658301849 1.020670009901935
-0.917950109113556 0.675211981663852 0.9179501091135587
-0.8411261170901625 0.5784738541155684 0.8411261170901634
-0.8031774619170962 0.4413151516949387 0.8031774619170958
-0.7865385558584719 0.2954166551060616 0.7865385558584717
-0.7796744405539235 0.1478642015392063 0.7796744405539234
1 61 0 11
677
678
679
680
681
682
683
684
685
686
687
-0.1471383092548248 1.334349270212558 1.334349270216025
-0.2896576708419053 1.306940707953401 1.306940707941961
-0.4225631572332286 1.261427447661034 1.261427447678498
-0.539857019737313 1.198052629014535 1.198052629014535
-0.6331094178729177 1.117257806550711 1.117257806550711
-0.6876467980049464 1.020665691470081 1.020665691470081
-0.6752091732163973 0.9179453794859336 0.9179453794859336
-0.5784668034655069 0.8411230357102566 0.8411230357102566
-0.4413060859144415 0.8031759138616541 0.803175913861654
-0.2954063457137861 0.7865378124001057 0.7865378124001057
-0.1478528093892976 0.7796741390253155 0.7796741390253393
1 62 0 13
688
689
690
691
692
693
694
695
696
697
698
699
700
-0.1159320452208666 1.39771220031283 1.281780155091963
-0.2312157514184686 1.444104942782397 1.212889191363928
-0.3452064053443265 1.482421664628604 1.137215259284278
-0.4572665250227874 1.512448083200183 1.055181558177396
-0.5667694248088071 1.534016278584636 0.9672468537758285
-0.6731027200682841 1.547005632684501 0.8739029126162162
-0.7756717518813405 1.55134350376268 0.775671751881339
-0.8739029126162177 1.5470056326845 0.6731027200682824
-0.96724685377583 1.534016278584636 0.5667694248088054
-1.055181558177397 1.512448083200183 0.457266525022786
-1.137215259284279 1.482421664628604 0.3452064053443252
-1.212889191363929 1.444104942782396 0.2312157514184674
-1.281780155091964 1.397712200312829 0.1159320452208655
1 63 0 9
701
702
703
704
705
706
707
708
709
1.538434969815636e-15 -1.232413901058417 1.428938813218221
-1.858736985194349e-15 -1.10290466993176 1.482414321996892
1.466314441444013e-17 -0.9637520357819829 1.49823651349588
3.165628198313324e-17 -0.8264235683813107 1.471427538650494
3.790456040028082e-17 -0.7068722669211065 1.399154146737548
-2.922655607934284e-17 -0.6257764610745534 1.285700325173121
1.987379603122511e-18 -0.5993715594645578 1.148701745516468
4.257472691580813e-17 -0.6252371411887807 1.011211710164407
-1.903472748342195e-14 -0.6887495911795809 0.8862308183271045
1 64 0 13
710
711
712
713
714
715
716
717
718
719
720
721
722
1.281780155091957 -0.1159320452208759 1.397712200312833
1.212889191363924 -0.231215751418475 1.444104942782399
1.137215259284275 -0.345206405344331 1.482421664628606
1.055181558177394 -0.4572665250227894 1.512448083200184
0.9672468537758286 -0.5667694248088071 1.534016278584636
0.8739029126162178 -0.6731027200682823 1.5470056326845
0.7756717518813431 -0.7756717518813363 1.551343503762679
0.6731027200682885 -0.873902912616212 1.547005632684501
0.5667694248088143 -0.9672468537758223 1.534016278584637
0.457266525022798 -1.055181558177388 1.512448083200186
0.3452064053443399 -1.137215259284268 1.482421664628608
0.2312157514184848 -1.212889191363918 1.444104942782403
0.1159320452208857 -1.281780155091952 1.397712200312838
1 65 0 9
723
724
725
726
727
728
729
730
731
-0.6887494529952449 -2.476304173212273e-10 0.8862310220097085
-0.6252370671243312 7.73463452086412e-18 1.011211915170694
-0.5993715563583273 3.820468062376384e-18 1.148701936281577
-0.6257765252280842 5.203034638457512e-18 1.285700475390305
-0.7068723675387478 -4.498998885541285e-18 1.399154238230416
-0.826423669908543 -2.896279639015933e-17 1.471427577101888
-0.9637521167570227 -5.796040616464559e-17 1.498236518565879
-1.102904720663414 -5.423956843560012e-11 1.482414299345781
-1.232413922309915 7.161557821930521e-11 1.428938796671843
1 66 0 13
732
733
734
735
736
737
738
739
740
741
742
743
744
-1.281780155091957 0.1159320452208776 1.397712200312834
-1.212889191363921 0.231215751418479 1.444104942782401
-1.137215259284271 0.3452064053443365 1.482421664628607
-1.055181558177388 0.457266525022797 1.512448083200185
-0.9672468537758211 0.5667694248088159 1.534016278584637
-0.8739029126162084 0.6731027200682922 1.547005632684501
-0.7756717518813315 0.7756717518813477 1.551343503762679
-0.673102720068275 0.8739029126162243 1.5470056326845
-0.5667694248087984 0.9672468537758357 1.534016278584634
-0.4572665250227789 1.055181558177402 1.512448083200181
-0.3452064053443183 1.137215259284283 1.482421664628602
-0.2312157514184603 1.212889191363933 1.444104942782394
-0.1159320452208589 1.281780155091967 1.397712200312826
1 67 0 11
745
746
747
748
749
750
751
752
753
754
755
-0.7796744389840149 -0.7796744389840152 0.1478642169547625
-0.786538552774027 -0.7865385527740258 0.2954166702206016
-0.8031774579995823 -0.8031774579995823 0.4413151662652904
-0.8411261352882904 -0.8411261352882906 0.578473853047708
-0.9179501139489419 -0.9179501139489418 0.6752119841294414
-1.020670018681312 -1.020670018681312 0.6876456558579441
-1.117260932924877 -1.117260932924877 0.6331067073968855
-1.198054650374617 -1.198054650374617 0.5398540118178631
-1.261428595815591 -1.261428595815219 0.4225605013266626
-1.306941216700022 -1.306941216700317 0.289655724842997
-1.334349403010624 -1.334349403010421 0.1471372884377539
1 68 0 13
756
757
758
759
760
761
762
763
764
765
766
767
768
-0.1159320452208653 -1.397712200312829 1.281780155091964
-0.2312157514184657 -1.444104942782396 1.21288919136393
-0.3452064053443212 -1.482421664628603 1.137215259284281
-0.45726652502278 -1.512448083200182 1.055181558177402
-0.5667694248087971 -1.534016278584634 0.9672468537758372
-0.6731027200682732 -1.547005632684499 0.8739029126162264
-0.7756717518813278 -1.55134350376268 0.7756717518813522
-0.8739029126162033 -1.547005632684502 0.6731027200682987
-0.9672468537758153 -1.534016278584639 0.5667694248088234
-1.055181558177381 -1.512448083200188 0.4572665250228067
-1.137215259284262 -1.482421664628611 0.3452064053443488
-1.212889191363913 -1.444104942782406 0.2312157514184935
-1.281780155091947 -1.397712200312842 0.1159320452208947
1 69 0 11
769
770
771
772
773
774
775
776
777
778
779
-0.1478642318505043 -0.7796744396737199 0.7796744396737201
-0.2954166811244062 -0.7865385520774393 0.7865385520774391
-0.4413151770929759 -0.8031774556377654 0.803177455637766
-0.5784738528078567 -0.84112613569293 0.8411261356929303
-0.6752119877549434 -0.917950120148633 0.9179501201486342
-0.6876456562843973 -1.020670017163668 1.02067001716367
-0.6331067072080145 -1.11726093843399 1.11726093843399
-0.539854020590546 -1.198054652535228 1.198054652535228
-0.4225604997935005 -1.261428594789733 1.261428594790863
-0.2896557208521225 -1.306941221439873 1.306941221439135
-0.1471372866331069 -1.334349398656735 1.33434939865695
1 70 0 11
780
781
782
783
784
785
786
787
788
789
790
-1.334349404775511 -0.147137290399809 1.334349404679296
-1.306941216464085 -0.2896557262274927 1.306941216545946
-1.261428591404531 -0.422560497844934 1.261428591385955
-1.198054656632698 -0.5398540247137438 1.198054656632696
-1.117260936647773 -0.6331067123566344 1.117260936647776
-1.02067001456092 -0.6876456570684848 1.020670014560924
-0.9179501141497339 -0.6752119846761524 0.917950114149737
-0.8411261204680487 -0.5784738617542333 0.8411261204680485
-0.8031774635698811 -0.4413151614069909 0.8031774635698815
-0.7865385563871675 -0.295416666270475 0.7865385563871672
-0.779674441276257 -0.147864213774648 0.7796744411788099
1 71 0 13
791
792
793
794
795
796
797
798
799
800
801
802
803
-1.397712200312838 -1.281780155091951 0.1159320452208867
-1.444104942782403 -1.212889191363917 0.2312157514184857
-1.482421664628609 -1.137215259284268 0.3452064053443409
-1.512448083200186 -1.055181558177387 0.4572665250227989
-1.534016278584637 -0.9672468537758216 0.5667694248088159
-1.547005632684501 -0.8739029126162098 0.6731027200682915
-1.551343503762679 -0.7756717518813346 0.7756717518813451
-1.5470056326845 -0.6731027200682805 0.8739029126162199
-1.534016278584636 -0.566769424808806 0.96724685377583
-1.512448083200183 -0.4572665250227888 1.055181558177395
-1.482421664628605 -0.3452064053443303 1.137215259284275
-1.444104942782399 -0.231215751418475 1.212889191363924
-1.397712200312833 -0.1159320452208759 1.281780155091957
1 72 0 13
804
805
806
807
808
809
810
811
812
813
814
815
816
-1.281780155091957 -0.1159320452208774 1.397712200312834
-1.212889191363921 -0.2312157514184792 1.444104942782401
-1.137215259284271 -0.3452064053443365 1.482421664628607
-1.055181558177389 -0.4572665250227967 1.512448083200185
-0.9672468537758212 -0.5667694248088163 1.534016278584637
-0.8739029126162083 -0.673102720068293 1.547005632684501
-0.7756717518813313 -0.7756717518813485 1.551343503762679
-0.6731027200682743 -0.8739029126162254 1.5470056326845
-0.5667694248087979 -0.9672468537758367 1.534016278584634
-0.457266525022779 -1.055181558177402 1.512448083200181
-0.3452064053443185 -1.137215259284283 1.482421664628602
-0.2312157514184616 -1.212889191363933 1.444104942782394
-0.1159320452208596 -1.281780155091967 1.397712200312826
2 1 0 122
817
818
819
820
821
822
823
824
825
826
827
828
829
830
831
832
833
834
835
836
837
838
839
840
841
842
843
844
845
846
847
848
849
850
851
852
853
854
855
856
857
858
859
860
861
862
863
864
865
866
867
868
869
870
871
872
873
874
875
876
877
878
879
880
881
882
883
884
885
886
887
888
889
890
891
892
893
894
895
896
897
898
899
900
901
902
903
904
905
906
907
908
909
910
911
912
913
914
915
916
917
918
919
920
921
922
923
924
925
926
927
928
929
930
931
932
933
934
935
936
937
938
0.6157986754021193 0.07920013392180122 -1.385111641887725
0.6487682747300153 0.7240052518242071 -1.610072240474363
0.5606091281819223 0.08573994972719354 -1.062568278959181
0.09338922048543952 0.5373237698346264 -1.234370666302981
0.841704989280292 0.5438623343655259 -1.59649099201566
0.1005622389831844 0.7319476368384706 -1.492690422422404
0.379001105096493 0.671193981963768 -0.8251745639988075
0.8874241099409471 0.7879578063303471 -1.464458247901451
0.6722863041494578 0.3821861298849615 -0.8245897107695843
0.7507459597029706 1.023870639660848 -1.154217401141119
0.443925979091129 0.928279025281194 -1.579887332942237
0.8918893481083275 0.107075596534183 -1.536368264734125
1.037392202496795 0.7367951433316429 -1.159386540409676
0.1134887305214142 0.6188539123730182 -0.9293396451832937
0.6973850117052671 0.9789542724344406 -1.448676881952724
1.072179989860514 0.5831017107810157 -1.434530919571391
0.1155705765374178 1.037464398618376 -1.526701118056381
1.015695090488193 0.3271967897886858 -1.553815548647227
0.9256217245683909 0.8099458617837586 -1.053771950525188
0.9381482512577779 0.8498927302389463 -1.195117340176476
0.7086839284692049 0.7840596213784795 -0.871940209687997
0.6040083726264217 0.6980360449819848 -0.8271499966345236
0.6600473901196702 1.102921592369242 -1.253272500304562
0.1098797209596558 0.5961497577862495 -1.396838351140413
0.1815309590165997 0.4946011672257845 -1.341999713742474
0.1966203452925291 0.4519081140784887 -1.209650568425234
0.2780276209389778 0.3952116083933636 -1.317865867112584
0.2798835265274423 0.4645310959320091 -1.436581402319012
0.3041377058558273 0.3574014371254165 -1.18349327353815
0.368133015873596 0.3584817078857792 -1.414309469001062
0.3935261205573971 0.448067592588957 -1.518885547394256
0.4767808326742345 0.3387406364589173 -1.500253669917857
0.5181288930210577 0.4465237746676823 -1.579563186008104
0.6016847627232748 0.335021573059662 -1.56386205508222
0.2976503686665235 0.5618706153126941 -1.526519878961326
0.2522552179638541 0.4359502362832316 -1.080228649358835
0.3610437880735985 0.3510810720751047 -1.055554680679976
0.333583445499745 0.4524847469138291 -0.9673641615570713
0.4005303640190748 0.2623442111659941 -1.15875448136265
0.4497038149037296 0.3668440912832601 -0.9456219906459129
0.527251350918406 0.1158889519276474 -1.274417927134504
0.446961764894251 0.2628696117151533 -1.392856056180977
0.5505809099159626 1.152114688464869 -1.343882566487349
1.004082210455254 0.7692959249942753 -1.296062660158662
0.6542649518544114 0.4557321059839496 -1.612541234688494
0.7396098369546377 0.3437051527484764 -1.596932935174449
0.6813262896759057 0.2292852908713911 -1.543363539688617
0.4360813414113807 0.5005037274454361 -0.8794417263144869
0.5722692161340651 0.5696996238084062 -1.620438604653412
0.7874437074973023 0.9150031049180878 -1.010771325017002
0.1191418709404688 0.5317533608289269 -1.085755474547454
0.7548814764403795 1.016043756999067 -1.297944618635227
0.618853776922044 0.1134886927117565 -0.92933984238587
0.5332347568001035 0.2146872915821777 -0.9714697634401914
0.1088697672859182 0.8730656824293875 -1.535451249298685
0.2200015496771256 0.7666901931108181 -1.562449787593546
0.2246362623058252 0.9552880620130507 -1.563905468258576
0.7073195069312332 0.5252322486939007 -0.8191024581156137
1.029866517298628 0.1115390965330279 -1.527516101486965
1.115001914805221 0.6419293384157759 -1.264313275833139
1.17669268310484 0.5129652996517809 -1.341568868509819
0.2226282210853102 0.6618372435874422 -0.8507804239900131
0.6620636392184545 0.2234269330533246 -0.8504627057332654
0.8152369698861109 0.2293527557061171 -1.57195182071606
0.8682505217414248 0.3673156777616824 -1.595723839205463
0.3685697106822854 0.2978407823580603 -1.29150831959352
0.1875107770229766 0.621923418376442 -1.489385179281258
0.9124369148456619 0.8497132045113114 -1.348241775643681
0.7320692582728664 0.1001469589040833 -1.492489511284891
0.2145839636796096 0.5310484064266245 -0.9742449473112035
0.8327600776072125 0.7963508694654733 -0.9449713714690064
0.5435034917724337 0.8410789202120861 -1.596730216581544
0.4108921849412313 0.7896605264943822 -1.608555281700143
0.7639133891490614 0.6421035589017146 -1.601656091026681
0.8013558528969394 0.8772414287497386 -1.462289538331473
0.5550090299174079 0.2448777488936087 -1.486024444961284
0.9822773731310768 0.6844295221224262 -1.45596114436652
0.4350780741247045 0.5579284529106087 -1.588403363056824
0.4948978260746743 0.6850332364563301 -1.61962209976146
0.5694744189732887 0.4766222255591895 -0.8432703967388077
0.1171083229913505 1.162846998650501 -1.480735243159407
1.169005815905671 0.1140900469693428 -1.477266816269738
0.8406003524716847 0.9347450915765012 -1.135241549760019
0.4261007933472032 1.198250478332537 -1.38524518705981
0.3422382526922542 0.6866564579362768 -1.5894937119392
0.3165683446978743 0.5666731120400961 -0.8880852410622858
0.5718480747972439 0.3171970923779724 -0.8845344635828449
0.579600977261675 1.066800546927324 -1.443369407167707
0.4480663345690851 0.209033765645236 -1.278151082861262
1.226430559062776 0.3698717158680892 -1.382131362815275
0.498403764966202 0.609406716314954 -0.8308336860325499
0.230976545339774 1.088666966691318 -1.522739644673913
1.103586770294695 0.223193527385824 -1.515546512398277
0.9429284337563343 0.2139001693471332 -1.563984103142515
0.7907254767020097 0.7064559733359697 -0.8735216502182854
0.3382444990980226 1.012425227295774 -1.554776396636216
1.282592635693595 0.227700262799037 -1.374742620443722
0.3128908376160084 0.8530765545840607 -1.591161086024416
0.4793559134436287 0.1721421810298155 -1.140081951283265
0.4386888822516835 0.2720344572465174 -1.045387846887703
0.950121993638926 0.4536637358651312 -1.570423554095459
1.044354967626629 0.6898237362806328 -1.362353038731382
0.7695472326509579 0.4536078337981109 -1.61351453860057
0.8412302330455519 0.9466512257320973 -1.250063847189664
1.144355716225893 0.4529246402924212 -1.436100189089865
0.5217152936296002 0.1814096990203607 -1.388328753440118
0.6563585192336132 1.068355837197367 -1.365098609572306
0.1069627109116971 0.6969624151183013 -0.8455596502814519
0.6969636162101147 0.1069641462291275 -0.8455582284796803
0.626515177931796 0.1603363830177607 -1.472210985871894
0.8189230973707583 0.9325671989001467 -1.36652039209799
0.6926466297179124 0.5556641645663213 -1.622246574868619
0.3365327255024959 1.236282006670385 -1.387270137366882
0.4890067369553913 1.125830004210908 -1.436255574195239
0.2623071264755839 0.6600367507555127 -1.551627633627743
0.7017783998644396 0.650296392851465 -0.8346428952619912
0.2067039823844856 0.5370619681354954 -1.436530561083177
0.6120248742039446 0.5870220770439023 -0.8250446034709448
0.9638122068785444 0.7668416545647737 -1.393226028257254
0.5429407154503493 0.08171071550647743 -1.166622660804626
0.4928992561536382 0.7129837320027657 -0.8163180655365293
0.7523586236701826 0.8573036701986559 -0.9310846328565779
2 2 0 123
939
940
941
942
943
944
945
946
947
948
949
950
951
952
953
954
955
956
957
958
959
960
961
962
963
964
965
966
967
968
969
970
971
972
973
974
975
976
977
978
979
980
981
982
983
984
985
986
987
988
989
990
991
992
993
994
995
996
997
998
999
1000
1001
1002
1003
1004
1005
1006
1007
1008
1009
1010
1011
1012
1013
1014
1015
1016
1017
1018
1019
1020
1021
1022
1023
1024
1025
1026
1027
1028
1029
1030
1031
1032
1033
1034
1035
1036
1037
1038
1039
1040
1041
1042
1043
1044
1045
1046
1047
1048
1049
1050
1051
1052
1053
1054
1055
1056
1057
1058
1059
1060
1061
1.393206374912464 0.1006373785326423 -0.6019904206220301
1.603494378082777 0.754705059542673 -0.6451507811578009
1.064502760052259 0.10508018063891 -0.5479940569284372
1.23075050912149 0.5393652479606448 -0.09012891961667277
1.596490992015658 0.5438623343655145 -0.8417049892803051
1.488790194028889 0.7450619417960404 -0.08442822306596884
0.8224702363077562 0.676997700172948 -0.3927475078662369
1.464458247901453 0.8874241099409466 -0.7879578063303462
0.8236727691851085 0.3816634239166106 -0.6752219435734281
1.154221281559773 0.7507435066232635 -1.023873675358932
1.579694307326999 0.9280407729976849 -0.4468565014496082
1.538468096846228 0.1135046160962849 -0.8880482912590406
1.159379370074145 1.037387344638559 -0.73679909450667
0.9306490937971028 0.622462010843374 -0.1025412891366877
1.448956994807834 0.6975165383854782 -0.9786004042019737
1.434710597484261 1.072308054891765 -0.582666656565654
1.52670194036704 1.037461575675751 -0.1155713705542392
1.553815548647224 0.3271967897886789 -1.015695090488201
1.055392860945887 0.9292182088722106 -0.8073477539968926
1.19508307193004 0.938168637334537 -0.8498679859718267
0.8716584595542325 0.7881171563494731 -0.7042278322985809
0.8315488278074629 0.7103361413124174 -0.6257577220842534
1.253275335774559 0.6600436162242596 -1.10292411459609
1.367270495912204 0.568012670124655 -0.1165567944317527
1.316549398378097 0.4754456487802013 -0.1908671879808882
1.177207105320807 0.4565939920379819 -0.1932976742277085
1.263944253761052 0.3845528186414718 -0.2756356977539155
1.395701643865442 0.4235507036826893 -0.2889368756930323
1.124162574819137 0.3804588546309554 -0.2950761311620997
1.354008330382465 0.2945643944776271 -0.3940978753202596
1.472822397705372 0.3743785038942006 -0.4066317718108247
1.509397441359829 0.4927209500129001 -0.3360304829981821
1.56391651739092 0.4630044250789568 -0.4618653590951671
1.53229407271537 0.3423788868016738 -0.5237118067952529
1.585800522519453 0.5901012902307912 -0.400123678365866
1.599558662188604 0.4435573104641159 -0.5910946635796026
1.574598559533558 0.3065099466467526 -0.6741237832747278
1.043959005991505 0.4727645167002859 -0.2295482345788329
0.9967624341729598 0.409585019431349 -0.3490324866257465
1.067237818208412 0.3001553329889738 -0.4016973450977697
0.944471344876782 0.3558788462374053 -0.460461355189707
0.8954428604201378 0.4764887139940255 -0.4256724204030779
1.542736353804594 0.6139449809293646 -0.2810918546167751
1.595269584248982 0.7232624549879286 -0.343553899717659
1.343883726382848 0.5505760691785928 -1.15211722518531
1.269286510868949 0.09802257811957732 -0.5406565238774093
1.296051177342812 1.004081262136836 -0.7693004227420548
1.484117322837768 0.1105031584782458 -0.7025559388231071
1.372234507590204 0.18932133965765 -0.5037786307016393
1.01300338053283 0.7893223595737937 -0.9150886507264826
1.247439149170492 0.1890928545848096 -0.4604133845187671
1.563214574211305 0.2157349845054368 -0.7801940618339019
1.297979035364582 0.7548310867683384 -1.016077714936115
0.94589537241253 0.111450074183081 -0.6075061504986173
1.535842638980601 0.8711970128184038 -0.1103810655367546
1.565606446715191 0.9536638776353724 -0.2334427474108005
0.8188959334173789 0.5174302958896568 -0.7004926455577778
1.519358759523497 0.09800336875998562 -1.052482156202598
1.264313191943459 1.115001825021125 -0.6419294776664299
1.491766344168406 0.2145970018300653 -0.5956936241897489
1.619935890804274 0.70127445251249 -0.4995460714789457
1.612450195147005 0.4282857561537643 -0.7351484762883288
1.623252694127692 0.5545136304489272 -0.6700157049149339
1.595131454087094 0.3932080619653024 -0.8789771287837768
0.8387643339825945 0.2407414294528472 -0.6752791696129956
1.341568830644654 1.176692621991818 -0.5129654319176807
1.068873049242228 0.5453429507518585 -0.1068369924599605
0.8533782787979201 0.6516375201253185 -0.2435093664838471
0.9273915152213283 0.5249427638415415 -0.2971763881194825
1.34840875674543 0.9128450201135048 -0.8492092369374128
0.9917719609537577 0.2162829211861955 -0.5164050132359838
1.561002700635672 0.7718398706127316 -0.2136567376211533
1.595303962960216 0.8441847414830866 -0.5467953742627674
1.444180230844589 0.5262486420025159 -0.2251138387807178
1.456557043606011 0.9826716424185504 -0.683179019424651
1.462498057421953 0.8014886094243583 -0.8769058030699165
1.614280432831038 0.5675429867500736 -0.5295063256348002
1.57806313148109 0.2592465057010476 -0.8966781109924851
1.480735983582003 1.162845600391872 -0.1171085382260885
1.47570337021896 0.1132475149602029 -1.171815063435678
0.8485992671762346 0.4631234206709888 -0.5607374841296584
0.8386632709712704 0.585541795262825 -0.4787544485217022
1.135253991053849 0.840603283017156 -0.9347461825117587
1.591281042724911 0.8520513463930733 -0.313137247473902
1.385245211006366 0.4260968776495699 -1.198252383701557
0.9491930954618047 0.8459295806086028 -0.7890236674075749
1.443368875802739 0.5796005278434185 -1.066801301808161
0.8396379281212761 0.6523697467909659 -0.7290977328320865
1.202898910378119 0.2846317322618779 -0.3738758025610662
1.38213134006901 1.226430537687876 -0.3698718037855835
1.10741709165758 0.1992834439722427 -0.4672165725653717
1.602412433161019 0.6566768731010634 -0.7496598657471402
1.524400874745979 1.085148454755483 -0.2335877846532116
1.515011120509434 0.2241137842984774 -1.104701899677453
1.554233517614864 1.013267125661316 -0.3428081852633205
1.374742626503906 1.282592616812103 -0.2277003132274118
0.8836611881097186 0.3157255772784227 -0.5740266909722292
1.60826680289957 0.8078402724971003 -0.4297920457655711
1.442940278595454 0.2807453322985402 -0.4695715317683409
1.479974150218265 0.6326265953499586 -0.164990095584549
0.8533304323887684 0.1164565030117051 -0.6866060037637461
0.8982910152562121 0.7351470119567987 -0.8174855097977666
1.362498794582084 1.044479697081804 -0.6895679184856727
1.595706032636416 0.3271710833097624 -0.7862059744923042
1.250202296839835 0.8413109414989004 -0.9465620790509958
1.436100154341913 1.144355736151081 -0.4529246641893642
1.365113803158331 0.6563619096795663 -1.06834532498981
0.9643879938777471 0.5532469664907521 -0.1905653910169198
0.8455547516614136 0.6969678853588512 -0.1069613843359045
1.367162774721273 0.8186666442599609 -0.9324686769712711
1.624120366966157 0.6459200701407897 -0.6051635806614963
0.8186086110883221 0.6936646052396174 -0.5021271348854918
1.565607073681458 0.4615248549197556 -0.9587298868087888
0.8652528225917883 0.5865855654996781 -0.3521770171940958
1.387269936107511 0.3365304323759409 -1.236283059118325
1.436254635964346 0.4890053874723453 -1.125831553707564
1.164392581794265 0.1227459086079459 -0.5131064428128702
1.531061657077603 0.2024191933050078 -0.6851029976769069
0.8257065554472104 0.5876298410263476 -0.59754397024988
1.393682650233329 0.9643950966207753 -0.7658331003198984
1.42719067279438 0.6562228517372813 -0.07912623763010657
1.549909811791148 0.2111575866450482 -1.009437885862391
0.9095574685649856 0.2091020812157036 -0.5942718010037233
2 3 0 125
1062
1063
1064
1065
1066
1067
1068
1069
1070
1071
1072
1073
1074
1075
1076
1077
1078
1079
1080
1081
1082
1083
1084
1085
1086
1087
1088
1089
1090
1091
1092
1093
1094
1095
1096
1097
1098
1099
1100
1101
1102
1103
1104
1105
1106
1107
1108
1109
1110
1111
1112
1113
1114
1115
1116
1117
1118
1119
1120
1121
1122
1123
1124
1125
1126
1127
1128
1129
1130
1131
1132
1133
1134
1135
1136
1137
1138
1139
1140
1141
1142
1143
1144
1145
1146
1147
1148
1149
1150
1151
1152
1153
1154
1155
1156
1157
1158
1159
1160
1161
1162
1163
1164
1165
1166
1167
1168
1169
1170
1171
1172
1173
1174
1175
1176
1177
1178
1179
1180
1181
1182
1183
1184
1185
1186
0.6019906492445131 -0.1006386657070185 -1.393208145243918
0.644801658718837 -0.7550414561378204 -1.603477183612061
0.5479943533909082 -0.1050800169133087 -1.064502219027095
0.09012824346821877 -0.5393669216833623 -1.230758846514014
0.8417049892802904 -0.543862334365525 -1.596490992015661
0.08442786286470397 -0.7450671064039232 -1.488792368102388
0.3927418266518337 -0.676991487890125 -0.8224724053693486
0.8874241099409561 -0.7879578063303565 -1.464458247901434
0.6752221946246264 -0.3816747665998678 -0.8236719667704937
0.7492043790859415 -1.020530279286143 -1.135023991118545
0.4464935220904684 -0.9283365386084822 -1.579623728360337
0.8880483009876583 -0.1135045784159504 -1.538468083753803
1.019803530944546 -0.7524818119582785 -1.143464582172728
0.1025399192187367 -0.6224571095607319 -0.9306564707610715
0.6844781132802712 -0.9823207681949061 -1.455875213099716
1.072117080481582 -0.5775637312051533 -1.438757143316311
0.1155705777738821 -1.037464410084854 -1.526701115657488
1.015695090488414 -0.3271967897888728 -1.553815548647133
0.9291914954850348 -0.7896741283725324 -1.030735761863821
0.9240825652165151 -0.8570095050840254 -1.15396128711919
0.7094546528422677 -0.7788343289738016 -0.8703394666528715
0.6190705625007713 -0.7060339052145437 -0.8299867203488831
0.6605260637785589 -1.1029073018878 -1.250851403998454
0.116556591526028 -0.5680170850724774 -1.36727696985323
0.1908664000608932 -0.4754496284786457 -1.316558315253077
0.1932955657337785 -0.4565945983165169 -1.177217402395115
0.2756338649390369 -0.3845561580296439 -1.263955526251858
0.2889358833390431 -0.4235579464554899 -1.39571096137807
0.2950728726739343 -0.380457712505285 -1.124174512202639
0.3941006478211523 -0.2945656698543939 -1.354016644161542
0.4066311989660392 -0.3743879230847534 -1.472830311569062
0.3360295951198396 -0.4927314458061146 -1.509403856009671
0.4618650856156818 -0.4630175544600573 -1.563922198308027
0.5237124476892205 -0.3423919780706696 -1.532302140894563
0.4001223672380179 -0.5901141248713273 -1.585803724050651
0.59109476349398 -0.4435734789227196 -1.59956313547046
0.6741286920345633 -0.3065155591439974 -1.574601922166638
0.2295449205073003 -0.4727611284042474 -1.043969227155545
0.3490275559229762 -0.4095792236145432 -0.9967734606042489
0.401692346094908 -0.3001523650017308 -1.067251377820494
0.4604542615201141 -0.3558765713594971 -0.9444785143443742
0.4256649893447239 -0.4764801600157313 -0.8954507214091449
0.2810908206827283 -0.6139545909211463 -1.542740002336932
0.343552601339155 -0.7232724856046002 -1.595270390891568
0.5505760813175352 -1.152117223226315 -1.343883714469666
0.5406565709976516 -0.09802259187279805 -1.269286735927179
0.9752552298218882 -0.8060219791139147 -1.278857532589465
0.8735444797194845 -0.9108044785164096 -1.282311386741658
0.7025559122196829 -0.1105031242633637 -1.484117285227916
0.5037787086582719 -0.1893212207907357 -1.37223445319708
1.079231877053823 -0.6902204766838441 -1.250737834493879
0.4604106664495539 -0.1890963201293941 -1.24744134496426
0.8385510034875487 -0.8952498179294941 -1.050493701228483
0.7801900824197814 -0.2157425486858485 -1.563216682817425
0.6075066550452124 -0.1114503325614941 -0.9458944983131272
0.1103801678061015 -0.8712019118920529 -1.535842806796638
0.2334414994598528 -0.9536680173075816 -1.565605497115109
0.7004958621995168 -0.5174295367642332 -0.8188956807983174
1.052482149869659 -0.09800337585620127 -1.519358762617192
0.5956995593164753 -0.2146004377882528 -1.491772779855042
0.4994207811509654 -0.7014219840958319 -1.61992436304581
0.7351445620214303 -0.428304882079811 -1.612452705021605
0.6700131189832861 -0.5545295601398015 -1.623253156074219
0.8789710251357303 -0.3932096939468943 -1.595132761890067
0.6752805951070247 -0.2407506917133659 -0.8387620328133629
1.175280855549275 -0.5105913115070758 -1.347152239984295
1.027077221333975 -0.7037026196135961 -1.374404265753904
0.1068358447044468 -0.5453405677814718 -1.068881982264281
0.2435092792066468 -0.6516345884275168 -0.8533802372689597
0.2971720667524076 -0.5249351393066268 -0.9274001740074391
0.5164051728852429 -0.2162826375100402 -0.9917719955322873
0.2136545337526167 -0.7718464933821483 -1.561003075194426
0.5466306401712956 -0.8443533753850229 -1.595276437518486
0.2251135398047695 -0.5262556431285024 -1.444186891173442
0.7867053821887722 -0.8877991158323407 -1.465210879783602
0.770248389393706 -1.008237753925447 -1.273408255165148
0.5295051967261744 -0.567558209258254 -1.614282619052839
0.8966757069050036 -0.2592481203871523 -1.578063671595743
0.117108331230145 -1.162846996589956 -1.48073524491009
1.171815061032494 -0.1132475167123541 -1.475703371644076
0.5607341513301894 -0.463135781262396 -0.8485975822318627
0.4787461426493231 -0.5855281320690628 -0.8386680413572548
0.3131300354798102 -0.8520568789393953 -1.591279458903805
0.4260968878077159 -1.19825237691439 -1.385245213566277
0.5796005266365256 -1.066801303835462 -1.443368874375664
0.723382483054404 -0.6520291284760723 -0.8385233635855012
0.3738746483326433 -0.2846321639226315 -1.202909656446562
1.226431325491591 -0.3698688959953162 -1.382131981604165
0.4672184635106683 -0.1992820193661742 -1.107414717539467
0.7496191842352903 -0.6567264284698611 -1.602412552090602
0.2335866454703464 -1.0851514891276 -1.524399471746465
1.104701899481277 -0.2241137841363983 -1.515011120604202
0.3428092474991965 -1.013270959554504 -1.554231871860574
1.282593430579336 -0.2276984732492308 -1.374742254226237
0.5740220168605191 -0.3157387775566523 -0.8836595952052794
0.429788307166071 -0.8078542532931743 -1.60826491508601
0.8064603996954509 -0.820594289873571 -0.9435368441354461
0.4695728221764873 -0.2807498870079008 -1.442946419492063
0.1649895591049505 -0.6326335081951124 -1.479978384657969
0.8438787163876402 -0.9398276794474371 -1.167450098853507
0.6866098111148018 -0.1164616075562059 -0.8533256622527146
0.9730415352334507 -0.6822889194302081 -1.467162282710139
0.7861950268531439 -0.3271739652943308 -1.595706398028412
1.14435517983361 -0.4529239969804962 -1.436101124511681
0.6687714263605151 -1.057960350460273 -1.367201223368859
0.8008636552117803 -0.7111545724379511 -0.8794469891454102
0.8749725329925634 -0.8681035856762868 -1.384938425130791
0.1905627432044784 -0.5532415903255371 -0.9643966243008618
0.1069640886190868 -0.6969637131948874 -0.8455581484654773
0.6051606498680654 -0.6459284492028854 -1.624120080470975
0.4972839310569571 -0.6947804395226654 -0.8182918768502159
0.9587281282961417 -0.4615232398486255 -1.565608103933833
0.3521715103702118 -0.5865809174891836 -0.8652567149145577
0.3365304357787389 -1.236283055060061 -1.387269939622241
0.4886480708137024 -1.126141126852519 -1.436119479526156
0.779544827464327 -0.9607193574111783 -1.37995907424746
0.5131066379369278 -0.1227456270497964 -1.164392741518945
0.6851036438586007 -0.2024208391623609 -1.531062791846363
1.114557988205419 -0.607432455867423 -1.342791676063529
0.5961834620452564 -0.5932335311784438 -0.8255240707286682
0.9528431796702346 -0.7845036654426951 -1.385939834078433
0.07912650210867003 -0.6562276956513342 -1.427195188519749
1.009437865710064 -0.2111576006737169 -1.549909818984746
0.5942743839423428 -0.2091083827719301 -0.9095522497018846
0.7495422442682653 -0.9363913326853535 -0.9931675567052409
2 4 0 122
1187
1188
1189
1190
1191
1192
1193
1194
1195
1196
1197
1198
1199
1200
1201
1202
1203
1204
1205
1206
1207
1208
1209
1210
1211
1212
1213
1214
1215
1216
1217
1218
1219
1220
1221
1222
1223
1224
1225
1226
1227
1228
1229
1230
1231
1232
1233
1234
1235
1236
1237
1238
1239
1240
1241
1242
1243
1244
1245
1246
1247
1248
1249
1250
1251
1252
1253
1254
1255
1256
1257
1258
1259
1260
1261
1262
1263
1264
1265
1266
1267
1268
1269
1270
1271
1272
1273
1274
1275
1276
1277
1278
1279
1280
1281
1282
1283
1284
1285
1286
1287
1288
1289
1290
1291
1292
1293
1294
1295
1296
1297
1298
1299
1300
1301
1302
1303
1304
1305
1306
1307
1308
-0.6019906307864953 0.1006386757208012 -1.39320813446
-0.6473420274171223 0.7468083310277253 -1.605074026814677
-0.5479943420852508 0.1050800442094175 -1.064502202817824
-0.09012824405171105 0.5393669196931532 -1.230758835347716
-0.8417049892803029 0.5438623343655155 -1.596490992015659
-0.08442784701672298 0.7450671058559701 -1.488792357978016
-0.4031203477334062 0.6701037118168762 -0.8239172930433845
-0.7879578063303541 0.8874241099409564 -1.464458247901436
-0.673877310289842 0.363408458250481 -0.8254160540252798
-1.023872544637335 0.750745184447012 -1.15422307604783
-0.4369479522917633 0.931501301568215 -1.57937292222982
-0.8880483021213411 0.1135045743601055 -1.538468082350342
-0.7367915780910006 1.037396155601016 -1.159390718671092
-0.1025409363847945 0.6224570310327643 -0.9306560049518859
-0.9789547415612063 0.6973844647582172 -1.448676834563173
-0.5826644790599456 1.072308827317649 -1.434711338982207
-0.1155705765371259 1.037464398618929 -1.526701118056191
-1.01569509048842 0.3271967897888672 -1.55381554864713
-0.809947192846865 0.9256242353020134 -1.053777783172981
-0.8498882365991081 0.9381531381363022 -1.195122932719048
-0.784066394672845 0.7086908830907536 -0.8719454606565014
-0.7128287477350694 0.5852370864200872 -0.8256226553282673
-1.102923874565247 0.6600439124785651 -1.253275387940731
-0.116556599001828 0.5680170684358737 -1.367276954902005
-0.1908663849384802 0.4754496330207227 -1.316558290556922
-0.1932955689125609 0.4565945972099455 -1.177217388630843
-0.2756338537761103 0.3845561658942537 -1.263955507591731
-0.2889358484031969 0.4235579346634335 -1.395710893243012
-0.2950728880262843 0.3804576649691789 -1.124174608129894
-0.3941006264582162 0.2945656635352792 -1.354016587161675
-0.4066311368880984 0.3743878852626427 -1.472830222327896
-0.3360295624793848 0.4927313897030812 -1.509403795707539
-0.4618650192626581 0.4630174662788211 -1.563922130000672
-0.5237123487939992 0.3423919020104429 -1.532302041707831
-0.4001223350638229 0.5901140286728292 -1.585803685466021
-0.5910946717662491 0.4435733466935078 -1.599563078620212
-0.6741285624176501 0.3065155244992637 -1.574601876125258
-0.2295448983065124 0.4727611029681625 -1.043969300400258
-0.3490275100565133 0.4095791410384938 -0.9967735938164103
-0.4016922676023543 0.3001523170495478 -1.067251592874857
-0.4655819176653685 0.344413913040546 -0.9479714507426754
-0.4305442797018341 0.472763091084025 -0.8951037979655326
-0.2810908113678573 0.6139545294992396 -1.542739970690644
-0.3435525848169346 0.7232724210809158 -1.595270379259312
-1.152117218968334 0.5505760830451065 -1.343883720913502
-0.5406565701369261 0.0980225927331945 -1.269286735325198
-0.7692900443250457 1.004086294633801 -1.296066681898683
-0.7025559119884 0.1105031242073969 -1.484117285063156
-0.5037787097519535 0.1893212188565339 -1.372234452024845
-0.9150094076596309 0.7874434866306139 -1.010778243572124
-0.4604106513569532 0.1890963376183501 -1.247441344551236
-0.7801900912806503 0.2157424862110025 -1.563216661498504
-1.016043690276453 0.7548803513615132 -1.297948467287984
-0.6083609898657144 0.1284420019743705 -0.9345012020132158
-0.1103801679752836 0.8712019003073992 -1.535842805641549
-0.2334414963588634 0.9536680058566014 -1.565605498722476
-0.5197908970855432 0.7222712656943548 -0.8180213539452905
-1.052482153784321 0.09800337371520509 -1.51935876119082
-0.6419252804861528 1.115004581144071 -1.264315464623133
-0.5956994339258055 0.2146004338355519 -1.491772693693779
-0.500101563515999 0.700655962289058 -1.619986124607771
-0.7351445034331539 0.4283046993819334 -1.612452680973552
-0.6700130845810617 0.5545294086490822 -1.623253153283575
-0.8789710076907004 0.3932096323807818 -1.59513276359111
-0.6707923892139853 0.2287568749038095 -0.8435815069796024
-0.5129617811882989 1.176694399454562 -1.341569694095084
-0.1068359570206387 0.5453404990964115 -1.068881975091847
-0.2415400248514487 0.6557253459138145 -0.8510881689690817
-0.2971720770181991 0.524934995327841 -0.9274002877448403
-0.8495698187203241 0.9125344822276167 -1.348330434862993
-0.507585991162057 0.2222610915054524 -0.998378077412805
-0.2136545460844402 0.7718464746632205 -1.561003076442534
-0.7963556313557372 0.8327619205675377 -0.9449761586829405
-0.5451858359385018 0.8421151521407301 -1.596176458139041
-0.2251135050552395 0.5262556296990378 -1.444186843261192
-0.6860910765615209 0.9788197631598109 -1.458278829748059
-0.8772250882975994 0.8013742112911001 -1.462288730195747
-0.5295051446429271 0.567558073441946 -1.61428258891982
-0.8966757140244836 0.259248105550823 -1.578063668175732
-0.11710832866029 1.162846995743647 -1.480735245133425
-1.171815063182799 0.1132475151812857 -1.475703370371787
-0.9347473272396163 0.8406016487794997 -1.135252602384498
-0.3131301216678036 0.8520568664993744 -1.591279473649919
-1.198252377523647 0.4260968899029791 -1.38524521123775
-1.066801300580305 0.5796005285744873 -1.44336887666699
-0.5465918018135912 0.4170599644078773 -0.8656573586764819
-0.5312331680194272 0.5599960125171478 -0.835870646379273
-0.3738746398763169 0.2846321698588116 -1.202909697787105
-0.3564645698594572 1.228095702068838 -1.387496978051041
-0.4672184948851326 0.199281998827558 -1.107414670942406
-0.7426605219485293 0.6552427225534873 -1.604525969838891
-0.2387187766443207 1.077445472194581 -1.527964423880642
-1.10470189964445 0.2241137842712106 -1.515011120525377
-0.7064642399955883 0.7907302817189344 -0.8735268158898786
-0.341470249933133 1.011330276978653 -1.555093750740071
-0.2267055014904059 1.281765389235539 -1.37606882330045
-0.429788327236061 0.8078541148740453 -1.608264932846376
-0.5670836258833417 0.2864539477882898 -0.8994427740241268
-0.4695727427719875 0.2807498652174691 -1.442946312869606
-0.1649895327042415 0.6326334650284635 -1.479978336105843
-0.6935219830967077 0.1082736744912103 -0.8485516118401004
-0.6896520169835444 1.044352112519555 -1.362620862283765
-0.6486099538899266 0.4761123677590609 -0.8250406467359201
-0.7861950231973962 0.3271739315906674 -1.595706390852814
-0.9466300281694197 0.8412499322213869 -1.250091565615844
-0.4529240548766388 1.144355228107364 -1.436101040326715
-1.068356077489055 0.6563576217412405 -1.36509941748763
-0.1904923913532196 0.5533810692985462 -0.9642721151630484
-0.1069654626844393 0.696965023790498 -0.8455566355806171
-0.6101351115672694 0.6395332678139968 -1.624257379353923
-0.9325663957125743 0.8189255645048061 -1.366517555508122
-0.9587281061186754 0.4615232194801788 -1.565608116926731
-0.3800794478126137 0.5678283382979862 -0.8668102242256077
-1.237468802352788 0.332964817845631 -1.387527199569363
-1.125831548881719 0.4890053908524581 -1.436254639378005
-0.5131066379954554 0.1227456267470753 -1.164392743319752
-0.6851035961574887 0.2024208304876936 -1.531062768081657
-0.6467625047827243 0.7019444953777726 -0.8340429000978951
-0.7658310430185398 0.9643924801366209 -1.393689607805596
-0.07912646372247026 0.6562277053446541 -1.42719516195295
-1.009437865150756 0.211157599959081 -1.549909819043939
-0.8573102560559437 0.7523619326044388 -0.9310911499618008
2 5 0 125
1309
1310
1311
1312
1313
1314
1315
1316
1317
1318
1319
1320
1321
1322
1323
1324
1325
1326
1327
1328
1329
1330
1331
1332
1333
1334
1335
1336
1337
1338
1339
1340
1341
1342
1343
1344
1345
1346
1347
1348
1349
1350
1351
1352
1353
1354
1355
1356
1357
1358
1359
1360
1361
1362
1363
1364
1365
1366
1367
1368
1369
1370
1371
1372
1373
1374
1375
1376
1377
1378
1379
1380
1381
1382
1383
1384
1385
1386
1387
1388
1389
1390
1391
1392
1393
1394
1395
1396
1397
1398
1399
1400
1401
1402
1403
1404
1405
1406
1407
1408
1409
1410
1411
1412
1413
1414
1415
1416
1417
1418
1419
1420
1421
1422
1423
1424
1425
1426
1427
1428
1429
1430
1431
1432
1433
0.6019942317680262 1.393213841061014 -0.100639828522914
0.6451485179453068 1.603493448486285 -0.7547103739681996
0.5479914763995075 1.064512334897166 -0.1050788256800921
0.09012820557206536 1.230758878663268 -0.5393669557014122
0.8417049892802881 1.596490992015661 -0.5438623343655329
0.08442761437634375 1.488792280772983 -0.7450672515980138
0.3927370677437797 0.8224722132092649 -0.6769929789256768
0.8874241099409425 1.464458247901452 -0.7879578063303504
0.6752207435828721 0.8236731930667699 -0.3816628468069394
0.7492030490568569 1.135018204661209 -1.020529860728532
0.4468569167246512 1.579693546781261 -0.9280427893583993
0.888052446757975 1.538468190250079 -0.1135041103359364
1.019799671549678 1.143458687575594 -0.7524844272726414
0.1025388387981665 0.9306569722988083 -0.6224571879584875
0.6844781132787594 1.455875213102388 -0.9823207681935582
1.072117080481439 1.438757143316592 -0.5775637312049968
0.115570574170461 1.526701113923409 -1.037464414283345
1.015695090488186 1.55381554864723 -0.3271967897886974
0.9291838742329752 1.030728729890954 -0.7896764094544697
0.9240777890314946 1.153953599513238 -0.8570124348424781
0.7094455649253116 0.8703341185832619 -0.7788292574837025
0.6190632915676236 0.8299847298178274 -0.7060256164002858
0.6605303633997811 1.250846950194821 -1.10290457449729
0.1165564515396002 1.367276872423757 -0.5680171500950821
0.1908662633644802 1.31655830036492 -0.4754497459687057
0.1932954472367693 1.177217618687178 -0.4565946719973006
0.2756343636245563 1.263955560982626 -0.384555692548182
0.2889355969581262 1.395710835108428 -0.4235581408829576
0.2950733838421563 1.124175035749256 -0.3804570583729807
0.3941014207916481 1.354018674031159 -0.2945658823311122
0.4066307580446311 1.472830154023975 -0.3743881869616072
0.3360291395302701 1.509403488973956 -0.4927313711526717
0.4618642413789958 1.563921819769208 -0.4630175426580552
0.5237114496876911 1.532301778703207 -0.3423922942876277
0.4001216093574077 1.585803370411945 -0.5901138076460198
0.5910934779143099 1.59956282252784 -0.443573383301764
0.6741284371926795 1.574602075791132 -0.3065161395833377
0.2295449133758019 1.043969481603491 -0.472760987712883
0.3490275680039074 0.9967736257765579 -0.409579058021344
0.4016922226534537 1.067251746750853 -0.3001522701654727
0.4604539366036597 0.9444804614236115 -0.3558740292638212
0.425665617448277 0.8954506432636865 -0.4764797509759489
0.2810903576525955 1.542739641605511 -0.6139543189039656
0.3435518001172326 1.595270143658422 -0.7232721374514675
0.5505809094928783 1.343882566644079 -1.152114688659521
0.5406588729512921 1.269294733179944 -0.09802231434550648
0.9752494343090653 1.278851409680933 -0.8060296524594209
0.8735401247625275 1.282302605187268 -0.91081053622994
0.7025620337802074 1.484120241039887 -0.1105025139959043
0.5037842348795388 1.37224206135379 -0.1893202641205384
1.079228453746406 1.250734247853003 -0.6902252842992301
0.460413818518135 1.24744973048291 -0.189093822621506
0.8385443672070341 1.050484743692264 -0.8952503071392122
0.7801941856435664 1.563217147460831 -0.2157419927483395
0.607500689831313 0.9459040673020593 -0.1114484785469248
0.1103800698423371 1.535842775005261 -0.8712019710445975
0.2334414837485592 1.565605494168421 -0.9536680200615424
0.7004915465640444 0.8188955926295459 -0.5174239716679279
1.052484366410773 1.519358166940006 -0.09800314297388824
0.5956997546398332 1.491773904404 -0.2146018088689371
0.4995459000291871 1.619935709061955 -0.7012833749139697
0.735143005046637 1.612452680242698 -0.4283047026874131
0.6700122510569353 1.623253167864855 -0.5545290816334734
0.878970274843097 1.59513287282897 -0.3932082746202341
0.6752756719875618 0.8387662927207111 -0.2407427440225259
1.175280247238836 1.347150654041659 -0.5105936980887373
1.027072414562372 1.374405122569283 -0.7037080982760568
0.1068357403326341 1.068882082624444 -0.5453405989859988
0.2435033278354684 0.8533819611611639 -0.6516338821274809
0.2971718656956829 0.9274001612618611 -0.5249352861612316
0.5163996131907004 0.991781957749408 -0.2162798276503388
0.2136543268306396 1.561002994807237 -0.7718464814543456
0.546793537917881 1.595302940552709 -0.8441889321779703
0.2251131830962936 1.444186610806816 -0.5262557180563634
0.7867053821887379 1.465210879783764 -0.8877991158322068
0.7702476183757015 1.273400861451344 -1.008239774261031
0.5295041723889216 1.614282397251654 -0.56755791087185
0.8966787935303603 1.578063143170173 -0.2592469587477086
0.1171083289212044 1.480735242744044 -1.162847000409846
1.171815927544343 1.475702895157517 -0.1132473633336954
0.5607333894643699 0.848600538746221 -0.4631234284770782
0.4787461047258615 0.8386667183992149 -0.585533391960102
0.3131301534526453 1.591279487367658 -0.852056755634823
0.4261007929743379 1.385245187036886 -1.1982504785317
0.5796009772367436 1.443369407138232 -1.066800546969199
0.7233744410189307 0.8385208182685798 -0.6520239658000822
0.3738747683411869 1.202912284308893 -0.2846318413573731
1.226430537689509 1.382131340073272 -0.3698718037746021
0.467214376667928 1.107428542957253 -0.1992813604365084
0.7496614801776263 1.602410984588057 -0.65668159372617
0.2335866439307976 1.524399471680702 -1.085151489204943
1.104702278140804 1.515010937682743 -0.2241140970007162
0.3428092391849489 1.554231875034461 -1.01327095286081
1.282592616813399 1.374742626503799 -0.2277003132230201
0.5740220144043982 0.8836641185825663 -0.3157256974568043
0.4297873582672705 1.608265004924507 -0.8078530732855717
0.8064524081631623 0.9435299982963006 -0.8205927229140932
0.4695726215973448 1.442946447785118 -0.2807501155826264
0.1649891288355481 1.479977959790543 -0.6326333514009563
0.8438742130212549 1.167442621879581 -0.9398305421225912
0.6865988342899365 0.8533374320694 -0.1164556243943791
0.9730405198425029 1.467162571821537 -0.6822898719207142
0.7861936724371348 1.595706232122541 -0.3271733190532662
1.144355736151504 1.436100154341171 -0.4529246641898812
0.6687716900188909 1.367200558472002 -1.05796050486771
0.8008564140146923 0.8794415505356858 -0.7111487978412869
0.8749702812825133 1.384933388337031 -0.8681089694857831
0.1905623222571808 0.9643968695953317 -0.5532416346927608
0.1069627234865583 0.8455596676550454 -0.6969623940459986
0.6051595170470591 1.624120099842513 -0.645928627596574
0.4972755124740996 0.8182917268776768 -0.694778445108356
0.9587274921356296 1.565608476633758 -0.4615226555805377
0.3521692672622372 0.8652571914546185 -0.5865811731793706
0.336532725315257 1.387270137369406 -1.236282006741603
0.4886494696740181 1.436120395859755 -1.12613957151344
0.7795419089066361 1.379955459486977 -0.960723991911825
0.5131066354224892 1.164401804914409 -0.1227445020403166
0.68510673110987 1.531064038423643 -0.2024208525358956
1.11455554316383 1.342790150729276 -0.6074369662052963
0.5961880246011444 0.8255239746901162 -0.593230964384613
0.952838871308843 1.385936423544633 -0.7845108433039208
0.07912591345007375 1.427194889363995 -0.6562279669944271
1.009440328784661 1.549908795098861 -0.2111547490369628
0.5942653648645703 0.9095639366714243 -0.2091011349504822
0.7495375446584525 0.9931599689185422 -0.9363886406607933
2 6 0 121
1434
1435
1436
1437
1438
1439
1440
1441
1442
1443
1444
1445
1446
1447
1448
1449
1450
1451
1452
1453
1454
1455
1456
1457
1458
1459
1460
1461
1462
1463
1464
1465
1466
1467
1468
1469
1470
1471
1472
1473
1474
1475
1476
1477
1478
1479
1480
1481
1482
1483
1484
1485
1486
1487
1488
1489
1490
1491
1492
1493
1494
1495
1496
1497
1498
1499
1500
1501
1502
1503
1504
1505
1506
1507
1508
1509
1510
1511
1512
1513
1514
1515
1516
1517
1518
1519
1520
1521
1522
1523
1524
1525
1526
1527
1528
1529
1530
1531
1532
1533
1534
1535
1536
1537
1538
1539
1540
1541
1542
1543
1544
1545
1546
1547
1548
1549
1550
1551
1552
1553
1554
1.385110926139734 0.07919754201730175 0.6158005555392024
1.610085381689671 0.7236872929585064 0.649081774787058
1.06256794244474 0.08574181852303372 0.5606081063258277
1.234362332416927 0.5373219576393561 0.09338997660958784
1.59649099201566 0.543862334365522 0.8417049892802938
1.492688193014561 0.7319423127455088 0.1005626950452357
0.8217748159903816 0.6809459101990334 0.383048583923371
1.464458247901433 0.7879578063303541 0.8874241099409587
0.8240948720591332 0.3611159811045367 0.6780436404758199
1.154222283329795 1.02387377931182 0.7507436275425527
1.579372922229817 0.9315013015682289 0.4369479522917425
1.5363690358326 0.1070786028201575 0.8918842898111194
1.159386523068691 0.7367951506047384 1.037392192777494
0.9293314295913362 0.6188595823263209 0.1134902422368434
1.448677001750436 0.9789549042644786 0.6973840641066253
1.434710940806992 0.5826658361033358 1.072308292247557
1.526701940364352 1.037461575683471 0.1155713705499837
1.553815548647132 0.3271967897888721 1.015695090488415
1.05539505026786 0.8073498810358013 0.9292175405617629
1.195117286249739 0.8498926915514367 0.9381482830997315
0.8716586337620832 0.7042280521202994 0.7881173932562209
0.8266987879017399 0.6004507940901098 0.6980492977231486
1.25327540911387 1.102924071511647 0.6600436569045233
1.396832909693785 0.5961446258058463 0.1098803455813434
1.34199161813188 0.4945964010338898 0.1815319572536266
1.209640459539541 0.4519068581242468 0.196621932258332
1.317855590532243 0.3952068477464076 0.2780289516844264
1.436573693189275 0.464523354093838 0.2798842851240678
1.183481493800485 0.3574002805847211 0.3041406487311035
1.414299649117549 0.3584735155912777 0.3681337279445547
1.518878801913541 0.4480568172182764 0.3935264327609967
1.500245024807133 0.3387291698636452 0.4767806378619319
1.579558053677418 0.4465101851036849 0.5181288367664283
1.563855343361165 0.3350071631198901 0.601683860836069
1.526512157984657 0.5618356394651838 0.2976692491666849
1.080218070227782 0.4359523399292689 0.252258730184222
1.055542819101303 0.3510841240765119 0.3610485554731478
0.9673549800525988 0.4524895513923353 0.333589469903269
1.158741032126825 0.2623440158134523 0.4005333701683886
0.9507170259257415 0.3514387529190704 0.4564954547148473
1.274412164852924 0.1158823140295968 0.5272553591839424
1.392846253181663 0.2628584692983745 0.4469659886254415
1.343883708294712 1.152117233113537 0.5505760706053816
1.296062556233516 0.7692959616828119 1.004082205376683
1.61253833123597 0.4557161486136734 0.6542647921799981
1.596928887976816 0.3436896366013534 0.7396060407919216
1.543355779858544 0.2292703361438834 0.6813251535977358
0.8833405762832681 0.4849252201974312 0.4440274289190763
1.620437128967803 0.5696846547186567 0.5722701579900163
1.01300334360545 0.9150889635807256 0.7893220116908964
1.085746102200646 0.5317554953423359 0.1191431023487896
1.297948232191306 1.0160454441567 0.7548783780884711
0.9280581419342075 0.1300333638446636 0.6127741102963502
0.9787991607789273 0.2147648993709138 0.5273062424600976
1.535450957414611 0.8730610757813858 0.1088702413915316
1.562814877083321 0.7662273976126128 0.2212011088375701
1.563931792970259 0.9552219338097165 0.2247252285145438
0.8204062569129722 0.6839681247603061 0.5250993681962555
1.527516842394772 0.111541297163058 1.029865338702207
1.264313276477309 0.6419293386148346 1.115001914527724
1.341568868103673 0.5129652990837409 1.17669268365113
0.8502095607534811 0.6628142801415837 0.2220971745445173
0.8395915570617514 0.2213239126046615 0.6787347146400697
1.571947488166312 0.2293390191469923 0.8152349717579803
1.595723776948083 0.3673079364871608 0.8682472860764822
1.291496198050184 0.2978366823664283 0.3685707844201484
1.48938142244314 0.6219168220278535 0.1875114564053019
1.348327530297075 0.8495692860870959 0.9125363053097436
1.492485965214029 0.1001396339890112 0.7320714013873633
0.9760862755000451 0.5301772327184389 0.2136124276146955
1.59707318678736 0.8401418536340386 0.5430549962930623
1.608408945377511 0.7905340846715704 0.4100364950311255
1.604676788036594 0.6476684133991768 0.7481329045776991
1.458278672434469 0.6860922413285104 0.9788190208242972
1.462288691918051 0.8772253921343147 0.8013739277420713
1.486019191536124 0.2448725864212682 0.5550073203813675
1.588399885864796 0.5579159388460614 0.4350787095540345
1.619606725445599 0.685043572539677 0.4947310888281746
1.480735981606305 1.162845603302156 0.1171085325582373
1.477266942319354 0.1140902415814693 1.169005607343096
1.135249792459254 0.9347496215738653 0.8405983646198173
1.385245214520412 1.198252381005063 0.426096878107546
0.8608316363032543 0.4206366373035999 0.5557311531296364
0.8808528713591559 0.5658140070033043 0.3385949505956365
1.58952808233637 0.6865438032439523 0.3424177596381964
0.9491933913667859 0.7890240214613946 0.84592962123299
1.443368870520709 1.066801309311977 0.5796005233760811
0.8425927064562454 0.7348857842961285 0.6601355951232721
0.8319988908094309 0.5502356724485568 0.5668529836305078
1.278141129774939 0.2090314214086201 0.4480662822740226
1.387496328545643 0.3564657347949046 1.228095715347291
1.527965904258579 1.077442207940214 0.2387204091075354
1.515546512065222 0.2231935279611426 1.103586770992684
1.563985486202253 0.2139068499299427 0.9429276060685374
1.556365661170394 1.008580003109967 0.3373018888002448
1.376069071238327 0.2267065818676808 1.281764888354502
1.591129782487339 0.8531055050397451 0.3127086567316751
0.8923075997025456 0.2868188135392196 0.5766801426795385
1.140864253682343 0.1723456681293117 0.4790372199591835
1.047465074975157 0.2730079187040588 0.4366109678029882
1.570427069910887 0.4536577529098659 0.9501154055556398
0.8982912687180038 0.8174856871191567 0.735147332489581
1.362617827428697 0.689656912392047 1.044349853316015
1.613513254974782 0.4535949380778607 0.769553169466513
1.250088888556545 0.946631393003678 0.8412487499378138
1.436100189010292 0.4529246403471434 1.144355716271523
1.388323357376385 0.1814057884004614 0.521715229855538
1.365099430610642 1.068356211986269 0.6563574310594629
0.8455547020340756 0.6969679283031063 0.1069614296348102
0.8455582290807629 0.1069641468852421 0.696963615434112
1.472209482331758 0.1603306606197189 0.6265193034568073
0.822727716145093 0.47988819239964 0.6608160497090645
1.366519492172452 0.9325683146648178 0.8189223980696138
1.622267732942334 0.5557709524182354 0.6923100776472355
1.387527200715709 1.237468803184566 0.3329648133802161
1.436254639723621 1.125831553106745 0.4890053823121863
1.551689790577076 0.65951435566068 0.2628331393160117
0.8383175965820115 0.5985544421115195 0.4588254670208868
1.436525149093032 0.5370535194570195 0.2067071897966672
1.393688220577932 0.7658313320967983 0.964393106317906
1.166622647274281 0.08171070815254161 0.5429407213803852
2 7 0 122
1555
1556
1557
1558
1559
1560
1561
1562
1563
1564
1565
1566
1567
1568
1569
1570
1571
1572
1573
1574
1575
1576
1577
1578
1579
1580
1581
1582
1583
1584
1585
1586
1587
1588
1589
1590
1591
1592
1593
1594
1595
1596
1597
1598
1599
1600
1601
1602
1603
1604
1605
1606
1607
1608
1609
1610
1611
1612
1613
1614
1615
1616
1617
1618
1619
1620
1621
1622
1623
1624
1625
1626
1627
1628
1629
1630
1631
1632
1633
1634
1635
1636
1637
1638
1639
1640
1641
1642
1643
1644
1645
1646
1647
1648
1649
1650
1651
1652
1653
1654
1655
1656
1657
1658
1659
1660
1661
1662
1663
1664
1665
1666
1667
1668
1669
1670
1671
1672
1673
1674
1675
1676
1.393211081882104 -0.6019924555322491 -0.1006393078734357
1.603477238021618 -0.6448016291701717 -0.755041270863925
1.06450739718774 -0.5479928721606263 -0.1050794207019377
1.230759035066533 -0.09012821033954774 -0.5393669734702969
1.596490992015658 -0.8417049892803068 -0.5438623343655078
1.48879235940683 -0.08442770108518341 -0.7450673046418947
0.8239172653872459 -0.403121030513046 -0.6701036666962684
1.464458247901433 -0.7879578063303562 -0.887424109940957
0.8254161942599065 -0.6738770550175274 -0.363407827782017
1.154223145953184 -1.023872421799913 -0.7507453372292545
1.579623730970984 -0.4464935163081744 -0.9283365328675925
1.538468138809881 -0.8880504215294159 -0.1135043405851423
1.159391163889838 -0.7367912426941139 -1.037396537268743
0.9306561609064806 -0.1025409285421876 -0.6224569186130483
1.44867681959828 -0.9789547273358939 -0.6973845001868482
1.434531358183113 -0.5831002276960175 -1.072180573016853
1.5267010964363 -0.1155705592229728 -1.037464476077484
1.553815548647128 -1.015695090488426 -0.3271967897888546
1.053778274634233 -0.809947077901934 -0.9256246693593662
1.195123511658853 -0.8498878304759474 -0.9381535871585165
0.8719454547826466 -0.7840663889042678 -0.7086908736345807
0.8256226417549415 -0.7128289674032696 -0.5852368931406766
1.253275380935321 -1.102923853044929 -0.6600439413215444
1.367277042951742 -0.1165565264757019 -0.568017192605311
1.316558469491513 -0.1908662857438363 -0.4754497878838243
1.177217725166309 -0.1932954615962108 -0.4565946485704623
1.263955769434487 -0.2756340585118572 -0.3845560101650132
1.395710992213075 -0.2889356538068488 -0.4235581912057594
1.124175244617086 -0.2950730055307455 -0.3804573351191421
1.35401777433874 -0.3941010694075666 -0.2945657972031944
1.472830257654056 -0.4066308531532928 -0.3743882079078776
1.509403710801448 -0.3360292857247716 -0.4927315504025749
1.563922016377292 -0.4618645331011689 -0.4630176956561116
1.532301968383372 -0.5237117809218826 -0.3423923072057289
1.585803549701272 -0.4001218946207123 -0.5901140891325076
1.599562979207565 -0.5910939497958677 -0.443573570288432
1.574601998105404 -0.6741284501316847 -0.3065159244674292
1.04396977969523 -0.2295447167096658 -0.4727609636752684
0.9967741597572932 -0.3490271934907336 -0.4095789017857456
1.067252231370424 -0.4016918653248508 -0.3001523644259563
0.9479720990889932 -0.465581339623694 -0.3444136639114446
0.8951042733726544 -0.4305437745330404 -0.47276261953272
1.542739847165734 -0.2810905447717869 -0.6139545659713196
1.595270262871887 -0.3435521328351531 -0.7232724272420306
1.343883717537753 -1.152117214148344 -0.5505760931364921
1.269290831384473 -0.5406577467632023 -0.09802245347930968
1.296067133870904 -0.7692894892368709 -1.004086661416666
1.484118796888959 -0.702559043707546 -0.1105028114834776
1.372238343190582 -0.5037815396868758 -0.1893207257134209
1.010778236453614 -0.9150094012512564 -0.7874434867808756
1.24744570491976 -0.4604121789869046 -0.1890951684281332
1.563216933075044 -0.780192104888072 -0.2157423329488216
1.297948483389732 -1.016043524303174 -0.7548805400171836
0.9345050816348683 -0.608358684985303 -0.1284403745551979
1.5358427961061 -0.1103801039690662 -0.87120204558197
1.565605475158804 -0.2334414675355092 -0.9536681104053708
0.8180214081974495 -0.5197915576668561 -0.7222716242992056
1.519358458820963 -1.052483281256817 -0.0980032581581054
1.264315709809303 -0.6419248657343897 -1.115004849470284
1.491773353437934 -0.5956995779173232 -0.2146012112951647
1.6199243194669 -0.4994201527219324 -0.7014219772081249
1.612452708010258 -0.7351435751572883 -0.4283049106637064
1.623253167809059 -0.6700125567418281 -0.5545294167932309
1.595132851335333 -0.8789704722629736 -0.3932088983356516
0.8435816421458449 -0.6707922544284112 -0.2287566065129134
1.341569774593473 -0.5129614300705819 -1.176694571675894
1.068882248346684 -0.1068359302984249 -0.5453404208915688
0.8510880298826428 -0.2415407302209889 -0.6557253406483817
0.9274007542792212 -0.2971717840203743 -0.5249346238774585
1.348244886505116 -0.8497155838052365 -0.91243322718807
0.9983821445174703 -0.5075839149983622 -0.2222597788709172
1.561003047849 -0.2136544036349617 -0.7718466131436015
0.9449767196570555 -0.7963557452274874 -0.8327625841744132
1.595276476980908 -0.546630575612479 -0.8443532792792182
1.44418681760689 -0.2251132896180233 -0.5262558195274771
1.462289636245004 -0.8772417346059845 -0.8013554194854824
1.455961144366268 -0.6844295221225678 -0.982277373131205
1.614282503408089 -0.5295045572796888 -0.5675581689696507
1.578063407805018 -0.8966772439847046 -0.259247538342717
1.480735227069003 -0.1171083250661776 -1.162847030124489
1.475703128683494 -1.171815502969334 -0.1132474392038413
1.135252859785388 -0.934747103301378 -0.8406019638303346
1.591279463918007 -0.3131300919413297 -0.8520569304251474
1.385245208971735 -1.198252374409261 -0.4260968994940626
1.44336887748023 -1.066801299423241 -0.5796005292650521
0.8656578259826818 -0.5465912223003382 -0.4170592235907985
0.8358708085692977 -0.5312327023703973 -0.5599955334191807
1.202911335287017 -0.3738746222056185 -0.2846320672652685
1.382131981604162 -0.3698688959953144 -1.226431325491594
1.107421813576111 -0.467216353071079 -0.199281697650337
1.602412649540149 -0.7496189962999971 -0.6567262086301734
1.524399440405258 -0.233586619793248 -1.085151556901175
1.515011027067425 -1.104702093108793 -0.2241139441194692
0.8735271101295351 -0.7064648707601127 -0.7907303820177121
1.554231836144485 -0.3428092690018757 -1.013271042929476
1.37474225422621 -0.2276984732492212 -1.282593430579361
1.608264949440174 -0.4297877709872567 -0.8078537228934471
0.8994456646712697 -0.567082255932055 -0.2864493599443388
1.442946390190061 -0.4695726117350588 -0.2807500706113772
1.479978180687893 -0.1649892801239776 -0.6326335132267049
0.8485550190230388 -0.6935185508798142 -0.1082730141011766
1.362356390266344 -0.689818445449245 -1.044357377495157
0.8250406889479071 -0.6486098620693251 -0.4761118571439368
1.595706309147775 -0.7861940779471619 -0.3271736424705455
1.250071558676213 -0.9466517474108362 -0.8412289400935771
1.436101124511691 -0.4529239969804894 -1.144355179833604
1.36509941306921 -1.068356065082966 -0.6563576416068495
0.9642725120446765 -0.1904922211979147 -0.5533808494929604
0.845556577280656 -0.1069656547134211 -0.696965044758039
1.624120089723129 -0.6051599364020954 -0.6459286309028219
1.366517386947094 -0.9325662301107875 -0.8189258385668956
1.565608340531701 -0.9587277244483785 -0.4615228689431429
0.8668103424169799 -0.3800791760045474 -0.5678282546715533
1.387269939304431 -1.236283053090713 -0.3365304414489081
1.43625464123179 -1.125831546036129 -0.4890053931118695
1.164397376813608 -0.5131066346649137 -0.1227450543059516
1.531063415278677 -0.6851051558897047 -0.2024208699635906
0.8340430849070805 -0.6467631105775985 -0.7019450411954096
1.393227475638457 -0.7668413530515978 -0.9638115566429372
1.427195092598769 -0.0791261350627947 -0.6562279675433982
1.549909295260068 -1.009439125816349 -0.2111561425122897
0.9310912108526138 -0.8573098642670033 -0.7523624030626318
2 8 0 125
1677
1678
1679
1680
1681
1682
1683
1684
1685
1686
1687
1688
1689
1690
1691
1692
1693
1694
1695
1696
1697
1698
1699
1700
1701
1702
1703
1704
1705
1706
1707
1708
1709
1710
1711
1712
1713
1714
1715
1716
1717
1718
1719
1720
1721
1722
1723
1724
1725
1726
1727
1728
1729
1730
1731
1732
1733
1734
1735
1736
1737
1738
1739
1740
1741
1742
1743
1744
1745
1746
1747
1748
1749
1750
1751
1752
1753
1754
1755
1756
1757
1758
1759
1760
1761
1762
1763
1764
1765
1766
1767
1768
1769
1770
1771
1772
1773
1774
1775
1776
1777
1778
1779
1780
1781
1782
1783
1784
1785
1786
1787
1788
1789
1790
1791
1792
1793
1794
1795
1796
1797
1798
1799
1800
1801
0.1006380572570524 -1.393207391771552 -0.6019906098737486
0.7547079009522978 -1.6034938629494 -0.6451496605384582
0.1050800837774936 -1.064502696759589 -0.5479941403273061
0.5393660845486096 -1.230754673399068 -0.09012858107800445
0.5438623343655162 -1.59649099201566 -0.8417049892802977
0.7450645240547312 -1.488791277945094 -0.08442803797264323
0.6769952025165683 -0.8224710654781789 -0.3927460231071167
0.7879578063303492 -1.464458247901433 -0.8874241099409639
0.3816633267676245 -0.8236729531237285 -0.6752213926315026
1.02053182593179 -1.135020671035338 -0.7492016514773282
0.9280418065507283 -1.579693914840336 -0.4468567416303584
0.1135045931338045 -1.538468094881634 -0.8880483871212959
0.7524843170532285 -1.143458845390223 -1.019799811363072
0.622459558729338 -0.9306527658353109 -0.1025406369064912
0.9823207681949001 -1.455875213099715 -0.684478113280279
0.5775637312051441 -1.438757143316309 -1.072117080481589
1.037462991307427 -1.526701528471957 -0.1155709746061237
0.3271967897888641 -1.55381554864713 -1.015695090488421
0.7896764463539205 -1.030729278784424 -0.9291842577783638
0.8570128805753278 -1.153953647031916 -0.9240773659483476
0.7788341538914116 -0.8703390376997288 -0.709453708366643
0.7060328106344854 -0.8299868378868998 -0.6190720573792763
1.10290731075915 -1.250850434884244 -0.6605262318177589
0.5680148766024629 -1.367273726765716 -0.1165566896855579
0.4754476388258581 -1.316553851232461 -0.1908667914812566
0.4565942964232033 -1.177212252477568 -0.1932966185928015
0.3845544761799339 -1.263949884154599 -0.2756347932858062
0.4235543251918747 -1.395706294894836 -0.2889363740020907
0.3804582449643128 -1.124168536385438 -0.2950745463293386
0.2945650382961018 -1.354012528514775 -0.3940992754794745
0.3743832145328892 -1.472826347942987 -0.4066314767868032
0.4927261908045523 -1.509400637547602 -0.336030029832742
0.4630109830176684 -1.563919347123859 -0.461865204745265
0.3423854327171961 -1.532298095469779 -0.5237121062110289
0.590107694465838 -1.585802114133393 -0.4001230070916016
0.4435653848746088 -1.599560890156224 -0.5910946865251563
0.3065127650040956 -1.574600243732176 -0.6741262309832302
0.4727628108997249 -1.04396409042844 -0.2295466131271319
0.4095821078313147 -0.9967678904363394 -0.3490300942351442
0.3001537711695351 -1.067244601928756 -0.4016949127048638
0.3558758706876436 -0.9444753596254833 -0.4604587990528841
0.4764841665124604 -0.8954466932470458 -0.4256692196955063
0.6139497750317021 -1.542738168326488 -0.2810913280488386
0.72326745762244 -1.595269981796283 -0.3435532337425864
1.152117221672625 -1.343883723590037 -0.5505760767865796
0.09802258431554095 -1.269286803906509 -0.5406565948207747
0.8060294234816101 -1.278851467709089 -0.975249631481369
0.9108091701371155 -1.282303811613515 -0.8735412680974053
0.1105031315679539 -1.484117372534264 -0.7025560620847828
0.1893212623893558 -1.372234650875386 -0.5037787901411759
0.6902251423871619 -1.250734314846519 -1.079228559948793
0.1890945250591573 -1.247440424225598 -0.4604121002745292
0.895250984595069 -1.050485309675288 -0.8385440714837057
0.2157387530797456 -1.563215639091824 -0.7801921674351122
0.1114500062204738 -0.9458955525218302 -0.6075060532140304
0.8711994607670415 -1.535842722137593 -0.1103806151545894
0.9536659450836186 -1.565605972431016 -0.2334421239309766
0.51742865835925 -0.8188958445033547 -0.7004923715748868
0.09800336990009938 -1.519358749312663 -1.0524821987129
0.2145987518410024 -1.491769585907962 -0.5956965926802769
0.7012789918941315 -1.619935834645973 -0.4995465061950689
0.4282953065004837 -1.612451448447277 -0.7351464881331922
0.5545215777443169 -1.623252925172258 -0.6700143947341
0.3932088461382144 -1.595132109455432 -0.8789740651221905
0.2407413634915583 -0.8387645756081118 -0.6752787948055432
0.5105936180947619 -1.347150703617116 -1.175280269487741
0.7037079559596183 -1.374405091913176 -1.027072544068985
0.5453417583670286 -1.068877502791151 -0.1068364270746536
0.6516361126005886 -0.8533791825783198 -0.2435094974231182
0.5249390277119388 -0.9273957617976318 -0.2971742637381712
0.2162827929895231 -0.9917721882844936 -0.5164049282230255
0.7718431779267851 -1.561002885821263 -0.2136556320917963
0.8441869467238211 -1.595303409494664 -0.546794510917218
0.5262521402154183 -1.444183551291256 -0.2251136818293342
0.8877991158323275 -1.465210879783598 -0.7867053821887917
1.008241581014956 -1.273403463629549 -0.7702450179353117
0.5675505844726454 -1.614281520225785 -0.529505739885122
0.2592472874283456 -1.578063389546263 -0.8966769803162613
1.162846297632555 -1.480735614704564 -0.1171084349014038
0.1132475145899901 -1.475703361891544 -1.171815078916104
0.4631236098156397 -0.8485998355101124 -0.5607355225472399
0.5855364079743872 -0.8386651114611778 -0.4787514278179556
0.8520541066037494 -1.591280252085036 -0.3131336464421636
1.198252381665229 -1.385245208450048 -0.4260968854605071
1.066801301043919 -1.443368876340647 -0.5796005282984752
0.6520258973489965 -0.8385232133149433 -0.7233855516577768
0.284631922514892 -1.202904327480651 -0.3738752463563909
0.3698717115497823 -1.382131362396391 -1.226430561233873
0.1992826851857821 -1.107416148820232 -0.467217472783026
0.6566794413114562 -1.602411621060928 -0.7496608344002448
1.085149970126684 -1.524400174087272 -0.23358721574106
0.2241137914651333 -1.515011116319331 -1.104701908351261
1.013269040227399 -1.554232695769719 -0.3428087156215148
0.2277002485331572 -1.374742606292181 -1.282592651306692
0.3157258395254819 -0.8836625176281877 -0.5740244562672594
0.8078472309608654 -1.608265861809399 -0.4297901572558237
0.8205944372800502 -0.943534044760316 -0.8064563462388523
0.2807476143102404 -1.442943348922448 -0.4695721721970428
0.6326300446616835 -1.479976255971891 -0.1649898182987486
0.9398325781033637 -1.167443244050178 -0.8438722273074025
0.1164565084720698 -0.8533305977562619 -0.6866058281054698
0.6822898526643733 -1.467162560744434 -0.9730405456255993
0.3271725100957753 -1.595706211868829 -0.7862004783508617
0.4529246418906607 -1.43610018676589 -1.144355717558513
1.057960348689819 -1.367201229438926 -0.6687714244318534
0.7111519792930537 -0.8794455216257154 -0.8008628179470226
0.868107482701725 -1.384934566808674 -0.8749710341384451
0.5532442976214248 -0.9643922603407706 -0.1905641015460168
0.6969658241768252 -0.845556422113647 -0.1069627586315158
0.645924259426753 -1.624120224276052 -0.6051620926296611
0.6947810076518907 -0.8182918810605497 -0.4972854108357317
0.4615240359224148 -1.565607596121205 -0.9587289950732412
0.586583326343912 -0.8652546052182386 -0.3521747051498204
1.236283055715608 -1.387269939443936 -0.3365304344555548
1.12614112943808 -1.436119476249244 -0.488648071423847
0.9607230609809438 -1.379956656330147 -0.7795421880238724
0.1227457391864182 -1.164392866043735 -0.5131065427555679
0.2024200201825921 -1.531062254550465 -0.6851033904765342
0.6074368272703187 -1.342790196603609 -1.114555618994027
0.5932365133806776 -0.8255234235601541 -0.5961949025145035
0.784510359618084 -1.385936659511795 -0.9528391579525843
0.6562252766499704 -1.427192921405606 -0.07912635688412514
0.2111575311943475 -1.549909792178573 -1.009437932650701
0.2091021976873359 -0.9095576271300594 -0.5942715773867674
0.9363933845884125 -0.9931654254162443 -0.7495381087066939
2 9 0 123
1802
1803
1804
1805
1806
1807
1808
1809
1810
1811
1812
1813
1814
1815
1816
1817
1818
1819
1820
1821
1822
1823
1824
1825
1826
1827
1828
1829
1830
1831
1832
1833
1834
1835
1836
1837
1838
1839
1840
1841
1842
1843
1844
1845
1846
1847
1848
1849
1850
1851
1852
1853
1854
1855
1856
1857
1858
1859
1860
1861
1862
1863
1864
1865
1866
1867
1868
1869
1870
1871
1872
1873
1874
1875
1876
1877
1878
1879
1880
1881
1882
1883
1884
1885
1886
1887
1888
1889
1890
1891
1892
1893
1894
1895
1896
1897
1898
1899
1900
1901
1902
1903
1904
1905
1906
1907
1908
1909
1910
1911
1912
1913
1914
1915
1916
1917
1918
1919
1920
1921
1922
1923
1924
-0.615798671821154 -0.07920013858498562 -1.385111642929759
-0.6484792251928685 -0.7242921357231354 -1.610061363882316
-0.5606091137077022 -0.08573997194548322 -1.062568281799395
-0.09338921947328727 -0.53732377231261 -1.234370677814656
-0.8417049892803011 -0.543862334365518 -1.596490992015659
-0.1005622391816227 -0.7319476459618253 -1.492690426852026
-0.379011648137431 -0.6711955623916053 -0.8251732714161294
-0.7939107651086186 -0.8706876054657956 -1.475071219150441
-0.6722862971863863 -0.3821861276224637 -0.8245897131922446
-1.020531830000688 -0.7492016471695927 -1.135020671571295
-0.4369479522917573 -0.9315013015682154 -1.57937292222982
-0.891889350110575 -0.107075594093399 -1.536368263968495
-0.752484318919159 -1.019799809326588 -1.143458844029475
-0.1134887271721858 -0.6188539050703312 -0.929339656537073
-0.9783821270643108 -0.6833134810269942 -1.460949396758066
-0.5741952642979882 -1.07151018692164 -1.441897721330125
-0.1155705777738725 -1.037464410084828 -1.526701115657492
-1.015695090488199 -0.3271967897886808 -1.553815548647225
-0.7894842561514253 -0.9291020041628755 -1.030375083180173
-0.8570081016767888 -0.9240780511669362 -1.153937700784625
-0.7086908657770049 -0.7840663921763733 -0.8719454528694097
-0.609579576812154 -0.7036092523752298 -0.8283445783827046
-1.102907309466443 -0.6605262326754342 -1.25085043915098
-0.1098797196252787 -0.5961497654631736 -1.396838358819467
-0.1815309570485758 -0.4946011746601312 -1.341999725584027
-0.1966203428543056 -0.4519081160011624 -1.20965058481886
-0.2780276148650743 -0.3952116193221247 -1.317865882215068
-0.2798835232380745 -0.4645311077475031 -1.436581411754745
-0.3041376976996998 -0.3574014416912669 -1.183493296593215
-0.3681330096686699 -0.3584817224477018 -1.414309479962379
-0.3935261155437643 -0.448067606937621 -1.518885553365663
-0.4767808257455155 -0.3387406530104906 -1.500253677188985
-0.5181288864025735 -0.4465237905130234 -1.579563189625053
-0.6016847547786421 -0.3350215903458958 -1.563862059841403
-0.2976503659084056 -0.5618706267025875 -1.526519883523986
-0.2522552127514993 -0.4359502285779555 -1.080228674777718
-0.3610437198201405 -0.3510810904336857 -1.055554757042408
-0.3335850381373841 -0.4524833412924161 -0.9673642445953565
-0.4005303207400438 -0.2623442594844145 -1.158754482047375
-0.4497038498851174 -0.3668438482817458 -0.9456221283121853
-0.5272513436528991 -0.1158889564159624 -1.274417913666555
-0.4469617550834813 -0.2628696264034657 -1.39285606275196
-1.152117225119019 -0.5505760702124304 -1.343883725162565
-0.6542649437586677 -0.4557321223641218 -1.612541236823791
-0.7396098322843068 -0.3437051678528603 -1.59693293840301
-0.6813262816280647 -0.2292853073661301 -1.543363544883179
-0.8060294271487894 -0.9752496281664421 -1.27885146758838
-0.9108091314538334 -0.8735414350100701 -1.282303199883425
-0.4360810615386109 -0.500503391922041 -0.8794419848224494
-0.6902251461052309 -1.079228556939488 -1.2507343148031
-0.5722692089752683 -0.5696996390298795 -1.620438605508478
-0.1191418983992405 -0.5317533361749526 -1.085755494882384
-0.8952495856254501 -0.838409870955133 -1.050287688143003
-0.6188537761952746 -0.1134886937281993 -0.9293398427725024
-0.533234742511254 -0.2146872967052791 -0.9714697770823042
-0.1088697713577866 -0.873065692172426 -1.535451251883861
-0.2200015507967767 -0.7666902030172381 -1.562449789843
-0.2246362650583334 -0.9552880734114776 -1.563905466694927
-0.7082540055075874 -0.5289445213083591 -0.8193744476854505
-1.029866518750115 -0.1115390958314644 -1.527516101021924
-0.509770022288388 -1.175786416241915 -1.347126555282643
-0.7047584539882483 -1.02564025882795 -1.375488032868299
-0.2226354608275802 -0.6618377173407454 -0.85077863201679
-0.6620636705395126 -0.2234269282843789 -0.8504626850390027
-0.815236966705896 -0.2293527679571513 -1.571951824194197
-0.8682505217671797 -0.3673156819658666 -1.59572383951759
-0.3685696894878092 -0.2978408062303613 -1.291508327567723
-0.1875107751723388 -0.6219234281747721 -1.489385184258516
-0.7320692549248284 -0.1001469687863148 -1.492489515853155
-0.2145850225430371 -0.5310479051035737 -0.974244754067387
-0.544149706498809 -0.8430247111381183 -1.596049887697071
-0.4101842797373939 -0.7906671078388618 -1.608413957924623
-0.7471757236938767 -0.6486678632250191 -1.604719056979039
-0.8882214893920664 -0.7775290483974661 -1.472756926374406
-0.5550090248945457 -0.2448777594452593 -1.486024449446299
-0.4350780695266134 -0.557928466353122 -1.588403365479237
-0.494745198907252 -0.6855207454380946 -1.619613282777214
-1.008241780550628 -0.7702448373548281 -1.273403236944602
-0.5694554413685394 -0.4767781976288541 -0.8432458550944381
-0.1171083255628756 -1.162846999495894 -1.480735242936683
-1.169005817754392 -0.1140900454879411 -1.477266815171962
-1.198252383812476 -0.4260968794798969 -1.385245209571245
-0.3421855501794995 -0.6867265902077614 -1.589490355103395
-0.3165800475421942 -0.5666721312821212 -0.8880815973686572
-0.5718460976337287 -0.3172119335563779 -0.8845305268746912
-1.066801302070368 -0.5796005276873148 -1.443368875618168
-0.4480663140009832 -0.2090337867369915 -1.278151074643771
-0.3569264135210481 -1.227570092995335 -1.387936346863172
-0.4984166059418192 -0.6094036397512761 -0.8308329935440047
-0.2387187612048889 -1.077445487289819 -1.527964416862849
-1.103586770287832 -0.2231935273801587 -1.515546512401552
-0.8039705645281329 -0.8243501916482413 -0.9444369706728101
-0.9429284324483683 -0.2139001695176167 -1.563984103362004
-0.3372603187054805 -1.008602066860018 -1.556358229094115
-0.2270693315724608 -1.281538263031803 -1.376222440646683
-0.7338192839080149 -0.6518591699103071 -0.8404094829164936
-0.3124020790034089 -0.853164564187836 -1.591076213767283
-0.4793558975568051 -0.1721422061781949 -1.140081934448646
-0.9398417262984458 -0.8438580725931905 -1.167420510820277
-0.4386888648156413 -0.2720344681081078 -1.045387860691524
-0.9501219973948525 -0.4536637392760686 -1.570423552090989
-0.6713799439069998 -0.9704247925467282 -1.477612572649623
-0.7695472209530443 -0.4536078482880614 -1.613514540450901
-0.4529246424097515 -1.144355717991313 -1.436100186011111
-0.5217152855620779 -0.181409708295153 -1.388328754454302
-1.057960347822722 -0.6687714232623657 -1.367201232731074
-0.8695221948939328 -0.8729598333599772 -1.385906339058119
-0.1069640865944525 -0.6969637112756163 -0.8455581506834908
-0.6969636175036453 -0.1069641491906502 -0.8455582266645816
-0.626515169576736 -0.1603363935687915 -1.472210988110172
-0.6923222205464803 -0.5559236592698509 -1.622266952511873
-1.237468804371574 -0.3329648118362436 -1.387527199959348
-1.126141131380341 -0.4886480696179699 -1.436119475140208
-0.262285467358896 -0.6600480176968014 -1.551621428303043
-0.9611302575986418 -0.7785982040007134 -1.380690025065042
-0.6073307855380787 -1.114553211639712 -1.342955595990696
-0.2067039809497869 -0.5370619775047091 -1.436530569259037
-0.6106696072743678 -0.5886191332709965 -0.8250620567044007
-0.7835782361907125 -0.9507830198156353 -1.390663831941293
-0.5429407153526398 -0.08171071567071519 -1.16662266039096
-0.4929075484000041 -0.7129825103079115 -0.8163187397637006
-0.8172492584752353 -0.7228097609742133 -0.8919454497753958
-0.9368477430640154 -0.7443887886182724 -0.9884165751580463
2 10 0 122
1925
1926
1927
1928
1929
1930
1931
1932
1933
1934
1935
1936
1937
1938
1939
1940
1941
1942
1943
1944
1945
1946
1947
1948
1949
1950
1951
1952
1953
1954
1955
1956
1957
1958
1959
1960
1961
1962
1963
1964
1965
1966
1967
1968
1969
1970
1971
1972
1973
1974
1975
1976
1977
1978
1979
1980
1981
1982
1983
1984
1985
1986
1987
1988
1989
1990
1991
1992
1993
1994
1995
1996
1997
1998
1999
2000
2001
2002
2003
2004
2005
2006
2007
2008
2009
2010
2011
2012
2013
2014
2015
2016
2017
2018
2019
2020
2021
2022
2023
2024
2025
2026
2027
2028
2029
2030
2031
2032
2033
2034
2035
2036
2037
2038
2039
2040
2041
2042
2043
2044
2045
2046
-1.393212082519169 0.6019930984225852 -0.1006394980194676
-1.605074026814677 0.647342027417109 -0.7468083310277379
-1.064509149901779 0.5479923787521994 -0.1050792062257538
-1.23075903530902 0.09012820404916974 -0.5393669784169469
-1.59649099201566 0.8417049892802908 -0.5438623343655272
-1.488792348929322 0.08442767389201863 -0.7450673185485551
-0.8239181713769477 0.4031124517410862 -0.670102309585173
-1.464458247901435 0.7879578063303408 -0.8874241099409692
-0.8254162541338574 0.6738769569256987 -0.3634075080146209
-1.15422222768219 1.02387374416191 -0.7507436534195433
-1.579372922229817 0.4369479522917497 -0.9315013015682271
-1.538468157613824 0.8880511443753419 -0.1135042596191342
-1.159386524733877 0.7367951490889879 -1.037392194437293
-0.9306566551377945 0.1025398318785218 -0.6224570092014602
-1.448677000966295 0.9789548955773282 -0.6973840761438974
-1.434710941057626 0.5826658354964775 -1.072308292425894
-1.526701096904278 0.1155705595315178 -1.037464474340599
-1.553815548647133 1.015695090488412 -0.3271967897888788
-1.053772889384021 0.8099483503014278 -0.9256199004372203
-1.195117289938483 0.8498926905716916 -0.9381482844127547
-0.8719453895503668 0.7840663143205238 -0.7086907783763652
-0.8256226893935723 0.7128261139860999 -0.5852384579304284
-1.253275374573766 1.102924044169914 -0.6600436985578313
-1.367277027990921 0.1165564955824024 -0.5680172112271604
-1.316558474118239 0.1908662785993121 -0.4754497960072983
-1.177217756539051 0.1932954422840922 -0.4565946610023397
-1.263955772611181 0.2756341603809999 -0.3845559145188484
-1.395711020453342 0.2889356406491523 -0.4235582230631122
-1.124175199712117 0.2950731395959761 -0.3804572269225823
-1.354018169586791 0.3941012204224409 -0.2945658380558316
-1.472830304429738 0.4066308393784683 -0.3743882739498388
-1.509403694806953 0.3360292403396949 -0.4927315736651723
-1.563922007951387 0.4618644525579692 -0.4630177571891014
-1.532301989271229 0.523711704564198 -0.3423924138586568
-1.585803520487513 0.400121796649735 -0.590114106039589
-1.599562973112726 0.5910938170162566 -0.4435736556874799
-1.574602064598889 0.6741285260055947 -0.3065160497879379
-1.043969689546241 0.229544801891057 -0.4727609517267075
-0.9967739454743257 0.3490273693201613 -0.409578941070451
-1.067252065812163 0.4016920442148324 -0.3001522685201276
-0.9479718444616519 0.4655816162463502 -0.3444137005960996
-0.8951040135877829 0.4305440581056819 -0.4727628703723455
-1.542739808686457 0.2810904749866892 -0.6139545614217597
-1.595270229760943 0.3435520119440667 -0.7232724115053061
-1.343883703128875 1.152117201339503 -0.550576124100172
-1.269292226817825 0.5406581500142453 -0.09802240312280308
-1.296062559527175 0.7692959584407438 -1.004082207349776
-1.484119312465284 0.7025601115267808 -0.1105027049996999
-1.372239671263971 0.503782502332409 -0.1893205608710569
-1.010778156442953 0.915009330307373 -0.7874434873760263
-1.247447150276535 0.4604127571237122 -0.189094697455352
-1.563217031032575 0.7801928195921098 -0.2157422828510395
-1.297948190514281 1.016045423590972 -0.7548784151154601
-0.9345064330087935 0.6083579181380553 -0.1284397269896669
-1.535842790249743 0.1103800865394006 -0.8712020542079364
-1.565605475363798 0.2334414664782841 -0.9536681083809019
-0.8180207359687289 0.5197833340879329 -0.7222670721975005
-1.51935835518324 1.052483667100858 -0.09800321787257185
-1.26431327687803 0.6419293369899146 -1.11500191568828
-1.491773623633895 0.5956997263758135 -0.2146014477744377
-1.619986073415772 0.5001008535556343 -0.7006560652668413
-1.612452723073618 0.7351433694082181 -0.4283050265371693
-1.623253171799745 0.6700124444754012 -0.5545294551859373
-1.595132866575318 0.8789703700983127 -0.3932087094276157
-0.8435817487330631 0.6707921730451403 -0.2287563005435798
-1.341568868734046 0.5129652981606053 -1.176692683894969
-1.068882240512353 0.1068358206195107 -0.5453404931302207
-0.8510901199169082 0.2415324385819832 -0.6557247107711738
-0.9274004928622572 0.2971718132305033 -0.5249349202714249
-1.348327533436216 0.849569265506692 -0.9125363236401426
-0.99838342032351 0.5075834100870189 -0.2222591495635135
-1.561003030859919 0.2136543577428948 -0.7718466151026411
-0.9449704892062356 0.7963543969034363 -0.8327552979339443
-1.596176458139047 0.5451858359384884 -0.8421151521407187
-1.44418680365449 0.2251132629925428 -0.5262558321386759
-1.458278672548692 0.6860922406968829 -0.978819021199363
-1.462288691543297 0.8772253843458664 -0.8013739364808997
-1.614282490758784 0.5295044325820528 -0.5675582244729821
-1.578063317999046 0.8966777795320721 -0.2592473471697038
-1.480735227956768 0.1171083257985318 -1.162847028524411
-1.47570304596796 1.171815653438569 -0.1132474129037102
-1.135249700505613 0.9347495696869736 -0.8405983881920577
-1.591279456713946 0.3131300357971272 -0.8520569076994818
-1.385245212644568 1.198252360870691 -0.4260969218107801
-1.443368878738179 1.066801297637876 -0.5796005303262699
-0.86565779646786 0.546591370885586 -0.4170591089446991
-0.8358708630075722 0.5312321419220262 -0.5599957231061572
-1.202911720118236 0.3738746849305672 -0.2846319719686129
-1.387496328054572 0.3564657347505886 -1.228095715739446
-1.107424170235463 0.4672156837322209 -0.1992815500417796
-1.604526009218357 0.7426603557765477 -0.655242734520999
-1.527964387827632 0.2387187390422568 -1.077445551797573
-1.515010995197383 1.104702159081863 -0.2241139986292165
-0.8735237420365379 0.7064577097598882 -0.7907291695692196
-1.555093718083109 0.3414702549526447 -1.011330356009918
-1.376069070514231 0.226706581086147 -1.281764889170339
-1.608264950615638 0.4297875920479401 -0.8078536313866019
-0.8994467195571101 0.5670819256499467 -0.2864473776768075
-1.442946490187981 0.4695726538088272 -0.2807501236122839
-1.479978146700764 0.1649892327351899 -0.6326335150662112
-0.8485562645037952 0.6935173140102713 -0.1082726927086843
-1.36261782925984 0.6896569094310627 -1.0443498546848
-0.8250407749623154 0.6486093376166843 -0.4761121138162488
-1.59570628667897 0.7861938657458797 -0.3271735579639053
-1.250088835305549 0.9466313704823334 -0.8412487788341454
-1.436100189400084 0.4529246400790659 -1.144355716048013
-1.365099423959294 1.068356206617978 -0.6563574430196951
-0.9642725259388837 0.1904918819631786 -0.5533810317746207
-0.8455582252948581 0.1069641490323185 -0.6969636189880537
-1.624257388983103 0.6101344693418478 -0.6395334291222
-1.36651950199519 0.9325683006189529 -0.8189224077216014
-1.565608390631685 0.9587276389327239 -0.4615227904031559
-0.8668108553436396 0.3800790239562889 -0.5678272784190657
-1.387527206868714 1.237468789422982 -0.3329648365600442
-1.436254648601501 1.125831536032798 -0.4890053996268695
-1.164398961244189 0.513106638181992 -0.1227448523357912
-1.531063654034392 0.6851057408012038 -0.2024208773470939
-0.8340408777088666 0.6467558838255117 -0.7019385115208183
-1.393688221903432 0.7658313317446527 -0.9643931057850927
-1.427195058299473 0.07912607192909871 -0.6562279941346307
-1.549909116670126 1.009439555483524 -0.2111556452230092
-0.9310903931233292 0.8573139893578382 -0.752357186953416
2 11 0 125
2047
2048
2049
2050
2051
2052
2053
2054
2055
2056
2057
2058
2059
2060
2061
2062
2063
2064
2065
2066
2067
2068
2069
2070
2071
2072
2073
2074
2075
2076
2077
2078
2079
2080
2081
2082
2083
2084
2085
2086
2087
2088
2089
2090
2091
2092
2093
2094
2095
2096
2097
2098
2099
2100
2101
2102
2103
2104
2105
2106
2107
2108
2109
2110
2111
2112
2113
2114
2115
2116
2117
2118
2119
2120
2121
2122
2123
2124
2125
2126
2127
2128
2129
2130
2131
2132
2133
2134
2135
2136
2137
2138
2139
2140
2141
2142
2143
2144
2145
2146
2147
2148
2149
2150
2151
2152
2153
2154
2155
2156
2157
2158
2159
2160
2161
2162
2163
2164
2165
2166
2167
2168
2169
2170
2171
-0.1006377700005021 1.393206837935263 -0.6019904280262363
-0.7468083310277338 1.605074026814677 -0.6473420274171151
-0.1050801369339542 1.064502419594748 -0.547994206294948
-0.5393657846330139 1.230753185234456 -0.09012870326592667
-0.5438623343655262 1.59649099201566 -0.8417049892802946
-0.7450635968516716 1.488790893389591 -0.08442811188447155
-0.6769949741724911 0.8224712262898399 -0.3927443026966995
-0.7939093622214948 1.475071206339699 -0.8706889260159802
-0.3816738880311526 0.8236718186370918 -0.6752228269642961
-1.020530382756118 1.135023655972611 -0.7492041616420889
-0.9315013015682212 1.579372922229818 -0.43694795229176
-0.1135046108466491 1.538468089529188 -0.8880482104715399
-0.7524820257212239 1.143464040109785 -1.019803200311509
-0.6224604394635014 0.930651463443143 -0.1025408417851401
-0.9783820149651572 1.46094952018778 -0.6833134716161446
-0.5741942796321473 1.441897700747049 -1.07151082369863
-1.037462489817646 1.52670167357905 -0.1155711110425474
-0.3271967897888812 1.553815548647133 -1.015695090488412
-0.7896743071372266 1.03073515624964 -0.9291908565243751
-0.8570097810951038 1.153960577330891 -0.9240821188701387
-0.778834247590536 0.8703393663088846 -0.7094544695224309
-0.706033447385603 0.8299867926363493 -0.6190713369978905
-1.102907268792195 1.250851279142821 -0.6605261290574973
-0.5680140856611352 1.367272576200461 -0.116556732611015
-0.4754469244649184 1.316552261516303 -0.1908669373545389
-0.456594184484224 1.17721040773873 -0.1932970003866789
-0.3845538995024356 1.263947873225737 -0.2756351000661509
-0.4235530254351411 1.395704636393985 -0.2889365614638596
-0.3804585280839631 1.124166416314343 -0.2950750381165053
-0.2945648004086221 1.354010961895999 -0.3940987506761255
-0.3743815227587918 1.472824939505402 -0.406631594207716
-0.4927243200811475 1.509399506333527 -0.3360302054873729
-0.4630086388809415 1.563918346679464 -0.4618652848689989
-0.3423830828130848 1.53229666746215 -0.5237120280116254
-0.5901054147227729 1.585801556007239 -0.4001232703444055
-0.4435625004737653 1.599560102777162 -0.5910947164519733
-0.3065117345204914 1.574599634437234 -0.6741253615428561
-0.472763442870092 1.04396231726628 -0.229547128977501
-0.4095831734748621 0.9967660432640034 -0.3490308169230874
-0.3001544733891036 1.067242168912942 -0.4016956583655832
-0.3558803026043023 0.9444731459409359 -0.460457885445799
-0.4764862836004145 0.8954455026127146 -0.4256694236963118
-0.6139480698590715 1.542737531156982 -0.2810915310492944
-0.723265680646031 1.595269847638952 -0.3435534975173603
-1.152117194252767 1.343883697427792 -0.5505761394998876
-0.09802258852437001 1.269286436054763 -0.5406564959495261
-0.8060226266576975 1.278856950880423 -0.9752547533860787
-0.9108048842434263 1.282310673562471 -0.8735442140915802
-0.1105031578272112 1.48411725618343 -0.7025558183905251
-0.1893213194718679 1.372234351295596 -0.5037785544059301
-0.6902208708659642 1.250737489149464 -1.079231603169939
-0.1890940221676931 1.247439710127618 -0.4604124473648172
-0.8952498935472589 1.050492933807303 -0.838550400927435
-0.215737420256953 1.563215241000575 -0.7801927053305113
-0.1114503781285517 0.9458944290715386 -0.6075066836295141
-0.8711985832180176 1.535842694265334 -0.1103807815993525
-0.9536652120785525 1.565606140501119 -0.2334423444300611
-0.5174316338011077 0.8188958134713469 -0.7004959157878297
-0.09800337069452948 1.519358771070143 -1.052482110967152
-0.2145980794300904 1.491768387684898 -0.5956955233671875
-0.7007655180569246 1.619978684045083 -0.5000238313078651
-0.4282918956407157 1.612451000884347 -0.735147245207674
-0.5545187502705782 1.623252842215531 -0.6700148890368822
-0.3932086096515898 1.595131872121385 -0.8789751816864814
-0.2407499690173392 0.8387619605434522 -0.6752808915841637
-0.5097676753841297 1.347127837965395 -1.175787155800968
-0.7047532771432068 1.375486837726793 -1.025645024154196
-0.5453421859422981 1.068875927245927 -0.106836618021889
-0.6516365361662929 0.8533789401778668 -0.2435093179360789
-0.5249402222195446 0.9273943949887323 -0.2971749597170906
-0.2162827914772698 0.9917717989043867 -0.5164052182705547
-0.7718419966278183 1.561002822468383 -0.2136560343425308
-0.8430247111382343 1.596049887697004 -0.5441497064990235
-0.5262508882409864 1.444182373375585 -0.2251137484840384
-0.8882206937510098 1.472757368955407 -0.7775294040963687
-1.008238073981561 1.273407790405813 -0.7702481207288059
-0.567547876547832 1.614281138096426 -0.5295059803627605
-0.2592470431159578 1.578063314316427 -0.8966772810647131
-1.162846051390927 1.480735744788497 -0.1171084690966662
-0.1132475178709836 1.47570338015539 -1.171815045323889
-0.4631344826405085 0.8485970555529074 -0.5607367646190539
-0.5855356231622866 0.8386654562168048 -0.4787505050025699
-0.8520531287740041 1.59128053385009 -0.3131349326043611
-1.198252354036381 1.385245213135953 -0.4260969350287982
-1.066801296111906 1.443368879812323 -0.579600531234753
-0.6520293792912759 0.8385236127599731 -0.7233835785207416
-0.2846318998904142 1.20290232402854 -0.3738754072023949
-0.356925592139626 1.387937032356206 -1.227569909583504
-0.1992830379927602 1.107416144964566 -0.4672172012498486
-0.6552409318401597 1.604526212000378 -0.7426610191514851
-1.07744325865364 1.527965427872934 -0.2387198893128135
-0.2241137769577762 1.515011124801308 -1.104701890792971
-1.011327961922968 1.555094703203038 -0.3414702008125045
-0.2270683790611429 1.376222227704285 -1.281538700251642
-0.315737320592885 0.8836581608813673 -0.574025066498469
-0.8078447802991556 1.608266195511598 -0.4297908634376849
-0.8205942638301358 0.9435365347578087 -0.8064599939236128
-0.280746790357918 1.44294224729127 -0.4695719475470062
-0.6326288163482083 1.47997551613949 -0.164989930535918
-0.9398280840957366 1.167449458778818 -0.8438781652412507
-0.1164628085858114 0.8533261236612322 -0.6866090371076129
-0.6713806963424408 1.477611400568886 -0.9704254865860743
-0.3271720170121578 1.595706152246635 -0.7862024827911025
-0.4529240548803115 1.436101040321377 -1.144355228110424
-1.057960352122702 1.367201216267741 -0.6687714291587038
-0.7111543576232703 0.8794468767659931 -0.8008636086154522
-0.8695184488223784 1.385909865381255 -0.8729613775002032
-0.5532452162986431 0.9643908175118036 -0.19056450933543
-0.6969665590256831 0.8455558272325998 -0.1069622653523277
-0.6395578246349389 1.624257193943825 -0.6101046069769807
-0.6947809482365382 0.8182918564645115 -0.4972846803415966
-0.4615243462521481 1.565607398161879 -0.9587293329646166
-0.5865839714742938 0.8652542433372672 -0.3521748119564931
-1.237468786503978 1.387527207073731 -0.3329648436972066
-1.126141108249509 1.436119491061676 -0.4886480865817863
-0.9611267109221245 1.380692335993255 -0.7786007297522944
-0.1227458450756725 1.164392462625885 -0.5131065012532631
-0.2024197184503861 1.531061996168673 -0.6851031466127927
-0.6073267678240938 1.342956891720802 -1.114555417277781
-0.5932367672657592 0.825523630515191 -0.5961900937883227
-0.7835726235208758 1.390665832438902 -0.9507867435042006
-0.6562244020963623 1.427192127581554 -0.07912633261004262
-0.2111576438717696 1.54990983299549 -1.009437833985252
-0.2091078553183183 0.9095525806654562 -0.5942742803843654
-0.9363914501017991 0.9931672983406292 -0.7495418746132636
2 12 0 123
2172
2173
2174
2175
2176
2177
2178
2179
2180
2181
2182
2183
2184
2185
2186
2187
2188
2189
2190
2191
2192
2193
2194
2195
2196
2197
2198
2199
2200
2201
2202
2203
2204
2205
2206
2207
2208
2209
2210
2211
2212
2213
2214
2215
2216
2217
2218
2219
2220
2221
2222
2223
2224
2225
2226
2227
2228
2229
2230
2231
2232
2233
2234
2235
2236
2237
2238
2239
2240
2241
2242
2243
2244
2245
2246
2247
2248
2249
2250
2251
2252
2253
2254
2255
2256
2257
2258
2259
2260
2261
2262
2263
2264
2265
2266
2267
2268
2269
2270
2271
2272
2273
2274
2275
2276
2277
2278
2279
2280
2281
2282
2283
2284
2285
2286
2287
2288
2289
2290
2291
2292
2293
2294
0.6158027875387506 1.385117511875499 0.07920079481601194
0.6484789353107751 1.610061400643287 0.7242921985533725
0.5606056871638183 1.062577356930816 0.08574053444945123
0.09338921224062496 1.234370715057494 0.5373237834407241
0.8417049892803108 1.596490992015658 0.5438623343655051
0.1005622349628686 1.492690432166808 0.7319476627801214
0.3830591074716081 0.8217748149159458 0.6809441523488662
0.7939093623239689 1.475071206319087 0.8706889259432252
0.6780448199396021 0.8240948149067463 0.3611108362779649
1.020530405419736 1.135023684824416 0.7492041456504517
0.4369479522917704 1.579372922229821 0.9315013015682091
0.8918918733216316 1.536368941143216 0.1070769792501427
0.7524820255431068 1.143464039951018 1.019803200433146
0.1134887224713365 0.9293396868419047 0.6188538837858728
0.9783820185826316 1.460949519724528 0.6833134674570794
0.5741942796670746 1.441897700747644 1.071510823676162
0.1155705741721176 1.526701113924451 1.037464414280359
1.015695090488429 1.553815548647127 0.327196789788856
0.7896743087845658 1.030735159947987 0.9291908577332063
0.8570097874406913 1.15396057537027 0.9240821121893003
0.7788342913314651 0.8703394175705107 0.7094545611579156
0.6980494047814986 0.8266988005327491 0.6004508386364769
1.102907298898653 1.25085132034692 0.660526083068228
0.1098796286308273 1.396838339756418 0.5961498368705127
0.1815308739011134 1.341999731638573 0.4946012532718507
0.1966201875601127 1.209650758577555 0.4519082457745342
0.2780272962638548 1.317865881581459 0.3952119233159216
0.2798832194093647 1.436581161070452 0.4645311815150883
0.304137328316895 1.183493646194431 0.3574017469349035
0.3681324814045419 1.41430925873669 0.3584820828955755
0.3935254293490196 1.518885119948538 0.4480676316060912
0.4767798917024772 1.500253273393416 0.3387410181731247
0.5181277161954911 1.579562740493883 0.4465236982439764
0.6016833192536154 1.563861652857816 0.3350218534875166
0.2976495722827999 1.526519542998661 0.561870880874257
0.2522549493891204 1.08022920777742 0.4359501936059994
0.3610430882462622 1.055555476434208 0.3510812518266297
0.3335861398334055 0.9673649637322717 0.4524816636716963
0.4005294692345468 1.158755238688253 0.2623450348788589
0.4564902330299349 0.9507267956087576 0.3514309415972154
0.5272547471481741 1.2744231372868 0.1158865115476612
0.4469654219837468 1.39285715616953 0.2628665890586758
1.152117226035589 1.343883702600704 0.5505760859859978
0.6542632742498049 1.612541025894932 0.4557319004421374
0.7396088690408238 1.596932799086371 0.3437049285051724
0.6813256518017159 1.543363234698794 0.2292851397266844
0.8060226267537218 1.278856950032246 0.9752547534634917
0.9108048707229411 1.282310685334882 0.8735442254419677
0.4440242098395289 0.8833453259773845 0.4849176896598376
0.6902208709478401 1.250737488889855 1.079231603137947
0.5722677977192947 1.620438408479457 0.5696991618897542
0.1191419346974386 1.085755714164266 0.5317532429697889
0.8952499015860804 1.050492936814555 0.8385503948748918
0.6127697995331945 0.9280651989946098 0.1300301887360848
0.5273007321820207 0.9788086255566855 0.2147617966479308
0.1088697624499771 1.535451249385629 0.8730657014312373
0.2200014224773316 1.562449752249018 0.7666902607187043
0.2246362526779418 1.563905463845515 0.9552880780103118
0.5251088099333973 0.8204064714207889 0.6839710235123341
1.029868875389602 1.527515788112711 0.1115399416797523
0.5097676753914342 1.347127837969108 1.175787155794665
0.7047532773824581 1.375486837741583 1.025645023956489
0.222105016706717 0.8502099521778843 0.6628114532341929
0.6787350819306901 0.8395918033767166 0.2213208399635539
0.8152383755503739 1.57195184199257 0.2293524663464041
0.868252418246789 1.595723347058273 0.3673131884504113
0.3685706026019424 1.291509023563102 0.297840034217048
0.1875105839234882 1.489385114113785 0.6219235322068996
0.732074293966485 1.492492482673745 0.1001479101326895
0.2136098233383404 0.9760954595910141 0.5301715376540637
0.544149706498988 1.596049887697019 0.8430247111382025
0.4101832336263304 1.608413811944359 0.7906677104168743
0.7471757236940642 1.604719056978979 0.6486678632250868
0.8882206948659718 1.472757370651805 0.7775294008469974
0.5550086935275291 1.486026790919178 0.2448810967281596
0.4350771676779391 1.588402936753589 0.5579280377151256
0.4947442738978187 1.619613193622828 0.6855204074034371
1.008238095707068 1.27340781923718 0.7702480899688496
0.1171083232242409 1.480735240758995 1.16284700333353
1.16900668689943 1.477266358972384 0.1140900959336917
1.198252374179236 1.385245215011175 0.4260968913091743
0.5557250329367869 0.8608357181460754 0.4206307766885178
0.3421845112985895 1.589490067680873 0.6867267557692727
0.3385992972282605 0.880854810555618 0.5658082104590149
1.066801307787892 1.443368871593525 0.5796005242834418
0.6539171429652326 0.8403775199771497 0.731152002025762
0.5668494167846079 0.8320003900001962 0.5502280977283684
0.448066342801798 1.278153991108141 0.2090344585963687
0.3569255921420464 1.387937032356513 1.227569909582269
0.2387187583968398 1.527964415406263 1.077445490442443
1.103587382109644 1.515546220461002 0.2231940316773368
0.9429321410368046 1.563984156424338 0.2139032542282585
0.3372603159611479 1.556358228481149 1.008602068622538
0.2270683790619721 1.376222227704437 1.281538700251289
0.8205942827023254 0.9435365781267087 0.8064600356324425
0.3124018907152435 1.591076172904751 0.8531647007792014
0.5766761006427772 0.8923130901059831 0.2868119236460063
0.4790352089113865 1.140876845286356 0.1723449189512907
0.9398281096296184 1.167449464143515 0.8438781398380855
0.4366057680404019 1.047477824901339 0.2730047446051627
0.9501216143917691 1.570423756492539 0.4536633914511469
0.6713806963068105 1.477611400624405 0.9704254865531918
0.7695460431560517 1.613514658586484 0.453608210675491
0.4529240548803161 1.436101040321381 1.144355228110419
0.521716808888771 1.388332755078491 0.1814110475694487
1.057960351059139 1.367201221723138 0.6687714267258307
0.7126932879287062 0.8815162153657109 0.804268374472705
0.8695184332498485 1.385909878223176 0.8729613850489966
0.1069654752579825 0.8455566529556225 0.6969650027167132
0.6969593026249933 0.8455617563134119 0.1069668628922101
0.6265187947432709 1.472215569492725 0.1603389605175111
0.6608170546526863 0.8227277051346302 0.4798820259455771
0.6923213835855252 1.622267005121037 0.5559236952177437
1.237468800269178 1.387527200920477 0.3329648205085248
1.126141125403001 1.436119482397077 0.488648068741015
0.2622850753810441 1.551621205184834 0.6600479099556099
0.9611267012575645 1.380692348250444 0.7786007327207801
0.4588372975627086 0.8383182912904363 0.5985454189461187
0.6073267678583241 1.342956891721347 1.114555417253632
0.2067036632054559 1.436530397666494 0.5370621270520406
0.7835726179019178 1.390665835449308 0.950786746607549
0.5429409823290776 1.166631341256426 0.08170975627794391
0.9363915016520983 0.9931673547784774 0.7495418779563428
2 13 0 122
2295
2296
2297
2298
2299
2300
2301
2302
2303
2304
2305
2306
2307
2308
2309
2310
2311
2312
2313
2314
2315
2316
2317
2318
2319
2320
2321
2322
2323
2324
2325
2326
2327
2328
2329
2330
2331
2332
2333
2334
2335
2336
2337
2338
2339
2340
2341
2342
2343
2344
2345
2346
2347
2348
2349
2350
2351
2352
2353
2354
2355
2356
2357
2358
2359
2360
2361
2362
2363
2364
2365
2366
2367
2368
2369
2370
2371
2372
2373
2374
2375
2376
2377
2378
2379
2380
2381
2382
2383
2384
2385
2386
2387
2388
2389
2390
2391
2392
2393
2394
2395
2396
2397
2398
2399
2400
2401
2402
2403
2404
2405
2406
2407
2408
2409
2410
2411
2412
2413
2414
2415
2416
0.6019906306894971 0.1006386760845571 1.39320813476419
0.6473420274171222 0.7468083310277251 1.605074026814677
0.5479943420925506 0.1050800441538839 1.06450220289463
0.09012824404989667 0.5393669196943724 1.230758835346274
0.8417049892803029 0.5438623343655155 1.596490992015659
0.08442784703093448 0.7450671058485349 1.488792357983414
0.4031203478573441 0.6701037118383988 0.82391729302974
0.7879578063303541 0.8874241099409564 1.464458247901436
0.6738773046385922 0.3634084602958782 0.8254160558936727
1.023872543578228 0.7507451851653674 1.154223074110963
0.4369479522917633 0.931501301568215 1.57937292222982
0.8880483020483324 0.1135045747216888 1.538468082477338
0.7367915780895326 1.037396155602966 1.15939071867453
0.102540936430429 0.6224570310252959 0.9306560049363057
0.9789547412118073 0.6973844652266685 1.448676834545292
0.5826644790586346 1.072308827318022 1.434711338982763
0.115570576537127 1.037464398618931 1.526701118056191
1.01569509048842 0.3271967897888673 1.55381554864713
0.8099471919196556 0.9256242357800266 1.053777782514844
0.8498882366069044 0.9381531381298649 1.195122932729715
0.7840663957512155 0.7086908652170136 0.8719454539625864
0.7128287568671725 0.5852370682489878 0.8256226533850861
1.102923872041527 0.6600439156719541 1.253275388087174
0.1165565989899704 0.5680170684483901 1.367276954904483
0.1908663849375066 0.4754496330248832 1.316558290565877
0.1932955689127392 0.456594597209849 1.177217388630386
0.2756338537406446 0.3845561659296765 1.263955507605488
0.2889358484162162 0.4235579346737628 1.395710893277217
0.2950728880710819 0.3804576649518937 1.124174608060629
0.3941006262362515 0.2945656638375329 1.35401658730965
0.4066311369520931 0.3743878853341507 1.472830222448978
0.3360295625171281 0.4927313897551382 1.509403795768681
0.461865019344168 0.4630174663601002 1.563922130072632
0.5237123489027595 0.342391902070922 1.532302041803257
0.4001223351073652 0.5901140287811696 1.585803685512014
0.5910946718981531 0.443573346804413 1.599563078680149
0.6741285625472475 0.3065155246551399 1.574601876216932
0.2295448983941264 0.4727611029543437 1.0439693003102
0.3490275102444417 0.409579141024457 0.9967735936472699
0.4016922678023767 0.3001523168507493 1.067251592834574
0.4655819180010419 0.3444139129455143 0.9479714505277661
0.4305442800562625 0.4727630913475177 0.8951037976663918
0.2810908113917989 0.6139545295612443 1.542739970730194
0.3435525848630299 0.7232724211603744 1.595270379280308
1.152117218344694 0.5505760844037574 1.343883720407262
0.5406565698652599 0.0980225931546935 1.269286735608504
0.7692900443181423 1.004086294634684 1.296066681918516
0.7025559121703142 0.1105031243633858 1.484117285267958
0.5037787096021102 0.1893212192390047 1.372234452365741
0.9150094058843373 0.787443484578953 1.010778239238511
0.4604106514137368 0.1890963375735243 1.247441344703513
0.7801900914623925 0.2157424863586496 1.563216661581844
1.016043689084191 0.7548803530525969 1.297948466329063
0.6083609894161932 0.1284420021664866 0.9345012024789838
0.1103801679727724 0.871201900309075 1.53584280564075
0.2334414963597168 0.9536680058570939 1.565605498722519
0.5197909007416347 0.7222712632681028 0.8180213543997196
1.052482153537952 0.09800337384764773 1.519358761280091
0.6419252804861553 1.11500458114407 1.264315464623133
0.5956994339471918 0.2146004340474356 1.49177269386172
0.5001015636196318 0.7006559623561363 1.619986124613714
0.7351445035798703 0.428304699534692 1.612452680993735
0.6700130846511229 0.5545294088015321 1.623253153285422
0.878971007805412 0.393209632437583 1.595132763569222
0.6707923870038355 0.2287568740057301 0.8435815085881349
0.5129617811882999 1.176694399454561 1.341569694095085
0.1068359570319921 0.5453404990993924 1.06888197506262
0.2415400248849384 0.6557253459366129 0.8510881689473175
0.2971720771218714 0.5249349955301402 0.9274002875210446
0.8495698174312071 0.9125344834484326 1.348330434898819
0.5075859910238122 0.2222610913546125 0.9983780777422654
0.2136545460706003 0.7718464746745963 1.561003076439377
0.7963556300241662 0.8327619216309465 0.9449761584820622
0.5451858359385019 0.84211515214073 1.596176458139041
0.2251135050785946 0.5262556297131191 1.444186843298418
0.6860910765598919 0.978819763160429 1.458278829748721
0.8772250878980504 0.8013742117234635 1.462288730191221
0.5295051447217063 0.5675580735734629 1.614282588953846
0.8966757141336571 0.2592481056096778 1.578063668175138
0.1171083286602846 1.162846995743722 1.480735245133386
1.171815063108353 0.1132475152358739 1.475703370415959
0.934747324659153 0.8406016497571063 1.135252597214101
0.3131301215478555 0.852056866505872 1.591279473630239
1.198252377524367 0.4260968918599324 1.385245209870927
1.066801300447092 0.5796005286537957 1.443368876760759
0.546591799803792 0.4170599640451811 0.8656573596429725
0.5312331694098787 0.5599960109817526 0.835870646439813
0.3738746399184904 0.2846321698137433 1.202909697789492
0.3564645698594563 1.228095702068839 1.38749697805104
0.467218494984484 0.1992819985836241 1.107414671210917
0.7426605219653413 0.6552427225786445 1.604525969829498
0.2387187766441141 1.077445472194968 1.527964423880466
1.104701899642793 0.2241137842698416 1.515011120526178
0.7064642428395473 0.7907302717698742 0.8735268133141205
0.3414702499301374 1.011330276981472 1.555093750739041
0.2267055014904089 1.281765389235539 1.37606882330045
0.4297883272604593 0.8078541150839859 1.608264932822453
0.5670836244338776 0.2864539470524655 0.899442775400027
0.4695727427913663 0.2807498654605789 1.442946313145163
0.1649895327282254 0.6326334650635741 1.4799783361472
0.6935219831351049 0.108273674399834 0.8485516118228438
0.6896520169749276 1.044352112522766 1.362620862290607
0.6486099478502007 0.4761123670094566 0.8250406479075857
0.7861950233255584 0.3271739317089883 1.595706390880548
0.9466300268397351 0.8412499338893684 1.250091562867426
0.4529240548766386 1.144355228107364 1.436101040326716
1.068356077127942 0.6563576219584283 1.365099417867683
0.190492391433541 0.5533810693528055 0.9642721150377143
0.10696546268444 0.6969650237904976 0.8455566355806172
0.6101351116436434 0.6395332678715693 1.624257379349859
0.9325663946168254 0.8189255652187005 1.366517556343762
0.9587281061737241 0.4615232195307368 1.56560811689448
0.3800794479403997 0.5678283383804386 0.8668102241493055
1.237468801905209 0.3329648181436272 1.387527199995356
1.125831548667664 0.4890053910296677 1.436254639513122
0.5131066381989872 0.1227456264708687 1.16439274334595
0.6851035963111132 0.2024208306893283 1.531062768250572
0.6467625103911905 0.7019444839661588 0.8340428994328771
0.7658310430153863 0.9643924801331331 1.393689607815432
0.07912646375732171 0.656227705328008 1.427195161970148
1.009437865279996 0.2111575999717677 1.549909819010866
0.8573102507039649 0.7523619296001842 0.9310911444536294
2 14 0 122
2417
2418
2419
2420
2421
2422
2423
2424
2425
2426
2427
2428
2429
2430
2431
2432
2433
2434
2435
2436
2437
2438
2439
2440
2441
2442
2443
2444
2445
2446
2447
2448
2449
2450
2451
2452
2453
2454
2455
2456
2457
2458
2459
2460
2461
2462
2463
2464
2465
2466
2467
2468
2469
2470
2471
2472
2473
2474
2475
2476
2477
2478
2479
2480
2481
2482
2483
2484
2485
2486
2487
2488
2489
2490
2491
2492
2493
2494
2495
2496
2497
2498
2499
2500
2501
2502
2503
2504
2505
2506
2507
2508
2509
2510
2511
2512
2513
2514
2515
2516
2517
2518
2519
2520
2521
2522
2523
2524
2525
2526
2527
2528
2529
2530
2531
2532
2533
2534
2535
2536
2537
2538
1.385114660612894 -0.6158007390583282 0.07920052762076552
1.610072248111262 -0.6487680985413438 0.7240053595239511
1.062572929839336 -0.5606073908369433 0.08574020718453515
1.234370868994619 -0.09338920020068059 0.5373238154020308
1.59649099201566 -0.8417049892802946 0.5438623343655261
1.492690477179074 -0.1005622289507903 0.7319477660660195
0.8251733387574425 -0.3790111018781277 0.6711954793859904
1.464458247901453 -0.8874241099409483 0.7879578063303441
0.8245897550193441 -0.6722861727377598 0.3821861086166566
1.154222075200514 -0.7507437329478446 1.02387364007591
1.579372922229819 -0.4369479522917487 0.931501301568222
1.536368594766472 -0.8918907487189954 0.1070762408192159
1.159386513379788 -1.037392184160237 0.7367951582537523
0.9293398427762766 -0.1134886935306407 0.6188537762759242
1.448677000815556 -0.6973841078212495 0.978954871001923
1.434710939676581 -1.072308291100389 0.5826658393754943
1.526701096329462 -0.1155705589726184 1.037464476310375
1.553815548647227 -1.015695090488192 0.3271967897886902
1.053772843651775 -0.9256199571936405 0.8099482618448115
1.195117273762336 -0.9381482684652745 0.8498927054516179
0.8719451890564257 -0.7086905224410021 0.7840660453582941
0.8271515768222848 -0.6040196829185839 0.6980377994267952
1.253275286531784 -0.6600438030548588 1.102923975789451
1.396838462051059 -0.1098796609679962 0.5961499077262545
1.341999895861141 -0.1815308940338313 0.4946013131804782
1.209650881574946 -0.1966202310607077 0.4519082079800457
1.317866094437338 -0.278027426738511 0.3952118710272631
1.436581443956706 -0.2798833531447728 0.4645313054997377
1.183493715936083 -0.3041374503145502 0.3574016198654274
1.414309571998126 -0.3681327275284164 0.3584820750552323
1.518885473415612 -0.3935257603419456 0.4480678436009266
1.50025365272097 -0.4767803558706782 0.3387410776075542
1.579563068317922 -0.5181282923454608 0.4465240272919401
1.5638619935956 -0.6016840440999145 0.3350220259421551
1.526519807753083 -0.2976499911750151 0.561870902169634
1.080229160587186 -0.2522550060316295 0.4359501693188838
1.055555338480073 -0.361043331894964 0.3510810968980043
0.9673647642712064 -0.3335846093658968 0.4524831419767577
1.158755157870501 -0.4005298444276461 0.2623446336580241
0.9456230499117253 -0.4497025367560137 0.3668440102567063
1.274420717482688 -0.5272530029052608 0.1158878456410817
1.392856829479099 -0.4469635456130779 0.2628683041563811
1.343883684238146 -0.5505762714888883 1.152117116072892
1.296062547831213 -1.004082194881081 0.7692959762209521
1.612541190279364 -0.6542640972524889 0.4557323437195163
1.596932952601908 -0.7396094238745542 0.34370537161729
1.543363550602439 -0.6813259884310617 0.2292855348158421
0.8794424303364178 -0.4360804773434534 0.5005029002418173
1.620438535980293 -0.572268470178728 0.5696997090340209
1.010777920317565 -0.7874435226276533 0.9150090877119595
1.085755796324154 -0.1191418760923402 0.5317532560315784
1.297948099119831 -0.7548785027984528 1.016045372934272
0.9293441466096188 -0.6188508069008576 0.1134878997431565
0.9714726970351621 -0.5332326182234387 0.2146868756530241
1.535451256729518 -0.1088697558912779 0.8730657971756086
1.562449790738244 -0.2200014777114641 0.7666903567372805
1.563905448060904 -0.2246362464868001 0.9552881614877561
0.8191026640380872 -0.7073189945846693 0.52523451142061
1.527515925492648 -1.029867748101269 0.1115394818492908
1.264313272716294 -1.115001907316707 0.6419293490366176
1.341568863801843 -1.176692679514139 0.5129653094716261
0.850778795474291 -0.2226350773847153 0.6618375934687385
0.8504637051589411 -0.6620621029398882 0.2234272447353091
1.571951924894332 -0.815237732365135 0.2293529033905997
1.595723588695973 -0.868251561956093 0.3673145706544731
1.291508939874801 -0.3685701451393345 0.2978404863681426
1.489385226171813 -0.1875106633073741 0.6219236179495797
1.348327526752121 -0.9125363881560291 0.8495692014188192
1.492491107381851 -0.7320717890400216 0.1001476020842545
0.9742452155536638 -0.2145848176525901 0.531047660541329
0.9449705079063964 -0.8327554634459786 0.796354258438962
1.596049887697079 -0.5441497064987513 0.8430247111381176
1.608413871048023 -0.4101837012972023 0.790667526816597
1.60467678803658 -0.7481329045777869 0.6476684133991362
1.458278672111126 -0.9788190189124857 0.6860922442266963
1.462288690781619 -0.8013739602246202 0.8772253629243237
1.486025758188755 -0.5550088950919427 0.2448795722599751
1.588403219538125 -0.4350775965804498 0.5579285091052759
1.619617331236606 -0.4947914843437143 0.6854988805175262
0.8432701766350019 -0.5694759931797825 0.4766211138116623
1.480735224874205 -0.1171083190383073 1.16284703340078
1.477266580272675 -1.169006264860466 0.1140900686813191
1.135249413364924 -0.8405984467332338 0.9347494222595092
1.385245206804064 -0.4260970468384279 1.198252303603021
1.589491131333853 -0.3421885926537334 0.6867257449662958
0.8880819293046343 -0.3165794591488746 0.5666719515116407
0.8845359039729299 -0.5718458897486953 0.3171969479574677
1.443368899951474 -0.5796005482679507 1.066801267501423
1.27815278517424 -0.4480663412546998 0.2090341691591517
1.387496335262235 -1.228095704736245 0.3564657481047192
0.8308331372422124 -0.4984160315312777 0.6094031893306293
1.527964383297556 -0.2387187239162243 1.077445561287797
1.515546363060387 -1.103587083263654 0.223193785351982
1.563984100478997 -0.9429303486887528 0.2139016032866778
0.8735236513270492 -0.7907290253401207 0.7064576197935755
1.55635820874515 -0.3372602975626316 1.008602119536491
1.376069100788764 -1.281764856195582 0.2267066095962556
1.591076237269242 -0.3124021998460419 0.853164510950799
1.140084111774195 -0.4793552501932027 0.1721424588808252
1.045389408538513 -0.438687552508901 0.2720349003365665
1.57042358194462 -0.9501219414558784 0.4536636884749994
1.362617820648173 -1.044349847317335 0.6896569245526419
1.613514627566155 -0.7695464966303569 0.4536083038267627
1.250088675080381 -0.8412488721655598 0.9466312966666762
1.436100185747061 -1.144355718142724 0.4529246425913458
1.38833091689141 -0.5217160707402961 0.1814104725912609
1.365099404330788 -0.6563574756731549 1.068356192734986
0.8455583020958786 -0.1069640802382273 0.6969635522529281
0.8455600335628893 -0.6969614091873618 0.1069655357708862
1.472213363439956 -0.6265169404223825 0.1603378242506063
1.366519543863574 -0.8189224277478804 0.9325682602765542
1.622269147144268 -0.6922875092963356 0.5558086814318616
1.387527215751706 -0.3329649110883053 1.237468753681366
1.436254674957888 -0.4890054464349414 1.125831487782698
1.551621776917181 -0.2622862376170909 0.6600479767978683
0.8346433468728134 -0.7017823321105254 0.6502956207786456
1.436530615788339 -0.2067038270593218 0.5370621758514806
0.8250440743718305 -0.6120359635372099 0.5870253113064049
1.393688218118143 -0.9643931075381386 0.7658313324819668
1.166627102822079 -0.5429408523019852 0.08171022420917923
0.8163187229666897 -0.4929068376258343 0.7129821508541456
0.9310901753232216 -0.7523572190787349 0.8573136220837326
2 15 0 122
2539
2540
2541
2542
2543
2544
2545
2546
2547
2548
2549
2550
2551
2552
2553
2554
2555
2556
2557
2558
2559
2560
2561
2562
2563
2564
2565
2566
2567
2568
2569
2570
2571
2572
2573
2574
2575
2576
2577
2578
2579
2580
2581
2582
2583
2584
2585
2586
2587
2588
2589
2590
2591
2592
2593
2594
2595
2596
2597
2598
2599
2600
2601
2602
2603
2604
2605
2606
2607
2608
2609
2610
2611
2612
2613
2614
2615
2616
2617
2618
2619
2620
2621
2622
2623
2624
2625
2626
2627
2628
2629
2630
2631
2632
2633
2634
2635
2636
2637
2638
2639
2640
2641
2642
2643
2644
2645
2646
2647
2648
2649
2650
2651
2652
2653
2654
2655
2656
2657
2658
2659
2660
0.07919886026208658 -1.38511142011244 0.6157997042012971
0.724003537651976 -1.610072496320668 0.6487688967455107
0.08574090816046054 -1.062568313028998 0.5606085338690019
0.5373228640838363 -1.234366500837494 0.09338959834363211
0.5438623343655244 -1.596490992015658 0.8417049892802992
0.731944976548668 -1.492689308723601 0.1005624672806772
0.6809447308325535 -0.8217751830332906 0.3830486124522383
0.8896110555740007 -1.470065824931577 0.7791574234366236
0.3611138005795215 -0.8240947281233372 0.6780444756274986
0.749215769189042 -1.13499811416829 1.020512636653274
0.9315013015682155 -1.57937292222982 0.4369479522917598
0.107077136325813 -1.536368667367976 0.891886873108803
1.019813937834044 -1.143446874556673 0.7524654269360999
0.6188567467250132 -0.9293355389370285 0.113489484962901
0.6893571084139883 -1.458457182851391 0.9761421465246388
1.071509589767075 -1.441897733560091 0.5741961975798694
1.037462991307348 -1.526701528471979 0.11557097460614
0.327196789788691 -1.553815548647226 1.015695090488194
0.9292116723964468 -1.030727711428309 0.789647345762529
0.9240843896896368 -1.153923908571643 0.8569980790321
0.7094532962658686 -0.8703391410980319 0.7788348836162047
0.6004507888013895 -0.8266987868873305 0.698049292392805
0.6605279070341087 -1.250849053789131 1.10290619668357
0.5961471941690724 -1.396835630472546 0.1098800308184888
0.4945987867766897 -1.341995667062996 0.1815314557778615
0.4519074891666194 -1.209645520028015 0.1966211350368735
0.3952092374746693 -1.317860730318054 0.2780282769404084
0.4645272281198242 -1.436577542401304 0.2798838977435022
0.3574008672108378 -1.183487396083438 0.3041391666982547
0.3584776222096938 -1.414304553898106 0.3681333574641722
0.4480622064863029 -1.518882164267851 0.3935262591701403
0.3387349127288294 -1.500249337154422 0.4767807112272343
0.4465169780567303 -1.579560608971328 0.5181288360159345
0.3350143740851556 -1.563858688915477 0.6016842760932147
0.5618671015101129 -1.526517521833356 0.2976496481095972
0.4359512844664337 -1.080223378462585 0.2522569677202846
0.3510826120798811 -1.0555487964295 0.361046127309771
0.4524864450160417 -0.9673596222190489 0.3335872427809852
0.2623441541513453 -1.158747766492303 0.4005318286663021
0.3514351020774694 -0.950720847409517 0.4564939096014713
0.1158855823385547 -1.274415154721341 0.527253425680237
0.2628639738995713 -1.392851176710605 0.4469639558257306
0.5505760665615422 -1.343883718621109 1.152117230657909
0.4557241214683883 -1.61253977781017 0.654264831515825
0.3436973878391296 -1.596930907876456 0.7396079139469554
0.2292778090959341 -1.543359651322434 0.6813257041105053
0.9868658706024048 -1.273649061387238 0.7942633446098252
0.8742391274500741 -1.278414773845673 0.9108917061654692
0.4849217131183592 -0.883343194697337 0.4440249417644964
1.08300670761002 -1.248484812556607 0.6859184502638345
0.5696921280206695 -1.6204378621574 0.572269653342721
0.5317544152696855 -1.085750797788857 0.1191425014151362
0.8385784807128135 -1.050496856580291 0.8952247407884611
0.1300327172973884 -0.9280583606762197 0.6127742146327723
0.2147647805278872 -0.9787993778600715 0.5273061460584627
0.8730633813666747 -1.535451104536393 0.1088700067659684
0.7666872513432521 -1.562449329484428 0.2200017754439258
0.9552861500423334 -1.56390586123946 0.2246365953710403
0.6839681369030133 -0.8204062548323223 0.525099339881582
0.1115402181295426 -1.527516465793644 1.029865979184481
1.175786251927259 -1.34712664855643 0.5097702157661302
1.019129693941834 -1.378131933634173 0.7110771363116708
0.6628127177078507 -0.8502105891029119 0.2220974475122866
0.2213226588503349 -0.8395913464173608 0.6787353369986199
0.229345879718704 -1.571949654442792 0.8152360004905391
0.3673117490323594 -1.595723797091484 0.868248945171221
0.2978387250287776 -1.291502271318303 0.3685702575650794
0.6219201234741086 -1.489383299465142 0.1875111118019247
0.1001433168617228 -1.492487805049388 0.7320704442989001
0.5301747562914161 -0.9760906476878444 0.2136108105489009
0.8430247111381109 -1.596049887697074 0.5441497064988009
0.7906645099353699 -1.608414242893965 0.4101852827262279
0.6476684133991016 -1.604676788036594 0.7481329045777599
0.7964681653779143 -1.468066717051087 0.875837682930407
0.2448752456091464 -1.486021870931115 0.5550081646421577
0.5579221862923677 -1.588401614381278 0.4350783701034037
0.6854959079763797 -1.619617281059518 0.4947912826569582
0.7736792146314284 -1.273219168201909 1.00525846759543
1.162846300538831 -1.480735612730954 0.1171084292337788
0.1140901477996654 -1.477266870612721 1.169005728553301
0.426096875060523 -1.38524521324337 1.198252383399071
0.4206337690864471 -0.8608333898761332 0.5557287585895153
0.6867227917210785 -1.589490427072917 0.3421880449375971
0.5658110811451071 -0.880854748442049 0.3385944995399873
0.5796005254260264 -1.443368872944551 1.066801305868621
0.7311524687788375 -0.8403772430944246 0.6539155559639813
0.5502321223916773 -0.8319996064445578 0.5668512213620478
0.2090326196070935 -1.2781461620446 0.4480662971266205
1.227570049060611 -1.387936364413777 0.356926487447093
1.077443845715095 -1.527965161424442 0.2387195861077624
0.2231935394986557 -1.515546505386115 1.103586784990182
0.2139035821998444 -1.563984796473739 0.9429281033235655
1.008600896481324 -1.556358681665517 0.3372607748353726
1.281538207085834 -1.37622248809997 0.2270693917823412
0.8064569434790966 -0.9435355845560796 0.8205959938032888
0.8531618093319807 -1.591076400660187 0.3124018846069262
0.2868164454993078 -0.8923083898824143 0.5766802862127089
0.1723450674324973 -1.140868503144257 0.4790368096664031
0.8414960530977376 -1.166313537697902 0.9418950718155499
0.2730062276419756 -1.047470145154371 0.4366092525720177
0.453660735155411 -1.570425317456624 0.9501186894383898
0.9704239411234752 -1.477614010503495 0.6713790208471564
0.4536013936742365 -1.613513899572416 0.7695501728699459
1.144355718142722 -1.436100185747062 0.4529246425913481
0.1814077804324881 -1.388326144143376 0.521715288875628
0.6819198806637801 -1.362209058174253 1.050542236196164
0.8042670974471462 -0.8815153349984093 0.7126924974410982
0.9096054076735689 -1.36491967087265 0.8442233546881559
0.6969658217237323 -0.8455564249485032 0.1069627560439928
0.1069642071213946 -0.8455583068126443 0.6969635203089756
0.1603335822239496 -1.472210339236934 0.6265173222504474
0.4798852614157194 -0.8227276964949246 0.6608166131498348
0.7957056776676685 -1.370844531997721 0.9514291534216814
0.5558028207774405 -1.622268943339232 0.6922907629439278
0.3329648082330613 -1.387527202857392 1.237468803503278
0.4886480665035256 -1.436119476256514 1.126141132040979
0.6600442527622878 -1.551620456296336 0.2622862451956063
0.5985507975203948 -0.8383185394770203 0.4588258603041316
1.114168651177312 -1.343237105688174 0.6076948873243421
0.5370590177967656 -1.436527327120535 0.2067037906173386
0.08171069133913433 -1.16662284739605 0.5429407237290754
0.7495600081077491 -0.9931747464183023 0.9363806079027934
2 16 0 122
2661
2662
2663
2664
2665
2666
2667
2668
2669
2670
2671
2672
2673
2674
2675
2676
2677
2678
2679
2680
2681
2682
2683
2684
2685
2686
2687
2688
2689
2690
2691
2692
2693
2694
2695
2696
2697
2698
2699
2700
2701
2702
2703
2704
2705
2706
2707
2708
2709
2710
2711
2712
2713
2714
2715
2716
2717
2718
2719
2720
2721
2722
2723
2724
2725
2726
2727
2728
2729
2730
2731
2732
2733
2734
2735
2736
2737
2738
2739
2740
2741
2742
2743
2744
2745
2746
2747
2748
2749
2750
2751
2752
2753
2754
2755
2756
2757
2758
2759
2760
2761
2762
2763
2764
2765
2766
2767
2768
2769
2770
2771
2772
2773
2774
2775
2776
2777
2778
2779
2780
2781
2782
-0.6019911846008421 -1.393209057926081 -0.100638892507305
-0.6473420274170585 -1.60507402681471 -0.7468083310276459
-0.5479939415044748 -1.064503648847198 -0.1050798568677429
-0.09012821205246763 -1.230759224825248 -0.5393669982088176
-0.8417049892803105 -1.596490992015657 -0.5438623343655086
-0.08442781144087039 -1.488792454953977 -0.7450673623939753
-0.4031125113210621 -0.8239181660411709 -0.6701023157145946
-0.7879578063303518 -1.464458247901453 -0.887424109940941
-0.6738773084656589 -0.8254160798581006 -0.3634081322897768
-1.023873635608689 -1.154221313621053 -0.7507435582901824
-0.436947952291767 -1.579372922229822 -0.9315013015682073
-0.8880489106902826 -1.538468097592513 -0.1135045045728007
-0.7367989701557576 -1.15937951663196 -1.037387482678755
-0.1025398757789949 -0.9306567990324388 -0.6224568841561224
-0.9789547070589976 -1.448676893013916 -0.69738444183582
-0.5831024896103179 -1.434530584804366 -1.072179771210041
-0.11557054313242 -1.526701078516163 -1.037464538698807
-1.015695090488206 -1.553815548647222 -0.3271967897886706
-0.809945324385154 -1.05377008973475 -0.9256210340047415
-0.8498678311933958 -1.195083272066873 -0.9381688064334386
-0.7840663983313679 -0.8719454535172628 -0.708690861701429
-0.7128261652660206 -0.8256227108956835 -0.5852385941625793
-1.102924109735882 -1.253275341217534 -0.6600436213660646
-0.1165565670771801 -1.367277247825754 -0.5680172891061069
-0.1908663486097043 -1.316558711302031 -0.4754498200476412
-0.1932954579211516 -1.177217892540398 -0.456594633300618
-0.2756338593269084 -1.263956033285367 -0.3845562357685735
-0.2889358001911603 -1.395711355232371 -0.4235582928245832
-0.2950728599677964 -1.124175109631286 -0.380457516489192
-0.3941008853151693 -1.354017309179557 -0.2945657556849051
-0.4066311110421404 -1.472830636655642 -0.3743883742768627
-0.3360294938502378 -1.509404086163086 -0.4927318944867727
-0.461864953233346 -1.563922392494326 -0.4630181263884664
-0.5237123303529061 -1.532302440931934 -0.3423925965778294
-0.4001222046660546 -1.585803814145347 -0.590114639282743
-0.5910945818844873 -1.599563285151762 -0.4435741697597182
-0.6741288698899013 -1.574602091419084 -0.306515888464638
-0.2295448300227381 -1.043969683193327 -0.4727609343407241
-0.349027455663712 -0.9967738958184801 -0.4095789083753149
-0.4016922154085361 -1.067252060552541 -0.300152079902353
-0.4655818652548179 -0.9479717278562644 -0.344413566582933
-0.4305442645931232 -0.8951039209629392 -0.4727628640463262
-0.2810907128117536 -1.542740112926999 -0.6139549740317849
-0.3435524319295367 -1.595270391671517 -0.7232728776139212
-1.152117230558146 -1.343883720630274 -0.5505760651851784
-0.5406569116905564 -1.269287919434483 -0.09802255074929062
-0.7693002156923443 -1.296051324994685 -1.004081404377318
-0.7025568088552755 -1.484117717032102 -0.1105030331701106
-0.50377952271777 -1.372235566624692 -0.1893210750767934
-0.915009407448037 -1.010778240847073 -0.7874434844284606
-0.4604110161739927 -1.247442658907412 -0.1890960963911005
-0.7801905119967945 -1.563216842363129 -0.2157427949008202
-1.016049309705703 -1.297948251044855 -0.7548738611291327
-0.608360333246613 -0.9345023269495838 -0.1284415038237803
-0.110380118005138 -1.535842811563318 -0.8712021405659303
-0.2334414431691666 -1.56560545432018 -0.9536682038212713
-0.5197833678878592 -0.8180207397463357 -0.7222670618782192
-1.052482478261119 -1.519358674111966 -0.09800334018312425
-0.641929336293857 -1.264313271488244 -1.115001917271015
-0.5956998472078792 -1.491773225560302 -0.2146007885066807
-0.5000247059833867 -1.61997862827396 -0.7007717376896494
-0.7351441656627556 -1.612452810536624 -0.4283056875614469
-0.6700128820857443 -1.62325317783023 -0.5545301835760557
-0.8789706508386711 -1.595132834822517 -0.3932095577883202
-0.670792312839689 -0.8435815853280908 -0.2287567126902373
-0.5129653050376053 -1.341568862831846 -1.176692682680368
-0.1068358060297409 -1.068882380200306 -0.5453404537409853
-0.2415324820525247 -0.8510901295508571 -0.6557246827694326
-0.2971719138693335 -0.9274004367544558 -0.5249349221774773
-0.8496962414304067 -1.348215418667243 -0.9124650899326193
-0.5075855241803269 -0.998379250149422 -0.222260517257133
-0.2136544127391358 -1.561003083760683 -0.7718467912276337
-0.7963543588494015 -0.9449704500781222 -0.8327552819953106
-0.5441497064989876 -1.596049887696996 -0.8430247111382781
-0.2251134767198298 -1.444187146734593 -0.5262559634354405
-0.8772404141144032 -1.462287207590157 -0.8013594659804131
-0.6857041261621465 -1.457465839626637 -0.9798867997982385
-0.5295050024141729 -1.614282682659345 -0.5675588288470924
-0.8966760552534672 -1.578063617490225 -0.2592480198327957
-0.1171083233905184 -1.480735212445134 -1.162847058155972
-1.171815190079567 -1.475703300604727 -0.1132474928751971
-0.9347461048864713 -1.135254091630965 -0.8406033959261606
-0.3131297550195565 -1.591279395858272 -0.8520571127410514
-1.198252383543804 -1.385245214450381 -0.4260968730362516
-1.066801305352094 -1.443368873308143 -0.5796005257335337
-0.5465916832866684 -0.8656575247749835 -0.4170595750178034
-0.531232368593618 -0.8358708197809724 -0.5599957618444853
-0.3738746473865465 -1.20291051115259 -0.284632101561104
-0.3564657359569053 -1.387496325339942 -1.228095717307795
-0.4672180300705333 -1.107416530827338 -0.1992818002478763
-0.742660465865949 -1.604525957093412 -0.6552428535141441
-0.2387187021881374 -1.527964353825567 -1.077445626803707
-1.104701955195629 -1.515011093689964 -0.2241138301698798
-0.7064576672247105 -0.8735237484192807 -0.7907292327044307
-0.341470255791438 -1.555093683116462 -1.011330441098758
-0.2267065702196642 -1.376069057052925 -1.281764903338859
-0.4297880140745598 -1.608264846738969 -0.8078546873705519
-0.5670832656845357 -0.8994436413721769 -0.2864524788158815
-0.4695728498002292 -1.442946692533936 -0.280750119433316
-0.1649894744020682 -1.47997851115516 -0.6326337908665018
-0.6935209710867846 -0.8485526221704408 -0.1082734527467193
-0.6898734202839536 -1.362429455991879 -1.044277438460175
-0.6486095993442003 -0.8250407168164275 -0.4761122971374481
-0.7861943540009926 -1.595706389631653 -0.3271739958801165
-0.9466356170542681 -1.250060647482974 -0.8412470121401351
-0.4529246424097594 -1.436100186011114 -1.144355717991307
-1.068356417378128 -1.365099485848349 -0.6563571148840492
-0.1904919671125152 -0.964272517116572 -0.5533809902795096
-0.1069642071214412 -0.8455583068126832 -0.6969635203089245
-0.6101033745946407 -1.624256989103044 -0.6395640050945135
-0.9325663513446897 -1.366518614932341 -0.8189250154154079
-0.9587279591883079 -1.565608203007316 -0.4615230845350487
-0.3800791611660633 -0.8668108245597752 -0.5678272605567345
-1.237468805168856 -1.387527199825811 -0.3329648100433392
-1.125831554531876 -1.436254636807011 -0.4890053845085138
-0.5131066513736833 -1.164394084261132 -0.1227454418389586
-0.6851041252600062 -1.531063023759226 -0.2024209118138286
-0.6467558877218569 -0.8340408801180721 -0.7019385234913876
-0.7668434446531421 -1.393220491744393 -0.963814144017661
-0.0791264270486596 -1.427195347180946 -0.6562279533172199
-1.009438225681555 -1.54990966914322 -0.2111571823119213
-0.8573141156689842 -0.9310904646255227 -0.7523571708434648
2 17 0 124
2783
2784
2785
2786
2787
2788
2789
2790
2791
2792
2793
2794
2795
2796
2797
2798
2799
2800
2801
2802
2803
2804
2805
2806
2807
2808
2809
2810
2811
2812
2813
2814
2815
2816
2817
2818
2819
2820
2821
2822
2823
2824
2825
2826
2827
2828
2829
2830
2831
2832
2833
2834
2835
2836
2837
2838
2839
2840
2841
2842
2843
2844
2845
2846
2847
2848
2849
2850
2851
2852
2853
2854
2855
2856
2857
2858
2859
2860
2861
2862
2863
2864
2865
2866
2867
2868
2869
2870
2871
2872
2873
2874
2875
2876
2877
2878
2879
2880
2881
2882
2883
2884
2885
2886
2887
2888
2889
2890
2891
2892
2893
2894
2895
2896
2897
2898
2899
2900
2901
2902
2903
2904
2905
2906
-1.393207919949773 -0.1006385004110016 -0.6019906215721551
-1.60507402681471 -0.7468083310276654 -0.6473420274170348
-1.06450225650988 -0.1050800586074283 -0.5479943138239087
-1.230757784395631 -0.5393667083550358 -0.09012832972749679
-1.59649099201566 -0.5438623343655249 -0.8417049892802927
-1.48879209208776 -0.7450664476081338 -0.0844279109074747
-0.8224716878974052 -0.6769933570667473 -0.3927447442490923
-1.470065822983529 -0.7791574169265556 -0.889611063511219
-0.8236730885741977 -0.3816632411249399 -0.6752209897051934
-1.134998124588065 -1.020512632942321 -0.7492157764935966
-1.579372922229817 -0.9315013015682267 -0.4369479522917393
-1.538468085134578 -0.1135045824697961 -0.8880482995256505
-1.143446887028765 -0.7524654213959583 -1.019813946006408
-0.9306555187350738 -0.6224577280303817 -0.1025401297078026
-1.458457182838387 -0.9761421456702054 -0.6893571095395968
-1.441897733505025 -0.574196195283487 -1.071509591258339
-1.526701221223721 -1.037464047288194 -0.1155706792710294
-1.553815548647227 -0.3271967897886855 -1.015695090488193
-1.030727727615657 -0.7896473409997854 -0.9292116894604077
-1.153923926816168 -0.8569980710469127 -0.9240844020340255
-0.8703391434175265 -0.7788348853217291 -0.7094533006668822
-0.8299867865198227 -0.7060330523208924 -0.6190715632927046
-1.250849057945705 -1.102906203131641 -0.6605278980483239
-1.367276145680817 -0.5680165234986133 -0.1165566168258151
-1.316557180130729 -0.4754491204359566 -0.1908665019283746
-1.177216090153691 -0.4565945212180429 -0.1932958342119409
-1.263954089830932 -0.3845557313695652 -0.2756340996621401
-1.395709778795247 -0.4235570234295456 -0.2889360131276276
-1.124172960049477 -0.3804578122543737 -0.2950733491175767
-1.354015588398197 -0.2945655075318767 -0.394100296078732
-1.472829309749029 -0.374386724546529 -0.4066312776285208
-1.509403043067394 -0.4927301115717669 -0.3360297115434955
-1.563921479550217 -0.4630158868462355 -0.4618651266322377
-1.532301120164682 -0.3423903142164823 -0.5237123747497066
-1.585803319112163 -0.5901124956433549 -0.4001225378425588
-1.599562569712878 -0.4435714272734483 -0.5910947590833361
-1.574601497078667 -0.3065148457557133 -0.6741280771959843
-1.043967867885304 -0.4727615413257519 -0.2295454115905366
-0.9967719377063058 -0.4095799424267353 -0.3490283259636292
-1.067249640476871 -0.3001525941353028 -0.4016931213605116
-0.9444783007794453 -0.3558736039036828 -0.460456998900524
-0.8954495293160746 -0.4764807894944495 -0.4256668651714448
-1.542739539875777 -0.6139533704242215 -0.2810909537194949
-1.595270289118576 -0.7232712116997493 -0.3435527687970042
-1.34388372064452 -1.152117230575002 -0.5505760651480264
-1.269286707645305 -0.0980225890100058 -0.5406565660053132
-1.273649073946827 -0.7942633301920697 -0.9868658813350595
-1.278414796622316 -0.9108916888092564 -0.8742391407422713
-1.484117289744115 -0.1105031284940704 -0.7025559152649665
-1.372234459847477 -0.1893212359805 -0.5037786985134607
-1.248484818706767 -0.6859184397445571 -1.083006715328251
-1.247441049208926 -0.1890958629538014 -0.4604110242896914
-1.050496876275836 -0.8952247371192734 -0.8385784979217061
-1.563216415381951 -0.2157415883494137 -0.7801905892882508
-0.945895351689965 -0.1114500157535063 -0.6075061917375871
-1.535842786001429 -0.871201287216698 -0.110380283821937
-1.565605618329925 -0.9536674888053494 -0.2334416586559916
-0.8188957753571078 -0.5174273835687733 -0.7004921571843163
-1.519358762062828 -0.09800337447998 -1.052482150912408
-1.491771966110422 -0.2145999994107753 -0.5956988131265767
-1.619978649502459 -0.7007702849216069 -0.5000246197775118
-1.612452386855254 -0.4283024573633475 -0.7351450668522854
-1.623253097380866 -0.5545275406990335 -0.6700134522340945
-1.595132594810074 -0.3932094912976551 -0.8789718058009169
-0.8387647040045978 -0.2407412327832871 -0.6752786193938267
-1.347126652897704 -0.5097702099112822 -1.175786253179586
-1.378131927849606 -0.7110771224056035 -1.019129708326444
-1.068880824821778 -0.5453408704766907 -0.1068360029640014
-0.8533799016919242 -0.6516350429558007 -0.2435094440052871
-0.9273989084105294 -0.5249362578395168 -0.2971726920415319
-0.991771974798808 -0.2162828164936219 -0.5164050713511851
-1.561003027581864 -0.7718456504676359 -0.2136548143992691
-1.59604988769698 -0.8430247111383334 -0.5441497064989791
-1.444186045947478 -0.5262547512662499 -0.2251135811118168
-1.468066716317251 -0.875837677282131 -0.7964681722762003
-1.273219182129046 -1.005258457494383 -0.7736792232532597
-1.614282342820875 -0.5675562786508116 -0.5295053458626604
-1.578063602963953 -0.2592479154775932 -0.8966760128618522
-1.480735340537082 -1.162846816057063 -0.117108359365665
-1.475703371334422 -0.1132475161952865 -1.171815061534798
-0.8486002543801313 -0.4631237438976202 -0.5607340806068083
-0.8386664665771993 -0.5855324786822996 -0.4787491448291229
-1.591279659848185 -0.852056173994338 -0.313130949006551
-1.385245214450903 -1.198252383557743 -0.4260968730071083
-1.443368873305704 -1.066801305355561 -0.5796005257314696
-0.8385230942678308 -0.6520259190401906 -0.7233848569091017
-1.202908268019591 -0.2846320707789718 -0.3738748325498422
-1.387936357605072 -0.3569264760888659 -1.227570058947275
-1.107414904857837 -0.199282137362832 -0.4672183099879844
-1.604526009277705 -0.6552424086371399 -0.7426606210772237
-1.527964610490083 -1.077445060886589 -0.2387189858066322
-1.515011120646514 -0.2241137840640294 -1.104701899393688
-1.555093926490898 -1.011329849743055 -0.3414702414313106
-1.376222459745699 -0.2270693666902951 -1.281538237544876
-0.8836635023614335 -0.3157260165871149 -0.5740228104418478
-1.608265154480484 -0.807852481390662 -0.4297887832252408
-0.9435355903422136 -0.8205959913488399 -0.8064569540002267
-1.442945645231688 -0.2807493076019304 -0.4695726645763344
-1.479977849027033 -0.6326326303662795 -0.164989630015084
-1.16631355523316 -0.9418950626678546 -0.8414960662709775
-0.8533304668928414 -0.1164565333259918 -0.68660596012793
-1.477614005893288 -0.6713790238067868 -0.9704239438534172
-1.595706352030303 -0.3271736003918261 -0.7861964246749351
-1.436100188473866 -0.4529246407160568 -1.14435571657912
-1.362209060664543 -1.050542231030772 -0.6819198857278167
-0.8794457620139853 -0.7111521250779904 -0.8008632560852629
-1.364919676130368 -0.8442233348648666 -0.9096054239003968
-0.9643954319902688 -0.553242313947434 -0.1905631424680733
-0.845557711141488 -0.69696424878178 -0.1069637478081532
-1.624257034755037 -0.6395625524647097 -0.6101037660445663
-1.370844537387159 -0.9514291418081836 -0.7957056873927602
-0.8182918912705157 -0.6947807271013069 -0.4972849730219218
-1.56560797123641 -0.4615234478727064 -0.9587283547959808
-0.8652559461707527 -0.5865816607864742 -0.3521729302592916
-1.387527199824842 -1.237468805175902 -0.3329648100270703
-1.436119475837501 -1.126141132287078 -0.4886480667409033
-1.16439272746037 -0.1227456538492868 -0.5131066192582058
-1.531062648856401 -0.2024206294918249 -0.6851035654525266
-1.343237108449358 -0.6076948780937309 -1.114168656344632
-0.8255236477028238 -0.5932347800108234 -0.5961916064993471
-1.427194615075741 -0.6562270771225689 -0.07912647180000543
-1.54990981814438 -0.2111575988048962 -1.009437867955271
-0.9095575143049235 -0.20910231734808 -0.5942716410344286
-0.9931747509502156 -0.9363806029152737 -0.749560017527408
2 18 0 122
2907
2908
2909
2910
2911
2912
2913
2914
2915
2916
2917
2918
2919
2920
2921
2922
2923
2924
2925
2926
2927
2928
2929
2930
2931
2932
2933
2934
2935
2936
2937
2938
2939
2940
2941
2942
2943
2944
2945
2946
2947
2948
2949
2950
2951
2952
2953
2954
2955
2956
2957
2958
2959
2960
2961
2962
2963
2964
2965
2966
2967
2968
2969
2970
2971
2972
2973
2974
2975
2976
2977
2978
2979
2980
2981
2982
2983
2984
2985
2986
2987
2988
2989
2990
2991
2992
2993
2994
2995
2996
2997
2998
2999
3000
3001
3002
3003
3004
3005
3006
3007
3008
3009
3010
3011
3012
3013
3014
3015
3016
3017
3018
3019
3020
3021
3022
3023
3024
3025
3026
3027
3028
-1.385115683740226 0.6158014582337443 0.07920064024612525
-1.610084886641779 0.6490802947771903 0.7236908393222531
-1.062574512337717 0.560606794177644 0.08574030387622975
-1.234370869890422 0.09338919939560858 0.5373238161657756
-1.596490992015659 0.8417049892803048 0.5438623343655097
-1.492690477153809 0.1005622289170943 0.7319477660568865
-0.8217755979525005 0.3830486535990384 0.6809433961495281
-1.464458247901451 0.7879578063303447 0.8874241099409499
-0.8240947950136361 0.6780448504554782 0.3611109634326573
-1.135020603687809 1.020531778030601 0.7492016833062638
-1.579972493367342 0.4443667137021122 0.9279230099161865
-1.536368713190364 0.8918911862007962 0.1070764837361031
-1.143458835415193 0.7524843248937075 1.019799801732801
-0.9293398424527277 0.1134886935372391 0.6188537765216016
-1.455875213102386 0.9823207681935562 0.6844781132787637
-1.438757143316589 0.5775637312049866 1.072117080481448
-1.526701096350942 0.1155705590347633 1.037464476274294
-1.553815548647223 1.015695090488205 0.3271967897886688
-1.030729258225653 0.7896764496302576 0.9291842388322907
-1.153953640321698 0.8570128737671958 0.9240773709178417
-0.8703388941213175 0.7788340243679102 0.7094534582263045
-0.826698738177402 0.6980491570073556 0.6004504717096815
-1.250850344623254 1.102907230913396 0.6605263502668181
-1.396838455200581 0.1098796456562835 0.5961499167075163
-1.341999891461468 0.1815308801946269 0.4946013236883642
-1.209650904822684 0.196620205122817 0.4519082297038889
-1.317866087447792 0.2780273725960248 0.3952119203501049
-1.436581395325785 0.2798833008837241 0.4645313131910631
-1.183493768253007 0.3041373883967212 0.3574016719229529
-1.414309527338248 0.3681326365136753 0.3584821321717901
-1.518885393840023 0.3935256413950136 0.448067840983797
-1.500253577276584 0.476780193724254 0.3387411337887759
-1.57956298708016 0.5181280889851336 0.4465240027851368
-1.563861918835851 0.6016837942456217 0.3350220628830264
-1.526516723185347 0.2976701351917969 0.5618430071961396
-1.080229244969229 0.252254962553678 0.4359501652479965
-1.055555448587145 0.3610432326776551 0.3510811241816097
-0.9673648743890205 0.333584607088693 0.4524830264881276
-1.15875528364881 0.4005297030501357 0.2623447623630591
-0.9507262104146361 0.4564906476228446 0.3514312876038988
-1.274421627764041 0.5272535992761694 0.1158874156636773
-1.392857014762843 0.4469641884617935 0.2628677672506315
-1.343883685944532 1.152117158945836 0.5505762033216398
-1.612541151845613 0.6542638069215397 0.4557322954381867
-1.596932925993597 0.7396092545875032 0.3437053207041103
-1.543363492202848 0.6813258789874397 0.2292854965288081
-1.273673170195305 0.7942673000786202 0.9868580156582979
-1.2784715564001 0.9108893792316848 0.8742304844971236
-0.883346202709849 0.4440217443515702 0.4849179920805645
-1.248493123298811 0.6859229207794958 1.083002038811419
-1.620438500799723 0.5722682252778164 0.5696996168223091
-1.085755827114506 0.1191418795959434 0.5317532440029882
-1.050485286727424 0.8952509690737889 0.8385440714149228
-0.928063037297913 0.6127713022341175 0.1300307414809032
-0.9788056585631589 0.5273024769118904 0.214762741567894
-1.535451256616173 0.1088697557042856 0.8730657967802153
-1.562815825355959 0.2212007230323591 0.7662333393021401
-1.563930988384131 0.2247245557734063 0.9552258577709468
-0.8204062518547668 0.5250993056740968 0.6839681582960457
-1.52751587127366 1.029868158569136 0.1115396304421805
-1.347150700777658 0.5105936141774255 1.175280273310654
-1.378276539682698 0.7157872569817432 1.015273453057527
-0.8502117044568904 0.222097715047525 0.6628110313177624
-0.8395916579424278 0.6787352973854507 0.2213208623030719
-1.571951925521548 0.8152379774560853 0.2293528428012245
-1.595723502739502 0.8682518911741812 0.3673141315695291
-1.291509054575255 0.3685703078014253 0.2978403465513719
-1.489385211476446 0.187510630361155 0.6219236318116008
-1.492491622760432 0.7320726690643091 0.1001477620657405
-0.9760955675640449 0.2136090040721273 0.5301719615774373
-1.596830723315136 0.5443211692185536 0.8403576696309836
-1.608555048534334 0.4109175895922363 0.789699036748474
-1.601646433573439 0.7640559551690833 0.6419623969599376
-1.46454432890318 0.8873790593334214 0.7879110204567272
-1.486026163464416 0.5550088370993935 0.2448801505015282
-1.588403142779148 0.4350774400749178 0.5579284267214618
-1.27324346196185 1.005244362908254 0.7736902586815815
-1.619641373542035 0.4951472539470978 0.6846922296337444
-1.480735224933406 0.1171083190572241 1.162847033289257
-1.477266500922993 1.169006416083433 0.1140900777668919
-1.385245212506818 1.198252329600342 0.4260969857085766
-0.8608357214112797 0.5557251115916013 0.4206306472831331
-0.880856853197035 0.3385938800971612 0.5658078659796001
-1.589539188895425 0.3424846738824864 0.6864924557300047
-1.443368887985698 1.066801284500524 0.5796005381475265
-0.8403771220821442 0.6539152484965023 0.7311522061633529
-0.8320004328107545 0.5668490606594563 0.5502281622537526
-1.278153290466163 0.4480663489484131 0.2090342825295879
-1.382131363929163 0.3698717185987014 1.22643055707023
-1.522742857892995 0.230981890110548 1.088660210215139
-1.515546312141503 1.103587189974634 0.2231938733090192
-1.563984110382004 0.9429309952531255 0.2139021445316587
-1.554648754711998 0.339650119403666 1.012598640003157
-1.374742621890296 0.2277002658799065 1.282592633651124
-1.591220148157818 0.3132498612586935 0.8530512753358555
-0.9435339258105817 0.8205943892691445 0.806456228100646
-0.8923118263351952 0.5766775040163473 0.286812611864548
-1.140875691188321 0.479035593896683 0.1723447275830254
-1.166363750288917 0.9419058500286333 0.8414953348532487
-1.047477167526306 0.4366062730520376 0.2730046201037288
-1.570423619508345 0.9501218710698898 0.453663624553806
-1.477612575128777 0.6713799423154625 0.9704247910787082
-1.613514647341988 0.7695462954002561 0.4536083591790717
-1.436100187841772 0.4529246411507611 1.144355716941576
-1.388331612008089 0.5217163374317056 0.1814107031698975
-1.361664916797966 1.051205377408265 0.6814176379570398
-0.8815148877387612 0.7126919016423087 0.8042666578187678
-1.36493148912254 0.8442037866049169 0.909617982631673
-0.8455582279883974 0.1069641474394992 0.696963616473406
-0.8455606907478406 0.6969606205645212 0.1069659715214602
-1.472214161369123 0.6265175754473196 0.1603382679937555
-0.8227277584926402 0.6608167518749908 0.4798819293844048
-1.367976782568356 0.9443467405461867 0.8052388531943045
-1.622245369787516 0.6926658121888766 0.5556348839606868
-1.387269945053684 1.236283027857552 0.3365304945932447
-1.436119502250739 1.126141087974966 0.4886481060817655
-1.551700105111044 0.2628562803127635 0.6595126842390032
-0.8383196104247173 0.4588263220355034 0.5985466497512881
-1.343259337983698 0.6084289001768446 1.113645448101238
-1.436531630553751 0.2067073465932333 0.5370596588779335
-1.16662861638064 0.5429408983984216 0.08171005757003774
-0.9931652736241671 0.9363932567986747 0.7495380888275912
2 19 0 123
3029
3030
3031
3032
3033
3034
3035
3036
3037
3038
3039
3040
3041
3042
3043
3044
3045
3046
3047
3048
3049
3050
3051
3052
3053
3054
3055
3056
3057
3058
3059
3060
3061
3062
3063
3064
3065
3066
3067
3068
3069
3070
3071
3072
3073
3074
3075
3076
3077
3078
3079
3080
3081
3082
3083
3084
3085
3086
3087
3088
3089
3090
3091
3092
3093
3094
3095
3096
3097
3098
3099
3100
3101
3102
3103
3104
3105
3106
3107
3108
3109
3110
3111
3112
3113
3114
3115
3116
3117
3118
3119
3120
3121
3122
3123
3124
3125
3126
3127
3128
3129
3130
3131
3132
3133
3134
3135
3136
3137
3138
3139
3140
3141
3142
3143
3144
3145
3146
3147
3148
3149
3150
3151
-0.07919836297381033 1.385111047753652 0.6157998751882701
-0.7242897987032053 1.610061709525539 0.6484800943675597
-0.08574122333623774 1.062567878028751 0.560608490098059
-0.537322539664383 1.234365011070374 0.09338973411258394
-0.543862334365517 1.59649099201566 0.8417049892802989
-0.7319440242501652 1.492688909875054 0.1005625487223069
-0.6809451602154063 0.8217750632022519 0.3830483381726065
-0.8874241099409566 1.46445824790145 0.7879578063303381
-0.3611100678966885 0.8240965637182752 0.6780400747253287
-0.7492030666360282 1.135018227834729 1.020529851260591
-0.9282786168585706 1.579887577782833 0.4439248996563345
-0.1070776048519131 1.536368772831317 0.891885862964735
-1.019799693659841 1.143458723378466 0.7524844128548774
-0.6188577600895802 0.9293340705091604 0.1134897553238953
-0.6844781132787707 1.455875213102387 0.98232076819355
-1.072117080481455 1.438757143316586 0.5775637312049791
-1.037462489817514 1.526701673579092 0.1155711110426039
-0.3271967897886758 1.553815548647225 1.015695090488199
-0.9291839217478443 1.030728773612694 0.7896763951411524
-0.9240778227578998 1.153953651545397 0.8570124135793316
-0.7094455745946315 0.8703341208379228 0.7788292533481158
-0.6004395721289558 0.8266970605315178 0.6980444506934331
-0.6605303623278992 1.250846956538647 1.102904574417259
-0.5961462741936741 1.396834659422248 0.1098801466153747
-0.4945979317597481 1.341994221202634 0.1815316382212943
-0.4519072589009095 1.209643706852006 0.1966214255961166
-0.3952083729924848 1.317858895250494 0.2780285296395236
-0.4645258418315663 1.436576176471037 0.2798840468562009
-0.3574006467056441 1.183485276823206 0.304139709097074
-0.358476143338013 1.414302810264333 0.3681335081121029
-0.4480602809227339 1.518880978232825 0.3935263445737325
-0.3387328498269 1.500247811116184 0.4767807167056626
-0.4465145553254979 1.579559711506385 0.5181288754749738
-0.3350117907418018 1.563857508045535 0.6016841757739857
-0.5618658328691164 1.526516697221065 0.2976494316964922
-0.4359516633896813 1.080221461141461 0.2522576071101392
-0.3510831433944751 1.055546633597663 0.3610470214963509
-0.4524876116821401 0.9673579067595901 0.333588043106918
-0.2623440589344206 1.158745354540482 0.4005324215174555
-0.3514363184623496 0.9507190710032363 0.4564950294819682
-0.1158844976312213 1.27441392853952 0.5272540060283705
-0.2628621077980031 1.392849386130748 0.446964563810033
-0.5505809095740377 1.343882566614033 1.152114688622171
-0.4557212817768512 1.612539268226029 0.6542648725540698
-0.3436946284442339 1.596930191389733 0.7396072773699471
-0.2292751479397878 1.543358279974003 0.6813255282147893
-0.9752494708573525 1.278851451733469 0.8060296033354515
-0.8735401444116597 1.282302657606318 0.9108105062877141
-0.4849229035208429 0.8833425313102897 0.4440252381021068
-1.079228476336473 1.250734267697155 0.6902252531993573
-0.5696894748430901 1.620437606846827 0.5722698803345265
-0.5317548066409838 1.08574911157404 0.1191427119196428
-0.8385444122654556 1.050484800067565 0.8952503008000591
-0.1300311533892008 0.9280583483678627 0.6127749034860627
-0.2147650931700673 0.9787989630776266 0.5273062764447654
-0.8730625560134073 1.535451053165765 0.1088700940962955
-0.7666861965318129 1.562449167289525 0.220001861902407
-0.9552854695715701 1.563906000638039 0.2246367110996065
-0.6839680556257235 0.8204062503248126 0.5250991094279769
-0.1115405684755329 1.527516610891604 1.029865663949172
-1.175280253721242 1.347150663494558 0.5105936791007087
-1.027072444966751 1.374405118097684 0.7037080629592531
-0.6628132764725486 0.8502102594367521 0.2220971593412822
-0.2213180408352464 0.8395934092670827 0.6787333187233238
-0.2293434403905879 1.571948880192687 0.8152355829707395
-0.3673104739562625 1.595723807567324 0.8682482832484965
-0.2978380111567984 1.291500087706966 0.3685704270884966
-0.6219189405735438 1.489382631424129 0.1875112415333094
-0.1001419721379782 1.492487049133282 0.732070615692928
-0.5301756809004454 0.9760890546361665 0.2136113639020945
-0.8430247111381477 1.596049887697058 0.5441497064988361
-0.7898545308260534 1.608539466010451 0.4108713594083802
-0.642088294085373 1.601651173532537 0.7639429361598412
-0.7867053821887505 1.465210879783763 0.8877991158321964
-0.2448741844625287 1.4860208368638 0.5550078756042084
-0.5579199692246504 1.588401011365285 0.435078521543564
-0.685251305361901 1.619629365298373 0.494950299428576
-0.7702476410428635 1.273400894235575 1.008239748427499
-1.162846054296951 1.480735742815075 0.1171084634297249
-0.1140901765368043 1.477266911726118 1.16900565526536
-0.4261007930439991 1.385245187039477 1.198250478495682
-0.4206319941733116 0.8608338097807763 0.555728914145727
-0.686672661641565 1.589493542912356 0.3422280594720715
-0.5658120611552099 0.8808541837870589 0.3385944619459368
-0.5796009772415398 1.443369407143891 1.066800546961154
-0.7311422609941498 0.8403734708110837 0.6539076431094956
-0.5502331382381218 0.8320003956004877 0.5668448135716003
-0.2090321602208071 1.278144284216918 0.4480663025109988
-1.226430541504884 1.382131346093609 0.3698717847693915
-1.088665009858606 1.522740557136122 0.2309771532661865
-0.2231935141456725 1.515546520063047 1.10358675423153
-0.213904631687953 1.563985039692999 0.9429277920213626
-1.0124234171253 1.554777147484652 0.3382442395942631
-1.282592630232116 1.374742616228427 0.2277002952980385
-0.8064524348943396 0.9435300173608674 0.8205927227880634
-0.8531157766298296 1.591153612874989 0.3128634592142617
-0.286815923541761 0.8923072085627145 0.5766822121007915
-0.1723452818290857 1.14086686523047 0.4790369810274511
-0.8438742558132521 1.167442669220502 0.9398305102411866
-0.273006842331774 1.047468262651964 0.4366099002451744
-0.4536596816805419 1.570425936515537 0.9501175294121104
-0.9730405261561228 1.467162570366426 0.6822898655462022
-0.4535990770617883 1.613513665556266 0.7695512815161679
-1.144355731786984 1.436100161952569 0.4529246589553295
-0.1814070213102263 1.388325020412861 0.5217152233111092
-0.6687716900355684 1.367200558424204 1.057960504880527
-0.8042606844539426 0.8815104311661304 0.7126874436706678
-0.874970290271996 1.384933414524333 0.8681089442256478
-0.6969665384139004 0.8455558510521928 0.1069622436102269
-0.1069627234865142 0.8455596676550188 0.6969623940460362
-0.1603324537582011 1.472209880457149 0.626517908370838
-0.4798822439605069 0.8227292406037413 0.6608078853925875
-0.5557440019869562 1.622242823986098 0.692705629532506
-0.3365327253499734 1.387270137369317 1.236282006728104
-0.4886494696953407 1.436120395878934 1.126139571485104
-0.6600351163981892 1.551624714189524 0.2623021667894505
-0.7795419260580833 1.379955475900893 0.9607239674434928
-0.5985522415989666 0.8383182075065221 0.4588254288228429
-1.114555560166235 1.342790159428689 0.6074369361030678
-0.5370579555495718 1.436526180676424 0.2067037390807529
-0.9528388975439821 1.385936445471596 0.7845107988110465
-0.08171072903191412 1.166622491892768 0.5429407139455239
-0.7495375715050945 0.9931599828627813 0.9363886274466904
2 20 0 123
3152
3153
3154
3155
3156
3157
3158
3159
3160
3161
3162
3163
3164
3165
3166
3167
3168
3169
3170
3171
3172
3173
3174
3175
3176
3177
3178
3179
3180
3181
3182
3183
3184
3185
3186
3187
3188
3189
3190
3191
3192
3193
3194
3195
3196
3197
3198
3199
3200
3201
3202
3203
3204
3205
3206
3207
3208
3209
3210
3211
3212
3213
3214
3215
3216
3217
3218
3219
3220
3221
3222
3223
3224
3225
3226
3227
3228
3229
3230
3231
3232
3233
3234
3235
3236
3237
3238
3239
3240
3241
3242
3243
3244
3245
3246
3247
3248
3249
3250
3251
3252
3253
3254
3255
3256
3257
3258
3259
3260
3261
3262
3263
3264
3265
3266
3267
3268
3269
3270
3271
3272
3273
3274
0.6157986718109107 -0.07920013883059085 1.385111643205582
0.6484792252145604 -0.7242921357209046 1.610061363879042
0.5606091135250068 -0.0857399723538263 1.062568281606458
0.09338921947300888 -0.537323772312821 1.234370677814602
0.8417049892803011 -0.543862334365518 1.596490992015659
0.1005622391816231 -0.7319476459618244 1.492690426852025
0.383048672483313 -0.6809435567393938 0.8217755467823908
0.7939107639455533 -0.8706876062914944 1.475071219384447
0.6780451260905858 -0.3611114075077836 0.8240946651708037
1.02053173278902 -0.749201724325111 1.135020575496006
0.4369479522917573 -0.9315013015682154 1.57937292222982
0.8918893501169285 -0.1070755942538409 1.536368264027973
0.752484320941272 -1.019799807945657 1.143458845831715
0.1134887271721858 -0.618853905070333 0.9293396565370707
0.9783821172440049 -0.6833134937790135 1.460949396862964
0.5741952639014652 -1.071510187176711 1.441897721323382
0.115570577773872 -1.037464410084828 1.526701115657492
1.015695090488199 -0.3271967897886808 1.553815548647225
0.7896764439968831 -0.9291842451765859 1.030729259278407
0.8570128575783342 -0.9240773905482662 1.153953655691645
0.7788339116593256 -0.7094532874269941 0.8703387873368035
0.6980490415332508 -0.6004502150809752 0.8266986983675151
1.102907196279337 -0.6605264033311605 1.250850296362617
0.1098797196233958 -0.5961497654645289 1.396838358818925
0.1815309570437226 -0.4946011746637987 1.341999725582448
0.196620342852725 -0.4519081160025584 1.209650584811691
0.2780276148796691 -0.3952116193115904 1.317865882225083
0.2798835232398592 -0.464531107760522 1.436581411771053
0.3041376976993211 -0.3574014416904686 1.183493296601412
0.3681330096808115 -0.3584817224440526 1.41430947997355
0.393526115574363 -0.4480676069543149 1.518885553396466
0.4767808257953571 -0.3387406529940745 1.500253677212808
0.5181288864796031 -0.4465237905350213 1.579563189660607
0.6016847548782015 -0.335021590327566 1.563862059869593
0.297650365957576 -0.5618706266906216 1.526519883547152
0.2522552127642773 -0.435950228606747 1.080228674694409
0.3610437199657639 -0.3510810903592315 1.05555475693263
0.3335850390039137 -0.4524833416888588 0.9673642435510876
0.4005303211504569 -0.262344258888954 1.158754482622912
0.4564925037645853 -0.3514314372119684 0.9507245629195153
0.5272513435182146 -0.1158889567722257 1.274417914282462
0.4469617551677557 -0.2628696263977786 1.392856062869881
1.152117116079923 -0.5505762714731482 1.343883684244409
0.6542649438806629 -0.4557321223862517 1.612541236840274
0.7396098323985327 -0.343705167851872 1.596932938412481
0.681326281741014 -0.2292853073368277 1.543363544909634
0.806029426058996 -0.9752496272876198 1.278851477216788
0.9108092206751739 -0.8735412237002144 1.282303777064452
0.444022469999212 -0.4849181979395872 0.883345810536981
0.6902251451763834 -1.079228557302194 1.250734317750257
0.5722692090827304 -0.5696996390839919 1.62043860552535
0.1191418983051754 -0.5317533362526223 1.085755494834265
0.8952509535027552 -0.8385440904570587 1.050485291574986
0.6127745622470318 -0.1300320569655428 0.9280582850753718
0.5273062905503287 -0.2147648022957565 0.9787991772163811
0.1088697713579849 -0.8730656921727045 1.535451251883966
0.2200015508063701 -0.7666902030143028 1.562449789846065
0.2246362650589617 -0.9552880734117547 1.563905466694981
0.5250993397271646 -0.6839681536067079 0.8204062536730353
1.029866518676781 -0.111539095884243 1.52751610104928
0.5097700222054773 -1.17578641631346 1.347126555240493
0.7047584512728802 -1.025640261071943 1.375488032700234
0.222097740903319 -0.6628111579874859 0.8502116114918615
0.6787359132907644 -0.2213211750456598 0.8395912026578307
0.8152369667848832 -0.2293527679962336 1.571951824212221
0.8682505218442866 -0.3673156819970207 1.595723839507538
0.3685696897453151 -0.2978408060244037 1.291508327811653
0.1875107751746683 -0.6219234281737844 1.48938518425955
0.732069254995245 -0.1001469687796426 1.492489515882275
0.2136091997558281 -0.5301722900488454 0.9760950023077387
0.544149706498809 -0.8430247111381183 1.596049887697071
0.4101842798203309 -0.7906671077929225 1.608413957936064
0.7471757236938767 -0.6486678632250191 1.604719056979039
0.8882214864181815 -0.7775290588559551 1.472756920340932
0.5550090249139905 -0.2448777595662291 1.486024449554265
0.4350780695829659 -0.5579284664102085 1.588403365514962
0.4947451989788061 -0.6855207454735014 1.619613282784209
1.008241497806467 -0.7702451324600561 1.273403369041187
0.117108325562876 -1.162846999495969 1.480735242936645
1.169005817701272 -0.1140900455360602 1.47726681520395
1.198252303610024 -0.4260970468248637 1.385245206803575
0.555726405240016 -0.4206307495839801 0.8608351679385656
0.3421855502596875 -0.6867265901998523 1.589490355126465
0.3385940694947469 -0.5658081580298576 0.8808566167979925
1.06680126750282 -0.5796005482671203 1.443368899950489
0.6539150502976069 -0.7311519895452769 0.8403770350438915
0.5668491096461928 -0.5502285675971852 0.8320003729845146
0.4480663142464874 -0.2090337865826149 1.278151075145175
0.3569264134935873 -1.227570093009335 1.387936346859693
0.2387187612046892 -1.077445487290211 1.527964416862672
1.103586770302313 -0.2231935273920947 1.515546512394643
0.9429284325478043 -0.2139001694986807 1.563984103344187
0.3372603187054694 -1.008602066860312 1.556358229093997
0.2270693315630771 -1.281538263035797 1.376222440644962
0.8205943518338004 -0.8064561508079852 0.943533843684192
0.3124020790181476 -0.8531645641785838 1.591076213770368
0.5766807348478834 -0.2868140890622292 0.8923089573657862
0.4790364542323718 -0.1723444438635608 1.140872571943304
0.9398324836690991 -0.8438723226899774 1.167443231196967
0.4366076150060008 -0.2730045223915304 1.047475107765387
0.9501219974301738 -0.4536637393081459 1.570423552072139
0.6713799443115526 -0.9704247929198839 1.477612572019448
0.7695472210391782 -0.4536078482611412 1.613514540442236
0.4529246424097527 -1.144355717991314 1.436100186011109
0.5217152855944067 -0.181409708458512 1.38832875472224
1.057960353189284 -0.6687714332146597 1.367201208502562
0.7126917875943696 -0.8042665295152207 0.8815147838629344
0.8695222436896864 -0.8729597867821814 1.385906335684782
0.1069640865944515 -0.6969637112756177 0.8455581506834899
0.696963552336803 -0.1069640802053058 0.8455583020232911
0.6265151697320991 -0.1603363936641916 1.472210988295164
0.6608167609817184 -0.479882122919476 0.8227277520067651
0.6923222206073211 -0.5559236592706658 1.622266952508048
1.237468753684373 -0.3329649110810111 1.387527215751466
1.126141065130771 -0.4886481308910154 1.436119513162737
0.262285467380052 -0.6600480177115609 1.551621428318265
0.9611302426883114 -0.7785982014698032 1.380690054803266
0.4588262816353523 -0.5985471700383858 0.8383194734408577
0.6073307851496244 -1.114553211913774 1.342955595984502
0.206703980959987 -0.5370619775041042 1.436530569268865
0.7835782468253484 -0.9507830090435774 1.390663834147896
0.5429407153935906 -0.08171071559398374 1.166622660681078
0.9363931559413984 -0.7495380882549278 0.9931651693263366
2 21 0 122
3275
3276
3277
3278
3279
3280
3281
3282
3283
3284
3285
3286
3287
3288
3289
3290
3291
3292
3293
3294
3295
3296
3297
3298
3299
3300
3301
3302
3303
3304
3305
3306
3307
3308
3309
3310
3311
3312
3313
3314
3315
3316
3317
3318
3319
3320
3321
3322
3323
3324
3325
3326
3327
3328
3329
3330
3331
3332
3333
3334
3335
3336
3337
3338
3339
3340
3341
3342
3343
3344
3345
3346
3347
3348
3349
3350
3351
3352
3353
3354
3355
3356
3357
3358
3359
3360
3361
3362
3363
3364
3365
3366
3367
3368
3369
3370
3371
3372
3373
3374
3375
3376
3377
3378
3379
3380
3381
3382
3383
3384
3385
3386
3387
3388
3389
3390
3391
3392
3393
3394
3395
3396
-0.6157986845765693 0.07920013546936369 1.385111655070168
-0.6487682740857129 0.7240052519359925 1.61007224056209
-0.5606091203612382 0.08573995108551338 1.062568299538191
-0.09338922047555753 0.5373237698438598 1.23437066631301
-0.841704989280292 0.5438623343655259 1.59649099201566
-0.1005622389831848 0.7319476368384722 1.492690422422405
-0.3790011050964927 0.6711939819637677 0.8251745639988075
-0.8874241099409471 0.7879578063303472 1.464458247901451
-0.6722863020825427 0.3821861124174766 0.8245897126425981
-0.7507459577852601 1.023870641180994 1.15421740016165
-0.4439259790834617 0.9282790252816024 1.579887332942803
-0.8918893541295639 0.1070755967322754 1.536368265206352
-1.03739219860176 0.7367951466974959 1.159386535596769
-0.1134887305214143 0.6188539123730178 0.9293396451832947
-0.6973850113422027 0.9789542725842471 1.448676882101585
-1.072179989306044 0.5831017124543557 1.434530918953112
-0.1155705765374184 1.037464398618378 1.526701118056381
-1.015695090488193 0.3271967897886856 1.553815548647227
-0.9256217183876212 0.8099458644811891 1.053771945116191
-0.9381482452587939 0.8498927357623453 1.195117333380673
-0.7086839284692037 0.7840596213784787 0.8719402096879962
-0.6040083742361676 0.6980360467419446 0.8271499969672181
-0.6600473897440673 1.102921592670264 1.253272500259992
-0.1098797207664138 0.5961497578999152 1.396838351054337
-0.1815309588432924 0.4946011673568123 1.341999713686198
-0.1966203449612015 0.451908114356036 1.209650568716285
-0.2780276202500591 0.3952116090187024 1.317865867017011
-0.2798835258606479 0.4645310960211799 1.43658140168865
-0.3041377050688404 0.3574014377880869 1.183493274195977
-0.3681330147078932 0.3584817086145867 1.414309468425477
-0.3935261190232464 0.4480675925453205 1.518885546361536
-0.4767808305787931 0.3387406371852734 1.500253668943115
-0.5181288903806414 0.4465237743418232 1.579563184950438
-0.6016847594761087 0.3350215735455226 1.563862054113183
-0.297650366866471 0.5618706158252254 1.526519878153985
-0.252255217408847 0.4359502362450452 1.080228650406771
-0.361043786867106 0.3510810724045939 1.05555468202232
-0.3335834444814154 0.4524847463661373 0.9673641628610207
-0.400530362235561 0.2623442127725519 1.158754483021831
-0.4497038114178993 0.3668440896874613 0.9456219944691493
-0.5272513585789615 0.1158889464448983 1.274417938956102
-0.44696177320785 0.26286960478143 1.39285605859131
-0.5505809099661599 1.152114688441768 1.343882566468767
-1.004082205360504 0.7692959329159949 1.296062653168337
-0.6542649480644965 0.4557321053498348 1.612541234186095
-0.739609834550794 0.3437051521748165 1.596932934832454
-0.6813262881562021 0.2292852904932645 1.543363538953135
-0.4360813396024774 0.5005037263460038 0.879441727503248
-0.5722692129424707 0.5696996225934574 1.620438604193547
-0.7874437074973003 0.9150031049180917 1.010771325017004
-0.1191418709592045 0.531753360697454 1.085755474925249
-0.7548814741625838 1.016043759041374 1.297944618297544
-0.6188537629939943 0.1134886897404839 0.9293398621589164
-0.5332347496353808 0.214687285489477 0.971469776811727
-0.1088697672825344 0.8730656824246699 1.535451249296886
-0.220001549399736 0.7666901932018522 1.562449787506059
-0.2246362622917812 0.9552880620112012 1.563905468256594
-0.7073194906450648 0.5252322361805037 0.8191024578033375
-1.029866523944541 0.1115390976045999 1.52751610031191
-1.115001911382663 0.6419293433820212 1.264313273970859
-1.17669268165189 0.5129653034633226 1.341568866801125
-0.2226282209647511 0.6618372434599691 0.8507804241028435
-0.6620636321750581 0.223426927613704 0.8504627116946277
-0.8152369728055799 0.2293527543722048 1.57195182053738
-0.8682505253145381 0.3673156724890596 1.595723838234408
-0.3685697127967937 0.2978407805394133 1.291508321080052
-0.1875107766019388 0.6219234185547328 1.489385179094191
-0.9124369168757909 0.849713204461529 1.348241771251832
-0.7320692691248141 0.10014696148251 1.492489518017293
-0.2145839633192566 0.5310484057812068 0.9742449483901557
-0.8327600716932235 0.7963508686638412 0.9449713666246993
-0.5435034916207953 0.8410789202562666 1.596730216589715
-0.4108921825602745 0.7896605278196921 1.608555281372237
-0.7639133889818371 0.6421035588294461 1.601656091087598
-0.801355852646214 0.8772414291074752 1.462289538209745
-0.5550090291526788 0.2448777562600606 1.486024450105254
-0.9822773731310768 0.6844295221224264 1.45596114436652
-0.4350780720927218 0.5579284518250076 1.588403362055519
-0.4948978239419232 0.6850332356538542 1.619622099554541
-0.5694744105994712 0.47662220373078 0.8432704032024864
-0.1171083229914228 1.162846998649237 1.480735243160066
-1.169005819649858 0.1140900456243977 1.477266814179187
-0.84060034843969 0.934745094397309 1.135241546323375
-0.4261007933902884 1.19825047831026 1.385245187061411
-0.3422382503199789 0.68665645826791 1.589493711274425
-0.3165683447606203 0.5666731115056287 0.8880852413863806
-0.571848068083176 0.3171970815631627 0.8845344716386013
-0.5796009772646368 1.06680054692235 1.443369407171208
-0.4480663346647916 0.2090337671230645 1.278151089426838
-1.226430557106774 0.3698717185130989 1.382131363929756
-0.4984037643702538 0.6094067145421839 0.830833686431913
-0.230976545342037 1.08866696668279 1.522739644677882
-1.103586771632207 0.2231935284882742 1.515546511760065
-0.942928440900308 0.2139001761117261 1.563984103400468
-0.7907254607556342 0.7064560118634644 0.8735216599087824
-0.3382444990937806 1.012425227286867 1.554776396640026
-1.282592633637892 0.2277002658168651 1.374742621927322
-0.312890837191404 0.8530765548603699 1.591161085934903
-0.4793559108547241 0.1721421819963067 1.140081960154163
-0.4386888770142895 0.2720344590329808 1.045387852983941
-0.9501219926605752 0.4536637349766403 1.570423554617588
-1.044354964378009 0.6898237432849241 1.362353034408942
-0.7695472300196193 0.4536078345313034 1.613514538859751
-0.8412302316747529 0.9466512273469353 1.250063843727514
-1.144355716942526 0.4529246411519031 1.436100187840114
-0.521715297025003 0.1814097020231717 1.388328762381329
-0.6563585190348681 1.06835583735451 1.365098609553767
-0.1069627109116976 0.6969624151183006 0.8455596502814523
-0.6969636062594237 0.1069641535545728 0.8455582364055233
-0.6265151857752188 0.1603363888176299 1.472210995975532
-0.8189230944872581 0.932567200655098 1.36652039384725
-0.6926466278716243 0.5556641645662445 1.622246574985129
-0.3365327255239668 1.236282006662035 1.387270137366827
-0.4890067369679768 1.125830004193549 1.436255574207263
-0.2623071255951854 0.6600367504466929 1.551627633102867
-0.7017784202462537 0.6502963988787112 0.8346428993914837
-0.2067039816714694 0.5370619684174365 1.436530560642899
-0.6120248740013697 0.5870220725132548 0.8250446035831213
-0.9638122079460769 0.7668416552182346 1.393226025663447
-0.5429407160524111 0.08171071334066474 1.166622680409194
-0.4928992549898525 0.7129837307042605 0.8163180655717468
-0.7523586187682327 0.8573036741791624 0.9310846321558264
2 22 0 123
3397
3398
3399
3400
3401
3402
3403
3404
3405
3406
3407
3408
3409
3410
3411
3412
3413
3414
3415
3416
3417
3418
3419
3420
3421
3422
3423
3424
3425
3426
3427
3428
3429
3430
3431
3432
3433
3434
3435
3436
3437
3438
3439
3440
3441
3442
3443
3444
3445
3446
3447
3448
3449
3450
3451
3452
3453
3454
3455
3456
3457
3458
3459
3460
3461
3462
3463
3464
3465
3466
3467
3468
3469
3470
3471
3472
3473
3474
3475
3476
3477
3478
3479
3480
3481
3482
3483
3484
3485
3486
3487
3488
3489
3490
3491
3492
3493
3494
3495
3496
3497
3498
3499
3500
3501
3502
3503
3504
3505
3506
3507
3508
3509
3510
3511
3512
3513
3514
3515
3516
3517
3518
3519
-0.6157991925821122 -1.385112535446045 0.07920034923056563
-0.6487681755811554 -1.61007222249514 0.7240054175063859
-0.5606086592086994 -1.062569627846666 0.08573996697682376
-0.09338918779165351 -1.23437105675797 0.5373238525971344
-0.8417049892802874 -1.596490992015661 0.5438623343655326
-0.1005622200976807 -1.492690529909642 0.7319478894473789
-0.3830486772891308 -0.8217755883029983 0.6809434230638879
-0.787957806330336 -1.464458247901435 0.8874241099409742
-0.6780453295312043 -0.8240945976317379 0.3611113353492688
-1.020531831376604 -1.135020677919029 0.7492016476207077
-0.4439260581114399 -1.579887315602603 0.9282790535312502
-0.891889949567289 -1.536368327871134 0.1070756596999463
-0.7524843170418227 -1.143458845380056 1.01979981137086
-0.1134886577434415 -0.9293400296100539 0.6188536479324597
-0.9823207681948833 -1.45587521309972 0.6844781132802951
-0.5775637312051343 -1.438757143316309 1.072117080481596
-0.1155705431324209 -1.526701078516163 1.037464538698808
-1.015695090488407 -1.553815548647135 0.3271967897888853
-0.7896764461780483 -1.0307292785375 0.9291842577624303
-0.8570128816437332 -1.153953646700391 0.9240773648231304
-0.7788341582278828 -0.8703390343955317 0.7094536958011672
-0.6980493045480759 -0.8266987881766701 0.600450792706016
-1.102907315090621 -1.250850446594949 0.6605262241311118
-0.1098796885661216 -1.396838606345942 0.5961500014550348
-0.1815309042399218 -1.342000090766502 0.4946013967489429
-0.1966202532929264 -1.209651062634063 0.4519081876708608
-0.2780275140432777 -1.317866343742258 0.3952118723377295
-0.2798834503979578 -1.436581722906824 0.4645314620675634
-0.3041375174096355 -1.183493874631978 0.357401532921327
-0.3681329069270597 -1.414309889909683 0.3584821375690804
-0.3935260082635041 -1.518885794764897 0.4480680901387191
-0.4767807055080141 -1.500254008033982 0.3387412161994395
-0.5181287260050347 -1.579563355777513 0.4465243831848131
-0.6016845939604534 -1.56386230284205 0.3350222713823151
-0.2976503179197312 -1.526520047137063 0.5618709788828866
-0.2522550222314708 -1.080229224143026 0.4359501260327873
-0.3610434258872987 -1.055555386461159 0.3510809699421233
-0.3335847724446789 -0.9673647526328344 0.4524830195151684
-0.4005300701258201 -1.158755197232584 0.2623443715551883
-0.4564919655778876 -0.9507252353814297 0.3514311135193953
-0.527251665606421 -1.274418939811937 0.1158888929749267
-0.4469621072569363 -1.392856664587745 0.262869677992279
-1.152117230601645 -1.343883720623638 0.5505760651223963
-0.6542647157693442 -1.61254133659381 0.4557328027464329
-0.7396098694636175 -1.596933099622984 0.3437058263589172
-0.6813262486070316 -1.543363848994259 0.2292859505443784
-0.8060294234877557 -1.278851467654783 0.9752496314863269
-0.9108091683443114 -1.282303813471273 0.8735412695406901
-0.4440221479790605 -0.8833460920715092 0.4849178702608359
-0.6902251423923955 -1.250734314829899 1.079228559946751
-0.5722689689122723 -1.620438643489303 0.5697002380056445
-0.1191418482092801 -1.085755944842477 0.5317532277714728
-0.8952509854400537 -1.05048530977575 0.8385440706996412
-0.6127738539956807 -0.9280592951823543 0.130031812623935
-0.5273054802322648 -0.9788005639444263 0.214764352400803
-0.1088697535175292 -1.53545126653218 0.8730659010145576
-0.2200015148611 -1.562449827453535 0.7666904799821608
-0.2246362359318195 -1.563905431217558 0.9552882468935161
-0.5250993363175467 -0.8204062538440209 0.6839681489594731
-1.029866918399443 -1.52751602127897 0.1115391195010862
-0.5105936180947614 -1.34715070361712 1.175280269487739
-0.7037079559721965 -1.374405091911884 1.027072544059751
-0.2220977641162741 -0.850211714784576 0.6628110022624745
-0.6787359112676387 -0.8395911956227405 0.2213212277103019
-0.8152372677927879 -1.571952021000289 0.2293533382002079
-0.868250947207674 -1.595723769925606 0.3673156660406616
-0.3685697804224966 -1.291508973955704 0.2978408717195309
-0.1875107213442687 -1.48938534667053 0.6219237405945504
-0.732069898930527 -1.492490108961359 0.1001474328419833
-0.2136090332507021 -0.9760954749446903 0.5301720171942482
-0.5435034894497937 -1.596730211176308 0.8410789393259039
-0.4108919416846827 -1.608555234008831 0.7896608622364679
-0.7639132783015934 -1.601656090835004 0.642103705541744
-0.8877991158323295 -1.465210879783592 0.7867053821887962
-0.5550090598502568 -1.486025029224693 0.2448784748927139
-0.435077916699213 -1.588403460478259 0.5579289622666918
-0.4948977521671264 -1.619622095471681 0.6850334653449994
-1.008241586324518 -1.273403469306886 0.7702450107017715
-0.117108317721527 -1.480735210471099 1.162847061062848
-1.169005954989558 -1.47726674237494 0.114090043917894
-1.198252383507663 -1.385245214588441 0.4260968729120581
-0.5557259789802484 -0.8608353761483303 0.4206306209448723
-0.3422381959014471 -1.589493745336446 0.6866567370439975
-0.3385940023648472 -0.8808568156527469 0.5658078592270859
-1.066801305371287 -1.443368873294578 0.5796005257221842
-0.6539154521993462 -0.8403772283072275 0.7311525166771378
-0.5668492990768156 -0.832000393501243 0.550228200834797
-0.4480663257459986 -1.278151950686627 0.2090339850746472
-0.3698717115497809 -1.382131362396391 1.226430561233874
-0.2309765048246195 -1.522739580344422 1.088667104747821
-1.103586860057869 -1.515546469566469 0.2231936013735485
-0.9429290146247276 -1.563984048001957 0.2139003172791335
-0.3382445201018059 -1.554776343266616 1.012425355715619
-0.2277002485331522 -1.374742606292183 1.282592651306692
-0.8205944360243269 -0.9435340418771753 0.8064563434671093
-0.3128908553991232 -1.5911610681906 0.8530768146658834
-0.5766799796847042 -0.8923096641789247 0.2868136476878757
-0.4790362418289398 -1.140873575302401 0.1723444517553218
-0.9398325842859646 -1.167443245365938 0.843872221159902
-0.4366071952044086 -1.047475954232904 0.2730044023965361
-0.9501222381118027 -1.57042342362443 0.4536639578836933
-0.6822898526687468 -1.467162560743676 0.9730405456230312
-0.769546789821909 -1.613514614446715 0.4536084756451975
-0.4529246418906462 -1.436100186765898 1.144355717558513
-0.5217155159405711 -1.388329583761106 0.1814100761760054
-1.05796034892986 -1.367201229150824 0.6687714243165529
-0.712692018130391 -0.8815150169175847 0.804266844667349
-0.8681074804138962 -1.38493456863808 0.8749710352870499
-0.1069642091460558 -0.8455583045946689 0.6969635222281987
-0.6969629838001231 -0.8455587457142282 0.1069645444050188
-0.6265155200360771 -1.472211726607917 0.1603370220833732
-0.6608172115386379 -0.8227276785737693 0.4798820335320296
-0.6926462580966698 -1.622246598217147 0.5556646867805263
-1.236283059009912 -1.387269936765753 0.3365304313459304
-1.126141132270858 -1.43611947585724 0.488648066738446
-0.2623070892622479 -1.551627730403377 0.6600370722713259
-0.960723059503761 -1.379956657887587 0.7795421886896987
-0.4588263264021261 -0.8383195800018983 0.5985467579765098
-0.6074368272722315 -1.342790196603446 1.114555618992768
-0.206703957366288 -1.436530837471938 0.5370622614966875
-0.784510359083298 -1.385936659813122 0.952839158245288
-0.5429407542363722 -1.166623934542696 0.08171057525516093
-0.9363933890639505 -0.9931654297306656 0.749538108426126
2 23 0 122
3520
3521
3522
3523
3524
3525
3526
3527
3528
3529
3530
3531
3532
3533
3534
3535
3536
3537
3538
3539
3540
3541
3542
3543
3544
3545
3546
3547
3548
3549
3550
3551
3552
3553
3554
3555
3556
3557
3558
3559
3560
3561
3562
3563
3564
3565
3566
3567
3568
3569
3570
3571
3572
3573
3574
3575
3576
3577
3578
3579
3580
3581
3582
3583
3584
3585
3586
3587
3588
3589
3590
3591
3592
3593
3594
3595
3596
3597
3598
3599
3600
3601
3602
3603
3604
3605
3606
3607
3608
3609
3610
3611
3612
3613
3614
3615
3616
3617
3618
3619
3620
3621
3622
3623
3624
3625
3626
3627
3628
3629
3630
3631
3632
3633
3634
3635
3636
3637
3638
3639
3640
3641
-1.385111551614495 -0.0791998078078803 0.6157989117856532
-1.610074137798374 -0.7239772477451978 0.6487916320071245
-1.062568238453036 -0.08574020704348514 0.5606089855004036
-1.234369614612948 -0.5373235411433179 0.09338931589063221
-1.596490992015659 -0.5438623343655155 0.8417049892803024
-1.492690142453172 -0.7319469668994545 0.1005622972645546
-0.8251732741675234 -0.6711955557524272 0.3790116406966135
-1.464458247901435 -0.7879578063303428 0.8874241099409674
-0.8245897049322004 -0.3821861238847207 0.6722863233431231
-1.154221312844034 -1.0238736365723 0.7507435570377387
-1.57997254768691 -0.9279229195794395 0.444366473576604
-1.536368362306895 -0.1070759774237027 0.8918887053454581
-1.159379513412604 -0.7367989743507239 1.03738747834574
-0.9293386084919588 -0.6188546285426212 0.1134889195840889
-1.448676893219679 -0.9789547072539424 0.6973844413495192
-1.434530585365115 -0.5831024908814381 1.07217976992462
-1.526701221223858 -1.0374640472878 0.1155706792712464
-1.55381554864713 -0.3271967897888671 1.01569509048842
-1.053770086597531 -0.8099453249006479 0.9256210314476749
-1.195083268011254 -0.8498678354203952 0.9381688019568575
-0.8719454535591079 -0.7840663981369455 0.7086908619872327
-0.8271516677626627 -0.6980382738946298 0.6040201264802983
-1.253275341476528 -1.10292410994392 0.6600436210498781
-1.396837664908072 -0.596149110815253 0.1098797994765652
-1.341998692695131 -0.4946005664531495 0.1815310845087423
-1.209649294725259 -0.451907955817775 0.1966205452399326
-1.317864570918969 -0.3952110113139911 0.2780277852182797
-1.436580428389932 -0.464530119776093 0.279883620419959
-1.183491792658972 -0.3574012937643331 0.3041380736728666
-1.414308227381361 -0.3584806766562776 0.3681331012873218
-1.518884693210679 -0.4480662320616302 0.3935261561575676
-1.500252574759319 -0.3387391896933329 0.4767808019852041
-1.579562535284135 -0.4465220568090571 0.5181288803621943
-1.56386120406276 -0.3350197518386728 0.6016846411347458
-1.526516262016406 -0.5618417934834422 0.2976704705849698
-1.08022732352005 -0.4359504977142825 0.2522556607961874
-1.055553235454778 -0.3510814769188639 0.3610443363013325
-0.9673630633148563 -0.4524841342223875 0.3335856018326604
-1.158752768319805 -0.2623442281327437 0.4005307095222539
-0.9456210277671407 -0.3668446643189089 0.4497045447736691
-1.274417181198896 -0.1158881102406078 0.5272518551578876
-1.392854812814798 -0.2628682047267856 0.4469622945375281
-1.343883720657122 -1.15211723064258 0.5505760650330207
-1.296051323585195 -0.7693002213484048 1.004081399812698
-1.612540866622709 -0.4557300868302677 0.6542649248067749
-1.596932422281678 -0.3437031885966326 0.73960934941308
-1.543362555454896 -0.2292833995204752 0.681326138089436
-0.8794411051451756 -0.5005046378707124 0.4360818913102237
-1.620438417417277 -0.5696977296509247 0.5722693302908113
-1.010778241082508 -0.9150094075102704 0.7874434845744122
-1.085754298174272 -0.5317536114126133 0.1191420515572864
-1.297948250875182 -1.016049311438409 0.7548738591601079
-0.9293398424538437 -0.1134886935379728 0.6188537765204345
-0.9714694184953188 -0.2146874909985486 0.533234915627973
-1.535451215206774 -0.8730651031190368 0.1088698336424728
-1.562815717620211 -0.7662324349124316 0.2212008793732785
-1.563931107741855 -0.9552252794472145 0.2247246596327399
-0.8191026632727995 -0.5252345466041586 0.7073190783966213
-1.527516195460385 -0.1115393762757532 1.029866368465739
-1.264313276236953 -0.6419293391000251 1.115001914204751
-1.341568867656892 -0.5129652998077366 1.176692683436134
-0.8507783872493958 -0.661838083016749 0.2226354163099922
-0.850462664124667 -0.2234269496880399 0.6620636945761119
-1.571951271635318 -0.2293510157979205 0.8152367126042674
-1.595723831580824 -0.3673146951449828 0.8682501093534881
-1.291506782059882 -0.2978402807069059 0.3685698290425546
-1.489384705389103 -0.621922586932777 0.1875108621460746
-1.348215417001075 -0.8496962405308561 0.9124650915477982
-1.492489063390969 -0.1001460341409239 0.7320695283975702
-0.9742436635620004 -0.5310485446407691 0.2145854073802882
-0.9449704475881475 -0.7963543584994131 0.8327552788929542
-1.596826955302368 -0.8403837941873326 0.5442925308606191
-1.608554560749214 -0.7896998980037411 0.4109132454004599
-1.601641369268218 -0.6419484509613337 0.7640850217661256
-1.46228720764647 -0.8772404144178675 0.8013594655946779
-1.486023779482542 -0.2448770999651373 0.5550088080433552
-1.455961144366352 -0.6844295221225094 0.9822773731311707
-1.588402922220424 -0.5579268700903084 0.4350781513796249
-1.619636953505894 -0.684719124066288 0.4950963061125352
-0.8432699198729855 -0.4766212812736408 0.5694768120001296
-1.48073533856363 -1.162846818963083 0.1171083536983513
-1.477266831306132 -0.1140900704240851 1.169005791062638
-1.1352540893663 -0.9347461068916976 0.8406033931181971
-1.385245214590731 -1.198252383545756 0.4260968728311774
-0.888081250824085 -0.5666727093434195 0.3165799688329887
-1.589538117124162 -0.686492986800028 0.3424808495266055
-0.8845343715932276 -0.3171969988963315 0.5718482708583484
-1.44336887328746 -1.066801305379661 0.5796005257189041
-1.278149807542201 -0.2090334852630544 0.4480663100308373
-1.382131364427119 -0.3698717158938375 1.22643055787518
-0.8308327753434348 -0.6094048654477376 0.4984164381972068
-1.522743061089747 -1.088659774462841 0.2309820260602471
-1.515546512348612 -0.2231935274716074 1.103586770398779
-1.563984279536137 -0.213901020607917 0.9429283271899331
-0.8735237624204741 -0.706457716076895 0.7907292170520077
-1.554648943631127 -1.012598189197663 0.3396500335115398
-1.374742621445836 -0.2277002640785235 1.282592634513886
-1.591220067053323 -0.8530508128961753 0.3132491177296221
-1.140080835347799 -0.1721423694626394 0.479356000143495
-1.045386571442217 -0.2720350025199334 0.4386892261034484
-1.570424000340284 -0.4536629764999668 0.950121157473151
-1.362348937547388 -0.6898288402130236 1.044353084400004
-1.613514376620605 -0.4536062029945707 0.7695479792181892
-1.250060645446472 -0.9466356181429064 0.841247011187366
-1.43610018872372 -0.4529246405442187 1.144355716435852
-1.38832806677827 -0.1814092088206882 0.5217152784725644
-1.365099485916693 -1.068356417512271 0.656357114654649
-0.8455577112002334 -0.6969642487309188 0.106963747754662
-0.8455582265551184 -0.106964148750914 0.6969636177129793
-1.472210796221707 -0.1603356629542474 0.6265156964171266
-1.622241765657564 -0.5557206013199822 0.6927224882401419
-1.366518617332545 -0.9325663536739772 0.8189250115440382
-1.38726993675997 -1.236283059027995 0.3365304313111463
-1.436254636796106 -1.125831554556911 0.4890053844795909
-1.551699365032203 -0.6595118871017139 0.2628553121479783
-0.8346433755303394 -0.6502956265856251 0.7017825164174744
-1.436530794077378 -0.5370586844394065 0.206707509323527
-0.8250440631277712 -0.5870256772001395 0.612036033348114
-1.393220491852403 -0.7668434444383972 0.9638141441352116
-1.166622658693637 -0.08171071471130795 0.5429407161229901
-0.8163187056107756 -0.7129833572823303 0.4929081435743579
-0.9310904642238543 -0.8573141185954073 0.7523571674084986
2 24 0 123
3642
3643
3644
3645
3646
3647
3648
3649
3650
3651
3652
3653
3654
3655
3656
3657
3658
3659
3660
3661
3662
3663
3664
3665
3666
3667
3668
3669
3670
3671
3672
3673
3674
3675
3676
3677
3678
3679
3680
3681
3682
3683
3684
3685
3686
3687
3688
3689
3690
3691
3692
3693
3694
3695
3696
3697
3698
3699
3700
3701
3702
3703
3704
3705
3706
3707
3708
3709
3710
3711
3712
3713
3714
3715
3716
3717
3718
3719
3720
3721
3722
3723
3724
3725
3726
3727
3728
3729
3730
3731
3732
3733
3734
3735
3736
3737
3738
3739
3740
3741
3742
3743
3744
3745
3746
3747
3748
3749
3750
3751
3752
3753
3754
3755
3756
3757
3758
3759
3760
3761
3762
3763
3764
-0.6019906590414941 -0.1006386671824129 1.393208158843412
-0.6448016571942118 -0.7550414609807565 1.60347718265481
-0.5479943450616099 -0.1050800379316865 1.064502205495579
-0.09012824339176198 -0.5393669217430958 1.230758846514117
-0.8417049892802904 -0.543862334365525 1.596490992015661
-0.08442786382987749 -0.7450671058733122 1.488792368457079
-0.3927443102247858 -0.6769927238358525 0.8224719012148594
-0.7879578063303392 -0.8874241099409728 1.464458247901433
-0.6752208494372837 -0.3816632136821184 0.8236731355768642
-1.023873777424446 -0.7507436296009793 1.154222283178274
-0.4464935211005021 -0.9283365396245479 1.57962372809283
-0.8880483113945601 -0.1135045733964711 1.538468082618991
-0.7367951437787124 -1.037392199490793 1.159386526510684
-0.1025399562429813 -0.6224571033520654 0.9306564583222189
-0.9789549006436702 -0.6973840676616571 1.448677002696257
-0.5826658345694806 -1.072308293573519 1.434710940398237
-0.1155705777738827 -1.037464410084852 1.526701115657489
-1.015695090488414 -0.3271967897888728 1.553815548647133
-0.8073498822746255 -0.92921754313001 1.055395056127393
-0.8498926842212547 -0.9381482905977785 1.195117290646575
-0.7042280549793 -0.7881173960197387 0.871658635911557
-0.6257562801240653 -0.7103370847158564 0.8315486984401868
-1.102924074939966 -0.6600436532789247 1.253275405267541
-0.1165565905942468 -0.5680170861490212 1.367276970190281
-0.190866401361577 -0.4754496277236666 1.316558316384117
-0.1932955654872698 -0.4565945984764209 1.177217402784422
-0.2756338674288582 -0.3845561557303542 1.263955526598492
-0.2889358862637151 -0.4235579470250006 1.395710966461813
-0.2950729439319368 -0.3804576583112141 1.124174478804314
-0.3941006512668489 -0.294565670782548 1.354016653171992
-0.406631204128033 -0.3743879260619165 1.472830318839613
-0.3360295974158148 -0.4927314496512725 1.509403860183596
-0.4618650902411471 -0.4630175612216616 1.563922203341263
-0.5237124550184843 -0.3423919843950627 1.532302148650601
-0.400122368860892 -0.5901141317689338 1.585803726579621
-0.5910947695445216 -0.4435734893709691 1.599563139695581
-0.6741287032979916 -0.3065155629404381 1.574601926463378
-0.2295449990598598 -0.4727611063226532 1.043969163299578
-0.3490277176757163 -0.4095791997659696 0.9967733276013724
-0.4016925032854927 -0.3001521940987609 1.067251369374359
-0.460456356881101 -0.3558728397137066 0.9444793203668098
-0.425666052357636 -0.4764796308568032 0.8954505046771702
-0.2810908206944572 -0.6139545949419631 1.542740004095806
-0.3435526013678232 -0.723272489666663 1.595270391361839
-1.152117225426354 -0.550576069462863 1.343883725516981
-0.5406565772733045 -0.09802259017939824 1.269286754773531
-0.7692959541720753 -1.00408221232882 1.296062554662937
-0.7025559259693266 -0.1105031227909556 1.484117291798798
-0.5037787210003877 -0.1893212188476708 1.372234470486508
-0.9150889727968601 -0.7893220075271806 1.013003349477277
-0.4604106867043373 -0.1890962967222053 1.247441345975492
-0.7801900920648152 -0.2157425505507438 1.563216685065099
-1.016045440781427 -0.7548783827565184 1.297948229858585
-0.6075061857833206 -0.1114500035494594 0.9458953678428106
-0.1103801673427284 -0.8712019121235004 1.535842806641169
-0.233441499459761 -0.9536680172995297 1.565605497116564
-0.7004920858522614 -0.5174269387711707 0.8188957510116248
-1.052482158672956 -0.09800337313250276 1.5193587598621
-0.6419293344224077 -1.115001918248223 1.264313273791079
-0.5956995712044693 -0.2146004407009754 1.491772789865246
-0.499420783798845 -0.7014219895469831 1.61992436312571
-0.7351445647618948 -0.4283048968444422 1.612452706963485
-0.6700131207542678 -0.554529571626615 1.62325315630855
-0.8789710258843144 -0.3932096966772176 1.595132761819793
-0.6752785327090221 -0.2407412065889448 0.8387647615654008
-0.5129653025457955 -1.176692683707602 1.341568863793883
-0.1068358581852895 -0.5453405668552533 1.068881960385941
-0.2435094324117674 -0.6516346781654145 0.8533801455397473
-0.2971721521449139 -0.5249353059003055 0.9273999897019054
-0.8495692866307862 -0.9125363046900227 1.348327530514066
-0.5164050682627263 -0.2162827939150691 0.9917719988282959
-0.2136545322177152 -0.7718464940742277 1.561003074740452
-0.546630638417578 -0.8443533786170465 1.595276436780101
-0.2251135424860178 -0.526255643587372 1.44418689429657
-0.6831790194246733 -0.9826716424186794 1.456557043605856
-0.8772253906537029 -0.8013739293090676 1.462288691933755
-0.5295051996770634 -0.5675582197412837 1.614282621195832
-0.8966757133619635 -0.2592481184498358 1.57806367057955
-0.1171083312301763 -1.162846996588714 1.480735244910734
-1.171815065058954 -0.1132475147840418 1.475703369335021
-0.5607335824640716 -0.4631237902653613 0.8486003990759552
-0.4787483609019248 -0.5855311257190119 0.838666932849322
-0.9347496200154723 -0.8405983689344818 1.135249800759427
-0.3131300280045094 -0.8520568788572417 1.591279457715294
-1.198252384082392 -0.4260968789404211 1.385245209564009
-0.7890240277176619 -0.8459296227422184 0.9491933971830768
-1.066801302111116 -0.5796005276631258 1.443368875589436
-0.7290980394927972 -0.6523701399278211 0.8396380737162549
-0.3738746910823897 -0.2846321195463452 1.202909641228397
-0.369871711549797 -1.226430561216453 1.382131362420249
-0.4672185546989925 -0.1992819448628722 1.107414616549123
-0.7496191865470931 -0.6567264331258952 1.60241255047041
-0.2335866454725961 -1.085151489121404 1.524399471749328
-1.10470190045448 -0.2241137849404995 1.515011120134072
-0.3428092474955591 -1.013270959545021 1.554231871864692
-0.2277002485413724 -1.282592651306032 1.374742606290242
-0.5740222423681717 -0.3157260799311838 0.8836638414825707
-0.42978830362764 -0.807854262427191 1.608264913792335
-0.4695728293162101 -0.2807498890155404 1.442946429129829
-0.1649895608407671 -0.6326335110314865 1.47997838784902
-0.6866059367865055 -0.1164565385322686 0.8533304878494047
-0.8174856929933045 -0.7351473317428553 0.8982912712300229
-0.6895626993747666 -1.044481652968919 1.362502920897517
-0.7861950257385371 -0.3271739665517865 1.595706398268546
-0.9466313918464152 -0.8412487508536377 1.250088891725909
-0.45292464189073 -1.144355717558586 1.436100186765773
-1.068356209826569 -0.6563574311328192 1.365099434610245
-0.190562812793633 -0.5532416341040114 0.9643965196899481
-0.1069640886190862 -0.6969637131948894 0.8455581484654756
-0.6051606515548542 -0.6459284541180127 1.624120080221847
-0.9325683093739761 -0.818922406131365 1.366519488019165
-0.5021257726317997 -0.6936636340066603 0.8186086445054886
-0.9587281292658196 -0.4615232407392059 1.565608103365737
-0.3521723214579562 -0.5865810907933765 0.8652564054590672
-1.23628305906911 -0.3365304320390903 1.387269936340507
-1.125831553826924 -0.4890053871550706 1.436254636019518
-0.5131066454065319 -0.1227456136088095 1.164392769016497
-0.6851036553767326 -0.2024208391456326 1.531062796461795
-0.5975329777709566 -0.5876244763867566 0.8257073868761146
-0.7658313330061426 -0.9643931067729142 1.393688218614133
-0.07912650471106486 -0.6562276944554137 1.42719518984551
-1.009437870739235 -0.2111575935020164 1.549909816722507
-0.5942716041566123 -0.2091023490946727 0.9095575349002694
$EndNodes
$Elements
24 7576 1 7576
2 1 2 314
1 818 928 865 
2 865 895 818 
3 835 899 866 
4 856 903 896 
5 830 886 878 
6 872 914 901 
7 876 877 832 
8 869 879 870 
9 886 902 878 
10 59 867 830 
11 856 896 864 
12 828 885 880 
13 901 914 889 
14 890 928 818 
15 871 873 872 
16 879 903 870 
17 866 887 835 
18 852 867 842 
19 873 914 872 
20 818 895 888 
21 867 886 830 
22 832 918 876 
23 835 887 29 
24 72 866 826 
25 30 835 29 
26 833 871 64 
27 880 885 863 
28 70 859 69 
29 833 873 871 
30 829 876 860 
31 881 919 821 
32 821 917 881 
33 866 899 826 
34 823 902 864 
35 864 907 823 
36 868 927 831 
37 859 900 69 
38 840 841 820 
39 870 903 856 
40 852 886 867 
41 56 908 897 
42 870 915 819 
43 856 916 870 
44 836 899 835 
45 870 916 915 
46 824 891 884 
47 901 931 872 
48 888 895 889 
49 839 859 70 
50 831 923 868 
51 842 867 820 
52 897 908 833 
53 68 929 56 
54 827 914 912 
55 61 840 820 
56 906 913 46 
57 891 927 884 
58 822 883 840 
59 822 840 62 
60 817 885 40 
61 875 898 37 
62 31 876 829 
63 872 883 822 
64 35 913 34 
65 834 910 881 
66 60 867 59 
67 71 839 70 
68 909 910 834 
69 34 913 906 
70 896 903 825 
71 27 874 825 
72 46 913 45 
73 64 871 63 
74 39 885 828 
75 874 896 825 
76 869 870 819 
77 872 931 883 
78 875 909 898 
79 826 920 868 
80 32 877 876 
81 875 910 909 
82 881 910 880 
83 817 926 885 
84 912 914 873 
85 899 920 826 
86 41 936 857 
87 42 936 41 
88 43 869 819 
89 38 875 37 
90 2 36 45 
91 57 66 3 
92 841 842 820 
93 831 927 891 
94 876 918 860 
95 55 908 56 
96 77 878 76 
97 26 879 25 
98 919 928 821 
99 889 914 827 
100 821 928 890 
101 858 882 846 
102 33 906 877 
103 76 878 823 
104 892 926 922 
105 47 906 46 
106 841 843 842 
107 826 868 839 
108 825 879 26 
109 31 829 30 
110 76 823 75 
111 72 826 71 
112 829 835 30 
113 32 876 31 
114 33 877 32 
115 28 874 27 
116 65 897 833 
117 860 884 836 
118 829 860 836 
119 27 825 26 
120 826 839 71 
121 829 836 835 
122 863 892 850 
123 47 834 48 
124 843 845 842 
125 53 827 54 
126 51 818 52 
127 49 821 50 
128 841 844 843 
129 73 866 72 
130 862 863 850 
131 848 858 846 
132 845 855 853 
133 43 819 42 
134 61 820 60 
135 74 837 73 
136 41 817 40 
137 844 846 843 
138 41 857 817 
139 63 822 62 
140 74 838 837 
141 62 840 61 
142 847 848 846 
143 39 828 38 
144 818 888 52 
145 849 850 848 
146 51 890 818 
147 861 862 850 
148 844 847 846 
149 844 851 847 
150 65 833 64 
151 847 849 848 
152 845 882 855 
153 850 892 848 
154 849 865 861 
155 849 861 850 
156 51 824 50 
157 63 871 822 
158 849 894 865 
159 871 872 822 
160 828 875 38 
161 820 867 60 
162 53 831 52 
163 40 885 39 
164 52 891 51 
165 845 852 842 
166 854 886 852 
167 59 830 58 
168 50 893 49 
169 52 888 53 
170 50 890 51 
171 862 880 863 
172 845 853 852 
173 49 832 48 
174 888 889 827 
175 862 881 880 
176 53 888 827 
177 821 890 50 
178 848 892 858 
179 853 854 852 
180 44 869 43 
181 853 856 854 
182 51 891 824 
183 831 891 52 
184 856 864 854 
185 846 882 843 
186 824 893 50 
187 854 902 886 
188 858 905 882 
189 49 893 832 
190 839 923 859 
191 847 894 849 
192 922 926 817 
193 28 932 874 
194 69 929 68 
195 851 894 847 
196 843 882 845 
197 45 898 46 
198 56 897 57 
199 877 921 832 
200 825 903 879 
201 894 895 865 
202 895 901 889 
203 66 897 65 
204 37 898 36 
205 881 917 834 
206 54 904 53 
207 900 929 69 
208 47 909 834 
209 887 911 29 
210 896 907 864 
211 54 912 55 
212 833 908 873 
213 36 898 45 
214 57 897 66 
215 894 901 895 
216 878 902 823 
217 58 924 4 
218 851 933 883 
219 851 901 894 
220 1 925 44 
221 4 924 77 
222 844 933 851 
223 25 925 1 
224 864 902 854 
225 857 915 905 
226 853 916 856 
227 74 937 838 
228 911 932 28 
229 53 904 831 
230 55 930 54 
231 834 917 48 
232 49 917 821 
233 75 937 74 
234 898 909 46 
235 34 906 33 
236 906 921 877 
237 878 924 830 
238 892 922 858 
239 859 923 904 
240 900 930 55 
241 882 905 855 
242 46 909 47 
243 862 919 881 
244 832 921 48 
245 29 911 28 
246 915 916 855 
247 77 924 878 
248 840 933 841 
249 869 925 879 
250 55 912 908 
251 837 911 887 
252 879 925 25 
253 827 912 54 
254 880 910 828 
255 56 929 55 
256 884 935 824 
257 45 913 35 
258 858 922 905 
259 828 910 875 
260 868 923 839 
261 884 920 836 
262 55 929 900 
263 883 933 840 
264 893 918 832 
265 838 932 837 
266 836 920 899 
267 855 916 853 
268 48 917 49 
269 883 931 851 
270 857 936 915 
271 885 926 863 
272 905 922 857 
273 860 935 884 
274 908 912 873 
275 48 921 47 
276 905 915 855 
277 861 919 862 
278 47 921 906 
279 857 922 817 
280 863 926 892 
281 823 937 75 
282 830 924 58 
283 887 938 837 
284 896 934 907 
285 861 928 919 
286 44 925 869 
287 865 928 861 
288 841 933 844 
289 851 931 901 
290 874 934 896 
291 73 938 866 
292 819 936 42 
293 904 923 831 
294 837 938 73 
295 54 930 904 
296 837 932 911 
297 824 935 893 
298 859 930 900 
299 866 938 887 
300 907 937 823 
301 904 930 859 
302 893 935 918 
303 918 935 860 
304 907 934 838 
305 838 937 907 
306 884 927 920 
307 920 927 868 
308 915 936 819 
309 932 934 874 
310 838 934 932 
311 2 45 35 
312 57 3 67 
313 56 57 67 
314 56 67 68 
2 2 2 316
315 950 986 114 
316 968 989 987 
317 950 990 986 
318 957 1021 988 
319 997 1004 954 
320 987 1037 968 
321 993 1010 994 
322 988 1024 957 
323 954 1041 997 
324 1010 1022 994 
325 30 988 948 
326 83 957 84 
327 957 1024 84 
328 986 998 939 
329 95 993 955 
330 32 983 33 
331 993 994 955 
332 942 1005 964 
333 951 997 985 
334 1002 1016 956 
335 988 1021 948 
336 943 1001 1000 
337 991 1048 953 
338 1006 1052 1007 
339 940 1011 999 
340 983 1023 33 
341 1007 1046 1006 
342 1017 1031 99 
343 939 998 987 
344 958 1021 957 
345 980 1019 979 
346 1019 1035 979 
347 946 1014 1008 
348 1027 1029 989 
349 964 1005 976 
350 978 1029 1027 
351 961 983 32 
352 953 1045 991 
353 955 1031 1017 
354 34 1053 109 
355 116 984 117 
356 1002 1042 1016 
357 1010 1038 981 
358 1028 1034 99 
359 1014 1048 1008 
360 943 1030 1001 
361 114 986 115 
362 82 997 951 
363 78 1034 79 
364 1006 1046 952 
365 1000 1002 943 
366 31 961 32 
367 91 1005 942 
368 945 1052 1006 
369 949 1033 1022 
370 984 1055 117 
371 968 1027 989 
372 79 1034 1028 
373 982 1010 981 
374 27 995 28 
375 99 1034 98 
376 94 993 95 
377 979 1009 978 
378 999 1049 940 
379 948 1043 991 
380 81 1004 997 
381 944 1038 1010 
382 986 1056 998 
383 1022 1033 994 
384 1021 1043 948 
385 952 1005 90 
386 118 992 119 
387 956 1051 1002 
388 960 1050 85 
389 119 1039 1 
390 110 111 2 
391 5 97 98 
392 85 1050 86 
393 113 996 950 
394 1 1039 25 
395 997 1041 985 
396 962 1059 92 
397 953 1048 1014 
398 996 1060 950 
399 99 1031 100 
400 1026 1040 28 
401 92 1059 93 
402 87 1006 88 
403 25 1003 26 
404 28 1040 29 
405 995 1026 28 
406 950 1016 990 
407 990 1042 975 
408 963 1012 962 
409 979 1035 1009 
410 80 1028 1004 
411 975 1056 990 
412 945 1006 87 
413 100 1028 99 
414 26 1003 947 
415 948 991 961 
416 82 951 83 
417 86 945 87 
418 951 957 83 
419 30 948 31 
420 1009 1029 978 
421 947 995 27 
422 81 997 82 
423 80 1004 81 
424 112 1018 996 
425 955 1017 96 
426 985 1008 958 
427 977 1007 980 
428 26 947 27 
429 951 985 958 
430 948 961 31 
431 1016 1042 990 
432 951 958 957 
433 107 956 108 
434 972 998 975 
435 101 949 102 
436 103 940 104 
437 105 943 106 
438 965 966 963 
439 29 988 30 
440 117 941 118 
441 1018 1032 996 
442 965 968 966 
443 973 981 970 
444 91 942 92 
445 84 959 85 
446 115 939 116 
447 968 969 966 
448 942 963 962 
449 93 944 94 
450 972 975 974 
451 942 962 92 
452 959 960 85 
453 939 984 116 
454 1001 1015 974 
455 939 987 984 
456 977 978 967 
457 969 972 971 
458 969 970 966 
459 113 950 114 
460 950 1060 1016 
461 949 1011 102 
462 973 982 981 
463 115 986 939 
464 112 996 113 
465 972 974 971 
466 975 1000 974 
467 95 955 96 
468 971 973 970 
469 90 1005 91 
470 1000 1001 974 
471 987 989 984 
472 969 971 970 
473 973 999 982 
474 104 946 103 
475 944 993 94 
476 106 953 105 
477 964 965 963 
478 942 964 963 
479 977 979 978 
480 89 952 90 
481 102 1011 103 
482 966 1012 963 
483 102 954 101 
484 964 976 967 
485 964 967 965 
486 944 1010 993 
487 976 1007 977 
488 953 1014 105 
489 976 977 967 
490 103 1011 940 
491 105 1014 104 
492 977 980 979 
493 946 1013 103 
494 103 1013 102 
495 941 1009 992 
496 941 992 118 
497 981 1012 970 
498 998 1037 987 
499 961 1045 983 
500 978 1027 967 
501 104 1014 946 
502 970 1012 966 
503 29 1040 988 
504 33 1053 34 
505 965 1027 968 
506 102 1013 954 
507 84 1024 959 
508 974 1015 971 
509 973 1015 999 
510 988 1040 1024 
511 109 1018 110 
512 98 1017 99 
513 1004 1044 954 
514 952 1046 1005 
515 96 1017 97 
516 111 1018 112 
517 1011 1036 999 
518 947 1019 995 
519 107 1025 106 
520 940 1030 104 
521 105 1030 943 
522 1012 1038 962 
523 1023 1053 33 
524 100 1033 101 
525 994 1031 955 
526 956 1032 108 
527 110 1018 111 
528 97 1017 98 
529 971 1015 973 
530 947 1035 1019 
531 982 1022 1010 
532 940 1049 1030 
533 6 1047 89 
534 117 1055 941 
535 972 1037 998 
536 88 1047 6 
537 968 1037 969 
538 1002 1051 943 
539 1035 1061 1009 
540 106 1025 953 
541 992 1039 119 
542 959 1026 960 
543 1005 1046 976 
544 108 1054 107 
545 980 1020 1019 
546 79 1028 80 
547 104 1030 105 
548 1022 1036 949 
549 109 1032 1018 
550 990 1056 986 
551 107 1051 956 
552 1028 1044 1004 
553 943 1051 106 
554 1030 1049 1001 
555 952 1047 1006 
556 983 1045 1025 
557 1023 1054 108 
558 967 1027 965 
559 941 1029 1009 
560 992 1061 1039 
561 954 1044 101 
562 108 1032 109 
563 1039 1061 1003 
564 1006 1047 88 
565 1031 1033 100 
566 25 1039 1003 
567 101 1033 949 
568 1003 1035 947 
569 1008 1058 946 
570 960 1057 1050 
571 1050 1057 1020 
572 1029 1055 989 
573 109 1053 108 
574 98 1034 78 
575 975 1042 1000 
576 969 1037 972 
577 989 1055 984 
578 949 1036 1011 
579 991 1045 961 
580 1008 1043 958 
581 108 1053 1023 
582 1026 1057 960 
583 1000 1042 1002 
584 999 1036 982 
585 1013 1041 954 
586 981 1038 1012 
587 1015 1049 999 
588 995 1057 1026 
589 958 1043 1021 
590 982 1036 1022 
591 959 1040 1026 
592 998 1056 975 
593 985 1058 1008 
594 994 1033 1031 
595 101 1044 100 
596 100 1044 1028 
597 1007 1052 980 
598 1001 1049 1015 
599 86 1050 945 
600 89 1047 952 
601 976 1046 1007 
602 1019 1057 995 
603 956 1060 1032 
604 106 1051 107 
605 1020 1057 1019 
606 1038 1059 962 
607 1020 1052 945 
608 1024 1040 959 
609 945 1050 1020 
610 1025 1045 953 
611 93 1059 944 
612 1016 1060 956 
613 107 1054 1025 
614 946 1058 1013 
615 980 1052 1020 
616 1009 1061 992 
617 983 1054 1023 
618 1025 1054 983 
619 941 1055 1029 
620 1013 1058 1041 
621 1041 1058 985 
622 1008 1048 1043 
623 1043 1048 991 
624 1032 1060 996 
625 1003 1061 1035 
626 944 1059 1038 
627 110 2 35 
628 5 98 78 
629 109 35 34 
630 109 110 35 
2 3 2 320
631 1073 1110 39 
632 1091 1113 1111 
633 1073 1115 1110 
634 1080 1081 1074 
635 1114 1186 1071 
636 1111 1159 1091 
637 1117 1133 1118 
638 1133 1144 1118 
639 1071 1186 125 
640 158 1080 1074 
641 1108 1128 1112 
642 1110 1121 1062 
643 1108 1112 1074 
644 133 1117 1078 
645 128 1106 127 
646 1117 1118 1078 
647 1065 1129 1087 
648 1125 1139 1079 
649 1066 1124 1123 
650 1071 1161 1114 
651 157 1167 1158 
652 1063 1134 1122 
653 1130 1174 1131 
654 128 1145 1106 
655 1131 1169 1130 
656 1140 1152 151 
657 1062 1121 1111 
658 157 1158 1080 
659 1103 1142 1102 
660 1142 1156 1102 
661 1148 1150 1113 
662 1087 1129 1099 
663 1101 1150 1148 
664 127 1106 1084 
665 1078 1152 1140 
666 1112 1180 160 
667 151 1175 129 
668 41 1107 42 
669 1125 1164 1139 
670 1133 1160 1104 
671 141 1155 1149 
672 1066 1151 1124 
673 39 1110 40 
674 1130 1169 1075 
675 162 1155 163 
676 1123 1125 1066 
677 159 1112 160 
678 127 1084 126 
679 137 1129 1065 
680 1068 1174 1130 
681 1072 1154 1144 
682 1107 1178 42 
683 1091 1148 1113 
684 1149 1155 162 
685 1105 1133 1104 
686 155 1119 156 
687 160 1180 1127 
688 140 1155 141 
689 134 1117 133 
690 1102 1132 1101 
691 1122 1171 1063 
692 1081 1108 1074 
693 1067 1160 1133 
694 1080 1114 1081 
695 1110 1179 1121 
696 1144 1154 1118 
697 1075 1129 138 
698 43 1116 44 
699 1079 1173 1125 
700 1083 1172 123 
701 44 1162 1 
702 2 140 36 
703 152 8 131 
704 123 1172 122 
705 38 1120 1073 
706 1 1162 153 
707 1085 1183 136 
708 1120 1184 1073 
709 151 1152 150 
710 136 1183 135 
711 121 1130 120 
712 153 1126 154 
713 1119 1147 156 
714 124 1158 1082 
715 1073 1139 1115 
716 1115 1164 1098 
717 1086 1135 1085 
718 1081 1109 1108 
719 1102 1156 1132 
720 1109 1168 1108 
721 1127 1149 161 
722 1098 1179 1115 
723 1068 1130 121 
724 141 1149 142 
725 154 1126 1070 
726 158 1074 159 
727 122 1068 121 
728 126 1071 125 
729 1132 1150 1101 
730 1070 1119 155 
731 160 1127 161 
732 1074 1112 159 
733 37 1141 1120 
734 1078 1140 132 
735 1100 1131 1103 
736 154 1070 155 
737 1139 1164 1115 
738 126 1084 1071 
739 143 1079 142 
740 1095 1121 1098 
741 149 1072 148 
742 147 1063 146 
743 145 1066 144 
744 157 1080 158 
745 1088 1089 1086 
746 42 1064 43 
747 1141 1153 1120 
748 1088 1091 1089 
749 1096 1104 1093 
750 137 1065 136 
751 124 1082 123 
752 40 1062 41 
753 1091 1092 1089 
754 1065 1086 1085 
755 135 1067 134 
756 1095 1098 1097 
757 1065 1085 136 
758 1082 1083 123 
759 1062 1107 41 
760 1124 1138 1097 
761 1062 1111 1107 
762 1100 1101 1090 
763 1092 1095 1094 
764 1092 1093 1089 
765 38 1073 39 
766 1073 1184 1139 
767 147 1134 1063 
768 1096 1105 1104 
769 40 1110 1062 
770 37 1120 38 
771 1095 1097 1094 
772 1098 1123 1097 
773 133 1078 132 
774 1094 1096 1093 
775 138 1129 137 
776 1123 1124 1097 
777 1111 1113 1107 
778 1092 1094 1093 
779 1096 1122 1105 
780 145 1069 146 
781 1067 1117 134 
782 147 1076 148 
783 1087 1088 1086 
784 1065 1087 1086 
785 1100 1102 1101 
786 139 1075 138 
787 148 1134 147 
788 1089 1135 1086 
789 143 1077 144 
790 1087 1099 1090 
791 1087 1090 1088 
792 1069 1136 146 
793 1067 1133 1117 
794 1099 1131 1100 
795 1099 1100 1090 
796 1072 1134 148 
797 146 1136 147 
798 1100 1103 1102 
799 1064 1132 1116 
800 1064 1116 43 
801 1137 1177 1109 
802 1104 1135 1093 
803 1109 1161 1137 
804 1168 1182 1108 
805 1109 1177 1168 
806 1121 1159 1111 
807 1106 1166 1084 
808 124 1186 1158 
809 1101 1148 1090 
810 147 1136 1076 
811 1093 1135 1089 
812 129 1175 128 
813 1088 1148 1091 
814 1097 1138 1094 
815 1096 1138 1122 
816 141 1141 140 
817 152 1140 151 
818 1077 1165 1127 
819 1134 1157 1122 
820 1075 1169 1129 
821 132 1140 131 
822 36 1141 37 
823 1070 1142 1119 
824 148 1146 149 
825 1063 1151 146 
826 145 1151 1066 
827 1135 1160 1085 
828 128 1175 1145 
829 150 1154 149 
830 1118 1152 1078 
831 1079 1153 142 
832 140 1141 36 
833 131 1140 152 
834 1084 1137 1071 
835 1094 1138 1096 
836 1128 1163 1077 
837 1070 1156 1142 
838 1105 1144 1133 
839 1063 1171 1151 
840 7 1170 139 
841 42 1178 1064 
842 1095 1159 1121 
843 120 1170 7 
844 1091 1159 1092 
845 1137 1161 1071 
846 1163 1182 1069 
847 1125 1173 1066 
848 1156 1185 1132 
849 1076 1146 148 
850 1116 1162 44 
851 1082 1147 1083 
852 1129 1169 1099 
853 149 1176 150 
854 1103 1143 1142 
855 1077 1180 1128 
856 161 1149 162 
857 156 1167 157 
858 146 1151 145 
859 1144 1157 1072 
860 141 1153 1141 
861 1115 1179 1110 
862 145 1163 1069 
863 143 1173 1079 
864 1127 1165 1149 
865 1066 1173 144 
866 1151 1171 1124 
867 1075 1170 1130 
868 1146 1166 1106 
869 1090 1148 1088 
870 1077 1163 144 
871 150 1176 1145 
872 1064 1150 1132 
873 1116 1185 1162 
874 1080 1158 1114 
875 143 1165 1077 
876 142 1153 141 
877 1162 1185 1126 
878 1130 1170 120 
879 1152 1154 150 
880 153 1162 1126 
881 149 1154 1072 
882 1128 1180 1112 
883 1126 1156 1070 
884 1127 1180 1077 
885 1083 1181 1172 
886 1172 1181 1143 
887 1150 1178 1113 
888 150 1175 151 
889 1114 1161 1081 
890 163 1155 140 
891 1098 1164 1123 
892 1092 1159 1095 
893 1128 1182 1163 
894 1113 1178 1107 
895 1081 1161 1109 
896 1145 1175 150 
897 1147 1167 156 
898 1147 1181 1083 
899 1123 1164 1125 
900 1072 1157 1134 
901 1122 1157 1105 
902 1104 1160 1135 
903 1138 1171 1122 
904 1119 1181 1147 
905 1105 1157 1144 
906 1121 1179 1098 
907 144 1163 145 
908 1084 1166 1137 
909 1118 1154 1152 
910 142 1165 143 
911 1149 1165 142 
912 1166 1177 1137 
913 1131 1174 1103 
914 1069 1168 1136 
915 1108 1182 1128 
916 1124 1171 1138 
917 122 1172 1068 
918 139 1170 1075 
919 1099 1169 1131 
920 1142 1181 1119 
921 1079 1184 1153 
922 144 1173 143 
923 1143 1181 1142 
924 1158 1186 1114 
925 1160 1183 1085 
926 1143 1174 1068 
927 1068 1172 1143 
928 125 1186 124 
929 1076 1166 1146 
930 135 1183 1067 
931 1076 1177 1166 
932 1146 1176 149 
933 1082 1167 1147 
934 1139 1184 1079 
935 1103 1174 1143 
936 1136 1177 1076 
937 1168 1177 1136 
938 1132 1185 1116 
939 1145 1176 1106 
940 1158 1167 1082 
941 1106 1176 1146 
942 1064 1178 1150 
943 1153 1184 1120 
944 1126 1185 1156 
945 1069 1182 1168 
946 1067 1183 1160 
947 2 163 140 
948 152 130 8 
949 151 129 130 
950 151 130 152 
2 4 2 314
951 1198 1234 169 
952 1216 1237 1235 
953 1198 1238 1234 
954 1205 1268 1236 
955 1243 1273 1193 
956 1245 1252 1202 
957 1235 1285 1216 
958 1273 1299 1193 
959 1241 1258 1242 
960 1236 1259 1205 
961 181 1289 1208 
962 1202 1288 1245 
963 1205 1259 203 
964 181 1208 180 
965 1258 1269 1242 
966 178 1236 1196 
967 202 1205 203 
968 1234 1246 1187 
969 64 1241 1203 
970 176 1231 175 
971 1241 1242 1203 
972 1190 1253 1212 
973 1199 1245 1233 
974 1250 1265 1204 
975 1236 1268 1196 
976 1191 1249 1248 
977 1273 1304 1208 
978 1239 1297 1201 
979 1254 1299 1255 
980 1188 1260 1247 
981 1231 1270 175 
982 1243 1304 1273 
983 1255 1294 1254 
984 1266 1278 195 
985 1187 1246 1235 
986 1206 1268 1205 
987 1194 1263 1256 
988 1274 1276 1237 
989 1212 1253 1224 
990 1226 1276 1274 
991 1209 1231 176 
992 1201 1293 1239 
993 1240 1284 1251 
994 1203 1278 1266 
995 174 1300 185 
996 167 1232 166 
997 1250 1290 1265 
998 1258 1286 1229 
999 1275 1282 195 
1000 1263 1297 1256 
1001 1191 1277 1249 
1002 169 1234 168 
1003 1257 1284 1240 
1004 201 1245 1199 
1005 1254 1294 1200 
1006 197 1282 198 
1007 1248 1250 1191 
1008 177 1209 176 
1009 60 1253 1190 
1010 1193 1299 1254 
1011 1197 1281 1269 
1012 1232 1302 166 
1013 1216 1274 1237 
1014 198 1282 1275 
1015 1230 1258 1229 
1016 205 1243 1193 
1017 195 1282 196 
1018 63 1241 64 
1019 1227 1257 1226 
1020 1247 1296 1188 
1021 1196 1291 1239 
1022 200 1252 1245 
1023 1192 1286 1258 
1024 1234 1303 1246 
1025 1269 1281 1242 
1026 1195 1289 181 
1027 1268 1291 1196 
1028 1200 1253 59 
1029 165 1240 164 
1030 1204 1298 1250 
1031 164 1287 9 
1032 10 184 172 
1033 196 3 66 
1034 170 1244 1198 
1035 9 1287 183 
1036 1201 1297 1263 
1037 1245 1288 1233 
1038 1210 1306 61 
1039 1244 1307 1198 
1040 195 1278 194 
1041 61 1306 62 
1042 206 1254 207 
1043 183 1251 182 
1044 1208 1289 1273 
1045 1198 1265 1238 
1046 1238 1290 1223 
1047 1211 1261 1210 
1048 199 1275 1252 
1049 1223 1303 1238 
1050 1193 1254 206 
1051 194 1275 195 
1052 182 1251 1195 
1053 1196 1239 1209 
1054 201 1199 202 
1055 205 1193 206 
1056 204 1243 205 
1057 178 1196 177 
1058 1199 1205 202 
1059 1257 1276 1226 
1060 200 1245 201 
1061 199 1252 200 
1062 171 1267 1244 
1063 1203 1266 65 
1064 1233 1256 1206 
1065 1199 1233 1206 
1066 1225 1255 1228 
1067 182 1195 181 
1068 1265 1290 1238 
1069 1196 1209 177 
1070 1199 1206 1205 
1071 187 1204 186 
1072 1220 1246 1223 
1073 193 1197 192 
1074 191 1188 190 
1075 189 1191 188 
1076 1213 1214 1211 
1077 179 1236 178 
1078 166 1189 165 
1079 1267 1279 1244 
1080 1213 1216 1214 
1081 1221 1229 1218 
1082 60 1190 61 
1083 180 1207 179 
1084 168 1187 167 
1085 1216 1217 1214 
1086 1190 1211 1210 
1087 62 1192 63 
1088 1220 1223 1222 
1089 1190 1210 61 
1090 1187 1232 167 
1091 1249 1264 1222 
1092 1187 1235 1232 
1093 1225 1226 1215 
1094 1217 1220 1219 
1095 1217 1218 1214 
1096 170 1198 169 
1097 1198 1307 1265 
1098 1197 1260 192 
1099 180 1208 1207 
1100 1221 1230 1229 
1101 168 1234 1187 
1102 171 1244 170 
1103 1220 1222 1219 
1104 1223 1248 1222 
1105 64 1203 65 
1106 1251 1284 1195 
1107 1219 1221 1218 
1108 59 1253 60 
1109 1248 1249 1222 
1110 1235 1237 1232 
1111 1217 1219 1218 
1112 1221 1247 1230 
1113 190 1194 191 
1114 1192 1241 63 
1115 188 1201 189 
1116 189 1263 190 
1117 1212 1213 1211 
1118 1190 1212 1211 
1119 1225 1227 1226 
1120 58 1200 59 
1121 192 1260 191 
1122 1214 1261 1211 
1123 192 1202 193 
1124 1212 1224 1215 
1125 1212 1215 1213 
1126 1192 1258 1241 
1127 1224 1255 1225 
1128 1224 1225 1215 
1129 191 1260 1188 
1130 1225 1228 1227 
1131 1194 1262 191 
1132 191 1262 192 
1133 1189 1257 1240 
1134 1189 1240 165 
1135 190 1263 1194 
1136 1201 1263 189 
1137 1229 1261 1218 
1138 1246 1285 1235 
1139 1209 1293 1231 
1140 1226 1274 1215 
1141 1195 1284 1272 
1142 204 1304 1243 
1143 1218 1261 1214 
1144 175 1300 174 
1145 1213 1274 1216 
1146 192 1262 1202 
1147 1222 1264 1219 
1148 1221 1264 1247 
1149 185 1267 184 
1150 196 1266 195 
1151 1252 1292 1202 
1152 1200 1294 1253 
1153 65 1266 66 
1154 172 1267 171 
1155 1260 1283 1247 
1156 187 1271 188 
1157 1188 1277 190 
1158 189 1277 1191 
1159 1261 1286 1210 
1160 1270 1300 175 
1161 1259 1280 203 
1162 194 1281 193 
1163 1242 1278 1203 
1164 1204 1279 186 
1165 184 1267 172 
1166 66 1266 196 
1167 1219 1264 1221 
1168 1230 1269 1258 
1169 1188 1296 1277 
1170 1251 1287 1240 
1171 1228 1299 1273 
1172 4 1295 58 
1173 166 1302 1189 
1174 1220 1285 1246 
1175 207 1295 4 
1176 1216 1285 1217 
1177 1250 1298 1191 
1178 1228 1273 1272 
1179 1280 1304 204 
1180 188 1271 1201 
1181 1253 1294 1224 
1182 186 1301 187 
1183 1240 1287 164 
1184 198 1275 199 
1185 190 1277 189 
1186 1269 1283 1197 
1187 185 1279 1267 
1188 1238 1303 1234 
1189 187 1298 1204 
1190 1275 1292 1252 
1191 1191 1298 188 
1192 1277 1296 1249 
1193 1200 1295 1254 
1194 1231 1293 1271 
1195 1270 1301 186 
1196 1215 1274 1213 
1197 1228 1272 1227 
1198 1189 1276 1257 
1199 1202 1292 193 
1200 203 1280 204 
1201 186 1279 185 
1202 1254 1295 207 
1203 1278 1281 194 
1204 183 1287 1251 
1205 1207 1280 1259 
1206 193 1281 1197 
1207 1256 1305 1194 
1208 1276 1302 1237 
1209 185 1300 186 
1210 196 1282 197 
1211 1223 1290 1248 
1212 1227 1284 1257 
1213 1217 1285 1220 
1214 1237 1302 1232 
1215 1197 1283 1260 
1216 1239 1293 1209 
1217 1256 1291 1206 
1218 186 1300 1270 
1219 1248 1290 1250 
1220 1247 1283 1230 
1221 1262 1288 1202 
1222 1229 1286 1261 
1223 1264 1296 1247 
1224 1208 1304 1207 
1225 1206 1291 1268 
1226 1230 1283 1269 
1227 1272 1284 1227 
1228 1273 1289 1272 
1229 1246 1303 1223 
1230 1233 1305 1256 
1231 1242 1281 1278 
1232 193 1292 194 
1233 194 1292 1275 
1234 1255 1299 1228 
1235 1249 1296 1264 
1236 58 1295 1200 
1237 1259 1308 1207 
1238 1224 1294 1255 
1239 1204 1307 1279 
1240 1272 1289 1195 
1241 188 1298 187 
1242 1286 1306 1210 
1243 179 1308 1236 
1244 1271 1293 1201 
1245 1207 1308 179 
1246 62 1306 1192 
1247 1265 1307 1204 
1248 187 1301 1271 
1249 1194 1305 1262 
1250 1207 1304 1280 
1251 1231 1301 1270 
1252 1236 1308 1259 
1253 1271 1301 1231 
1254 1189 1302 1276 
1255 1262 1305 1288 
1256 1288 1305 1233 
1257 1256 1297 1291 
1258 1279 1307 1244 
1259 1291 1297 1239 
1260 1192 1306 1286 
1261 185 173 174 
1262 173 185 184 
1263 10 173 184 
1264 196 197 3 
2 5 2 320
1265 1320 1357 235 
1266 1338 1360 1358 
1267 1320 1362 1357 
1268 1327 1328 1321 
1269 1361 1433 1318 
1270 1358 1406 1338 
1271 1364 1380 1365 
1272 1380 1391 1365 
1273 1318 1433 72 
1274 1355 1375 1359 
1275 83 1327 1321 
1276 1357 1368 1309 
1277 1355 1359 1321 
1278 214 1364 1325 
1279 69 1353 70 
1280 1364 1365 1325 
1281 1312 1376 1334 
1282 1372 1386 1326 
1283 1313 1371 1370 
1284 1318 1408 1361 
1285 84 1414 1405 
1286 1377 1421 1378 
1287 1310 1381 1369 
1288 69 1392 1353 
1289 1378 1416 1377 
1290 1387 1399 218 
1291 1309 1368 1358 
1292 84 1405 1327 
1293 1350 1389 1349 
1294 1389 1403 1349 
1295 1395 1397 1360 
1296 1334 1376 1346 
1297 1348 1397 1395 
1298 70 1353 1331 
1299 1325 1399 1387 
1300 1359 1427 81 
1301 218 1422 68 
1302 233 1354 232 
1303 1372 1411 1386 
1304 1380 1407 1351 
1305 228 1402 1396 
1306 1313 1398 1371 
1307 235 1357 234 
1308 1377 1416 1322 
1309 79 1402 78 
1310 1370 1372 1313 
1311 82 1359 81 
1312 70 1331 71 
1313 210 1376 1312 
1314 1315 1421 1377 
1315 1319 1401 1391 
1316 1354 1425 232 
1317 1338 1395 1360 
1318 1396 1402 79 
1319 1352 1380 1351 
1320 86 1366 85 
1321 81 1427 1374 
1322 229 1402 228 
1323 213 1364 214 
1324 1349 1379 1348 
1325 1369 1418 1310 
1326 1328 1355 1321 
1327 1314 1407 1380 
1328 1327 1361 1328 
1329 1357 1426 1368 
1330 1391 1401 1365 
1331 1322 1376 209 
1332 231 1363 230 
1333 1326 1420 1372 
1334 1330 1419 74 
1335 230 1409 6 
1336 229 238 5 
1337 3 216 217 
1338 74 1419 75 
1339 236 1367 1320 
1340 6 1409 88 
1341 1332 1430 211 
1342 1367 1431 1320 
1343 218 1399 219 
1344 211 1430 212 
1345 76 1377 77 
1346 88 1373 87 
1347 1366 1394 85 
1348 73 1405 1329 
1349 1320 1386 1362 
1350 1362 1411 1345 
1351 1333 1382 1332 
1352 1328 1356 1355 
1353 1349 1403 1379 
1354 1356 1415 1355 
1355 1374 1396 80 
1356 1345 1426 1362 
1357 1315 1377 76 
1358 228 1396 227 
1359 87 1373 1317 
1360 83 1321 82 
1361 75 1315 76 
1362 71 1318 72 
1363 1379 1397 1348 
1364 1317 1366 86 
1365 81 1374 80 
1366 1321 1359 82 
1367 237 1388 1367 
1368 1325 1387 215 
1369 1347 1378 1350 
1370 1386 1411 1362 
1371 87 1317 86 
1372 71 1331 1318 
1373 226 1326 227 
1374 1342 1368 1345 
1375 220 1319 221 
1376 222 1310 223 
1377 224 1313 225 
1378 84 1327 83 
1379 1335 1336 1333 
1380 232 1311 231 
1381 1388 1400 1367 
1382 1335 1338 1336 
1383 1343 1351 1340 
1384 210 1312 211 
1385 73 1329 74 
1386 234 1309 233 
1387 1338 1339 1336 
1388 1312 1333 1332 
1389 212 1314 213 
1390 1342 1345 1344 
1391 1312 1332 211 
1392 1329 1330 74 
1393 1309 1354 233 
1394 1371 1385 1344 
1395 1309 1358 1354 
1396 1347 1348 1337 
1397 1339 1342 1341 
1398 1339 1340 1336 
1399 236 1320 235 
1400 1320 1431 1386 
1401 1319 1381 221 
1402 1343 1352 1351 
1403 234 1357 1309 
1404 237 1367 236 
1405 1342 1344 1341 
1406 1345 1370 1344 
1407 214 1325 215 
1408 1341 1343 1340 
1409 209 1376 210 
1410 1370 1371 1344 
1411 1358 1360 1354 
1412 1339 1341 1340 
1413 1343 1369 1352 
1414 224 1316 223 
1415 1314 1364 213 
1416 222 1323 221 
1417 1334 1335 1333 
1418 1312 1334 1333 
1419 1347 1349 1348 
1420 208 1322 209 
1421 221 1381 222 
1422 1336 1382 1333 
1423 226 1324 225 
1424 1334 1346 1337 
1425 1334 1337 1335 
1426 1316 1383 223 
1427 1314 1380 1364 
1428 1346 1378 1347 
1429 1346 1347 1337 
1430 222 1381 1310 
1431 223 1383 222 
1432 1347 1350 1349 
1433 1311 1379 1363 
1434 1311 1363 231 
1435 1384 1424 1356 
1436 1351 1382 1340 
1437 1356 1408 1384 
1438 1415 1429 1355 
1439 1356 1424 1415 
1440 1368 1406 1358 
1441 1353 1413 1331 
1442 73 1433 1405 
1443 1348 1395 1337 
1444 222 1383 1323 
1445 1340 1382 1336 
1446 68 1422 69 
1447 1335 1395 1338 
1448 1344 1385 1341 
1449 1343 1385 1369 
1450 228 1388 229 
1451 217 1387 218 
1452 1324 1412 1374 
1453 1322 1416 1376 
1454 215 1387 216 
1455 238 1388 237 
1456 1381 1404 1369 
1457 1317 1389 1366 
1458 221 1393 220 
1459 1310 1398 223 
1460 224 1398 1313 
1461 1382 1407 1332 
1462 69 1422 1392 
1463 219 1401 220 
1464 1365 1399 1325 
1465 1326 1400 227 
1466 229 1388 238 
1467 216 1387 217 
1468 1341 1385 1343 
1469 1331 1384 1318 
1470 1375 1410 1324 
1471 1317 1403 1389 
1472 1352 1391 1380 
1473 1310 1418 1398 
1474 4 1417 208 
1475 232 1425 1311 
1476 1342 1406 1368 
1477 77 1417 4 
1478 1338 1406 1339 
1479 1384 1408 1318 
1480 1410 1429 1316 
1481 1372 1420 1313 
1482 1403 1432 1379 
1483 1323 1393 221 
1484 1363 1409 230 
1485 1329 1394 1330 
1486 1376 1416 1346 
1487 220 1423 219 
1488 1350 1390 1389 
1489 1324 1427 1375 
1490 80 1396 79 
1491 85 1414 84 
1492 223 1398 224 
1493 1391 1404 1319 
1494 228 1400 1388 
1495 1362 1426 1357 
1496 224 1410 1316 
1497 226 1420 1326 
1498 1374 1412 1396 
1499 1313 1420 225 
1500 1398 1418 1371 
1501 1322 1417 1377 
1502 1393 1413 1353 
1503 1337 1395 1335 
1504 1324 1410 225 
1505 219 1423 1392 
1506 1311 1397 1379 
1507 1363 1432 1409 
1508 1327 1405 1361 
1509 226 1412 1324 
1510 227 1400 228 
1511 1409 1432 1373 
1512 1377 1417 77 
1513 1399 1401 219 
1514 88 1409 1373 
1515 220 1401 1319 
1516 1375 1427 1359 
1517 1373 1403 1317 
1518 1374 1427 1324 
1519 1330 1428 1419 
1520 1419 1428 1390 
1521 1397 1425 1360 
1522 219 1422 218 
1523 1361 1408 1328 
1524 78 1402 229 
1525 1345 1411 1370 
1526 1339 1406 1342 
1527 1375 1429 1410 
1528 1360 1425 1354 
1529 1319 1404 1381 
1530 1328 1408 1356 
1531 1392 1422 219 
1532 1394 1414 85 
1533 1394 1428 1330 
1534 1370 1411 1372 
1535 1369 1404 1352 
1536 1351 1407 1382 
1537 1385 1418 1369 
1538 1366 1428 1394 
1539 1352 1404 1391 
1540 1368 1426 1345 
1541 225 1410 224 
1542 1331 1413 1384 
1543 1365 1401 1399 
1544 227 1412 226 
1545 1396 1412 227 
1546 1413 1424 1384 
1547 1378 1421 1350 
1548 1316 1415 1383 
1549 1355 1429 1375 
1550 1371 1418 1385 
1551 75 1419 1315 
1552 208 1417 1322 
1553 1346 1416 1378 
1554 1389 1428 1366 
1555 1326 1431 1400 
1556 225 1420 226 
1557 1390 1428 1389 
1558 1405 1433 1361 
1559 1407 1430 1332 
1560 1390 1421 1315 
1561 1315 1419 1390 
1562 72 1433 73 
1563 1323 1413 1393 
1564 212 1430 1314 
1565 1323 1424 1413 
1566 1329 1414 1394 
1567 1393 1423 220 
1568 1386 1431 1326 
1569 1350 1421 1390 
1570 1383 1424 1323 
1571 1415 1424 1383 
1572 1379 1432 1363 
1573 1392 1423 1353 
1574 1405 1414 1329 
1575 1353 1423 1393 
1576 1311 1425 1397 
1577 1400 1431 1367 
1578 1373 1432 1403 
1579 1316 1429 1415 
1580 1314 1430 1407 
1581 3 217 67 
1582 229 5 78 
1583 218 68 67 
1584 67 217 218 
2 6 2 312
1585 1435 1547 1482 
1586 1482 1511 1435 
1587 1452 1514 1483 
1588 1447 1503 1495 
1589 1489 1530 1518 
1590 1493 1494 1449 
1591 1503 1517 1495 
1592 1486 1531 1487 
1593 90 1484 1447 
1594 1496 1531 1486 
1595 1445 1502 1497 
1596 1518 1530 1505 
1597 1506 1547 1435 
1598 1488 1490 1489 
1599 1469 1484 1459 
1600 1490 1530 1489 
1601 1483 1519 1452 
1602 1435 1511 1504 
1603 1484 1503 1447 
1604 1449 1536 1493 
1605 266 1455 265 
1606 1491 1522 1455 
1607 244 1483 1443 
1608 1455 1521 1491 
1609 268 1452 267 
1610 1452 1519 267 
1611 1450 1488 95 
1612 1455 1545 265 
1613 1497 1502 1480 
1614 242 1476 241 
1615 1450 1490 1488 
1616 1446 1493 1477 
1617 1498 1537 1438 
1618 1438 1534 1498 
1619 1483 1514 1443 
1620 1485 1546 1448 
1621 1476 1515 241 
1622 1487 1531 1473 
1623 1457 1458 1437 
1624 1469 1503 1484 
1625 251 1525 1512 
1626 1487 1532 1436 
1627 1473 1533 1487 
1628 1453 1514 1452 
1629 1487 1533 1532 
1630 1518 1550 1489 
1631 1441 1508 1501 
1632 1504 1511 1505 
1633 1456 1476 242 
1634 1448 1541 1485 
1635 1459 1484 1437 
1636 1512 1525 1450 
1637 240 1548 251 
1638 92 1457 1437 
1639 1444 1530 1528 
1640 1524 1529 261 
1641 1508 1546 1501 
1642 1439 1500 1457 
1643 1439 1457 93 
1644 1434 1502 278 
1645 1492 1513 275 
1646 269 1493 1446 
1647 1489 1500 1439 
1648 273 1529 272 
1649 1451 1527 1498 
1650 91 1484 90 
1651 243 1456 242 
1652 1526 1527 1451 
1653 272 1529 1524 
1654 247 1491 246 
1655 261 1529 262 
1656 95 1488 94 
1657 277 1502 1445 
1658 1486 1487 1436 
1659 1492 1526 1513 
1660 1489 1550 1500 
1661 1443 1538 1485 
1662 270 1494 1493 
1663 1492 1527 1526 
1664 1498 1527 1497 
1665 1434 1544 1502 
1666 1528 1530 1490 
1667 1514 1538 1443 
1668 279 1554 1474 
1669 280 1554 279 
1670 281 1486 1436 
1671 276 1492 275 
1672 262 11 274 
1673 5 250 97 
1674 1458 1459 1437 
1675 1448 1546 1508 
1676 1493 1536 1477 
1677 252 1525 251 
1678 1521 1535 246 
1679 249 1495 248 
1680 264 1496 263 
1681 1491 1521 246 
1682 246 1535 245 
1683 1537 1547 1438 
1684 1505 1530 1444 
1685 1438 1547 1506 
1686 1475 1499 1463 
1687 271 1524 1494 
1688 248 1495 1440 
1689 1509 1544 1540 
1690 260 1524 261 
1691 1458 1460 1459 
1692 1440 1491 247 
1693 1443 1485 1456 
1694 1442 1496 264 
1695 269 1446 268 
1696 248 1440 247 
1697 244 1443 243 
1698 1446 1452 268 
1699 270 1493 269 
1700 271 1494 270 
1701 96 1512 1450 
1702 1477 1501 1453 
1703 1446 1477 1453 
1704 265 1442 264 
1705 1443 1456 243 
1706 1446 1453 1452 
1707 1480 1509 1467 
1708 260 1451 259 
1709 1460 1462 1459 
1710 254 1444 253 
1711 256 1435 255 
1712 258 1438 257 
1713 1458 1461 1460 
1714 245 1483 244 
1715 1479 1480 1467 
1716 1504 1505 1444 
1717 1465 1475 1463 
1718 1462 1472 1470 
1719 281 1436 280 
1720 92 1437 91 
1721 267 1454 266 
1722 279 1434 278 
1723 1461 1463 1460 
1724 279 1474 1434 
1725 94 1439 93 
1726 93 1457 92 
1727 1464 1465 1463 
1728 277 1445 276 
1729 254 1504 1444 
1730 1466 1467 1465 
1731 1454 1455 266 
1732 256 1506 1435 
1733 1478 1479 1467 
1734 1461 1464 1463 
1735 1461 1468 1464 
1736 96 1450 95 
1737 1464 1466 1465 
1738 1462 1499 1472 
1739 1467 1509 1465 
1740 1466 1482 1478 
1741 1466 1478 1467 
1742 256 1441 257 
1743 94 1488 1439 
1744 1466 1510 1482 
1745 1488 1489 1439 
1746 1445 1492 276 
1747 1437 1484 91 
1748 254 1448 255 
1749 278 1502 277 
1750 255 1508 256 
1751 1462 1469 1459 
1752 1471 1503 1469 
1753 90 1447 89 
1754 255 1504 254 
1755 257 1506 256 
1756 1479 1497 1480 
1757 1462 1470 1469 
1758 258 1449 259 
1759 1479 1498 1497 
1760 1435 1504 255 
1761 1438 1506 257 
1762 1441 1507 257 
1763 1465 1509 1475 
1764 1470 1471 1469 
1765 282 1486 281 
1766 257 1507 258 
1767 1470 1473 1471 
1768 256 1508 1441 
1769 1448 1508 255 
1770 1463 1499 1460 
1771 1473 1481 1471 
1772 1471 1517 1503 
1773 1475 1523 1499 
1774 1456 1541 1476 
1775 1464 1510 1466 
1776 1540 1544 1434 
1777 245 1535 1483 
1778 241 1548 240 
1779 258 1507 1449 
1780 267 1519 1454 
1781 1468 1510 1464 
1782 1460 1499 1462 
1783 262 1513 261 
1784 251 1512 250 
1785 1483 1535 1519 
1786 1494 1539 1449 
1787 97 1512 96 
1788 275 1513 274 
1789 1511 1518 1505 
1790 1510 1511 1482 
1791 1498 1534 1451 
1792 253 1520 254 
1793 1515 1548 241 
1794 260 1526 1451 
1795 253 1528 252 
1796 1450 1525 1490 
1797 274 1513 262 
1798 250 1512 97 
1799 1473 1531 1516 
1800 1510 1518 1511 
1801 1495 1517 1440 
1802 1442 1531 1496 
1803 89 1542 6 
1804 1468 1552 1500 
1805 12 1543 282 
1806 6 1542 249 
1807 1468 1518 1510 
1808 1461 1552 1468 
1809 263 1543 12 
1810 1516 1522 1481 
1811 1474 1532 1523 
1812 1470 1533 1473 
1813 1481 1517 1471 
1814 254 1520 1448 
1815 252 1549 253 
1816 1454 1521 1455 
1817 1473 1516 1481 
1818 1451 1534 259 
1819 258 1534 1438 
1820 1513 1526 261 
1821 272 1524 271 
1822 1524 1539 1494 
1823 1495 1542 1447 
1824 1509 1540 1475 
1825 1476 1541 1520 
1826 1515 1549 252 
1827 1499 1523 1472 
1828 261 1526 260 
1829 1479 1537 1498 
1830 1481 1551 1517 
1831 1449 1539 259 
1832 1516 1531 1442 
1833 265 1545 1442 
1834 1517 1551 1440 
1835 1532 1533 1472 
1836 249 1542 1495 
1837 1457 1552 1458 
1838 1486 1543 1496 
1839 252 1528 1525 
1840 1496 1543 263 
1841 1444 1528 253 
1842 1497 1527 1445 
1843 1501 1553 1441 
1844 251 1548 252 
1845 262 1529 273 
1846 1475 1540 1523 
1847 1445 1527 1492 
1848 1485 1541 1456 
1849 1501 1538 1453 
1850 252 1548 1515 
1851 1500 1552 1457 
1852 1507 1536 1449 
1853 1442 1545 1516 
1854 1516 1545 1522 
1855 1453 1538 1514 
1856 1472 1533 1470 
1857 259 1534 258 
1858 1454 1535 1521 
1859 1500 1550 1468 
1860 1474 1554 1532 
1861 1477 1553 1501 
1862 1502 1544 1480 
1863 1523 1540 1474 
1864 1525 1528 1490 
1865 259 1539 260 
1866 1523 1532 1472 
1867 1478 1537 1479 
1868 1522 1551 1481 
1869 260 1539 1524 
1870 1474 1540 1434 
1871 1480 1544 1509 
1872 1447 1542 89 
1873 1478 1547 1537 
1874 282 1543 1486 
1875 1440 1551 1491 
1876 1482 1547 1478 
1877 1458 1552 1461 
1878 1519 1535 1454 
1879 1468 1550 1518 
1880 1436 1554 280 
1881 1520 1541 1448 
1882 253 1549 1520 
1883 1491 1551 1522 
1884 1441 1553 1507 
1885 1522 1545 1455 
1886 1476 1549 1515 
1887 1520 1549 1476 
1888 1507 1553 1536 
1889 1536 1553 1477 
1890 1501 1546 1538 
1891 1538 1546 1485 
1892 1532 1554 1436 
1893 251 239 240 
1894 239 251 250 
1895 5 239 250 
1896 262 273 11 
2 7 2 314
1897 1566 1602 301 
1898 1584 1605 1603 
1899 1566 1606 1602 
1900 1573 1636 1604 
1901 1611 1641 1561 
1902 1613 1620 1570 
1903 1603 1653 1584 
1904 1641 1667 1561 
1905 1609 1626 1610 
1906 1604 1627 1573 
1907 313 1657 1576 
1908 1570 1656 1613 
1909 1573 1627 157 
1910 313 1576 312 
1911 1626 1637 1610 
1912 310 1604 1564 
1913 158 1573 157 
1914 1602 1614 1555 
1915 113 1609 1571 
1916 308 1599 307 
1917 1609 1610 1571 
1918 1558 1621 1580 
1919 1567 1613 1601 
1920 1618 1633 1572 
1921 1604 1636 1564 
1922 1559 1617 1616 
1923 1641 1672 1576 
1924 1556 1628 1615 
1925 1607 1665 1569 
1926 1622 1667 1623 
1927 1599 1638 307 
1928 1611 1672 1641 
1929 1623 1662 1622 
1930 1634 1646 294 
1931 1555 1614 1603 
1932 1574 1636 1573 
1933 1562 1630 1624 
1934 1642 1644 1605 
1935 1580 1621 1592 
1936 1594 1644 1642 
1937 1577 1599 308 
1938 1569 1661 1607 
1939 1608 1652 1619 
1940 1571 1646 1634 
1941 306 1668 284 
1942 299 1600 298 
1943 1618 1658 1633 
1944 1626 1654 1597 
1945 1643 1650 294 
1946 1630 1665 1624 
1947 1559 1645 1617 
1948 301 1602 300 
1949 1625 1652 1608 
1950 159 1613 1567 
1951 1622 1662 1568 
1952 163 1650 162 
1953 1616 1618 1559 
1954 309 1577 308 
1955 117 1621 1558 
1956 1561 1667 1622 
1957 1565 1649 1637 
1958 1600 1670 298 
1959 1584 1642 1605 
1960 162 1650 1643 
1961 1598 1626 1597 
1962 155 1611 1561 
1963 294 1650 295 
1964 114 1609 113 
1965 1595 1625 1594 
1966 1615 1664 1556 
1967 1564 1659 1607 
1968 160 1620 1613 
1969 1560 1654 1626 
1970 1602 1671 1614 
1971 1637 1649 1610 
1972 1563 1657 313 
1973 1636 1659 1564 
1974 1568 1621 118 
1975 297 1608 296 
1976 1572 1666 1618 
1977 296 1655 14 
1978 13 283 304 
1979 295 2 111 
1980 302 1612 1566 
1981 14 1655 315 
1982 1569 1665 1630 
1983 1613 1656 1601 
1984 1578 1674 116 
1985 1612 1675 1566 
1986 294 1646 293 
1987 116 1674 115 
1988 154 1622 153 
1989 315 1619 314 
1990 1576 1657 1641 
1991 1566 1633 1606 
1992 1606 1658 1591 
1993 1579 1629 1578 
1994 161 1643 1620 
1995 1591 1671 1606 
1996 1561 1622 154 
1997 293 1643 294 
1998 314 1619 1563 
1999 1564 1607 1577 
2000 159 1567 158 
2001 155 1561 154 
2002 156 1611 155 
2003 310 1564 309 
2004 1567 1573 158 
2005 1625 1644 1594 
2006 160 1613 159 
2007 161 1620 160 
2008 303 1635 1612 
2009 1571 1634 112 
2010 1601 1624 1574 
2011 1567 1601 1574 
2012 1593 1623 1596 
2013 1633 1658 1606 
2014 314 1563 313 
2015 1564 1577 309 
2016 1567 1574 1573 
2017 286 1572 285 
2018 1588 1614 1591 
2019 292 1565 291 
2020 290 1556 289 
2021 288 1559 287 
2022 1581 1582 1579 
2023 311 1604 310 
2024 298 1557 297 
2025 1635 1647 1612 
2026 1581 1584 1582 
2027 1589 1597 1586 
2028 117 1558 116 
2029 312 1575 311 
2030 300 1555 299 
2031 1584 1585 1582 
2032 1558 1579 1578 
2033 115 1560 114 
2034 1588 1591 1590 
2035 1558 1578 116 
2036 1555 1600 299 
2037 1617 1632 1590 
2038 1555 1603 1600 
2039 1593 1594 1583 
2040 1585 1588 1587 
2041 1585 1586 1582 
2042 302 1566 301 
2043 1566 1675 1633 
2044 290 1628 1556 
2045 312 1576 1575 
2046 1589 1598 1597 
2047 300 1602 1555 
2048 303 1612 302 
2049 1588 1590 1587 
2050 1591 1616 1590 
2051 113 1571 112 
2052 1619 1652 1563 
2053 1587 1589 1586 
2054 118 1621 117 
2055 1616 1617 1590 
2056 1603 1605 1600 
2057 1585 1587 1586 
2058 1589 1615 1598 
2059 289 1562 290 
2060 1560 1609 114 
2061 287 1569 288 
2062 288 1630 289 
2063 1580 1581 1579 
2064 1558 1580 1579 
2065 1593 1595 1594 
2066 119 1568 118 
2067 290 1631 291 
2068 291 1628 290 
2069 1582 1629 1579 
2070 291 1570 292 
2071 1580 1592 1583 
2072 1580 1583 1581 
2073 1560 1626 1609 
2074 1592 1623 1593 
2075 1592 1593 1583 
2076 1565 1628 291 
2077 1593 1596 1595 
2078 1557 1625 1608 
2079 1557 1608 297 
2080 289 1630 1562 
2081 1569 1630 288 
2082 1562 1631 290 
2083 1597 1629 1586 
2084 291 1631 1570 
2085 1614 1653 1603 
2086 1577 1661 1599 
2087 1594 1642 1583 
2088 1563 1652 1640 
2089 156 1672 1611 
2090 1586 1629 1582 
2091 307 1668 306 
2092 1581 1642 1584 
2093 1590 1632 1587 
2094 1589 1632 1615 
2095 284 1635 283 
2096 295 1634 294 
2097 1620 1660 1570 
2098 1628 1651 1615 
2099 1568 1662 1621 
2100 112 1634 111 
2101 304 1635 303 
2102 286 1639 287 
2103 1556 1645 289 
2104 288 1645 1559 
2105 1629 1654 1578 
2106 1638 1668 307 
2107 1627 1648 157 
2108 293 1649 292 
2109 1610 1646 1571 
2110 1572 1647 285 
2111 283 1635 304 
2112 111 1634 295 
2113 1587 1632 1589 
2114 1598 1637 1626 
2115 1556 1664 1645 
2116 1619 1655 1608 
2117 1596 1667 1641 
2118 1 1663 119 
2119 298 1670 1557 
2120 1588 1653 1614 
2121 153 1663 1 
2122 1584 1653 1585 
2123 1618 1666 1559 
2124 1596 1641 1640 
2125 1648 1672 156 
2126 287 1639 1569 
2127 1621 1662 1592 
2128 285 1669 286 
2129 1608 1655 296 
2130 162 1643 161 
2131 289 1645 288 
2132 1637 1651 1565 
2133 284 1647 1635 
2134 1606 1671 1602 
2135 286 1666 1572 
2136 1643 1660 1620 
2137 1559 1666 287 
2138 1645 1664 1617 
2139 1568 1663 1622 
2140 1599 1661 1639 
2141 1638 1669 285 
2142 1583 1642 1581 
2143 1596 1640 1595 
2144 1557 1644 1625 
2145 1570 1660 292 
2146 157 1648 156 
2147 285 1647 284 
2148 1622 1663 153 
2149 1646 1649 293 
2150 315 1655 1619 
2151 1575 1648 1627 
2152 292 1649 1565 
2153 1644 1670 1605 
2154 284 1668 285 
2155 1624 1673 1562 
2156 295 1650 163 
2157 1591 1658 1616 
2158 1595 1652 1625 
2159 1585 1653 1588 
2160 1605 1670 1600 
2161 1607 1661 1577 
2162 1624 1659 1574 
2163 285 1668 1638 
2164 1616 1658 1618 
2165 1565 1651 1628 
2166 1631 1656 1570 
2167 1615 1651 1598 
2168 1597 1654 1629 
2169 1632 1664 1615 
2170 1576 1672 1575 
2171 1574 1659 1636 
2172 1598 1651 1637 
2173 1640 1652 1595 
2174 1641 1657 1640 
2175 1614 1671 1591 
2176 1601 1673 1624 
2177 1610 1649 1646 
2178 292 1660 293 
2179 293 1660 1643 
2180 1623 1667 1596 
2181 1617 1664 1632 
2182 119 1663 1568 
2183 1627 1676 1575 
2184 1592 1662 1623 
2185 1572 1675 1647 
2186 1640 1657 1563 
2187 287 1666 286 
2188 1654 1674 1578 
2189 311 1676 1604 
2190 1639 1661 1569 
2191 1575 1676 311 
2192 115 1674 1560 
2193 1633 1675 1572 
2194 286 1669 1639 
2195 1575 1672 1648 
2196 1562 1673 1631 
2197 1599 1669 1638 
2198 1604 1676 1627 
2199 1639 1669 1599 
2200 1557 1670 1644 
2201 1631 1673 1656 
2202 1656 1673 1601 
2203 1624 1665 1659 
2204 1647 1675 1612 
2205 1659 1665 1607 
2206 1560 1674 1654 
2207 295 163 2 
2208 13 305 283 
2209 305 284 283 
2210 284 305 306 
2 8 2 320
2211 1688 1725 341 
2212 1706 1728 1726 
2213 1688 1730 1725 
2214 1695 1696 1689 
2215 1729 1801 1686 
2216 1726 1774 1706 
2217 1732 1748 1733 
2218 1748 1759 1733 
2219 1686 1801 310 
2220 1723 1743 1727 
2221 125 1695 1689 
2222 1725 1736 1677 
2223 1723 1727 1689 
2224 322 1732 1693 
2225 307 1721 308 
2226 1732 1733 1693 
2227 1680 1744 1702 
2228 1740 1754 1694 
2229 1681 1739 1738 
2230 1686 1776 1729 
2231 124 1782 1773 
2232 1745 1789 1746 
2233 1678 1749 1737 
2234 307 1760 1721 
2235 1746 1784 1745 
2236 1755 1767 336 
2237 1677 1736 1726 
2238 124 1773 1695 
2239 1718 1757 1717 
2240 1757 1771 1717 
2241 1763 1765 1728 
2242 1702 1744 1714 
2243 1716 1765 1763 
2244 308 1721 1699 
2245 1693 1767 1755 
2246 1727 1795 127 
2247 336 1790 306 
2248 343 1722 344 
2249 1740 1779 1754 
2250 1748 1775 1719 
2251 326 1770 1764 
2252 1681 1766 1739 
2253 341 1725 342 
2254 1745 1784 1690 
2255 129 1770 130 
2256 1738 1740 1681 
2257 126 1727 127 
2258 308 1699 309 
2259 318 1744 1680 
2260 1683 1789 1745 
2261 1687 1769 1759 
2262 1722 1793 344 
2263 1706 1763 1728 
2264 1764 1770 129 
2265 1720 1748 1719 
2266 122 1734 123 
2267 127 1795 1742 
2268 325 1770 326 
2269 321 1732 322 
2270 1717 1747 1716 
2271 1737 1786 1678 
2272 1696 1723 1689 
2273 1682 1775 1748 
2274 1695 1729 1696 
2275 1725 1794 1736 
2276 1759 1769 1733 
2277 1690 1744 317 
2278 345 1731 346 
2279 1694 1788 1740 
2280 1698 1787 312 
2281 346 1777 7 
2282 8 325 338 
2283 337 13 324 
2284 312 1787 313 
2285 340 1735 1688 
2286 7 1777 120 
2287 1700 1798 319 
2288 1735 1799 1688 
2289 336 1767 335 
2290 319 1798 320 
2291 314 1745 315 
2292 120 1741 121 
2293 1734 1762 123 
2294 311 1773 1697 
2295 1688 1754 1730 
2296 1730 1779 1713 
2297 1701 1750 1700 
2298 1696 1724 1723 
2299 1717 1771 1747 
2300 1724 1783 1723 
2301 1742 1764 128 
2302 1713 1794 1730 
2303 1683 1745 314 
2304 326 1764 327 
2305 121 1741 1685 
2306 125 1689 126 
2307 313 1683 314 
2308 309 1686 310 
2309 1747 1765 1716 
2310 1685 1734 122 
2311 127 1742 128 
2312 1689 1727 126 
2313 339 1756 1735 
2314 1693 1755 323 
2315 1715 1746 1718 
2316 121 1685 122 
2317 309 1699 1686 
2318 1754 1779 1730 
2319 328 1694 327 
2320 1710 1736 1713 
2321 334 1687 333 
2322 332 1678 331 
2323 330 1681 329 
2324 124 1695 125 
2325 1703 1704 1701 
2326 344 1679 345 
2327 1756 1768 1735 
2328 1703 1706 1704 
2329 1711 1719 1708 
2330 318 1680 319 
2331 311 1697 312 
2332 342 1677 343 
2333 1706 1707 1704 
2334 1680 1701 1700 
2335 320 1682 321 
2336 1710 1713 1712 
2337 1680 1700 319 
2338 1697 1698 312 
2339 1677 1722 343 
2340 1739 1753 1712 
2341 1677 1726 1722 
2342 1715 1716 1705 
2343 1707 1710 1709 
2344 1707 1708 1704 
2345 340 1688 341 
2346 1688 1799 1754 
2347 1687 1749 333 
2348 1711 1720 1719 
2349 342 1725 1677 
2350 339 1735 340 
2351 1710 1712 1709 
2352 1713 1738 1712 
2353 322 1693 323 
2354 1709 1711 1708 
2355 317 1744 318 
2356 1738 1739 1712 
2357 1726 1728 1722 
2358 1707 1709 1708 
2359 1711 1737 1720 
2360 330 1684 331 
2361 1682 1732 321 
2362 332 1691 333 
2363 1702 1703 1701 
2364 1680 1702 1701 
2365 1715 1717 1716 
2366 316 1690 317 
2367 333 1749 332 
2368 1704 1750 1701 
2369 328 1692 329 
2370 1702 1714 1705 
2371 1702 1705 1703 
2372 1684 1751 331 
2373 1682 1748 1732 
2374 1714 1746 1715 
2375 1714 1715 1705 
2376 332 1749 1678 
2377 331 1751 332 
2378 1715 1718 1717 
2379 1679 1747 1731 
2380 1679 1731 345 
2381 1752 1792 1724 
2382 1719 1750 1708 
2383 1724 1776 1752 
2384 1783 1797 1723 
2385 1724 1792 1783 
2386 1736 1774 1726 
2387 1721 1781 1699 
2388 311 1801 1773 
2389 1716 1763 1705 
2390 332 1751 1691 
2391 1708 1750 1704 
2392 306 1790 307 
2393 1703 1763 1706 
2394 1712 1753 1709 
2395 1711 1753 1737 
2396 326 1756 325 
2397 337 1755 336 
2398 1692 1780 1742 
2399 1690 1784 1744 
2400 323 1755 324 
2401 338 1756 339 
2402 1749 1772 1737 
2403 1685 1757 1734 
2404 333 1761 334 
2405 1678 1766 331 
2406 330 1766 1681 
2407 1750 1775 1700 
2408 307 1790 1760 
2409 335 1769 334 
2410 1733 1767 1693 
2411 1694 1768 327 
2412 325 1756 338 
2413 324 1755 337 
2414 1709 1753 1711 
2415 1699 1752 1686 
2416 1743 1778 1692 
2417 1685 1771 1757 
2418 1720 1759 1748 
2419 1678 1786 1766 
2420 14 1785 316 
2421 344 1793 1679 
2422 1710 1774 1736 
2423 315 1785 14 
2424 1706 1774 1707 
2425 1752 1776 1686 
2426 1778 1797 1684 
2427 1740 1788 1681 
2428 1771 1800 1747 
2429 1691 1761 333 
2430 1731 1777 346 
2431 1697 1762 1698 
2432 1744 1784 1714 
2433 334 1791 335 
2434 1718 1758 1757 
2435 1692 1795 1743 
2436 128 1764 129 
2437 123 1782 124 
2438 331 1766 330 
2439 1759 1772 1687 
2440 326 1768 1756 
2441 1730 1794 1725 
2442 330 1778 1684 
2443 328 1788 1694 
2444 1742 1780 1764 
2445 1681 1788 329 
2446 1766 1786 1739 
2447 1690 1785 1745 
2448 1761 1781 1721 
2449 1705 1763 1703 
2450 1692 1778 329 
2451 335 1791 1760 
2452 1679 1765 1747 
2453 1731 1800 1777 
2454 1695 1773 1729 
2455 328 1780 1692 
2456 327 1768 326 
2457 1777 1800 1741 
2458 1745 1785 315 
2459 1767 1769 335 
2460 120 1777 1741 
2461 334 1769 1687 
2462 1743 1795 1727 
2463 1741 1771 1685 
2464 1742 1795 1692 
2465 1698 1796 1787 
2466 1787 1796 1758 
2467 1765 1793 1728 
2468 335 1790 336 
2469 1729 1776 1696 
2470 130 1770 325 
2471 1713 1779 1738 
2472 1707 1774 1710 
2473 1743 1797 1778 
2474 1728 1793 1722 
2475 1687 1772 1749 
2476 1696 1776 1724 
2477 1760 1790 335 
2478 1762 1782 123 
2479 1762 1796 1698 
2480 1738 1779 1740 
2481 1737 1772 1720 
2482 1719 1775 1750 
2483 1753 1786 1737 
2484 1734 1796 1762 
2485 1720 1772 1759 
2486 1736 1794 1713 
2487 329 1778 330 
2488 1699 1781 1752 
2489 1733 1769 1767 
2490 327 1780 328 
2491 1764 1780 327 
2492 1781 1792 1752 
2493 1746 1789 1718 
2494 1684 1783 1751 
2495 1723 1797 1743 
2496 1739 1786 1753 
2497 313 1787 1683 
2498 316 1785 1690 
2499 1714 1784 1746 
2500 1757 1796 1734 
2501 1694 1799 1768 
2502 329 1788 328 
2503 1758 1796 1757 
2504 1773 1801 1729 
2505 1775 1798 1700 
2506 1758 1789 1683 
2507 1683 1787 1758 
2508 310 1801 311 
2509 1691 1781 1761 
2510 320 1798 1682 
2511 1691 1792 1781 
2512 1761 1791 334 
2513 1697 1782 1762 
2514 1754 1799 1694 
2515 1718 1789 1758 
2516 1751 1792 1691 
2517 1783 1792 1751 
2518 1747 1800 1731 
2519 1760 1791 1721 
2520 1773 1782 1697 
2521 1721 1791 1761 
2522 1679 1793 1765 
2523 1768 1799 1735 
2524 1741 1800 1771 
2525 1684 1797 1783 
2526 1682 1798 1775 
2527 8 130 325 
2528 337 305 13 
2529 336 306 305 
2530 336 305 337 
2 9 2 316
2531 1803 1912 1852 
2532 1852 1878 1803 
2533 1841 1886 1880 
2534 1815 1871 1864 
2535 1858 1898 1884 
2536 1855 1865 1856 
2537 1871 1885 1864 
2538 138 1853 1815 
2539 1820 1821 1814 
2540 1854 1924 1811 
2541 1841 1880 1850 
2542 1813 1870 1866 
2543 1884 1898 1873 
2544 1874 1912 1803 
2545 1857 1859 1858 
2546 1865 1886 1856 
2547 1837 1853 1827 
2548 1859 1898 1858 
2549 1803 1878 1872 
2550 1853 1871 1815 
2551 1811 1924 376 
2552 1848 1863 1851 
2553 352 1820 1814 
2554 1848 1851 1814 
2555 1818 1857 133 
2556 1866 1870 1847 
2557 373 1844 374 
2558 1818 1859 1857 
2559 1867 1904 1806 
2560 1806 1902 1867 
2561 1811 1900 1854 
2562 1808 1885 1850 
2563 1850 1890 1808 
2564 373 1883 1844 
2565 1825 1826 1805 
2566 1856 1886 1841 
2567 1837 1871 1853 
2568 351 1893 1820 
2569 369 1891 1881 
2570 1856 1899 1804 
2571 1841 1901 1856 
2572 1822 1893 351 
2573 1856 1901 1899 
2574 1884 1915 1858 
2575 1872 1878 1873 
2576 374 1844 1824 
2577 1827 1853 1805 
2578 1881 1891 1818 
2579 1851 1917 354 
2580 359 1913 372 
2581 1812 1898 1895 
2582 136 1825 1805 
2583 369 1896 1889 
2584 1807 1869 1825 
2585 1807 1825 135 
2586 1802 1870 168 
2587 1861 1882 171 
2588 1858 1869 1807 
2589 356 1896 357 
2590 1819 1894 1867 
2591 137 1853 138 
2592 353 1851 354 
2593 374 1824 375 
2594 1892 1894 1819 
2595 1889 1896 356 
2596 1880 1886 1810 
2597 354 1917 1862 
2598 379 1860 1810 
2599 370 1896 369 
2600 133 1857 134 
2601 169 1870 1813 
2602 1860 1880 1810 
2603 1855 1856 1804 
2604 1858 1915 1869 
2605 1861 1892 1882 
2606 1821 1848 1814 
2607 1861 1894 1892 
2608 1820 1854 1821 
2609 1867 1894 1866 
2610 1802 1911 1870 
2611 1895 1898 1859 
2612 167 1921 1842 
2613 166 1921 167 
2614 165 1855 1804 
2615 170 1861 171 
2616 10 172 358 
2617 370 131 8 
2618 1826 1827 1805 
2619 368 1891 369 
2620 347 1864 348 
2621 380 1865 381 
2622 1904 1912 1806 
2623 1806 1912 1874 
2624 1873 1898 1812 
2625 1821 1849 1848 
2626 1843 1868 1831 
2627 1849 1908 1848 
2628 1862 1889 355 
2629 348 1864 1808 
2630 1876 1911 1906 
2631 369 1889 368 
2632 1826 1828 1827 
2633 1810 1865 380 
2634 352 1814 353 
2635 348 1808 349 
2636 375 1811 376 
2637 354 1862 355 
2638 378 1860 379 
2639 1814 1851 353 
2640 132 1881 1818 
2641 379 1810 380 
2642 375 1824 1811 
2643 1847 1876 1835 
2644 360 1819 361 
2645 1828 1830 1827 
2646 366 1812 367 
2647 364 1803 365 
2648 362 1806 363 
2649 351 1820 352 
2650 1826 1829 1828 
2651 1846 1847 1835 
2652 1833 1843 1831 
2653 1830 1840 1838 
2654 165 1804 166 
2655 136 1805 137 
2656 350 1822 351 
2657 167 1802 168 
2658 1829 1831 1828 
2659 167 1842 1802 
2660 134 1807 135 
2661 350 1823 1822 
2662 135 1825 136 
2663 1832 1833 1831 
2664 169 1813 170 
2665 1803 1872 365 
2666 1834 1835 1833 
2667 1806 1874 363 
2668 1845 1846 1835 
2669 1829 1832 1831 
2670 1829 1836 1832 
2671 132 1818 133 
2672 1832 1834 1833 
2673 1830 1868 1840 
2674 1835 1876 1833 
2675 1834 1852 1845 
2676 1834 1845 1835 
2677 365 1809 364 
2678 134 1857 1807 
2679 1834 1877 1852 
2680 1857 1858 1807 
2681 1813 1861 170 
2682 1805 1853 137 
2683 363 1816 362 
2684 168 1870 169 
2685 1830 1837 1827 
2686 1839 1871 1837 
2687 138 1815 139 
2688 365 1872 366 
2689 363 1874 364 
2690 1846 1866 1847 
2691 1830 1838 1837 
2692 367 1817 366 
2693 1872 1873 1812 
2694 1846 1867 1866 
2695 1809 1875 364 
2696 366 1872 1812 
2697 364 1874 1803 
2698 364 1875 363 
2699 1833 1876 1843 
2700 1823 1919 1897 
2701 1838 1839 1837 
2702 164 1855 165 
2703 1838 1841 1839 
2704 1879 1916 1849 
2705 1841 1850 1839 
2706 1831 1868 1828 
2707 1849 1900 1879 
2708 1839 1885 1871 
2709 1908 1920 1848 
2710 1849 1916 1908 
2711 1843 1888 1868 
2712 1844 1907 1824 
2713 1832 1877 1834 
2714 1906 1911 1802 
2715 363 1875 1816 
2716 372 1913 373 
2717 1836 1877 1832 
2718 1828 1868 1830 
2719 358 1882 359 
2720 369 1881 370 
2721 1817 1905 1862 
2722 1810 1886 1865 
2723 1877 1878 1852 
2724 1878 1884 1873 
2725 131 1881 132 
2726 171 1882 172 
2727 1867 1902 1819 
2728 1823 1897 1822 
2729 362 1887 361 
2730 373 1913 1883 
2731 360 1892 1819 
2732 1880 1890 1850 
2733 367 1895 368 
2734 1818 1891 1859 
2735 172 1882 358 
2736 370 1881 131 
2737 1824 1879 1811 
2738 1877 1884 1878 
2739 1863 1903 1817 
2740 1864 1885 1808 
2741 139 1909 7 
2742 1820 1893 1854 
2743 1836 1918 1869 
2744 1836 1884 1877 
2745 9 1910 164 
2746 7 1909 347 
2747 1879 1900 1811 
2748 1829 1918 1836 
2749 381 1910 9 
2750 1903 1920 1809 
2751 1842 1899 1888 
2752 1850 1885 1839 
2753 1838 1901 1841 
2754 1897 1919 1860 
2755 350 1922 1823 
2756 1816 1887 362 
2757 1819 1902 361 
2758 362 1902 1806 
2759 361 1914 360 
2760 349 1922 350 
2761 1817 1917 1863 
2762 1882 1892 359 
2763 355 1889 356 
2764 365 1903 1809 
2765 1862 1905 1889 
2766 1864 1909 1815 
2767 1876 1906 1843 
2768 1887 1907 1844 
2769 1817 1903 366 
2770 1868 1888 1840 
2771 359 1892 360 
2772 1846 1904 1867 
2773 360 1914 1883 
2774 367 1905 1817 
2775 1899 1901 1840 
2776 1923 1924 1893 
2777 347 1909 1864 
2778 1825 1918 1826 
2779 1855 1910 1865 
2780 368 1895 1891 
2781 1865 1910 381 
2782 1812 1895 367 
2783 1866 1894 1813 
2784 1863 1917 1851 
2785 1862 1917 1817 
2786 360 1913 359 
2787 1854 1900 1821 
2788 357 1896 370 
2789 1843 1906 1888 
2790 1813 1894 1861 
2791 377 1924 1923 
2792 1863 1920 1903 
2793 378 1897 1860 
2794 377 1923 378 
2795 1821 1900 1849 
2796 1883 1913 360 
2797 1869 1918 1825 
2798 1840 1901 1838 
2799 361 1902 362 
2800 1869 1915 1836 
2801 1842 1921 1899 
2802 366 1903 365 
2803 1870 1911 1847 
2804 1888 1906 1842 
2805 1824 1907 1879 
2806 1891 1895 1859 
2807 368 1905 367 
2808 1888 1899 1840 
2809 1845 1904 1846 
2810 1893 1924 1854 
2811 1889 1905 368 
2812 1907 1916 1879 
2813 1842 1906 1802 
2814 1809 1908 1875 
2815 1848 1920 1863 
2816 1847 1911 1876 
2817 1808 1922 349 
2818 1815 1909 139 
2819 1845 1912 1904 
2820 1880 1919 1890 
2821 378 1923 1897 
2822 164 1910 1855 
2823 1852 1912 1845 
2824 1826 1918 1829 
2825 1836 1915 1884 
2826 1860 1919 1880 
2827 1804 1921 166 
2828 376 1924 377 
2829 1816 1907 1887 
2830 1816 1916 1907 
2831 1887 1914 361 
2832 1897 1923 1822 
2833 1822 1923 1893 
2834 1875 1916 1816 
2835 1908 1916 1875 
2836 1883 1914 1844 
2837 1890 1922 1808 
2838 1844 1914 1887 
2839 1890 1919 1823 
2840 1823 1922 1890 
2841 1809 1920 1908 
2842 1899 1921 1804 
2843 370 8 357 
2844 359 372 371 
2845 10 358 371 
2846 371 358 359 
2 10 2 314
2847 1936 1972 385 
2848 1954 1975 1973 
2849 1936 1976 1972 
2850 1943 2006 1974 
2851 1981 2011 1931 
2852 1983 1990 1940 
2853 1973 2023 1954 
2854 2011 2037 1931 
2855 1979 1996 1980 
2856 1974 1997 1943 
2857 393 2027 1946 
2858 1940 2026 1983 
2859 1943 1997 179 
2860 393 1946 394 
2861 1996 2007 1980 
2862 396 1974 1934 
2863 178 1943 179 
2864 1972 1984 1925 
2865 421 1979 1941 
2866 398 1969 399 
2867 1979 1980 1941 
2868 1928 1991 1950 
2869 1937 1983 1971 
2870 1988 2003 1942 
2871 1974 2006 1934 
2872 1929 1987 1986 
2873 2011 2042 1946 
2874 1977 2035 1939 
2875 1992 2037 1993 
2876 1926 1998 1985 
2877 1969 2008 399 
2878 1981 2042 2011 
2879 1993 2032 1992 
2880 2004 2016 413 
2881 1925 1984 1973 
2882 1944 2006 1943 
2883 1932 2001 1994 
2884 2012 2014 1975 
2885 1950 1991 1962 
2886 1964 2014 2012 
2887 1947 1969 398 
2888 1939 2031 1977 
2889 1978 2022 1989 
2890 1941 2016 2004 
2891 400 2038 403 
2892 387 1970 388 
2893 1988 2028 2003 
2894 1996 2024 1967 
2895 2013 2020 413 
2896 2001 2035 1994 
2897 1929 2015 1987 
2898 385 1972 386 
2899 1995 2022 1978 
2900 177 1983 1937 
2901 1992 2032 1938 
2902 173 2020 174 
2903 1986 1988 1929 
2904 397 1947 398 
2905 417 1991 1928 
2906 1931 2037 1992 
2907 1935 2019 2007 
2908 1970 2040 388 
2909 1954 2012 1975 
2910 174 2020 2013 
2911 1968 1996 1967 
2912 181 1981 1931 
2913 413 2020 414 
2914 420 1979 421 
2915 1965 1995 1964 
2916 1985 2034 1926 
2917 1934 2029 1977 
2918 176 1990 1983 
2919 1930 2024 1996 
2920 1972 2041 1984 
2921 2007 2019 1980 
2922 1933 2027 393 
2923 2006 2029 1934 
2924 1938 1991 416 
2925 389 1978 390 
2926 1942 2036 1988 
2927 390 2025 16 
2928 15 402 382 
2929 414 10 423 
2930 384 1982 1936 
2931 16 2025 391 
2932 1939 2035 2001 
2933 1983 2026 1971 
2934 1948 2044 418 
2935 1982 2045 1936 
2936 413 2016 412 
2937 418 2044 419 
2938 182 1992 183 
2939 391 1989 392 
2940 1946 2027 2011 
2941 1936 2003 1976 
2942 1976 2028 1961 
2943 1949 1999 1948 
2944 175 2013 1990 
2945 1961 2041 1976 
2946 1931 1992 182 
2947 412 2013 413 
2948 392 1989 1933 
2949 1934 1977 1947 
2950 177 1937 178 
2951 181 1931 182 
2952 180 1981 181 
2953 396 1934 397 
2954 1937 1943 178 
2955 1995 2014 1964 
2956 176 1983 177 
2957 175 1990 176 
2958 383 2005 1982 
2959 1941 2004 422 
2960 1971 1994 1944 
2961 1937 1971 1944 
2962 1963 1993 1966 
2963 2003 2028 1976 
2964 392 1933 393 
2965 1934 1947 397 
2966 1937 1944 1943 
2967 405 1942 404 
2968 1958 1984 1961 
2969 411 1935 410 
2970 409 1926 408 
2971 407 1929 406 
2972 1951 1952 1949 
2973 395 1974 396 
2974 388 1927 389 
2975 2005 2017 1982 
2976 1951 1954 1952 
2977 1959 1967 1956 
2978 417 1928 418 
2979 394 1945 395 
2980 386 1925 387 
2981 1954 1955 1952 
2982 1928 1949 1948 
2983 419 1930 420 
2984 1958 1961 1960 
2985 1928 1948 418 
2986 1925 1970 387 
2987 1987 2002 1960 
2988 1925 1973 1970 
2989 1963 1964 1953 
2990 1955 1958 1957 
2991 1955 1956 1952 
2992 384 1936 385 
2993 1936 2045 2003 
2994 1935 1998 410 
2995 394 1946 1945 
2996 1959 1968 1967 
2997 386 1972 1925 
2998 383 1982 384 
2999 1958 1960 1957 
3000 1961 1986 1960 
3001 421 1941 422 
3002 1989 2022 1933 
3003 1957 1959 1956 
3004 416 1991 417 
3005 1986 1987 1960 
3006 1973 1975 1970 
3007 1955 1957 1956 
3008 1959 1985 1968 
3009 408 1932 409 
3010 1930 1979 420 
3011 406 1939 407 
3012 407 2001 408 
3013 1950 1951 1949 
3014 1928 1950 1949 
3015 1963 1965 1964 
3016 415 1938 416 
3017 410 1998 409 
3018 1952 1999 1949 
3019 410 1940 411 
3020 1950 1962 1953 
3021 1950 1953 1951 
3022 1930 1996 1979 
3023 1962 1993 1963 
3024 1962 1963 1953 
3025 409 1998 1926 
3026 1963 1966 1965 
3027 1932 2000 409 
3028 409 2000 410 
3029 1927 1995 1978 
3030 1927 1978 389 
3031 408 2001 1932 
3032 1939 2001 407 
3033 1967 1999 1956 
3034 1984 2023 1973 
3035 1947 2031 1969 
3036 1964 2012 1953 
3037 1933 2022 2010 
3038 180 2042 1981 
3039 1956 1999 1952 
3040 399 2038 400 
3041 1951 2012 1954 
3042 410 2000 1940 
3043 1960 2002 1957 
3044 1959 2002 1985 
3045 403 2005 402 
3046 414 2004 413 
3047 1990 2030 1940 
3048 1938 2032 1991 
3049 422 2004 423 
3050 382 2005 383 
3051 1998 2021 1985 
3052 405 2009 406 
3053 1926 2015 408 
3054 407 2015 1929 
3055 1999 2024 1948 
3056 2008 2038 399 
3057 1997 2018 179 
3058 412 2019 411 
3059 1980 2016 1941 
3060 1942 2017 404 
3061 402 2005 382 
3062 423 2004 414 
3063 1957 2002 1959 
3064 1968 2007 1996 
3065 1926 2034 2015 
3066 1989 2025 1978 
3067 1966 2037 2011 
3068 9 2033 415 
3069 388 2040 1927 
3070 1958 2023 1984 
3071 183 2033 9 
3072 1954 2023 1955 
3073 1988 2036 1929 
3074 1966 2011 2010 
3075 2018 2042 180 
3076 406 2009 1939 
3077 1991 2032 1962 
3078 404 2039 405 
3079 1978 2025 390 
3080 174 2013 175 
3081 408 2015 407 
3082 2007 2021 1935 
3083 403 2017 2005 
3084 1976 2041 1972 
3085 405 2036 1942 
3086 2013 2030 1990 
3087 1929 2036 406 
3088 2015 2034 1987 
3089 1938 2033 1992 
3090 1969 2031 2009 
3091 2008 2039 404 
3092 1953 2012 1951 
3093 1966 2010 1965 
3094 1927 2014 1995 
3095 1940 2030 411 
3096 179 2018 180 
3097 404 2017 403 
3098 1992 2033 183 
3099 2016 2019 412 
3100 391 2025 1989 
3101 1945 2018 1997 
3102 411 2019 1935 
3103 1994 2043 1932 
3104 2014 2040 1975 
3105 403 2038 404 
3106 414 2020 173 
3107 1961 2028 1986 
3108 1965 2022 1995 
3109 1955 2023 1958 
3110 1975 2040 1970 
3111 1935 2021 1998 
3112 1977 2031 1947 
3113 1994 2029 1944 
3114 404 2038 2008 
3115 1986 2028 1988 
3116 1985 2021 1968 
3117 2000 2026 1940 
3118 1967 2024 1999 
3119 2002 2034 1985 
3120 1946 2042 1945 
3121 1944 2029 2006 
3122 1968 2021 2007 
3123 2010 2022 1965 
3124 2011 2027 2010 
3125 1984 2041 1961 
3126 1971 2043 1994 
3127 1980 2019 2016 
3128 411 2030 412 
3129 412 2030 2013 
3130 1993 2037 1966 
3131 1987 2034 2002 
3132 415 2033 1938 
3133 1997 2046 1945 
3134 1962 2032 1993 
3135 1942 2045 2017 
3136 2010 2027 1933 
3137 406 2036 405 
3138 2024 2044 1948 
3139 395 2046 1974 
3140 2009 2031 1939 
3141 1945 2046 395 
3142 419 2044 1930 
3143 2003 2045 1942 
3144 405 2039 2009 
3145 1932 2043 2000 
3146 1945 2042 2018 
3147 1969 2039 2008 
3148 1974 2046 1997 
3149 2009 2039 1969 
3150 1927 2040 2014 
3151 2000 2043 2026 
3152 2026 2043 1971 
3153 1994 2035 2029 
3154 2017 2045 1982 
3155 2029 2035 1977 
3156 1930 2044 2024 
3157 414 173 10 
3158 403 401 400 
3159 401 403 402 
3160 15 401 402 
2 11 2 320
3161 2058 2095 213 
3162 2076 2098 2096 
3163 2058 2100 2095 
3164 2065 2066 2059 
3165 2099 2171 2056 
3166 2096 2144 2076 
3167 2102 2118 2103 
3168 2118 2129 2103 
3169 2056 2171 396 
3170 202 2065 2059 
3171 2093 2113 2097 
3172 2095 2106 2047 
3173 2093 2097 2059 
3174 439 2102 2063 
3175 399 2091 398 
3176 2102 2103 2063 
3177 2050 2114 2072 
3178 2110 2124 2064 
3179 2051 2109 2108 
3180 2056 2146 2099 
3181 203 2152 2143 
3182 2048 2119 2107 
3183 2115 2159 2116 
3184 399 2130 2091 
3185 2116 2154 2115 
3186 2125 2137 435 
3187 2047 2106 2096 
3188 203 2143 2065 
3189 2088 2127 2087 
3190 2127 2141 2087 
3191 2133 2135 2098 
3192 2072 2114 2084 
3193 2086 2135 2133 
3194 398 2091 2069 
3195 2063 2137 2125 
3196 2097 2165 200 
3197 435 2160 400 
3198 211 2092 210 
3199 2110 2149 2124 
3200 2118 2145 2089 
3201 425 2140 2134 
3202 2051 2136 2109 
3203 213 2095 212 
3204 2115 2154 2060 
3205 198 2140 197 
3206 2108 2110 2051 
3207 201 2097 200 
3208 398 2069 397 
3209 443 2114 2050 
3210 2053 2159 2115 
3211 2057 2139 2129 
3212 2092 2163 210 
3213 2076 2133 2098 
3214 2134 2140 198 
3215 2090 2118 2089 
3216 205 2104 204 
3217 200 2165 2112 
3218 424 2140 425 
3219 440 2102 439 
3220 2087 2117 2086 
3221 2107 2156 2048 
3222 2066 2093 2059 
3223 2052 2145 2118 
3224 2065 2099 2066 
3225 2095 2164 2106 
3226 2129 2139 2103 
3227 2060 2114 444 
3228 209 2101 208 
3229 2064 2158 2110 
3230 2068 2157 394 
3231 208 2147 4 
3232 3 424 216 
3233 436 15 437 
3234 394 2157 393 
3235 214 2105 2058 
3236 4 2147 207 
3237 2070 2168 442 
3238 2105 2169 2058 
3239 435 2137 434 
3240 442 2168 441 
3241 392 2115 391 
3242 207 2111 206 
3243 2104 2132 204 
3244 395 2143 2067 
3245 2058 2124 2100 
3246 2100 2149 2083 
3247 2071 2120 2070 
3248 2066 2094 2093 
3249 2087 2141 2117 
3250 2094 2153 2093 
3251 2112 2134 199 
3252 2083 2164 2100 
3253 2053 2115 392 
3254 425 2134 426 
3255 206 2111 2055 
3256 202 2059 201 
3257 393 2053 392 
3258 397 2056 396 
3259 2117 2135 2086 
3260 2055 2104 205 
3261 200 2112 199 
3262 2059 2097 201 
3263 215 2126 2105 
3264 2063 2125 438 
3265 2085 2116 2088 
3266 206 2055 205 
3267 397 2069 2056 
3268 2124 2149 2100 
3269 427 2064 426 
3270 2080 2106 2083 
3271 433 2057 432 
3272 431 2048 430 
3273 429 2051 428 
3274 203 2065 202 
3275 2073 2074 2071 
3276 210 2049 209 
3277 2126 2138 2105 
3278 2073 2076 2074 
3279 2081 2089 2078 
3280 443 2050 442 
3281 395 2067 394 
3282 212 2047 211 
3283 2076 2077 2074 
3284 2050 2071 2070 
3285 441 2052 440 
3286 2080 2083 2082 
3287 2050 2070 442 
3288 2067 2068 394 
3289 2047 2092 211 
3290 2109 2123 2082 
3291 2047 2096 2092 
3292 2085 2086 2075 
3293 2077 2080 2079 
3294 2077 2078 2074 
3295 214 2058 213 
3296 2058 2169 2124 
3297 431 2119 2048 
3298 2081 2090 2089 
3299 212 2095 2047 
3300 215 2105 214 
3301 2080 2082 2079 
3302 2083 2108 2082 
3303 439 2063 438 
3304 2079 2081 2078 
3305 444 2114 443 
3306 2108 2109 2082 
3307 2096 2098 2092 
3308 2077 2079 2078 
3309 2081 2107 2090 
3310 429 2054 430 
3311 2052 2102 440 
3312 431 2061 432 
3313 2072 2073 2071 
3314 2050 2072 2071 
3315 2085 2087 2086 
3316 445 2060 444 
3317 432 2119 431 
3318 2074 2120 2071 
3319 427 2062 428 
3320 2072 2084 2075 
3321 2072 2075 2073 
3322 2054 2121 430 
3323 2052 2118 2102 
3324 2084 2116 2085 
3325 2084 2085 2075 
3326 2057 2119 432 
3327 430 2121 431 
3328 2085 2088 2087 
3329 2049 2117 2101 
3330 2049 2101 209 
3331 2122 2162 2094 
3332 2089 2120 2078 
3333 2094 2146 2122 
3334 2153 2167 2093 
3335 2094 2162 2153 
3336 2106 2144 2096 
3337 2091 2151 2069 
3338 395 2171 2143 
3339 2086 2133 2075 
3340 431 2121 2061 
3341 2078 2120 2074 
3342 400 2160 399 
3343 2073 2133 2076 
3344 2082 2123 2079 
3345 2081 2123 2107 
3346 425 2126 424 
3347 2062 2150 2112 
3348 436 2125 435 
3349 2119 2142 2107 
3350 2060 2154 2114 
3351 438 2125 437 
3352 216 2126 215 
3353 2055 2127 2104 
3354 432 2131 433 
3355 2048 2136 430 
3356 429 2136 2051 
3357 2120 2145 2070 
3358 399 2160 2130 
3359 434 2139 433 
3360 2103 2137 2063 
3361 2064 2138 426 
3362 424 2126 216 
3363 437 2125 436 
3364 2069 2122 2056 
3365 2079 2123 2081 
3366 2113 2148 2062 
3367 2055 2141 2127 
3368 2090 2129 2118 
3369 2048 2156 2136 
3370 16 2155 445 
3371 210 2163 2049 
3372 2080 2144 2106 
3373 391 2155 16 
3374 2076 2144 2077 
3375 2122 2146 2056 
3376 2148 2167 2054 
3377 2110 2158 2051 
3378 2141 2170 2117 
3379 2061 2131 432 
3380 2101 2147 208 
3381 2067 2132 2068 
3382 2114 2154 2084 
3383 433 2161 434 
3384 2088 2128 2127 
3385 2062 2165 2113 
3386 199 2134 198 
3387 204 2152 203 
3388 430 2136 429 
3389 2129 2142 2057 
3390 425 2138 2126 
3391 2100 2164 2095 
3392 429 2148 2054 
3393 427 2158 2064 
3394 2112 2150 2134 
3395 2051 2158 428 
3396 2136 2156 2109 
3397 2060 2155 2115 
3398 2131 2151 2091 
3399 2075 2133 2073 
3400 2062 2148 428 
3401 434 2161 2130 
3402 2049 2135 2117 
3403 2101 2170 2147 
3404 2065 2143 2099 
3405 427 2150 2062 
3406 426 2138 425 
3407 2147 2170 2111 
3408 2115 2155 391 
3409 2137 2139 434 
3410 207 2147 2111 
3411 433 2139 2057 
3412 2113 2165 2097 
3413 2111 2141 2055 
3414 2112 2165 2062 
3415 2068 2166 2157 
3416 2157 2166 2128 
3417 2135 2163 2098 
3418 434 2160 435 
3419 2099 2146 2066 
3420 197 2140 424 
3421 2083 2149 2108 
3422 2077 2144 2080 
3423 2113 2167 2148 
3424 2098 2163 2092 
3425 2066 2146 2094 
3426 2130 2160 434 
3427 2132 2152 204 
3428 2132 2166 2068 
3429 2108 2149 2110 
3430 2057 2142 2119 
3431 2107 2142 2090 
3432 2089 2145 2120 
3433 2123 2156 2107 
3434 2104 2166 2132 
3435 2090 2142 2129 
3436 2106 2164 2083 
3437 428 2148 429 
3438 2069 2151 2122 
3439 2103 2139 2137 
3440 426 2150 427 
3441 2134 2150 426 
3442 2151 2162 2122 
3443 2116 2159 2088 
3444 2054 2153 2121 
3445 2093 2167 2113 
3446 2109 2156 2123 
3447 393 2157 2053 
3448 445 2155 2060 
3449 2084 2154 2116 
3450 2127 2166 2104 
3451 2064 2169 2138 
3452 428 2158 427 
3453 2128 2166 2127 
3454 2143 2171 2099 
3455 2145 2168 2070 
3456 2128 2159 2053 
3457 2053 2157 2128 
3458 396 2171 395 
3459 2061 2151 2131 
3460 441 2168 2052 
3461 2061 2162 2151 
3462 2131 2161 433 
3463 2067 2152 2132 
3464 2124 2169 2064 
3465 2088 2159 2128 
3466 2121 2162 2061 
3467 2153 2162 2121 
3468 2117 2170 2101 
3469 2130 2161 2091 
3470 2143 2152 2067 
3471 2091 2161 2131 
3472 2049 2163 2135 
3473 2138 2169 2105 
3474 2111 2170 2141 
3475 2054 2167 2153 
3476 2052 2168 2145 
3477 3 197 424 
3478 435 400 401 
3479 436 401 15 
3480 435 401 436 
2 12 2 316
3481 2173 2284 2222 
3482 2222 2248 2173 
3483 2185 2241 2234 
3484 2228 2267 2254 
3485 2241 2255 2234 
3486 2225 2268 2226 
3487 447 2223 2185 
3488 2190 2191 2184 
3489 2224 2294 2181 
3490 2235 2268 2225 
3491 2183 2240 2236 
3492 2254 2267 2243 
3493 2244 2284 2173 
3494 2227 2229 2228 
3495 2207 2223 2197 
3496 2229 2267 2228 
3497 2173 2248 2242 
3498 2223 2241 2185 
3499 246 2193 247 
3500 2181 2294 244 
3501 2230 2258 2193 
3502 460 2190 2184 
3503 2218 2233 2221 
3504 2193 2257 2230 
3505 2218 2221 2184 
3506 2188 2227 452 
3507 2193 2283 247 
3508 2236 2240 2217 
3509 241 2214 242 
3510 2188 2229 2227 
3511 2237 2274 2176 
3512 2176 2272 2237 
3513 2181 2270 2224 
3514 461 2278 2266 
3515 241 2252 2214 
3516 2226 2268 2211 
3517 2195 2196 2175 
3518 2207 2241 2223 
3519 467 2261 2250 
3520 2226 2269 2174 
3521 2211 2271 2226 
3522 461 2266 2190 
3523 2226 2271 2269 
3524 2254 2287 2228 
3525 2242 2248 2243 
3526 242 2214 2194 
3527 2197 2223 2175 
3528 2250 2261 2188 
3529 2221 2290 458 
3530 477 2285 240 
3531 2182 2267 2264 
3532 449 2195 2175 
3533 467 2265 2260 
3534 2177 2239 2195 
3535 2177 2195 450 
3536 2172 2240 234 
3537 2231 2251 237 
3538 2228 2239 2177 
3539 456 2265 455 
3540 2189 2263 2237 
3541 448 2223 447 
3542 459 2221 458 
3543 242 2194 243 
3544 2262 2263 2189 
3545 2260 2265 456 
3546 463 2230 462 
3547 458 2290 2232 
3548 466 2265 467 
3549 452 2227 451 
3550 235 2240 2183 
3551 2225 2226 2174 
3552 2228 2287 2239 
3553 2231 2262 2251 
3554 2191 2218 2184 
3555 2231 2263 2262 
3556 2190 2224 2191 
3557 2237 2263 2236 
3558 2172 2282 2240 
3559 2264 2267 2229 
3560 233 2293 2212 
3561 232 2293 233 
3562 231 2225 2174 
3563 236 2231 237 
3564 478 5 238 
3565 18 466 454 
3566 2196 2197 2175 
3567 468 2261 467 
3568 465 2234 464 
3569 248 2235 249 
3570 2230 2257 462 
3571 245 2266 2192 
3572 2274 2284 2176 
3573 2176 2284 2244 
3574 2243 2267 2182 
3575 2191 2219 2218 
3576 2213 2238 2201 
3577 2219 2279 2218 
3578 2232 2260 457 
3579 464 2234 2178 
3580 2246 2282 2276 
3581 467 2260 468 
3582 2196 2198 2197 
3583 2178 2230 463 
3584 2180 2235 248 
3585 460 2184 459 
3586 464 2178 463 
3587 243 2181 244 
3588 458 2232 457 
3589 2184 2221 459 
3590 453 2250 2188 
3591 247 2180 248 
3592 243 2194 2181 
3593 2217 2246 2205 
3594 476 2189 475 
3595 2198 2200 2197 
3596 470 2182 469 
3597 472 2173 471 
3598 474 2176 473 
3599 461 2190 460 
3600 2196 2199 2198 
3601 2216 2217 2205 
3602 2203 2213 2201 
3603 2200 2210 2208 
3604 231 2174 232 
3605 449 2175 448 
3606 245 2192 246 
3607 233 2172 234 
3608 2199 2201 2198 
3609 233 2212 2172 
3610 451 2177 450 
3611 450 2195 449 
3612 2202 2203 2201 
3613 235 2183 236 
3614 2173 2242 471 
3615 2204 2205 2203 
3616 2192 2193 246 
3617 2176 2244 473 
3618 2215 2216 2205 
3619 2199 2202 2201 
3620 2199 2206 2202 
3621 453 2188 452 
3622 2202 2204 2203 
3623 2200 2238 2210 
3624 2205 2246 2203 
3625 2204 2222 2215 
3626 2204 2215 2205 
3627 471 2179 472 
3628 451 2227 2177 
3629 2204 2247 2222 
3630 2227 2228 2177 
3631 2183 2231 236 
3632 2175 2223 448 
3633 473 2186 474 
3634 234 2240 235 
3635 2200 2207 2197 
3636 2209 2241 2207 
3637 447 2185 446 
3638 471 2242 470 
3639 473 2244 472 
3640 2216 2236 2217 
3641 2200 2208 2207 
3642 469 2187 470 
3643 2242 2243 2182 
3644 2216 2237 2236 
3645 2179 2245 472 
3646 470 2242 2182 
3647 472 2244 2173 
3648 472 2245 473 
3649 2203 2246 2213 
3650 2208 2209 2207 
3651 230 2225 231 
3652 2208 2211 2209 
3653 2249 2288 2219 
3654 2201 2238 2198 
3655 2211 2220 2209 
3656 2219 2270 2249 
3657 2279 2292 2218 
3658 2209 2255 2241 
3659 2219 2288 2279 
3660 2213 2259 2238 
3661 2214 2277 2194 
3662 2202 2247 2204 
3663 245 2294 2266 
3664 2276 2282 2172 
3665 473 2245 2186 
3666 240 2285 241 
3667 2206 2247 2202 
3668 2198 2238 2200 
3669 478 2251 477 
3670 467 2250 466 
3671 2187 2275 2232 
3672 2247 2248 2222 
3673 2248 2254 2243 
3674 454 2250 453 
3675 237 2251 238 
3676 2237 2272 2189 
3677 474 2256 475 
3678 241 2285 2252 
3679 476 2262 2189 
3680 469 2264 468 
3681 2188 2261 2229 
3682 238 2251 478 
3683 466 2250 454 
3684 2194 2249 2181 
3685 2247 2254 2248 
3686 2211 2268 2253 
3687 2233 2273 2187 
3688 2234 2255 2178 
3689 2180 2268 2235 
3690 446 2280 17 
3691 2206 2291 2239 
3692 2206 2254 2247 
3693 6 2281 230 
3694 17 2280 465 
3695 2249 2270 2181 
3696 2199 2291 2206 
3697 249 2281 6 
3698 2273 2292 2179 
3699 2253 2258 2220 
3700 2212 2269 2259 
3701 2208 2271 2211 
3702 2220 2255 2209 
3703 2186 2256 474 
3704 2192 2257 2193 
3705 2211 2253 2220 
3706 2189 2272 475 
3707 474 2272 2176 
3708 475 2286 476 
3709 2187 2290 2233 
3710 2251 2262 477 
3711 457 2260 456 
3712 462 2278 461 
3713 471 2273 2179 
3714 2232 2275 2260 
3715 2234 2280 2185 
3716 2246 2276 2213 
3717 2256 2277 2214 
3718 2187 2273 470 
3719 2238 2259 2210 
3720 477 2262 476 
3721 2216 2274 2237 
3722 476 2286 2252 
3723 2190 2266 2224 
3724 2220 2289 2255 
3725 469 2275 2187 
3726 2253 2268 2180 
3727 247 2283 2180 
3728 2255 2289 2178 
3729 2269 2271 2210 
3730 465 2280 2234 
3731 2195 2291 2196 
3732 2225 2281 2235 
3733 468 2264 2261 
3734 2235 2281 249 
3735 2182 2264 469 
3736 2236 2263 2183 
3737 2233 2290 2221 
3738 2232 2290 2187 
3739 476 2285 477 
3740 2224 2270 2191 
3741 455 2265 466 
3742 2213 2276 2259 
3743 2183 2263 2231 
3744 2233 2292 2273 
3745 2191 2270 2219 
3746 2252 2285 476 
3747 2257 2278 462 
3748 2239 2291 2195 
3749 2180 2283 2253 
3750 2253 2283 2258 
3751 2210 2271 2208 
3752 475 2272 474 
3753 2239 2287 2206 
3754 2212 2293 2269 
3755 470 2273 471 
3756 2240 2282 2217 
3757 2259 2276 2212 
3758 2194 2277 2249 
3759 2261 2264 2229 
3760 468 2275 469 
3761 2259 2269 2210 
3762 2215 2274 2216 
3763 2258 2289 2220 
3764 2260 2275 468 
3765 2277 2288 2249 
3766 2212 2276 2172 
3767 2179 2279 2245 
3768 2218 2292 2233 
3769 2217 2282 2246 
3770 2185 2280 446 
3771 2215 2284 2274 
3772 230 2281 2225 
3773 2266 2294 2224 
3774 2178 2289 2230 
3775 2222 2284 2215 
3776 2196 2291 2199 
3777 2206 2287 2254 
3778 2174 2293 232 
3779 244 2294 245 
3780 2186 2277 2256 
3781 2186 2288 2277 
3782 2256 2286 475 
3783 2192 2278 2257 
3784 2230 2289 2258 
3785 2258 2283 2193 
3786 2245 2288 2186 
3787 2279 2288 2245 
3788 2252 2286 2214 
3789 2266 2278 2192 
3790 2214 2286 2256 
3791 2179 2292 2279 
3792 2269 2293 2174 
3793 477 240 239 
3794 478 239 5 
3795 477 239 478 
3796 18 455 466 
2 13 2 314
3797 2306 2342 482 
3798 2324 2345 2343 
3799 2306 2346 2342 
3800 2313 2376 2344 
3801 2351 2381 2301 
3802 2353 2360 2310 
3803 2343 2393 2324 
3804 2381 2407 2301 
3805 2349 2366 2350 
3806 2344 2367 2313 
3807 265 2397 2316 
3808 2310 2396 2353 
3809 2313 2367 461 
3810 265 2316 266 
3811 2366 2377 2350 
3812 268 2344 2304 
3813 460 2313 461 
3814 2342 2354 2295 
3815 507 2349 2311 
3816 270 2339 271 
3817 2349 2350 2311 
3818 2298 2361 2320 
3819 2307 2353 2341 
3820 2358 2373 2312 
3821 2344 2376 2304 
3822 2299 2357 2356 
3823 2381 2412 2316 
3824 2347 2405 2309 
3825 2362 2407 2363 
3826 2296 2368 2355 
3827 2339 2378 271 
3828 2351 2412 2381 
3829 2363 2402 2362 
3830 2374 2386 499 
3831 2295 2354 2343 
3832 2314 2376 2313 
3833 2302 2371 2364 
3834 2382 2384 2345 
3835 2320 2361 2332 
3836 2334 2384 2382 
3837 2317 2339 270 
3838 2309 2401 2347 
3839 2348 2392 2359 
3840 2311 2386 2374 
3841 272 2408 489 
3842 484 2340 485 
3843 2358 2398 2373 
3844 2366 2394 2337 
3845 2383 2390 499 
3846 2371 2405 2364 
3847 2299 2385 2357 
3848 482 2342 483 
3849 2365 2392 2348 
3850 459 2353 2307 
3851 2362 2402 2308 
3852 455 2390 456 
3853 2356 2358 2299 
3854 269 2317 270 
3855 503 2361 2298 
3856 2301 2407 2362 
3857 2305 2389 2377 
3858 2340 2410 485 
3859 2324 2382 2345 
3860 456 2390 2383 
3861 2338 2366 2337 
3862 463 2351 2301 
3863 499 2390 500 
3864 506 2349 507 
3865 2335 2365 2334 
3866 2355 2404 2296 
3867 2304 2399 2347 
3868 458 2360 2353 
3869 2300 2394 2366 
3870 2342 2411 2354 
3871 2377 2389 2350 
3872 2303 2397 265 
3873 2376 2399 2304 
3874 2308 2361 502 
3875 486 2348 487 
3876 2312 2406 2358 
3877 487 2395 12 
3878 11 488 479 
3879 500 18 509 
3880 481 2352 2306 
3881 12 2395 263 
3882 2309 2405 2371 
3883 2353 2396 2341 
3884 2318 2414 504 
3885 2352 2415 2306 
3886 499 2386 498 
3887 504 2414 505 
3888 464 2362 465 
3889 263 2359 264 
3890 2316 2397 2381 
3891 2306 2373 2346 
3892 2346 2398 2331 
3893 2319 2369 2318 
3894 457 2383 2360 
3895 2331 2411 2346 
3896 2301 2362 464 
3897 498 2383 499 
3898 264 2359 2303 
3899 2304 2347 2317 
3900 459 2307 460 
3901 463 2301 464 
3902 462 2351 463 
3903 268 2304 269 
3904 2307 2313 460 
3905 2365 2384 2334 
3906 458 2353 459 
3907 457 2360 458 
3908 480 2375 2352 
3909 2311 2374 508 
3910 2341 2364 2314 
3911 2307 2341 2314 
3912 2333 2363 2336 
3913 264 2303 265 
3914 2373 2398 2346 
3915 2304 2317 269 
3916 2307 2314 2313 
3917 491 2312 490 
3918 2328 2354 2331 
3919 497 2305 496 
3920 495 2296 494 
3921 493 2299 492 
3922 2321 2322 2319 
3923 267 2344 268 
3924 485 2297 486 
3925 2375 2387 2352 
3926 2321 2324 2322 
3927 2329 2337 2326 
3928 503 2298 504 
3929 266 2315 267 
3930 483 2295 484 
3931 2324 2325 2322 
3932 2298 2319 2318 
3933 505 2300 506 
3934 2328 2331 2330 
3935 2298 2318 504 
3936 2295 2340 484 
3937 2357 2372 2330 
3938 2295 2343 2340 
3939 2333 2334 2323 
3940 2325 2328 2327 
3941 2325 2326 2322 
3942 481 2306 482 
3943 2306 2415 2373 
3944 2305 2368 496 
3945 266 2316 2315 
3946 2329 2338 2337 
3947 483 2342 2295 
3948 480 2352 481 
3949 2328 2330 2327 
3950 2331 2356 2330 
3951 507 2311 508 
3952 2359 2392 2303 
3953 2327 2329 2326 
3954 502 2361 503 
3955 2356 2357 2330 
3956 2343 2345 2340 
3957 2325 2327 2326 
3958 2329 2355 2338 
3959 494 2302 495 
3960 2300 2349 506 
3961 492 2309 493 
3962 493 2371 494 
3963 2320 2321 2319 
3964 2298 2320 2319 
3965 2333 2335 2334 
3966 501 2308 502 
3967 496 2368 495 
3968 2322 2369 2319 
3969 496 2310 497 
3970 2320 2332 2323 
3971 2320 2323 2321 
3972 2300 2366 2349 
3973 2332 2363 2333 
3974 2332 2333 2323 
3975 495 2368 2296 
3976 2333 2336 2335 
3977 2302 2370 495 
3978 495 2370 496 
3979 2297 2365 2348 
3980 2297 2348 486 
3981 494 2371 2302 
3982 2309 2371 493 
3983 2337 2369 2326 
3984 2354 2393 2343 
3985 2317 2401 2339 
3986 2334 2382 2323 
3987 2303 2392 2380 
3988 462 2412 2351 
3989 2326 2369 2322 
3990 271 2408 272 
3991 2321 2382 2324 
3992 496 2370 2310 
3993 2330 2372 2327 
3994 2329 2372 2355 
3995 489 2375 488 
3996 500 2374 499 
3997 2360 2400 2310 
3998 2308 2402 2361 
3999 508 2374 509 
4000 479 2375 480 
4001 2368 2391 2355 
4002 491 2379 492 
4003 2296 2385 494 
4004 493 2385 2299 
4005 2369 2394 2318 
4006 2378 2408 271 
4007 2367 2388 461 
4008 498 2389 497 
4009 2350 2386 2311 
4010 2312 2387 490 
4011 488 2375 479 
4012 509 2374 500 
4013 2327 2372 2329 
4014 2338 2377 2366 
4015 2296 2404 2385 
4016 2359 2395 2348 
4017 2336 2407 2381 
4018 17 2403 501 
4019 485 2410 2297 
4020 2328 2393 2354 
4021 465 2403 17 
4022 2324 2393 2325 
4023 2358 2406 2299 
4024 2336 2381 2380 
4025 2388 2412 462 
4026 492 2379 2309 
4027 2361 2402 2332 
4028 490 2409 491 
4029 2348 2395 487 
4030 456 2383 457 
4031 494 2385 493 
4032 2377 2391 2305 
4033 489 2387 2375 
4034 2346 2411 2342 
4035 491 2406 2312 
4036 2383 2400 2360 
4037 2299 2406 492 
4038 2385 2404 2357 
4039 2308 2403 2362 
4040 2339 2401 2379 
4041 2378 2409 490 
4042 2323 2382 2321 
4043 2336 2380 2335 
4044 2297 2384 2365 
4045 2310 2400 497 
4046 461 2388 462 
4047 490 2387 489 
4048 2362 2403 465 
4049 2386 2389 498 
4050 263 2395 2359 
4051 2315 2388 2367 
4052 497 2389 2305 
4053 2364 2413 2302 
4054 2384 2410 2345 
4055 489 2408 490 
4056 500 2390 455 
4057 2331 2398 2356 
4058 2335 2392 2365 
4059 2325 2393 2328 
4060 2345 2410 2340 
4061 2305 2391 2368 
4062 2347 2401 2317 
4063 2364 2399 2314 
4064 490 2408 2378 
4065 2356 2398 2358 
4066 2355 2391 2338 
4067 2370 2396 2310 
4068 2337 2394 2369 
4069 2372 2404 2355 
4070 2316 2412 2315 
4071 2314 2399 2376 
4072 2338 2391 2377 
4073 2380 2392 2335 
4074 2381 2397 2380 
4075 2354 2411 2331 
4076 2341 2413 2364 
4077 2350 2389 2386 
4078 497 2400 498 
4079 498 2400 2383 
4080 2363 2407 2336 
4081 2357 2404 2372 
4082 501 2403 2308 
4083 2367 2416 2315 
4084 2332 2402 2363 
4085 2312 2415 2387 
4086 2380 2397 2303 
4087 492 2406 491 
4088 2394 2414 2318 
4089 267 2416 2344 
4090 2379 2401 2309 
4091 2315 2416 267 
4092 505 2414 2300 
4093 2373 2415 2312 
4094 491 2409 2379 
4095 2302 2413 2370 
4096 2315 2412 2388 
4097 2339 2409 2378 
4098 2344 2416 2367 
4099 2379 2409 2339 
4100 2297 2410 2384 
4101 2370 2413 2396 
4102 2396 2413 2341 
4103 2364 2405 2399 
4104 2387 2415 2352 
4105 2399 2405 2347 
4106 2300 2414 2394 
4107 489 273 272 
4108 273 489 488 
4109 11 273 488 
4110 500 455 18 
2 14 2 314
4111 2418 2528 2465 
4112 2465 2495 2418 
4113 2435 2499 2466 
4114 2456 2503 2496 
4115 2430 2486 2478 
4116 2472 2514 2501 
4117 2476 2477 2432 
4118 2469 2479 2470 
4119 2486 2502 2478 
4120 281 2467 2430 
4121 2456 2496 2464 
4122 2428 2485 2480 
4123 2501 2514 2489 
4124 2490 2528 2418 
4125 2471 2473 2472 
4126 2479 2503 2470 
4127 2466 2487 2435 
4128 2452 2467 2442 
4129 2473 2514 2472 
4130 2418 2495 2488 
4131 2467 2486 2430 
4132 2432 2518 2476 
4133 2435 2487 540 
4134 515 2466 2426 
4135 539 2435 540 
4136 2433 2471 276 
4137 2480 2485 2463 
4138 517 2459 518 
4139 2433 2473 2471 
4140 2429 2476 2460 
4141 2481 2519 2421 
4142 2421 2517 2481 
4143 2466 2499 2426 
4144 2423 2502 2464 
4145 2464 2507 2423 
4146 2468 2527 2431 
4147 2459 2500 518 
4148 2440 2441 2420 
4149 2470 2503 2456 
4150 2452 2486 2467 
4151 532 2508 2497 
4152 2470 2515 2419 
4153 2456 2516 2470 
4154 2436 2499 2435 
4155 2470 2516 2515 
4156 2424 2492 2484 
4157 2501 2531 2472 
4158 2488 2495 2489 
4159 2439 2459 517 
4160 2431 2523 2468 
4161 2442 2467 2420 
4162 2497 2508 2433 
4163 519 2529 532 
4164 2427 2514 2512 
4165 279 2440 2420 
4166 2506 2513 522 
4167 2492 2527 2484 
4168 2422 2483 2440 
4169 2422 2440 278 
4170 2417 2485 300 
4171 2475 2498 303 
4172 538 2476 2429 
4173 2472 2483 2422 
4174 534 2513 535 
4175 2434 2510 2481 
4176 280 2467 281 
4177 516 2439 517 
4178 2509 2510 2434 
4179 535 2513 2506 
4180 2496 2503 2425 
4181 542 2474 2425 
4182 522 2513 521 
4183 276 2471 277 
4184 301 2485 2428 
4185 2474 2496 2425 
4186 2469 2470 2419 
4187 2472 2531 2483 
4188 2475 2509 2498 
4189 2426 2520 2468 
4190 537 2477 2476 
4191 2475 2510 2509 
4192 2481 2510 2480 
4193 2417 2526 2485 
4194 2512 2514 2473 
4195 2499 2520 2426 
4196 299 2536 2457 
4197 298 2536 299 
4198 297 2469 2419 
4199 302 2475 303 
4200 13 304 521 
4201 533 274 11 
4202 2441 2442 2420 
4203 2431 2527 2492 
4204 2476 2518 2460 
4205 531 2508 532 
4206 510 2478 511 
4207 543 2479 544 
4208 2519 2528 2421 
4209 2489 2514 2427 
4210 2421 2528 2490 
4211 2458 2482 2446 
4212 536 2506 2477 
4213 511 2478 2423 
4214 2493 2526 2522 
4215 523 2506 522 
4216 2441 2443 2442 
4217 2426 2468 2439 
4218 2425 2479 543 
4219 538 2429 539 
4220 511 2423 512 
4221 515 2426 516 
4222 2429 2435 539 
4223 537 2476 538 
4224 536 2477 537 
4225 541 2474 542 
4226 275 2497 2433 
4227 2460 2484 2436 
4228 2429 2460 2436 
4229 542 2425 543 
4230 2426 2439 516 
4231 2429 2436 2435 
4232 2463 2493 2450 
4233 523 2434 524 
4234 2443 2445 2442 
4235 529 2427 530 
4236 527 2418 528 
4237 525 2421 526 
4238 2441 2444 2443 
4239 514 2466 515 
4240 2462 2463 2450 
4241 2448 2458 2446 
4242 2445 2455 2453 
4243 297 2419 298 
4244 279 2420 280 
4245 513 2437 514 
4246 299 2417 300 
4247 2444 2446 2443 
4248 299 2457 2417 
4249 277 2422 278 
4250 513 2438 2437 
4251 278 2440 279 
4252 2447 2448 2446 
4253 301 2428 302 
4254 2418 2488 528 
4255 2449 2450 2448 
4256 527 2490 2418 
4257 2461 2462 2450 
4258 2444 2447 2446 
4259 2444 2451 2447 
4260 275 2433 276 
4261 2447 2449 2448 
4262 2445 2482 2455 
4263 2450 2493 2448 
4264 2449 2465 2461 
4265 2449 2461 2450 
4266 527 2424 526 
4267 277 2471 2422 
4268 2449 2494 2465 
4269 2471 2472 2422 
4270 2428 2475 302 
4271 2420 2467 280 
4272 529 2431 528 
4273 300 2485 301 
4274 528 2492 527 
4275 2445 2452 2442 
4276 2454 2486 2452 
4277 281 2430 282 
4278 528 2488 529 
4279 526 2490 527 
4280 2462 2480 2463 
4281 2445 2453 2452 
4282 525 2432 524 
4283 2488 2489 2427 
4284 2462 2481 2480 
4285 529 2488 2427 
4286 2421 2490 526 
4287 2424 2491 526 
4288 2448 2493 2458 
4289 2453 2454 2452 
4290 296 2469 297 
4291 526 2491 525 
4292 2453 2456 2454 
4293 527 2492 2424 
4294 2431 2492 528 
4295 2456 2464 2454 
4296 2446 2482 2443 
4297 2454 2502 2486 
4298 2458 2505 2482 
4299 2439 2523 2459 
4300 2447 2494 2449 
4301 2522 2526 2417 
4302 541 2532 2474 
4303 518 2529 519 
4304 525 2491 2432 
4305 2451 2494 2447 
4306 2443 2482 2445 
4307 521 2498 522 
4308 532 2497 533 
4309 2477 2521 2432 
4310 2425 2503 2479 
4311 2494 2495 2465 
4312 2495 2501 2489 
4313 274 2497 275 
4314 303 2498 304 
4315 2481 2517 2434 
4316 530 2504 529 
4317 2500 2529 518 
4318 523 2509 2434 
4319 2487 2511 540 
4320 2496 2507 2464 
4321 530 2512 531 
4322 2433 2508 2473 
4323 304 2498 521 
4324 533 2497 274 
4325 2494 2501 2495 
4326 2478 2502 2423 
4327 282 2524 12 
4328 2451 2533 2483 
4329 2451 2501 2494 
4330 14 2525 296 
4331 12 2524 510 
4332 2444 2533 2451 
4333 544 2525 14 
4334 2457 2515 2505 
4335 2464 2502 2454 
4336 2453 2516 2456 
4337 513 2537 2438 
4338 2511 2532 541 
4339 529 2504 2431 
4340 531 2530 530 
4341 2434 2517 524 
4342 525 2517 2421 
4343 512 2537 513 
4344 2498 2509 522 
4345 535 2506 536 
4346 2506 2521 2477 
4347 2478 2524 2430 
4348 2493 2522 2458 
4349 2459 2523 2504 
4350 2500 2530 531 
4351 2482 2505 2455 
4352 522 2509 523 
4353 2462 2519 2481 
4354 2432 2521 524 
4355 540 2511 541 
4356 2515 2516 2455 
4357 510 2524 2478 
4358 2440 2533 2441 
4359 2469 2525 2479 
4360 531 2512 2508 
4361 2437 2511 2487 
4362 2479 2525 544 
4363 2427 2512 530 
4364 2480 2510 2428 
4365 2484 2535 2424 
4366 532 2529 531 
4367 521 2513 534 
4368 2458 2522 2505 
4369 2428 2510 2475 
4370 2468 2523 2439 
4371 2484 2520 2436 
4372 531 2529 2500 
4373 2483 2533 2440 
4374 2491 2518 2432 
4375 2438 2532 2437 
4376 2436 2520 2499 
4377 2455 2516 2453 
4378 524 2517 525 
4379 2483 2531 2451 
4380 2457 2536 2515 
4381 2460 2535 2484 
4382 2485 2526 2463 
4383 2505 2522 2457 
4384 2508 2512 2473 
4385 524 2521 523 
4386 2505 2515 2455 
4387 2461 2519 2462 
4388 523 2521 2506 
4389 2457 2522 2417 
4390 2463 2526 2493 
4391 2423 2537 512 
4392 2430 2524 282 
4393 2487 2538 2437 
4394 2496 2534 2507 
4395 2461 2528 2519 
4396 296 2525 2469 
4397 2465 2528 2461 
4398 2441 2533 2444 
4399 2451 2531 2501 
4400 2474 2534 2496 
4401 514 2538 2466 
4402 2419 2536 298 
4403 2504 2523 2431 
4404 2437 2538 514 
4405 530 2530 2504 
4406 2424 2535 2491 
4407 2437 2532 2511 
4408 2459 2530 2500 
4409 2466 2538 2487 
4410 2507 2537 2423 
4411 2504 2530 2459 
4412 2491 2535 2518 
4413 2518 2535 2460 
4414 2507 2534 2438 
4415 2438 2537 2507 
4416 2484 2527 2520 
4417 2520 2527 2468 
4418 2515 2536 2419 
4419 2532 2534 2474 
4420 2438 2534 2532 
4421 532 520 519 
4422 532 533 520 
4423 533 11 520 
4424 13 521 534 
2 15 2 314
4425 2540 2652 2589 
4426 2589 2615 2540 
4427 2552 2608 2601 
4428 2595 2634 2621 
4429 2608 2622 2601 
4430 2592 2635 2593 
4431 317 2590 2552 
4432 2557 2558 2551 
4433 2591 2660 2548 
4434 2602 2635 2592 
4435 2550 2607 2603 
4436 2621 2634 2610 
4437 2611 2652 2540 
4438 2594 2596 2595 
4439 2574 2590 2564 
4440 2596 2634 2595 
4441 2540 2615 2609 
4442 2590 2608 2552 
4443 561 2560 560 
4444 2548 2660 563 
4445 2597 2625 2560 
4446 539 2557 2551 
4447 2585 2600 2588 
4448 2560 2624 2597 
4449 2585 2588 2551 
4450 2555 2594 322 
4451 2600 2646 2546 
4452 2560 2650 560 
4453 2603 2607 2584 
4454 566 2581 565 
4455 2555 2596 2594 
4456 2604 2641 2543 
4457 2553 2651 2644 
4458 2543 2639 2604 
4459 2548 2637 2591 
4460 2644 2651 2616 
4461 540 2645 2633 
4462 566 2619 2581 
4463 2593 2635 2578 
4464 2562 2563 2542 
4465 2574 2608 2590 
4466 556 2628 2617 
4467 2593 2636 2541 
4468 2578 2638 2593 
4469 540 2633 2557 
4470 2593 2638 2636 
4471 2621 2655 2595 
4472 2609 2615 2610 
4473 565 2581 2561 
4474 2564 2590 2542 
4475 2617 2628 2555 
4476 2588 2657 537 
4477 546 2653 567 
4478 2549 2634 2631 
4479 319 2562 2542 
4480 2546 2640 2600 
4481 556 2632 2627 
4482 2544 2606 2562 
4483 2544 2562 320 
4484 2539 2607 573 
4485 2598 2618 570 
4486 2585 2646 2600 
4487 2595 2606 2544 
4488 535 2632 534 
4489 2556 2630 2604 
4490 318 2590 317 
4491 538 2588 537 
4492 565 2561 564 
4493 2629 2630 2556 
4494 2627 2632 535 
4495 542 2597 541 
4496 537 2657 2599 
4497 557 2632 556 
4498 322 2594 321 
4499 572 2607 2550 
4500 2592 2593 2541 
4501 2595 2655 2606 
4502 2598 2629 2618 
4503 2558 2585 2551 
4504 2598 2630 2629 
4505 2557 2591 2558 
4506 2604 2630 2603 
4507 2539 2649 2607 
4508 2631 2634 2596 
4509 574 2659 2579 
4510 575 2659 574 
4511 576 2592 2541 
4512 571 2598 570 
4513 19 569 545 
4514 557 324 13 
4515 2563 2564 2542 
4516 555 2628 556 
4517 544 2601 543 
4518 559 2602 558 
4519 2597 2624 541 
4520 562 2633 2559 
4521 2641 2652 2543 
4522 2610 2634 2549 
4523 2543 2652 2611 
4524 2558 2586 2585 
4525 2580 2605 2568 
4526 2599 2627 536 
4527 543 2601 2545 
4528 2546 2646 2612 
4529 2613 2649 2643 
4530 556 2627 555 
4531 2563 2565 2564 
4532 2545 2597 542 
4533 2547 2602 559 
4534 539 2551 538 
4535 543 2545 542 
4536 564 2548 563 
4537 537 2599 536 
4538 2551 2588 538 
4539 323 2617 2555 
4540 560 2547 559 
4541 564 2561 2548 
4542 2584 2613 2572 
4543 547 2556 548 
4544 2565 2567 2564 
4545 540 2557 539 
4546 553 2549 554 
4547 551 2540 552 
4548 549 2543 550 
4549 2563 2566 2565 
4550 2583 2584 2572 
4551 2570 2580 2568 
4552 2567 2577 2575 
4553 576 2541 575 
4554 319 2542 318 
4555 562 2559 561 
4556 574 2539 573 
4557 2566 2568 2565 
4558 574 2579 2539 
4559 321 2544 320 
4560 320 2562 319 
4561 2569 2570 2568 
4562 572 2550 571 
4563 2540 2609 552 
4564 2571 2572 2570 
4565 2559 2560 561 
4566 551 2611 2540 
4567 2582 2583 2572 
4568 2566 2569 2568 
4569 2566 2573 2569 
4570 323 2555 322 
4571 2569 2571 2570 
4572 2567 2605 2577 
4573 2572 2613 2570 
4574 2571 2589 2582 
4575 2571 2582 2572 
4576 552 2546 551 
4577 321 2594 2544 
4578 2571 2614 2589 
4579 2594 2595 2544 
4580 2550 2598 571 
4581 2542 2590 318 
4582 550 2553 549 
4583 573 2607 572 
4584 551 2612 550 
4585 2567 2574 2564 
4586 2612 2651 2553 
4587 2576 2608 2574 
4588 317 2552 316 
4589 2646 2651 2612 
4590 552 2609 553 
4591 550 2611 551 
4592 2583 2603 2584 
4593 2567 2575 2574 
4594 554 2554 553 
4595 2609 2610 2549 
4596 2583 2604 2603 
4597 553 2609 2549 
4598 2543 2611 550 
4599 2570 2613 2580 
4600 2575 2576 2574 
4601 577 2592 576 
4602 2575 2578 2576 
4603 2546 2612 551 
4604 550 2612 2553 
4605 2568 2605 2565 
4606 2578 2587 2576 
4607 2586 2637 2616 
4608 2576 2622 2608 
4609 2580 2626 2605 
4610 2581 2644 2561 
4611 562 2660 2633 
4612 2569 2614 2571 
4613 2643 2649 2539 
4614 567 2653 566 
4615 2573 2614 2569 
4616 2565 2605 2567 
4617 545 2618 546 
4618 556 2617 557 
4619 2554 2642 2599 
4620 2614 2615 2589 
4621 2615 2621 2610 
4622 324 2617 323 
4623 570 2618 569 
4624 2604 2639 2556 
4625 549 2623 548 
4626 566 2653 2619 
4627 547 2629 2556 
4628 554 2631 555 
4629 2555 2628 2596 
4630 569 2618 545 
4631 557 2617 324 
4632 2561 2616 2548 
4633 2614 2621 2615 
4634 2578 2635 2620 
4635 2600 2640 2554 
4636 2601 2622 2545 
4637 2547 2635 2602 
4638 316 2647 14 
4639 2573 2658 2606 
4640 2573 2621 2614 
4641 20 2648 577 
4642 14 2647 544 
4643 2616 2637 2548 
4644 2566 2658 2573 
4645 558 2648 20 
4646 2620 2625 2587 
4647 2579 2636 2626 
4648 2575 2638 2578 
4649 2587 2622 2576 
4650 2553 2623 549 
4651 2559 2624 2560 
4652 2578 2620 2587 
4653 2556 2639 548 
4654 549 2639 2543 
4655 548 2654 547 
4656 2554 2657 2600 
4657 2618 2629 546 
4658 536 2627 535 
4659 541 2645 540 
4660 552 2640 2546 
4661 2599 2642 2627 
4662 2601 2647 2552 
4663 2613 2643 2580 
4664 2623 2644 2581 
4665 2554 2640 553 
4666 2605 2626 2577 
4667 546 2629 547 
4668 2583 2641 2604 
4669 547 2654 2619 
4670 2557 2633 2591 
4671 2587 2656 2622 
4672 554 2642 2554 
4673 2620 2635 2547 
4674 560 2650 2547 
4675 2622 2656 2545 
4676 2636 2638 2577 
4677 544 2647 2601 
4678 2562 2658 2563 
4679 2592 2648 2602 
4680 555 2631 2628 
4681 2602 2648 558 
4682 2549 2631 554 
4683 2603 2630 2550 
4684 2600 2657 2588 
4685 2599 2657 2554 
4686 547 2653 546 
4687 2591 2637 2558 
4688 534 2632 557 
4689 2580 2643 2626 
4690 2550 2630 2598 
4691 2558 2637 2586 
4692 2619 2653 547 
4693 2624 2645 541 
4694 2606 2658 2562 
4695 2547 2650 2620 
4696 2620 2650 2625 
4697 2577 2638 2575 
4698 548 2639 549 
4699 2606 2655 2573 
4700 2579 2659 2636 
4701 553 2640 552 
4702 2607 2649 2584 
4703 2626 2643 2579 
4704 2561 2644 2616 
4705 2628 2631 2596 
4706 555 2642 554 
4707 2626 2636 2577 
4708 2582 2641 2583 
4709 2625 2656 2587 
4710 2627 2642 555 
4711 2586 2646 2585 
4712 2579 2643 2539 
4713 2584 2649 2613 
4714 2552 2647 316 
4715 2616 2651 2586 
4716 2582 2652 2641 
4717 577 2648 2592 
4718 2633 2660 2591 
4719 2545 2656 2597 
4720 2589 2652 2582 
4721 2563 2658 2566 
4722 2573 2655 2621 
4723 2541 2659 575 
4724 563 2660 562 
4725 2553 2644 2623 
4726 2623 2654 548 
4727 2559 2645 2624 
4728 2597 2656 2625 
4729 2625 2650 2560 
4730 2619 2654 2581 
4731 2586 2651 2646 
4732 2633 2645 2559 
4733 2581 2654 2623 
4734 2636 2659 2541 
4735 557 13 534 
4736 546 567 568 
4737 19 545 568 
4738 568 545 546 
2 16 2 314
4739 2672 2708 581 
4740 2690 2711 2709 
4741 2672 2712 2708 
4742 2679 2742 2710 
4743 2717 2747 2667 
4744 2719 2726 2676 
4745 2709 2759 2690 
4746 2747 2773 2667 
4747 2715 2732 2716 
4748 2710 2733 2679 
4749 589 2763 2682 
4750 2676 2762 2719 
4751 2679 2733 351 
4752 589 2682 590 
4753 2732 2743 2716 
4754 592 2710 2670 
4755 352 2679 351 
4756 2708 2720 2661 
4757 340 2715 2677 
4758 594 2705 595 
4759 2715 2716 2677 
4760 2664 2727 2686 
4761 2673 2719 2707 
4762 2724 2739 2678 
4763 2710 2742 2670 
4764 2665 2723 2722 
4765 2747 2778 2682 
4766 2662 2734 2721 
4767 2713 2771 2675 
4768 2728 2773 2729 
4769 2705 2744 595 
4770 2717 2778 2747 
4771 2729 2768 2728 
4772 2740 2752 599 
4773 2661 2720 2709 
4774 2680 2742 2679 
4775 2668 2736 2730 
4776 2748 2750 2711 
4777 2686 2727 2698 
4778 2700 2750 2748 
4779 2683 2705 594 
4780 2675 2767 2713 
4781 2714 2758 2725 
4782 2677 2752 2740 
4783 596 2774 609 
4784 583 2706 584 
4785 2724 2764 2739 
4786 2732 2760 2703 
4787 2749 2756 599 
4788 2736 2771 2730 
4789 2665 2751 2723 
4790 581 2708 582 
4791 2731 2758 2714 
4792 353 2719 2673 
4793 2728 2768 2674 
4794 357 2756 356 
4795 2722 2724 2665 
4796 593 2683 594 
4797 344 2727 2664 
4798 2667 2773 2728 
4799 2671 2755 2743 
4800 2706 2776 584 
4801 2690 2748 2711 
4802 356 2756 2749 
4803 2704 2732 2703 
4804 349 2717 2667 
4805 599 2756 598 
4806 341 2715 340 
4807 2701 2731 2700 
4808 2721 2770 2662 
4809 2670 2765 2713 
4810 354 2726 2719 
4811 2666 2760 2732 
4812 2708 2777 2720 
4813 2743 2755 2716 
4814 2669 2763 589 
4815 2742 2765 2670 
4816 2674 2727 345 
4817 585 2714 586 
4818 2678 2772 2724 
4819 586 2761 22 
4820 610 578 21 
4821 8 338 598 
4822 580 2718 2672 
4823 22 2761 587 
4824 2675 2771 2736 
4825 2719 2762 2707 
4826 2684 2780 343 
4827 2718 2781 2672 
4828 599 2752 600 
4829 343 2780 342 
4830 348 2728 347 
4831 587 2725 588 
4832 2682 2763 2747 
4833 2672 2739 2712 
4834 2712 2764 2697 
4835 2685 2735 2684 
4836 355 2749 2726 
4837 2697 2777 2712 
4838 2667 2728 348 
4839 600 2749 599 
4840 588 2725 2669 
4841 2670 2713 2683 
4842 353 2673 352 
4843 349 2667 348 
4844 350 2717 349 
4845 2673 2679 352 
4846 592 2670 593 
4847 2731 2750 2700 
4848 354 2719 353 
4849 355 2726 354 
4850 579 2741 2718 
4851 2677 2740 339 
4852 2707 2730 2680 
4853 2699 2729 2702 
4854 2739 2764 2712 
4855 588 2669 589 
4856 2673 2707 2680 
4857 2670 2683 593 
4858 2673 2680 2679 
4859 607 2678 608 
4860 2694 2720 2697 
4861 601 2671 602 
4862 603 2662 604 
4863 605 2665 606 
4864 2687 2688 2685 
4865 591 2710 592 
4866 584 2663 585 
4867 2741 2753 2718 
4868 2687 2690 2688 
4869 2695 2703 2692 
4870 344 2664 343 
4871 590 2681 591 
4872 582 2661 583 
4873 2690 2691 2688 
4874 2664 2685 2684 
4875 342 2666 341 
4876 2694 2697 2696 
4877 2664 2684 343 
4878 2661 2706 583 
4879 2723 2738 2696 
4880 2661 2709 2706 
4881 2699 2700 2689 
4882 2691 2694 2693 
4883 2691 2692 2688 
4884 580 2672 581 
4885 2672 2781 2739 
4886 603 2734 2662 
4887 590 2682 2681 
4888 2695 2704 2703 
4889 582 2708 2661 
4890 579 2718 580 
4891 2694 2696 2693 
4892 2697 2722 2696 
4893 340 2677 339 
4894 2725 2758 2669 
4895 2693 2695 2692 
4896 345 2727 344 
4897 2722 2723 2696 
4898 2709 2711 2706 
4899 2691 2693 2692 
4900 2695 2721 2704 
4901 604 2668 603 
4902 2666 2715 341 
4903 606 2675 605 
4904 605 2736 604 
4905 2686 2687 2685 
4906 2664 2686 2685 
4907 2699 2701 2700 
4908 346 2674 345 
4909 603 2737 602 
4910 602 2734 603 
4911 2688 2735 2685 
4912 602 2676 601 
4913 2686 2698 2689 
4914 2686 2689 2687 
4915 2666 2732 2715 
4916 2698 2729 2699 
4917 2698 2699 2689 
4918 2671 2734 602 
4919 2699 2702 2701 
4920 2663 2731 2714 
4921 2663 2714 585 
4922 604 2736 2668 
4923 2675 2736 605 
4924 2668 2737 603 
4925 2703 2735 2692 
4926 602 2737 2676 
4927 2720 2759 2709 
4928 2683 2767 2705 
4929 2700 2748 2689 
4930 2669 2758 2746 
4931 350 2778 2717 
4932 2692 2735 2688 
4933 595 2774 596 
4934 2687 2748 2690 
4935 2696 2738 2693 
4936 2695 2738 2721 
4937 609 2741 610 
4938 598 2740 599 
4939 2726 2766 2676 
4940 2734 2757 2721 
4941 2674 2768 2727 
4942 339 2740 338 
4943 578 2741 579 
4944 607 2745 606 
4945 2662 2751 604 
4946 605 2751 2665 
4947 2735 2760 2684 
4948 2744 2774 595 
4949 2733 2754 351 
4950 600 2755 601 
4951 2716 2752 2677 
4952 2678 2753 608 
4953 610 2741 578 
4954 338 2740 598 
4955 2693 2738 2695 
4956 2704 2743 2732 
4957 2662 2770 2751 
4958 2725 2761 2714 
4959 2702 2773 2747 
4960 7 2769 346 
4961 584 2776 2663 
4962 2694 2759 2720 
4963 347 2769 7 
4964 2690 2759 2691 
4965 2724 2772 2665 
4966 2702 2747 2746 
4967 2754 2778 350 
4968 606 2745 2675 
4969 2727 2768 2698 
4970 608 2775 607 
4971 2714 2761 586 
4972 356 2749 355 
4973 604 2751 605 
4974 2743 2757 2671 
4975 609 2753 2741 
4976 2712 2777 2708 
4977 607 2772 2678 
4978 2749 2766 2726 
4979 2665 2772 606 
4980 2751 2770 2723 
4981 2674 2769 2728 
4982 2705 2767 2745 
4983 2744 2775 608 
4984 2689 2748 2687 
4985 2702 2746 2701 
4986 2663 2750 2731 
4987 2676 2766 601 
4988 351 2754 350 
4989 608 2753 609 
4990 2728 2769 347 
4991 2752 2755 600 
4992 587 2761 2725 
4993 2681 2754 2733 
4994 601 2755 2671 
4995 2750 2776 2711 
4996 609 2774 608 
4997 2730 2779 2668 
4998 598 2756 357 
4999 2697 2764 2722 
5000 2701 2758 2731 
5001 2691 2759 2694 
5002 2711 2776 2706 
5003 2713 2767 2683 
5004 2730 2765 2680 
5005 608 2774 2744 
5006 2722 2764 2724 
5007 2671 2757 2734 
5008 2737 2762 2676 
5009 2721 2757 2704 
5010 2703 2760 2735 
5011 2738 2770 2721 
5012 2682 2778 2681 
5013 2680 2765 2742 
5014 2704 2757 2743 
5015 2746 2758 2701 
5016 2747 2763 2746 
5017 2720 2777 2697 
5018 2707 2779 2730 
5019 2716 2755 2752 
5020 601 2766 600 
5021 600 2766 2749 
5022 2729 2773 2702 
5023 2723 2770 2738 
5024 346 2769 2674 
5025 2733 2782 2681 
5026 2698 2768 2729 
5027 2678 2781 2753 
5028 2746 2763 2669 
5029 606 2772 607 
5030 2760 2780 2684 
5031 591 2782 2710 
5032 2745 2767 2675 
5033 2681 2782 591 
5034 342 2780 2666 
5035 2739 2781 2678 
5036 607 2775 2745 
5037 2681 2778 2754 
5038 2668 2779 2737 
5039 2705 2775 2744 
5040 2710 2782 2733 
5041 2745 2775 2705 
5042 2663 2776 2750 
5043 2737 2779 2762 
5044 2762 2779 2707 
5045 2730 2771 2765 
5046 2753 2781 2718 
5047 2765 2771 2713 
5048 2666 2780 2760 
5049 8 598 357 
5050 609 597 596 
5051 609 610 597 
5052 610 21 597 
2 17 2 318
5053 2794 2831 420 
5054 2812 2834 2832 
5055 2794 2836 2831 
5056 2801 2802 2795 
5057 2835 2906 2792 
5058 2832 2880 2812 
5059 2838 2854 2839 
5060 2854 2865 2839 
5061 2792 2906 592 
5062 376 2801 2795 
5063 2829 2849 2833 
5064 2831 2842 2783 
5065 2829 2833 2795 
5066 626 2838 2799 
5067 2849 2889 2790 
5068 595 2827 594 
5069 2838 2839 2799 
5070 2786 2850 2808 
5071 2846 2860 2800 
5072 2797 2893 2887 
5073 2787 2845 2844 
5074 2792 2882 2835 
5075 2887 2893 2858 
5076 377 2888 2879 
5077 2784 2855 2843 
5078 2851 2896 2852 
5079 595 2866 2827 
5080 2852 2890 2851 
5081 2861 2873 612 
5082 2783 2842 2832 
5083 377 2879 2801 
5084 2824 2863 2823 
5085 2863 2877 2823 
5086 2869 2871 2834 
5087 2808 2850 2820 
5088 2822 2871 2869 
5089 594 2827 2805 
5090 2799 2873 2861 
5091 2833 2901 374 
5092 612 2897 596 
5093 418 2828 417 
5094 2846 2885 2860 
5095 2854 2881 2825 
5096 2790 2884 2849 
5097 622 2876 2870 
5098 2787 2872 2845 
5099 420 2831 419 
5100 2829 2889 2849 
5101 2851 2890 2796 
5102 372 2876 371 
5103 2844 2846 2787 
5104 375 2833 374 
5105 594 2805 593 
5106 630 2850 2786 
5107 2789 2896 2851 
5108 2793 2875 2865 
5109 2828 2899 417 
5110 2812 2869 2834 
5111 2870 2876 372 
5112 2826 2854 2825 
5113 379 2840 378 
5114 374 2901 2848 
5115 623 2876 622 
5116 627 2838 626 
5117 2823 2853 2822 
5118 2843 2892 2784 
5119 2802 2829 2795 
5120 2788 2881 2854 
5121 2801 2835 2802 
5122 2831 2900 2842 
5123 2865 2875 2839 
5124 2796 2850 631 
5125 416 2837 415 
5126 2800 2895 2846 
5127 2804 2894 590 
5128 415 2883 9 
5129 623 423 10 
5130 21 624 611 
5131 590 2894 589 
5132 421 2841 2794 
5133 9 2883 381 
5134 2806 2903 629 
5135 2841 2904 2794 
5136 612 2873 613 
5137 629 2903 628 
5138 588 2851 587 
5139 381 2847 380 
5140 2840 2868 378 
5141 591 2879 2803 
5142 2794 2860 2836 
5143 2836 2885 2819 
5144 2807 2856 2806 
5145 2802 2830 2829 
5146 2823 2877 2853 
5147 2848 2870 373 
5148 2819 2900 2836 
5149 2789 2851 588 
5150 2790 2889 2857 
5151 622 2870 621 
5152 380 2847 2791 
5153 376 2795 375 
5154 589 2789 588 
5155 593 2792 592 
5156 2853 2871 2822 
5157 2791 2840 379 
5158 374 2848 373 
5159 2795 2833 375 
5160 422 2862 2841 
5161 2799 2861 625 
5162 2821 2852 2824 
5163 380 2791 379 
5164 2860 2885 2836 
5165 593 2805 2792 
5166 620 2800 621 
5167 377 2801 376 
5168 2816 2842 2819 
5169 614 2793 615 
5170 616 2784 617 
5171 618 2787 619 
5172 2809 2810 2807 
5173 417 2785 416 
5174 2862 2874 2841 
5175 2809 2812 2810 
5176 2817 2825 2814 
5177 630 2786 629 
5178 591 2803 590 
5179 419 2783 418 
5180 2812 2813 2810 
5181 2786 2807 2806 
5182 628 2788 627 
5183 2816 2819 2818 
5184 2786 2806 629 
5185 2803 2804 590 
5186 2783 2828 418 
5187 2845 2859 2818 
5188 2783 2832 2828 
5189 2821 2822 2811 
5190 2813 2816 2815 
5191 2813 2814 2810 
5192 421 2794 420 
5193 2794 2904 2860 
5194 616 2855 2784 
5195 2817 2826 2825 
5196 419 2831 2783 
5197 422 2841 421 
5198 2816 2818 2815 
5199 2819 2844 2818 
5200 626 2799 625 
5201 2815 2817 2814 
5202 631 2850 630 
5203 2844 2845 2818 
5204 2832 2834 2828 
5205 2813 2815 2814 
5206 2817 2843 2826 
5207 618 2790 617 
5208 2788 2838 627 
5209 616 2797 615 
5210 617 2857 616 
5211 2808 2809 2807 
5212 2857 2893 2797 
5213 2786 2808 2807 
5214 2821 2823 2822 
5215 632 2796 631 
5216 2889 2893 2857 
5217 615 2855 616 
5218 2810 2856 2807 
5219 620 2798 619 
5220 2808 2820 2811 
5221 2808 2811 2809 
5222 2788 2854 2838 
5223 2820 2852 2821 
5224 2820 2821 2811 
5225 2793 2855 615 
5226 2821 2824 2823 
5227 2785 2853 2837 
5228 2785 2837 416 
5229 2790 2857 617 
5230 616 2857 2797 
5231 2825 2856 2814 
5232 2830 2882 2858 
5233 2842 2880 2832 
5234 2827 2887 2805 
5235 591 2906 2879 
5236 2822 2869 2811 
5237 2814 2856 2810 
5238 596 2897 595 
5239 2809 2869 2812 
5240 2818 2859 2815 
5241 2817 2859 2843 
5242 622 2862 623 
5243 611 2861 612 
5244 2798 2886 2848 
5245 2855 2878 2843 
5246 2796 2890 2850 
5247 625 2861 624 
5248 423 2862 422 
5249 2791 2863 2840 
5250 615 2867 614 
5251 2784 2872 617 
5252 618 2872 2787 
5253 2856 2881 2806 
5254 595 2897 2866 
5255 613 2875 614 
5256 2839 2873 2799 
5257 2800 2874 621 
5258 623 2862 423 
5259 624 2861 611 
5260 2805 2858 2792 
5261 2815 2859 2817 
5262 2849 2884 2798 
5263 2791 2877 2863 
5264 2826 2865 2854 
5265 2784 2892 2872 
5266 22 2891 632 
5267 417 2899 2785 
5268 2816 2880 2842 
5269 587 2891 22 
5270 2858 2882 2792 
5271 2812 2880 2813 
5272 2846 2895 2787 
5273 2877 2905 2853 
5274 2797 2867 615 
5275 2837 2883 415 
5276 2803 2868 2804 
5277 2850 2890 2820 
5278 614 2898 613 
5279 2824 2864 2863 
5280 2798 2901 2849 
5281 373 2870 372 
5282 378 2888 377 
5283 617 2872 618 
5284 2865 2878 2793 
5285 622 2874 2862 
5286 2836 2900 2831 
5287 618 2884 2790 
5288 620 2895 2800 
5289 2848 2886 2870 
5290 2787 2895 619 
5291 2872 2892 2845 
5292 2796 2891 2851 
5293 2867 2887 2827 
5294 2811 2869 2809 
5295 2798 2884 619 
5296 613 2898 2866 
5297 2785 2871 2853 
5298 2801 2879 2835 
5299 2837 2905 2883 
5300 620 2886 2798 
5301 621 2874 622 
5302 2883 2905 2847 
5303 2851 2891 587 
5304 2873 2875 613 
5305 381 2883 2847 
5306 614 2875 2793 
5307 2849 2901 2833 
5308 2847 2877 2791 
5309 2848 2901 2798 
5310 2804 2902 2894 
5311 2894 2902 2864 
5312 2871 2899 2834 
5313 613 2897 612 
5314 2835 2882 2802 
5315 371 2876 623 
5316 2819 2885 2844 
5317 2813 2880 2816 
5318 2834 2899 2828 
5319 2802 2882 2830 
5320 2866 2897 613 
5321 2868 2888 378 
5322 2868 2902 2804 
5323 2844 2885 2846 
5324 2793 2878 2855 
5325 2843 2878 2826 
5326 2825 2881 2856 
5327 2859 2892 2843 
5328 2840 2902 2868 
5329 2826 2878 2865 
5330 2842 2900 2819 
5331 619 2884 618 
5332 2805 2887 2858 
5333 2839 2875 2873 
5334 621 2886 620 
5335 2870 2886 621 
5336 2830 2889 2829 
5337 2852 2896 2824 
5338 2845 2892 2859 
5339 589 2894 2789 
5340 632 2891 2796 
5341 2820 2890 2852 
5342 2858 2893 2830 
5343 2863 2902 2840 
5344 2800 2904 2874 
5345 619 2895 620 
5346 2864 2902 2863 
5347 2879 2906 2835 
5348 2881 2903 2806 
5349 2864 2896 2789 
5350 2789 2894 2864 
5351 592 2906 591 
5352 2797 2887 2867 
5353 628 2903 2788 
5354 2803 2888 2868 
5355 2867 2898 614 
5356 2860 2904 2800 
5357 2824 2896 2864 
5358 2853 2905 2837 
5359 2866 2898 2827 
5360 2830 2893 2889 
5361 2879 2888 2803 
5362 2827 2898 2867 
5363 2785 2899 2871 
5364 2874 2904 2841 
5365 2847 2905 2877 
5366 2788 2903 2881 
5367 623 10 371 
5368 612 596 597 
5369 21 611 597 
5370 597 611 612 
2 18 2 314
5371 2908 3020 2957 
5372 2957 2984 2908 
5373 2920 2976 2969 
5374 2963 3001 2990 
5375 2976 2989 2969 
5376 2960 3003 2961 
5377 658 2958 2920 
5378 2925 2926 2919 
5379 2959 3028 2916 
5380 2970 3003 2960 
5381 2918 2975 2971 
5382 2990 3001 2978 
5383 2979 3020 2908 
5384 2962 2964 2963 
5385 2942 2958 2932 
5386 2964 3001 2963 
5387 2908 2984 2977 
5388 2958 2976 2920 
5389 636 2928 635 
5390 2916 3028 638 
5391 2965 2993 2928 
5392 2953 2968 2956 
5393 671 2925 2919 
5394 2928 2992 2965 
5395 2953 2956 2919 
5396 2923 2962 663 
5397 2968 3014 2914 
5398 2928 3018 635 
5399 2971 2975 2952 
5400 641 2949 640 
5401 2923 2964 2962 
5402 2972 3009 2911 
5403 2921 3019 3012 
5404 2911 3007 2972 
5405 2916 3005 2959 
5406 3012 3019 2983 
5407 672 3013 3002 
5408 641 2987 2949 
5409 2961 3003 2946 
5410 2930 2931 2910 
5411 2942 2976 2958 
5412 655 2996 2985 
5413 2961 3004 2909 
5414 2946 3006 2961 
5415 672 3002 2925 
5416 2961 3006 3004 
5417 2990 3023 2963 
5418 2977 2984 2978 
5419 640 2949 2929 
5420 2932 2958 2910 
5421 2985 2996 2923 
5422 2956 3025 669 
5423 645 3021 642 
5424 660 2930 2910 
5425 2917 3001 2999 
5426 2914 3008 2968 
5427 655 3000 2995 
5428 2912 2974 2930 
5429 2912 2930 661 
5430 2907 2975 386 
5431 2966 2986 383 
5432 2953 3014 2968 
5433 2963 2974 2912 
5434 667 3000 666 
5435 2924 2998 2972 
5436 659 2958 658 
5437 670 2956 669 
5438 640 2929 639 
5439 2997 2998 2924 
5440 2995 3000 667 
5441 674 2965 673 
5442 669 3025 2967 
5443 656 3000 655 
5444 663 2962 662 
5445 385 2975 2918 
5446 2960 2961 2909 
5447 2966 2997 2986 
5448 2963 3023 2974 
5449 2926 2953 2919 
5450 2966 2998 2997 
5451 2925 2959 2926 
5452 2972 2998 2971 
5453 2907 3017 2975 
5454 2999 3001 2964 
5455 387 3027 2947 
5456 388 3027 387 
5457 389 2960 2909 
5458 384 2966 383 
5459 15 382 644 
5460 656 665 23 
5461 2931 2932 2910 
5462 654 2996 655 
5463 676 2969 675 
5464 634 2970 633 
5465 2965 2992 673 
5466 3009 3020 2911 
5467 637 3002 2927 
5468 2978 3001 2917 
5469 2911 3020 2979 
5470 2926 2954 2953 
5471 2948 2973 2936 
5472 2967 2995 668 
5473 675 2969 2913 
5474 2914 3014 2980 
5475 2981 3017 3011 
5476 655 2995 654 
5477 2931 2933 2932 
5478 2913 2965 674 
5479 2915 2970 634 
5480 671 2919 670 
5481 675 2913 674 
5482 639 2916 638 
5483 669 2967 668 
5484 2919 2956 670 
5485 664 2985 2923 
5486 635 2915 634 
5487 639 2929 2916 
5488 2952 2981 2940 
5489 646 2924 647 
5490 2933 2935 2932 
5491 652 2917 653 
5492 650 2908 651 
5493 648 2911 649 
5494 672 2925 671 
5495 2931 2934 2933 
5496 2951 2952 2940 
5497 2977 2978 2917 
5498 2938 2948 2936 
5499 2935 2945 2943 
5500 389 2909 388 
5501 660 2910 659 
5502 637 2927 636 
5503 387 2907 386 
5504 2934 2936 2933 
5505 387 2947 2907 
5506 662 2912 661 
5507 661 2930 660 
5508 2937 2938 2936 
5509 385 2918 384 
5510 652 2977 2917 
5511 2939 2940 2938 
5512 2927 2928 636 
5513 650 2979 2908 
5514 2950 2951 2940 
5515 2934 2937 2936 
5516 2934 2941 2937 
5517 664 2923 663 
5518 2937 2939 2938 
5519 2935 2973 2945 
5520 2940 2981 2938 
5521 2939 2957 2950 
5522 2939 2950 2940 
5523 651 2914 650 
5524 662 2962 2912 
5525 2939 2982 2957 
5526 2962 2963 2912 
5527 2918 2966 384 
5528 2910 2958 659 
5529 649 2921 648 
5530 386 2975 385 
5531 650 2980 649 
5532 2935 2942 2932 
5533 2944 2976 2942 
5534 2980 3019 2921 
5535 658 2920 657 
5536 3014 3019 2980 
5537 651 2977 652 
5538 649 2979 650 
5539 2951 2971 2952 
5540 2935 2943 2942 
5541 653 2922 652 
5542 2951 2972 2971 
5543 2908 2977 651 
5544 2911 2979 649 
5545 2938 2981 2948 
5546 2943 2944 2942 
5547 390 2960 389 
5548 2943 2946 2944 
5549 2914 2980 650 
5550 649 2980 2921 
5551 2936 2973 2933 
5552 2946 2955 2944 
5553 2954 3005 2983 
5554 2944 2989 2976 
5555 2948 2994 2973 
5556 2949 3012 2929 
5557 2937 2982 2939 
5558 637 3028 3002 
5559 3011 3017 2907 
5560 642 3021 641 
5561 2941 2982 2937 
5562 2933 2973 2935 
5563 644 2986 645 
5564 655 2985 656 
5565 2922 3010 2967 
5566 665 2985 664 
5567 383 2986 382 
5568 2984 2990 2978 
5569 2982 2984 2957 
5570 2972 3007 2924 
5571 648 2991 647 
5572 641 3021 2987 
5573 646 2997 2924 
5574 653 2999 654 
5575 2923 2996 2964 
5576 382 2986 644 
5577 656 2985 665 
5578 2929 2983 2916 
5579 2946 3003 2988 
5580 2968 3008 2922 
5581 2982 2990 2984 
5582 2969 2989 2913 
5583 2915 3003 2970 
5584 657 3015 24 
5585 2941 3026 2974 
5586 16 3016 390 
5587 24 3015 676 
5588 2983 3005 2916 
5589 2941 2990 2982 
5590 2934 3026 2941 
5591 633 3016 16 
5592 2988 2993 2955 
5593 2947 3004 2994 
5594 2943 3006 2946 
5595 2955 2989 2944 
5596 2921 2991 648 
5597 2927 2992 2928 
5598 2946 2988 2955 
5599 2924 3007 647 
5600 648 3007 2911 
5601 647 3022 646 
5602 2922 3025 2968 
5603 2986 2997 645 
5604 668 2995 667 
5605 673 3013 672 
5606 651 3008 2914 
5607 2967 3010 2995 
5608 2969 3015 2920 
5609 2981 3011 2948 
5610 2991 3012 2949 
5611 2922 3008 652 
5612 2973 2994 2945 
5613 645 2997 646 
5614 2951 3009 2972 
5615 646 3022 2987 
5616 2925 3002 2959 
5617 2955 3024 2989 
5618 653 3010 2922 
5619 2988 3003 2915 
5620 635 3018 2915 
5621 2989 3024 2913 
5622 3004 3006 2945 
5623 676 3015 2969 
5624 2930 3026 2931 
5625 2960 3016 2970 
5626 654 2999 2996 
5627 2970 3016 633 
5628 2917 2999 653 
5629 2971 2998 2918 
5630 2968 3025 2956 
5631 2967 3025 2922 
5632 646 3021 645 
5633 2959 3005 2926 
5634 666 3000 656 
5635 2948 3011 2994 
5636 2918 2998 2966 
5637 2926 3005 2954 
5638 2987 3021 646 
5639 2992 3013 673 
5640 2974 3026 2930 
5641 2915 3018 2988 
5642 2988 3018 2993 
5643 2945 3006 2943 
5644 647 3007 648 
5645 2974 3023 2941 
5646 2947 3027 3004 
5647 652 3008 651 
5648 2975 3017 2952 
5649 2994 3011 2947 
5650 2929 3012 2983 
5651 2996 2999 2964 
5652 654 3010 653 
5653 2994 3004 2945 
5654 2950 3009 2951 
5655 2993 3024 2955 
5656 2995 3010 654 
5657 2954 3014 2953 
5658 2947 3011 2907 
5659 2952 3017 2981 
5660 2920 3015 657 
5661 2983 3019 2954 
5662 2950 3020 3009 
5663 390 3016 2960 
5664 3002 3028 2959 
5665 2913 3024 2965 
5666 2957 3020 2950 
5667 2931 3026 2934 
5668 2941 3023 2990 
5669 2909 3027 388 
5670 638 3028 637 
5671 2921 3012 2991 
5672 2991 3022 647 
5673 2927 3013 2992 
5674 2965 3024 2993 
5675 2993 3018 2928 
5676 2987 3022 2949 
5677 2954 3019 3014 
5678 3002 3013 2927 
5679 2949 3022 2991 
5680 3004 3027 2909 
5681 15 644 643 
5682 656 23 666 
5683 645 642 643 
5684 643 644 645 
2 19 2 316
5685 3030 3141 3079 
5686 3079 3105 3030 
5687 3042 3098 3091 
5688 3085 3124 3111 
5689 3098 3112 3091 
5690 3082 3125 3083 
5691 444 3080 3042 
5692 3047 3048 3041 
5693 3081 3151 3038 
5694 3092 3125 3082 
5695 3040 3097 3093 
5696 3111 3124 3100 
5697 3101 3141 3030 
5698 3084 3086 3085 
5699 3064 3080 3054 
5700 3086 3124 3085 
5701 3030 3105 3099 
5702 3080 3098 3042 
5703 684 3050 685 
5704 3038 3151 682 
5705 3087 3115 3050 
5706 3075 3090 3078 
5707 638 3047 3041 
5708 3050 3114 3087 
5709 3075 3078 3041 
5710 3045 3084 439 
5711 3050 3140 685 
5712 3093 3097 3074 
5713 679 3071 680 
5714 3045 3086 3084 
5715 3094 3131 3033 
5716 3033 3129 3094 
5717 3038 3127 3081 
5718 637 3135 3123 
5719 679 3109 3071 
5720 3083 3125 3068 
5721 3052 3053 3032 
5722 3064 3098 3080 
5723 699 3118 3107 
5724 3083 3126 3031 
5725 3068 3128 3083 
5726 637 3123 3047 
5727 3083 3128 3126 
5728 3111 3144 3085 
5729 3099 3105 3100 
5730 680 3071 3051 
5731 3054 3080 3032 
5732 3107 3118 3045 
5733 3078 3147 640 
5734 689 3142 678 
5735 3039 3124 3121 
5736 442 3052 3032 
5737 699 3122 3117 
5738 3034 3096 3052 
5739 3034 3052 441 
5740 3029 3097 450 
5741 3088 3108 453 
5742 3085 3096 3034 
5743 642 3122 643 
5744 3046 3120 3094 
5745 443 3080 444 
5746 639 3078 640 
5747 680 3051 681 
5748 3119 3120 3046 
5749 3117 3122 642 
5750 635 3087 636 
5751 640 3147 3089 
5752 700 3122 699 
5753 439 3084 440 
5754 451 3097 3040 
5755 3082 3083 3031 
5756 3085 3144 3096 
5757 3088 3119 3108 
5758 3048 3075 3041 
5759 3088 3120 3119 
5760 3047 3081 3048 
5761 3094 3120 3093 
5762 3029 3139 3097 
5763 3121 3124 3086 
5764 449 3150 3069 
5765 448 3150 449 
5766 447 3082 3031 
5767 452 3088 453 
5768 18 454 688 
5769 700 437 15 
5770 3053 3054 3032 
5771 698 3118 699 
5772 633 3091 634 
5773 686 3092 687 
5774 3087 3114 636 
5775 683 3123 3049 
5776 3131 3141 3033 
5777 3033 3141 3101 
5778 3100 3124 3039 
5779 3048 3076 3075 
5780 3070 3095 3058 
5781 3076 3136 3075 
5782 3089 3117 641 
5783 634 3091 3035 
5784 3103 3139 3133 
5785 699 3117 698 
5786 3053 3055 3054 
5787 3035 3087 635 
5788 3037 3092 686 
5789 638 3041 639 
5790 634 3035 635 
5791 681 3038 682 
5792 640 3089 641 
5793 3041 3078 639 
5794 438 3107 3045 
5795 685 3037 686 
5796 681 3051 3038 
5797 3074 3103 3062 
5798 690 3046 691 
5799 3055 3057 3054 
5800 696 3039 697 
5801 694 3030 695 
5802 692 3033 693 
5803 637 3047 638 
5804 3053 3056 3055 
5805 3073 3074 3062 
5806 3060 3070 3058 
5807 3057 3067 3065 
5808 447 3031 448 
5809 442 3032 443 
5810 683 3049 684 
5811 449 3029 450 
5812 3056 3058 3055 
5813 449 3069 3029 
5814 440 3034 441 
5815 441 3052 442 
5816 3059 3060 3058 
5817 451 3040 452 
5818 3030 3099 695 
5819 3061 3062 3060 
5820 3049 3050 684 
5821 3033 3101 693 
5822 3072 3073 3062 
5823 3056 3059 3058 
5824 3056 3063 3059 
5825 438 3045 439 
5826 3059 3061 3060 
5827 3057 3095 3067 
5828 3062 3103 3060 
5829 3061 3079 3072 
5830 3061 3072 3062 
5831 695 3036 694 
5832 440 3084 3034 
5833 3061 3104 3079 
5834 3084 3085 3034 
5835 3040 3088 452 
5836 3032 3080 443 
5837 693 3043 692 
5838 450 3097 451 
5839 3057 3064 3054 
5840 3066 3098 3064 
5841 444 3042 445 
5842 695 3099 696 
5843 693 3101 694 
5844 3073 3093 3074 
5845 3057 3065 3064 
5846 697 3044 696 
5847 3099 3100 3039 
5848 3073 3094 3093 
5849 3036 3102 694 
5850 696 3099 3039 
5851 694 3101 3030 
5852 694 3102 693 
5853 3060 3103 3070 
5854 3065 3066 3064 
5855 446 3082 447 
5856 3065 3068 3066 
5857 3106 3145 3076 
5858 3058 3095 3055 
5859 3068 3077 3066 
5860 3076 3127 3106 
5861 3136 3149 3075 
5862 3066 3112 3098 
5863 3076 3145 3136 
5864 3070 3116 3095 
5865 3071 3134 3051 
5866 3059 3104 3061 
5867 683 3151 3123 
5868 3133 3139 3029 
5869 693 3102 3043 
5870 678 3142 679 
5871 3063 3104 3059 
5872 3055 3095 3057 
5873 688 3108 689 
5874 699 3107 700 
5875 3044 3132 3089 
5876 3104 3105 3079 
5877 3105 3111 3100 
5878 437 3107 438 
5879 453 3108 454 
5880 3094 3129 3046 
5881 692 3113 691 
5882 679 3142 3109 
5883 690 3119 3046 
5884 697 3121 698 
5885 3045 3118 3086 
5886 454 3108 688 
5887 700 3107 437 
5888 3051 3106 3038 
5889 3104 3111 3105 
5890 3068 3125 3110 
5891 3090 3130 3044 
5892 3091 3112 3035 
5893 3037 3125 3092 
5894 445 3137 16 
5895 3063 3148 3096 
5896 3063 3111 3104 
5897 17 3138 446 
5898 16 3137 633 
5899 3106 3127 3038 
5900 3056 3148 3063 
5901 687 3138 17 
5902 3130 3149 3036 
5903 3110 3115 3077 
5904 3069 3126 3116 
5905 3065 3128 3068 
5906 3077 3112 3066 
5907 3043 3113 692 
5908 3049 3114 3050 
5909 3068 3110 3077 
5910 3046 3129 691 
5911 692 3129 3033 
5912 691 3143 690 
5913 3044 3147 3090 
5914 3108 3119 689 
5915 641 3117 642 
5916 636 3135 637 
5917 695 3130 3036 
5918 3089 3132 3117 
5919 3091 3137 3042 
5920 3103 3133 3070 
5921 3113 3134 3071 
5922 3044 3130 696 
5923 3095 3116 3067 
5924 689 3119 690 
5925 3073 3131 3094 
5926 690 3143 3109 
5927 3047 3123 3081 
5928 3077 3146 3112 
5929 697 3132 3044 
5930 3110 3125 3037 
5931 685 3140 3037 
5932 3112 3146 3035 
5933 3126 3128 3067 
5934 633 3137 3091 
5935 3052 3148 3053 
5936 3082 3138 3092 
5937 698 3121 3118 
5938 3092 3138 687 
5939 3039 3121 697 
5940 3093 3120 3040 
5941 3090 3147 3078 
5942 3089 3147 3044 
5943 690 3142 689 
5944 3081 3127 3048 
5945 643 3122 700 
5946 3070 3133 3116 
5947 3040 3120 3088 
5948 3090 3149 3130 
5949 3048 3127 3076 
5950 3109 3142 690 
5951 3114 3135 636 
5952 3096 3148 3052 
5953 3037 3140 3110 
5954 3110 3140 3115 
5955 3067 3128 3065 
5956 691 3129 692 
5957 3096 3144 3063 
5958 3069 3150 3126 
5959 696 3130 695 
5960 3097 3139 3074 
5961 3116 3133 3069 
5962 3051 3134 3106 
5963 3118 3121 3086 
5964 698 3132 697 
5965 3116 3126 3067 
5966 3072 3131 3073 
5967 3115 3146 3077 
5968 3117 3132 698 
5969 3134 3145 3106 
5970 3069 3133 3029 
5971 3036 3136 3102 
5972 3075 3149 3090 
5973 3074 3139 3103 
5974 3042 3137 445 
5975 3072 3141 3131 
5976 446 3138 3082 
5977 3123 3151 3081 
5978 3035 3146 3087 
5979 3079 3141 3072 
5980 3053 3148 3056 
5981 3063 3144 3111 
5982 3031 3150 448 
5983 682 3151 683 
5984 3043 3134 3113 
5985 3043 3145 3134 
5986 3113 3143 691 
5987 3049 3135 3114 
5988 3087 3146 3115 
5989 3115 3140 3050 
5990 3102 3145 3043 
5991 3136 3145 3102 
5992 3109 3143 3071 
5993 3123 3135 3049 
5994 3071 3143 3113 
5995 3036 3149 3136 
5996 3126 3150 3031 
5997 700 15 643 
5998 18 688 677 
5999 689 678 677 
6000 677 688 689 
2 20 2 316
6001 3153 3264 3202 
6002 3202 3228 3153 
6003 3165 3221 3214 
6004 3208 3247 3234 
6005 3221 3235 3214 
6006 3205 3248 3206 
6007 708 3203 3165 
6008 3170 3171 3164 
6009 3204 3274 3161 
6010 3215 3248 3205 
6011 3163 3220 3216 
6012 3234 3247 3223 
6013 3224 3264 3153 
6014 3207 3209 3208 
6015 3187 3203 3177 
6016 3209 3247 3208 
6017 3153 3228 3222 
6018 3203 3221 3165 
6019 513 3173 512 
6020 3161 3274 515 
6021 3210 3238 3173 
6022 3198 3213 3201 
6023 563 3170 3164 
6024 3173 3237 3210 
6025 3198 3201 3164 
6026 3168 3207 703 
6027 3173 3263 512 
6028 3216 3220 3197 
6029 518 3194 517 
6030 3168 3209 3207 
6031 3217 3254 3156 
6032 3156 3252 3217 
6033 3161 3250 3204 
6034 562 3258 3246 
6035 518 3232 3194 
6036 3206 3248 3191 
6037 3175 3176 3155 
6038 3187 3221 3203 
6039 721 3241 3230 
6040 3206 3249 3154 
6041 3191 3251 3206 
6042 562 3246 3170 
6043 3206 3251 3249 
6044 3234 3267 3208 
6045 3222 3228 3223 
6046 517 3194 3174 
6047 3177 3203 3155 
6048 3230 3241 3168 
6049 3201 3270 565 
6050 711 3265 519 
6051 3162 3247 3244 
6052 706 3175 3155 
6053 721 3245 3240 
6054 3157 3219 3175 
6055 3157 3175 705 
6056 3152 3220 483 
6057 3211 3231 480 
6058 3208 3219 3157 
6059 567 3245 568 
6060 3169 3243 3217 
6061 707 3203 708 
6062 564 3201 565 
6063 517 3174 516 
6064 3242 3243 3169 
6065 3240 3245 567 
6066 560 3210 561 
6067 565 3270 3212 
6068 722 3245 721 
6069 703 3207 704 
6070 482 3220 3163 
6071 3205 3206 3154 
6072 3208 3267 3219 
6073 3211 3242 3231 
6074 3171 3198 3164 
6075 3211 3243 3242 
6076 3170 3204 3171 
6077 3217 3243 3216 
6078 3152 3262 3220 
6079 3244 3247 3209 
6080 484 3273 3192 
6081 485 3273 484 
6082 486 3205 3154 
6083 481 3211 480 
6084 11 479 710 
6085 722 701 19 
6086 3176 3177 3155 
6087 720 3241 721 
6088 558 3214 559 
6089 511 3215 510 
6090 3210 3237 561 
6091 514 3246 3172 
6092 3254 3264 3156 
6093 3156 3264 3224 
6094 3223 3247 3162 
6095 3171 3199 3198 
6096 3193 3218 3181 
6097 3199 3259 3198 
6098 3212 3240 566 
6099 559 3214 3158 
6100 3226 3262 3256 
6101 721 3240 720 
6102 3176 3178 3177 
6103 3158 3210 560 
6104 3160 3215 511 
6105 563 3164 564 
6106 559 3158 560 
6107 516 3161 515 
6108 565 3212 566 
6109 3164 3201 564 
6110 702 3230 3168 
6111 512 3160 511 
6112 516 3174 3161 
6113 3197 3226 3185 
6114 712 3169 713 
6115 3178 3180 3177 
6116 718 3162 719 
6117 716 3153 717 
6118 714 3156 715 
6119 562 3170 563 
6120 3176 3179 3178 
6121 3196 3197 3185 
6122 3183 3193 3181 
6123 3180 3190 3188 
6124 486 3154 485 
6125 706 3155 707 
6126 514 3172 513 
6127 484 3152 483 
6128 3179 3181 3178 
6129 484 3192 3152 
6130 704 3157 705 
6131 705 3175 706 
6132 3182 3183 3181 
6133 482 3163 481 
6134 3153 3222 717 
6135 3184 3185 3183 
6136 3172 3173 513 
6137 3156 3224 715 
6138 3195 3196 3185 
6139 3179 3182 3181 
6140 3179 3186 3182 
6141 702 3168 703 
6142 3182 3184 3183 
6143 3180 3218 3190 
6144 3185 3226 3183 
6145 3184 3202 3195 
6146 3184 3195 3185 
6147 717 3159 716 
6148 704 3207 3157 
6149 3184 3227 3202 
6150 3207 3208 3157 
6151 3163 3211 481 
6152 3155 3203 707 
6153 715 3166 714 
6154 483 3220 482 
6155 3180 3187 3177 
6156 3189 3221 3187 
6157 708 3165 709 
6158 717 3222 718 
6159 715 3224 716 
6160 3196 3216 3197 
6161 3180 3188 3187 
6162 719 3167 718 
6163 3222 3223 3162 
6164 3196 3217 3216 
6165 3159 3225 716 
6166 718 3222 3162 
6167 716 3224 3153 
6168 716 3225 715 
6169 3183 3226 3193 
6170 3188 3189 3187 
6171 487 3205 486 
6172 3188 3191 3189 
6173 3229 3268 3199 
6174 3181 3218 3178 
6175 3191 3200 3189 
6176 3199 3250 3229 
6177 3189 3235 3221 
6178 3259 3272 3198 
6179 3199 3268 3259 
6180 3193 3239 3218 
6181 3194 3257 3174 
6182 3182 3227 3184 
6183 514 3274 3246 
6184 3256 3262 3152 
6185 715 3225 3166 
6186 519 3265 518 
6187 3186 3227 3182 
6188 3178 3218 3180 
6189 710 3231 711 
6190 721 3230 722 
6191 3167 3255 3212 
6192 3227 3228 3202 
6193 3228 3234 3223 
6194 701 3230 702 
6195 480 3231 479 
6196 3217 3252 3169 
6197 714 3236 713 
6198 518 3265 3232 
6199 712 3242 3169 
6200 719 3244 720 
6201 3168 3241 3209 
6202 479 3231 710 
6203 722 3230 701 
6204 3174 3229 3161 
6205 3227 3234 3228 
6206 3191 3248 3233 
6207 3213 3253 3167 
6208 3214 3235 3158 
6209 3160 3248 3215 
6210 709 3260 20 
6211 3186 3271 3219 
6212 3186 3234 3227 
6213 12 3261 487 
6214 20 3260 558 
6215 3229 3250 3161 
6216 3179 3271 3186 
6217 510 3261 12 
6218 3253 3272 3159 
6219 3233 3238 3200 
6220 3192 3249 3239 
6221 3188 3251 3191 
6222 3200 3235 3189 
6223 3166 3236 714 
6224 3172 3237 3173 
6225 3191 3233 3200 
6226 3169 3252 713 
6227 714 3252 3156 
6228 713 3266 712 
6229 3167 3270 3213 
6230 3231 3242 711 
6231 566 3240 567 
6232 561 3258 562 
6233 717 3253 3159 
6234 3212 3255 3240 
6235 3214 3260 3165 
6236 3226 3256 3193 
6237 3236 3257 3194 
6238 3167 3253 718 
6239 3218 3239 3190 
6240 711 3242 712 
6241 3196 3254 3217 
6242 712 3266 3232 
6243 3170 3246 3204 
6244 3200 3269 3235 
6245 719 3255 3167 
6246 3233 3248 3160 
6247 512 3263 3160 
6248 3235 3269 3158 
6249 3249 3251 3190 
6250 558 3260 3214 
6251 3175 3271 3176 
6252 3205 3261 3215 
6253 720 3244 3241 
6254 3215 3261 510 
6255 3162 3244 719 
6256 3216 3243 3163 
6257 3213 3270 3201 
6258 3212 3270 3167 
6259 712 3265 711 
6260 3204 3250 3171 
6261 568 3245 722 
6262 3193 3256 3239 
6263 3163 3243 3211 
6264 3213 3272 3253 
6265 3171 3250 3199 
6266 3232 3265 712 
6267 3237 3258 561 
6268 3219 3271 3175 
6269 3160 3263 3233 
6270 3233 3263 3238 
6271 3190 3251 3188 
6272 713 3252 714 
6273 3219 3267 3186 
6274 3192 3273 3249 
6275 718 3253 717 
6276 3220 3262 3197 
6277 3239 3256 3192 
6278 3174 3257 3229 
6279 3241 3244 3209 
6280 720 3255 719 
6281 3239 3249 3190 
6282 3195 3254 3196 
6283 3238 3269 3200 
6284 3240 3255 720 
6285 3257 3268 3229 
6286 3192 3256 3152 
6287 3159 3259 3225 
6288 3198 3272 3213 
6289 3197 3262 3226 
6290 3165 3260 709 
6291 3195 3264 3254 
6292 487 3261 3205 
6293 3246 3274 3204 
6294 3158 3269 3210 
6295 3202 3264 3195 
6296 3176 3271 3179 
6297 3186 3267 3234 
6298 3154 3273 485 
6299 515 3274 514 
6300 3166 3257 3236 
6301 3166 3268 3257 
6302 3236 3266 713 
6303 3172 3258 3237 
6304 3210 3269 3238 
6305 3238 3263 3173 
6306 3225 3268 3166 
6307 3259 3268 3225 
6308 3232 3266 3194 
6309 3246 3258 3172 
6310 3194 3266 3236 
6311 3159 3272 3259 
6312 3249 3273 3154 
6313 711 519 520 
6314 11 710 520 
6315 520 710 711 
6316 722 19 568 
2 21 2 314
6317 3276 3386 3323 
6318 3323 3353 3276 
6319 3293 3357 3324 
6320 3314 3361 3354 
6321 3288 3344 3336 
6322 3330 3372 3359 
6323 3334 3335 3290 
6324 3327 3337 3328 
6325 3344 3360 3336 
6326 502 3325 3288 
6327 3314 3354 3322 
6328 3286 3343 3338 
6329 3359 3372 3347 
6330 3348 3386 3276 
6331 3329 3331 3330 
6332 3337 3361 3328 
6333 3324 3345 3293 
6334 3310 3325 3300 
6335 3331 3372 3330 
6336 3276 3353 3346 
6337 3325 3344 3288 
6338 3290 3376 3334 
6339 3293 3345 672 
6340 682 3324 3284 
6341 671 3293 672 
6342 3291 3329 507 
6343 3338 3343 3321 
6344 680 3317 679 
6345 3291 3331 3329 
6346 3287 3334 3318 
6347 3339 3377 3279 
6348 3279 3375 3339 
6349 3324 3357 3284 
6350 3281 3360 3322 
6351 3322 3365 3281 
6352 3326 3385 3289 
6353 3317 3358 679 
6354 3298 3299 3278 
6355 3328 3361 3314 
6356 3310 3344 3325 
6357 743 3366 3355 
6358 3328 3373 3277 
6359 3314 3374 3328 
6360 3294 3357 3293 
6361 3328 3374 3373 
6362 3282 3349 3342 
6363 3359 3389 3330 
6364 3346 3353 3347 
6365 3297 3317 680 
6366 3289 3381 3326 
6367 3300 3325 3278 
6368 3355 3366 3291 
6369 678 3387 743 
6370 3285 3372 3370 
6371 504 3298 3278 
6372 3364 3371 733 
6373 3349 3385 3342 
6374 3280 3341 3298 
6375 3280 3298 505 
6376 3275 3343 727 
6377 3333 3356 730 
6378 670 3334 3287 
6379 3330 3341 3280 
6380 666 3371 667 
6381 3292 3368 3339 
6382 503 3325 502 
6383 681 3297 680 
6384 3367 3368 3292 
6385 667 3371 3364 
6386 3354 3361 3283 
6387 674 3332 3283 
6388 733 3371 732 
6389 507 3329 506 
6390 728 3343 3286 
6391 3332 3354 3283 
6392 3327 3328 3277 
6393 3330 3389 3341 
6394 3333 3367 3356 
6395 3284 3378 3326 
6396 669 3335 3334 
6397 3333 3368 3367 
6398 3339 3368 3338 
6399 3275 3384 3343 
6400 3370 3372 3331 
6401 3357 3378 3284 
6402 726 3394 3315 
6403 725 3394 726 
6404 724 3327 3277 
6405 729 3333 730 
6406 23 731 732 
6407 744 509 18 
6408 3299 3300 3278 
6409 3289 3385 3349 
6410 3334 3376 3318 
6411 742 3366 743 
6412 687 3336 686 
6413 675 3337 676 
6414 3377 3386 3279 
6415 3347 3372 3285 
6416 3279 3386 3348 
6417 3316 3340 3304 
6418 668 3364 3335 
6419 686 3336 3281 
6420 3350 3384 3380 
6421 734 3364 733 
6422 3299 3301 3300 
6423 3284 3326 3297 
6424 3283 3337 675 
6425 670 3287 671 
6426 686 3281 685 
6427 682 3284 681 
6428 3287 3293 671 
6429 669 3334 670 
6430 668 3335 669 
6431 673 3332 674 
6432 508 3355 3291 
6433 3318 3342 3294 
6434 3287 3318 3294 
6435 674 3283 675 
6436 3284 3297 681 
6437 3287 3294 3293 
6438 3321 3350 3308 
6439 734 3292 735 
6440 3301 3303 3300 
6441 740 3285 741 
6442 738 3276 739 
6443 736 3279 737 
6444 3299 3302 3301 
6445 683 3324 682 
6446 3320 3321 3308 
6447 3306 3316 3304 
6448 3303 3313 3311 
6449 724 3277 725 
6450 504 3278 503 
6451 684 3295 683 
6452 726 3275 727 
6453 3302 3304 3301 
6454 726 3315 3275 
6455 506 3280 505 
6456 684 3296 3295 
6457 505 3298 504 
6458 3305 3306 3304 
6459 728 3286 729 
6460 3276 3346 739 
6461 3307 3308 3306 
6462 738 3348 3276 
6463 3319 3320 3308 
6464 3302 3305 3304 
6465 3302 3309 3305 
6466 508 3291 507 
6467 3305 3307 3306 
6468 3303 3340 3313 
6469 3308 3350 3306 
6470 3307 3323 3319 
6471 3307 3319 3308 
6472 738 3282 737 
6473 506 3329 3280 
6474 3307 3352 3323 
6475 3329 3330 3280 
6476 3286 3333 729 
6477 3278 3325 503 
6478 740 3289 739 
6479 727 3343 728 
6480 739 3349 738 
6481 3303 3310 3300 
6482 3312 3344 3310 
6483 502 3288 501 
6484 737 3351 736 
6485 739 3346 740 
6486 737 3348 738 
6487 3320 3338 3321 
6488 3303 3311 3310 
6489 736 3290 735 
6490 3346 3347 3285 
6491 3320 3339 3338 
6492 740 3346 3285 
6493 3279 3348 737 
6494 3306 3350 3316 
6495 3311 3312 3310 
6496 723 3327 724 
6497 3311 3314 3312 
6498 738 3349 3282 
6499 3289 3349 739 
6500 3314 3322 3312 
6501 3304 3340 3301 
6502 3282 3351 737 
6503 3312 3360 3344 
6504 3316 3363 3340 
6505 736 3351 3290 
6506 3297 3381 3317 
6507 3305 3352 3307 
6508 3380 3384 3275 
6509 673 3390 3332 
6510 679 3387 678 
6511 3309 3352 3305 
6512 3301 3340 3303 
6513 732 3356 733 
6514 743 3355 744 
6515 3335 3379 3290 
6516 3283 3361 3337 
6517 3352 3353 3323 
6518 3353 3359 3347 
6519 509 3355 508 
6520 730 3356 731 
6521 3339 3375 3292 
6522 741 3362 740 
6523 3358 3387 679 
6524 734 3367 3292 
6525 3345 3369 672 
6526 3354 3365 3322 
6527 741 3370 742 
6528 3291 3366 3331 
6529 731 3356 732 
6530 744 3355 509 
6531 3352 3359 3353 
6532 3336 3360 3281 
6533 501 3382 17 
6534 3309 3391 3341 
6535 3309 3359 3352 
6536 24 3383 723 
6537 17 3382 687 
6538 3302 3391 3309 
6539 676 3383 24 
6540 3322 3360 3312 
6541 3315 3373 3363 
6542 3311 3374 3314 
6543 684 3395 3296 
6544 3369 3390 673 
6545 740 3362 3289 
6546 742 3388 741 
6547 3292 3375 735 
6548 736 3375 3279 
6549 685 3395 684 
6550 3356 3367 733 
6551 667 3364 668 
6552 3364 3379 3335 
6553 3336 3382 3288 
6554 3350 3380 3316 
6555 3317 3381 3362 
6556 3358 3388 742 
6557 3340 3363 3313 
6558 733 3367 734 
6559 3320 3377 3339 
6560 3290 3379 735 
6561 672 3369 673 
6562 3373 3374 3313 
6563 687 3382 3336 
6564 3298 3391 3299 
6565 3327 3383 3337 
6566 742 3370 3366 
6567 3295 3369 3345 
6568 3337 3383 676 
6569 3285 3370 741 
6570 3338 3368 3286 
6571 743 3387 742 
6572 3342 3393 3282 
6573 732 3371 666 
6574 3316 3380 3363 
6575 3286 3368 3333 
6576 3326 3381 3297 
6577 3342 3378 3294 
6578 742 3387 3358 
6579 3341 3391 3298 
6580 3351 3376 3290 
6581 3296 3390 3295 
6582 3294 3378 3357 
6583 3313 3374 3311 
6584 735 3375 736 
6585 3341 3389 3309 
6586 3315 3394 3373 
6587 3343 3384 3321 
6588 3363 3380 3315 
6589 3318 3393 3342 
6590 3366 3370 3331 
6591 735 3379 734 
6592 3363 3373 3313 
6593 3319 3377 3320 
6594 734 3379 3364 
6595 3315 3380 3275 
6596 3321 3384 3350 
6597 3281 3395 685 
6598 3288 3382 501 
6599 3345 3396 3295 
6600 3354 3392 3365 
6601 3319 3386 3377 
6602 723 3383 3327 
6603 3323 3386 3319 
6604 3299 3391 3302 
6605 3309 3389 3359 
6606 3332 3392 3354 
6607 683 3396 3324 
6608 3277 3394 725 
6609 3362 3381 3289 
6610 3295 3396 683 
6611 741 3388 3362 
6612 3295 3390 3369 
6613 3282 3393 3351 
6614 3317 3388 3358 
6615 3324 3396 3345 
6616 3365 3395 3281 
6617 3362 3388 3317 
6618 3351 3393 3376 
6619 3376 3393 3318 
6620 3365 3392 3296 
6621 3296 3395 3365 
6622 3342 3385 3378 
6623 3378 3385 3326 
6624 3373 3394 3277 
6625 3390 3392 3332 
6626 3296 3392 3390 
6627 744 18 677 
6628 23 732 666 
6629 743 677 678 
6630 743 744 677 
2 22 2 316
6631 3398 3509 3447 
6632 3447 3473 3398 
6633 3410 3466 3459 
6634 3453 3492 3479 
6635 3466 3480 3459 
6636 3450 3493 3451 
6637 576 3448 3410 
6638 3415 3416 3409 
6639 3449 3519 3406 
6640 3460 3493 3450 
6641 3408 3465 3461 
6642 3479 3492 3468 
6643 3469 3509 3398 
6644 3452 3454 3453 
6645 3432 3448 3422 
6646 3454 3492 3453 
6647 3398 3473 3467 
6648 3448 3466 3410 
6649 748 3418 747 
6650 3406 3519 750 
6651 3455 3483 3418 
6652 3443 3458 3446 
6653 774 3415 3409 
6654 3418 3482 3455 
6655 3443 3446 3409 
6656 3413 3452 571 
6657 3418 3508 747 
6658 3461 3465 3442 
6659 753 3439 752 
6660 3413 3454 3452 
6661 3462 3499 3401 
6662 3401 3497 3462 
6663 3406 3495 3449 
6664 773 3503 3491 
6665 753 3477 3439 
6666 3451 3493 3436 
6667 3420 3421 3400 
6668 3432 3466 3448 
6669 757 3486 3475 
6670 3451 3494 3399 
6671 3436 3496 3451 
6672 773 3491 3415 
6673 3451 3496 3494 
6674 3479 3512 3453 
6675 3467 3473 3468 
6676 752 3439 3419 
6677 3422 3448 3400 
6678 3475 3486 3413 
6679 3446 3515 776 
6680 767 3510 754 
6681 3407 3492 3489 
6682 574 3420 3400 
6683 757 3490 3485 
6684 3402 3464 3420 
6685 3402 3420 573 
6686 3397 3465 582 
6687 3456 3476 579 
6688 3453 3464 3402 
6689 778 3490 779 
6690 3414 3488 3462 
6691 575 3448 576 
6692 775 3446 776 
6693 752 3419 751 
6694 3487 3488 3414 
6695 3485 3490 778 
6696 771 3455 772 
6697 776 3515 3457 
6698 756 3490 757 
6699 571 3452 572 
6700 581 3465 3408 
6701 3450 3451 3399 
6702 3453 3512 3464 
6703 3456 3487 3476 
6704 3416 3443 3409 
6705 3456 3488 3487 
6706 3415 3449 3416 
6707 3462 3488 3461 
6708 3397 3507 3465 
6709 3489 3492 3454 
6710 583 3518 3437 
6711 584 3518 583 
6712 585 3450 3399 
6713 580 3456 579 
6714 768 21 578 
6715 19 756 569 
6716 3421 3422 3400 
6717 758 3486 757 
6718 769 3459 770 
6719 746 3460 745 
6720 3455 3482 772 
6721 3499 3509 3401 
6722 749 3491 3417 
6723 3468 3492 3407 
6724 3401 3509 3469 
6725 3416 3444 3443 
6726 3438 3463 3426 
6727 3444 3504 3443 
6728 3457 3485 777 
6729 770 3459 3403 
6730 3471 3507 3501 
6731 757 3485 758 
6732 3421 3423 3422 
6733 3403 3455 771 
6734 3405 3460 746 
6735 774 3409 775 
6736 770 3403 771 
6737 751 3406 750 
6738 776 3457 777 
6739 3409 3446 775 
6740 570 3475 3413 
6741 747 3405 746 
6742 751 3419 3406 
6743 3442 3471 3430 
6744 766 3414 765 
6745 3423 3425 3422 
6746 760 3407 759 
6747 762 3398 761 
6748 764 3401 763 
6749 773 3415 774 
6750 3421 3424 3423 
6751 3441 3442 3430 
6752 3428 3438 3426 
6753 3425 3435 3433 
6754 585 3399 584 
6755 574 3400 575 
6756 749 3417 748 
6757 583 3397 582 
6758 3424 3426 3423 
6759 583 3437 3397 
6760 572 3402 573 
6761 573 3420 574 
6762 3427 3428 3426 
6763 581 3408 580 
6764 3398 3467 761 
6765 3429 3430 3428 
6766 3417 3418 748 
6767 762 3469 3398 
6768 3440 3441 3430 
6769 3424 3427 3426 
6770 3424 3431 3427 
6771 570 3413 571 
6772 3427 3429 3428 
6773 3425 3463 3435 
6774 3430 3471 3428 
6775 3429 3447 3440 
6776 3429 3440 3430 
6777 761 3404 762 
6778 572 3452 3402 
6779 3429 3472 3447 
6780 3452 3453 3402 
6781 3408 3456 580 
6782 3400 3448 575 
6783 763 3411 764 
6784 582 3465 581 
6785 3425 3432 3422 
6786 3434 3466 3432 
6787 576 3410 577 
6788 761 3467 760 
6789 763 3469 762 
6790 3441 3461 3442 
6791 3425 3433 3432 
6792 759 3412 760 
6793 3467 3468 3407 
6794 3441 3462 3461 
6795 3404 3470 762 
6796 760 3467 3407 
6797 3401 3469 763 
6798 762 3470 763 
6799 3428 3471 3438 
6800 3433 3434 3432 
6801 586 3450 585 
6802 3433 3436 3434 
6803 3474 3513 3444 
6804 3426 3463 3423 
6805 3436 3445 3434 
6806 3444 3495 3474 
6807 3434 3480 3466 
6808 3504 3517 3443 
6809 3444 3513 3504 
6810 3438 3484 3463 
6811 3439 3502 3419 
6812 3427 3472 3429 
6813 749 3519 3491 
6814 3501 3507 3397 
6815 763 3470 3411 
6816 754 3510 753 
6817 3431 3472 3427 
6818 3423 3463 3425 
6819 768 3476 767 
6820 757 3475 756 
6821 3412 3500 3457 
6822 3472 3473 3447 
6823 3473 3479 3468 
6824 569 3475 570 
6825 579 3476 578 
6826 3462 3497 3414 
6827 764 3481 765 
6828 753 3510 3477 
6829 766 3487 3414 
6830 759 3489 758 
6831 3413 3486 3454 
6832 578 3476 768 
6833 756 3475 569 
6834 3419 3474 3406 
6835 3472 3479 3473 
6836 3436 3493 3478 
6837 3458 3498 3412 
6838 3459 3480 3403 
6839 3405 3493 3460 
6840 577 3505 20 
6841 3431 3516 3464 
6842 3431 3479 3472 
6843 22 3506 586 
6844 20 3505 769 
6845 3474 3495 3406 
6846 3424 3516 3431 
6847 745 3506 22 
6848 3498 3517 3404 
6849 3478 3483 3445 
6850 3437 3494 3484 
6851 3433 3496 3436 
6852 3445 3480 3434 
6853 3411 3481 764 
6854 3417 3482 3418 
6855 3436 3478 3445 
6856 3414 3497 765 
6857 764 3497 3401 
6858 765 3511 766 
6859 3412 3515 3458 
6860 3476 3487 767 
6861 777 3485 778 
6862 772 3503 773 
6863 761 3498 3404 
6864 3457 3500 3485 
6865 3459 3505 3410 
6866 3471 3501 3438 
6867 3481 3502 3439 
6868 3412 3498 760 
6869 3463 3484 3435 
6870 767 3487 766 
6871 3441 3499 3462 
6872 766 3511 3477 
6873 3415 3491 3449 
6874 3445 3514 3480 
6875 759 3500 3412 
6876 3478 3493 3405 
6877 747 3508 3405 
6878 3480 3514 3403 
6879 3494 3496 3435 
6880 769 3505 3459 
6881 3420 3516 3421 
6882 3450 3506 3460 
6883 758 3489 3486 
6884 3460 3506 745 
6885 3407 3489 759 
6886 3461 3488 3408 
6887 3458 3515 3446 
6888 3457 3515 3412 
6889 766 3510 767 
6890 3449 3495 3416 
6891 779 3490 756 
6892 3438 3501 3484 
6893 3408 3488 3456 
6894 3458 3517 3498 
6895 3416 3495 3444 
6896 3477 3510 766 
6897 3482 3503 772 
6898 3464 3516 3420 
6899 3405 3508 3478 
6900 3478 3508 3483 
6901 3435 3496 3433 
6902 765 3497 764 
6903 3464 3512 3431 
6904 3437 3518 3494 
6905 760 3498 761 
6906 3465 3507 3442 
6907 3484 3501 3437 
6908 3419 3502 3474 
6909 3486 3489 3454 
6910 758 3500 759 
6911 3484 3494 3435 
6912 3440 3499 3441 
6913 3483 3514 3445 
6914 3485 3500 758 
6915 3502 3513 3474 
6916 3437 3501 3397 
6917 3404 3504 3470 
6918 3443 3517 3458 
6919 3442 3507 3471 
6920 3410 3505 577 
6921 3440 3509 3499 
6922 586 3506 3450 
6923 3491 3519 3449 
6924 3403 3514 3455 
6925 3447 3509 3440 
6926 3421 3516 3424 
6927 3431 3512 3479 
6928 3399 3518 584 
6929 750 3519 749 
6930 3411 3502 3481 
6931 3411 3513 3502 
6932 3481 3511 765 
6933 3417 3503 3482 
6934 3455 3514 3483 
6935 3483 3508 3418 
6936 3470 3513 3411 
6937 3504 3513 3470 
6938 3477 3511 3439 
6939 3491 3503 3417 
6940 3439 3511 3481 
6941 3404 3517 3504 
6942 3494 3518 3399 
6943 19 779 756 
6944 768 755 21 
6945 767 754 755 
6946 767 755 768 
2 23 2 314
6947 3521 3630 3568 
6948 3568 3598 3521 
6949 3538 3602 3569 
6950 3559 3606 3599 
6951 3533 3589 3581 
6952 3575 3617 3605 
6953 3579 3580 3535 
6954 3572 3582 3573 
6955 3589 3604 3581 
6956 631 3570 3533 
6957 3559 3599 3567 
6958 3531 3588 3583 
6959 3605 3617 3592 
6960 3593 3630 3521 
6961 3574 3576 3575 
6962 3582 3606 3573 
6963 3569 3590 3538 
6964 3555 3570 3545 
6965 3576 3617 3575 
6966 3521 3598 3591 
6967 3570 3589 3533 
6968 3535 3621 3579 
6969 3538 3590 786 
6970 750 3569 3529 
6971 785 3538 786 
6972 3536 3574 626 
6973 3583 3588 3566 
6974 752 3562 753 
6975 3536 3576 3574 
6976 3532 3579 3563 
6977 3584 3622 3524 
6978 3524 3620 3584 
6979 3569 3602 3529 
6980 3526 3604 3567 
6981 3567 3610 3526 
6982 3571 3631 3534 
6983 3562 3603 753 
6984 3543 3544 3523 
6985 3573 3606 3559 
6986 3555 3589 3570 
6987 792 3611 3600 
6988 3573 3618 3522 
6989 3559 3619 3573 
6990 3539 3602 3538 
6991 3573 3619 3618 
6992 3605 3634 3575 
6993 3527 3594 3587 
6994 3591 3598 3592 
6995 3542 3562 752 
6996 3534 3626 3571 
6997 3545 3570 3523 
6998 3600 3611 3536 
6999 754 3632 792 
7000 629 3543 3523 
7001 3530 3617 3615 
7002 3609 3616 802 
7003 3594 3631 3587 
7004 3525 3586 3543 
7005 3525 3543 628 
7006 3520 3588 661 
7007 3578 3601 664 
7008 784 3579 3532 
7009 3575 3586 3525 
7010 780 3616 781 
7011 3537 3613 3584 
7012 630 3570 631 
7013 751 3542 752 
7014 3612 3613 3537 
7015 781 3616 3609 
7016 3599 3606 3528 
7017 788 3577 3528 
7018 802 3616 803 
7019 626 3574 627 
7020 662 3588 3531 
7021 3577 3599 3528 
7022 3572 3573 3522 
7023 3578 3612 3601 
7024 3575 3634 3586 
7025 3529 3623 3571 
7026 783 3580 3579 
7027 3578 3613 3612 
7028 3584 3613 3583 
7029 3520 3629 3588 
7030 3615 3617 3576 
7031 3602 3623 3529 
7032 660 3639 3560 
7033 659 3639 660 
7034 658 3572 3522 
7035 663 3578 664 
7036 803 23 665 
7037 21 791 624 
7038 3544 3545 3523 
7039 3534 3631 3594 
7040 3579 3621 3563 
7041 793 3611 792 
7042 745 3581 746 
7043 789 3582 790 
7044 3622 3630 3524 
7045 3524 3630 3593 
7046 3592 3617 3530 
7047 3561 3585 3549 
7048 782 3609 3580 
7049 746 3581 3526 
7050 3595 3629 3625 
7051 801 3609 802 
7052 3544 3546 3545 
7053 3529 3571 3542 
7054 3528 3582 789 
7055 784 3532 785 
7056 746 3526 747 
7057 3532 3538 785 
7058 750 3529 751 
7059 783 3579 784 
7060 782 3580 783 
7061 787 3577 788 
7062 625 3600 3536 
7063 3563 3587 3539 
7064 788 3528 789 
7065 3532 3563 3539 
7066 3529 3542 751 
7067 3532 3539 3538 
7068 3566 3595 3553 
7069 801 3537 800 
7070 3546 3548 3545 
7071 795 3530 794 
7072 797 3521 796 
7073 799 3524 798 
7074 3544 3547 3546 
7075 749 3569 750 
7076 3565 3566 3553 
7077 3591 3592 3530 
7078 3551 3561 3549 
7079 3548 3558 3556 
7080 658 3522 659 
7081 629 3523 630 
7082 748 3540 749 
7083 660 3520 661 
7084 3547 3549 3546 
7085 660 3560 3520 
7086 627 3525 628 
7087 748 3541 3540 
7088 628 3543 629 
7089 3550 3551 3549 
7090 662 3531 663 
7091 795 3591 3530 
7092 3552 3553 3551 
7093 3524 3593 798 
7094 3564 3565 3553 
7095 3547 3550 3549 
7096 3547 3554 3550 
7097 625 3536 626 
7098 3550 3552 3551 
7099 3548 3585 3558 
7100 3553 3595 3551 
7101 3552 3568 3564 
7102 3552 3564 3553 
7103 797 3527 798 
7104 627 3574 3525 
7105 3552 3597 3568 
7106 3574 3575 3525 
7107 3531 3578 663 
7108 3523 3570 630 
7109 795 3534 796 
7110 661 3588 662 
7111 796 3594 797 
7112 3548 3555 3545 
7113 3557 3589 3555 
7114 631 3533 632 
7115 798 3596 799 
7116 796 3591 795 
7117 798 3593 797 
7118 3565 3583 3566 
7119 3548 3556 3555 
7120 799 3535 800 
7121 3565 3584 3583 
7122 3521 3591 796 
7123 797 3593 3521 
7124 3551 3595 3561 
7125 3556 3557 3555 
7126 657 3572 658 
7127 3556 3559 3557 
7128 797 3594 3527 
7129 3534 3594 796 
7130 3559 3567 3557 
7131 3549 3585 3546 
7132 3527 3596 798 
7133 3557 3604 3589 
7134 3561 3608 3585 
7135 799 3596 3535 
7136 3542 3626 3562 
7137 3550 3597 3552 
7138 3625 3629 3520 
7139 787 3635 3577 
7140 753 3632 754 
7141 3554 3597 3550 
7142 3546 3585 3548 
7143 803 3601 802 
7144 792 3600 791 
7145 3580 3624 3535 
7146 3528 3606 3582 
7147 624 3600 625 
7148 664 3601 665 
7149 3598 3605 3592 
7150 3597 3598 3568 
7151 3584 3620 3537 
7152 794 3607 795 
7153 3603 3632 753 
7154 801 3612 3537 
7155 3590 3614 786 
7156 3599 3610 3567 
7157 794 3615 793 
7158 3536 3611 3576 
7159 665 3601 803 
7160 791 3600 624 
7161 3597 3605 3598 
7162 3581 3604 3526 
7163 632 3627 22 
7164 3554 3636 3586 
7165 24 3628 657 
7166 22 3627 745 
7167 3554 3605 3597 
7168 3547 3636 3554 
7169 790 3628 24 
7170 3560 3618 3608 
7171 3567 3604 3557 
7172 3556 3619 3559 
7173 748 3640 3541 
7174 3614 3635 787 
7175 795 3607 3534 
7176 793 3633 794 
7177 3537 3620 800 
7178 799 3620 3524 
7179 747 3640 748 
7180 3601 3612 802 
7181 781 3609 782 
7182 3609 3624 3580 
7183 3581 3627 3533 
7184 3595 3625 3561 
7185 3562 3626 3607 
7186 3603 3633 793 
7187 3585 3608 3558 
7188 802 3612 801 
7189 3565 3622 3584 
7190 3535 3624 800 
7191 786 3614 787 
7192 3618 3619 3558 
7193 745 3627 3581 
7194 3543 3636 3544 
7195 3572 3628 3582 
7196 793 3615 3611 
7197 3540 3614 3590 
7198 3582 3628 790 
7199 3530 3615 794 
7200 3583 3613 3531 
7201 792 3632 793 
7202 3587 3638 3527 
7203 803 3616 780 
7204 3561 3625 3608 
7205 3531 3613 3578 
7206 3571 3626 3542 
7207 3587 3623 3539 
7208 793 3632 3603 
7209 3586 3636 3543 
7210 3596 3621 3535 
7211 3541 3635 3540 
7212 3539 3623 3602 
7213 3558 3619 3556 
7214 800 3620 799 
7215 3586 3634 3554 
7216 3560 3639 3618 
7217 3588 3629 3566 
7218 3608 3625 3560 
7219 3563 3638 3587 
7220 3611 3615 3576 
7221 800 3624 801 
7222 3608 3618 3558 
7223 3564 3622 3565 
7224 801 3624 3609 
7225 3560 3625 3520 
7226 3566 3629 3595 
7227 3526 3640 747 
7228 3533 3627 632 
7229 3590 3641 3540 
7230 3564 3630 3622 
7231 3599 3637 3610 
7232 657 3628 3572 
7233 3568 3630 3564 
7234 3544 3636 3547 
7235 3554 3634 3605 
7236 3577 3637 3599 
7237 749 3641 3569 
7238 3522 3639 659 
7239 3607 3626 3534 
7240 3540 3641 749 
7241 794 3633 3607 
7242 3540 3635 3614 
7243 3527 3638 3596 
7244 3562 3633 3603 
7245 3569 3641 3590 
7246 3610 3640 3526 
7247 3607 3633 3562 
7248 3596 3638 3621 
7249 3621 3638 3563 
7250 3610 3637 3541 
7251 3541 3640 3610 
7252 3587 3631 3623 
7253 3623 3631 3571 
7254 3618 3639 3522 
7255 3635 3637 3577 
7256 3541 3637 3635 
7257 21 755 791 
7258 803 780 23 
7259 792 755 754 
7260 755 792 791 
2 24 2 316
7261 3653 3689 728 
7262 3671 3692 3690 
7263 3653 3693 3689 
7264 3660 3724 3691 
7265 3700 3707 3657 
7266 3690 3740 3671 
7267 3696 3713 3697 
7268 3691 3727 3660 
7269 3657 3744 3700 
7270 3713 3725 3697 
7271 785 3691 3651 
7272 774 3660 773 
7273 3689 3701 3642 
7274 3660 3727 773 
7275 703 3696 3658 
7276 783 3686 782 
7277 3696 3697 3658 
7278 3645 3708 3667 
7279 3654 3700 3688 
7280 3705 3719 3659 
7281 3691 3724 3651 
7282 3646 3704 3703 
7283 3643 3714 3702 
7284 3694 3752 3656 
7285 3709 3755 3710 
7286 3686 3726 782 
7287 3710 3749 3709 
7288 3720 3734 815 
7289 3642 3701 3690 
7290 3661 3724 3660 
7291 3683 3722 3682 
7292 3649 3717 3711 
7293 3722 3738 3682 
7294 3730 3732 3692 
7295 3667 3708 3679 
7296 3681 3732 3730 
7297 3664 3686 783 
7298 3656 3748 3694 
7299 3658 3734 3720 
7300 781 3756 805 
7301 726 3687 725 
7302 3705 3745 3719 
7303 3713 3741 3684 
7304 3731 3737 815 
7305 3717 3752 3711 
7306 3646 3733 3704 
7307 728 3689 727 
7308 775 3700 3654 
7309 3709 3749 3655 
7310 779 3737 778 
7311 3703 3705 3646 
7312 784 3664 783 
7313 707 3708 3645 
7314 3648 3755 3709 
7315 3652 3736 3725 
7316 3687 3758 725 
7317 3671 3730 3692 
7318 778 3737 3731 
7319 3685 3713 3684 
7320 788 3698 787 
7321 815 3737 816 
7322 704 3696 703 
7323 3682 3712 3681 
7324 3702 3751 3643 
7325 3651 3746 3694 
7326 776 3707 3700 
7327 3647 3741 3713 
7328 3689 3759 3701 
7329 3725 3736 3697 
7330 3724 3746 3651 
7331 3655 3708 708 
7332 724 3695 723 
7333 3659 3754 3705 
7334 3663 3753 772 
7335 723 3742 24 
7336 23 804 731 
7337 816 19 701 
7338 772 3753 771 
7339 729 3699 3653 
7340 24 3742 790 
7341 3656 3752 3717 
7342 3700 3744 3688 
7343 3665 3762 706 
7344 3699 3763 3653 
7345 815 3734 814 
7346 3729 3743 787 
7347 706 3762 705 
7348 770 3709 769 
7349 790 3706 789 
7350 787 3743 786 
7351 3698 3729 787 
7352 3653 3719 3693 
7353 3693 3745 3678 
7354 3666 3715 3665 
7355 3682 3738 3712 
7356 777 3731 3707 
7357 3678 3759 3693 
7358 3648 3709 770 
7359 814 3731 815 
7360 789 3706 3650 
7361 3651 3694 3664 
7362 775 3654 774 
7363 771 3648 770 
7364 785 3651 784 
7365 3654 3660 774 
7366 3712 3732 3681 
7367 3650 3698 788 
7368 776 3700 775 
7369 777 3707 776 
7370 730 3721 3699 
7371 3658 3720 702 
7372 3688 3711 3661 
7373 3654 3688 3661 
7374 3680 3710 3683 
7375 789 3650 788 
7376 3719 3745 3693 
7377 3651 3664 784 
7378 3654 3661 3660 
7379 807 3659 806 
7380 3675 3701 3678 
7381 813 3652 812 
7382 811 3643 810 
7383 809 3646 808 
7384 3668 3669 3666 
7385 786 3691 785 
7386 725 3644 724 
7387 3721 3735 3699 
7388 3668 3671 3669 
7389 3676 3684 3673 
7390 707 3645 706 
7391 773 3662 772 
7392 727 3642 726 
7393 3671 3672 3669 
7394 3645 3666 3665 
7395 705 3647 704 
7396 3675 3678 3677 
7397 3645 3665 706 
7398 3662 3663 772 
7399 3642 3687 726 
7400 3704 3718 3677 
7401 3642 3690 3687 
7402 3680 3681 3670 
7403 3672 3675 3674 
7404 3672 3673 3669 
7405 729 3653 728 
7406 3653 3763 3719 
7407 811 3714 3643 
7408 3676 3685 3684 
7409 727 3689 3642 
7410 730 3699 729 
7411 3675 3677 3674 
7412 3678 3703 3677 
7413 703 3658 702 
7414 3674 3676 3673 
7415 708 3708 707 
7416 3703 3704 3677 
7417 3690 3692 3687 
7418 3672 3674 3673 
7419 3676 3702 3685 
7420 810 3649 811 
7421 3647 3696 704 
7422 808 3656 809 
7423 809 3717 810 
7424 3667 3668 3666 
7425 3645 3667 3666 
7426 3680 3682 3681 
7427 709 3655 708 
7428 812 3714 811 
7429 3669 3715 3666 
7430 812 3657 813 
7431 3667 3679 3670 
7432 3667 3670 3668 
7433 3647 3713 3696 
7434 3679 3710 3680 
7435 3679 3680 3670 
7436 3652 3714 812 
7437 3680 3683 3682 
7438 3649 3716 811 
7439 811 3716 812 
7440 3644 3712 3695 
7441 3644 3695 724 
7442 810 3717 3649 
7443 3656 3717 809 
7444 3684 3715 3673 
7445 3701 3740 3690 
7446 3664 3748 3686 
7447 3681 3730 3670 
7448 3673 3715 3669 
7449 786 3743 3691 
7450 782 3756 781 
7451 3668 3730 3671 
7452 812 3716 3657 
7453 773 3727 3662 
7454 3677 3718 3674 
7455 3676 3718 3702 
7456 805 3721 804 
7457 816 3720 815 
7458 3691 3743 3727 
7459 3707 3747 3657 
7460 3714 3739 3702 
7461 3655 3749 3708 
7462 702 3720 701 
7463 731 3721 730 
7464 3650 3722 3698 
7465 807 3728 808 
7466 3643 3733 810 
7467 809 3733 3646 
7468 3715 3741 3665 
7469 3726 3756 782 
7470 814 3736 813 
7471 3697 3734 3658 
7472 3659 3735 806 
7473 804 3721 731 
7474 701 3720 816 
7475 3674 3718 3676 
7476 3650 3738 3722 
7477 3685 3725 3713 
7478 3643 3751 3733 
7479 20 3750 709 
7480 725 3758 3644 
7481 3675 3740 3701 
7482 769 3750 20 
7483 3671 3740 3672 
7484 3705 3754 3646 
7485 3738 3764 3712 
7486 808 3728 3656 
7487 3695 3742 723 
7488 3662 3729 3663 
7489 3708 3749 3679 
7490 806 3757 807 
7491 3683 3723 3722 
7492 778 3731 777 
7493 810 3733 809 
7494 3725 3739 3652 
7495 805 3735 3721 
7496 3693 3759 3689 
7497 807 3754 3659 
7498 3731 3747 3707 
7499 3646 3754 808 
7500 3733 3751 3704 
7501 3655 3750 3709 
7502 3686 3748 3728 
7503 3726 3757 806 
7504 3670 3730 3668 
7505 3644 3732 3712 
7506 3695 3764 3742 
7507 3657 3747 813 
7508 806 3735 805 
7509 3742 3764 3706 
7510 3709 3750 769 
7511 3734 3736 814 
7512 790 3742 3706 
7513 813 3736 3652 
7514 3706 3738 3650 
7515 3711 3761 3649 
7516 3663 3760 3753 
7517 3753 3760 3723 
7518 3732 3758 3692 
7519 805 3756 806 
7520 816 3737 779 
7521 3678 3745 3703 
7522 3672 3740 3675 
7523 3692 3758 3687 
7524 3694 3748 3664 
7525 3711 3746 3661 
7526 806 3756 3726 
7527 3729 3760 3663 
7528 3703 3745 3705 
7529 3652 3739 3714 
7530 3702 3739 3685 
7531 3716 3744 3657 
7532 3684 3741 3715 
7533 3718 3751 3702 
7534 3698 3760 3729 
7535 3661 3746 3724 
7536 3685 3739 3725 
7537 3662 3743 3729 
7538 3701 3759 3678 
7539 3688 3761 3711 
7540 3697 3736 3734 
7541 813 3747 814 
7542 814 3747 3731 
7543 3710 3755 3683 
7544 3704 3751 3718 
7545 771 3753 3648 
7546 709 3750 3655 
7547 3679 3749 3710 
7548 3722 3760 3698 
7549 3659 3763 3735 
7550 808 3754 807 
7551 3723 3760 3722 
7552 3741 3762 3665 
7553 3723 3755 3648 
7554 3727 3743 3662 
7555 3648 3753 3723 
7556 3728 3748 3656 
7557 705 3762 3647 
7558 3719 3763 3659 
7559 807 3757 3728 
7560 3649 3761 3716 
7561 3683 3755 3723 
7562 3712 3764 3695 
7563 3686 3757 3726 
7564 3728 3757 3686 
7565 3644 3758 3732 
7566 3716 3761 3744 
7567 3744 3761 3688 
7568 3711 3752 3746 
7569 3735 3763 3699 
7570 3746 3752 3694 
7571 3706 3764 3738 
7572 3647 3762 3741 
7573 816 779 19 
7574 23 780 804 
7575 805 780 781 
7576 780 805 804 
$EndElements
