primal_vertex_tag,dual_quadrangle_element_tag,primal_face_index
818,1,1
928,2,1
865,3,1
865,4,2
895,5,2
818,6,2
835,7,3
899,8,3
866,9,3
856,10,4
903,11,4
896,12,4
830,13,5
886,14,5
878,15,5
872,16,6
914,17,6
901,18,6
876,19,7
877,20,7
832,21,7
869,22,8
879,23,8
870,24,8
886,25,9
902,26,9
878,27,9
59,28,10
867,29,10
830,30,10
856,31,11
896,32,11
864,33,11
828,34,12
885,35,12
880,36,12
901,37,13
914,38,13
889,39,13
890,40,14
928,41,14
818,42,14
871,43,15
873,44,15
872,45,15
879,46,16
903,47,16
870,48,16
866,49,17
887,50,17
835,51,17
852,52,18
867,53,18
842,54,18
873,55,19
914,56,19
872,57,19
818,58,20
895,59,20
888,60,20
867,61,21
886,62,21
830,63,21
832,64,22
918,65,22
876,66,22
835,67,23
887,68,23
29,69,23
72,70,24
866,71,24
826,72,24
30,73,25
835,74,25
29,75,25
833,76,26
871,77,26
64,78,26
880,79,27
885,80,27
863,81,27
70,82,28
859,83,28
69,84,28
833,85,29
873,86,29
871,87,29
829,88,30
876,89,30
860,90,30
881,91,31
919,92,31
821,93,31
821,94,32
917,95,32
881,96,32
866,97,33
899,98,33
826,99,33
823,100,34
902,101,34
864,102,34
864,103,35
907,104,35
823,105,35
868,106,36
927,107,36
831,108,36
859,109,37
900,110,37
69,111,37
840,112,38
841,113,38
820,114,38
870,115,39
903,116,39
856,117,39
852,118,40
886,119,40
867,120,40
56,121,41
908,122,41
897,123,41
870,124,42
915,125,42
819,126,42
856,127,43
916,128,43
870,129,43
836,130,44
899,131,44
835,132,44
870,133,45
916,134,45
915,135,45
824,136,46
891,137,46
884,138,46
901,139,47
931,140,47
872,141,47
888,142,48
895,143,48
889,144,48
839,145,49
859,146,49
70,147,49
831,148,50
923,149,50
868,150,50
842,151,51
867,152,51
820,153,51
897,154,52
908,155,52
833,156,52
68,157,53
929,158,53
56,159,53
827,160,54
914,161,54
912,162,54
61,163,55
840,164,55
820,165,55
906,166,56
913,167,56
46,168,56
891,169,57
927,170,57
884,171,57
822,172,58
883,173,58
840,174,58
822,175,59
840,176,59
62,177,59
817,178,60
885,179,60
40,180,60
875,181,61
898,182,61
37,183,61
31,184,62
876,185,62
829,186,62
872,187,63
883,188,63
822,189,63
35,190,64
913,191,64
34,192,64
834,193,65
910,194,65
881,195,65
60,196,66
867,197,66
59,198,66
71,199,67
839,200,67
70,201,67
909,202,68
910,203,68
834,204,68
34,205,69
913,206,69
906,207,69
896,208,70
903,209,70
825,210,70
27,211,71
874,212,71
825,213,71
46,214,72
913,215,72
45,216,72
64,217,73
871,218,73
63,219,73
39,220,74
885,221,74
828,222,74
874,223,75
896,224,75
825,225,75
869,226,76
870,227,76
819,228,76
872,229,77
931,230,77
883,231,77
875,232,78
909,233,78
898,234,78
826,235,79
920,236,79
868,237,79
32,238,80
877,239,80
876,240,80
875,241,81
910,242,81
909,243,81
881,244,82
910,245,82
880,246,82
817,247,83
926,248,83
885,249,83
912,250,84
914,251,84
873,252,84
899,253,85
920,254,85
826,255,85
41,256,86
936,257,86
857,258,86
42,259,87
936,260,87
41,261,87
43,262,88
869,263,88
819,264,88
38,265,89
875,266,89
37,267,89
2,268,90
36,269,90
45,270,90
57,271,91
66,272,91
3,273,91
841,274,92
842,275,92
820,276,92
831,277,93
927,278,93
891,279,93
876,280,94
918,281,94
860,282,94
55,283,95
908,284,95
56,285,95
77,286,96
878,287,96
76,288,96
26,289,97
879,290,97
25,291,97
919,292,98
928,293,98
821,294,98
889,295,99
914,296,99
827,297,99
821,298,100
928,299,100
890,300,100
858,301,101
882,302,101
846,303,101
33,304,102
906,305,102
877,306,102
76,307,103
878,308,103
823,309,103
892,310,104
926,311,104
922,312,104
47,313,105
906,314,105
46,315,105
841,316,106
843,317,106
842,318,106
826,319,107
868,320,107
839,321,107
825,322,108
879,323,108
26,324,108
31,325,109
829,326,109
30,327,109
76,328,110
823,329,110
75,330,110
72,331,111
826,332,111
71,333,111
829,334,112
835,335,112
30,336,112
32,337,113
876,338,113
31,339,113
33,340,114
877,341,114
32,342,114
28,343,115
874,344,115
27,345,115
65,346,116
897,347,116
833,348,116
860,349,117
884,350,117
836,351,117
829,352,118
860,353,118
836,354,118
27,355,119
825,356,119
26,357,119
826,358,120
839,359,120
71,360,120
829,361,121
836,362,121
835,363,121
863,364,122
892,365,122
850,366,122
47,367,123
834,368,123
48,369,123
843,370,124
845,371,124
842,372,124
53,373,125
827,374,125
54,375,125
51,376,126
818,377,126
52,378,126
49,379,127
821,380,127
50,381,127
841,382,128
844,383,128
843,384,128
73,385,129
866,386,129
72,387,129
862,388,130
863,389,130
850,390,130
848,391,131
858,392,131
846,393,131
845,394,132
855,395,132
853,396,132
43,397,133
819,398,133
42,399,133
61,400,134
820,401,134
60,402,134
74,403,135
837,404,135
73,405,135
41,406,136
817,407,136
40,408,136
844,409,137
846,410,137
843,411,137
41,412,138
857,413,138
817,414,138
63,415,139
822,416,139
62,417,139
74,418,140
838,419,140
837,420,140
62,421,141
840,422,141
61,423,141
847,424,142
848,425,142
846,426,142
39,427,143
828,428,143
38,429,143
818,430,144
888,431,144
52,432,144
849,433,145
850,434,145
848,435,145
51,436,146
890,437,146
818,438,146
861,439,147
862,440,147
850,441,147
844,442,148
847,443,148
846,444,148
844,445,149
851,446,149
847,447,149
65,448,150
833,449,150
64,450,150
847,451,151
849,452,151
848,453,151
845,454,152
882,455,152
855,456,152
850,457,153
892,458,153
848,459,153
849,460,154
865,461,154
861,462,154
849,463,155
861,464,155
850,465,155
51,466,156
824,467,156
50,468,156
63,469,157
871,470,157
822,471,157
849,472,158
894,473,158
865,474,158
871,475,159
872,476,159
822,477,159
828,478,160
875,479,160
38,480,160
820,481,161
867,482,161
60,483,161
53,484,162
831,485,162
52,486,162
40,487,163
885,488,163
39,489,163
52,490,164
891,491,164
51,492,164
845,493,165
852,494,165
842,495,165
854,496,166
886,497,166
852,498,166
59,499,167
830,500,167
58,501,167
50,502,168
893,503,168
49,504,168
52,505,169
888,506,169
53,507,169
50,508,170
890,509,170
51,510,170
862,511,171
880,512,171
863,513,171
845,514,172
853,515,172
852,516,172
49,517,173
832,518,173
48,519,173
888,520,174
889,521,174
827,522,174
862,523,175
881,524,175
880,525,175
53,526,176
888,527,176
827,528,176
821,529,177
890,530,177
50,531,177
848,532,178
892,533,178
858,534,178
853,535,179
854,536,179
852,537,179
44,538,180
869,539,180
43,540,180
853,541,181
856,542,181
854,543,181
51,544,182
891,545,182
824,546,182
831,547,183
891,548,183
52,549,183
856,550,184
864,551,184
854,552,184
846,553,185
882,554,185
843,555,185
824,556,186
893,557,186
50,558,186
854,559,187
902,560,187
886,561,187
858,562,188
905,563,188
882,564,188
49,565,189
893,566,189
832,567,189
839,568,190
923,569,190
859,570,190
847,571,191
894,572,191
849,573,191
922,574,192
926,575,192
817,576,192
28,577,193
932,578,193
874,579,193
69,580,194
929,581,194
68,582,194
851,583,195
894,584,195
847,585,195
843,586,196
882,587,196
845,588,196
45,589,197
898,590,197
46,591,197
56,592,198
897,593,198
57,594,198
877,595,199
921,596,199
832,597,199
825,598,200
903,599,200
879,600,200
894,601,201
895,602,201
865,603,201
895,604,202
901,605,202
889,606,202
66,607,203
897,608,203
65,609,203
37,610,204
898,611,204
36,612,204
881,613,205
917,614,205
834,615,205
54,616,206
904,617,206
53,618,206
900,619,207
929,620,207
69,621,207
47,622,208
909,623,208
834,624,208
887,625,209
911,626,209
29,627,209
896,628,210
907,629,210
864,630,210
54,631,211
912,632,211
55,633,211
833,634,212
908,635,212
873,636,212
36,637,213
898,638,213
45,639,213
57,640,214
897,641,214
66,642,214
894,643,215
901,644,215
895,645,215
878,646,216
902,647,216
823,648,216
58,649,217
924,650,217
4,651,217
851,652,218
933,653,218
883,654,218
851,655,219
901,656,219
894,657,219
1,658,220
925,659,220
44,660,220
4,661,221
924,662,221
77,663,221
844,664,222
933,665,222
851,666,222
25,667,223
925,668,223
1,669,223
864,670,224
902,671,224
854,672,224
857,673,225
915,674,225
905,675,225
853,676,226
916,677,226
856,678,226
74,679,227
937,680,227
838,681,227
911,682,228
932,683,228
28,684,228
53,685,229
904,686,229
831,687,229
55,688,230
930,689,230
54,690,230
834,691,231
917,692,231
48,693,231
49,694,232
917,695,232
821,696,232
75,697,233
937,698,233
74,699,233
898,700,234
909,701,234
46,702,234
34,703,235
906,704,235
33,705,235
906,706,236
921,707,236
877,708,236
878,709,237
924,710,237
830,711,237
892,712,238
922,713,238
858,714,238
859,715,239
923,716,239
904,717,239
900,718,240
930,719,240
55,720,240
882,721,241
905,722,241
855,723,241
46,724,242
909,725,242
47,726,242
862,727,243
919,728,243
881,729,243
832,730,244
921,731,244
48,732,244
29,733,245
911,734,245
28,735,245
915,736,246
916,737,246
855,738,246
77,739,247
924,740,247
878,741,247
840,742,248
933,743,248
841,744,248
869,745,249
925,746,249
879,747,249
55,748,250
912,749,250
908,750,250
837,751,251
911,752,251
887,753,251
879,754,252
925,755,252
25,756,252
827,757,253
912,758,253
54,759,253
880,760,254
910,761,254
828,762,254
56,763,255
929,764,255
55,765,255
884,766,256
935,767,256
824,768,256
45,769,257
913,770,257
35,771,257
858,772,258
922,773,258
905,774,258
828,775,259
910,776,259
875,777,259
868,778,260
923,779,260
839,780,260
884,781,261
920,782,261
836,783,261
55,784,262
929,785,262
900,786,262
883,787,263
933,788,263
840,789,263
893,790,264
918,791,264
832,792,264
838,793,265
932,794,265
837,795,265
836,796,266
920,797,266
899,798,266
855,799,267
916,800,267
853,801,267
48,802,268
917,803,268
49,804,268
883,805,269
931,806,269
851,807,269
857,808,270
936,809,270
915,810,270
885,811,271
926,812,271
863,813,271
905,814,272
922,815,272
857,816,272
860,817,273
935,818,273
884,819,273
908,820,274
912,821,274
873,822,274
48,823,275
921,824,275
47,825,275
905,826,276
915,827,276
855,828,276
861,829,277
919,830,277
862,831,277
47,832,278
921,833,278
906,834,278
857,835,279
922,836,279
817,837,279
863,838,280
926,839,280
892,840,280
823,841,281
937,842,281
75,843,281
830,844,282
924,845,282
58,846,282
887,847,283
938,848,283
837,849,283
896,850,284
934,851,284
907,852,284
861,853,285
928,854,285
919,855,285
44,856,286
925,857,286
869,858,286
865,859,287
928,860,287
861,861,287
841,862,288
933,863,288
844,864,288
851,865,289
931,866,289
901,867,289
874,868,290
934,869,290
896,870,290
73,871,291
938,872,291
866,873,291
819,874,292
936,875,292
42,876,292
904,877,293
923,878,293
831,879,293
837,880,294
938,881,294
73,882,294
54,883,295
930,884,295
904,885,295
837,886,296
932,887,296
911,888,296
824,889,297
935,890,297
893,891,297
859,892,298
930,893,298
900,894,298
866,895,299
938,896,299
887,897,299
907,898,300
937,899,300
823,900,300
904,901,301
930,902,301
859,903,301
893,904,302
935,905,302
918,906,302
918,907,303
935,908,303
860,909,303
907,910,304
934,911,304
838,912,304
838,913,305
937,914,305
907,915,305
884,916,306
927,917,306
920,918,306
920,919,307
927,920,307
868,921,307
915,922,308
936,923,308
819,924,308
932,925,309
934,926,309
874,927,309
838,928,310
934,929,310
932,930,310
2,931,311
45,932,311
35,933,311
57,934,312
3,935,312
67,936,312
56,937,313
57,938,313
67,939,313
56,940,314
67,941,314
68,942,314
950,943,315
986,944,315
114,945,315
968,946,316
989,947,316
987,948,316
950,949,317
990,950,317
986,951,317
957,952,318
1021,953,318
988,954,318
997,955,319
1004,956,319
954,957,319
987,958,320
1037,959,320
968,960,320
993,961,321
1010,962,321
994,963,321
988,964,322
1024,965,322
957,966,322
954,967,323
1041,968,323
997,969,323
1010,970,324
1022,971,324
994,972,324
30,973,325
988,974,325
948,975,325
83,976,326
957,977,326
84,978,326
957,979,327
1024,980,327
84,981,327
986,982,328
998,983,328
939,984,328
95,985,329
993,986,329
955,987,329
32,988,330
983,989,330
33,990,330
993,991,331
994,992,331
955,993,331
942,994,332
1005,995,332
964,996,332
951,997,333
997,998,333
985,999,333
1002,1000,334
1016,1001,334
956,1002,334
988,1003,335
1021,1004,335
948,1005,335
943,1006,336
1001,1007,336
1000,1008,336
991,1009,337
1048,1010,337
953,1011,337
1006,1012,338
1052,1013,338
1007,1014,338
940,1015,339
1011,1016,339
999,1017,339
983,1018,340
1023,1019,340
33,1020,340
1007,1021,341
1046,1022,341
1006,1023,341
1017,1024,342
1031,1025,342
99,1026,342
939,1027,343
998,1028,343
987,1029,343
958,1030,344
1021,1031,344
957,1032,344
980,1033,345
1019,1034,345
979,1035,345
1019,1036,346
1035,1037,346
979,1038,346
946,1039,347
1014,1040,347
1008,1041,347
1027,1042,348
1029,1043,348
989,1044,348
964,1045,349
1005,1046,349
976,1047,349
978,1048,350
1029,1049,350
1027,1050,350
961,1051,351
983,1052,351
32,1053,351
953,1054,352
1045,1055,352
991,1056,352
955,1057,353
1031,1058,353
1017,1059,353
34,1060,354
1053,1061,354
109,1062,354
116,1063,355
984,1064,355
117,1065,355
1002,1066,356
1042,1067,356
1016,1068,356
1010,1069,357
1038,1070,357
981,1071,357
1028,1072,358
1034,1073,358
99,1074,358
1014,1075,359
1048,1076,359
1008,1077,359
943,1078,360
1030,1079,360
1001,1080,360
114,1081,361
986,1082,361
115,1083,361
82,1084,362
997,1085,362
951,1086,362
78,1087,363
1034,1088,363
79,1089,363
1006,1090,364
1046,1091,364
952,1092,364
1000,1093,365
1002,1094,365
943,1095,365
31,1096,366
961,1097,366
32,1098,366
91,1099,367
1005,1100,367
942,1101,367
945,1102,368
1052,1103,368
1006,1104,368
949,1105,369
1033,1106,369
1022,1107,369
984,1108,370
1055,1109,370
117,1110,370
968,1111,371
1027,1112,371
989,1113,371
79,1114,372
1034,1115,372
1028,1116,372
982,1117,373
1010,1118,373
981,1119,373
27,1120,374
995,1121,374
28,1122,374
99,1123,375
1034,1124,375
98,1125,375
94,1126,376
993,1127,376
95,1128,376
979,1129,377
1009,1130,377
978,1131,377
999,1132,378
1049,1133,378
940,1134,378
948,1135,379
1043,1136,379
991,1137,379
81,1138,380
1004,1139,380
997,1140,380
944,1141,381
1038,1142,381
1010,1143,381
986,1144,382
1056,1145,382
998,1146,382
1022,1147,383
1033,1148,383
994,1149,383
1021,1150,384
1043,1151,384
948,1152,384
952,1153,385
1005,1154,385
90,1155,385
118,1156,386
992,1157,386
119,1158,386
956,1159,387
1051,1160,387
1002,1161,387
960,1162,388
1050,1163,388
85,1164,388
119,1165,389
1039,1166,389
1,1167,389
110,1168,390
111,1169,390
2,1170,390
5,1171,391
97,1172,391
98,1173,391
85,1174,392
1050,1175,392
86,1176,392
113,1177,393
996,1178,393
950,1179,393
1,1180,394
1039,1181,394
25,1182,394
997,1183,395
1041,1184,395
985,1185,395
962,1186,396
1059,1187,396
92,1188,396
953,1189,397
1048,1190,397
1014,1191,397
996,1192,398
1060,1193,398
950,1194,398
99,1195,399
1031,1196,399
100,1197,399
1026,1198,400
1040,1199,400
28,1200,400
92,1201,401
1059,1202,401
93,1203,401
87,1204,402
1006,1205,402
88,1206,402
25,1207,403
1003,1208,403
26,1209,403
28,1210,404
1040,1211,404
29,1212,404
995,1213,405
1026,1214,405
28,1215,405
950,1216,406
1016,1217,406
990,1218,406
990,1219,407
1042,1220,407
975,1221,407
963,1222,408
1012,1223,408
962,1224,408
979,1225,409
1035,1226,409
1009,1227,409
80,1228,410
1028,1229,410
1004,1230,410
975,1231,411
1056,1232,411
990,1233,411
945,1234,412
1006,1235,412
87,1236,412
100,1237,413
1028,1238,413
99,1239,413
26,1240,414
1003,1241,414
947,1242,414
948,1243,415
991,1244,415
961,1245,415
82,1246,416
951,1247,416
83,1248,416
86,1249,417
945,1250,417
87,1251,417
951,1252,418
957,1253,418
83,1254,418
30,1255,419
948,1256,419
31,1257,419
1009,1258,420
1029,1259,420
978,1260,420
947,1261,421
995,1262,421
27,1263,421
81,1264,422
997,1265,422
82,1266,422
80,1267,423
1004,1268,423
81,1269,423
112,1270,424
1018,1271,424
996,1272,424
955,1273,425
1017,1274,425
96,1275,425
985,1276,426
1008,1277,426
958,1278,426
977,1279,427
1007,1280,427
980,1281,427
26,1282,428
947,1283,428
27,1284,428
951,1285,429
985,1286,429
958,1287,429
948,1288,430
961,1289,430
31,1290,430
1016,1291,431
1042,1292,431
990,1293,431
951,1294,432
958,1295,432
957,1296,432
107,1297,433
956,1298,433
108,1299,433
972,1300,434
998,1301,434
975,1302,434
101,1303,435
949,1304,435
102,1305,435
103,1306,436
940,1307,436
104,1308,436
105,1309,437
943,1310,437
106,1311,437
965,1312,438
966,1313,438
963,1314,438
29,1315,439
988,1316,439
30,1317,439
117,1318,440
941,1319,440
118,1320,440
1018,1321,441
1032,1322,441
996,1323,441
965,1324,442
968,1325,442
966,1326,442
973,1327,443
981,1328,443
970,1329,443
91,1330,444
942,1331,444
92,1332,444
84,1333,445
959,1334,445
85,1335,445
115,1336,446
939,1337,446
116,1338,446
968,1339,447
969,1340,447
966,1341,447
942,1342,448
963,1343,448
962,1344,448
93,1345,449
944,1346,449
94,1347,449
972,1348,450
975,1349,450
974,1350,450
942,1351,451
962,1352,451
92,1353,451
959,1354,452
960,1355,452
85,1356,452
939,1357,453
984,1358,453
116,1359,453
1001,1360,454
1015,1361,454
974,1362,454
939,1363,455
987,1364,455
984,1365,455
977,1366,456
978,1367,456
967,1368,456
969,1369,457
972,1370,457
971,1371,457
969,1372,458
970,1373,458
966,1374,458
113,1375,459
950,1376,459
114,1377,459
950,1378,460
1060,1379,460
1016,1380,460
949,1381,461
1011,1382,461
102,1383,461
973,1384,462
982,1385,462
981,1386,462
115,1387,463
986,1388,463
939,1389,463
112,1390,464
996,1391,464
113,1392,464
972,1393,465
974,1394,465
971,1395,465
975,1396,466
1000,1397,466
974,1398,466
95,1399,467
955,1400,467
96,1401,467
971,1402,468
973,1403,468
970,1404,468
90,1405,469
1005,1406,469
91,1407,469
1000,1408,470
1001,1409,470
974,1410,470
987,1411,471
989,1412,471
984,1413,471
969,1414,472
971,1415,472
970,1416,472
973,1417,473
999,1418,473
982,1419,473
104,1420,474
946,1421,474
103,1422,474
944,1423,475
993,1424,475
94,1425,475
106,1426,476
953,1427,476
105,1428,476
964,1429,477
965,1430,477
963,1431,477
942,1432,478
964,1433,478
963,1434,478
977,1435,479
979,1436,479
978,1437,479
89,1438,480
952,1439,480
90,1440,480
102,1441,481
1011,1442,481
103,1443,481
966,1444,482
1012,1445,482
963,1446,482
102,1447,483
954,1448,483
101,1449,483
964,1450,484
976,1451,484
967,1452,484
964,1453,485
967,1454,485
965,1455,485
944,1456,486
1010,1457,486
993,1458,486
976,1459,487
1007,1460,487
977,1461,487
953,1462,488
1014,1463,488
105,1464,488
976,1465,489
977,1466,489
967,1467,489
103,1468,490
1011,1469,490
940,1470,490
105,1471,491
1014,1472,491
104,1473,491
977,1474,492
980,1475,492
979,1476,492
946,1477,493
1013,1478,493
103,1479,493
103,1480,494
1013,1481,494
102,1482,494
941,1483,495
1009,1484,495
992,1485,495
941,1486,496
992,1487,496
118,1488,496
981,1489,497
1012,1490,497
970,1491,497
998,1492,498
1037,1493,498
987,1494,498
961,1495,499
1045,1496,499
983,1497,499
978,1498,500
1027,1499,500
967,1500,500
104,1501,501
1014,1502,501
946,1503,501
970,1504,502
1012,1505,502
966,1506,502
29,1507,503
1040,1508,503
988,1509,503
33,1510,504
1053,1511,504
34,1512,504
965,1513,505
1027,1514,505
968,1515,505
102,1516,506
1013,1517,506
954,1518,506
84,1519,507
1024,1520,507
959,1521,507
974,1522,508
1015,1523,508
971,1524,508
973,1525,509
1015,1526,509
999,1527,509
988,1528,510
1040,1529,510
1024,1530,510
109,1531,511
1018,1532,511
110,1533,511
98,1534,512
1017,1535,512
99,1536,512
1004,1537,513
1044,1538,513
954,1539,513
952,1540,514
1046,1541,514
1005,1542,514
96,1543,515
1017,1544,515
97,1545,515
111,1546,516
1018,1547,516
112,1548,516
1011,1549,517
1036,1550,517
999,1551,517
947,1552,518
1019,1553,518
995,1554,518
107,1555,519
1025,1556,519
106,1557,519
940,1558,520
1030,1559,520
104,1560,520
105,1561,521
1030,1562,521
943,1563,521
1012,1564,522
1038,1565,522
962,1566,522
1023,1567,523
1053,1568,523
33,1569,523
100,1570,524
1033,1571,524
101,1572,524
994,1573,525
1031,1574,525
955,1575,525
956,1576,526
1032,1577,526
108,1578,526
110,1579,527
1018,1580,527
111,1581,527
97,1582,528
1017,1583,528
98,1584,528
971,1585,529
1015,1586,529
973,1587,529
947,1588,530
1035,1589,530
1019,1590,530
982,1591,531
1022,1592,531
1010,1593,531
940,1594,532
1049,1595,532
1030,1596,532
6,1597,533
1047,1598,533
89,1599,533
117,1600,534
1055,1601,534
941,1602,534
972,1603,535
1037,1604,535
998,1605,535
88,1606,536
1047,1607,536
6,1608,536
968,1609,537
1037,1610,537
969,1611,537
1002,1612,538
1051,1613,538
943,1614,538
1035,1615,539
1061,1616,539
1009,1617,539
106,1618,540
1025,1619,540
953,1620,540
992,1621,541
1039,1622,541
119,1623,541
959,1624,542
1026,1625,542
960,1626,542
1005,1627,543
1046,1628,543
976,1629,543
108,1630,544
1054,1631,544
107,1632,544
980,1633,545
1020,1634,545
1019,1635,545
79,1636,546
1028,1637,546
80,1638,546
104,1639,547
1030,1640,547
105,1641,547
1022,1642,548
1036,1643,548
949,1644,548
109,1645,549
1032,1646,549
1018,1647,549
990,1648,550
1056,1649,550
986,1650,550
107,1651,551
1051,1652,551
956,1653,551
1028,1654,552
1044,1655,552
1004,1656,552
943,1657,553
1051,1658,553
106,1659,553
1030,1660,554
1049,1661,554
1001,1662,554
952,1663,555
1047,1664,555
1006,1665,555
983,1666,556
1045,1667,556
1025,1668,556
1023,1669,557
1054,1670,557
108,1671,557
967,1672,558
1027,1673,558
965,1674,558
941,1675,559
1029,1676,559
1009,1677,559
992,1678,560
1061,1679,560
1039,1680,560
954,1681,561
1044,1682,561
101,1683,561
108,1684,562
1032,1685,562
109,1686,562
1039,1687,563
1061,1688,563
1003,1689,563
1006,1690,564
1047,1691,564
88,1692,564
1031,1693,565
1033,1694,565
100,1695,565
25,1696,566
1039,1697,566
1003,1698,566
101,1699,567
1033,1700,567
949,1701,567
1003,1702,568
1035,1703,568
947,1704,568
1008,1705,569
1058,1706,569
946,1707,569
960,1708,570
1057,1709,570
1050,1710,570
1050,1711,571
1057,1712,571
1020,1713,571
1029,1714,572
1055,1715,572
989,1716,572
109,1717,573
1053,1718,573
108,1719,573
98,1720,574
1034,1721,574
78,1722,574
975,1723,575
1042,1724,575
1000,1725,575
969,1726,576
1037,1727,576
972,1728,576
989,1729,577
1055,1730,577
984,1731,577
949,1732,578
1036,1733,578
1011,1734,578
991,1735,579
1045,1736,579
961,1737,579
1008,1738,580
1043,1739,580
958,1740,580
108,1741,581
1053,1742,581
1023,1743,581
1026,1744,582
1057,1745,582
960,1746,582
1000,1747,583
1042,1748,583
1002,1749,583
999,1750,584
1036,1751,584
982,1752,584
1013,1753,585
1041,1754,585
954,1755,585
981,1756,586
1038,1757,586
1012,1758,586
1015,1759,587
1049,1760,587
999,1761,587
995,1762,588
1057,1763,588
1026,1764,588
958,1765,589
1043,1766,589
1021,1767,589
982,1768,590
1036,1769,590
1022,1770,590
959,1771,591
1040,1772,591
1026,1773,591
998,1774,592
1056,1775,592
975,1776,592
985,1777,593
1058,1778,593
1008,1779,593
994,1780,594
1033,1781,594
1031,1782,594
101,1783,595
1044,1784,595
100,1785,595
100,1786,596
1044,1787,596
1028,1788,596
1007,1789,597
1052,1790,597
980,1791,597
1001,1792,598
1049,1793,598
1015,1794,598
86,1795,599
1050,1796,599
945,1797,599
89,1798,600
1047,1799,600
952,1800,600
976,1801,601
1046,1802,601
1007,1803,601
1019,1804,602
1057,1805,602
995,1806,602
956,1807,603
1060,1808,603
1032,1809,603
106,1810,604
1051,1811,604
107,1812,604
1020,1813,605
1057,1814,605
1019,1815,605
1038,1816,606
1059,1817,606
962,1818,606
1020,1819,607
1052,1820,607
945,1821,607
1024,1822,608
1040,1823,608
959,1824,608
945,1825,609
1050,1826,609
1020,1827,609
1025,1828,610
1045,1829,610
953,1830,610
93,1831,611
1059,1832,611
944,1833,611
1016,1834,612
1060,1835,612
956,1836,612
107,1837,613
1054,1838,613
1025,1839,613
946,1840,614
1058,1841,614
1013,1842,614
980,1843,615
1052,1844,615
1020,1845,615
1009,1846,616
1061,1847,616
992,1848,616
983,1849,617
1054,1850,617
1023,1851,617
1025,1852,618
1054,1853,618
983,1854,618
941,1855,619
1055,1856,619
1029,1857,619
1013,1858,620
1058,1859,620
1041,1860,620
1041,1861,621
1058,1862,621
985,1863,621
1008,1864,622
1048,1865,622
1043,1866,622
1043,1867,623
1048,1868,623
991,1869,623
1032,1870,624
1060,1871,624
996,1872,624
1003,1873,625
1061,1874,625
1035,1875,625
944,1876,626
1059,1877,626
1038,1878,626
110,1879,627
2,1880,627
35,1881,627
5,1882,628
98,1883,628
78,1884,628
109,1885,629
35,1886,629
34,1887,629
109,1888,630
110,1889,630
35,1890,630
1073,1891,631
1110,1892,631
39,1893,631
1091,1894,632
1113,1895,632
1111,1896,632
1073,1897,633
1115,1898,633
1110,1899,633
1080,1900,634
1081,1901,634
1074,1902,634
1114,1903,635
1186,1904,635
1071,1905,635
1111,1906,636
1159,1907,636
1091,1908,636
1117,1909,637
1133,1910,637
1118,1911,637
1133,1912,638
1144,1913,638
1118,1914,638
1071,1915,639
1186,1916,639
125,1917,639
158,1918,640
1080,1919,640
1074,1920,640
1108,1921,641
1128,1922,641
1112,1923,641
1110,1924,642
1121,1925,642
1062,1926,642
1108,1927,643
1112,1928,643
1074,1929,643
133,1930,644
1117,1931,644
1078,1932,644
128,1933,645
1106,1934,645
127,1935,645
1117,1936,646
1118,1937,646
1078,1938,646
1065,1939,647
1129,1940,647
1087,1941,647
1125,1942,648
1139,1943,648
1079,1944,648
1066,1945,649
1124,1946,649
1123,1947,649
1071,1948,650
1161,1949,650
1114,1950,650
157,1951,651
1167,1952,651
1158,1953,651
1063,1954,652
1134,1955,652
1122,1956,652
1130,1957,653
1174,1958,653
1131,1959,653
128,1960,654
1145,1961,654
1106,1962,654
1131,1963,655
1169,1964,655
1130,1965,655
1140,1966,656
1152,1967,656
151,1968,656
1062,1969,657
1121,1970,657
1111,1971,657
157,1972,658
1158,1973,658
1080,1974,658
1103,1975,659
1142,1976,659
1102,1977,659
1142,1978,660
1156,1979,660
1102,1980,660
1148,1981,661
1150,1982,661
1113,1983,661
1087,1984,662
1129,1985,662
1099,1986,662
1101,1987,663
1150,1988,663
1148,1989,663
127,1990,664
1106,1991,664
1084,1992,664
1078,1993,665
1152,1994,665
1140,1995,665
1112,1996,666
1180,1997,666
160,1998,666
151,1999,667
1175,2000,667
129,2001,667
41,2002,668
1107,2003,668
42,2004,668
1125,2005,669
1164,2006,669
1139,2007,669
1133,2008,670
1160,2009,670
1104,2010,670
141,2011,671
1155,2012,671
1149,2013,671
1066,2014,672
1151,2015,672
1124,2016,672
39,2017,673
1110,2018,673
40,2019,673
1130,2020,674
1169,2021,674
1075,2022,674
162,2023,675
1155,2024,675
163,2025,675
1123,2026,676
1125,2027,676
1066,2028,676
159,2029,677
1112,2030,677
160,2031,677
127,2032,678
1084,2033,678
126,2034,678
137,2035,679
1129,2036,679
1065,2037,679
1068,2038,680
1174,2039,680
1130,2040,680
1072,2041,681
1154,2042,681
1144,2043,681
1107,2044,682
1178,2045,682
42,2046,682
1091,2047,683
1148,2048,683
1113,2049,683
1149,2050,684
1155,2051,684
162,2052,684
1105,2053,685
1133,2054,685
1104,2055,685
155,2056,686
1119,2057,686
156,2058,686
160,2059,687
1180,2060,687
1127,2061,687
140,2062,688
1155,2063,688
141,2064,688
134,2065,689
1117,2066,689
133,2067,689
1102,2068,690
1132,2069,690
1101,2070,690
1122,2071,691
1171,2072,691
1063,2073,691
1081,2074,692
1108,2075,692
1074,2076,692
1067,2077,693
1160,2078,693
1133,2079,693
1080,2080,694
1114,2081,694
1081,2082,694
1110,2083,695
1179,2084,695
1121,2085,695
1144,2086,696
1154,2087,696
1118,2088,696
1075,2089,697
1129,2090,697
138,2091,697
43,2092,698
1116,2093,698
44,2094,698
1079,2095,699
1173,2096,699
1125,2097,699
1083,2098,700
1172,2099,700
123,2100,700
44,2101,701
1162,2102,701
1,2103,701
2,2104,702
140,2105,702
36,2106,702
152,2107,703
8,2108,703
131,2109,703
123,2110,704
1172,2111,704
122,2112,704
38,2113,705
1120,2114,705
1073,2115,705
1,2116,706
1162,2117,706
153,2118,706
1085,2119,707
1183,2120,707
136,2121,707
1120,2122,708
1184,2123,708
1073,2124,708
151,2125,709
1152,2126,709
150,2127,709
136,2128,710
1183,2129,710
135,2130,710
121,2131,711
1130,2132,711
120,2133,711
153,2134,712
1126,2135,712
154,2136,712
1119,2137,713
1147,2138,713
156,2139,713
124,2140,714
1158,2141,714
1082,2142,714
1073,2143,715
1139,2144,715
1115,2145,715
1115,2146,716
1164,2147,716
1098,2148,716
1086,2149,717
1135,2150,717
1085,2151,717
1081,2152,718
1109,2153,718
1108,2154,718
1102,2155,719
1156,2156,719
1132,2157,719
1109,2158,720
1168,2159,720
1108,2160,720
1127,2161,721
1149,2162,721
161,2163,721
1098,2164,722
1179,2165,722
1115,2166,722
1068,2167,723
1130,2168,723
121,2169,723
141,2170,724
1149,2171,724
142,2172,724
154,2173,725
1126,2174,725
1070,2175,725
158,2176,726
1074,2177,726
159,2178,726
122,2179,727
1068,2180,727
121,2181,727
126,2182,728
1071,2183,728
125,2184,728
1132,2185,729
1150,2186,729
1101,2187,729
1070,2188,730
1119,2189,730
155,2190,730
160,2191,731
1127,2192,731
161,2193,731
1074,2194,732
1112,2195,732
159,2196,732
37,2197,733
1141,2198,733
1120,2199,733
1078,2200,734
1140,2201,734
132,2202,734
1100,2203,735
1131,2204,735
1103,2205,735
154,2206,736
1070,2207,736
155,2208,736
1139,2209,737
1164,2210,737
1115,2211,737
126,2212,738
1084,2213,738
1071,2214,738
143,2215,739
1079,2216,739
142,2217,739
1095,2218,740
1121,2219,740
1098,2220,740
149,2221,741
1072,2222,741
148,2223,741
147,2224,742
1063,2225,742
146,2226,742
145,2227,743
1066,2228,743
144,2229,743
157,2230,744
1080,2231,744
158,2232,744
1088,2233,745
1089,2234,745
1086,2235,745
42,2236,746
1064,2237,746
43,2238,746
1141,2239,747
1153,2240,747
1120,2241,747
1088,2242,748
1091,2243,748
1089,2244,748
1096,2245,749
1104,2246,749
1093,2247,749
137,2248,750
1065,2249,750
136,2250,750
124,2251,751
1082,2252,751
123,2253,751
40,2254,752
1062,2255,752
41,2256,752
1091,2257,753
1092,2258,753
1089,2259,753
1065,2260,754
1086,2261,754
1085,2262,754
135,2263,755
1067,2264,755
134,2265,755
1095,2266,756
1098,2267,756
1097,2268,756
1065,2269,757
1085,2270,757
136,2271,757
1082,2272,758
1083,2273,758
123,2274,758
1062,2275,759
1107,2276,759
41,2277,759
1124,2278,760
1138,2279,760
1097,2280,760
1062,2281,761
1111,2282,761
1107,2283,761
1100,2284,762
1101,2285,762
1090,2286,762
1092,2287,763
1095,2288,763
1094,2289,763
1092,2290,764
1093,2291,764
1089,2292,764
38,2293,765
1073,2294,765
39,2295,765
1073,2296,766
1184,2297,766
1139,2298,766
147,2299,767
1134,2300,767
1063,2301,767
1096,2302,768
1105,2303,768
1104,2304,768
40,2305,769
1110,2306,769
1062,2307,769
37,2308,770
1120,2309,770
38,2310,770
1095,2311,771
1097,2312,771
1094,2313,771
1098,2314,772
1123,2315,772
1097,2316,772
133,2317,773
1078,2318,773
132,2319,773
1094,2320,774
1096,2321,774
1093,2322,774
138,2323,775
1129,2324,775
137,2325,775
1123,2326,776
1124,2327,776
1097,2328,776
1111,2329,777
1113,2330,777
1107,2331,777
1092,2332,778
1094,2333,778
1093,2334,778
1096,2335,779
1122,2336,779
1105,2337,779
145,2338,780
1069,2339,780
146,2340,780
1067,2341,781
1117,2342,781
134,2343,781
147,2344,782
1076,2345,782
148,2346,782
1087,2347,783
1088,2348,783
1086,2349,783
1065,2350,784
1087,2351,784
1086,2352,784
1100,2353,785
1102,2354,785
1101,2355,785
139,2356,786
1075,2357,786
138,2358,786
148,2359,787
1134,2360,787
147,2361,787
1089,2362,788
1135,2363,788
1086,2364,788
143,2365,789
1077,2366,789
144,2367,789
1087,2368,790
1099,2369,790
1090,2370,790
1087,2371,791
1090,2372,791
1088,2373,791
1069,2374,792
1136,2375,792
146,2376,792
1067,2377,793
1133,2378,793
1117,2379,793
1099,2380,794
1131,2381,794
1100,2382,794
1099,2383,795
1100,2384,795
1090,2385,795
1072,2386,796
1134,2387,796
148,2388,796
146,2389,797
1136,2390,797
147,2391,797
1100,2392,798
1103,2393,798
1102,2394,798
1064,2395,799
1132,2396,799
1116,2397,799
1064,2398,800
1116,2399,800
43,2400,800
1137,2401,801
1177,2402,801
1109,2403,801
1104,2404,802
1135,2405,802
1093,2406,802
1109,2407,803
1161,2408,803
1137,2409,803
1168,2410,804
1182,2411,804
1108,2412,804
1109,2413,805
1177,2414,805
1168,2415,805
1121,2416,806
1159,2417,806
1111,2418,806
1106,2419,807
1166,2420,807
1084,2421,807
124,2422,808
1186,2423,808
1158,2424,808
1101,2425,809
1148,2426,809
1090,2427,809
147,2428,810
1136,2429,810
1076,2430,810
1093,2431,811
1135,2432,811
1089,2433,811
129,2434,812
1175,2435,812
128,2436,812
1088,2437,813
1148,2438,813
1091,2439,813
1097,2440,814
1138,2441,814
1094,2442,814
1096,2443,815
1138,2444,815
1122,2445,815
141,2446,816
1141,2447,816
140,2448,816
152,2449,817
1140,2450,817
151,2451,817
1077,2452,818
1165,2453,818
1127,2454,818
1134,2455,819
1157,2456,819
1122,2457,819
1075,2458,820
1169,2459,820
1129,2460,820
132,2461,821
1140,2462,821
131,2463,821
36,2464,822
1141,2465,822
37,2466,822
1070,2467,823
1142,2468,823
1119,2469,823
148,2470,824
1146,2471,824
149,2472,824
1063,2473,825
1151,2474,825
146,2475,825
145,2476,826
1151,2477,826
1066,2478,826
1135,2479,827
1160,2480,827
1085,2481,827
128,2482,828
1175,2483,828
1145,2484,828
150,2485,829
1154,2486,829
149,2487,829
1118,2488,830
1152,2489,830
1078,2490,830
1079,2491,831
1153,2492,831
142,2493,831
140,2494,832
1141,2495,832
36,2496,832
131,2497,833
1140,2498,833
152,2499,833
1084,2500,834
1137,2501,834
1071,2502,834
1094,2503,835
1138,2504,835
1096,2505,835
1128,2506,836
1163,2507,836
1077,2508,836
1070,2509,837
1156,2510,837
1142,2511,837
1105,2512,838
1144,2513,838
1133,2514,838
1063,2515,839
1171,2516,839
1151,2517,839
7,2518,840
1170,2519,840
139,2520,840
42,2521,841
1178,2522,841
1064,2523,841
1095,2524,842
1159,2525,842
1121,2526,842
120,2527,843
1170,2528,843
7,2529,843
1091,2530,844
1159,2531,844
1092,2532,844
1137,2533,845
1161,2534,845
1071,2535,845
1163,2536,846
1182,2537,846
1069,2538,846
1125,2539,847
1173,2540,847
1066,2541,847
1156,2542,848
1185,2543,848
1132,2544,848
1076,2545,849
1146,2546,849
148,2547,849
1116,2548,850
1162,2549,850
44,2550,850
1082,2551,851
1147,2552,851
1083,2553,851
1129,2554,852
1169,2555,852
1099,2556,852
149,2557,853
1176,2558,853
150,2559,853
1103,2560,854
1143,2561,854
1142,2562,854
1077,2563,855
1180,2564,855
1128,2565,855
161,2566,856
1149,2567,856
162,2568,856
156,2569,857
1167,2570,857
157,2571,857
146,2572,858
1151,2573,858
145,2574,858
1144,2575,859
1157,2576,859
1072,2577,859
141,2578,860
1153,2579,860
1141,2580,860
1115,2581,861
1179,2582,861
1110,2583,861
145,2584,862
1163,2585,862
1069,2586,862
143,2587,863
1173,2588,863
1079,2589,863
1127,2590,864
1165,2591,864
1149,2592,864
1066,2593,865
1173,2594,865
144,2595,865
1151,2596,866
1171,2597,866
1124,2598,866
1075,2599,867
1170,2600,867
1130,2601,867
1146,2602,868
1166,2603,868
1106,2604,868
1090,2605,869
1148,2606,869
1088,2607,869
1077,2608,870
1163,2609,870
144,2610,870
150,2611,871
1176,2612,871
1145,2613,871
1064,2614,872
1150,2615,872
1132,2616,872
1116,2617,873
1185,2618,873
1162,2619,873
1080,2620,874
1158,2621,874
1114,2622,874
143,2623,875
1165,2624,875
1077,2625,875
142,2626,876
1153,2627,876
141,2628,876
1162,2629,877
1185,2630,877
1126,2631,877
1130,2632,878
1170,2633,878
120,2634,878
1152,2635,879
1154,2636,879
150,2637,879
153,2638,880
1162,2639,880
1126,2640,880
149,2641,881
1154,2642,881
1072,2643,881
1128,2644,882
1180,2645,882
1112,2646,882
1126,2647,883
1156,2648,883
1070,2649,883
1127,2650,884
1180,2651,884
1077,2652,884
1083,2653,885
1181,2654,885
1172,2655,885
1172,2656,886
1181,2657,886
1143,2658,886
1150,2659,887
1178,2660,887
1113,2661,887
150,2662,888
1175,2663,888
151,2664,888
1114,2665,889
1161,2666,889
1081,2667,889
163,2668,890
1155,2669,890
140,2670,890
1098,2671,891
1164,2672,891
1123,2673,891
1092,2674,892
1159,2675,892
1095,2676,892
1128,2677,893
1182,2678,893
1163,2679,893
1113,2680,894
1178,2681,894
1107,2682,894
1081,2683,895
1161,2684,895
1109,2685,895
1145,2686,896
1175,2687,896
150,2688,896
1147,2689,897
1167,2690,897
156,2691,897
1147,2692,898
1181,2693,898
1083,2694,898
1123,2695,899
1164,2696,899
1125,2697,899
1072,2698,900
1157,2699,900
1134,2700,900
1122,2701,901
1157,2702,901
1105,2703,901
1104,2704,902
1160,2705,902
1135,2706,902
1138,2707,903
1171,2708,903
1122,2709,903
1119,2710,904
1181,2711,904
1147,2712,904
1105,2713,905
1157,2714,905
1144,2715,905
1121,2716,906
1179,2717,906
1098,2718,906
144,2719,907
1163,2720,907
145,2721,907
1084,2722,908
1166,2723,908
1137,2724,908
1118,2725,909
1154,2726,909
1152,2727,909
142,2728,910
1165,2729,910
143,2730,910
1149,2731,911
1165,2732,911
142,2733,911
1166,2734,912
1177,2735,912
1137,2736,912
1131,2737,913
1174,2738,913
1103,2739,913
1069,2740,914
1168,2741,914
1136,2742,914
1108,2743,915
1182,2744,915
1128,2745,915
1124,2746,916
1171,2747,916
1138,2748,916
122,2749,917
1172,2750,917
1068,2751,917
139,2752,918
1170,2753,918
1075,2754,918
1099,2755,919
1169,2756,919
1131,2757,919
1142,2758,920
1181,2759,920
1119,2760,920
1079,2761,921
1184,2762,921
1153,2763,921
144,2764,922
1173,2765,922
143,2766,922
1143,2767,923
1181,2768,923
1142,2769,923
1158,2770,924
1186,2771,924
1114,2772,924
1160,2773,925
1183,2774,925
1085,2775,925
1143,2776,926
1174,2777,926
1068,2778,926
1068,2779,927
1172,2780,927
1143,2781,927
125,2782,928
1186,2783,928
124,2784,928
1076,2785,929
1166,2786,929
1146,2787,929
135,2788,930
1183,2789,930
1067,2790,930
1076,2791,931
1177,2792,931
1166,2793,931
1146,2794,932
1176,2795,932
149,2796,932
1082,2797,933
1167,2798,933
1147,2799,933
1139,2800,934
1184,2801,934
1079,2802,934
1103,2803,935
1174,2804,935
1143,2805,935
1136,2806,936
1177,2807,936
1076,2808,936
1168,2809,937
1177,2810,937
1136,2811,937
1132,2812,938
1185,2813,938
1116,2814,938
1145,2815,939
1176,2816,939
1106,2817,939
1158,2818,940
1167,2819,940
1082,2820,940
1106,2821,941
1176,2822,941
1146,2823,941
1064,2824,942
1178,2825,942
1150,2826,942
1153,2827,943
1184,2828,943
1120,2829,943
1126,2830,944
1185,2831,944
1156,2832,944
1069,2833,945
1182,2834,945
1168,2835,945
1067,2836,946
1183,2837,946
1160,2838,946
2,2839,947
163,2840,947
140,2841,947
152,2842,948
130,2843,948
8,2844,948
151,2845,949
129,2846,949
130,2847,949
151,2848,950
130,2849,950
152,2850,950
1198,2851,951
1234,2852,951
169,2853,951
1216,2854,952
1237,2855,952
1235,2856,952
1198,2857,953
1238,2858,953
1234,2859,953
1205,2860,954
1268,2861,954
1236,2862,954
1243,2863,955
1273,2864,955
1193,2865,955
1245,2866,956
1252,2867,956
1202,2868,956
1235,2869,957
1285,2870,957
1216,2871,957
1273,2872,958
1299,2873,958
1193,2874,958
1241,2875,959
1258,2876,959
1242,2877,959
1236,2878,960
1259,2879,960
1205,2880,960
181,2881,961
1289,2882,961
1208,2883,961
1202,2884,962
1288,2885,962
1245,2886,962
1205,2887,963
1259,2888,963
203,2889,963
181,2890,964
1208,2891,964
180,2892,964
1258,2893,965
1269,2894,965
1242,2895,965
178,2896,966
1236,2897,966
1196,2898,966
202,2899,967
1205,2900,967
203,2901,967
1234,2902,968
1246,2903,968
1187,2904,968
64,2905,969
1241,2906,969
1203,2907,969
176,2908,970
1231,2909,970
175,2910,970
1241,2911,971
1242,2912,971
1203,2913,971
1190,2914,972
1253,2915,972
1212,2916,972
1199,2917,973
1245,2918,973
1233,2919,973
1250,2920,974
1265,2921,974
1204,2922,974
1236,2923,975
1268,2924,975
1196,2925,975
1191,2926,976
1249,2927,976
1248,2928,976
1273,2929,977
1304,2930,977
1208,2931,977
1239,2932,978
1297,2933,978
1201,2934,978
1254,2935,979
1299,2936,979
1255,2937,979
1188,2938,980
1260,2939,980
1247,2940,980
1231,2941,981
1270,2942,981
175,2943,981
1243,2944,982
1304,2945,982
1273,2946,982
1255,2947,983
1294,2948,983
1254,2949,983
1266,2950,984
1278,2951,984
195,2952,984
1187,2953,985
1246,2954,985
1235,2955,985
1206,2956,986
1268,2957,986
1205,2958,986
1194,2959,987
1263,2960,987
1256,2961,987
1274,2962,988
1276,2963,988
1237,2964,988
1212,2965,989
1253,2966,989
1224,2967,989
1226,2968,990
1276,2969,990
1274,2970,990
1209,2971,991
1231,2972,991
176,2973,991
1201,2974,992
1293,2975,992
1239,2976,992
1240,2977,993
1284,2978,993
1251,2979,993
1203,2980,994
1278,2981,994
1266,2982,994
174,2983,995
1300,2984,995
185,2985,995
167,2986,996
1232,2987,996
166,2988,996
1250,2989,997
1290,2990,997
1265,2991,997
1258,2992,998
1286,2993,998
1229,2994,998
1275,2995,999
1282,2996,999
195,2997,999
1263,2998,1000
1297,2999,1000
1256,3000,1000
1191,3001,1001
1277,3002,1001
1249,3003,1001
169,3004,1002
1234,3005,1002
168,3006,1002
1257,3007,1003
1284,3008,1003
1240,3009,1003
201,3010,1004
1245,3011,1004
1199,3012,1004
1254,3013,1005
1294,3014,1005
1200,3015,1005
197,3016,1006
1282,3017,1006
198,3018,1006
1248,3019,1007
1250,3020,1007
1191,3021,1007
177,3022,1008
1209,3023,1008
176,3024,1008
60,3025,1009
1253,3026,1009
1190,3027,1009
1193,3028,1010
1299,3029,1010
1254,3030,1010
1197,3031,1011
1281,3032,1011
1269,3033,1011
1232,3034,1012
1302,3035,1012
166,3036,1012
1216,3037,1013
1274,3038,1013
1237,3039,1013
198,3040,1014
1282,3041,1014
1275,3042,1014
1230,3043,1015
1258,3044,1015
1229,3045,1015
205,3046,1016
1243,3047,1016
1193,3048,1016
195,3049,1017
1282,3050,1017
196,3051,1017
63,3052,1018
1241,3053,1018
64,3054,1018
1227,3055,1019
1257,3056,1019
1226,3057,1019
1247,3058,1020
1296,3059,1020
1188,3060,1020
1196,3061,1021
1291,3062,1021
1239,3063,1021
200,3064,1022
1252,3065,1022
1245,3066,1022
1192,3067,1023
1286,3068,1023
1258,3069,1023
1234,3070,1024
1303,3071,1024
1246,3072,1024
1269,3073,1025
1281,3074,1025
1242,3075,1025
1195,3076,1026
1289,3077,1026
181,3078,1026
1268,3079,1027
1291,3080,1027
1196,3081,1027
1200,3082,1028
1253,3083,1028
59,3084,1028
165,3085,1029
1240,3086,1029
164,3087,1029
1204,3088,1030
1298,3089,1030
1250,3090,1030
164,3091,1031
1287,3092,1031
9,3093,1031
10,3094,1032
184,3095,1032
172,3096,1032
196,3097,1033
3,3098,1033
66,3099,1033
170,3100,1034
1244,3101,1034
1198,3102,1034
9,3103,1035
1287,3104,1035
183,3105,1035
1201,3106,1036
1297,3107,1036
1263,3108,1036
1245,3109,1037
1288,3110,1037
1233,3111,1037
1210,3112,1038
1306,3113,1038
61,3114,1038
1244,3115,1039
1307,3116,1039
1198,3117,1039
195,3118,1040
1278,3119,1040
194,3120,1040
61,3121,1041
1306,3122,1041
62,3123,1041
206,3124,1042
1254,3125,1042
207,3126,1042
183,3127,1043
1251,3128,1043
182,3129,1043
1208,3130,1044
1289,3131,1044
1273,3132,1044
1198,3133,1045
1265,3134,1045
1238,3135,1045
1238,3136,1046
1290,3137,1046
1223,3138,1046
1211,3139,1047
1261,3140,1047
1210,3141,1047
199,3142,1048
1275,3143,1048
1252,3144,1048
1223,3145,1049
1303,3146,1049
1238,3147,1049
1193,3148,1050
1254,3149,1050
206,3150,1050
194,3151,1051
1275,3152,1051
195,3153,1051
182,3154,1052
1251,3155,1052
1195,3156,1052
1196,3157,1053
1239,3158,1053
1209,3159,1053
201,3160,1054
1199,3161,1054
202,3162,1054
205,3163,1055
1193,3164,1055
206,3165,1055
204,3166,1056
1243,3167,1056
205,3168,1056
178,3169,1057
1196,3170,1057
177,3171,1057
1199,3172,1058
1205,3173,1058
202,3174,1058
1257,3175,1059
1276,3176,1059
1226,3177,1059
200,3178,1060
1245,3179,1060
201,3180,1060
199,3181,1061
1252,3182,1061
200,3183,1061
171,3184,1062
1267,3185,1062
1244,3186,1062
1203,3187,1063
1266,3188,1063
65,3189,1063
1233,3190,1064
1256,3191,1064
1206,3192,1064
1199,3193,1065
1233,3194,1065
1206,3195,1065
1225,3196,1066
1255,3197,1066
1228,3198,1066
182,3199,1067
1195,3200,1067
181,3201,1067
1265,3202,1068
1290,3203,1068
1238,3204,1068
1196,3205,1069
1209,3206,1069
177,3207,1069
1199,3208,1070
1206,3209,1070
1205,3210,1070
187,3211,1071
1204,3212,1071
186,3213,1071
1220,3214,1072
1246,3215,1072
1223,3216,1072
193,3217,1073
1197,3218,1073
192,3219,1073
191,3220,1074
1188,3221,1074
190,3222,1074
189,3223,1075
1191,3224,1075
188,3225,1075
1213,3226,1076
1214,3227,1076
1211,3228,1076
179,3229,1077
1236,3230,1077
178,3231,1077
166,3232,1078
1189,3233,1078
165,3234,1078
1267,3235,1079
1279,3236,1079
1244,3237,1079
1213,3238,1080
1216,3239,1080
1214,3240,1080
1221,3241,1081
1229,3242,1081
1218,3243,1081
60,3244,1082
1190,3245,1082
61,3246,1082
180,3247,1083
1207,3248,1083
179,3249,1083
168,3250,1084
1187,3251,1084
167,3252,1084
1216,3253,1085
1217,3254,1085
1214,3255,1085
1190,3256,1086
1211,3257,1086
1210,3258,1086
62,3259,1087
1192,3260,1087
63,3261,1087
1220,3262,1088
1223,3263,1088
1222,3264,1088
1190,3265,1089
1210,3266,1089
61,3267,1089
1187,3268,1090
1232,3269,1090
167,3270,1090
1249,3271,1091
1264,3272,1091
1222,3273,1091
1187,3274,1092
1235,3275,1092
1232,3276,1092
1225,3277,1093
1226,3278,1093
1215,3279,1093
1217,3280,1094
1220,3281,1094
1219,3282,1094
1217,3283,1095
1218,3284,1095
1214,3285,1095
170,3286,1096
1198,3287,1096
169,3288,1096
1198,3289,1097
1307,3290,1097
1265,3291,1097
1197,3292,1098
1260,3293,1098
192,3294,1098
180,3295,1099
1208,3296,1099
1207,3297,1099
1221,3298,1100
1230,3299,1100
1229,3300,1100
168,3301,1101
1234,3302,1101
1187,3303,1101
171,3304,1102
1244,3305,1102
170,3306,1102
1220,3307,1103
1222,3308,1103
1219,3309,1103
1223,3310,1104
1248,3311,1104
1222,3312,1104
64,3313,1105
1203,3314,1105
65,3315,1105
1251,3316,1106
1284,3317,1106
1195,3318,1106
1219,3319,1107
1221,3320,1107
1218,3321,1107
59,3322,1108
1253,3323,1108
60,3324,1108
1248,3325,1109
1249,3326,1109
1222,3327,1109
1235,3328,1110
1237,3329,1110
1232,3330,1110
1217,3331,1111
1219,3332,1111
1218,3333,1111
1221,3334,1112
1247,3335,1112
1230,3336,1112
190,3337,1113
1194,3338,1113
191,3339,1113
1192,3340,1114
1241,3341,1114
63,3342,1114
188,3343,1115
1201,3344,1115
189,3345,1115
189,3346,1116
1263,3347,1116
190,3348,1116
1212,3349,1117
1213,3350,1117
1211,3351,1117
1190,3352,1118
1212,3353,1118
1211,3354,1118
1225,3355,1119
1227,3356,1119
1226,3357,1119
58,3358,1120
1200,3359,1120
59,3360,1120
192,3361,1121
1260,3362,1121
191,3363,1121
1214,3364,1122
1261,3365,1122
1211,3366,1122
192,3367,1123
1202,3368,1123
193,3369,1123
1212,3370,1124
1224,3371,1124
1215,3372,1124
1212,3373,1125
1215,3374,1125
1213,3375,1125
1192,3376,1126
1258,3377,1126
1241,3378,1126
1224,3379,1127
1255,3380,1127
1225,3381,1127
1224,3382,1128
1225,3383,1128
1215,3384,1128
191,3385,1129
1260,3386,1129
1188,3387,1129
1225,3388,1130
1228,3389,1130
1227,3390,1130
1194,3391,1131
1262,3392,1131
191,3393,1131
191,3394,1132
1262,3395,1132
192,3396,1132
1189,3397,1133
1257,3398,1133
1240,3399,1133
1189,3400,1134
1240,3401,1134
165,3402,1134
190,3403,1135
1263,3404,1135
1194,3405,1135
1201,3406,1136
1263,3407,1136
189,3408,1136
1229,3409,1137
1261,3410,1137
1218,3411,1137
1246,3412,1138
1285,3413,1138
1235,3414,1138
1209,3415,1139
1293,3416,1139
1231,3417,1139
1226,3418,1140
1274,3419,1140
1215,3420,1140
1195,3421,1141
1284,3422,1141
1272,3423,1141
204,3424,1142
1304,3425,1142
1243,3426,1142
1218,3427,1143
1261,3428,1143
1214,3429,1143
175,3430,1144
1300,3431,1144
174,3432,1144
1213,3433,1145
1274,3434,1145
1216,3435,1145
192,3436,1146
1262,3437,1146
1202,3438,1146
1222,3439,1147
1264,3440,1147
1219,3441,1147
1221,3442,1148
1264,3443,1148
1247,3444,1148
185,3445,1149
1267,3446,1149
184,3447,1149
196,3448,1150
1266,3449,1150
195,3450,1150
1252,3451,1151
1292,3452,1151
1202,3453,1151
1200,3454,1152
1294,3455,1152
1253,3456,1152
65,3457,1153
1266,3458,1153
66,3459,1153
172,3460,1154
1267,3461,1154
171,3462,1154
1260,3463,1155
1283,3464,1155
1247,3465,1155
187,3466,1156
1271,3467,1156
188,3468,1156
1188,3469,1157
1277,3470,1157
190,3471,1157
189,3472,1158
1277,3473,1158
1191,3474,1158
1261,3475,1159
1286,3476,1159
1210,3477,1159
1270,3478,1160
1300,3479,1160
175,3480,1160
1259,3481,1161
1280,3482,1161
203,3483,1161
194,3484,1162
1281,3485,1162
193,3486,1162
1242,3487,1163
1278,3488,1163
1203,3489,1163
1204,3490,1164
1279,3491,1164
186,3492,1164
184,3493,1165
1267,3494,1165
172,3495,1165
66,3496,1166
1266,3497,1166
196,3498,1166
1219,3499,1167
1264,3500,1167
1221,3501,1167
1230,3502,1168
1269,3503,1168
1258,3504,1168
1188,3505,1169
1296,3506,1169
1277,3507,1169
1251,3508,1170
1287,3509,1170
1240,3510,1170
1228,3511,1171
1299,3512,1171
1273,3513,1171
4,3514,1172
1295,3515,1172
58,3516,1172
166,3517,1173
1302,3518,1173
1189,3519,1173
1220,3520,1174
1285,3521,1174
1246,3522,1174
207,3523,1175
1295,3524,1175
4,3525,1175
1216,3526,1176
1285,3527,1176
1217,3528,1176
1250,3529,1177
1298,3530,1177
1191,3531,1177
1228,3532,1178
1273,3533,1178
1272,3534,1178
1280,3535,1179
1304,3536,1179
204,3537,1179
188,3538,1180
1271,3539,1180
1201,3540,1180
1253,3541,1181
1294,3542,1181
1224,3543,1181
186,3544,1182
1301,3545,1182
187,3546,1182
1240,3547,1183
1287,3548,1183
164,3549,1183
198,3550,1184
1275,3551,1184
199,3552,1184
190,3553,1185
1277,3554,1185
189,3555,1185
1269,3556,1186
1283,3557,1186
1197,3558,1186
185,3559,1187
1279,3560,1187
1267,3561,1187
1238,3562,1188
1303,3563,1188
1234,3564,1188
187,3565,1189
1298,3566,1189
1204,3567,1189
1275,3568,1190
1292,3569,1190
1252,3570,1190
1191,3571,1191
1298,3572,1191
188,3573,1191
1277,3574,1192
1296,3575,1192
1249,3576,1192
1200,3577,1193
1295,3578,1193
1254,3579,1193
1231,3580,1194
1293,3581,1194
1271,3582,1194
1270,3583,1195
1301,3584,1195
186,3585,1195
1215,3586,1196
1274,3587,1196
1213,3588,1196
1228,3589,1197
1272,3590,1197
1227,3591,1197
1189,3592,1198
1276,3593,1198
1257,3594,1198
1202,3595,1199
1292,3596,1199
193,3597,1199
203,3598,1200
1280,3599,1200
204,3600,1200
186,3601,1201
1279,3602,1201
185,3603,1201
1254,3604,1202
1295,3605,1202
207,3606,1202
1278,3607,1203
1281,3608,1203
194,3609,1203
183,3610,1204
1287,3611,1204
1251,3612,1204
1207,3613,1205
1280,3614,1205
1259,3615,1205
193,3616,1206
1281,3617,1206
1197,3618,1206
1256,3619,1207
1305,3620,1207
1194,3621,1207
1276,3622,1208
1302,3623,1208
1237,3624,1208
185,3625,1209
1300,3626,1209
186,3627,1209
196,3628,1210
1282,3629,1210
197,3630,1210
1223,3631,1211
1290,3632,1211
1248,3633,1211
1227,3634,1212
1284,3635,1212
1257,3636,1212
1217,3637,1213
1285,3638,1213
1220,3639,1213
1237,3640,1214
1302,3641,1214
1232,3642,1214
1197,3643,1215
1283,3644,1215
1260,3645,1215
1239,3646,1216
1293,3647,1216
1209,3648,1216
1256,3649,1217
1291,3650,1217
1206,3651,1217
186,3652,1218
1300,3653,1218
1270,3654,1218
1248,3655,1219
1290,3656,1219
1250,3657,1219
1247,3658,1220
1283,3659,1220
1230,3660,1220
1262,3661,1221
1288,3662,1221
1202,3663,1221
1229,3664,1222
1286,3665,1222
1261,3666,1222
1264,3667,1223
1296,3668,1223
1247,3669,1223
1208,3670,1224
1304,3671,1224
1207,3672,1224
1206,3673,1225
1291,3674,1225
1268,3675,1225
1230,3676,1226
1283,3677,1226
1269,3678,1226
1272,3679,1227
1284,3680,1227
1227,3681,1227
1273,3682,1228
1289,3683,1228
1272,3684,1228
1246,3685,1229
1303,3686,1229
1223,3687,1229
1233,3688,1230
1305,3689,1230
1256,3690,1230
1242,3691,1231
1281,3692,1231
1278,3693,1231
193,3694,1232
1292,3695,1232
194,3696,1232
194,3697,1233
1292,3698,1233
1275,3699,1233
1255,3700,1234
1299,3701,1234
1228,3702,1234
1249,3703,1235
1296,3704,1235
1264,3705,1235
58,3706,1236
1295,3707,1236
1200,3708,1236
1259,3709,1237
1308,3710,1237
1207,3711,1237
1224,3712,1238
1294,3713,1238
1255,3714,1238
1204,3715,1239
1307,3716,1239
1279,3717,1239
1272,3718,1240
1289,3719,1240
1195,3720,1240
188,3721,1241
1298,3722,1241
187,3723,1241
1286,3724,1242
1306,3725,1242
1210,3726,1242
179,3727,1243
1308,3728,1243
1236,3729,1243
1271,3730,1244
1293,3731,1244
1201,3732,1244
1207,3733,1245
1308,3734,1245
179,3735,1245
62,3736,1246
1306,3737,1246
1192,3738,1246
1265,3739,1247
1307,3740,1247
1204,3741,1247
187,3742,1248
1301,3743,1248
1271,3744,1248
1194,3745,1249
1305,3746,1249
1262,3747,1249
1207,3748,1250
1304,3749,1250
1280,3750,1250
1231,3751,1251
1301,3752,1251
1270,3753,1251
1236,3754,1252
1308,3755,1252
1259,3756,1252
1271,3757,1253
1301,3758,1253
1231,3759,1253
1189,3760,1254
1302,3761,1254
1276,3762,1254
1262,3763,1255
1305,3764,1255
1288,3765,1255
1288,3766,1256
1305,3767,1256
1233,3768,1256
1256,3769,1257
1297,3770,1257
1291,3771,1257
1279,3772,1258
1307,3773,1258
1244,3774,1258
1291,3775,1259
1297,3776,1259
1239,3777,1259
1192,3778,1260
1306,3779,1260
1286,3780,1260
185,3781,1261
173,3782,1261
174,3783,1261
173,3784,1262
185,3785,1262
184,3786,1262
10,3787,1263
173,3788,1263
184,3789,1263
196,3790,1264
197,3791,1264
3,3792,1264
1320,3793,1265
1357,3794,1265
235,3795,1265
1338,3796,1266
1360,3797,1266
1358,3798,1266
1320,3799,1267
1362,3800,1267
1357,3801,1267
1327,3802,1268
1328,3803,1268
1321,3804,1268
1361,3805,1269
1433,3806,1269
1318,3807,1269
1358,3808,1270
1406,3809,1270
1338,3810,1270
1364,3811,1271
1380,3812,1271
1365,3813,1271
1380,3814,1272
1391,3815,1272
1365,3816,1272
1318,3817,1273
1433,3818,1273
72,3819,1273
1355,3820,1274
1375,3821,1274
1359,3822,1274
83,3823,1275
1327,3824,1275
1321,3825,1275
1357,3826,1276
1368,3827,1276
1309,3828,1276
1355,3829,1277
1359,3830,1277
1321,3831,1277
214,3832,1278
1364,3833,1278
1325,3834,1278
69,3835,1279
1353,3836,1279
70,3837,1279
1364,3838,1280
1365,3839,1280
1325,3840,1280
1312,3841,1281
1376,3842,1281
1334,3843,1281
1372,3844,1282
1386,3845,1282
1326,3846,1282
1313,3847,1283
1371,3848,1283
1370,3849,1283
1318,3850,1284
1408,3851,1284
1361,3852,1284
84,3853,1285
1414,3854,1285
1405,3855,1285
1377,3856,1286
1421,3857,1286
1378,3858,1286
1310,3859,1287
1381,3860,1287
1369,3861,1287
69,3862,1288
1392,3863,1288
1353,3864,1288
1378,3865,1289
1416,3866,1289
1377,3867,1289
1387,3868,1290
1399,3869,1290
218,3870,1290
1309,3871,1291
1368,3872,1291
1358,3873,1291
84,3874,1292
1405,3875,1292
1327,3876,1292
1350,3877,1293
1389,3878,1293
1349,3879,1293
1389,3880,1294
1403,3881,1294
1349,3882,1294
1395,3883,1295
1397,3884,1295
1360,3885,1295
1334,3886,1296
1376,3887,1296
1346,3888,1296
1348,3889,1297
1397,3890,1297
1395,3891,1297
70,3892,1298
1353,3893,1298
1331,3894,1298
1325,3895,1299
1399,3896,1299
1387,3897,1299
1359,3898,1300
1427,3899,1300
81,3900,1300
218,3901,1301
1422,3902,1301
68,3903,1301
233,3904,1302
1354,3905,1302
232,3906,1302
1372,3907,1303
1411,3908,1303
1386,3909,1303
1380,3910,1304
1407,3911,1304
1351,3912,1304
228,3913,1305
1402,3914,1305
1396,3915,1305
1313,3916,1306
1398,3917,1306
1371,3918,1306
235,3919,1307
1357,3920,1307
234,3921,1307
1377,3922,1308
1416,3923,1308
1322,3924,1308
79,3925,1309
1402,3926,1309
78,3927,1309
1370,3928,1310
1372,3929,1310
1313,3930,1310
82,3931,1311
1359,3932,1311
81,3933,1311
70,3934,1312
1331,3935,1312
71,3936,1312
210,3937,1313
1376,3938,1313
1312,3939,1313
1315,3940,1314
1421,3941,1314
1377,3942,1314
1319,3943,1315
1401,3944,1315
1391,3945,1315
1354,3946,1316
1425,3947,1316
232,3948,1316
1338,3949,1317
1395,3950,1317
1360,3951,1317
1396,3952,1318
1402,3953,1318
79,3954,1318
1352,3955,1319
1380,3956,1319
1351,3957,1319
86,3958,1320
1366,3959,1320
85,3960,1320
81,3961,1321
1427,3962,1321
1374,3963,1321
229,3964,1322
1402,3965,1322
228,3966,1322
213,3967,1323
1364,3968,1323
214,3969,1323
1349,3970,1324
1379,3971,1324
1348,3972,1324
1369,3973,1325
1418,3974,1325
1310,3975,1325
1328,3976,1326
1355,3977,1326
1321,3978,1326
1314,3979,1327
1407,3980,1327
1380,3981,1327
1327,3982,1328
1361,3983,1328
1328,3984,1328
1357,3985,1329
1426,3986,1329
1368,3987,1329
1391,3988,1330
1401,3989,1330
1365,3990,1330
1322,3991,1331
1376,3992,1331
209,3993,1331
231,3994,1332
1363,3995,1332
230,3996,1332
1326,3997,1333
1420,3998,1333
1372,3999,1333
1330,4000,1334
1419,4001,1334
74,4002,1334
230,4003,1335
1409,4004,1335
6,4005,1335
229,4006,1336
238,4007,1336
5,4008,1336
3,4009,1337
216,4010,1337
217,4011,1337
74,4012,1338
1419,4013,1338
75,4014,1338
236,4015,1339
1367,4016,1339
1320,4017,1339
6,4018,1340
1409,4019,1340
88,4020,1340
1332,4021,1341
1430,4022,1341
211,4023,1341
1367,4024,1342
1431,4025,1342
1320,4026,1342
218,4027,1343
1399,4028,1343
219,4029,1343
211,4030,1344
1430,4031,1344
212,4032,1344
76,4033,1345
1377,4034,1345
77,4035,1345
88,4036,1346
1373,4037,1346
87,4038,1346
1366,4039,1347
1394,4040,1347
85,4041,1347
73,4042,1348
1405,4043,1348
1329,4044,1348
1320,4045,1349
1386,4046,1349
1362,4047,1349
1362,4048,1350
1411,4049,1350
1345,4050,1350
1333,4051,1351
1382,4052,1351
1332,4053,1351
1328,4054,1352
1356,4055,1352
1355,4056,1352
1349,4057,1353
1403,4058,1353
1379,4059,1353
1356,4060,1354
1415,4061,1354
1355,4062,1354
1374,4063,1355
1396,4064,1355
80,4065,1355
1345,4066,1356
1426,4067,1356
1362,4068,1356
1315,4069,1357
1377,4070,1357
76,4071,1357
228,4072,1358
1396,4073,1358
227,4074,1358
87,4075,1359
1373,4076,1359
1317,4077,1359
83,4078,1360
1321,4079,1360
82,4080,1360
75,4081,1361
1315,4082,1361
76,4083,1361
71,4084,1362
1318,4085,1362
72,4086,1362
1379,4087,1363
1397,4088,1363
1348,4089,1363
1317,4090,1364
1366,4091,1364
86,4092,1364
81,4093,1365
1374,4094,1365
80,4095,1365
1321,4096,1366
1359,4097,1366
82,4098,1366
237,4099,1367
1388,4100,1367
1367,4101,1367
1325,4102,1368
1387,4103,1368
215,4104,1368
1347,4105,1369
1378,4106,1369
1350,4107,1369
1386,4108,1370
1411,4109,1370
1362,4110,1370
87,4111,1371
1317,4112,1371
86,4113,1371
71,4114,1372
1331,4115,1372
1318,4116,1372
226,4117,1373
1326,4118,1373
227,4119,1373
1342,4120,1374
1368,4121,1374
1345,4122,1374
220,4123,1375
1319,4124,1375
221,4125,1375
222,4126,1376
1310,4127,1376
223,4128,1376
224,4129,1377
1313,4130,1377
225,4131,1377
84,4132,1378
1327,4133,1378
83,4134,1378
1335,4135,1379
1336,4136,1379
1333,4137,1379
232,4138,1380
1311,4139,1380
231,4140,1380
1388,4141,1381
1400,4142,1381
1367,4143,1381
1335,4144,1382
1338,4145,1382
1336,4146,1382
1343,4147,1383
1351,4148,1383
1340,4149,1383
210,4150,1384
1312,4151,1384
211,4152,1384
73,4153,1385
1329,4154,1385
74,4155,1385
234,4156,1386
1309,4157,1386
233,4158,1386
1338,4159,1387
1339,4160,1387
1336,4161,1387
1312,4162,1388
1333,4163,1388
1332,4164,1388
212,4165,1389
1314,4166,1389
213,4167,1389
1342,4168,1390
1345,4169,1390
1344,4170,1390
1312,4171,1391
1332,4172,1391
211,4173,1391
1329,4174,1392
1330,4175,1392
74,4176,1392
1309,4177,1393
1354,4178,1393
233,4179,1393
1371,4180,1394
1385,4181,1394
1344,4182,1394
1309,4183,1395
1358,4184,1395
1354,4185,1395
1347,4186,1396
1348,4187,1396
1337,4188,1396
1339,4189,1397
1342,4190,1397
1341,4191,1397
1339,4192,1398
1340,4193,1398
1336,4194,1398
236,4195,1399
1320,4196,1399
235,4197,1399
1320,4198,1400
1431,4199,1400
1386,4200,1400
1319,4201,1401
1381,4202,1401
221,4203,1401
1343,4204,1402
1352,4205,1402
1351,4206,1402
234,4207,1403
1357,4208,1403
1309,4209,1403
237,4210,1404
1367,4211,1404
236,4212,1404
1342,4213,1405
1344,4214,1405
1341,4215,1405
1345,4216,1406
1370,4217,1406
1344,4218,1406
214,4219,1407
1325,4220,1407
215,4221,1407
1341,4222,1408
1343,4223,1408
1340,4224,1408
209,4225,1409
1376,4226,1409
210,4227,1409
1370,4228,1410
1371,4229,1410
1344,4230,1410
1358,4231,1411
1360,4232,1411
1354,4233,1411
1339,4234,1412
1341,4235,1412
1340,4236,1412
1343,4237,1413
1369,4238,1413
1352,4239,1413
224,4240,1414
1316,4241,1414
223,4242,1414
1314,4243,1415
1364,4244,1415
213,4245,1415
222,4246,1416
1323,4247,1416
221,4248,1416
1334,4249,1417
1335,4250,1417
1333,4251,1417
1312,4252,1418
1334,4253,1418
1333,4254,1418
1347,4255,1419
1349,4256,1419
1348,4257,1419
208,4258,1420
1322,4259,1420
209,4260,1420
221,4261,1421
1381,4262,1421
222,4263,1421
1336,4264,1422
1382,4265,1422
1333,4266,1422
226,4267,1423
1324,4268,1423
225,4269,1423
1334,4270,1424
1346,4271,1424
1337,4272,1424
1334,4273,1425
1337,4274,1425
1335,4275,1425
1316,4276,1426
1383,4277,1426
223,4278,1426
1314,4279,1427
1380,4280,1427
1364,4281,1427
1346,4282,1428
1378,4283,1428
1347,4284,1428
1346,4285,1429
1347,4286,1429
1337,4287,1429
222,4288,1430
1381,4289,1430
1310,4290,1430
223,4291,1431
1383,4292,1431
222,4293,1431
1347,4294,1432
1350,4295,1432
1349,4296,1432
1311,4297,1433
1379,4298,1433
1363,4299,1433
1311,4300,1434
1363,4301,1434
231,4302,1434
1384,4303,1435
1424,4304,1435
1356,4305,1435
1351,4306,1436
1382,4307,1436
1340,4308,1436
1356,4309,1437
1408,4310,1437
1384,4311,1437
1415,4312,1438
1429,4313,1438
1355,4314,1438
1356,4315,1439
1424,4316,1439
1415,4317,1439
1368,4318,1440
1406,4319,1440
1358,4320,1440
1353,4321,1441
1413,4322,1441
1331,4323,1441
73,4324,1442
1433,4325,1442
1405,4326,1442
1348,4327,1443
1395,4328,1443
1337,4329,1443
222,4330,1444
1383,4331,1444
1323,4332,1444
1340,4333,1445
1382,4334,1445
1336,4335,1445
68,4336,1446
1422,4337,1446
69,4338,1446
1335,4339,1447
1395,4340,1447
1338,4341,1447
1344,4342,1448
1385,4343,1448
1341,4344,1448
1343,4345,1449
1385,4346,1449
1369,4347,1449
228,4348,1450
1388,4349,1450
229,4350,1450
217,4351,1451
1387,4352,1451
218,4353,1451
1324,4354,1452
1412,4355,1452
1374,4356,1452
1322,4357,1453
1416,4358,1453
1376,4359,1453
215,4360,1454
1387,4361,1454
216,4362,1454
238,4363,1455
1388,4364,1455
237,4365,1455
1381,4366,1456
1404,4367,1456
1369,4368,1456
1317,4369,1457
1389,4370,1457
1366,4371,1457
221,4372,1458
1393,4373,1458
220,4374,1458
1310,4375,1459
1398,4376,1459
223,4377,1459
224,4378,1460
1398,4379,1460
1313,4380,1460
1382,4381,1461
1407,4382,1461
1332,4383,1461
69,4384,1462
1422,4385,1462
1392,4386,1462
219,4387,1463
1401,4388,1463
220,4389,1463
1365,4390,1464
1399,4391,1464
1325,4392,1464
1326,4393,1465
1400,4394,1465
227,4395,1465
229,4396,1466
1388,4397,1466
238,4398,1466
216,4399,1467
1387,4400,1467
217,4401,1467
1341,4402,1468
1385,4403,1468
1343,4404,1468
1331,4405,1469
1384,4406,1469
1318,4407,1469
1375,4408,1470
1410,4409,1470
1324,4410,1470
1317,4411,1471
1403,4412,1471
1389,4413,1471
1352,4414,1472
1391,4415,1472
1380,4416,1472
1310,4417,1473
1418,4418,1473
1398,4419,1473
4,4420,1474
1417,4421,1474
208,4422,1474
232,4423,1475
1425,4424,1475
1311,4425,1475
1342,4426,1476
1406,4427,1476
1368,4428,1476
77,4429,1477
1417,4430,1477
4,4431,1477
1338,4432,1478
1406,4433,1478
1339,4434,1478
1384,4435,1479
1408,4436,1479
1318,4437,1479
1410,4438,1480
1429,4439,1480
1316,4440,1480
1372,4441,1481
1420,4442,1481
1313,4443,1481
1403,4444,1482
1432,4445,1482
1379,4446,1482
1323,4447,1483
1393,4448,1483
221,4449,1483
1363,4450,1484
1409,4451,1484
230,4452,1484
1329,4453,1485
1394,4454,1485
1330,4455,1485
1376,4456,1486
1416,4457,1486
1346,4458,1486
220,4459,1487
1423,4460,1487
219,4461,1487
1350,4462,1488
1390,4463,1488
1389,4464,1488
1324,4465,1489
1427,4466,1489
1375,4467,1489
80,4468,1490
1396,4469,1490
79,4470,1490
85,4471,1491
1414,4472,1491
84,4473,1491
223,4474,1492
1398,4475,1492
224,4476,1492
1391,4477,1493
1404,4478,1493
1319,4479,1493
228,4480,1494
1400,4481,1494
1388,4482,1494
1362,4483,1495
1426,4484,1495
1357,4485,1495
224,4486,1496
1410,4487,1496
1316,4488,1496
226,4489,1497
1420,4490,1497
1326,4491,1497
1374,4492,1498
1412,4493,1498
1396,4494,1498
1313,4495,1499
1420,4496,1499
225,4497,1499
1398,4498,1500
1418,4499,1500
1371,4500,1500
1322,4501,1501
1417,4502,1501
1377,4503,1501
1393,4504,1502
1413,4505,1502
1353,4506,1502
1337,4507,1503
1395,4508,1503
1335,4509,1503
1324,4510,1504
1410,4511,1504
225,4512,1504
219,4513,1505
1423,4514,1505
1392,4515,1505
1311,4516,1506
1397,4517,1506
1379,4518,1506
1363,4519,1507
1432,4520,1507
1409,4521,1507
1327,4522,1508
1405,4523,1508
1361,4524,1508
226,4525,1509
1412,4526,1509
1324,4527,1509
227,4528,1510
1400,4529,1510
228,4530,1510
1409,4531,1511
1432,4532,1511
1373,4533,1511
1377,4534,1512
1417,4535,1512
77,4536,1512
1399,4537,1513
1401,4538,1513
219,4539,1513
88,4540,1514
1409,4541,1514
1373,4542,1514
220,4543,1515
1401,4544,1515
1319,4545,1515
1375,4546,1516
1427,4547,1516
1359,4548,1516
1373,4549,1517
1403,4550,1517
1317,4551,1517
1374,4552,1518
1427,4553,1518
1324,4554,1518
1330,4555,1519
1428,4556,1519
1419,4557,1519
1419,4558,1520
1428,4559,1520
1390,4560,1520
1397,4561,1521
1425,4562,1521
1360,4563,1521
219,4564,1522
1422,4565,1522
218,4566,1522
1361,4567,1523
1408,4568,1523
1328,4569,1523
78,4570,1524
1402,4571,1524
229,4572,1524
1345,4573,1525
1411,4574,1525
1370,4575,1525
1339,4576,1526
1406,4577,1526
1342,4578,1526
1375,4579,1527
1429,4580,1527
1410,4581,1527
1360,4582,1528
1425,4583,1528
1354,4584,1528
1319,4585,1529
1404,4586,1529
1381,4587,1529
1328,4588,1530
1408,4589,1530
1356,4590,1530
1392,4591,1531
1422,4592,1531
219,4593,1531
1394,4594,1532
1414,4595,1532
85,4596,1532
1394,4597,1533
1428,4598,1533
1330,4599,1533
1370,4600,1534
1411,4601,1534
1372,4602,1534
1369,4603,1535
1404,4604,1535
1352,4605,1535
1351,4606,1536
1407,4607,1536
1382,4608,1536
1385,4609,1537
1418,4610,1537
1369,4611,1537
1366,4612,1538
1428,4613,1538
1394,4614,1538
1352,4615,1539
1404,4616,1539
1391,4617,1539
1368,4618,1540
1426,4619,1540
1345,4620,1540
225,4621,1541
1410,4622,1541
224,4623,1541
1331,4624,1542
1413,4625,1542
1384,4626,1542
1365,4627,1543
1401,4628,1543
1399,4629,1543
227,4630,1544
1412,4631,1544
226,4632,1544
1396,4633,1545
1412,4634,1545
227,4635,1545
1413,4636,1546
1424,4637,1546
1384,4638,1546
1378,4639,1547
1421,4640,1547
1350,4641,1547
1316,4642,1548
1415,4643,1548
1383,4644,1548
1355,4645,1549
1429,4646,1549
1375,4647,1549
1371,4648,1550
1418,4649,1550
1385,4650,1550
75,4651,1551
1419,4652,1551
1315,4653,1551
208,4654,1552
1417,4655,1552
1322,4656,1552
1346,4657,1553
1416,4658,1553
1378,4659,1553
1389,4660,1554
1428,4661,1554
1366,4662,1554
1326,4663,1555
1431,4664,1555
1400,4665,1555
225,4666,1556
1420,4667,1556
226,4668,1556
1390,4669,1557
1428,4670,1557
1389,4671,1557
1405,4672,1558
1433,4673,1558
1361,4674,1558
1407,4675,1559
1430,4676,1559
1332,4677,1559
1390,4678,1560
1421,4679,1560
1315,4680,1560
1315,4681,1561
1419,4682,1561
1390,4683,1561
72,4684,1562
1433,4685,1562
73,4686,1562
1323,4687,1563
1413,4688,1563
1393,4689,1563
212,4690,1564
1430,4691,1564
1314,4692,1564
1323,4693,1565
1424,4694,1565
1413,4695,1565
1329,4696,1566
1414,4697,1566
1394,4698,1566
1393,4699,1567
1423,4700,1567
220,4701,1567
1386,4702,1568
1431,4703,1568
1326,4704,1568
1350,4705,1569
1421,4706,1569
1390,4707,1569
1383,4708,1570
1424,4709,1570
1323,4710,1570
1415,4711,1571
1424,4712,1571
1383,4713,1571
1379,4714,1572
1432,4715,1572
1363,4716,1572
1392,4717,1573
1423,4718,1573
1353,4719,1573
1405,4720,1574
1414,4721,1574
1329,4722,1574
1353,4723,1575
1423,4724,1575
1393,4725,1575
1311,4726,1576
1425,4727,1576
1397,4728,1576
1400,4729,1577
1431,4730,1577
1367,4731,1577
1373,4732,1578
1432,4733,1578
1403,4734,1578
1316,4735,1579
1429,4736,1579
1415,4737,1579
1314,4738,1580
1430,4739,1580
1407,4740,1580
3,4741,1581
217,4742,1581
67,4743,1581
229,4744,1582
5,4745,1582
78,4746,1582
218,4747,1583
68,4748,1583
67,4749,1583
67,4750,1584
217,4751,1584
218,4752,1584
1435,4753,1585
1547,4754,1585
1482,4755,1585
1482,4756,1586
1511,4757,1586
1435,4758,1586
1452,4759,1587
1514,4760,1587
1483,4761,1587
1447,4762,1588
1503,4763,1588
1495,4764,1588
1489,4765,1589
1530,4766,1589
1518,4767,1589
1493,4768,1590
1494,4769,1590
1449,4770,1590
1503,4771,1591
1517,4772,1591
1495,4773,1591
1486,4774,1592
1531,4775,1592
1487,4776,1592
90,4777,1593
1484,4778,1593
1447,4779,1593
1496,4780,1594
1531,4781,1594
1486,4782,1594
1445,4783,1595
1502,4784,1595
1497,4785,1595
1518,4786,1596
1530,4787,1596
1505,4788,1596
1506,4789,1597
1547,4790,1597
1435,4791,1597
1488,4792,1598
1490,4793,1598
1489,4794,1598
1469,4795,1599
1484,4796,1599
1459,4797,1599
1490,4798,1600
1530,4799,1600
1489,4800,1600
1483,4801,1601
1519,4802,1601
1452,4803,1601
1435,4804,1602
1511,4805,1602
1504,4806,1602
1484,4807,1603
1503,4808,1603
1447,4809,1603
1449,4810,1604
1536,4811,1604
1493,4812,1604
266,4813,1605
1455,4814,1605
265,4815,1605
1491,4816,1606
1522,4817,1606
1455,4818,1606
244,4819,1607
1483,4820,1607
1443,4821,1607
1455,4822,1608
1521,4823,1608
1491,4824,1608
268,4825,1609
1452,4826,1609
267,4827,1609
1452,4828,1610
1519,4829,1610
267,4830,1610
1450,4831,1611
1488,4832,1611
95,4833,1611
1455,4834,1612
1545,4835,1612
265,4836,1612
1497,4837,1613
1502,4838,1613
1480,4839,1613
242,4840,1614
1476,4841,1614
241,4842,1614
1450,4843,1615
1490,4844,1615
1488,4845,1615
1446,4846,1616
1493,4847,1616
1477,4848,1616
1498,4849,1617
1537,4850,1617
1438,4851,1617
1438,4852,1618
1534,4853,1618
1498,4854,1618
1483,4855,1619
1514,4856,1619
1443,4857,1619
1485,4858,1620
1546,4859,1620
1448,4860,1620
1476,4861,1621
1515,4862,1621
241,4863,1621
1487,4864,1622
1531,4865,1622
1473,4866,1622
1457,4867,1623
1458,4868,1623
1437,4869,1623
1469,4870,1624
1503,4871,1624
1484,4872,1624
251,4873,1625
1525,4874,1625
1512,4875,1625
1487,4876,1626
1532,4877,1626
1436,4878,1626
1473,4879,1627
1533,4880,1627
1487,4881,1627
1453,4882,1628
1514,4883,1628
1452,4884,1628
1487,4885,1629
1533,4886,1629
1532,4887,1629
1518,4888,1630
1550,4889,1630
1489,4890,1630
1441,4891,1631
1508,4892,1631
1501,4893,1631
1504,4894,1632
1511,4895,1632
1505,4896,1632
1456,4897,1633
1476,4898,1633
242,4899,1633
1448,4900,1634
1541,4901,1634
1485,4902,1634
1459,4903,1635
1484,4904,1635
1437,4905,1635
1512,4906,1636
1525,4907,1636
1450,4908,1636
240,4909,1637
1548,4910,1637
251,4911,1637
92,4912,1638
1457,4913,1638
1437,4914,1638
1444,4915,1639
1530,4916,1639
1528,4917,1639
1524,4918,1640
1529,4919,1640
261,4920,1640
1508,4921,1641
1546,4922,1641
1501,4923,1641
1439,4924,1642
1500,4925,1642
1457,4926,1642
1439,4927,1643
1457,4928,1643
93,4929,1643
1434,4930,1644
1502,4931,1644
278,4932,1644
1492,4933,1645
1513,4934,1645
275,4935,1645
269,4936,1646
1493,4937,1646
1446,4938,1646
1489,4939,1647
1500,4940,1647
1439,4941,1647
273,4942,1648
1529,4943,1648
272,4944,1648
1451,4945,1649
1527,4946,1649
1498,4947,1649
91,4948,1650
1484,4949,1650
90,4950,1650
243,4951,1651
1456,4952,1651
242,4953,1651
1526,4954,1652
1527,4955,1652
1451,4956,1652
272,4957,1653
1529,4958,1653
1524,4959,1653
247,4960,1654
1491,4961,1654
246,4962,1654
261,4963,1655
1529,4964,1655
262,4965,1655
95,4966,1656
1488,4967,1656
94,4968,1656
277,4969,1657
1502,4970,1657
1445,4971,1657
1486,4972,1658
1487,4973,1658
1436,4974,1658
1492,4975,1659
1526,4976,1659
1513,4977,1659
1489,4978,1660
1550,4979,1660
1500,4980,1660
1443,4981,1661
1538,4982,1661
1485,4983,1661
270,4984,1662
1494,4985,1662
1493,4986,1662
1492,4987,1663
1527,4988,1663
1526,4989,1663
1498,4990,1664
1527,4991,1664
1497,4992,1664
1434,4993,1665
1544,4994,1665
1502,4995,1665
1528,4996,1666
1530,4997,1666
1490,4998,1666
1514,4999,1667
1538,5000,1667
1443,5001,1667
279,5002,1668
1554,5003,1668
1474,5004,1668
280,5005,1669
1554,5006,1669
279,5007,1669
281,5008,1670
1486,5009,1670
1436,5010,1670
276,5011,1671
1492,5012,1671
275,5013,1671
262,5014,1672
11,5015,1672
274,5016,1672
5,5017,1673
250,5018,1673
97,5019,1673
1458,5020,1674
1459,5021,1674
1437,5022,1674
1448,5023,1675
1546,5024,1675
1508,5025,1675
1493,5026,1676
1536,5027,1676
1477,5028,1676
252,5029,1677
1525,5030,1677
251,5031,1677
1521,5032,1678
1535,5033,1678
246,5034,1678
249,5035,1679
1495,5036,1679
248,5037,1679
264,5038,1680
1496,5039,1680
263,5040,1680
1491,5041,1681
1521,5042,1681
246,5043,1681
246,5044,1682
1535,5045,1682
245,5046,1682
1537,5047,1683
1547,5048,1683
1438,5049,1683
1505,5050,1684
1530,5051,1684
1444,5052,1684
1438,5053,1685
1547,5054,1685
1506,5055,1685
1475,5056,1686
1499,5057,1686
1463,5058,1686
271,5059,1687
1524,5060,1687
1494,5061,1687
248,5062,1688
1495,5063,1688
1440,5064,1688
1509,5065,1689
1544,5066,1689
1540,5067,1689
260,5068,1690
1524,5069,1690
261,5070,1690
1458,5071,1691
1460,5072,1691
1459,5073,1691
1440,5074,1692
1491,5075,1692
247,5076,1692
1443,5077,1693
1485,5078,1693
1456,5079,1693
1442,5080,1694
1496,5081,1694
264,5082,1694
269,5083,1695
1446,5084,1695
268,5085,1695
248,5086,1696
1440,5087,1696
247,5088,1696
244,5089,1697
1443,5090,1697
243,5091,1697
1446,5092,1698
1452,5093,1698
268,5094,1698
270,5095,1699
1493,5096,1699
269,5097,1699
271,5098,1700
1494,5099,1700
270,5100,1700
96,5101,1701
1512,5102,1701
1450,5103,1701
1477,5104,1702
1501,5105,1702
1453,5106,1702
1446,5107,1703
1477,5108,1703
1453,5109,1703
265,5110,1704
1442,5111,1704
264,5112,1704
1443,5113,1705
1456,5114,1705
243,5115,1705
1446,5116,1706
1453,5117,1706
1452,5118,1706
1480,5119,1707
1509,5120,1707
1467,5121,1707
260,5122,1708
1451,5123,1708
259,5124,1708
1460,5125,1709
1462,5126,1709
1459,5127,1709
254,5128,1710
1444,5129,1710
253,5130,1710
256,5131,1711
1435,5132,1711
255,5133,1711
258,5134,1712
1438,5135,1712
257,5136,1712
1458,5137,1713
1461,5138,1713
1460,5139,1713
245,5140,1714
1483,5141,1714
244,5142,1714
1479,5143,1715
1480,5144,1715
1467,5145,1715
1504,5146,1716
1505,5147,1716
1444,5148,1716
1465,5149,1717
1475,5150,1717
1463,5151,1717
1462,5152,1718
1472,5153,1718
1470,5154,1718
281,5155,1719
1436,5156,1719
280,5157,1719
92,5158,1720
1437,5159,1720
91,5160,1720
267,5161,1721
1454,5162,1721
266,5163,1721
279,5164,1722
1434,5165,1722
278,5166,1722
1461,5167,1723
1463,5168,1723
1460,5169,1723
279,5170,1724
1474,5171,1724
1434,5172,1724
94,5173,1725
1439,5174,1725
93,5175,1725
93,5176,1726
1457,5177,1726
92,5178,1726
1464,5179,1727
1465,5180,1727
1463,5181,1727
277,5182,1728
1445,5183,1728
276,5184,1728
254,5185,1729
1504,5186,1729
1444,5187,1729
1466,5188,1730
1467,5189,1730
1465,5190,1730
1454,5191,1731
1455,5192,1731
266,5193,1731
256,5194,1732
1506,5195,1732
1435,5196,1732
1478,5197,1733
1479,5198,1733
1467,5199,1733
1461,5200,1734
1464,5201,1734
1463,5202,1734
1461,5203,1735
1468,5204,1735
1464,5205,1735
96,5206,1736
1450,5207,1736
95,5208,1736
1464,5209,1737
1466,5210,1737
1465,5211,1737
1462,5212,1738
1499,5213,1738
1472,5214,1738
1467,5215,1739
1509,5216,1739
1465,5217,1739
1466,5218,1740
1482,5219,1740
1478,5220,1740
1466,5221,1741
1478,5222,1741
1467,5223,1741
256,5224,1742
1441,5225,1742
257,5226,1742
94,5227,1743
1488,5228,1743
1439,5229,1743
1466,5230,1744
1510,5231,1744
1482,5232,1744
1488,5233,1745
1489,5234,1745
1439,5235,1745
1445,5236,1746
1492,5237,1746
276,5238,1746
1437,5239,1747
1484,5240,1747
91,5241,1747
254,5242,1748
1448,5243,1748
255,5244,1748
278,5245,1749
1502,5246,1749
277,5247,1749
255,5248,1750
1508,5249,1750
256,5250,1750
1462,5251,1751
1469,5252,1751
1459,5253,1751
1471,5254,1752
1503,5255,1752
1469,5256,1752
90,5257,1753
1447,5258,1753
89,5259,1753
255,5260,1754
1504,5261,1754
254,5262,1754
257,5263,1755
1506,5264,1755
256,5265,1755
1479,5266,1756
1497,5267,1756
1480,5268,1756
1462,5269,1757
1470,5270,1757
1469,5271,1757
258,5272,1758
1449,5273,1758
259,5274,1758
1479,5275,1759
1498,5276,1759
1497,5277,1759
1435,5278,1760
1504,5279,1760
255,5280,1760
1438,5281,1761
1506,5282,1761
257,5283,1761
1441,5284,1762
1507,5285,1762
257,5286,1762
1465,5287,1763
1509,5288,1763
1475,5289,1763
1470,5290,1764
1471,5291,1764
1469,5292,1764
282,5293,1765
1486,5294,1765
281,5295,1765
257,5296,1766
1507,5297,1766
258,5298,1766
1470,5299,1767
1473,5300,1767
1471,5301,1767
256,5302,1768
1508,5303,1768
1441,5304,1768
1448,5305,1769
1508,5306,1769
255,5307,1769
1463,5308,1770
1499,5309,1770
1460,5310,1770
1473,5311,1771
1481,5312,1771
1471,5313,1771
1471,5314,1772
1517,5315,1772
1503,5316,1772
1475,5317,1773
1523,5318,1773
1499,5319,1773
1456,5320,1774
1541,5321,1774
1476,5322,1774
1464,5323,1775
1510,5324,1775
1466,5325,1775
1540,5326,1776
1544,5327,1776
1434,5328,1776
245,5329,1777
1535,5330,1777
1483,5331,1777
241,5332,1778
1548,5333,1778
240,5334,1778
258,5335,1779
1507,5336,1779
1449,5337,1779
267,5338,1780
1519,5339,1780
1454,5340,1780
1468,5341,1781
1510,5342,1781
1464,5343,1781
1460,5344,1782
1499,5345,1782
1462,5346,1782
262,5347,1783
1513,5348,1783
261,5349,1783
251,5350,1784
1512,5351,1784
250,5352,1784
1483,5353,1785
1535,5354,1785
1519,5355,1785
1494,5356,1786
1539,5357,1786
1449,5358,1786
97,5359,1787
1512,5360,1787
96,5361,1787
275,5362,1788
1513,5363,1788
274,5364,1788
1511,5365,1789
1518,5366,1789
1505,5367,1789
1510,5368,1790
1511,5369,1790
1482,5370,1790
1498,5371,1791
1534,5372,1791
1451,5373,1791
253,5374,1792
1520,5375,1792
254,5376,1792
1515,5377,1793
1548,5378,1793
241,5379,1793
260,5380,1794
1526,5381,1794
1451,5382,1794
253,5383,1795
1528,5384,1795
252,5385,1795
1450,5386,1796
1525,5387,1796
1490,5388,1796
274,5389,1797
1513,5390,1797
262,5391,1797
250,5392,1798
1512,5393,1798
97,5394,1798
1473,5395,1799
1531,5396,1799
1516,5397,1799
1510,5398,1800
1518,5399,1800
1511,5400,1800
1495,5401,1801
1517,5402,1801
1440,5403,1801
1442,5404,1802
1531,5405,1802
1496,5406,1802
89,5407,1803
1542,5408,1803
6,5409,1803
1468,5410,1804
1552,5411,1804
1500,5412,1804
12,5413,1805
1543,5414,1805
282,5415,1805
6,5416,1806
1542,5417,1806
249,5418,1806
1468,5419,1807
1518,5420,1807
1510,5421,1807
1461,5422,1808
1552,5423,1808
1468,5424,1808
263,5425,1809
1543,5426,1809
12,5427,1809
1516,5428,1810
1522,5429,1810
1481,5430,1810
1474,5431,1811
1532,5432,1811
1523,5433,1811
1470,5434,1812
1533,5435,1812
1473,5436,1812
1481,5437,1813
1517,5438,1813
1471,5439,1813
254,5440,1814
1520,5441,1814
1448,5442,1814
252,5443,1815
1549,5444,1815
253,5445,1815
1454,5446,1816
1521,5447,1816
1455,5448,1816
1473,5449,1817
1516,5450,1817
1481,5451,1817
1451,5452,1818
1534,5453,1818
259,5454,1818
258,5455,1819
1534,5456,1819
1438,5457,1819
1513,5458,1820
1526,5459,1820
261,5460,1820
272,5461,1821
1524,5462,1821
271,5463,1821
1524,5464,1822
1539,5465,1822
1494,5466,1822
1495,5467,1823
1542,5468,1823
1447,5469,1823
1509,5470,1824
1540,5471,1824
1475,5472,1824
1476,5473,1825
1541,5474,1825
1520,5475,1825
1515,5476,1826
1549,5477,1826
252,5478,1826
1499,5479,1827
1523,5480,1827
1472,5481,1827
261,5482,1828
1526,5483,1828
260,5484,1828
1479,5485,1829
1537,5486,1829
1498,5487,1829
1481,5488,1830
1551,5489,1830
1517,5490,1830
1449,5491,1831
1539,5492,1831
259,5493,1831
1516,5494,1832
1531,5495,1832
1442,5496,1832
265,5497,1833
1545,5498,1833
1442,5499,1833
1517,5500,1834
1551,5501,1834
1440,5502,1834
1532,5503,1835
1533,5504,1835
1472,5505,1835
249,5506,1836
1542,5507,1836
1495,5508,1836
1457,5509,1837
1552,5510,1837
1458,5511,1837
1486,5512,1838
1543,5513,1838
1496,5514,1838
252,5515,1839
1528,5516,1839
1525,5517,1839
1496,5518,1840
1543,5519,1840
263,5520,1840
1444,5521,1841
1528,5522,1841
253,5523,1841
1497,5524,1842
1527,5525,1842
1445,5526,1842
1501,5527,1843
1553,5528,1843
1441,5529,1843
251,5530,1844
1548,5531,1844
252,5532,1844
262,5533,1845
1529,5534,1845
273,5535,1845
1475,5536,1846
1540,5537,1846
1523,5538,1846
1445,5539,1847
1527,5540,1847
1492,5541,1847
1485,5542,1848
1541,5543,1848
1456,5544,1848
1501,5545,1849
1538,5546,1849
1453,5547,1849
252,5548,1850
1548,5549,1850
1515,5550,1850
1500,5551,1851
1552,5552,1851
1457,5553,1851
1507,5554,1852
1536,5555,1852
1449,5556,1852
1442,5557,1853
1545,5558,1853
1516,5559,1853
1516,5560,1854
1545,5561,1854
1522,5562,1854
1453,5563,1855
1538,5564,1855
1514,5565,1855
1472,5566,1856
1533,5567,1856
1470,5568,1856
259,5569,1857
1534,5570,1857
258,5571,1857
1454,5572,1858
1535,5573,1858
1521,5574,1858
1500,5575,1859
1550,5576,1859
1468,5577,1859
1474,5578,1860
1554,5579,1860
1532,5580,1860
1477,5581,1861
1553,5582,1861
1501,5583,1861
1502,5584,1862
1544,5585,1862
1480,5586,1862
1523,5587,1863
1540,5588,1863
1474,5589,1863
1525,5590,1864
1528,5591,1864
1490,5592,1864
259,5593,1865
1539,5594,1865
260,5595,1865
1523,5596,1866
1532,5597,1866
1472,5598,1866
1478,5599,1867
1537,5600,1867
1479,5601,1867
1522,5602,1868
1551,5603,1868
1481,5604,1868
260,5605,1869
1539,5606,1869
1524,5607,1869
1474,5608,1870
1540,5609,1870
1434,5610,1870
1480,5611,1871
1544,5612,1871
1509,5613,1871
1447,5614,1872
1542,5615,1872
89,5616,1872
1478,5617,1873
1547,5618,1873
1537,5619,1873
282,5620,1874
1543,5621,1874
1486,5622,1874
1440,5623,1875
1551,5624,1875
1491,5625,1875
1482,5626,1876
1547,5627,1876
1478,5628,1876
1458,5629,1877
1552,5630,1877
1461,5631,1877
1519,5632,1878
1535,5633,1878
1454,5634,1878
1468,5635,1879
1550,5636,1879
1518,5637,1879
1436,5638,1880
1554,5639,1880
280,5640,1880
1520,5641,1881
1541,5642,1881
1448,5643,1881
253,5644,1882
1549,5645,1882
1520,5646,1882
1491,5647,1883
1551,5648,1883
1522,5649,1883
1441,5650,1884
1553,5651,1884
1507,5652,1884
1522,5653,1885
1545,5654,1885
1455,5655,1885
1476,5656,1886
1549,5657,1886
1515,5658,1886
1520,5659,1887
1549,5660,1887
1476,5661,1887
1507,5662,1888
1553,5663,1888
1536,5664,1888
1536,5665,1889
1553,5666,1889
1477,5667,1889
1501,5668,1890
1546,5669,1890
1538,5670,1890
1538,5671,1891
1546,5672,1891
1485,5673,1891
1532,5674,1892
1554,5675,1892
1436,5676,1892
251,5677,1893
239,5678,1893
240,5679,1893
239,5680,1894
251,5681,1894
250,5682,1894
5,5683,1895
239,5684,1895
250,5685,1895
262,5686,1896
273,5687,1896
11,5688,1896
1566,5689,1897
1602,5690,1897
301,5691,1897
1584,5692,1898
1605,5693,1898
1603,5694,1898
1566,5695,1899
1606,5696,1899
1602,5697,1899
1573,5698,1900
1636,5699,1900
1604,5700,1900
1611,5701,1901
1641,5702,1901
1561,5703,1901
1613,5704,1902
1620,5705,1902
1570,5706,1902
1603,5707,1903
1653,5708,1903
1584,5709,1903
1641,5710,1904
1667,5711,1904
1561,5712,1904
1609,5713,1905
1626,5714,1905
1610,5715,1905
1604,5716,1906
1627,5717,1906
1573,5718,1906
313,5719,1907
1657,5720,1907
1576,5721,1907
1570,5722,1908
1656,5723,1908
1613,5724,1908
1573,5725,1909
1627,5726,1909
157,5727,1909
313,5728,1910
1576,5729,1910
312,5730,1910
1626,5731,1911
1637,5732,1911
1610,5733,1911
310,5734,1912
1604,5735,1912
1564,5736,1912
158,5737,1913
1573,5738,1913
157,5739,1913
1602,5740,1914
1614,5741,1914
1555,5742,1914
113,5743,1915
1609,5744,1915
1571,5745,1915
308,5746,1916
1599,5747,1916
307,5748,1916
1609,5749,1917
1610,5750,1917
1571,5751,1917
1558,5752,1918
1621,5753,1918
1580,5754,1918
1567,5755,1919
1613,5756,1919
1601,5757,1919
1618,5758,1920
1633,5759,1920
1572,5760,1920
1604,5761,1921
1636,5762,1921
1564,5763,1921
1559,5764,1922
1617,5765,1922
1616,5766,1922
1641,5767,1923
1672,5768,1923
1576,5769,1923
1556,5770,1924
1628,5771,1924
1615,5772,1924
1607,5773,1925
1665,5774,1925
1569,5775,1925
1622,5776,1926
1667,5777,1926
1623,5778,1926
1599,5779,1927
1638,5780,1927
307,5781,1927
1611,5782,1928
1672,5783,1928
1641,5784,1928
1623,5785,1929
1662,5786,1929
1622,5787,1929
1634,5788,1930
1646,5789,1930
294,5790,1930
1555,5791,1931
1614,5792,1931
1603,5793,1931
1574,5794,1932
1636,5795,1932
1573,5796,1932
1562,5797,1933
1630,5798,1933
1624,5799,1933
1642,5800,1934
1644,5801,1934
1605,5802,1934
1580,5803,1935
1621,5804,1935
1592,5805,1935
1594,5806,1936
1644,5807,1936
1642,5808,1936
1577,5809,1937
1599,5810,1937
308,5811,1937
1569,5812,1938
1661,5813,1938
1607,5814,1938
1608,5815,1939
1652,5816,1939
1619,5817,1939
1571,5818,1940
1646,5819,1940
1634,5820,1940
306,5821,1941
1668,5822,1941
284,5823,1941
299,5824,1942
1600,5825,1942
298,5826,1942
1618,5827,1943
1658,5828,1943
1633,5829,1943
1626,5830,1944
1654,5831,1944
1597,5832,1944
1643,5833,1945
1650,5834,1945
294,5835,1945
1630,5836,1946
1665,5837,1946
1624,5838,1946
1559,5839,1947
1645,5840,1947
1617,5841,1947
301,5842,1948
1602,5843,1948
300,5844,1948
1625,5845,1949
1652,5846,1949
1608,5847,1949
159,5848,1950
1613,5849,1950
1567,5850,1950
1622,5851,1951
1662,5852,1951
1568,5853,1951
163,5854,1952
1650,5855,1952
162,5856,1952
1616,5857,1953
1618,5858,1953
1559,5859,1953
309,5860,1954
1577,5861,1954
308,5862,1954
117,5863,1955
1621,5864,1955
1558,5865,1955
1561,5866,1956
1667,5867,1956
1622,5868,1956
1565,5869,1957
1649,5870,1957
1637,5871,1957
1600,5872,1958
1670,5873,1958
298,5874,1958
1584,5875,1959
1642,5876,1959
1605,5877,1959
162,5878,1960
1650,5879,1960
1643,5880,1960
1598,5881,1961
1626,5882,1961
1597,5883,1961
155,5884,1962
1611,5885,1962
1561,5886,1962
294,5887,1963
1650,5888,1963
295,5889,1963
114,5890,1964
1609,5891,1964
113,5892,1964
1595,5893,1965
1625,5894,1965
1594,5895,1965
1615,5896,1966
1664,5897,1966
1556,5898,1966
1564,5899,1967
1659,5900,1967
1607,5901,1967
160,5902,1968
1620,5903,1968
1613,5904,1968
1560,5905,1969
1654,5906,1969
1626,5907,1969
1602,5908,1970
1671,5909,1970
1614,5910,1970
1637,5911,1971
1649,5912,1971
1610,5913,1971
1563,5914,1972
1657,5915,1972
313,5916,1972
1636,5917,1973
1659,5918,1973
1564,5919,1973
1568,5920,1974
1621,5921,1974
118,5922,1974
297,5923,1975
1608,5924,1975
296,5925,1975
1572,5926,1976
1666,5927,1976
1618,5928,1976
296,5929,1977
1655,5930,1977
14,5931,1977
13,5932,1978
283,5933,1978
304,5934,1978
295,5935,1979
2,5936,1979
111,5937,1979
302,5938,1980
1612,5939,1980
1566,5940,1980
14,5941,1981
1655,5942,1981
315,5943,1981
1569,5944,1982
1665,5945,1982
1630,5946,1982
1613,5947,1983
1656,5948,1983
1601,5949,1983
1578,5950,1984
1674,5951,1984
116,5952,1984
1612,5953,1985
1675,5954,1985
1566,5955,1985
294,5956,1986
1646,5957,1986
293,5958,1986
116,5959,1987
1674,5960,1987
115,5961,1987
154,5962,1988
1622,5963,1988
153,5964,1988
315,5965,1989
1619,5966,1989
314,5967,1989
1576,5968,1990
1657,5969,1990
1641,5970,1990
1566,5971,1991
1633,5972,1991
1606,5973,1991
1606,5974,1992
1658,5975,1992
1591,5976,1992
1579,5977,1993
1629,5978,1993
1578,5979,1993
161,5980,1994
1643,5981,1994
1620,5982,1994
1591,5983,1995
1671,5984,1995
1606,5985,1995
1561,5986,1996
1622,5987,1996
154,5988,1996
293,5989,1997
1643,5990,1997
294,5991,1997
314,5992,1998
1619,5993,1998
1563,5994,1998
1564,5995,1999
1607,5996,1999
1577,5997,1999
159,5998,2000
1567,5999,2000
158,6000,2000
155,6001,2001
1561,6002,2001
154,6003,2001
156,6004,2002
1611,6005,2002
155,6006,2002
310,6007,2003
1564,6008,2003
309,6009,2003
1567,6010,2004
1573,6011,2004
158,6012,2004
1625,6013,2005
1644,6014,2005
1594,6015,2005
160,6016,2006
1613,6017,2006
159,6018,2006
161,6019,2007
1620,6020,2007
160,6021,2007
303,6022,2008
1635,6023,2008
1612,6024,2008
1571,6025,2009
1634,6026,2009
112,6027,2009
1601,6028,2010
1624,6029,2010
1574,6030,2010
1567,6031,2011
1601,6032,2011
1574,6033,2011
1593,6034,2012
1623,6035,2012
1596,6036,2012
1633,6037,2013
1658,6038,2013
1606,6039,2013
314,6040,2014
1563,6041,2014
313,6042,2014
1564,6043,2015
1577,6044,2015
309,6045,2015
1567,6046,2016
1574,6047,2016
1573,6048,2016
286,6049,2017
1572,6050,2017
285,6051,2017
1588,6052,2018
1614,6053,2018
1591,6054,2018
292,6055,2019
1565,6056,2019
291,6057,2019
290,6058,2020
1556,6059,2020
289,6060,2020
288,6061,2021
1559,6062,2021
287,6063,2021
1581,6064,2022
1582,6065,2022
1579,6066,2022
311,6067,2023
1604,6068,2023
310,6069,2023
298,6070,2024
1557,6071,2024
297,6072,2024
1635,6073,2025
1647,6074,2025
1612,6075,2025
1581,6076,2026
1584,6077,2026
1582,6078,2026
1589,6079,2027
1597,6080,2027
1586,6081,2027
117,6082,2028
1558,6083,2028
116,6084,2028
312,6085,2029
1575,6086,2029
311,6087,2029
300,6088,2030
1555,6089,2030
299,6090,2030
1584,6091,2031
1585,6092,2031
1582,6093,2031
1558,6094,2032
1579,6095,2032
1578,6096,2032
115,6097,2033
1560,6098,2033
114,6099,2033
1588,6100,2034
1591,6101,2034
1590,6102,2034
1558,6103,2035
1578,6104,2035
116,6105,2035
1555,6106,2036
1600,6107,2036
299,6108,2036
1617,6109,2037
1632,6110,2037
1590,6111,2037
1555,6112,2038
1603,6113,2038
1600,6114,2038
1593,6115,2039
1594,6116,2039
1583,6117,2039
1585,6118,2040
1588,6119,2040
1587,6120,2040
1585,6121,2041
1586,6122,2041
1582,6123,2041
302,6124,2042
1566,6125,2042
301,6126,2042
1566,6127,2043
1675,6128,2043
1633,6129,2043
290,6130,2044
1628,6131,2044
1556,6132,2044
312,6133,2045
1576,6134,2045
1575,6135,2045
1589,6136,2046
1598,6137,2046
1597,6138,2046
300,6139,2047
1602,6140,2047
1555,6141,2047
303,6142,2048
1612,6143,2048
302,6144,2048
1588,6145,2049
1590,6146,2049
1587,6147,2049
1591,6148,2050
1616,6149,2050
1590,6150,2050
113,6151,2051
1571,6152,2051
112,6153,2051
1619,6154,2052
1652,6155,2052
1563,6156,2052
1587,6157,2053
1589,6158,2053
1586,6159,2053
118,6160,2054
1621,6161,2054
117,6162,2054
1616,6163,2055
1617,6164,2055
1590,6165,2055
1603,6166,2056
1605,6167,2056
1600,6168,2056
1585,6169,2057
1587,6170,2057
1586,6171,2057
1589,6172,2058
1615,6173,2058
1598,6174,2058
289,6175,2059
1562,6176,2059
290,6177,2059
1560,6178,2060
1609,6179,2060
114,6180,2060
287,6181,2061
1569,6182,2061
288,6183,2061
288,6184,2062
1630,6185,2062
289,6186,2062
1580,6187,2063
1581,6188,2063
1579,6189,2063
1558,6190,2064
1580,6191,2064
1579,6192,2064
1593,6193,2065
1595,6194,2065
1594,6195,2065
119,6196,2066
1568,6197,2066
118,6198,2066
290,6199,2067
1631,6200,2067
291,6201,2067
291,6202,2068
1628,6203,2068
290,6204,2068
1582,6205,2069
1629,6206,2069
1579,6207,2069
291,6208,2070
1570,6209,2070
292,6210,2070
1580,6211,2071
1592,6212,2071
1583,6213,2071
1580,6214,2072
1583,6215,2072
1581,6216,2072
1560,6217,2073
1626,6218,2073
1609,6219,2073
1592,6220,2074
1623,6221,2074
1593,6222,2074
1592,6223,2075
1593,6224,2075
1583,6225,2075
1565,6226,2076
1628,6227,2076
291,6228,2076
1593,6229,2077
1596,6230,2077
1595,6231,2077
1557,6232,2078
1625,6233,2078
1608,6234,2078
1557,6235,2079
1608,6236,2079
297,6237,2079
289,6238,2080
1630,6239,2080
1562,6240,2080
1569,6241,2081
1630,6242,2081
288,6243,2081
1562,6244,2082
1631,6245,2082
290,6246,2082
1597,6247,2083
1629,6248,2083
1586,6249,2083
291,6250,2084
1631,6251,2084
1570,6252,2084
1614,6253,2085
1653,6254,2085
1603,6255,2085
1577,6256,2086
1661,6257,2086
1599,6258,2086
1594,6259,2087
1642,6260,2087
1583,6261,2087
1563,6262,2088
1652,6263,2088
1640,6264,2088
156,6265,2089
1672,6266,2089
1611,6267,2089
1586,6268,2090
1629,6269,2090
1582,6270,2090
307,6271,2091
1668,6272,2091
306,6273,2091
1581,6274,2092
1642,6275,2092
1584,6276,2092
1590,6277,2093
1632,6278,2093
1587,6279,2093
1589,6280,2094
1632,6281,2094
1615,6282,2094
284,6283,2095
1635,6284,2095
283,6285,2095
295,6286,2096
1634,6287,2096
294,6288,2096
1620,6289,2097
1660,6290,2097
1570,6291,2097
1628,6292,2098
1651,6293,2098
1615,6294,2098
1568,6295,2099
1662,6296,2099
1621,6297,2099
112,6298,2100
1634,6299,2100
111,6300,2100
304,6301,2101
1635,6302,2101
303,6303,2101
286,6304,2102
1639,6305,2102
287,6306,2102
1556,6307,2103
1645,6308,2103
289,6309,2103
288,6310,2104
1645,6311,2104
1559,6312,2104
1629,6313,2105
1654,6314,2105
1578,6315,2105
1638,6316,2106
1668,6317,2106
307,6318,2106
1627,6319,2107
1648,6320,2107
157,6321,2107
293,6322,2108
1649,6323,2108
292,6324,2108
1610,6325,2109
1646,6326,2109
1571,6327,2109
1572,6328,2110
1647,6329,2110
285,6330,2110
283,6331,2111
1635,6332,2111
304,6333,2111
111,6334,2112
1634,6335,2112
295,6336,2112
1587,6337,2113
1632,6338,2113
1589,6339,2113
1598,6340,2114
1637,6341,2114
1626,6342,2114
1556,6343,2115
1664,6344,2115
1645,6345,2115
1619,6346,2116
1655,6347,2116
1608,6348,2116
1596,6349,2117
1667,6350,2117
1641,6351,2117
1,6352,2118
1663,6353,2118
119,6354,2118
298,6355,2119
1670,6356,2119
1557,6357,2119
1588,6358,2120
1653,6359,2120
1614,6360,2120
153,6361,2121
1663,6362,2121
1,6363,2121
1584,6364,2122
1653,6365,2122
1585,6366,2122
1618,6367,2123
1666,6368,2123
1559,6369,2123
1596,6370,2124
1641,6371,2124
1640,6372,2124
1648,6373,2125
1672,6374,2125
156,6375,2125
287,6376,2126
1639,6377,2126
1569,6378,2126
1621,6379,2127
1662,6380,2127
1592,6381,2127
285,6382,2128
1669,6383,2128
286,6384,2128
1608,6385,2129
1655,6386,2129
296,6387,2129
162,6388,2130
1643,6389,2130
161,6390,2130
289,6391,2131
1645,6392,2131
288,6393,2131
1637,6394,2132
1651,6395,2132
1565,6396,2132
284,6397,2133
1647,6398,2133
1635,6399,2133
1606,6400,2134
1671,6401,2134
1602,6402,2134
286,6403,2135
1666,6404,2135
1572,6405,2135
1643,6406,2136
1660,6407,2136
1620,6408,2136
1559,6409,2137
1666,6410,2137
287,6411,2137
1645,6412,2138
1664,6413,2138
1617,6414,2138
1568,6415,2139
1663,6416,2139
1622,6417,2139
1599,6418,2140
1661,6419,2140
1639,6420,2140
1638,6421,2141
1669,6422,2141
285,6423,2141
1583,6424,2142
1642,6425,2142
1581,6426,2142
1596,6427,2143
1640,6428,2143
1595,6429,2143
1557,6430,2144
1644,6431,2144
1625,6432,2144
1570,6433,2145
1660,6434,2145
292,6435,2145
157,6436,2146
1648,6437,2146
156,6438,2146
285,6439,2147
1647,6440,2147
284,6441,2147
1622,6442,2148
1663,6443,2148
153,6444,2148
1646,6445,2149
1649,6446,2149
293,6447,2149
315,6448,2150
1655,6449,2150
1619,6450,2150
1575,6451,2151
1648,6452,2151
1627,6453,2151
292,6454,2152
1649,6455,2152
1565,6456,2152
1644,6457,2153
1670,6458,2153
1605,6459,2153
284,6460,2154
1668,6461,2154
285,6462,2154
1624,6463,2155
1673,6464,2155
1562,6465,2155
295,6466,2156
1650,6467,2156
163,6468,2156
1591,6469,2157
1658,6470,2157
1616,6471,2157
1595,6472,2158
1652,6473,2158
1625,6474,2158
1585,6475,2159
1653,6476,2159
1588,6477,2159
1605,6478,2160
1670,6479,2160
1600,6480,2160
1607,6481,2161
1661,6482,2161
1577,6483,2161
1624,6484,2162
1659,6485,2162
1574,6486,2162
285,6487,2163
1668,6488,2163
1638,6489,2163
1616,6490,2164
1658,6491,2164
1618,6492,2164
1565,6493,2165
1651,6494,2165
1628,6495,2165
1631,6496,2166
1656,6497,2166
1570,6498,2166
1615,6499,2167
1651,6500,2167
1598,6501,2167
1597,6502,2168
1654,6503,2168
1629,6504,2168
1632,6505,2169
1664,6506,2169
1615,6507,2169
1576,6508,2170
1672,6509,2170
1575,6510,2170
1574,6511,2171
1659,6512,2171
1636,6513,2171
1598,6514,2172
1651,6515,2172
1637,6516,2172
1640,6517,2173
1652,6518,2173
1595,6519,2173
1641,6520,2174
1657,6521,2174
1640,6522,2174
1614,6523,2175
1671,6524,2175
1591,6525,2175
1601,6526,2176
1673,6527,2176
1624,6528,2176
1610,6529,2177
1649,6530,2177
1646,6531,2177
292,6532,2178
1660,6533,2178
293,6534,2178
293,6535,2179
1660,6536,2179
1643,6537,2179
1623,6538,2180
1667,6539,2180
1596,6540,2180
1617,6541,2181
1664,6542,2181
1632,6543,2181
119,6544,2182
1663,6545,2182
1568,6546,2182
1627,6547,2183
1676,6548,2183
1575,6549,2183
1592,6550,2184
1662,6551,2184
1623,6552,2184
1572,6553,2185
1675,6554,2185
1647,6555,2185
1640,6556,2186
1657,6557,2186
1563,6558,2186
287,6559,2187
1666,6560,2187
286,6561,2187
1654,6562,2188
1674,6563,2188
1578,6564,2188
311,6565,2189
1676,6566,2189
1604,6567,2189
1639,6568,2190
1661,6569,2190
1569,6570,2190
1575,6571,2191
1676,6572,2191
311,6573,2191
115,6574,2192
1674,6575,2192
1560,6576,2192
1633,6577,2193
1675,6578,2193
1572,6579,2193
286,6580,2194
1669,6581,2194
1639,6582,2194
1575,6583,2195
1672,6584,2195
1648,6585,2195
1562,6586,2196
1673,6587,2196
1631,6588,2196
1599,6589,2197
1669,6590,2197
1638,6591,2197
1604,6592,2198
1676,6593,2198
1627,6594,2198
1639,6595,2199
1669,6596,2199
1599,6597,2199
1557,6598,2200
1670,6599,2200
1644,6600,2200
1631,6601,2201
1673,6602,2201
1656,6603,2201
1656,6604,2202
1673,6605,2202
1601,6606,2202
1624,6607,2203
1665,6608,2203
1659,6609,2203
1647,6610,2204
1675,6611,2204
1612,6612,2204
1659,6613,2205
1665,6614,2205
1607,6615,2205
1560,6616,2206
1674,6617,2206
1654,6618,2206
295,6619,2207
163,6620,2207
2,6621,2207
13,6622,2208
305,6623,2208
283,6624,2208
305,6625,2209
284,6626,2209
283,6627,2209
284,6628,2210
305,6629,2210
306,6630,2210
1688,6631,2211
1725,6632,2211
341,6633,2211
1706,6634,2212
1728,6635,2212
1726,6636,2212
1688,6637,2213
1730,6638,2213
1725,6639,2213
1695,6640,2214
1696,6641,2214
1689,6642,2214
1729,6643,2215
1801,6644,2215
1686,6645,2215
1726,6646,2216
1774,6647,2216
1706,6648,2216
1732,6649,2217
1748,6650,2217
1733,6651,2217
1748,6652,2218
1759,6653,2218
1733,6654,2218
1686,6655,2219
1801,6656,2219
310,6657,2219
1723,6658,2220
1743,6659,2220
1727,6660,2220
125,6661,2221
1695,6662,2221
1689,6663,2221
1725,6664,2222
1736,6665,2222
1677,6666,2222
1723,6667,2223
1727,6668,2223
1689,6669,2223
322,6670,2224
1732,6671,2224
1693,6672,2224
307,6673,2225
1721,6674,2225
308,6675,2225
1732,6676,2226
1733,6677,2226
1693,6678,2226
1680,6679,2227
1744,6680,2227
1702,6681,2227
1740,6682,2228
1754,6683,2228
1694,6684,2228
1681,6685,2229
1739,6686,2229
1738,6687,2229
1686,6688,2230
1776,6689,2230
1729,6690,2230
124,6691,2231
1782,6692,2231
1773,6693,2231
1745,6694,2232
1789,6695,2232
1746,6696,2232
1678,6697,2233
1749,6698,2233
1737,6699,2233
307,6700,2234
1760,6701,2234
1721,6702,2234
1746,6703,2235
1784,6704,2235
1745,6705,2235
1755,6706,2236
1767,6707,2236
336,6708,2236
1677,6709,2237
1736,6710,2237
1726,6711,2237
124,6712,2238
1773,6713,2238
1695,6714,2238
1718,6715,2239
1757,6716,2239
1717,6717,2239
1757,6718,2240
1771,6719,2240
1717,6720,2240
1763,6721,2241
1765,6722,2241
1728,6723,2241
1702,6724,2242
1744,6725,2242
1714,6726,2242
1716,6727,2243
1765,6728,2243
1763,6729,2243
308,6730,2244
1721,6731,2244
1699,6732,2244
1693,6733,2245
1767,6734,2245
1755,6735,2245
1727,6736,2246
1795,6737,2246
127,6738,2246
336,6739,2247
1790,6740,2247
306,6741,2247
343,6742,2248
1722,6743,2248
344,6744,2248
1740,6745,2249
1779,6746,2249
1754,6747,2249
1748,6748,2250
1775,6749,2250
1719,6750,2250
326,6751,2251
1770,6752,2251
1764,6753,2251
1681,6754,2252
1766,6755,2252
1739,6756,2252
341,6757,2253
1725,6758,2253
342,6759,2253
1745,6760,2254
1784,6761,2254
1690,6762,2254
129,6763,2255
1770,6764,2255
130,6765,2255
1738,6766,2256
1740,6767,2256
1681,6768,2256
126,6769,2257
1727,6770,2257
127,6771,2257
308,6772,2258
1699,6773,2258
309,6774,2258
318,6775,2259
1744,6776,2259
1680,6777,2259
1683,6778,2260
1789,6779,2260
1745,6780,2260
1687,6781,2261
1769,6782,2261
1759,6783,2261
1722,6784,2262
1793,6785,2262
344,6786,2262
1706,6787,2263
1763,6788,2263
1728,6789,2263
1764,6790,2264
1770,6791,2264
129,6792,2264
1720,6793,2265
1748,6794,2265
1719,6795,2265
122,6796,2266
1734,6797,2266
123,6798,2266
127,6799,2267
1795,6800,2267
1742,6801,2267
325,6802,2268
1770,6803,2268
326,6804,2268
321,6805,2269
1732,6806,2269
322,6807,2269
1717,6808,2270
1747,6809,2270
1716,6810,2270
1737,6811,2271
1786,6812,2271
1678,6813,2271
1696,6814,2272
1723,6815,2272
1689,6816,2272
1682,6817,2273
1775,6818,2273
1748,6819,2273
1695,6820,2274
1729,6821,2274
1696,6822,2274
1725,6823,2275
1794,6824,2275
1736,6825,2275
1759,6826,2276
1769,6827,2276
1733,6828,2276
1690,6829,2277
1744,6830,2277
317,6831,2277
345,6832,2278
1731,6833,2278
346,6834,2278
1694,6835,2279
1788,6836,2279
1740,6837,2279
1698,6838,2280
1787,6839,2280
312,6840,2280
346,6841,2281
1777,6842,2281
7,6843,2281
8,6844,2282
325,6845,2282
338,6846,2282
337,6847,2283
13,6848,2283
324,6849,2283
312,6850,2284
1787,6851,2284
313,6852,2284
340,6853,2285
1735,6854,2285
1688,6855,2285
7,6856,2286
1777,6857,2286
120,6858,2286
1700,6859,2287
1798,6860,2287
319,6861,2287
1735,6862,2288
1799,6863,2288
1688,6864,2288
336,6865,2289
1767,6866,2289
335,6867,2289
319,6868,2290
1798,6869,2290
320,6870,2290
314,6871,2291
1745,6872,2291
315,6873,2291
120,6874,2292
1741,6875,2292
121,6876,2292
1734,6877,2293
1762,6878,2293
123,6879,2293
311,6880,2294
1773,6881,2294
1697,6882,2294
1688,6883,2295
1754,6884,2295
1730,6885,2295
1730,6886,2296
1779,6887,2296
1713,6888,2296
1701,6889,2297
1750,6890,2297
1700,6891,2297
1696,6892,2298
1724,6893,2298
1723,6894,2298
1717,6895,2299
1771,6896,2299
1747,6897,2299
1724,6898,2300
1783,6899,2300
1723,6900,2300
1742,6901,2301
1764,6902,2301
128,6903,2301
1713,6904,2302
1794,6905,2302
1730,6906,2302
1683,6907,2303
1745,6908,2303
314,6909,2303
326,6910,2304
1764,6911,2304
327,6912,2304
121,6913,2305
1741,6914,2305
1685,6915,2305
125,6916,2306
1689,6917,2306
126,6918,2306
313,6919,2307
1683,6920,2307
314,6921,2307
309,6922,2308
1686,6923,2308
310,6924,2308
1747,6925,2309
1765,6926,2309
1716,6927,2309
1685,6928,2310
1734,6929,2310
122,6930,2310
127,6931,2311
1742,6932,2311
128,6933,2311
1689,6934,2312
1727,6935,2312
126,6936,2312
339,6937,2313
1756,6938,2313
1735,6939,2313
1693,6940,2314
1755,6941,2314
323,6942,2314
1715,6943,2315
1746,6944,2315
1718,6945,2315
121,6946,2316
1685,6947,2316
122,6948,2316
309,6949,2317
1699,6950,2317
1686,6951,2317
1754,6952,2318
1779,6953,2318
1730,6954,2318
328,6955,2319
1694,6956,2319
327,6957,2319
1710,6958,2320
1736,6959,2320
1713,6960,2320
334,6961,2321
1687,6962,2321
333,6963,2321
332,6964,2322
1678,6965,2322
331,6966,2322
330,6967,2323
1681,6968,2323
329,6969,2323
124,6970,2324
1695,6971,2324
125,6972,2324
1703,6973,2325
1704,6974,2325
1701,6975,2325
344,6976,2326
1679,6977,2326
345,6978,2326
1756,6979,2327
1768,6980,2327
1735,6981,2327
1703,6982,2328
1706,6983,2328
1704,6984,2328
1711,6985,2329
1719,6986,2329
1708,6987,2329
318,6988,2330
1680,6989,2330
319,6990,2330
311,6991,2331
1697,6992,2331
312,6993,2331
342,6994,2332
1677,6995,2332
343,6996,2332
1706,6997,2333
1707,6998,2333
1704,6999,2333
1680,7000,2334
1701,7001,2334
1700,7002,2334
320,7003,2335
1682,7004,2335
321,7005,2335
1710,7006,2336
1713,7007,2336
1712,7008,2336
1680,7009,2337
1700,7010,2337
319,7011,2337
1697,7012,2338
1698,7013,2338
312,7014,2338
1677,7015,2339
1722,7016,2339
343,7017,2339
1739,7018,2340
1753,7019,2340
1712,7020,2340
1677,7021,2341
1726,7022,2341
1722,7023,2341
1715,7024,2342
1716,7025,2342
1705,7026,2342
1707,7027,2343
1710,7028,2343
1709,7029,2343
1707,7030,2344
1708,7031,2344
1704,7032,2344
340,7033,2345
1688,7034,2345
341,7035,2345
1688,7036,2346
1799,7037,2346
1754,7038,2346
1687,7039,2347
1749,7040,2347
333,7041,2347
1711,7042,2348
1720,7043,2348
1719,7044,2348
342,7045,2349
1725,7046,2349
1677,7047,2349
339,7048,2350
1735,7049,2350
340,7050,2350
1710,7051,2351
1712,7052,2351
1709,7053,2351
1713,7054,2352
1738,7055,2352
1712,7056,2352
322,7057,2353
1693,7058,2353
323,7059,2353
1709,7060,2354
1711,7061,2354
1708,7062,2354
317,7063,2355
1744,7064,2355
318,7065,2355
1738,7066,2356
1739,7067,2356
1712,7068,2356
1726,7069,2357
1728,7070,2357
1722,7071,2357
1707,7072,2358
1709,7073,2358
1708,7074,2358
1711,7075,2359
1737,7076,2359
1720,7077,2359
330,7078,2360
1684,7079,2360
331,7080,2360
1682,7081,2361
1732,7082,2361
321,7083,2361
332,7084,2362
1691,7085,2362
333,7086,2362
1702,7087,2363
1703,7088,2363
1701,7089,2363
1680,7090,2364
1702,7091,2364
1701,7092,2364
1715,7093,2365
1717,7094,2365
1716,7095,2365
316,7096,2366
1690,7097,2366
317,7098,2366
333,7099,2367
1749,7100,2367
332,7101,2367
1704,7102,2368
1750,7103,2368
1701,7104,2368
328,7105,2369
1692,7106,2369
329,7107,2369
1702,7108,2370
1714,7109,2370
1705,7110,2370
1702,7111,2371
1705,7112,2371
1703,7113,2371
1684,7114,2372
1751,7115,2372
331,7116,2372
1682,7117,2373
1748,7118,2373
1732,7119,2373
1714,7120,2374
1746,7121,2374
1715,7122,2374
1714,7123,2375
1715,7124,2375
1705,7125,2375
332,7126,2376
1749,7127,2376
1678,7128,2376
331,7129,2377
1751,7130,2377
332,7131,2377
1715,7132,2378
1718,7133,2378
1717,7134,2378
1679,7135,2379
1747,7136,2379
1731,7137,2379
1679,7138,2380
1731,7139,2380
345,7140,2380
1752,7141,2381
1792,7142,2381
1724,7143,2381
1719,7144,2382
1750,7145,2382
1708,7146,2382
1724,7147,2383
1776,7148,2383
1752,7149,2383
1783,7150,2384
1797,7151,2384
1723,7152,2384
1724,7153,2385
1792,7154,2385
1783,7155,2385
1736,7156,2386
1774,7157,2386
1726,7158,2386
1721,7159,2387
1781,7160,2387
1699,7161,2387
311,7162,2388
1801,7163,2388
1773,7164,2388
1716,7165,2389
1763,7166,2389
1705,7167,2389
332,7168,2390
1751,7169,2390
1691,7170,2390
1708,7171,2391
1750,7172,2391
1704,7173,2391
306,7174,2392
1790,7175,2392
307,7176,2392
1703,7177,2393
1763,7178,2393
1706,7179,2393
1712,7180,2394
1753,7181,2394
1709,7182,2394
1711,7183,2395
1753,7184,2395
1737,7185,2395
326,7186,2396
1756,7187,2396
325,7188,2396
337,7189,2397
1755,7190,2397
336,7191,2397
1692,7192,2398
1780,7193,2398
1742,7194,2398
1690,7195,2399
1784,7196,2399
1744,7197,2399
323,7198,2400
1755,7199,2400
324,7200,2400
338,7201,2401
1756,7202,2401
339,7203,2401
1749,7204,2402
1772,7205,2402
1737,7206,2402
1685,7207,2403
1757,7208,2403
1734,7209,2403
333,7210,2404
1761,7211,2404
334,7212,2404
1678,7213,2405
1766,7214,2405
331,7215,2405
330,7216,2406
1766,7217,2406
1681,7218,2406
1750,7219,2407
1775,7220,2407
1700,7221,2407
307,7222,2408
1790,7223,2408
1760,7224,2408
335,7225,2409
1769,7226,2409
334,7227,2409
1733,7228,2410
1767,7229,2410
1693,7230,2410
1694,7231,2411
1768,7232,2411
327,7233,2411
325,7234,2412
1756,7235,2412
338,7236,2412
324,7237,2413
1755,7238,2413
337,7239,2413
1709,7240,2414
1753,7241,2414
1711,7242,2414
1699,7243,2415
1752,7244,2415
1686,7245,2415
1743,7246,2416
1778,7247,2416
1692,7248,2416
1685,7249,2417
1771,7250,2417
1757,7251,2417
1720,7252,2418
1759,7253,2418
1748,7254,2418
1678,7255,2419
1786,7256,2419
1766,7257,2419
14,7258,2420
1785,7259,2420
316,7260,2420
344,7261,2421
1793,7262,2421
1679,7263,2421
1710,7264,2422
1774,7265,2422
1736,7266,2422
315,7267,2423
1785,7268,2423
14,7269,2423
1706,7270,2424
1774,7271,2424
1707,7272,2424
1752,7273,2425
1776,7274,2425
1686,7275,2425
1778,7276,2426
1797,7277,2426
1684,7278,2426
1740,7279,2427
1788,7280,2427
1681,7281,2427
1771,7282,2428
1800,7283,2428
1747,7284,2428
1691,7285,2429
1761,7286,2429
333,7287,2429
1731,7288,2430
1777,7289,2430
346,7290,2430
1697,7291,2431
1762,7292,2431
1698,7293,2431
1744,7294,2432
1784,7295,2432
1714,7296,2432
334,7297,2433
1791,7298,2433
335,7299,2433
1718,7300,2434
1758,7301,2434
1757,7302,2434
1692,7303,2435
1795,7304,2435
1743,7305,2435
128,7306,2436
1764,7307,2436
129,7308,2436
123,7309,2437
1782,7310,2437
124,7311,2437
331,7312,2438
1766,7313,2438
330,7314,2438
1759,7315,2439
1772,7316,2439
1687,7317,2439
326,7318,2440
1768,7319,2440
1756,7320,2440
1730,7321,2441
1794,7322,2441
1725,7323,2441
330,7324,2442
1778,7325,2442
1684,7326,2442
328,7327,2443
1788,7328,2443
1694,7329,2443
1742,7330,2444
1780,7331,2444
1764,7332,2444
1681,7333,2445
1788,7334,2445
329,7335,2445
1766,7336,2446
1786,7337,2446
1739,7338,2446
1690,7339,2447
1785,7340,2447
1745,7341,2447
1761,7342,2448
1781,7343,2448
1721,7344,2448
1705,7345,2449
1763,7346,2449
1703,7347,2449
1692,7348,2450
1778,7349,2450
329,7350,2450
335,7351,2451
1791,7352,2451
1760,7353,2451
1679,7354,2452
1765,7355,2452
1747,7356,2452
1731,7357,2453
1800,7358,2453
1777,7359,2453
1695,7360,2454
1773,7361,2454
1729,7362,2454
328,7363,2455
1780,7364,2455
1692,7365,2455
327,7366,2456
1768,7367,2456
326,7368,2456
1777,7369,2457
1800,7370,2457
1741,7371,2457
1745,7372,2458
1785,7373,2458
315,7374,2458
1767,7375,2459
1769,7376,2459
335,7377,2459
120,7378,2460
1777,7379,2460
1741,7380,2460
334,7381,2461
1769,7382,2461
1687,7383,2461
1743,7384,2462
1795,7385,2462
1727,7386,2462
1741,7387,2463
1771,7388,2463
1685,7389,2463
1742,7390,2464
1795,7391,2464
1692,7392,2464
1698,7393,2465
1796,7394,2465
1787,7395,2465
1787,7396,2466
1796,7397,2466
1758,7398,2466
1765,7399,2467
1793,7400,2467
1728,7401,2467
335,7402,2468
1790,7403,2468
336,7404,2468
1729,7405,2469
1776,7406,2469
1696,7407,2469
130,7408,2470
1770,7409,2470
325,7410,2470
1713,7411,2471
1779,7412,2471
1738,7413,2471
1707,7414,2472
1774,7415,2472
1710,7416,2472
1743,7417,2473
1797,7418,2473
1778,7419,2473
1728,7420,2474
1793,7421,2474
1722,7422,2474
1687,7423,2475
1772,7424,2475
1749,7425,2475
1696,7426,2476
1776,7427,2476
1724,7428,2476
1760,7429,2477
1790,7430,2477
335,7431,2477
1762,7432,2478
1782,7433,2478
123,7434,2478
1762,7435,2479
1796,7436,2479
1698,7437,2479
1738,7438,2480
1779,7439,2480
1740,7440,2480
1737,7441,2481
1772,7442,2481
1720,7443,2481
1719,7444,2482
1775,7445,2482
1750,7446,2482
1753,7447,2483
1786,7448,2483
1737,7449,2483
1734,7450,2484
1796,7451,2484
1762,7452,2484
1720,7453,2485
1772,7454,2485
1759,7455,2485
1736,7456,2486
1794,7457,2486
1713,7458,2486
329,7459,2487
1778,7460,2487
330,7461,2487
1699,7462,2488
1781,7463,2488
1752,7464,2488
1733,7465,2489
1769,7466,2489
1767,7467,2489
327,7468,2490
1780,7469,2490
328,7470,2490
1764,7471,2491
1780,7472,2491
327,7473,2491
1781,7474,2492
1792,7475,2492
1752,7476,2492
1746,7477,2493
1789,7478,2493
1718,7479,2493
1684,7480,2494
1783,7481,2494
1751,7482,2494
1723,7483,2495
1797,7484,2495
1743,7485,2495
1739,7486,2496
1786,7487,2496
1753,7488,2496
313,7489,2497
1787,7490,2497
1683,7491,2497
316,7492,2498
1785,7493,2498
1690,7494,2498
1714,7495,2499
1784,7496,2499
1746,7497,2499
1757,7498,2500
1796,7499,2500
1734,7500,2500
1694,7501,2501
1799,7502,2501
1768,7503,2501
329,7504,2502
1788,7505,2502
328,7506,2502
1758,7507,2503
1796,7508,2503
1757,7509,2503
1773,7510,2504
1801,7511,2504
1729,7512,2504
1775,7513,2505
1798,7514,2505
1700,7515,2505
1758,7516,2506
1789,7517,2506
1683,7518,2506
1683,7519,2507
1787,7520,2507
1758,7521,2507
310,7522,2508
1801,7523,2508
311,7524,2508
1691,7525,2509
1781,7526,2509
1761,7527,2509
320,7528,2510
1798,7529,2510
1682,7530,2510
1691,7531,2511
1792,7532,2511
1781,7533,2511
1761,7534,2512
1791,7535,2512
334,7536,2512
1697,7537,2513
1782,7538,2513
1762,7539,2513
1754,7540,2514
1799,7541,2514
1694,7542,2514
1718,7543,2515
1789,7544,2515
1758,7545,2515
1751,7546,2516
1792,7547,2516
1691,7548,2516
1783,7549,2517
1792,7550,2517
1751,7551,2517
1747,7552,2518
1800,7553,2518
1731,7554,2518
1760,7555,2519
1791,7556,2519
1721,7557,2519
1773,7558,2520
1782,7559,2520
1697,7560,2520
1721,7561,2521
1791,7562,2521
1761,7563,2521
1679,7564,2522
1793,7565,2522
1765,7566,2522
1768,7567,2523
1799,7568,2523
1735,7569,2523
1741,7570,2524
1800,7571,2524
1771,7572,2524
1684,7573,2525
1797,7574,2525
1783,7575,2525
1682,7576,2526
1798,7577,2526
1775,7578,2526
8,7579,2527
130,7580,2527
325,7581,2527
337,7582,2528
305,7583,2528
13,7584,2528
336,7585,2529
306,7586,2529
305,7587,2529
336,7588,2530
305,7589,2530
337,7590,2530
1803,7591,2531
1912,7592,2531
1852,7593,2531
1852,7594,2532
1878,7595,2532
1803,7596,2532
1841,7597,2533
1886,7598,2533
1880,7599,2533
1815,7600,2534
1871,7601,2534
1864,7602,2534
1858,7603,2535
1898,7604,2535
1884,7605,2535
1855,7606,2536
1865,7607,2536
1856,7608,2536
1871,7609,2537
1885,7610,2537
1864,7611,2537
138,7612,2538
1853,7613,2538
1815,7614,2538
1820,7615,2539
1821,7616,2539
1814,7617,2539
1854,7618,2540
1924,7619,2540
1811,7620,2540
1841,7621,2541
1880,7622,2541
1850,7623,2541
1813,7624,2542
1870,7625,2542
1866,7626,2542
1884,7627,2543
1898,7628,2543
1873,7629,2543
1874,7630,2544
1912,7631,2544
1803,7632,2544
1857,7633,2545
1859,7634,2545
1858,7635,2545
1865,7636,2546
1886,7637,2546
1856,7638,2546
1837,7639,2547
1853,7640,2547
1827,7641,2547
1859,7642,2548
1898,7643,2548
1858,7644,2548
1803,7645,2549
1878,7646,2549
1872,7647,2549
1853,7648,2550
1871,7649,2550
1815,7650,2550
1811,7651,2551
1924,7652,2551
376,7653,2551
1848,7654,2552
1863,7655,2552
1851,7656,2552
352,7657,2553
1820,7658,2553
1814,7659,2553
1848,7660,2554
1851,7661,2554
1814,7662,2554
1818,7663,2555
1857,7664,2555
133,7665,2555
1866,7666,2556
1870,7667,2556
1847,7668,2556
373,7669,2557
1844,7670,2557
374,7671,2557
1818,7672,2558
1859,7673,2558
1857,7674,2558
1867,7675,2559
1904,7676,2559
1806,7677,2559
1806,7678,2560
1902,7679,2560
1867,7680,2560
1811,7681,2561
1900,7682,2561
1854,7683,2561
1808,7684,2562
1885,7685,2562
1850,7686,2562
1850,7687,2563
1890,7688,2563
1808,7689,2563
373,7690,2564
1883,7691,2564
1844,7692,2564
1825,7693,2565
1826,7694,2565
1805,7695,2565
1856,7696,2566
1886,7697,2566
1841,7698,2566
1837,7699,2567
1871,7700,2567
1853,7701,2567
351,7702,2568
1893,7703,2568
1820,7704,2568
369,7705,2569
1891,7706,2569
1881,7707,2569
1856,7708,2570
1899,7709,2570
1804,7710,2570
1841,7711,2571
1901,7712,2571
1856,7713,2571
1822,7714,2572
1893,7715,2572
351,7716,2572
1856,7717,2573
1901,7718,2573
1899,7719,2573
1884,7720,2574
1915,7721,2574
1858,7722,2574
1872,7723,2575
1878,7724,2575
1873,7725,2575
374,7726,2576
1844,7727,2576
1824,7728,2576
1827,7729,2577
1853,7730,2577
1805,7731,2577
1881,7732,2578
1891,7733,2578
1818,7734,2578
1851,7735,2579
1917,7736,2579
354,7737,2579
359,7738,2580
1913,7739,2580
372,7740,2580
1812,7741,2581
1898,7742,2581
1895,7743,2581
136,7744,2582
1825,7745,2582
1805,7746,2582
369,7747,2583
1896,7748,2583
1889,7749,2583
1807,7750,2584
1869,7751,2584
1825,7752,2584
1807,7753,2585
1825,7754,2585
135,7755,2585
1802,7756,2586
1870,7757,2586
168,7758,2586
1861,7759,2587
1882,7760,2587
171,7761,2587
1858,7762,2588
1869,7763,2588
1807,7764,2588
356,7765,2589
1896,7766,2589
357,7767,2589
1819,7768,2590
1894,7769,2590
1867,7770,2590
137,7771,2591
1853,7772,2591
138,7773,2591
353,7774,2592
1851,7775,2592
354,7776,2592
374,7777,2593
1824,7778,2593
375,7779,2593
1892,7780,2594
1894,7781,2594
1819,7782,2594
1889,7783,2595
1896,7784,2595
356,7785,2595
1880,7786,2596
1886,7787,2596
1810,7788,2596
354,7789,2597
1917,7790,2597
1862,7791,2597
379,7792,2598
1860,7793,2598
1810,7794,2598
370,7795,2599
1896,7796,2599
369,7797,2599
133,7798,2600
1857,7799,2600
134,7800,2600
169,7801,2601
1870,7802,2601
1813,7803,2601
1860,7804,2602
1880,7805,2602
1810,7806,2602
1855,7807,2603
1856,7808,2603
1804,7809,2603
1858,7810,2604
1915,7811,2604
1869,7812,2604
1861,7813,2605
1892,7814,2605
1882,7815,2605
1821,7816,2606
1848,7817,2606
1814,7818,2606
1861,7819,2607
1894,7820,2607
1892,7821,2607
1820,7822,2608
1854,7823,2608
1821,7824,2608
1867,7825,2609
1894,7826,2609
1866,7827,2609
1802,7828,2610
1911,7829,2610
1870,7830,2610
1895,7831,2611
1898,7832,2611
1859,7833,2611
167,7834,2612
1921,7835,2612
1842,7836,2612
166,7837,2613
1921,7838,2613
167,7839,2613
165,7840,2614
1855,7841,2614
1804,7842,2614
170,7843,2615
1861,7844,2615
171,7845,2615
10,7846,2616
172,7847,2616
358,7848,2616
370,7849,2617
131,7850,2617
8,7851,2617
1826,7852,2618
1827,7853,2618
1805,7854,2618
368,7855,2619
1891,7856,2619
369,7857,2619
347,7858,2620
1864,7859,2620
348,7860,2620
380,7861,2621
1865,7862,2621
381,7863,2621
1904,7864,2622
1912,7865,2622
1806,7866,2622
1806,7867,2623
1912,7868,2623
1874,7869,2623
1873,7870,2624
1898,7871,2624
1812,7872,2624
1821,7873,2625
1849,7874,2625
1848,7875,2625
1843,7876,2626
1868,7877,2626
1831,7878,2626
1849,7879,2627
1908,7880,2627
1848,7881,2627
1862,7882,2628
1889,7883,2628
355,7884,2628
348,7885,2629
1864,7886,2629
1808,7887,2629
1876,7888,2630
1911,7889,2630
1906,7890,2630
369,7891,2631
1889,7892,2631
368,7893,2631
1826,7894,2632
1828,7895,2632
1827,7896,2632
1810,7897,2633
1865,7898,2633
380,7899,2633
352,7900,2634
1814,7901,2634
353,7902,2634
348,7903,2635
1808,7904,2635
349,7905,2635
375,7906,2636
1811,7907,2636
376,7908,2636
354,7909,2637
1862,7910,2637
355,7911,2637
378,7912,2638
1860,7913,2638
379,7914,2638
1814,7915,2639
1851,7916,2639
353,7917,2639
132,7918,2640
1881,7919,2640
1818,7920,2640
379,7921,2641
1810,7922,2641
380,7923,2641
375,7924,2642
1824,7925,2642
1811,7926,2642
1847,7927,2643
1876,7928,2643
1835,7929,2643
360,7930,2644
1819,7931,2644
361,7932,2644
1828,7933,2645
1830,7934,2645
1827,7935,2645
366,7936,2646
1812,7937,2646
367,7938,2646
364,7939,2647
1803,7940,2647
365,7941,2647
362,7942,2648
1806,7943,2648
363,7944,2648
351,7945,2649
1820,7946,2649
352,7947,2649
1826,7948,2650
1829,7949,2650
1828,7950,2650
1846,7951,2651
1847,7952,2651
1835,7953,2651
1833,7954,2652
1843,7955,2652
1831,7956,2652
1830,7957,2653
1840,7958,2653
1838,7959,2653
165,7960,2654
1804,7961,2654
166,7962,2654
136,7963,2655
1805,7964,2655
137,7965,2655
350,7966,2656
1822,7967,2656
351,7968,2656
167,7969,2657
1802,7970,2657
168,7971,2657
1829,7972,2658
1831,7973,2658
1828,7974,2658
167,7975,2659
1842,7976,2659
1802,7977,2659
134,7978,2660
1807,7979,2660
135,7980,2660
350,7981,2661
1823,7982,2661
1822,7983,2661
135,7984,2662
1825,7985,2662
136,7986,2662
1832,7987,2663
1833,7988,2663
1831,7989,2663
169,7990,2664
1813,7991,2664
170,7992,2664
1803,7993,2665
1872,7994,2665
365,7995,2665
1834,7996,2666
1835,7997,2666
1833,7998,2666
1806,7999,2667
1874,8000,2667
363,8001,2667
1845,8002,2668
1846,8003,2668
1835,8004,2668
1829,8005,2669
1832,8006,2669
1831,8007,2669
1829,8008,2670
1836,8009,2670
1832,8010,2670
132,8011,2671
1818,8012,2671
133,8013,2671
1832,8014,2672
1834,8015,2672
1833,8016,2672
1830,8017,2673
1868,8018,2673
1840,8019,2673
1835,8020,2674
1876,8021,2674
1833,8022,2674
1834,8023,2675
1852,8024,2675
1845,8025,2675
1834,8026,2676
1845,8027,2676
1835,8028,2676
365,8029,2677
1809,8030,2677
364,8031,2677
134,8032,2678
1857,8033,2678
1807,8034,2678
1834,8035,2679
1877,8036,2679
1852,8037,2679
1857,8038,2680
1858,8039,2680
1807,8040,2680
1813,8041,2681
1861,8042,2681
170,8043,2681
1805,8044,2682
1853,8045,2682
137,8046,2682
363,8047,2683
1816,8048,2683
362,8049,2683
168,8050,2684
1870,8051,2684
169,8052,2684
1830,8053,2685
1837,8054,2685
1827,8055,2685
1839,8056,2686
1871,8057,2686
1837,8058,2686
138,8059,2687
1815,8060,2687
139,8061,2687
365,8062,2688
1872,8063,2688
366,8064,2688
363,8065,2689
1874,8066,2689
364,8067,2689
1846,8068,2690
1866,8069,2690
1847,8070,2690
1830,8071,2691
1838,8072,2691
1837,8073,2691
367,8074,2692
1817,8075,2692
366,8076,2692
1872,8077,2693
1873,8078,2693
1812,8079,2693
1846,8080,2694
1867,8081,2694
1866,8082,2694
1809,8083,2695
1875,8084,2695
364,8085,2695
366,8086,2696
1872,8087,2696
1812,8088,2696
364,8089,2697
1874,8090,2697
1803,8091,2697
364,8092,2698
1875,8093,2698
363,8094,2698
1833,8095,2699
1876,8096,2699
1843,8097,2699
1823,8098,2700
1919,8099,2700
1897,8100,2700
1838,8101,2701
1839,8102,2701
1837,8103,2701
164,8104,2702
1855,8105,2702
165,8106,2702
1838,8107,2703
1841,8108,2703
1839,8109,2703
1879,8110,2704
1916,8111,2704
1849,8112,2704
1841,8113,2705
1850,8114,2705
1839,8115,2705
1831,8116,2706
1868,8117,2706
1828,8118,2706
1849,8119,2707
1900,8120,2707
1879,8121,2707
1839,8122,2708
1885,8123,2708
1871,8124,2708
1908,8125,2709
1920,8126,2709
1848,8127,2709
1849,8128,2710
1916,8129,2710
1908,8130,2710
1843,8131,2711
1888,8132,2711
1868,8133,2711
1844,8134,2712
1907,8135,2712
1824,8136,2712
1832,8137,2713
1877,8138,2713
1834,8139,2713
1906,8140,2714
1911,8141,2714
1802,8142,2714
363,8143,2715
1875,8144,2715
1816,8145,2715
372,8146,2716
1913,8147,2716
373,8148,2716
1836,8149,2717
1877,8150,2717
1832,8151,2717
1828,8152,2718
1868,8153,2718
1830,8154,2718
358,8155,2719
1882,8156,2719
359,8157,2719
369,8158,2720
1881,8159,2720
370,8160,2720
1817,8161,2721
1905,8162,2721
1862,8163,2721
1810,8164,2722
1886,8165,2722
1865,8166,2722
1877,8167,2723
1878,8168,2723
1852,8169,2723
1878,8170,2724
1884,8171,2724
1873,8172,2724
131,8173,2725
1881,8174,2725
132,8175,2725
171,8176,2726
1882,8177,2726
172,8178,2726
1867,8179,2727
1902,8180,2727
1819,8181,2727
1823,8182,2728
1897,8183,2728
1822,8184,2728
362,8185,2729
1887,8186,2729
361,8187,2729
373,8188,2730
1913,8189,2730
1883,8190,2730
360,8191,2731
1892,8192,2731
1819,8193,2731
1880,8194,2732
1890,8195,2732
1850,8196,2732
367,8197,2733
1895,8198,2733
368,8199,2733
1818,8200,2734
1891,8201,2734
1859,8202,2734
172,8203,2735
1882,8204,2735
358,8205,2735
370,8206,2736
1881,8207,2736
131,8208,2736
1824,8209,2737
1879,8210,2737
1811,8211,2737
1877,8212,2738
1884,8213,2738
1878,8214,2738
1863,8215,2739
1903,8216,2739
1817,8217,2739
1864,8218,2740
1885,8219,2740
1808,8220,2740
139,8221,2741
1909,8222,2741
7,8223,2741
1820,8224,2742
1893,8225,2742
1854,8226,2742
1836,8227,2743
1918,8228,2743
1869,8229,2743
1836,8230,2744
1884,8231,2744
1877,8232,2744
9,8233,2745
1910,8234,2745
164,8235,2745
7,8236,2746
1909,8237,2746
347,8238,2746
1879,8239,2747
1900,8240,2747
1811,8241,2747
1829,8242,2748
1918,8243,2748
1836,8244,2748
381,8245,2749
1910,8246,2749
9,8247,2749
1903,8248,2750
1920,8249,2750
1809,8250,2750
1842,8251,2751
1899,8252,2751
1888,8253,2751
1850,8254,2752
1885,8255,2752
1839,8256,2752
1838,8257,2753
1901,8258,2753
1841,8259,2753
1897,8260,2754
1919,8261,2754
1860,8262,2754
350,8263,2755
1922,8264,2755
1823,8265,2755
1816,8266,2756
1887,8267,2756
362,8268,2756
1819,8269,2757
1902,8270,2757
361,8271,2757
362,8272,2758
1902,8273,2758
1806,8274,2758
361,8275,2759
1914,8276,2759
360,8277,2759
349,8278,2760
1922,8279,2760
350,8280,2760
1817,8281,2761
1917,8282,2761
1863,8283,2761
1882,8284,2762
1892,8285,2762
359,8286,2762
355,8287,2763
1889,8288,2763
356,8289,2763
365,8290,2764
1903,8291,2764
1809,8292,2764
1862,8293,2765
1905,8294,2765
1889,8295,2765
1864,8296,2766
1909,8297,2766
1815,8298,2766
1876,8299,2767
1906,8300,2767
1843,8301,2767
1887,8302,2768
1907,8303,2768
1844,8304,2768
1817,8305,2769
1903,8306,2769
366,8307,2769
1868,8308,2770
1888,8309,2770
1840,8310,2770
359,8311,2771
1892,8312,2771
360,8313,2771
1846,8314,2772
1904,8315,2772
1867,8316,2772
360,8317,2773
1914,8318,2773
1883,8319,2773
367,8320,2774
1905,8321,2774
1817,8322,2774
1899,8323,2775
1901,8324,2775
1840,8325,2775
1923,8326,2776
1924,8327,2776
1893,8328,2776
347,8329,2777
1909,8330,2777
1864,8331,2777
1825,8332,2778
1918,8333,2778
1826,8334,2778
1855,8335,2779
1910,8336,2779
1865,8337,2779
368,8338,2780
1895,8339,2780
1891,8340,2780
1865,8341,2781
1910,8342,2781
381,8343,2781
1812,8344,2782
1895,8345,2782
367,8346,2782
1866,8347,2783
1894,8348,2783
1813,8349,2783
1863,8350,2784
1917,8351,2784
1851,8352,2784
1862,8353,2785
1917,8354,2785
1817,8355,2785
360,8356,2786
1913,8357,2786
359,8358,2786
1854,8359,2787
1900,8360,2787
1821,8361,2787
357,8362,2788
1896,8363,2788
370,8364,2788
1843,8365,2789
1906,8366,2789
1888,8367,2789
1813,8368,2790
1894,8369,2790
1861,8370,2790
377,8371,2791
1924,8372,2791
1923,8373,2791
1863,8374,2792
1920,8375,2792
1903,8376,2792
378,8377,2793
1897,8378,2793
1860,8379,2793
377,8380,2794
1923,8381,2794
378,8382,2794
1821,8383,2795
1900,8384,2795
1849,8385,2795
1883,8386,2796
1913,8387,2796
360,8388,2796
1869,8389,2797
1918,8390,2797
1825,8391,2797
1840,8392,2798
1901,8393,2798
1838,8394,2798
361,8395,2799
1902,8396,2799
362,8397,2799
1869,8398,2800
1915,8399,2800
1836,8400,2800
1842,8401,2801
1921,8402,2801
1899,8403,2801
366,8404,2802
1903,8405,2802
365,8406,2802
1870,8407,2803
1911,8408,2803
1847,8409,2803
1888,8410,2804
1906,8411,2804
1842,8412,2804
1824,8413,2805
1907,8414,2805
1879,8415,2805
1891,8416,2806
1895,8417,2806
1859,8418,2806
368,8419,2807
1905,8420,2807
367,8421,2807
1888,8422,2808
1899,8423,2808
1840,8424,2808
1845,8425,2809
1904,8426,2809
1846,8427,2809
1893,8428,2810
1924,8429,2810
1854,8430,2810
1889,8431,2811
1905,8432,2811
368,8433,2811
1907,8434,2812
1916,8435,2812
1879,8436,2812
1842,8437,2813
1906,8438,2813
1802,8439,2813
1809,8440,2814
1908,8441,2814
1875,8442,2814
1848,8443,2815
1920,8444,2815
1863,8445,2815
1847,8446,2816
1911,8447,2816
1876,8448,2816
1808,8449,2817
1922,8450,2817
349,8451,2817
1815,8452,2818
1909,8453,2818
139,8454,2818
1845,8455,2819
1912,8456,2819
1904,8457,2819
1880,8458,2820
1919,8459,2820
1890,8460,2820
378,8461,2821
1923,8462,2821
1897,8463,2821
164,8464,2822
1910,8465,2822
1855,8466,2822
1852,8467,2823
1912,8468,2823
1845,8469,2823
1826,8470,2824
1918,8471,2824
1829,8472,2824
1836,8473,2825
1915,8474,2825
1884,8475,2825
1860,8476,2826
1919,8477,2826
1880,8478,2826
1804,8479,2827
1921,8480,2827
166,8481,2827
376,8482,2828
1924,8483,2828
377,8484,2828
1816,8485,2829
1907,8486,2829
1887,8487,2829
1816,8488,2830
1916,8489,2830
1907,8490,2830
1887,8491,2831
1914,8492,2831
361,8493,2831
1897,8494,2832
1923,8495,2832
1822,8496,2832
1822,8497,2833
1923,8498,2833
1893,8499,2833
1875,8500,2834
1916,8501,2834
1816,8502,2834
1908,8503,2835
1916,8504,2835
1875,8505,2835
1883,8506,2836
1914,8507,2836
1844,8508,2836
1890,8509,2837
1922,8510,2837
1808,8511,2837
1844,8512,2838
1914,8513,2838
1887,8514,2838
1890,8515,2839
1919,8516,2839
1823,8517,2839
1823,8518,2840
1922,8519,2840
1890,8520,2840
1809,8521,2841
1920,8522,2841
1908,8523,2841
1899,8524,2842
1921,8525,2842
1804,8526,2842
370,8527,2843
8,8528,2843
357,8529,2843
359,8530,2844
372,8531,2844
371,8532,2844
10,8533,2845
358,8534,2845
371,8535,2845
371,8536,2846
358,8537,2846
359,8538,2846
1936,8539,2847
1972,8540,2847
385,8541,2847
1954,8542,2848
1975,8543,2848
1973,8544,2848
1936,8545,2849
1976,8546,2849
1972,8547,2849
1943,8548,2850
2006,8549,2850
1974,8550,2850
1981,8551,2851
2011,8552,2851
1931,8553,2851
1983,8554,2852
1990,8555,2852
1940,8556,2852
1973,8557,2853
2023,8558,2853
1954,8559,2853
2011,8560,2854
2037,8561,2854
1931,8562,2854
1979,8563,2855
1996,8564,2855
1980,8565,2855
1974,8566,2856
1997,8567,2856
1943,8568,2856
393,8569,2857
2027,8570,2857
1946,8571,2857
1940,8572,2858
2026,8573,2858
1983,8574,2858
1943,8575,2859
1997,8576,2859
179,8577,2859
393,8578,2860
1946,8579,2860
394,8580,2860
1996,8581,2861
2007,8582,2861
1980,8583,2861
396,8584,2862
1974,8585,2862
1934,8586,2862
178,8587,2863
1943,8588,2863
179,8589,2863
1972,8590,2864
1984,8591,2864
1925,8592,2864
421,8593,2865
1979,8594,2865
1941,8595,2865
398,8596,2866
1969,8597,2866
399,8598,2866
1979,8599,2867
1980,8600,2867
1941,8601,2867
1928,8602,2868
1991,8603,2868
1950,8604,2868
1937,8605,2869
1983,8606,2869
1971,8607,2869
1988,8608,2870
2003,8609,2870
1942,8610,2870
1974,8611,2871
2006,8612,2871
1934,8613,2871
1929,8614,2872
1987,8615,2872
1986,8616,2872
2011,8617,2873
2042,8618,2873
1946,8619,2873
1977,8620,2874
2035,8621,2874
1939,8622,2874
1992,8623,2875
2037,8624,2875
1993,8625,2875
1926,8626,2876
1998,8627,2876
1985,8628,2876
1969,8629,2877
2008,8630,2877
399,8631,2877
1981,8632,2878
2042,8633,2878
2011,8634,2878
1993,8635,2879
2032,8636,2879
1992,8637,2879
2004,8638,2880
2016,8639,2880
413,8640,2880
1925,8641,2881
1984,8642,2881
1973,8643,2881
1944,8644,2882
2006,8645,2882
1943,8646,2882
1932,8647,2883
2001,8648,2883
1994,8649,2883
2012,8650,2884
2014,8651,2884
1975,8652,2884
1950,8653,2885
1991,8654,2885
1962,8655,2885
1964,8656,2886
2014,8657,2886
2012,8658,2886
1947,8659,2887
1969,8660,2887
398,8661,2887
1939,8662,2888
2031,8663,2888
1977,8664,2888
1978,8665,2889
2022,8666,2889
1989,8667,2889
1941,8668,2890
2016,8669,2890
2004,8670,2890
400,8671,2891
2038,8672,2891
403,8673,2891
387,8674,2892
1970,8675,2892
388,8676,2892
1988,8677,2893
2028,8678,2893
2003,8679,2893
1996,8680,2894
2024,8681,2894
1967,8682,2894
2013,8683,2895
2020,8684,2895
413,8685,2895
2001,8686,2896
2035,8687,2896
1994,8688,2896
1929,8689,2897
2015,8690,2897
1987,8691,2897
385,8692,2898
1972,8693,2898
386,8694,2898
1995,8695,2899
2022,8696,2899
1978,8697,2899
177,8698,2900
1983,8699,2900
1937,8700,2900
1992,8701,2901
2032,8702,2901
1938,8703,2901
173,8704,2902
2020,8705,2902
174,8706,2902
1986,8707,2903
1988,8708,2903
1929,8709,2903
397,8710,2904
1947,8711,2904
398,8712,2904
417,8713,2905
1991,8714,2905
1928,8715,2905
1931,8716,2906
2037,8717,2906
1992,8718,2906
1935,8719,2907
2019,8720,2907
2007,8721,2907
1970,8722,2908
2040,8723,2908
388,8724,2908
1954,8725,2909
2012,8726,2909
1975,8727,2909
174,8728,2910
2020,8729,2910
2013,8730,2910
1968,8731,2911
1996,8732,2911
1967,8733,2911
181,8734,2912
1981,8735,2912
1931,8736,2912
413,8737,2913
2020,8738,2913
414,8739,2913
420,8740,2914
1979,8741,2914
421,8742,2914
1965,8743,2915
1995,8744,2915
1964,8745,2915
1985,8746,2916
2034,8747,2916
1926,8748,2916
1934,8749,2917
2029,8750,2917
1977,8751,2917
176,8752,2918
1990,8753,2918
1983,8754,2918
1930,8755,2919
2024,8756,2919
1996,8757,2919
1972,8758,2920
2041,8759,2920
1984,8760,2920
2007,8761,2921
2019,8762,2921
1980,8763,2921
1933,8764,2922
2027,8765,2922
393,8766,2922
2006,8767,2923
2029,8768,2923
1934,8769,2923
1938,8770,2924
1991,8771,2924
416,8772,2924
389,8773,2925
1978,8774,2925
390,8775,2925
1942,8776,2926
2036,8777,2926
1988,8778,2926
390,8779,2927
2025,8780,2927
16,8781,2927
15,8782,2928
402,8783,2928
382,8784,2928
414,8785,2929
10,8786,2929
423,8787,2929
384,8788,2930
1982,8789,2930
1936,8790,2930
16,8791,2931
2025,8792,2931
391,8793,2931
1939,8794,2932
2035,8795,2932
2001,8796,2932
1983,8797,2933
2026,8798,2933
1971,8799,2933
1948,8800,2934
2044,8801,2934
418,8802,2934
1982,8803,2935
2045,8804,2935
1936,8805,2935
413,8806,2936
2016,8807,2936
412,8808,2936
418,8809,2937
2044,8810,2937
419,8811,2937
182,8812,2938
1992,8813,2938
183,8814,2938
391,8815,2939
1989,8816,2939
392,8817,2939
1946,8818,2940
2027,8819,2940
2011,8820,2940
1936,8821,2941
2003,8822,2941
1976,8823,2941
1976,8824,2942
2028,8825,2942
1961,8826,2942
1949,8827,2943
1999,8828,2943
1948,8829,2943
175,8830,2944
2013,8831,2944
1990,8832,2944
1961,8833,2945
2041,8834,2945
1976,8835,2945
1931,8836,2946
1992,8837,2946
182,8838,2946
412,8839,2947
2013,8840,2947
413,8841,2947
392,8842,2948
1989,8843,2948
1933,8844,2948
1934,8845,2949
1977,8846,2949
1947,8847,2949
177,8848,2950
1937,8849,2950
178,8850,2950
181,8851,2951
1931,8852,2951
182,8853,2951
180,8854,2952
1981,8855,2952
181,8856,2952
396,8857,2953
1934,8858,2953
397,8859,2953
1937,8860,2954
1943,8861,2954
178,8862,2954
1995,8863,2955
2014,8864,2955
1964,8865,2955
176,8866,2956
1983,8867,2956
177,8868,2956
175,8869,2957
1990,8870,2957
176,8871,2957
383,8872,2958
2005,8873,2958
1982,8874,2958
1941,8875,2959
2004,8876,2959
422,8877,2959
1971,8878,2960
1994,8879,2960
1944,8880,2960
1937,8881,2961
1971,8882,2961
1944,8883,2961
1963,8884,2962
1993,8885,2962
1966,8886,2962
2003,8887,2963
2028,8888,2963
1976,8889,2963
392,8890,2964
1933,8891,2964
393,8892,2964
1934,8893,2965
1947,8894,2965
397,8895,2965
1937,8896,2966
1944,8897,2966
1943,8898,2966
405,8899,2967
1942,8900,2967
404,8901,2967
1958,8902,2968
1984,8903,2968
1961,8904,2968
411,8905,2969
1935,8906,2969
410,8907,2969
409,8908,2970
1926,8909,2970
408,8910,2970
407,8911,2971
1929,8912,2971
406,8913,2971
1951,8914,2972
1952,8915,2972
1949,8916,2972
395,8917,2973
1974,8918,2973
396,8919,2973
388,8920,2974
1927,8921,2974
389,8922,2974
2005,8923,2975
2017,8924,2975
1982,8925,2975
1951,8926,2976
1954,8927,2976
1952,8928,2976
1959,8929,2977
1967,8930,2977
1956,8931,2977
417,8932,2978
1928,8933,2978
418,8934,2978
394,8935,2979
1945,8936,2979
395,8937,2979
386,8938,2980
1925,8939,2980
387,8940,2980
1954,8941,2981
1955,8942,2981
1952,8943,2981
1928,8944,2982
1949,8945,2982
1948,8946,2982
419,8947,2983
1930,8948,2983
420,8949,2983
1958,8950,2984
1961,8951,2984
1960,8952,2984
1928,8953,2985
1948,8954,2985
418,8955,2985
1925,8956,2986
1970,8957,2986
387,8958,2986
1987,8959,2987
2002,8960,2987
1960,8961,2987
1925,8962,2988
1973,8963,2988
1970,8964,2988
1963,8965,2989
1964,8966,2989
1953,8967,2989
1955,8968,2990
1958,8969,2990
1957,8970,2990
1955,8971,2991
1956,8972,2991
1952,8973,2991
384,8974,2992
1936,8975,2992
385,8976,2992
1936,8977,2993
2045,8978,2993
2003,8979,2993
1935,8980,2994
1998,8981,2994
410,8982,2994
394,8983,2995
1946,8984,2995
1945,8985,2995
1959,8986,2996
1968,8987,2996
1967,8988,2996
386,8989,2997
1972,8990,2997
1925,8991,2997
383,8992,2998
1982,8993,2998
384,8994,2998
1958,8995,2999
1960,8996,2999
1957,8997,2999
1961,8998,3000
1986,8999,3000
1960,9000,3000
421,9001,3001
1941,9002,3001
422,9003,3001
1989,9004,3002
2022,9005,3002
1933,9006,3002
1957,9007,3003
1959,9008,3003
1956,9009,3003
416,9010,3004
1991,9011,3004
417,9012,3004
1986,9013,3005
1987,9014,3005
1960,9015,3005
1973,9016,3006
1975,9017,3006
1970,9018,3006
1955,9019,3007
1957,9020,3007
1956,9021,3007
1959,9022,3008
1985,9023,3008
1968,9024,3008
408,9025,3009
1932,9026,3009
409,9027,3009
1930,9028,3010
1979,9029,3010
420,9030,3010
406,9031,3011
1939,9032,3011
407,9033,3011
407,9034,3012
2001,9035,3012
408,9036,3012
1950,9037,3013
1951,9038,3013
1949,9039,3013
1928,9040,3014
1950,9041,3014
1949,9042,3014
1963,9043,3015
1965,9044,3015
1964,9045,3015
415,9046,3016
1938,9047,3016
416,9048,3016
410,9049,3017
1998,9050,3017
409,9051,3017
1952,9052,3018
1999,9053,3018
1949,9054,3018
410,9055,3019
1940,9056,3019
411,9057,3019
1950,9058,3020
1962,9059,3020
1953,9060,3020
1950,9061,3021
1953,9062,3021
1951,9063,3021
1930,9064,3022
1996,9065,3022
1979,9066,3022
1962,9067,3023
1993,9068,3023
1963,9069,3023
1962,9070,3024
1963,9071,3024
1953,9072,3024
409,9073,3025
1998,9074,3025
1926,9075,3025
1963,9076,3026
1966,9077,3026
1965,9078,3026
1932,9079,3027
2000,9080,3027
409,9081,3027
409,9082,3028
2000,9083,3028
410,9084,3028
1927,9085,3029
1995,9086,3029
1978,9087,3029
1927,9088,3030
1978,9089,3030
389,9090,3030
408,9091,3031
2001,9092,3031
1932,9093,3031
1939,9094,3032
2001,9095,3032
407,9096,3032
1967,9097,3033
1999,9098,3033
1956,9099,3033
1984,9100,3034
2023,9101,3034
1973,9102,3034
1947,9103,3035
2031,9104,3035
1969,9105,3035
1964,9106,3036
2012,9107,3036
1953,9108,3036
1933,9109,3037
2022,9110,3037
2010,9111,3037
180,9112,3038
2042,9113,3038
1981,9114,3038
1956,9115,3039
1999,9116,3039
1952,9117,3039
399,9118,3040
2038,9119,3040
400,9120,3040
1951,9121,3041
2012,9122,3041
1954,9123,3041
410,9124,3042
2000,9125,3042
1940,9126,3042
1960,9127,3043
2002,9128,3043
1957,9129,3043
1959,9130,3044
2002,9131,3044
1985,9132,3044
403,9133,3045
2005,9134,3045
402,9135,3045
414,9136,3046
2004,9137,3046
413,9138,3046
1990,9139,3047
2030,9140,3047
1940,9141,3047
1938,9142,3048
2032,9143,3048
1991,9144,3048
422,9145,3049
2004,9146,3049
423,9147,3049
382,9148,3050
2005,9149,3050
383,9150,3050
1998,9151,3051
2021,9152,3051
1985,9153,3051
405,9154,3052
2009,9155,3052
406,9156,3052
1926,9157,3053
2015,9158,3053
408,9159,3053
407,9160,3054
2015,9161,3054
1929,9162,3054
1999,9163,3055
2024,9164,3055
1948,9165,3055
2008,9166,3056
2038,9167,3056
399,9168,3056
1997,9169,3057
2018,9170,3057
179,9171,3057
412,9172,3058
2019,9173,3058
411,9174,3058
1980,9175,3059
2016,9176,3059
1941,9177,3059
1942,9178,3060
2017,9179,3060
404,9180,3060
402,9181,3061
2005,9182,3061
382,9183,3061
423,9184,3062
2004,9185,3062
414,9186,3062
1957,9187,3063
2002,9188,3063
1959,9189,3063
1968,9190,3064
2007,9191,3064
1996,9192,3064
1926,9193,3065
2034,9194,3065
2015,9195,3065
1989,9196,3066
2025,9197,3066
1978,9198,3066
1966,9199,3067
2037,9200,3067
2011,9201,3067
9,9202,3068
2033,9203,3068
415,9204,3068
388,9205,3069
2040,9206,3069
1927,9207,3069
1958,9208,3070
2023,9209,3070
1984,9210,3070
183,9211,3071
2033,9212,3071
9,9213,3071
1954,9214,3072
2023,9215,3072
1955,9216,3072
1988,9217,3073
2036,9218,3073
1929,9219,3073
1966,9220,3074
2011,9221,3074
2010,9222,3074
2018,9223,3075
2042,9224,3075
180,9225,3075
406,9226,3076
2009,9227,3076
1939,9228,3076
1991,9229,3077
2032,9230,3077
1962,9231,3077
404,9232,3078
2039,9233,3078
405,9234,3078
1978,9235,3079
2025,9236,3079
390,9237,3079
174,9238,3080
2013,9239,3080
175,9240,3080
408,9241,3081
2015,9242,3081
407,9243,3081
2007,9244,3082
2021,9245,3082
1935,9246,3082
403,9247,3083
2017,9248,3083
2005,9249,3083
1976,9250,3084
2041,9251,3084
1972,9252,3084
405,9253,3085
2036,9254,3085
1942,9255,3085
2013,9256,3086
2030,9257,3086
1990,9258,3086
1929,9259,3087
2036,9260,3087
406,9261,3087
2015,9262,3088
2034,9263,3088
1987,9264,3088
1938,9265,3089
2033,9266,3089
1992,9267,3089
1969,9268,3090
2031,9269,3090
2009,9270,3090
2008,9271,3091
2039,9272,3091
404,9273,3091
1953,9274,3092
2012,9275,3092
1951,9276,3092
1966,9277,3093
2010,9278,3093
1965,9279,3093
1927,9280,3094
2014,9281,3094
1995,9282,3094
1940,9283,3095
2030,9284,3095
411,9285,3095
179,9286,3096
2018,9287,3096
180,9288,3096
404,9289,3097
2017,9290,3097
403,9291,3097
1992,9292,3098
2033,9293,3098
183,9294,3098
2016,9295,3099
2019,9296,3099
412,9297,3099
391,9298,3100
2025,9299,3100
1989,9300,3100
1945,9301,3101
2018,9302,3101
1997,9303,3101
411,9304,3102
2019,9305,3102
1935,9306,3102
1994,9307,3103
2043,9308,3103
1932,9309,3103
2014,9310,3104
2040,9311,3104
1975,9312,3104
403,9313,3105
2038,9314,3105
404,9315,3105
414,9316,3106
2020,9317,3106
173,9318,3106
1961,9319,3107
2028,9320,3107
1986,9321,3107
1965,9322,3108
2022,9323,3108
1995,9324,3108
1955,9325,3109
2023,9326,3109
1958,9327,3109
1975,9328,3110
2040,9329,3110
1970,9330,3110
1935,9331,3111
2021,9332,3111
1998,9333,3111
1977,9334,3112
2031,9335,3112
1947,9336,3112
1994,9337,3113
2029,9338,3113
1944,9339,3113
404,9340,3114
2038,9341,3114
2008,9342,3114
1986,9343,3115
2028,9344,3115
1988,9345,3115
1985,9346,3116
2021,9347,3116
1968,9348,3116
2000,9349,3117
2026,9350,3117
1940,9351,3117
1967,9352,3118
2024,9353,3118
1999,9354,3118
2002,9355,3119
2034,9356,3119
1985,9357,3119
1946,9358,3120
2042,9359,3120
1945,9360,3120
1944,9361,3121
2029,9362,3121
2006,9363,3121
1968,9364,3122
2021,9365,3122
2007,9366,3122
2010,9367,3123
2022,9368,3123
1965,9369,3123
2011,9370,3124
2027,9371,3124
2010,9372,3124
1984,9373,3125
2041,9374,3125
1961,9375,3125
1971,9376,3126
2043,9377,3126
1994,9378,3126
1980,9379,3127
2019,9380,3127
2016,9381,3127
411,9382,3128
2030,9383,3128
412,9384,3128
412,9385,3129
2030,9386,3129
2013,9387,3129
1993,9388,3130
2037,9389,3130
1966,9390,3130
1987,9391,3131
2034,9392,3131
2002,9393,3131
415,9394,3132
2033,9395,3132
1938,9396,3132
1997,9397,3133
2046,9398,3133
1945,9399,3133
1962,9400,3134
2032,9401,3134
1993,9402,3134
1942,9403,3135
2045,9404,3135
2017,9405,3135
2010,9406,3136
2027,9407,3136
1933,9408,3136
406,9409,3137
2036,9410,3137
405,9411,3137
2024,9412,3138
2044,9413,3138
1948,9414,3138
395,9415,3139
2046,9416,3139
1974,9417,3139
2009,9418,3140
2031,9419,3140
1939,9420,3140
1945,9421,3141
2046,9422,3141
395,9423,3141
419,9424,3142
2044,9425,3142
1930,9426,3142
2003,9427,3143
2045,9428,3143
1942,9429,3143
405,9430,3144
2039,9431,3144
2009,9432,3144
1932,9433,3145
2043,9434,3145
2000,9435,3145
1945,9436,3146
2042,9437,3146
2018,9438,3146
1969,9439,3147
2039,9440,3147
2008,9441,3147
1974,9442,3148
2046,9443,3148
1997,9444,3148
2009,9445,3149
2039,9446,3149
1969,9447,3149
1927,9448,3150
2040,9449,3150
2014,9450,3150
2000,9451,3151
2043,9452,3151
2026,9453,3151
2026,9454,3152
2043,9455,3152
1971,9456,3152
1994,9457,3153
2035,9458,3153
2029,9459,3153
2017,9460,3154
2045,9461,3154
1982,9462,3154
2029,9463,3155
2035,9464,3155
1977,9465,3155
1930,9466,3156
2044,9467,3156
2024,9468,3156
414,9469,3157
173,9470,3157
10,9471,3157
403,9472,3158
401,9473,3158
400,9474,3158
401,9475,3159
403,9476,3159
402,9477,3159
15,9478,3160
401,9479,3160
402,9480,3160
2058,9481,3161
2095,9482,3161
213,9483,3161
2076,9484,3162
2098,9485,3162
2096,9486,3162
2058,9487,3163
2100,9488,3163
2095,9489,3163
2065,9490,3164
2066,9491,3164
2059,9492,3164
2099,9493,3165
2171,9494,3165
2056,9495,3165
2096,9496,3166
2144,9497,3166
2076,9498,3166
2102,9499,3167
2118,9500,3167
2103,9501,3167
2118,9502,3168
2129,9503,3168
2103,9504,3168
2056,9505,3169
2171,9506,3169
396,9507,3169
202,9508,3170
2065,9509,3170
2059,9510,3170
2093,9511,3171
2113,9512,3171
2097,9513,3171
2095,9514,3172
2106,9515,3172
2047,9516,3172
2093,9517,3173
2097,9518,3173
2059,9519,3173
439,9520,3174
2102,9521,3174
2063,9522,3174
399,9523,3175
2091,9524,3175
398,9525,3175
2102,9526,3176
2103,9527,3176
2063,9528,3176
2050,9529,3177
2114,9530,3177
2072,9531,3177
2110,9532,3178
2124,9533,3178
2064,9534,3178
2051,9535,3179
2109,9536,3179
2108,9537,3179
2056,9538,3180
2146,9539,3180
2099,9540,3180
203,9541,3181
2152,9542,3181
2143,9543,3181
2048,9544,3182
2119,9545,3182
2107,9546,3182
2115,9547,3183
2159,9548,3183
2116,9549,3183
399,9550,3184
2130,9551,3184
2091,9552,3184
2116,9553,3185
2154,9554,3185
2115,9555,3185
2125,9556,3186
2137,9557,3186
435,9558,3186
2047,9559,3187
2106,9560,3187
2096,9561,3187
203,9562,3188
2143,9563,3188
2065,9564,3188
2088,9565,3189
2127,9566,3189
2087,9567,3189
2127,9568,3190
2141,9569,3190
2087,9570,3190
2133,9571,3191
2135,9572,3191
2098,9573,3191
2072,9574,3192
2114,9575,3192
2084,9576,3192
2086,9577,3193
2135,9578,3193
2133,9579,3193
398,9580,3194
2091,9581,3194
2069,9582,3194
2063,9583,3195
2137,9584,3195
2125,9585,3195
2097,9586,3196
2165,9587,3196
200,9588,3196
435,9589,3197
2160,9590,3197
400,9591,3197
211,9592,3198
2092,9593,3198
210,9594,3198
2110,9595,3199
2149,9596,3199
2124,9597,3199
2118,9598,3200
2145,9599,3200
2089,9600,3200
425,9601,3201
2140,9602,3201
2134,9603,3201
2051,9604,3202
2136,9605,3202
2109,9606,3202
213,9607,3203
2095,9608,3203
212,9609,3203
2115,9610,3204
2154,9611,3204
2060,9612,3204
198,9613,3205
2140,9614,3205
197,9615,3205
2108,9616,3206
2110,9617,3206
2051,9618,3206
201,9619,3207
2097,9620,3207
200,9621,3207
398,9622,3208
2069,9623,3208
397,9624,3208
443,9625,3209
2114,9626,3209
2050,9627,3209
2053,9628,3210
2159,9629,3210
2115,9630,3210
2057,9631,3211
2139,9632,3211
2129,9633,3211
2092,9634,3212
2163,9635,3212
210,9636,3212
2076,9637,3213
2133,9638,3213
2098,9639,3213
2134,9640,3214
2140,9641,3214
198,9642,3214
2090,9643,3215
2118,9644,3215
2089,9645,3215
205,9646,3216
2104,9647,3216
204,9648,3216
200,9649,3217
2165,9650,3217
2112,9651,3217
424,9652,3218
2140,9653,3218
425,9654,3218
440,9655,3219
2102,9656,3219
439,9657,3219
2087,9658,3220
2117,9659,3220
2086,9660,3220
2107,9661,3221
2156,9662,3221
2048,9663,3221
2066,9664,3222
2093,9665,3222
2059,9666,3222
2052,9667,3223
2145,9668,3223
2118,9669,3223
2065,9670,3224
2099,9671,3224
2066,9672,3224
2095,9673,3225
2164,9674,3225
2106,9675,3225
2129,9676,3226
2139,9677,3226
2103,9678,3226
2060,9679,3227
2114,9680,3227
444,9681,3227
209,9682,3228
2101,9683,3228
208,9684,3228
2064,9685,3229
2158,9686,3229
2110,9687,3229
2068,9688,3230
2157,9689,3230
394,9690,3230
208,9691,3231
2147,9692,3231
4,9693,3231
3,9694,3232
424,9695,3232
216,9696,3232
436,9697,3233
15,9698,3233
437,9699,3233
394,9700,3234
2157,9701,3234
393,9702,3234
214,9703,3235
2105,9704,3235
2058,9705,3235
4,9706,3236
2147,9707,3236
207,9708,3236
2070,9709,3237
2168,9710,3237
442,9711,3237
2105,9712,3238
2169,9713,3238
2058,9714,3238
435,9715,3239
2137,9716,3239
434,9717,3239
442,9718,3240
2168,9719,3240
441,9720,3240
392,9721,3241
2115,9722,3241
391,9723,3241
207,9724,3242
2111,9725,3242
206,9726,3242
2104,9727,3243
2132,9728,3243
204,9729,3243
395,9730,3244
2143,9731,3244
2067,9732,3244
2058,9733,3245
2124,9734,3245
2100,9735,3245
2100,9736,3246
2149,9737,3246
2083,9738,3246
2071,9739,3247
2120,9740,3247
2070,9741,3247
2066,9742,3248
2094,9743,3248
2093,9744,3248
2087,9745,3249
2141,9746,3249
2117,9747,3249
2094,9748,3250
2153,9749,3250
2093,9750,3250
2112,9751,3251
2134,9752,3251
199,9753,3251
2083,9754,3252
2164,9755,3252
2100,9756,3252
2053,9757,3253
2115,9758,3253
392,9759,3253
425,9760,3254
2134,9761,3254
426,9762,3254
206,9763,3255
2111,9764,3255
2055,9765,3255
202,9766,3256
2059,9767,3256
201,9768,3256
393,9769,3257
2053,9770,3257
392,9771,3257
397,9772,3258
2056,9773,3258
396,9774,3258
2117,9775,3259
2135,9776,3259
2086,9777,3259
2055,9778,3260
2104,9779,3260
205,9780,3260
200,9781,3261
2112,9782,3261
199,9783,3261
2059,9784,3262
2097,9785,3262
201,9786,3262
215,9787,3263
2126,9788,3263
2105,9789,3263
2063,9790,3264
2125,9791,3264
438,9792,3264
2085,9793,3265
2116,9794,3265
2088,9795,3265
206,9796,3266
2055,9797,3266
205,9798,3266
397,9799,3267
2069,9800,3267
2056,9801,3267
2124,9802,3268
2149,9803,3268
2100,9804,3268
427,9805,3269
2064,9806,3269
426,9807,3269
2080,9808,3270
2106,9809,3270
2083,9810,3270
433,9811,3271
2057,9812,3271
432,9813,3271
431,9814,3272
2048,9815,3272
430,9816,3272
429,9817,3273
2051,9818,3273
428,9819,3273
203,9820,3274
2065,9821,3274
202,9822,3274
2073,9823,3275
2074,9824,3275
2071,9825,3275
210,9826,3276
2049,9827,3276
209,9828,3276
2126,9829,3277
2138,9830,3277
2105,9831,3277
2073,9832,3278
2076,9833,3278
2074,9834,3278
2081,9835,3279
2089,9836,3279
2078,9837,3279
443,9838,3280
2050,9839,3280
442,9840,3280
395,9841,3281
2067,9842,3281
394,9843,3281
212,9844,3282
2047,9845,3282
211,9846,3282
2076,9847,3283
2077,9848,3283
2074,9849,3283
2050,9850,3284
2071,9851,3284
2070,9852,3284
441,9853,3285
2052,9854,3285
440,9855,3285
2080,9856,3286
2083,9857,3286
2082,9858,3286
2050,9859,3287
2070,9860,3287
442,9861,3287
2067,9862,3288
2068,9863,3288
394,9864,3288
2047,9865,3289
2092,9866,3289
211,9867,3289
2109,9868,3290
2123,9869,3290
2082,9870,3290
2047,9871,3291
2096,9872,3291
2092,9873,3291
2085,9874,3292
2086,9875,3292
2075,9876,3292
2077,9877,3293
2080,9878,3293
2079,9879,3293
2077,9880,3294
2078,9881,3294
2074,9882,3294
214,9883,3295
2058,9884,3295
213,9885,3295
2058,9886,3296
2169,9887,3296
2124,9888,3296
431,9889,3297
2119,9890,3297
2048,9891,3297
2081,9892,3298
2090,9893,3298
2089,9894,3298
212,9895,3299
2095,9896,3299
2047,9897,3299
215,9898,3300
2105,9899,3300
214,9900,3300
2080,9901,3301
2082,9902,3301
2079,9903,3301
2083,9904,3302
2108,9905,3302
2082,9906,3302
439,9907,3303
2063,9908,3303
438,9909,3303
2079,9910,3304
2081,9911,3304
2078,9912,3304
444,9913,3305
2114,9914,3305
443,9915,3305
2108,9916,3306
2109,9917,3306
2082,9918,3306
2096,9919,3307
2098,9920,3307
2092,9921,3307
2077,9922,3308
2079,9923,3308
2078,9924,3308
2081,9925,3309
2107,9926,3309
2090,9927,3309
429,9928,3310
2054,9929,3310
430,9930,3310
2052,9931,3311
2102,9932,3311
440,9933,3311
431,9934,3312
2061,9935,3312
432,9936,3312
2072,9937,3313
2073,9938,3313
2071,9939,3313
2050,9940,3314
2072,9941,3314
2071,9942,3314
2085,9943,3315
2087,9944,3315
2086,9945,3315
445,9946,3316
2060,9947,3316
444,9948,3316
432,9949,3317
2119,9950,3317
431,9951,3317
2074,9952,3318
2120,9953,3318
2071,9954,3318
427,9955,3319
2062,9956,3319
428,9957,3319
2072,9958,3320
2084,9959,3320
2075,9960,3320
2072,9961,3321
2075,9962,3321
2073,9963,3321
2054,9964,3322
2121,9965,3322
430,9966,3322
2052,9967,3323
2118,9968,3323
2102,9969,3323
2084,9970,3324
2116,9971,3324
2085,9972,3324
2084,9973,3325
2085,9974,3325
2075,9975,3325
2057,9976,3326
2119,9977,3326
432,9978,3326
430,9979,3327
2121,9980,3327
431,9981,3327
2085,9982,3328
2088,9983,3328
2087,9984,3328
2049,9985,3329
2117,9986,3329
2101,9987,3329
2049,9988,3330
2101,9989,3330
209,9990,3330
2122,9991,3331
2162,9992,3331
2094,9993,3331
2089,9994,3332
2120,9995,3332
2078,9996,3332
2094,9997,3333
2146,9998,3333
2122,9999,3333
2153,10000,3334
2167,10001,3334
2093,10002,3334
2094,10003,3335
2162,10004,3335
2153,10005,3335
2106,10006,3336
2144,10007,3336
2096,10008,3336
2091,10009,3337
2151,10010,3337
2069,10011,3337
395,10012,3338
2171,10013,3338
2143,10014,3338
2086,10015,3339
2133,10016,3339
2075,10017,3339
431,10018,3340
2121,10019,3340
2061,10020,3340
2078,10021,3341
2120,10022,3341
2074,10023,3341
400,10024,3342
2160,10025,3342
399,10026,3342
2073,10027,3343
2133,10028,3343
2076,10029,3343
2082,10030,3344
2123,10031,3344
2079,10032,3344
2081,10033,3345
2123,10034,3345
2107,10035,3345
425,10036,3346
2126,10037,3346
424,10038,3346
2062,10039,3347
2150,10040,3347
2112,10041,3347
436,10042,3348
2125,10043,3348
435,10044,3348
2119,10045,3349
2142,10046,3349
2107,10047,3349
2060,10048,3350
2154,10049,3350
2114,10050,3350
438,10051,3351
2125,10052,3351
437,10053,3351
216,10054,3352
2126,10055,3352
215,10056,3352
2055,10057,3353
2127,10058,3353
2104,10059,3353
432,10060,3354
2131,10061,3354
433,10062,3354
2048,10063,3355
2136,10064,3355
430,10065,3355
429,10066,3356
2136,10067,3356
2051,10068,3356
2120,10069,3357
2145,10070,3357
2070,10071,3357
399,10072,3358
2160,10073,3358
2130,10074,3358
434,10075,3359
2139,10076,3359
433,10077,3359
2103,10078,3360
2137,10079,3360
2063,10080,3360
2064,10081,3361
2138,10082,3361
426,10083,3361
424,10084,3362
2126,10085,3362
216,10086,3362
437,10087,3363
2125,10088,3363
436,10089,3363
2069,10090,3364
2122,10091,3364
2056,10092,3364
2079,10093,3365
2123,10094,3365
2081,10095,3365
2113,10096,3366
2148,10097,3366
2062,10098,3366
2055,10099,3367
2141,10100,3367
2127,10101,3367
2090,10102,3368
2129,10103,3368
2118,10104,3368
2048,10105,3369
2156,10106,3369
2136,10107,3369
16,10108,3370
2155,10109,3370
445,10110,3370
210,10111,3371
2163,10112,3371
2049,10113,3371
2080,10114,3372
2144,10115,3372
2106,10116,3372
391,10117,3373
2155,10118,3373
16,10119,3373
2076,10120,3374
2144,10121,3374
2077,10122,3374
2122,10123,3375
2146,10124,3375
2056,10125,3375
2148,10126,3376
2167,10127,3376
2054,10128,3376
2110,10129,3377
2158,10130,3377
2051,10131,3377
2141,10132,3378
2170,10133,3378
2117,10134,3378
2061,10135,3379
2131,10136,3379
432,10137,3379
2101,10138,3380
2147,10139,3380
208,10140,3380
2067,10141,3381
2132,10142,3381
2068,10143,3381
2114,10144,3382
2154,10145,3382
2084,10146,3382
433,10147,3383
2161,10148,3383
434,10149,3383
2088,10150,3384
2128,10151,3384
2127,10152,3384
2062,10153,3385
2165,10154,3385
2113,10155,3385
199,10156,3386
2134,10157,3386
198,10158,3386
204,10159,3387
2152,10160,3387
203,10161,3387
430,10162,3388
2136,10163,3388
429,10164,3388
2129,10165,3389
2142,10166,3389
2057,10167,3389
425,10168,3390
2138,10169,3390
2126,10170,3390
2100,10171,3391
2164,10172,3391
2095,10173,3391
429,10174,3392
2148,10175,3392
2054,10176,3392
427,10177,3393
2158,10178,3393
2064,10179,3393
2112,10180,3394
2150,10181,3394
2134,10182,3394
2051,10183,3395
2158,10184,3395
428,10185,3395
2136,10186,3396
2156,10187,3396
2109,10188,3396
2060,10189,3397
2155,10190,3397
2115,10191,3397
2131,10192,3398
2151,10193,3398
2091,10194,3398
2075,10195,3399
2133,10196,3399
2073,10197,3399
2062,10198,3400
2148,10199,3400
428,10200,3400
434,10201,3401
2161,10202,3401
2130,10203,3401
2049,10204,3402
2135,10205,3402
2117,10206,3402
2101,10207,3403
2170,10208,3403
2147,10209,3403
2065,10210,3404
2143,10211,3404
2099,10212,3404
427,10213,3405
2150,10214,3405
2062,10215,3405
426,10216,3406
2138,10217,3406
425,10218,3406
2147,10219,3407
2170,10220,3407
2111,10221,3407
2115,10222,3408
2155,10223,3408
391,10224,3408
2137,10225,3409
2139,10226,3409
434,10227,3409
207,10228,3410
2147,10229,3410
2111,10230,3410
433,10231,3411
2139,10232,3411
2057,10233,3411
2113,10234,3412
2165,10235,3412
2097,10236,3412
2111,10237,3413
2141,10238,3413
2055,10239,3413
2112,10240,3414
2165,10241,3414
2062,10242,3414
2068,10243,3415
2166,10244,3415
2157,10245,3415
2157,10246,3416
2166,10247,3416
2128,10248,3416
2135,10249,3417
2163,10250,3417
2098,10251,3417
434,10252,3418
2160,10253,3418
435,10254,3418
2099,10255,3419
2146,10256,3419
2066,10257,3419
197,10258,3420
2140,10259,3420
424,10260,3420
2083,10261,3421
2149,10262,3421
2108,10263,3421
2077,10264,3422
2144,10265,3422
2080,10266,3422
2113,10267,3423
2167,10268,3423
2148,10269,3423
2098,10270,3424
2163,10271,3424
2092,10272,3424
2066,10273,3425
2146,10274,3425
2094,10275,3425
2130,10276,3426
2160,10277,3426
434,10278,3426
2132,10279,3427
2152,10280,3427
204,10281,3427
2132,10282,3428
2166,10283,3428
2068,10284,3428
2108,10285,3429
2149,10286,3429
2110,10287,3429
2057,10288,3430
2142,10289,3430
2119,10290,3430
2107,10291,3431
2142,10292,3431
2090,10293,3431
2089,10294,3432
2145,10295,3432
2120,10296,3432
2123,10297,3433
2156,10298,3433
2107,10299,3433
2104,10300,3434
2166,10301,3434
2132,10302,3434
2090,10303,3435
2142,10304,3435
2129,10305,3435
2106,10306,3436
2164,10307,3436
2083,10308,3436
428,10309,3437
2148,10310,3437
429,10311,3437
2069,10312,3438
2151,10313,3438
2122,10314,3438
2103,10315,3439
2139,10316,3439
2137,10317,3439
426,10318,3440
2150,10319,3440
427,10320,3440
2134,10321,3441
2150,10322,3441
426,10323,3441
2151,10324,3442
2162,10325,3442
2122,10326,3442
2116,10327,3443
2159,10328,3443
2088,10329,3443
2054,10330,3444
2153,10331,3444
2121,10332,3444
2093,10333,3445
2167,10334,3445
2113,10335,3445
2109,10336,3446
2156,10337,3446
2123,10338,3446
393,10339,3447
2157,10340,3447
2053,10341,3447
445,10342,3448
2155,10343,3448
2060,10344,3448
2084,10345,3449
2154,10346,3449
2116,10347,3449
2127,10348,3450
2166,10349,3450
2104,10350,3450
2064,10351,3451
2169,10352,3451
2138,10353,3451
428,10354,3452
2158,10355,3452
427,10356,3452
2128,10357,3453
2166,10358,3453
2127,10359,3453
2143,10360,3454
2171,10361,3454
2099,10362,3454
2145,10363,3455
2168,10364,3455
2070,10365,3455
2128,10366,3456
2159,10367,3456
2053,10368,3456
2053,10369,3457
2157,10370,3457
2128,10371,3457
396,10372,3458
2171,10373,3458
395,10374,3458
2061,10375,3459
2151,10376,3459
2131,10377,3459
441,10378,3460
2168,10379,3460
2052,10380,3460
2061,10381,3461
2162,10382,3461
2151,10383,3461
2131,10384,3462
2161,10385,3462
433,10386,3462
2067,10387,3463
2152,10388,3463
2132,10389,3463
2124,10390,3464
2169,10391,3464
2064,10392,3464
2088,10393,3465
2159,10394,3465
2128,10395,3465
2121,10396,3466
2162,10397,3466
2061,10398,3466
2153,10399,3467
2162,10400,3467
2121,10401,3467
2117,10402,3468
2170,10403,3468
2101,10404,3468
2130,10405,3469
2161,10406,3469
2091,10407,3469
2143,10408,3470
2152,10409,3470
2067,10410,3470
2091,10411,3471
2161,10412,3471
2131,10413,3471
2049,10414,3472
2163,10415,3472
2135,10416,3472
2138,10417,3473
2169,10418,3473
2105,10419,3473
2111,10420,3474
2170,10421,3474
2141,10422,3474
2054,10423,3475
2167,10424,3475
2153,10425,3475
2052,10426,3476
2168,10427,3476
2145,10428,3476
3,10429,3477
197,10430,3477
424,10431,3477
435,10432,3478
400,10433,3478
401,10434,3478
436,10435,3479
401,10436,3479
15,10437,3479
435,10438,3480
401,10439,3480
436,10440,3480
2173,10441,3481
2284,10442,3481
2222,10443,3481
2222,10444,3482
2248,10445,3482
2173,10446,3482
2185,10447,3483
2241,10448,3483
2234,10449,3483
2228,10450,3484
2267,10451,3484
2254,10452,3484
2241,10453,3485
2255,10454,3485
2234,10455,3485
2225,10456,3486
2268,10457,3486
2226,10458,3486
447,10459,3487
2223,10460,3487
2185,10461,3487
2190,10462,3488
2191,10463,3488
2184,10464,3488
2224,10465,3489
2294,10466,3489
2181,10467,3489
2235,10468,3490
2268,10469,3490
2225,10470,3490
2183,10471,3491
2240,10472,3491
2236,10473,3491
2254,10474,3492
2267,10475,3492
2243,10476,3492
2244,10477,3493
2284,10478,3493
2173,10479,3493
2227,10480,3494
2229,10481,3494
2228,10482,3494
2207,10483,3495
2223,10484,3495
2197,10485,3495
2229,10486,3496
2267,10487,3496
2228,10488,3496
2173,10489,3497
2248,10490,3497
2242,10491,3497
2223,10492,3498
2241,10493,3498
2185,10494,3498
246,10495,3499
2193,10496,3499
247,10497,3499
2181,10498,3500
2294,10499,3500
244,10500,3500
2230,10501,3501
2258,10502,3501
2193,10503,3501
460,10504,3502
2190,10505,3502
2184,10506,3502
2218,10507,3503
2233,10508,3503
2221,10509,3503
2193,10510,3504
2257,10511,3504
2230,10512,3504
2218,10513,3505
2221,10514,3505
2184,10515,3505
2188,10516,3506
2227,10517,3506
452,10518,3506
2193,10519,3507
2283,10520,3507
247,10521,3507
2236,10522,3508
2240,10523,3508
2217,10524,3508
241,10525,3509
2214,10526,3509
242,10527,3509
2188,10528,3510
2229,10529,3510
2227,10530,3510
2237,10531,3511
2274,10532,3511
2176,10533,3511
2176,10534,3512
2272,10535,3512
2237,10536,3512
2181,10537,3513
2270,10538,3513
2224,10539,3513
461,10540,3514
2278,10541,3514
2266,10542,3514
241,10543,3515
2252,10544,3515
2214,10545,3515
2226,10546,3516
2268,10547,3516
2211,10548,3516
2195,10549,3517
2196,10550,3517
2175,10551,3517
2207,10552,3518
2241,10553,3518
2223,10554,3518
467,10555,3519
2261,10556,3519
2250,10557,3519
2226,10558,3520
2269,10559,3520
2174,10560,3520
2211,10561,3521
2271,10562,3521
2226,10563,3521
461,10564,3522
2266,10565,3522
2190,10566,3522
2226,10567,3523
2271,10568,3523
2269,10569,3523
2254,10570,3524
2287,10571,3524
2228,10572,3524
2242,10573,3525
2248,10574,3525
2243,10575,3525
242,10576,3526
2214,10577,3526
2194,10578,3526
2197,10579,3527
2223,10580,3527
2175,10581,3527
2250,10582,3528
2261,10583,3528
2188,10584,3528
2221,10585,3529
2290,10586,3529
458,10587,3529
477,10588,3530
2285,10589,3530
240,10590,3530
2182,10591,3531
2267,10592,3531
2264,10593,3531
449,10594,3532
2195,10595,3532
2175,10596,3532
467,10597,3533
2265,10598,3533
2260,10599,3533
2177,10600,3534
2239,10601,3534
2195,10602,3534
2177,10603,3535
2195,10604,3535
450,10605,3535
2172,10606,3536
2240,10607,3536
234,10608,3536
2231,10609,3537
2251,10610,3537
237,10611,3537
2228,10612,3538
2239,10613,3538
2177,10614,3538
456,10615,3539
2265,10616,3539
455,10617,3539
2189,10618,3540
2263,10619,3540
2237,10620,3540
448,10621,3541
2223,10622,3541
447,10623,3541
459,10624,3542
2221,10625,3542
458,10626,3542
242,10627,3543
2194,10628,3543
243,10629,3543
2262,10630,3544
2263,10631,3544
2189,10632,3544
2260,10633,3545
2265,10634,3545
456,10635,3545
463,10636,3546
2230,10637,3546
462,10638,3546
458,10639,3547
2290,10640,3547
2232,10641,3547
466,10642,3548
2265,10643,3548
467,10644,3548
452,10645,3549
2227,10646,3549
451,10647,3549
235,10648,3550
2240,10649,3550
2183,10650,3550
2225,10651,3551
2226,10652,3551
2174,10653,3551
2228,10654,3552
2287,10655,3552
2239,10656,3552
2231,10657,3553
2262,10658,3553
2251,10659,3553
2191,10660,3554
2218,10661,3554
2184,10662,3554
2231,10663,3555
2263,10664,3555
2262,10665,3555
2190,10666,3556
2224,10667,3556
2191,10668,3556
2237,10669,3557
2263,10670,3557
2236,10671,3557
2172,10672,3558
2282,10673,3558
2240,10674,3558
2264,10675,3559
2267,10676,3559
2229,10677,3559
233,10678,3560
2293,10679,3560
2212,10680,3560
232,10681,3561
2293,10682,3561
233,10683,3561
231,10684,3562
2225,10685,3562
2174,10686,3562
236,10687,3563
2231,10688,3563
237,10689,3563
478,10690,3564
5,10691,3564
238,10692,3564
18,10693,3565
466,10694,3565
454,10695,3565
2196,10696,3566
2197,10697,3566
2175,10698,3566
468,10699,3567
2261,10700,3567
467,10701,3567
465,10702,3568
2234,10703,3568
464,10704,3568
248,10705,3569
2235,10706,3569
249,10707,3569
2230,10708,3570
2257,10709,3570
462,10710,3570
245,10711,3571
2266,10712,3571
2192,10713,3571
2274,10714,3572
2284,10715,3572
2176,10716,3572
2176,10717,3573
2284,10718,3573
2244,10719,3573
2243,10720,3574
2267,10721,3574
2182,10722,3574
2191,10723,3575
2219,10724,3575
2218,10725,3575
2213,10726,3576
2238,10727,3576
2201,10728,3576
2219,10729,3577
2279,10730,3577
2218,10731,3577
2232,10732,3578
2260,10733,3578
457,10734,3578
464,10735,3579
2234,10736,3579
2178,10737,3579
2246,10738,3580
2282,10739,3580
2276,10740,3580
467,10741,3581
2260,10742,3581
468,10743,3581
2196,10744,3582
2198,10745,3582
2197,10746,3582
2178,10747,3583
2230,10748,3583
463,10749,3583
2180,10750,3584
2235,10751,3584
248,10752,3584
460,10753,3585
2184,10754,3585
459,10755,3585
464,10756,3586
2178,10757,3586
463,10758,3586
243,10759,3587
2181,10760,3587
244,10761,3587
458,10762,3588
2232,10763,3588
457,10764,3588
2184,10765,3589
2221,10766,3589
459,10767,3589
453,10768,3590
2250,10769,3590
2188,10770,3590
247,10771,3591
2180,10772,3591
248,10773,3591
243,10774,3592
2194,10775,3592
2181,10776,3592
2217,10777,3593
2246,10778,3593
2205,10779,3593
476,10780,3594
2189,10781,3594
475,10782,3594
2198,10783,3595
2200,10784,3595
2197,10785,3595
470,10786,3596
2182,10787,3596
469,10788,3596
472,10789,3597
2173,10790,3597
471,10791,3597
474,10792,3598
2176,10793,3598
473,10794,3598
461,10795,3599
2190,10796,3599
460,10797,3599
2196,10798,3600
2199,10799,3600
2198,10800,3600
2216,10801,3601
2217,10802,3601
2205,10803,3601
2203,10804,3602
2213,10805,3602
2201,10806,3602
2200,10807,3603
2210,10808,3603
2208,10809,3603
231,10810,3604
2174,10811,3604
232,10812,3604
449,10813,3605
2175,10814,3605
448,10815,3605
245,10816,3606
2192,10817,3606
246,10818,3606
233,10819,3607
2172,10820,3607
234,10821,3607
2199,10822,3608
2201,10823,3608
2198,10824,3608
233,10825,3609
2212,10826,3609
2172,10827,3609
451,10828,3610
2177,10829,3610
450,10830,3610
450,10831,3611
2195,10832,3611
449,10833,3611
2202,10834,3612
2203,10835,3612
2201,10836,3612
235,10837,3613
2183,10838,3613
236,10839,3613
2173,10840,3614
2242,10841,3614
471,10842,3614
2204,10843,3615
2205,10844,3615
2203,10845,3615
2192,10846,3616
2193,10847,3616
246,10848,3616
2176,10849,3617
2244,10850,3617
473,10851,3617
2215,10852,3618
2216,10853,3618
2205,10854,3618
2199,10855,3619
2202,10856,3619
2201,10857,3619
2199,10858,3620
2206,10859,3620
2202,10860,3620
453,10861,3621
2188,10862,3621
452,10863,3621
2202,10864,3622
2204,10865,3622
2203,10866,3622
2200,10867,3623
2238,10868,3623
2210,10869,3623
2205,10870,3624
2246,10871,3624
2203,10872,3624
2204,10873,3625
2222,10874,3625
2215,10875,3625
2204,10876,3626
2215,10877,3626
2205,10878,3626
471,10879,3627
2179,10880,3627
472,10881,3627
451,10882,3628
2227,10883,3628
2177,10884,3628
2204,10885,3629
2247,10886,3629
2222,10887,3629
2227,10888,3630
2228,10889,3630
2177,10890,3630
2183,10891,3631
2231,10892,3631
236,10893,3631
2175,10894,3632
2223,10895,3632
448,10896,3632
473,10897,3633
2186,10898,3633
474,10899,3633
234,10900,3634
2240,10901,3634
235,10902,3634
2200,10903,3635
2207,10904,3635
2197,10905,3635
2209,10906,3636
2241,10907,3636
2207,10908,3636
447,10909,3637
2185,10910,3637
446,10911,3637
471,10912,3638
2242,10913,3638
470,10914,3638
473,10915,3639
2244,10916,3639
472,10917,3639
2216,10918,3640
2236,10919,3640
2217,10920,3640
2200,10921,3641
2208,10922,3641
2207,10923,3641
469,10924,3642
2187,10925,3642
470,10926,3642
2242,10927,3643
2243,10928,3643
2182,10929,3643
2216,10930,3644
2237,10931,3644
2236,10932,3644
2179,10933,3645
2245,10934,3645
472,10935,3645
470,10936,3646
2242,10937,3646
2182,10938,3646
472,10939,3647
2244,10940,3647
2173,10941,3647
472,10942,3648
2245,10943,3648
473,10944,3648
2203,10945,3649
2246,10946,3649
2213,10947,3649
2208,10948,3650
2209,10949,3650
2207,10950,3650
230,10951,3651
2225,10952,3651
231,10953,3651
2208,10954,3652
2211,10955,3652
2209,10956,3652
2249,10957,3653
2288,10958,3653
2219,10959,3653
2201,10960,3654
2238,10961,3654
2198,10962,3654
2211,10963,3655
2220,10964,3655
2209,10965,3655
2219,10966,3656
2270,10967,3656
2249,10968,3656
2279,10969,3657
2292,10970,3657
2218,10971,3657
2209,10972,3658
2255,10973,3658
2241,10974,3658
2219,10975,3659
2288,10976,3659
2279,10977,3659
2213,10978,3660
2259,10979,3660
2238,10980,3660
2214,10981,3661
2277,10982,3661
2194,10983,3661
2202,10984,3662
2247,10985,3662
2204,10986,3662
245,10987,3663
2294,10988,3663
2266,10989,3663
2276,10990,3664
2282,10991,3664
2172,10992,3664
473,10993,3665
2245,10994,3665
2186,10995,3665
240,10996,3666
2285,10997,3666
241,10998,3666
2206,10999,3667
2247,11000,3667
2202,11001,3667
2198,11002,3668
2238,11003,3668
2200,11004,3668
478,11005,3669
2251,11006,3669
477,11007,3669
467,11008,3670
2250,11009,3670
466,11010,3670
2187,11011,3671
2275,11012,3671
2232,11013,3671
2247,11014,3672
2248,11015,3672
2222,11016,3672
2248,11017,3673
2254,11018,3673
2243,11019,3673
454,11020,3674
2250,11021,3674
453,11022,3674
237,11023,3675
2251,11024,3675
238,11025,3675
2237,11026,3676
2272,11027,3676
2189,11028,3676
474,11029,3677
2256,11030,3677
475,11031,3677
241,11032,3678
2285,11033,3678
2252,11034,3678
476,11035,3679
2262,11036,3679
2189,11037,3679
469,11038,3680
2264,11039,3680
468,11040,3680
2188,11041,3681
2261,11042,3681
2229,11043,3681
238,11044,3682
2251,11045,3682
478,11046,3682
466,11047,3683
2250,11048,3683
454,11049,3683
2194,11050,3684
2249,11051,3684
2181,11052,3684
2247,11053,3685
2254,11054,3685
2248,11055,3685
2211,11056,3686
2268,11057,3686
2253,11058,3686
2233,11059,3687
2273,11060,3687
2187,11061,3687
2234,11062,3688
2255,11063,3688
2178,11064,3688
2180,11065,3689
2268,11066,3689
2235,11067,3689
446,11068,3690
2280,11069,3690
17,11070,3690
2206,11071,3691
2291,11072,3691
2239,11073,3691
2206,11074,3692
2254,11075,3692
2247,11076,3692
6,11077,3693
2281,11078,3693
230,11079,3693
17,11080,3694
2280,11081,3694
465,11082,3694
2249,11083,3695
2270,11084,3695
2181,11085,3695
2199,11086,3696
2291,11087,3696
2206,11088,3696
249,11089,3697
2281,11090,3697
6,11091,3697
2273,11092,3698
2292,11093,3698
2179,11094,3698
2253,11095,3699
2258,11096,3699
2220,11097,3699
2212,11098,3700
2269,11099,3700
2259,11100,3700
2208,11101,3701
2271,11102,3701
2211,11103,3701
2220,11104,3702
2255,11105,3702
2209,11106,3702
2186,11107,3703
2256,11108,3703
474,11109,3703
2192,11110,3704
2257,11111,3704
2193,11112,3704
2211,11113,3705
2253,11114,3705
2220,11115,3705
2189,11116,3706
2272,11117,3706
475,11118,3706
474,11119,3707
2272,11120,3707
2176,11121,3707
475,11122,3708
2286,11123,3708
476,11124,3708
2187,11125,3709
2290,11126,3709
2233,11127,3709
2251,11128,3710
2262,11129,3710
477,11130,3710
457,11131,3711
2260,11132,3711
456,11133,3711
462,11134,3712
2278,11135,3712
461,11136,3712
471,11137,3713
2273,11138,3713
2179,11139,3713
2232,11140,3714
2275,11141,3714
2260,11142,3714
2234,11143,3715
2280,11144,3715
2185,11145,3715
2246,11146,3716
2276,11147,3716
2213,11148,3716
2256,11149,3717
2277,11150,3717
2214,11151,3717
2187,11152,3718
2273,11153,3718
470,11154,3718
2238,11155,3719
2259,11156,3719
2210,11157,3719
477,11158,3720
2262,11159,3720
476,11160,3720
2216,11161,3721
2274,11162,3721
2237,11163,3721
476,11164,3722
2286,11165,3722
2252,11166,3722
2190,11167,3723
2266,11168,3723
2224,11169,3723
2220,11170,3724
2289,11171,3724
2255,11172,3724
469,11173,3725
2275,11174,3725
2187,11175,3725
2253,11176,3726
2268,11177,3726
2180,11178,3726
247,11179,3727
2283,11180,3727
2180,11181,3727
2255,11182,3728
2289,11183,3728
2178,11184,3728
2269,11185,3729
2271,11186,3729
2210,11187,3729
465,11188,3730
2280,11189,3730
2234,11190,3730
2195,11191,3731
2291,11192,3731
2196,11193,3731
2225,11194,3732
2281,11195,3732
2235,11196,3732
468,11197,3733
2264,11198,3733
2261,11199,3733
2235,11200,3734
2281,11201,3734
249,11202,3734
2182,11203,3735
2264,11204,3735
469,11205,3735
2236,11206,3736
2263,11207,3736
2183,11208,3736
2233,11209,3737
2290,11210,3737
2221,11211,3737
2232,11212,3738
2290,11213,3738
2187,11214,3738
476,11215,3739
2285,11216,3739
477,11217,3739
2224,11218,3740
2270,11219,3740
2191,11220,3740
455,11221,3741
2265,11222,3741
466,11223,3741
2213,11224,3742
2276,11225,3742
2259,11226,3742
2183,11227,3743
2263,11228,3743
2231,11229,3743
2233,11230,3744
2292,11231,3744
2273,11232,3744
2191,11233,3745
2270,11234,3745
2219,11235,3745
2252,11236,3746
2285,11237,3746
476,11238,3746
2257,11239,3747
2278,11240,3747
462,11241,3747
2239,11242,3748
2291,11243,3748
2195,11244,3748
2180,11245,3749
2283,11246,3749
2253,11247,3749
2253,11248,3750
2283,11249,3750
2258,11250,3750
2210,11251,3751
2271,11252,3751
2208,11253,3751
475,11254,3752
2272,11255,3752
474,11256,3752
2239,11257,3753
2287,11258,3753
2206,11259,3753
2212,11260,3754
2293,11261,3754
2269,11262,3754
470,11263,3755
2273,11264,3755
471,11265,3755
2240,11266,3756
2282,11267,3756
2217,11268,3756
2259,11269,3757
2276,11270,3757
2212,11271,3757
2194,11272,3758
2277,11273,3758
2249,11274,3758
2261,11275,3759
2264,11276,3759
2229,11277,3759
468,11278,3760
2275,11279,3760
469,11280,3760
2259,11281,3761
2269,11282,3761
2210,11283,3761
2215,11284,3762
2274,11285,3762
2216,11286,3762
2258,11287,3763
2289,11288,3763
2220,11289,3763
2260,11290,3764
2275,11291,3764
468,11292,3764
2277,11293,3765
2288,11294,3765
2249,11295,3765
2212,11296,3766
2276,11297,3766
2172,11298,3766
2179,11299,3767
2279,11300,3767
2245,11301,3767
2218,11302,3768
2292,11303,3768
2233,11304,3768
2217,11305,3769
2282,11306,3769
2246,11307,3769
2185,11308,3770
2280,11309,3770
446,11310,3770
2215,11311,3771
2284,11312,3771
2274,11313,3771
230,11314,3772
2281,11315,3772
2225,11316,3772
2266,11317,3773
2294,11318,3773
2224,11319,3773
2178,11320,3774
2289,11321,3774
2230,11322,3774
2222,11323,3775
2284,11324,3775
2215,11325,3775
2196,11326,3776
2291,11327,3776
2199,11328,3776
2206,11329,3777
2287,11330,3777
2254,11331,3777
2174,11332,3778
2293,11333,3778
232,11334,3778
244,11335,3779
2294,11336,3779
245,11337,3779
2186,11338,3780
2277,11339,3780
2256,11340,3780
2186,11341,3781
2288,11342,3781
2277,11343,3781
2256,11344,3782
2286,11345,3782
475,11346,3782
2192,11347,3783
2278,11348,3783
2257,11349,3783
2230,11350,3784
2289,11351,3784
2258,11352,3784
2258,11353,3785
2283,11354,3785
2193,11355,3785
2245,11356,3786
2288,11357,3786
2186,11358,3786
2279,11359,3787
2288,11360,3787
2245,11361,3787
2252,11362,3788
2286,11363,3788
2214,11364,3788
2266,11365,3789
2278,11366,3789
2192,11367,3789
2214,11368,3790
2286,11369,3790
2256,11370,3790
2179,11371,3791
2292,11372,3791
2279,11373,3791
2269,11374,3792
2293,11375,3792
2174,11376,3792
477,11377,3793
240,11378,3793
239,11379,3793
478,11380,3794
239,11381,3794
5,11382,3794
477,11383,3795
239,11384,3795
478,11385,3795
18,11386,3796
455,11387,3796
466,11388,3796
2306,11389,3797
2342,11390,3797
482,11391,3797
2324,11392,3798
2345,11393,3798
2343,11394,3798
2306,11395,3799
2346,11396,3799
2342,11397,3799
2313,11398,3800
2376,11399,3800
2344,11400,3800
2351,11401,3801
2381,11402,3801
2301,11403,3801
2353,11404,3802
2360,11405,3802
2310,11406,3802
2343,11407,3803
2393,11408,3803
2324,11409,3803
2381,11410,3804
2407,11411,3804
2301,11412,3804
2349,11413,3805
2366,11414,3805
2350,11415,3805
2344,11416,3806
2367,11417,3806
2313,11418,3806
265,11419,3807
2397,11420,3807
2316,11421,3807
2310,11422,3808
2396,11423,3808
2353,11424,3808
2313,11425,3809
2367,11426,3809
461,11427,3809
265,11428,3810
2316,11429,3810
266,11430,3810
2366,11431,3811
2377,11432,3811
2350,11433,3811
268,11434,3812
2344,11435,3812
2304,11436,3812
460,11437,3813
2313,11438,3813
461,11439,3813
2342,11440,3814
2354,11441,3814
2295,11442,3814
507,11443,3815
2349,11444,3815
2311,11445,3815
270,11446,3816
2339,11447,3816
271,11448,3816
2349,11449,3817
2350,11450,3817
2311,11451,3817
2298,11452,3818
2361,11453,3818
2320,11454,3818
2307,11455,3819
2353,11456,3819
2341,11457,3819
2358,11458,3820
2373,11459,3820
2312,11460,3820
2344,11461,3821
2376,11462,3821
2304,11463,3821
2299,11464,3822
2357,11465,3822
2356,11466,3822
2381,11467,3823
2412,11468,3823
2316,11469,3823
2347,11470,3824
2405,11471,3824
2309,11472,3824
2362,11473,3825
2407,11474,3825
2363,11475,3825
2296,11476,3826
2368,11477,3826
2355,11478,3826
2339,11479,3827
2378,11480,3827
271,11481,3827
2351,11482,3828
2412,11483,3828
2381,11484,3828
2363,11485,3829
2402,11486,3829
2362,11487,3829
2374,11488,3830
2386,11489,3830
499,11490,3830
2295,11491,3831
2354,11492,3831
2343,11493,3831
2314,11494,3832
2376,11495,3832
2313,11496,3832
2302,11497,3833
2371,11498,3833
2364,11499,3833
2382,11500,3834
2384,11501,3834
2345,11502,3834
2320,11503,3835
2361,11504,3835
2332,11505,3835
2334,11506,3836
2384,11507,3836
2382,11508,3836
2317,11509,3837
2339,11510,3837
270,11511,3837
2309,11512,3838
2401,11513,3838
2347,11514,3838
2348,11515,3839
2392,11516,3839
2359,11517,3839
2311,11518,3840
2386,11519,3840
2374,11520,3840
272,11521,3841
2408,11522,3841
489,11523,3841
484,11524,3842
2340,11525,3842
485,11526,3842
2358,11527,3843
2398,11528,3843
2373,11529,3843
2366,11530,3844
2394,11531,3844
2337,11532,3844
2383,11533,3845
2390,11534,3845
499,11535,3845
2371,11536,3846
2405,11537,3846
2364,11538,3846
2299,11539,3847
2385,11540,3847
2357,11541,3847
482,11542,3848
2342,11543,3848
483,11544,3848
2365,11545,3849
2392,11546,3849
2348,11547,3849
459,11548,3850
2353,11549,3850
2307,11550,3850
2362,11551,3851
2402,11552,3851
2308,11553,3851
455,11554,3852
2390,11555,3852
456,11556,3852
2356,11557,3853
2358,11558,3853
2299,11559,3853
269,11560,3854
2317,11561,3854
270,11562,3854
503,11563,3855
2361,11564,3855
2298,11565,3855
2301,11566,3856
2407,11567,3856
2362,11568,3856
2305,11569,3857
2389,11570,3857
2377,11571,3857
2340,11572,3858
2410,11573,3858
485,11574,3858
2324,11575,3859
2382,11576,3859
2345,11577,3859
456,11578,3860
2390,11579,3860
2383,11580,3860
2338,11581,3861
2366,11582,3861
2337,11583,3861
463,11584,3862
2351,11585,3862
2301,11586,3862
499,11587,3863
2390,11588,3863
500,11589,3863
506,11590,3864
2349,11591,3864
507,11592,3864
2335,11593,3865
2365,11594,3865
2334,11595,3865
2355,11596,3866
2404,11597,3866
2296,11598,3866
2304,11599,3867
2399,11600,3867
2347,11601,3867
458,11602,3868
2360,11603,3868
2353,11604,3868
2300,11605,3869
2394,11606,3869
2366,11607,3869
2342,11608,3870
2411,11609,3870
2354,11610,3870
2377,11611,3871
2389,11612,3871
2350,11613,3871
2303,11614,3872
2397,11615,3872
265,11616,3872
2376,11617,3873
2399,11618,3873
2304,11619,3873
2308,11620,3874
2361,11621,3874
502,11622,3874
486,11623,3875
2348,11624,3875
487,11625,3875
2312,11626,3876
2406,11627,3876
2358,11628,3876
487,11629,3877
2395,11630,3877
12,11631,3877
11,11632,3878
488,11633,3878
479,11634,3878
500,11635,3879
18,11636,3879
509,11637,3879
481,11638,3880
2352,11639,3880
2306,11640,3880
12,11641,3881
2395,11642,3881
263,11643,3881
2309,11644,3882
2405,11645,3882
2371,11646,3882
2353,11647,3883
2396,11648,3883
2341,11649,3883
2318,11650,3884
2414,11651,3884
504,11652,3884
2352,11653,3885
2415,11654,3885
2306,11655,3885
499,11656,3886
2386,11657,3886
498,11658,3886
504,11659,3887
2414,11660,3887
505,11661,3887
464,11662,3888
2362,11663,3888
465,11664,3888
263,11665,3889
2359,11666,3889
264,11667,3889
2316,11668,3890
2397,11669,3890
2381,11670,3890
2306,11671,3891
2373,11672,3891
2346,11673,3891
2346,11674,3892
2398,11675,3892
2331,11676,3892
2319,11677,3893
2369,11678,3893
2318,11679,3893
457,11680,3894
2383,11681,3894
2360,11682,3894
2331,11683,3895
2411,11684,3895
2346,11685,3895
2301,11686,3896
2362,11687,3896
464,11688,3896
498,11689,3897
2383,11690,3897
499,11691,3897
264,11692,3898
2359,11693,3898
2303,11694,3898
2304,11695,3899
2347,11696,3899
2317,11697,3899
459,11698,3900
2307,11699,3900
460,11700,3900
463,11701,3901
2301,11702,3901
464,11703,3901
462,11704,3902
2351,11705,3902
463,11706,3902
268,11707,3903
2304,11708,3903
269,11709,3903
2307,11710,3904
2313,11711,3904
460,11712,3904
2365,11713,3905
2384,11714,3905
2334,11715,3905
458,11716,3906
2353,11717,3906
459,11718,3906
457,11719,3907
2360,11720,3907
458,11721,3907
480,11722,3908
2375,11723,3908
2352,11724,3908
2311,11725,3909
2374,11726,3909
508,11727,3909
2341,11728,3910
2364,11729,3910
2314,11730,3910
2307,11731,3911
2341,11732,3911
2314,11733,3911
2333,11734,3912
2363,11735,3912
2336,11736,3912
264,11737,3913
2303,11738,3913
265,11739,3913
2373,11740,3914
2398,11741,3914
2346,11742,3914
2304,11743,3915
2317,11744,3915
269,11745,3915
2307,11746,3916
2314,11747,3916
2313,11748,3916
491,11749,3917
2312,11750,3917
490,11751,3917
2328,11752,3918
2354,11753,3918
2331,11754,3918
497,11755,3919
2305,11756,3919
496,11757,3919
495,11758,3920
2296,11759,3920
494,11760,3920
493,11761,3921
2299,11762,3921
492,11763,3921
2321,11764,3922
2322,11765,3922
2319,11766,3922
267,11767,3923
2344,11768,3923
268,11769,3923
485,11770,3924
2297,11771,3924
486,11772,3924
2375,11773,3925
2387,11774,3925
2352,11775,3925
2321,11776,3926
2324,11777,3926
2322,11778,3926
2329,11779,3927
2337,11780,3927
2326,11781,3927
503,11782,3928
2298,11783,3928
504,11784,3928
266,11785,3929
2315,11786,3929
267,11787,3929
483,11788,3930
2295,11789,3930
484,11790,3930
2324,11791,3931
2325,11792,3931
2322,11793,3931
2298,11794,3932
2319,11795,3932
2318,11796,3932
505,11797,3933
2300,11798,3933
506,11799,3933
2328,11800,3934
2331,11801,3934
2330,11802,3934
2298,11803,3935
2318,11804,3935
504,11805,3935
2295,11806,3936
2340,11807,3936
484,11808,3936
2357,11809,3937
2372,11810,3937
2330,11811,3937
2295,11812,3938
2343,11813,3938
2340,11814,3938
2333,11815,3939
2334,11816,3939
2323,11817,3939
2325,11818,3940
2328,11819,3940
2327,11820,3940
2325,11821,3941
2326,11822,3941
2322,11823,3941
481,11824,3942
2306,11825,3942
482,11826,3942
2306,11827,3943
2415,11828,3943
2373,11829,3943
2305,11830,3944
2368,11831,3944
496,11832,3944
266,11833,3945
2316,11834,3945
2315,11835,3945
2329,11836,3946
2338,11837,3946
2337,11838,3946
483,11839,3947
2342,11840,3947
2295,11841,3947
480,11842,3948
2352,11843,3948
481,11844,3948
2328,11845,3949
2330,11846,3949
2327,11847,3949
2331,11848,3950
2356,11849,3950
2330,11850,3950
507,11851,3951
2311,11852,3951
508,11853,3951
2359,11854,3952
2392,11855,3952
2303,11856,3952
2327,11857,3953
2329,11858,3953
2326,11859,3953
502,11860,3954
2361,11861,3954
503,11862,3954
2356,11863,3955
2357,11864,3955
2330,11865,3955
2343,11866,3956
2345,11867,3956
2340,11868,3956
2325,11869,3957
2327,11870,3957
2326,11871,3957
2329,11872,3958
2355,11873,3958
2338,11874,3958
494,11875,3959
2302,11876,3959
495,11877,3959
2300,11878,3960
2349,11879,3960
506,11880,3960
492,11881,3961
2309,11882,3961
493,11883,3961
493,11884,3962
2371,11885,3962
494,11886,3962
2320,11887,3963
2321,11888,3963
2319,11889,3963
2298,11890,3964
2320,11891,3964
2319,11892,3964
2333,11893,3965
2335,11894,3965
2334,11895,3965
501,11896,3966
2308,11897,3966
502,11898,3966
496,11899,3967
2368,11900,3967
495,11901,3967
2322,11902,3968
2369,11903,3968
2319,11904,3968
496,11905,3969
2310,11906,3969
497,11907,3969
2320,11908,3970
2332,11909,3970
2323,11910,3970
2320,11911,3971
2323,11912,3971
2321,11913,3971
2300,11914,3972
2366,11915,3972
2349,11916,3972
2332,11917,3973
2363,11918,3973
2333,11919,3973
2332,11920,3974
2333,11921,3974
2323,11922,3974
495,11923,3975
2368,11924,3975
2296,11925,3975
2333,11926,3976
2336,11927,3976
2335,11928,3976
2302,11929,3977
2370,11930,3977
495,11931,3977
495,11932,3978
2370,11933,3978
496,11934,3978
2297,11935,3979
2365,11936,3979
2348,11937,3979
2297,11938,3980
2348,11939,3980
486,11940,3980
494,11941,3981
2371,11942,3981
2302,11943,3981
2309,11944,3982
2371,11945,3982
493,11946,3982
2337,11947,3983
2369,11948,3983
2326,11949,3983
2354,11950,3984
2393,11951,3984
2343,11952,3984
2317,11953,3985
2401,11954,3985
2339,11955,3985
2334,11956,3986
2382,11957,3986
2323,11958,3986
2303,11959,3987
2392,11960,3987
2380,11961,3987
462,11962,3988
2412,11963,3988
2351,11964,3988
2326,11965,3989
2369,11966,3989
2322,11967,3989
271,11968,3990
2408,11969,3990
272,11970,3990
2321,11971,3991
2382,11972,3991
2324,11973,3991
496,11974,3992
2370,11975,3992
2310,11976,3992
2330,11977,3993
2372,11978,3993
2327,11979,3993
2329,11980,3994
2372,11981,3994
2355,11982,3994
489,11983,3995
2375,11984,3995
488,11985,3995
500,11986,3996
2374,11987,3996
499,11988,3996
2360,11989,3997
2400,11990,3997
2310,11991,3997
2308,11992,3998
2402,11993,3998
2361,11994,3998
508,11995,3999
2374,11996,3999
509,11997,3999
479,11998,4000
2375,11999,4000
480,12000,4000
2368,12001,4001
2391,12002,4001
2355,12003,4001
491,12004,4002
2379,12005,4002
492,12006,4002
2296,12007,4003
2385,12008,4003
494,12009,4003
493,12010,4004
2385,12011,4004
2299,12012,4004
2369,12013,4005
2394,12014,4005
2318,12015,4005
2378,12016,4006
2408,12017,4006
271,12018,4006
2367,12019,4007
2388,12020,4007
461,12021,4007
498,12022,4008
2389,12023,4008
497,12024,4008
2350,12025,4009
2386,12026,4009
2311,12027,4009
2312,12028,4010
2387,12029,4010
490,12030,4010
488,12031,4011
2375,12032,4011
479,12033,4011
509,12034,4012
2374,12035,4012
500,12036,4012
2327,12037,4013
2372,12038,4013
2329,12039,4013
2338,12040,4014
2377,12041,4014
2366,12042,4014
2296,12043,4015
2404,12044,4015
2385,12045,4015
2359,12046,4016
2395,12047,4016
2348,12048,4016
2336,12049,4017
2407,12050,4017
2381,12051,4017
17,12052,4018
2403,12053,4018
501,12054,4018
485,12055,4019
2410,12056,4019
2297,12057,4019
2328,12058,4020
2393,12059,4020
2354,12060,4020
465,12061,4021
2403,12062,4021
17,12063,4021
2324,12064,4022
2393,12065,4022
2325,12066,4022
2358,12067,4023
2406,12068,4023
2299,12069,4023
2336,12070,4024
2381,12071,4024
2380,12072,4024
2388,12073,4025
2412,12074,4025
462,12075,4025
492,12076,4026
2379,12077,4026
2309,12078,4026
2361,12079,4027
2402,12080,4027
2332,12081,4027
490,12082,4028
2409,12083,4028
491,12084,4028
2348,12085,4029
2395,12086,4029
487,12087,4029
456,12088,4030
2383,12089,4030
457,12090,4030
494,12091,4031
2385,12092,4031
493,12093,4031
2377,12094,4032
2391,12095,4032
2305,12096,4032
489,12097,4033
2387,12098,4033
2375,12099,4033
2346,12100,4034
2411,12101,4034
2342,12102,4034
491,12103,4035
2406,12104,4035
2312,12105,4035
2383,12106,4036
2400,12107,4036
2360,12108,4036
2299,12109,4037
2406,12110,4037
492,12111,4037
2385,12112,4038
2404,12113,4038
2357,12114,4038
2308,12115,4039
2403,12116,4039
2362,12117,4039
2339,12118,4040
2401,12119,4040
2379,12120,4040
2378,12121,4041
2409,12122,4041
490,12123,4041
2323,12124,4042
2382,12125,4042
2321,12126,4042
2336,12127,4043
2380,12128,4043
2335,12129,4043
2297,12130,4044
2384,12131,4044
2365,12132,4044
2310,12133,4045
2400,12134,4045
497,12135,4045
461,12136,4046
2388,12137,4046
462,12138,4046
490,12139,4047
2387,12140,4047
489,12141,4047
2362,12142,4048
2403,12143,4048
465,12144,4048
2386,12145,4049
2389,12146,4049
498,12147,4049
263,12148,4050
2395,12149,4050
2359,12150,4050
2315,12151,4051
2388,12152,4051
2367,12153,4051
497,12154,4052
2389,12155,4052
2305,12156,4052
2364,12157,4053
2413,12158,4053
2302,12159,4053
2384,12160,4054
2410,12161,4054
2345,12162,4054
489,12163,4055
2408,12164,4055
490,12165,4055
500,12166,4056
2390,12167,4056
455,12168,4056
2331,12169,4057
2398,12170,4057
2356,12171,4057
2335,12172,4058
2392,12173,4058
2365,12174,4058
2325,12175,4059
2393,12176,4059
2328,12177,4059
2345,12178,4060
2410,12179,4060
2340,12180,4060
2305,12181,4061
2391,12182,4061
2368,12183,4061
2347,12184,4062
2401,12185,4062
2317,12186,4062
2364,12187,4063
2399,12188,4063
2314,12189,4063
490,12190,4064
2408,12191,4064
2378,12192,4064
2356,12193,4065
2398,12194,4065
2358,12195,4065
2355,12196,4066
2391,12197,4066
2338,12198,4066
2370,12199,4067
2396,12200,4067
2310,12201,4067
2337,12202,4068
2394,12203,4068
2369,12204,4068
2372,12205,4069
2404,12206,4069
2355,12207,4069
2316,12208,4070
2412,12209,4070
2315,12210,4070
2314,12211,4071
2399,12212,4071
2376,12213,4071
2338,12214,4072
2391,12215,4072
2377,12216,4072
2380,12217,4073
2392,12218,4073
2335,12219,4073
2381,12220,4074
2397,12221,4074
2380,12222,4074
2354,12223,4075
2411,12224,4075
2331,12225,4075
2341,12226,4076
2413,12227,4076
2364,12228,4076
2350,12229,4077
2389,12230,4077
2386,12231,4077
497,12232,4078
2400,12233,4078
498,12234,4078
498,12235,4079
2400,12236,4079
2383,12237,4079
2363,12238,4080
2407,12239,4080
2336,12240,4080
2357,12241,4081
2404,12242,4081
2372,12243,4081
501,12244,4082
2403,12245,4082
2308,12246,4082
2367,12247,4083
2416,12248,4083
2315,12249,4083
2332,12250,4084
2402,12251,4084
2363,12252,4084
2312,12253,4085
2415,12254,4085
2387,12255,4085
2380,12256,4086
2397,12257,4086
2303,12258,4086
492,12259,4087
2406,12260,4087
491,12261,4087
2394,12262,4088
2414,12263,4088
2318,12264,4088
267,12265,4089
2416,12266,4089
2344,12267,4089
2379,12268,4090
2401,12269,4090
2309,12270,4090
2315,12271,4091
2416,12272,4091
267,12273,4091
505,12274,4092
2414,12275,4092
2300,12276,4092
2373,12277,4093
2415,12278,4093
2312,12279,4093
491,12280,4094
2409,12281,4094
2379,12282,4094
2302,12283,4095
2413,12284,4095
2370,12285,4095
2315,12286,4096
2412,12287,4096
2388,12288,4096
2339,12289,4097
2409,12290,4097
2378,12291,4097
2344,12292,4098
2416,12293,4098
2367,12294,4098
2379,12295,4099
2409,12296,4099
2339,12297,4099
2297,12298,4100
2410,12299,4100
2384,12300,4100
2370,12301,4101
2413,12302,4101
2396,12303,4101
2396,12304,4102
2413,12305,4102
2341,12306,4102
2364,12307,4103
2405,12308,4103
2399,12309,4103
2387,12310,4104
2415,12311,4104
2352,12312,4104
2399,12313,4105
2405,12314,4105
2347,12315,4105
2300,12316,4106
2414,12317,4106
2394,12318,4106
489,12319,4107
273,12320,4107
272,12321,4107
273,12322,4108
489,12323,4108
488,12324,4108
11,12325,4109
273,12326,4109
488,12327,4109
500,12328,4110
455,12329,4110
18,12330,4110
2418,12331,4111
2528,12332,4111
2465,12333,4111
2465,12334,4112
2495,12335,4112
2418,12336,4112
2435,12337,4113
2499,12338,4113
2466,12339,4113
2456,12340,4114
2503,12341,4114
2496,12342,4114
2430,12343,4115
2486,12344,4115
2478,12345,4115
2472,12346,4116
2514,12347,4116
2501,12348,4116
2476,12349,4117
2477,12350,4117
2432,12351,4117
2469,12352,4118
2479,12353,4118
2470,12354,4118
2486,12355,4119
2502,12356,4119
2478,12357,4119
281,12358,4120
2467,12359,4120
2430,12360,4120
2456,12361,4121
2496,12362,4121
2464,12363,4121
2428,12364,4122
2485,12365,4122
2480,12366,4122
2501,12367,4123
2514,12368,4123
2489,12369,4123
2490,12370,4124
2528,12371,4124
2418,12372,4124
2471,12373,4125
2473,12374,4125
2472,12375,4125
2479,12376,4126
2503,12377,4126
2470,12378,4126
2466,12379,4127
2487,12380,4127
2435,12381,4127
2452,12382,4128
2467,12383,4128
2442,12384,4128
2473,12385,4129
2514,12386,4129
2472,12387,4129
2418,12388,4130
2495,12389,4130
2488,12390,4130
2467,12391,4131
2486,12392,4131
2430,12393,4131
2432,12394,4132
2518,12395,4132
2476,12396,4132
2435,12397,4133
2487,12398,4133
540,12399,4133
515,12400,4134
2466,12401,4134
2426,12402,4134
539,12403,4135
2435,12404,4135
540,12405,4135
2433,12406,4136
2471,12407,4136
276,12408,4136
2480,12409,4137
2485,12410,4137
2463,12411,4137
517,12412,4138
2459,12413,4138
518,12414,4138
2433,12415,4139
2473,12416,4139
2471,12417,4139
2429,12418,4140
2476,12419,4140
2460,12420,4140
2481,12421,4141
2519,12422,4141
2421,12423,4141
2421,12424,4142
2517,12425,4142
2481,12426,4142
2466,12427,4143
2499,12428,4143
2426,12429,4143
2423,12430,4144
2502,12431,4144
2464,12432,4144
2464,12433,4145
2507,12434,4145
2423,12435,4145
2468,12436,4146
2527,12437,4146
2431,12438,4146
2459,12439,4147
2500,12440,4147
518,12441,4147
2440,12442,4148
2441,12443,4148
2420,12444,4148
2470,12445,4149
2503,12446,4149
2456,12447,4149
2452,12448,4150
2486,12449,4150
2467,12450,4150
532,12451,4151
2508,12452,4151
2497,12453,4151
2470,12454,4152
2515,12455,4152
2419,12456,4152
2456,12457,4153
2516,12458,4153
2470,12459,4153
2436,12460,4154
2499,12461,4154
2435,12462,4154
2470,12463,4155
2516,12464,4155
2515,12465,4155
2424,12466,4156
2492,12467,4156
2484,12468,4156
2501,12469,4157
2531,12470,4157
2472,12471,4157
2488,12472,4158
2495,12473,4158
2489,12474,4158
2439,12475,4159
2459,12476,4159
517,12477,4159
2431,12478,4160
2523,12479,4160
2468,12480,4160
2442,12481,4161
2467,12482,4161
2420,12483,4161
2497,12484,4162
2508,12485,4162
2433,12486,4162
519,12487,4163
2529,12488,4163
532,12489,4163
2427,12490,4164
2514,12491,4164
2512,12492,4164
279,12493,4165
2440,12494,4165
2420,12495,4165
2506,12496,4166
2513,12497,4166
522,12498,4166
2492,12499,4167
2527,12500,4167
2484,12501,4167
2422,12502,4168
2483,12503,4168
2440,12504,4168
2422,12505,4169
2440,12506,4169
278,12507,4169
2417,12508,4170
2485,12509,4170
300,12510,4170
2475,12511,4171
2498,12512,4171
303,12513,4171
538,12514,4172
2476,12515,4172
2429,12516,4172
2472,12517,4173
2483,12518,4173
2422,12519,4173
534,12520,4174
2513,12521,4174
535,12522,4174
2434,12523,4175
2510,12524,4175
2481,12525,4175
280,12526,4176
2467,12527,4176
281,12528,4176
516,12529,4177
2439,12530,4177
517,12531,4177
2509,12532,4178
2510,12533,4178
2434,12534,4178
535,12535,4179
2513,12536,4179
2506,12537,4179
2496,12538,4180
2503,12539,4180
2425,12540,4180
542,12541,4181
2474,12542,4181
2425,12543,4181
522,12544,4182
2513,12545,4182
521,12546,4182
276,12547,4183
2471,12548,4183
277,12549,4183
301,12550,4184
2485,12551,4184
2428,12552,4184
2474,12553,4185
2496,12554,4185
2425,12555,4185
2469,12556,4186
2470,12557,4186
2419,12558,4186
2472,12559,4187
2531,12560,4187
2483,12561,4187
2475,12562,4188
2509,12563,4188
2498,12564,4188
2426,12565,4189
2520,12566,4189
2468,12567,4189
537,12568,4190
2477,12569,4190
2476,12570,4190
2475,12571,4191
2510,12572,4191
2509,12573,4191
2481,12574,4192
2510,12575,4192
2480,12576,4192
2417,12577,4193
2526,12578,4193
2485,12579,4193
2512,12580,4194
2514,12581,4194
2473,12582,4194
2499,12583,4195
2520,12584,4195
2426,12585,4195
299,12586,4196
2536,12587,4196
2457,12588,4196
298,12589,4197
2536,12590,4197
299,12591,4197
297,12592,4198
2469,12593,4198
2419,12594,4198
302,12595,4199
2475,12596,4199
303,12597,4199
13,12598,4200
304,12599,4200
521,12600,4200
533,12601,4201
274,12602,4201
11,12603,4201
2441,12604,4202
2442,12605,4202
2420,12606,4202
2431,12607,4203
2527,12608,4203
2492,12609,4203
2476,12610,4204
2518,12611,4204
2460,12612,4204
531,12613,4205
2508,12614,4205
532,12615,4205
510,12616,4206
2478,12617,4206
511,12618,4206
543,12619,4207
2479,12620,4207
544,12621,4207
2519,12622,4208
2528,12623,4208
2421,12624,4208
2489,12625,4209
2514,12626,4209
2427,12627,4209
2421,12628,4210
2528,12629,4210
2490,12630,4210
2458,12631,4211
2482,12632,4211
2446,12633,4211
536,12634,4212
2506,12635,4212
2477,12636,4212
511,12637,4213
2478,12638,4213
2423,12639,4213
2493,12640,4214
2526,12641,4214
2522,12642,4214
523,12643,4215
2506,12644,4215
522,12645,4215
2441,12646,4216
2443,12647,4216
2442,12648,4216
2426,12649,4217
2468,12650,4217
2439,12651,4217
2425,12652,4218
2479,12653,4218
543,12654,4218
538,12655,4219
2429,12656,4219
539,12657,4219
511,12658,4220
2423,12659,4220
512,12660,4220
515,12661,4221
2426,12662,4221
516,12663,4221
2429,12664,4222
2435,12665,4222
539,12666,4222
537,12667,4223
2476,12668,4223
538,12669,4223
536,12670,4224
2477,12671,4224
537,12672,4224
541,12673,4225
2474,12674,4225
542,12675,4225
275,12676,4226
2497,12677,4226
2433,12678,4226
2460,12679,4227
2484,12680,4227
2436,12681,4227
2429,12682,4228
2460,12683,4228
2436,12684,4228
542,12685,4229
2425,12686,4229
543,12687,4229
2426,12688,4230
2439,12689,4230
516,12690,4230
2429,12691,4231
2436,12692,4231
2435,12693,4231
2463,12694,4232
2493,12695,4232
2450,12696,4232
523,12697,4233
2434,12698,4233
524,12699,4233
2443,12700,4234
2445,12701,4234
2442,12702,4234
529,12703,4235
2427,12704,4235
530,12705,4235
527,12706,4236
2418,12707,4236
528,12708,4236
525,12709,4237
2421,12710,4237
526,12711,4237
2441,12712,4238
2444,12713,4238
2443,12714,4238
514,12715,4239
2466,12716,4239
515,12717,4239
2462,12718,4240
2463,12719,4240
2450,12720,4240
2448,12721,4241
2458,12722,4241
2446,12723,4241
2445,12724,4242
2455,12725,4242
2453,12726,4242
297,12727,4243
2419,12728,4243
298,12729,4243
279,12730,4244
2420,12731,4244
280,12732,4244
513,12733,4245
2437,12734,4245
514,12735,4245
299,12736,4246
2417,12737,4246
300,12738,4246
2444,12739,4247
2446,12740,4247
2443,12741,4247
299,12742,4248
2457,12743,4248
2417,12744,4248
277,12745,4249
2422,12746,4249
278,12747,4249
513,12748,4250
2438,12749,4250
2437,12750,4250
278,12751,4251
2440,12752,4251
279,12753,4251
2447,12754,4252
2448,12755,4252
2446,12756,4252
301,12757,4253
2428,12758,4253
302,12759,4253
2418,12760,4254
2488,12761,4254
528,12762,4254
2449,12763,4255
2450,12764,4255
2448,12765,4255
527,12766,4256
2490,12767,4256
2418,12768,4256
2461,12769,4257
2462,12770,4257
2450,12771,4257
2444,12772,4258
2447,12773,4258
2446,12774,4258
2444,12775,4259
2451,12776,4259
2447,12777,4259
275,12778,4260
2433,12779,4260
276,12780,4260
2447,12781,4261
2449,12782,4261
2448,12783,4261
2445,12784,4262
2482,12785,4262
2455,12786,4262
2450,12787,4263
2493,12788,4263
2448,12789,4263
2449,12790,4264
2465,12791,4264
2461,12792,4264
2449,12793,4265
2461,12794,4265
2450,12795,4265
527,12796,4266
2424,12797,4266
526,12798,4266
277,12799,4267
2471,12800,4267
2422,12801,4267
2449,12802,4268
2494,12803,4268
2465,12804,4268
2471,12805,4269
2472,12806,4269
2422,12807,4269
2428,12808,4270
2475,12809,4270
302,12810,4270
2420,12811,4271
2467,12812,4271
280,12813,4271
529,12814,4272
2431,12815,4272
528,12816,4272
300,12817,4273
2485,12818,4273
301,12819,4273
528,12820,4274
2492,12821,4274
527,12822,4274
2445,12823,4275
2452,12824,4275
2442,12825,4275
2454,12826,4276
2486,12827,4276
2452,12828,4276
281,12829,4277
2430,12830,4277
282,12831,4277
528,12832,4278
2488,12833,4278
529,12834,4278
526,12835,4279
2490,12836,4279
527,12837,4279
2462,12838,4280
2480,12839,4280
2463,12840,4280
2445,12841,4281
2453,12842,4281
2452,12843,4281
525,12844,4282
2432,12845,4282
524,12846,4282
2488,12847,4283
2489,12848,4283
2427,12849,4283
2462,12850,4284
2481,12851,4284
2480,12852,4284
529,12853,4285
2488,12854,4285
2427,12855,4285
2421,12856,4286
2490,12857,4286
526,12858,4286
2424,12859,4287
2491,12860,4287
526,12861,4287
2448,12862,4288
2493,12863,4288
2458,12864,4288
2453,12865,4289
2454,12866,4289
2452,12867,4289
296,12868,4290
2469,12869,4290
297,12870,4290
526,12871,4291
2491,12872,4291
525,12873,4291
2453,12874,4292
2456,12875,4292
2454,12876,4292
527,12877,4293
2492,12878,4293
2424,12879,4293
2431,12880,4294
2492,12881,4294
528,12882,4294
2456,12883,4295
2464,12884,4295
2454,12885,4295
2446,12886,4296
2482,12887,4296
2443,12888,4296
2454,12889,4297
2502,12890,4297
2486,12891,4297
2458,12892,4298
2505,12893,4298
2482,12894,4298
2439,12895,4299
2523,12896,4299
2459,12897,4299
2447,12898,4300
2494,12899,4300
2449,12900,4300
2522,12901,4301
2526,12902,4301
2417,12903,4301
541,12904,4302
2532,12905,4302
2474,12906,4302
518,12907,4303
2529,12908,4303
519,12909,4303
525,12910,4304
2491,12911,4304
2432,12912,4304
2451,12913,4305
2494,12914,4305
2447,12915,4305
2443,12916,4306
2482,12917,4306
2445,12918,4306
521,12919,4307
2498,12920,4307
522,12921,4307
532,12922,4308
2497,12923,4308
533,12924,4308
2477,12925,4309
2521,12926,4309
2432,12927,4309
2425,12928,4310
2503,12929,4310
2479,12930,4310
2494,12931,4311
2495,12932,4311
2465,12933,4311
2495,12934,4312
2501,12935,4312
2489,12936,4312
274,12937,4313
2497,12938,4313
275,12939,4313
303,12940,4314
2498,12941,4314
304,12942,4314
2481,12943,4315
2517,12944,4315
2434,12945,4315
530,12946,4316
2504,12947,4316
529,12948,4316
2500,12949,4317
2529,12950,4317
518,12951,4317
523,12952,4318
2509,12953,4318
2434,12954,4318
2487,12955,4319
2511,12956,4319
540,12957,4319
2496,12958,4320
2507,12959,4320
2464,12960,4320
530,12961,4321
2512,12962,4321
531,12963,4321
2433,12964,4322
2508,12965,4322
2473,12966,4322
304,12967,4323
2498,12968,4323
521,12969,4323
533,12970,4324
2497,12971,4324
274,12972,4324
2494,12973,4325
2501,12974,4325
2495,12975,4325
2478,12976,4326
2502,12977,4326
2423,12978,4326
282,12979,4327
2524,12980,4327
12,12981,4327
2451,12982,4328
2533,12983,4328
2483,12984,4328
2451,12985,4329
2501,12986,4329
2494,12987,4329
14,12988,4330
2525,12989,4330
296,12990,4330
12,12991,4331
2524,12992,4331
510,12993,4331
2444,12994,4332
2533,12995,4332
2451,12996,4332
544,12997,4333
2525,12998,4333
14,12999,4333
2457,13000,4334
2515,13001,4334
2505,13002,4334
2464,13003,4335
2502,13004,4335
2454,13005,4335
2453,13006,4336
2516,13007,4336
2456,13008,4336
513,13009,4337
2537,13010,4337
2438,13011,4337
2511,13012,4338
2532,13013,4338
541,13014,4338
529,13015,4339
2504,13016,4339
2431,13017,4339
531,13018,4340
2530,13019,4340
530,13020,4340
2434,13021,4341
2517,13022,4341
524,13023,4341
525,13024,4342
2517,13025,4342
2421,13026,4342
512,13027,4343
2537,13028,4343
513,13029,4343
2498,13030,4344
2509,13031,4344
522,13032,4344
535,13033,4345
2506,13034,4345
536,13035,4345
2506,13036,4346
2521,13037,4346
2477,13038,4346
2478,13039,4347
2524,13040,4347
2430,13041,4347
2493,13042,4348
2522,13043,4348
2458,13044,4348
2459,13045,4349
2523,13046,4349
2504,13047,4349
2500,13048,4350
2530,13049,4350
531,13050,4350
2482,13051,4351
2505,13052,4351
2455,13053,4351
522,13054,4352
2509,13055,4352
523,13056,4352
2462,13057,4353
2519,13058,4353
2481,13059,4353
2432,13060,4354
2521,13061,4354
524,13062,4354
540,13063,4355
2511,13064,4355
541,13065,4355
2515,13066,4356
2516,13067,4356
2455,13068,4356
510,13069,4357
2524,13070,4357
2478,13071,4357
2440,13072,4358
2533,13073,4358
2441,13074,4358
2469,13075,4359
2525,13076,4359
2479,13077,4359
531,13078,4360
2512,13079,4360
2508,13080,4360
2437,13081,4361
2511,13082,4361
2487,13083,4361
2479,13084,4362
2525,13085,4362
544,13086,4362
2427,13087,4363
2512,13088,4363
530,13089,4363
2480,13090,4364
2510,13091,4364
2428,13092,4364
2484,13093,4365
2535,13094,4365
2424,13095,4365
532,13096,4366
2529,13097,4366
531,13098,4366
521,13099,4367
2513,13100,4367
534,13101,4367
2458,13102,4368
2522,13103,4368
2505,13104,4368
2428,13105,4369
2510,13106,4369
2475,13107,4369
2468,13108,4370
2523,13109,4370
2439,13110,4370
2484,13111,4371
2520,13112,4371
2436,13113,4371
531,13114,4372
2529,13115,4372
2500,13116,4372
2483,13117,4373
2533,13118,4373
2440,13119,4373
2491,13120,4374
2518,13121,4374
2432,13122,4374
2438,13123,4375
2532,13124,4375
2437,13125,4375
2436,13126,4376
2520,13127,4376
2499,13128,4376
2455,13129,4377
2516,13130,4377
2453,13131,4377
524,13132,4378
2517,13133,4378
525,13134,4378
2483,13135,4379
2531,13136,4379
2451,13137,4379
2457,13138,4380
2536,13139,4380
2515,13140,4380
2460,13141,4381
2535,13142,4381
2484,13143,4381
2485,13144,4382
2526,13145,4382
2463,13146,4382
2505,13147,4383
2522,13148,4383
2457,13149,4383
2508,13150,4384
2512,13151,4384
2473,13152,4384
524,13153,4385
2521,13154,4385
523,13155,4385
2505,13156,4386
2515,13157,4386
2455,13158,4386
2461,13159,4387
2519,13160,4387
2462,13161,4387
523,13162,4388
2521,13163,4388
2506,13164,4388
2457,13165,4389
2522,13166,4389
2417,13167,4389
2463,13168,4390
2526,13169,4390
2493,13170,4390
2423,13171,4391
2537,13172,4391
512,13173,4391
2430,13174,4392
2524,13175,4392
282,13176,4392
2487,13177,4393
2538,13178,4393
2437,13179,4393
2496,13180,4394
2534,13181,4394
2507,13182,4394
2461,13183,4395
2528,13184,4395
2519,13185,4395
296,13186,4396
2525,13187,4396
2469,13188,4396
2465,13189,4397
2528,13190,4397
2461,13191,4397
2441,13192,4398
2533,13193,4398
2444,13194,4398
2451,13195,4399
2531,13196,4399
2501,13197,4399
2474,13198,4400
2534,13199,4400
2496,13200,4400
514,13201,4401
2538,13202,4401
2466,13203,4401
2419,13204,4402
2536,13205,4402
298,13206,4402
2504,13207,4403
2523,13208,4403
2431,13209,4403
2437,13210,4404
2538,13211,4404
514,13212,4404
530,13213,4405
2530,13214,4405
2504,13215,4405
2424,13216,4406
2535,13217,4406
2491,13218,4406
2437,13219,4407
2532,13220,4407
2511,13221,4407
2459,13222,4408
2530,13223,4408
2500,13224,4408
2466,13225,4409
2538,13226,4409
2487,13227,4409
2507,13228,4410
2537,13229,4410
2423,13230,4410
2504,13231,4411
2530,13232,4411
2459,13233,4411
2491,13234,4412
2535,13235,4412
2518,13236,4412
2518,13237,4413
2535,13238,4413
2460,13239,4413
2507,13240,4414
2534,13241,4414
2438,13242,4414
2438,13243,4415
2537,13244,4415
2507,13245,4415
2484,13246,4416
2527,13247,4416
2520,13248,4416
2520,13249,4417
2527,13250,4417
2468,13251,4417
2515,13252,4418
2536,13253,4418
2419,13254,4418
2532,13255,4419
2534,13256,4419
2474,13257,4419
2438,13258,4420
2534,13259,4420
2532,13260,4420
532,13261,4421
520,13262,4421
519,13263,4421
532,13264,4422
533,13265,4422
520,13266,4422
533,13267,4423
11,13268,4423
520,13269,4423
13,13270,4424
521,13271,4424
534,13272,4424
2540,13273,4425
2652,13274,4425
2589,13275,4425
2589,13276,4426
2615,13277,4426
2540,13278,4426
2552,13279,4427
2608,13280,4427
2601,13281,4427
2595,13282,4428
2634,13283,4428
2621,13284,4428
2608,13285,4429
2622,13286,4429
2601,13287,4429
2592,13288,4430
2635,13289,4430
2593,13290,4430
317,13291,4431
2590,13292,4431
2552,13293,4431
2557,13294,4432
2558,13295,4432
2551,13296,4432
2591,13297,4433
2660,13298,4433
2548,13299,4433
2602,13300,4434
2635,13301,4434
2592,13302,4434
2550,13303,4435
2607,13304,4435
2603,13305,4435
2621,13306,4436
2634,13307,4436
2610,13308,4436
2611,13309,4437
2652,13310,4437
2540,13311,4437
2594,13312,4438
2596,13313,4438
2595,13314,4438
2574,13315,4439
2590,13316,4439
2564,13317,4439
2596,13318,4440
2634,13319,4440
2595,13320,4440
2540,13321,4441
2615,13322,4441
2609,13323,4441
2590,13324,4442
2608,13325,4442
2552,13326,4442
561,13327,4443
2560,13328,4443
560,13329,4443
2548,13330,4444
2660,13331,4444
563,13332,4444
2597,13333,4445
2625,13334,4445
2560,13335,4445
539,13336,4446
2557,13337,4446
2551,13338,4446
2585,13339,4447
2600,13340,4447
2588,13341,4447
2560,13342,4448
2624,13343,4448
2597,13344,4448
2585,13345,4449
2588,13346,4449
2551,13347,4449
2555,13348,4450
2594,13349,4450
322,13350,4450
2600,13351,4451
2646,13352,4451
2546,13353,4451
2560,13354,4452
2650,13355,4452
560,13356,4452
2603,13357,4453
2607,13358,4453
2584,13359,4453
566,13360,4454
2581,13361,4454
565,13362,4454
2555,13363,4455
2596,13364,4455
2594,13365,4455
2604,13366,4456
2641,13367,4456
2543,13368,4456
2553,13369,4457
2651,13370,4457
2644,13371,4457
2543,13372,4458
2639,13373,4458
2604,13374,4458
2548,13375,4459
2637,13376,4459
2591,13377,4459
2644,13378,4460
2651,13379,4460
2616,13380,4460
540,13381,4461
2645,13382,4461
2633,13383,4461
566,13384,4462
2619,13385,4462
2581,13386,4462
2593,13387,4463
2635,13388,4463
2578,13389,4463
2562,13390,4464
2563,13391,4464
2542,13392,4464
2574,13393,4465
2608,13394,4465
2590,13395,4465
556,13396,4466
2628,13397,4466
2617,13398,4466
2593,13399,4467
2636,13400,4467
2541,13401,4467
2578,13402,4468
2638,13403,4468
2593,13404,4468
540,13405,4469
2633,13406,4469
2557,13407,4469
2593,13408,4470
2638,13409,4470
2636,13410,4470
2621,13411,4471
2655,13412,4471
2595,13413,4471
2609,13414,4472
2615,13415,4472
2610,13416,4472
565,13417,4473
2581,13418,4473
2561,13419,4473
2564,13420,4474
2590,13421,4474
2542,13422,4474
2617,13423,4475
2628,13424,4475
2555,13425,4475
2588,13426,4476
2657,13427,4476
537,13428,4476
546,13429,4477
2653,13430,4477
567,13431,4477
2549,13432,4478
2634,13433,4478
2631,13434,4478
319,13435,4479
2562,13436,4479
2542,13437,4479
2546,13438,4480
2640,13439,4480
2600,13440,4480
556,13441,4481
2632,13442,4481
2627,13443,4481
2544,13444,4482
2606,13445,4482
2562,13446,4482
2544,13447,4483
2562,13448,4483
320,13449,4483
2539,13450,4484
2607,13451,4484
573,13452,4484
2598,13453,4485
2618,13454,4485
570,13455,4485
2585,13456,4486
2646,13457,4486
2600,13458,4486
2595,13459,4487
2606,13460,4487
2544,13461,4487
535,13462,4488
2632,13463,4488
534,13464,4488
2556,13465,4489
2630,13466,4489
2604,13467,4489
318,13468,4490
2590,13469,4490
317,13470,4490
538,13471,4491
2588,13472,4491
537,13473,4491
565,13474,4492
2561,13475,4492
564,13476,4492
2629,13477,4493
2630,13478,4493
2556,13479,4493
2627,13480,4494
2632,13481,4494
535,13482,4494
542,13483,4495
2597,13484,4495
541,13485,4495
537,13486,4496
2657,13487,4496
2599,13488,4496
557,13489,4497
2632,13490,4497
556,13491,4497
322,13492,4498
2594,13493,4498
321,13494,4498
572,13495,4499
2607,13496,4499
2550,13497,4499
2592,13498,4500
2593,13499,4500
2541,13500,4500
2595,13501,4501
2655,13502,4501
2606,13503,4501
2598,13504,4502
2629,13505,4502
2618,13506,4502
2558,13507,4503
2585,13508,4503
2551,13509,4503
2598,13510,4504
2630,13511,4504
2629,13512,4504
2557,13513,4505
2591,13514,4505
2558,13515,4505
2604,13516,4506
2630,13517,4506
2603,13518,4506
2539,13519,4507
2649,13520,4507
2607,13521,4507
2631,13522,4508
2634,13523,4508
2596,13524,4508
574,13525,4509
2659,13526,4509
2579,13527,4509
575,13528,4510
2659,13529,4510
574,13530,4510
576,13531,4511
2592,13532,4511
2541,13533,4511
571,13534,4512
2598,13535,4512
570,13536,4512
19,13537,4513
569,13538,4513
545,13539,4513
557,13540,4514
324,13541,4514
13,13542,4514
2563,13543,4515
2564,13544,4515
2542,13545,4515
555,13546,4516
2628,13547,4516
556,13548,4516
544,13549,4517
2601,13550,4517
543,13551,4517
559,13552,4518
2602,13553,4518
558,13554,4518
2597,13555,4519
2624,13556,4519
541,13557,4519
562,13558,4520
2633,13559,4520
2559,13560,4520
2641,13561,4521
2652,13562,4521
2543,13563,4521
2610,13564,4522
2634,13565,4522
2549,13566,4522
2543,13567,4523
2652,13568,4523
2611,13569,4523
2558,13570,4524
2586,13571,4524
2585,13572,4524
2580,13573,4525
2605,13574,4525
2568,13575,4525
2599,13576,4526
2627,13577,4526
536,13578,4526
543,13579,4527
2601,13580,4527
2545,13581,4527
2546,13582,4528
2646,13583,4528
2612,13584,4528
2613,13585,4529
2649,13586,4529
2643,13587,4529
556,13588,4530
2627,13589,4530
555,13590,4530
2563,13591,4531
2565,13592,4531
2564,13593,4531
2545,13594,4532
2597,13595,4532
542,13596,4532
2547,13597,4533
2602,13598,4533
559,13599,4533
539,13600,4534
2551,13601,4534
538,13602,4534
543,13603,4535
2545,13604,4535
542,13605,4535
564,13606,4536
2548,13607,4536
563,13608,4536
537,13609,4537
2599,13610,4537
536,13611,4537
2551,13612,4538
2588,13613,4538
538,13614,4538
323,13615,4539
2617,13616,4539
2555,13617,4539
560,13618,4540
2547,13619,4540
559,13620,4540
564,13621,4541
2561,13622,4541
2548,13623,4541
2584,13624,4542
2613,13625,4542
2572,13626,4542
547,13627,4543
2556,13628,4543
548,13629,4543
2565,13630,4544
2567,13631,4544
2564,13632,4544
540,13633,4545
2557,13634,4545
539,13635,4545
553,13636,4546
2549,13637,4546
554,13638,4546
551,13639,4547
2540,13640,4547
552,13641,4547
549,13642,4548
2543,13643,4548
550,13644,4548
2563,13645,4549
2566,13646,4549
2565,13647,4549
2583,13648,4550
2584,13649,4550
2572,13650,4550
2570,13651,4551
2580,13652,4551
2568,13653,4551
2567,13654,4552
2577,13655,4552
2575,13656,4552
576,13657,4553
2541,13658,4553
575,13659,4553
319,13660,4554
2542,13661,4554
318,13662,4554
562,13663,4555
2559,13664,4555
561,13665,4555
574,13666,4556
2539,13667,4556
573,13668,4556
2566,13669,4557
2568,13670,4557
2565,13671,4557
574,13672,4558
2579,13673,4558
2539,13674,4558
321,13675,4559
2544,13676,4559
320,13677,4559
320,13678,4560
2562,13679,4560
319,13680,4560
2569,13681,4561
2570,13682,4561
2568,13683,4561
572,13684,4562
2550,13685,4562
571,13686,4562
2540,13687,4563
2609,13688,4563
552,13689,4563
2571,13690,4564
2572,13691,4564
2570,13692,4564
2559,13693,4565
2560,13694,4565
561,13695,4565
551,13696,4566
2611,13697,4566
2540,13698,4566
2582,13699,4567
2583,13700,4567
2572,13701,4567
2566,13702,4568
2569,13703,4568
2568,13704,4568
2566,13705,4569
2573,13706,4569
2569,13707,4569
323,13708,4570
2555,13709,4570
322,13710,4570
2569,13711,4571
2571,13712,4571
2570,13713,4571
2567,13714,4572
2605,13715,4572
2577,13716,4572
2572,13717,4573
2613,13718,4573
2570,13719,4573
2571,13720,4574
2589,13721,4574
2582,13722,4574
2571,13723,4575
2582,13724,4575
2572,13725,4575
552,13726,4576
2546,13727,4576
551,13728,4576
321,13729,4577
2594,13730,4577
2544,13731,4577
2571,13732,4578
2614,13733,4578
2589,13734,4578
2594,13735,4579
2595,13736,4579
2544,13737,4579
2550,13738,4580
2598,13739,4580
571,13740,4580
2542,13741,4581
2590,13742,4581
318,13743,4581
550,13744,4582
2553,13745,4582
549,13746,4582
573,13747,4583
2607,13748,4583
572,13749,4583
551,13750,4584
2612,13751,4584
550,13752,4584
2567,13753,4585
2574,13754,4585
2564,13755,4585
2612,13756,4586
2651,13757,4586
2553,13758,4586
2576,13759,4587
2608,13760,4587
2574,13761,4587
317,13762,4588
2552,13763,4588
316,13764,4588
2646,13765,4589
2651,13766,4589
2612,13767,4589
552,13768,4590
2609,13769,4590
553,13770,4590
550,13771,4591
2611,13772,4591
551,13773,4591
2583,13774,4592
2603,13775,4592
2584,13776,4592
2567,13777,4593
2575,13778,4593
2574,13779,4593
554,13780,4594
2554,13781,4594
553,13782,4594
2609,13783,4595
2610,13784,4595
2549,13785,4595
2583,13786,4596
2604,13787,4596
2603,13788,4596
553,13789,4597
2609,13790,4597
2549,13791,4597
2543,13792,4598
2611,13793,4598
550,13794,4598
2570,13795,4599
2613,13796,4599
2580,13797,4599
2575,13798,4600
2576,13799,4600
2574,13800,4600
577,13801,4601
2592,13802,4601
576,13803,4601
2575,13804,4602
2578,13805,4602
2576,13806,4602
2546,13807,4603
2612,13808,4603
551,13809,4603
550,13810,4604
2612,13811,4604
2553,13812,4604
2568,13813,4605
2605,13814,4605
2565,13815,4605
2578,13816,4606
2587,13817,4606
2576,13818,4606
2586,13819,4607
2637,13820,4607
2616,13821,4607
2576,13822,4608
2622,13823,4608
2608,13824,4608
2580,13825,4609
2626,13826,4609
2605,13827,4609
2581,13828,4610
2644,13829,4610
2561,13830,4610
562,13831,4611
2660,13832,4611
2633,13833,4611
2569,13834,4612
2614,13835,4612
2571,13836,4612
2643,13837,4613
2649,13838,4613
2539,13839,4613
567,13840,4614
2653,13841,4614
566,13842,4614
2573,13843,4615
2614,13844,4615
2569,13845,4615
2565,13846,4616
2605,13847,4616
2567,13848,4616
545,13849,4617
2618,13850,4617
546,13851,4617
556,13852,4618
2617,13853,4618
557,13854,4618
2554,13855,4619
2642,13856,4619
2599,13857,4619
2614,13858,4620
2615,13859,4620
2589,13860,4620
2615,13861,4621
2621,13862,4621
2610,13863,4621
324,13864,4622
2617,13865,4622
323,13866,4622
570,13867,4623
2618,13868,4623
569,13869,4623
2604,13870,4624
2639,13871,4624
2556,13872,4624
549,13873,4625
2623,13874,4625
548,13875,4625
566,13876,4626
2653,13877,4626
2619,13878,4626
547,13879,4627
2629,13880,4627
2556,13881,4627
554,13882,4628
2631,13883,4628
555,13884,4628
2555,13885,4629
2628,13886,4629
2596,13887,4629
569,13888,4630
2618,13889,4630
545,13890,4630
557,13891,4631
2617,13892,4631
324,13893,4631
2561,13894,4632
2616,13895,4632
2548,13896,4632
2614,13897,4633
2621,13898,4633
2615,13899,4633
2578,13900,4634
2635,13901,4634
2620,13902,4634
2600,13903,4635
2640,13904,4635
2554,13905,4635
2601,13906,4636
2622,13907,4636
2545,13908,4636
2547,13909,4637
2635,13910,4637
2602,13911,4637
316,13912,4638
2647,13913,4638
14,13914,4638
2573,13915,4639
2658,13916,4639
2606,13917,4639
2573,13918,4640
2621,13919,4640
2614,13920,4640
20,13921,4641
2648,13922,4641
577,13923,4641
14,13924,4642
2647,13925,4642
544,13926,4642
2616,13927,4643
2637,13928,4643
2548,13929,4643
2566,13930,4644
2658,13931,4644
2573,13932,4644
558,13933,4645
2648,13934,4645
20,13935,4645
2620,13936,4646
2625,13937,4646
2587,13938,4646
2579,13939,4647
2636,13940,4647
2626,13941,4647
2575,13942,4648
2638,13943,4648
2578,13944,4648
2587,13945,4649
2622,13946,4649
2576,13947,4649
2553,13948,4650
2623,13949,4650
549,13950,4650
2559,13951,4651
2624,13952,4651
2560,13953,4651
2578,13954,4652
2620,13955,4652
2587,13956,4652
2556,13957,4653
2639,13958,4653
548,13959,4653
549,13960,4654
2639,13961,4654
2543,13962,4654
548,13963,4655
2654,13964,4655
547,13965,4655
2554,13966,4656
2657,13967,4656
2600,13968,4656
2618,13969,4657
2629,13970,4657
546,13971,4657
536,13972,4658
2627,13973,4658
535,13974,4658
541,13975,4659
2645,13976,4659
540,13977,4659
552,13978,4660
2640,13979,4660
2546,13980,4660
2599,13981,4661
2642,13982,4661
2627,13983,4661
2601,13984,4662
2647,13985,4662
2552,13986,4662
2613,13987,4663
2643,13988,4663
2580,13989,4663
2623,13990,4664
2644,13991,4664
2581,13992,4664
2554,13993,4665
2640,13994,4665
553,13995,4665
2605,13996,4666
2626,13997,4666
2577,13998,4666
546,13999,4667
2629,14000,4667
547,14001,4667
2583,14002,4668
2641,14003,4668
2604,14004,4668
547,14005,4669
2654,14006,4669
2619,14007,4669
2557,14008,4670
2633,14009,4670
2591,14010,4670
2587,14011,4671
2656,14012,4671
2622,14013,4671
554,14014,4672
2642,14015,4672
2554,14016,4672
2620,14017,4673
2635,14018,4673
2547,14019,4673
560,14020,4674
2650,14021,4674
2547,14022,4674
2622,14023,4675
2656,14024,4675
2545,14025,4675
2636,14026,4676
2638,14027,4676
2577,14028,4676
544,14029,4677
2647,14030,4677
2601,14031,4677
2562,14032,4678
2658,14033,4678
2563,14034,4678
2592,14035,4679
2648,14036,4679
2602,14037,4679
555,14038,4680
2631,14039,4680
2628,14040,4680
2602,14041,4681
2648,14042,4681
558,14043,4681
2549,14044,4682
2631,14045,4682
554,14046,4682
2603,14047,4683
2630,14048,4683
2550,14049,4683
2600,14050,4684
2657,14051,4684
2588,14052,4684
2599,14053,4685
2657,14054,4685
2554,14055,4685
547,14056,4686
2653,14057,4686
546,14058,4686
2591,14059,4687
2637,14060,4687
2558,14061,4687
534,14062,4688
2632,14063,4688
557,14064,4688
2580,14065,4689
2643,14066,4689
2626,14067,4689
2550,14068,4690
2630,14069,4690
2598,14070,4690
2558,14071,4691
2637,14072,4691
2586,14073,4691
2619,14074,4692
2653,14075,4692
547,14076,4692
2624,14077,4693
2645,14078,4693
541,14079,4693
2606,14080,4694
2658,14081,4694
2562,14082,4694
2547,14083,4695
2650,14084,4695
2620,14085,4695
2620,14086,4696
2650,14087,4696
2625,14088,4696
2577,14089,4697
2638,14090,4697
2575,14091,4697
548,14092,4698
2639,14093,4698
549,14094,4698
2606,14095,4699
2655,14096,4699
2573,14097,4699
2579,14098,4700
2659,14099,4700
2636,14100,4700
553,14101,4701
2640,14102,4701
552,14103,4701
2607,14104,4702
2649,14105,4702
2584,14106,4702
2626,14107,4703
2643,14108,4703
2579,14109,4703
2561,14110,4704
2644,14111,4704
2616,14112,4704
2628,14113,4705
2631,14114,4705
2596,14115,4705
555,14116,4706
2642,14117,4706
554,14118,4706
2626,14119,4707
2636,14120,4707
2577,14121,4707
2582,14122,4708
2641,14123,4708
2583,14124,4708
2625,14125,4709
2656,14126,4709
2587,14127,4709
2627,14128,4710
2642,14129,4710
555,14130,4710
2586,14131,4711
2646,14132,4711
2585,14133,4711
2579,14134,4712
2643,14135,4712
2539,14136,4712
2584,14137,4713
2649,14138,4713
2613,14139,4713
2552,14140,4714
2647,14141,4714
316,14142,4714
2616,14143,4715
2651,14144,4715
2586,14145,4715
2582,14146,4716
2652,14147,4716
2641,14148,4716
577,14149,4717
2648,14150,4717
2592,14151,4717
2633,14152,4718
2660,14153,4718
2591,14154,4718
2545,14155,4719
2656,14156,4719
2597,14157,4719
2589,14158,4720
2652,14159,4720
2582,14160,4720
2563,14161,4721
2658,14162,4721
2566,14163,4721
2573,14164,4722
2655,14165,4722
2621,14166,4722
2541,14167,4723
2659,14168,4723
575,14169,4723
563,14170,4724
2660,14171,4724
562,14172,4724
2553,14173,4725
2644,14174,4725
2623,14175,4725
2623,14176,4726
2654,14177,4726
548,14178,4726
2559,14179,4727
2645,14180,4727
2624,14181,4727
2597,14182,4728
2656,14183,4728
2625,14184,4728
2625,14185,4729
2650,14186,4729
2560,14187,4729
2619,14188,4730
2654,14189,4730
2581,14190,4730
2586,14191,4731
2651,14192,4731
2646,14193,4731
2633,14194,4732
2645,14195,4732
2559,14196,4732
2581,14197,4733
2654,14198,4733
2623,14199,4733
2636,14200,4734
2659,14201,4734
2541,14202,4734
557,14203,4735
13,14204,4735
534,14205,4735
546,14206,4736
567,14207,4736
568,14208,4736
19,14209,4737
545,14210,4737
568,14211,4737
568,14212,4738
545,14213,4738
546,14214,4738
2672,14215,4739
2708,14216,4739
581,14217,4739
2690,14218,4740
2711,14219,4740
2709,14220,4740
2672,14221,4741
2712,14222,4741
2708,14223,4741
2679,14224,4742
2742,14225,4742
2710,14226,4742
2717,14227,4743
2747,14228,4743
2667,14229,4743
2719,14230,4744
2726,14231,4744
2676,14232,4744
2709,14233,4745
2759,14234,4745
2690,14235,4745
2747,14236,4746
2773,14237,4746
2667,14238,4746
2715,14239,4747
2732,14240,4747
2716,14241,4747
2710,14242,4748
2733,14243,4748
2679,14244,4748
589,14245,4749
2763,14246,4749
2682,14247,4749
2676,14248,4750
2762,14249,4750
2719,14250,4750
2679,14251,4751
2733,14252,4751
351,14253,4751
589,14254,4752
2682,14255,4752
590,14256,4752
2732,14257,4753
2743,14258,4753
2716,14259,4753
592,14260,4754
2710,14261,4754
2670,14262,4754
352,14263,4755
2679,14264,4755
351,14265,4755
2708,14266,4756
2720,14267,4756
2661,14268,4756
340,14269,4757
2715,14270,4757
2677,14271,4757
594,14272,4758
2705,14273,4758
595,14274,4758
2715,14275,4759
2716,14276,4759
2677,14277,4759
2664,14278,4760
2727,14279,4760
2686,14280,4760
2673,14281,4761
2719,14282,4761
2707,14283,4761
2724,14284,4762
2739,14285,4762
2678,14286,4762
2710,14287,4763
2742,14288,4763
2670,14289,4763
2665,14290,4764
2723,14291,4764
2722,14292,4764
2747,14293,4765
2778,14294,4765
2682,14295,4765
2662,14296,4766
2734,14297,4766
2721,14298,4766
2713,14299,4767
2771,14300,4767
2675,14301,4767
2728,14302,4768
2773,14303,4768
2729,14304,4768
2705,14305,4769
2744,14306,4769
595,14307,4769
2717,14308,4770
2778,14309,4770
2747,14310,4770
2729,14311,4771
2768,14312,4771
2728,14313,4771
2740,14314,4772
2752,14315,4772
599,14316,4772
2661,14317,4773
2720,14318,4773
2709,14319,4773
2680,14320,4774
2742,14321,4774
2679,14322,4774
2668,14323,4775
2736,14324,4775
2730,14325,4775
2748,14326,4776
2750,14327,4776
2711,14328,4776
2686,14329,4777
2727,14330,4777
2698,14331,4777
2700,14332,4778
2750,14333,4778
2748,14334,4778
2683,14335,4779
2705,14336,4779
594,14337,4779
2675,14338,4780
2767,14339,4780
2713,14340,4780
2714,14341,4781
2758,14342,4781
2725,14343,4781
2677,14344,4782
2752,14345,4782
2740,14346,4782
596,14347,4783
2774,14348,4783
609,14349,4783
583,14350,4784
2706,14351,4784
584,14352,4784
2724,14353,4785
2764,14354,4785
2739,14355,4785
2732,14356,4786
2760,14357,4786
2703,14358,4786
2749,14359,4787
2756,14360,4787
599,14361,4787
2736,14362,4788
2771,14363,4788
2730,14364,4788
2665,14365,4789
2751,14366,4789
2723,14367,4789
581,14368,4790
2708,14369,4790
582,14370,4790
2731,14371,4791
2758,14372,4791
2714,14373,4791
353,14374,4792
2719,14375,4792
2673,14376,4792
2728,14377,4793
2768,14378,4793
2674,14379,4793
357,14380,4794
2756,14381,4794
356,14382,4794
2722,14383,4795
2724,14384,4795
2665,14385,4795
593,14386,4796
2683,14387,4796
594,14388,4796
344,14389,4797
2727,14390,4797
2664,14391,4797
2667,14392,4798
2773,14393,4798
2728,14394,4798
2671,14395,4799
2755,14396,4799
2743,14397,4799
2706,14398,4800
2776,14399,4800
584,14400,4800
2690,14401,4801
2748,14402,4801
2711,14403,4801
356,14404,4802
2756,14405,4802
2749,14406,4802
2704,14407,4803
2732,14408,4803
2703,14409,4803
349,14410,4804
2717,14411,4804
2667,14412,4804
599,14413,4805
2756,14414,4805
598,14415,4805
341,14416,4806
2715,14417,4806
340,14418,4806
2701,14419,4807
2731,14420,4807
2700,14421,4807
2721,14422,4808
2770,14423,4808
2662,14424,4808
2670,14425,4809
2765,14426,4809
2713,14427,4809
354,14428,4810
2726,14429,4810
2719,14430,4810
2666,14431,4811
2760,14432,4811
2732,14433,4811
2708,14434,4812
2777,14435,4812
2720,14436,4812
2743,14437,4813
2755,14438,4813
2716,14439,4813
2669,14440,4814
2763,14441,4814
589,14442,4814
2742,14443,4815
2765,14444,4815
2670,14445,4815
2674,14446,4816
2727,14447,4816
345,14448,4816
585,14449,4817
2714,14450,4817
586,14451,4817
2678,14452,4818
2772,14453,4818
2724,14454,4818
586,14455,4819
2761,14456,4819
22,14457,4819
610,14458,4820
578,14459,4820
21,14460,4820
8,14461,4821
338,14462,4821
598,14463,4821
580,14464,4822
2718,14465,4822
2672,14466,4822
22,14467,4823
2761,14468,4823
587,14469,4823
2675,14470,4824
2771,14471,4824
2736,14472,4824
2719,14473,4825
2762,14474,4825
2707,14475,4825
2684,14476,4826
2780,14477,4826
343,14478,4826
2718,14479,4827
2781,14480,4827
2672,14481,4827
599,14482,4828
2752,14483,4828
600,14484,4828
343,14485,4829
2780,14486,4829
342,14487,4829
348,14488,4830
2728,14489,4830
347,14490,4830
587,14491,4831
2725,14492,4831
588,14493,4831
2682,14494,4832
2763,14495,4832
2747,14496,4832
2672,14497,4833
2739,14498,4833
2712,14499,4833
2712,14500,4834
2764,14501,4834
2697,14502,4834
2685,14503,4835
2735,14504,4835
2684,14505,4835
355,14506,4836
2749,14507,4836
2726,14508,4836
2697,14509,4837
2777,14510,4837
2712,14511,4837
2667,14512,4838
2728,14513,4838
348,14514,4838
600,14515,4839
2749,14516,4839
599,14517,4839
588,14518,4840
2725,14519,4840
2669,14520,4840
2670,14521,4841
2713,14522,4841
2683,14523,4841
353,14524,4842
2673,14525,4842
352,14526,4842
349,14527,4843
2667,14528,4843
348,14529,4843
350,14530,4844
2717,14531,4844
349,14532,4844
2673,14533,4845
2679,14534,4845
352,14535,4845
592,14536,4846
2670,14537,4846
593,14538,4846
2731,14539,4847
2750,14540,4847
2700,14541,4847
354,14542,4848
2719,14543,4848
353,14544,4848
355,14545,4849
2726,14546,4849
354,14547,4849
579,14548,4850
2741,14549,4850
2718,14550,4850
2677,14551,4851
2740,14552,4851
339,14553,4851
2707,14554,4852
2730,14555,4852
2680,14556,4852
2699,14557,4853
2729,14558,4853
2702,14559,4853
2739,14560,4854
2764,14561,4854
2712,14562,4854
588,14563,4855
2669,14564,4855
589,14565,4855
2673,14566,4856
2707,14567,4856
2680,14568,4856
2670,14569,4857
2683,14570,4857
593,14571,4857
2673,14572,4858
2680,14573,4858
2679,14574,4858
607,14575,4859
2678,14576,4859
608,14577,4859
2694,14578,4860
2720,14579,4860
2697,14580,4860
601,14581,4861
2671,14582,4861
602,14583,4861
603,14584,4862
2662,14585,4862
604,14586,4862
605,14587,4863
2665,14588,4863
606,14589,4863
2687,14590,4864
2688,14591,4864
2685,14592,4864
591,14593,4865
2710,14594,4865
592,14595,4865
584,14596,4866
2663,14597,4866
585,14598,4866
2741,14599,4867
2753,14600,4867
2718,14601,4867
2687,14602,4868
2690,14603,4868
2688,14604,4868
2695,14605,4869
2703,14606,4869
2692,14607,4869
344,14608,4870
2664,14609,4870
343,14610,4870
590,14611,4871
2681,14612,4871
591,14613,4871
582,14614,4872
2661,14615,4872
583,14616,4872
2690,14617,4873
2691,14618,4873
2688,14619,4873
2664,14620,4874
2685,14621,4874
2684,14622,4874
342,14623,4875
2666,14624,4875
341,14625,4875
2694,14626,4876
2697,14627,4876
2696,14628,4876
2664,14629,4877
2684,14630,4877
343,14631,4877
2661,14632,4878
2706,14633,4878
583,14634,4878
2723,14635,4879
2738,14636,4879
2696,14637,4879
2661,14638,4880
2709,14639,4880
2706,14640,4880
2699,14641,4881
2700,14642,4881
2689,14643,4881
2691,14644,4882
2694,14645,4882
2693,14646,4882
2691,14647,4883
2692,14648,4883
2688,14649,4883
580,14650,4884
2672,14651,4884
581,14652,4884
2672,14653,4885
2781,14654,4885
2739,14655,4885
603,14656,4886
2734,14657,4886
2662,14658,4886
590,14659,4887
2682,14660,4887
2681,14661,4887
2695,14662,4888
2704,14663,4888
2703,14664,4888
582,14665,4889
2708,14666,4889
2661,14667,4889
579,14668,4890
2718,14669,4890
580,14670,4890
2694,14671,4891
2696,14672,4891
2693,14673,4891
2697,14674,4892
2722,14675,4892
2696,14676,4892
340,14677,4893
2677,14678,4893
339,14679,4893
2725,14680,4894
2758,14681,4894
2669,14682,4894
2693,14683,4895
2695,14684,4895
2692,14685,4895
345,14686,4896
2727,14687,4896
344,14688,4896
2722,14689,4897
2723,14690,4897
2696,14691,4897
2709,14692,4898
2711,14693,4898
2706,14694,4898
2691,14695,4899
2693,14696,4899
2692,14697,4899
2695,14698,4900
2721,14699,4900
2704,14700,4900
604,14701,4901
2668,14702,4901
603,14703,4901
2666,14704,4902
2715,14705,4902
341,14706,4902
606,14707,4903
2675,14708,4903
605,14709,4903
605,14710,4904
2736,14711,4904
604,14712,4904
2686,14713,4905
2687,14714,4905
2685,14715,4905
2664,14716,4906
2686,14717,4906
2685,14718,4906
2699,14719,4907
2701,14720,4907
2700,14721,4907
346,14722,4908
2674,14723,4908
345,14724,4908
603,14725,4909
2737,14726,4909
602,14727,4909
602,14728,4910
2734,14729,4910
603,14730,4910
2688,14731,4911
2735,14732,4911
2685,14733,4911
602,14734,4912
2676,14735,4912
601,14736,4912
2686,14737,4913
2698,14738,4913
2689,14739,4913
2686,14740,4914
2689,14741,4914
2687,14742,4914
2666,14743,4915
2732,14744,4915
2715,14745,4915
2698,14746,4916
2729,14747,4916
2699,14748,4916
2698,14749,4917
2699,14750,4917
2689,14751,4917
2671,14752,4918
2734,14753,4918
602,14754,4918
2699,14755,4919
2702,14756,4919
2701,14757,4919
2663,14758,4920
2731,14759,4920
2714,14760,4920
2663,14761,4921
2714,14762,4921
585,14763,4921
604,14764,4922
2736,14765,4922
2668,14766,4922
2675,14767,4923
2736,14768,4923
605,14769,4923
2668,14770,4924
2737,14771,4924
603,14772,4924
2703,14773,4925
2735,14774,4925
2692,14775,4925
602,14776,4926
2737,14777,4926
2676,14778,4926
2720,14779,4927
2759,14780,4927
2709,14781,4927
2683,14782,4928
2767,14783,4928
2705,14784,4928
2700,14785,4929
2748,14786,4929
2689,14787,4929
2669,14788,4930
2758,14789,4930
2746,14790,4930
350,14791,4931
2778,14792,4931
2717,14793,4931
2692,14794,4932
2735,14795,4932
2688,14796,4932
595,14797,4933
2774,14798,4933
596,14799,4933
2687,14800,4934
2748,14801,4934
2690,14802,4934
2696,14803,4935
2738,14804,4935
2693,14805,4935
2695,14806,4936
2738,14807,4936
2721,14808,4936
609,14809,4937
2741,14810,4937
610,14811,4937
598,14812,4938
2740,14813,4938
599,14814,4938
2726,14815,4939
2766,14816,4939
2676,14817,4939
2734,14818,4940
2757,14819,4940
2721,14820,4940
2674,14821,4941
2768,14822,4941
2727,14823,4941
339,14824,4942
2740,14825,4942
338,14826,4942
578,14827,4943
2741,14828,4943
579,14829,4943
607,14830,4944
2745,14831,4944
606,14832,4944
2662,14833,4945
2751,14834,4945
604,14835,4945
605,14836,4946
2751,14837,4946
2665,14838,4946
2735,14839,4947
2760,14840,4947
2684,14841,4947
2744,14842,4948
2774,14843,4948
595,14844,4948
2733,14845,4949
2754,14846,4949
351,14847,4949
600,14848,4950
2755,14849,4950
601,14850,4950
2716,14851,4951
2752,14852,4951
2677,14853,4951
2678,14854,4952
2753,14855,4952
608,14856,4952
610,14857,4953
2741,14858,4953
578,14859,4953
338,14860,4954
2740,14861,4954
598,14862,4954
2693,14863,4955
2738,14864,4955
2695,14865,4955
2704,14866,4956
2743,14867,4956
2732,14868,4956
2662,14869,4957
2770,14870,4957
2751,14871,4957
2725,14872,4958
2761,14873,4958
2714,14874,4958
2702,14875,4959
2773,14876,4959
2747,14877,4959
7,14878,4960
2769,14879,4960
346,14880,4960
584,14881,4961
2776,14882,4961
2663,14883,4961
2694,14884,4962
2759,14885,4962
2720,14886,4962
347,14887,4963
2769,14888,4963
7,14889,4963
2690,14890,4964
2759,14891,4964
2691,14892,4964
2724,14893,4965
2772,14894,4965
2665,14895,4965
2702,14896,4966
2747,14897,4966
2746,14898,4966
2754,14899,4967
2778,14900,4967
350,14901,4967
606,14902,4968
2745,14903,4968
2675,14904,4968
2727,14905,4969
2768,14906,4969
2698,14907,4969
608,14908,4970
2775,14909,4970
607,14910,4970
2714,14911,4971
2761,14912,4971
586,14913,4971
356,14914,4972
2749,14915,4972
355,14916,4972
604,14917,4973
2751,14918,4973
605,14919,4973
2743,14920,4974
2757,14921,4974
2671,14922,4974
609,14923,4975
2753,14924,4975
2741,14925,4975
2712,14926,4976
2777,14927,4976
2708,14928,4976
607,14929,4977
2772,14930,4977
2678,14931,4977
2749,14932,4978
2766,14933,4978
2726,14934,4978
2665,14935,4979
2772,14936,4979
606,14937,4979
2751,14938,4980
2770,14939,4980
2723,14940,4980
2674,14941,4981
2769,14942,4981
2728,14943,4981
2705,14944,4982
2767,14945,4982
2745,14946,4982
2744,14947,4983
2775,14948,4983
608,14949,4983
2689,14950,4984
2748,14951,4984
2687,14952,4984
2702,14953,4985
2746,14954,4985
2701,14955,4985
2663,14956,4986
2750,14957,4986
2731,14958,4986
2676,14959,4987
2766,14960,4987
601,14961,4987
351,14962,4988
2754,14963,4988
350,14964,4988
608,14965,4989
2753,14966,4989
609,14967,4989
2728,14968,4990
2769,14969,4990
347,14970,4990
2752,14971,4991
2755,14972,4991
600,14973,4991
587,14974,4992
2761,14975,4992
2725,14976,4992
2681,14977,4993
2754,14978,4993
2733,14979,4993
601,14980,4994
2755,14981,4994
2671,14982,4994
2750,14983,4995
2776,14984,4995
2711,14985,4995
609,14986,4996
2774,14987,4996
608,14988,4996
2730,14989,4997
2779,14990,4997
2668,14991,4997
598,14992,4998
2756,14993,4998
357,14994,4998
2697,14995,4999
2764,14996,4999
2722,14997,4999
2701,14998,5000
2758,14999,5000
2731,15000,5000
2691,15001,5001
2759,15002,5001
2694,15003,5001
2711,15004,5002
2776,15005,5002
2706,15006,5002
2713,15007,5003
2767,15008,5003
2683,15009,5003
2730,15010,5004
2765,15011,5004
2680,15012,5004
608,15013,5005
2774,15014,5005
2744,15015,5005
2722,15016,5006
2764,15017,5006
2724,15018,5006
2671,15019,5007
2757,15020,5007
2734,15021,5007
2737,15022,5008
2762,15023,5008
2676,15024,5008
2721,15025,5009
2757,15026,5009
2704,15027,5009
2703,15028,5010
2760,15029,5010
2735,15030,5010
2738,15031,5011
2770,15032,5011
2721,15033,5011
2682,15034,5012
2778,15035,5012
2681,15036,5012
2680,15037,5013
2765,15038,5013
2742,15039,5013
2704,15040,5014
2757,15041,5014
2743,15042,5014
2746,15043,5015
2758,15044,5015
2701,15045,5015
2747,15046,5016
2763,15047,5016
2746,15048,5016
2720,15049,5017
2777,15050,5017
2697,15051,5017
2707,15052,5018
2779,15053,5018
2730,15054,5018
2716,15055,5019
2755,15056,5019
2752,15057,5019
601,15058,5020
2766,15059,5020
600,15060,5020
600,15061,5021
2766,15062,5021
2749,15063,5021
2729,15064,5022
2773,15065,5022
2702,15066,5022
2723,15067,5023
2770,15068,5023
2738,15069,5023
346,15070,5024
2769,15071,5024
2674,15072,5024
2733,15073,5025
2782,15074,5025
2681,15075,5025
2698,15076,5026
2768,15077,5026
2729,15078,5026
2678,15079,5027
2781,15080,5027
2753,15081,5027
2746,15082,5028
2763,15083,5028
2669,15084,5028
606,15085,5029
2772,15086,5029
607,15087,5029
2760,15088,5030
2780,15089,5030
2684,15090,5030
591,15091,5031
2782,15092,5031
2710,15093,5031
2745,15094,5032
2767,15095,5032
2675,15096,5032
2681,15097,5033
2782,15098,5033
591,15099,5033
342,15100,5034
2780,15101,5034
2666,15102,5034
2739,15103,5035
2781,15104,5035
2678,15105,5035
607,15106,5036
2775,15107,5036
2745,15108,5036
2681,15109,5037
2778,15110,5037
2754,15111,5037
2668,15112,5038
2779,15113,5038
2737,15114,5038
2705,15115,5039
2775,15116,5039
2744,15117,5039
2710,15118,5040
2782,15119,5040
2733,15120,5040
2745,15121,5041
2775,15122,5041
2705,15123,5041
2663,15124,5042
2776,15125,5042
2750,15126,5042
2737,15127,5043
2779,15128,5043
2762,15129,5043
2762,15130,5044
2779,15131,5044
2707,15132,5044
2730,15133,5045
2771,15134,5045
2765,15135,5045
2753,15136,5046
2781,15137,5046
2718,15138,5046
2765,15139,5047
2771,15140,5047
2713,15141,5047
2666,15142,5048
2780,15143,5048
2760,15144,5048
8,15145,5049
598,15146,5049
357,15147,5049
609,15148,5050
597,15149,5050
596,15150,5050
609,15151,5051
610,15152,5051
597,15153,5051
610,15154,5052
21,15155,5052
597,15156,5052
2794,15157,5053
2831,15158,5053
420,15159,5053
2812,15160,5054
2834,15161,5054
2832,15162,5054
2794,15163,5055
2836,15164,5055
2831,15165,5055
2801,15166,5056
2802,15167,5056
2795,15168,5056
2835,15169,5057
2906,15170,5057
2792,15171,5057
2832,15172,5058
2880,15173,5058
2812,15174,5058
2838,15175,5059
2854,15176,5059
2839,15177,5059
2854,15178,5060
2865,15179,5060
2839,15180,5060
2792,15181,5061
2906,15182,5061
592,15183,5061
376,15184,5062
2801,15185,5062
2795,15186,5062
2829,15187,5063
2849,15188,5063
2833,15189,5063
2831,15190,5064
2842,15191,5064
2783,15192,5064
2829,15193,5065
2833,15194,5065
2795,15195,5065
626,15196,5066
2838,15197,5066
2799,15198,5066
2849,15199,5067
2889,15200,5067
2790,15201,5067
595,15202,5068
2827,15203,5068
594,15204,5068
2838,15205,5069
2839,15206,5069
2799,15207,5069
2786,15208,5070
2850,15209,5070
2808,15210,5070
2846,15211,5071
2860,15212,5071
2800,15213,5071
2797,15214,5072
2893,15215,5072
2887,15216,5072
2787,15217,5073
2845,15218,5073
2844,15219,5073
2792,15220,5074
2882,15221,5074
2835,15222,5074
2887,15223,5075
2893,15224,5075
2858,15225,5075
377,15226,5076
2888,15227,5076
2879,15228,5076
2784,15229,5077
2855,15230,5077
2843,15231,5077
2851,15232,5078
2896,15233,5078
2852,15234,5078
595,15235,5079
2866,15236,5079
2827,15237,5079
2852,15238,5080
2890,15239,5080
2851,15240,5080
2861,15241,5081
2873,15242,5081
612,15243,5081
2783,15244,5082
2842,15245,5082
2832,15246,5082
377,15247,5083
2879,15248,5083
2801,15249,5083
2824,15250,5084
2863,15251,5084
2823,15252,5084
2863,15253,5085
2877,15254,5085
2823,15255,5085
2869,15256,5086
2871,15257,5086
2834,15258,5086
2808,15259,5087
2850,15260,5087
2820,15261,5087
2822,15262,5088
2871,15263,5088
2869,15264,5088
594,15265,5089
2827,15266,5089
2805,15267,5089
2799,15268,5090
2873,15269,5090
2861,15270,5090
2833,15271,5091
2901,15272,5091
374,15273,5091
612,15274,5092
2897,15275,5092
596,15276,5092
418,15277,5093
2828,15278,5093
417,15279,5093
2846,15280,5094
2885,15281,5094
2860,15282,5094
2854,15283,5095
2881,15284,5095
2825,15285,5095
2790,15286,5096
2884,15287,5096
2849,15288,5096
622,15289,5097
2876,15290,5097
2870,15291,5097
2787,15292,5098
2872,15293,5098
2845,15294,5098
420,15295,5099
2831,15296,5099
419,15297,5099
2829,15298,5100
2889,15299,5100
2849,15300,5100
2851,15301,5101
2890,15302,5101
2796,15303,5101
372,15304,5102
2876,15305,5102
371,15306,5102
2844,15307,5103
2846,15308,5103
2787,15309,5103
375,15310,5104
2833,15311,5104
374,15312,5104
594,15313,5105
2805,15314,5105
593,15315,5105
630,15316,5106
2850,15317,5106
2786,15318,5106
2789,15319,5107
2896,15320,5107
2851,15321,5107
2793,15322,5108
2875,15323,5108
2865,15324,5108
2828,15325,5109
2899,15326,5109
417,15327,5109
2812,15328,5110
2869,15329,5110
2834,15330,5110
2870,15331,5111
2876,15332,5111
372,15333,5111
2826,15334,5112
2854,15335,5112
2825,15336,5112
379,15337,5113
2840,15338,5113
378,15339,5113
374,15340,5114
2901,15341,5114
2848,15342,5114
623,15343,5115
2876,15344,5115
622,15345,5115
627,15346,5116
2838,15347,5116
626,15348,5116
2823,15349,5117
2853,15350,5117
2822,15351,5117
2843,15352,5118
2892,15353,5118
2784,15354,5118
2802,15355,5119
2829,15356,5119
2795,15357,5119
2788,15358,5120
2881,15359,5120
2854,15360,5120
2801,15361,5121
2835,15362,5121
2802,15363,5121
2831,15364,5122
2900,15365,5122
2842,15366,5122
2865,15367,5123
2875,15368,5123
2839,15369,5123
2796,15370,5124
2850,15371,5124
631,15372,5124
416,15373,5125
2837,15374,5125
415,15375,5125
2800,15376,5126
2895,15377,5126
2846,15378,5126
2804,15379,5127
2894,15380,5127
590,15381,5127
415,15382,5128
2883,15383,5128
9,15384,5128
623,15385,5129
423,15386,5129
10,15387,5129
21,15388,5130
624,15389,5130
611,15390,5130
590,15391,5131
2894,15392,5131
589,15393,5131
421,15394,5132
2841,15395,5132
2794,15396,5132
9,15397,5133
2883,15398,5133
381,15399,5133
2806,15400,5134
2903,15401,5134
629,15402,5134
2841,15403,5135
2904,15404,5135
2794,15405,5135
612,15406,5136
2873,15407,5136
613,15408,5136
629,15409,5137
2903,15410,5137
628,15411,5137
588,15412,5138
2851,15413,5138
587,15414,5138
381,15415,5139
2847,15416,5139
380,15417,5139
2840,15418,5140
2868,15419,5140
378,15420,5140
591,15421,5141
2879,15422,5141
2803,15423,5141
2794,15424,5142
2860,15425,5142
2836,15426,5142
2836,15427,5143
2885,15428,5143
2819,15429,5143
2807,15430,5144
2856,15431,5144
2806,15432,5144
2802,15433,5145
2830,15434,5145
2829,15435,5145
2823,15436,5146
2877,15437,5146
2853,15438,5146
2848,15439,5147
2870,15440,5147
373,15441,5147
2819,15442,5148
2900,15443,5148
2836,15444,5148
2789,15445,5149
2851,15446,5149
588,15447,5149
2790,15448,5150
2889,15449,5150
2857,15450,5150
622,15451,5151
2870,15452,5151
621,15453,5151
380,15454,5152
2847,15455,5152
2791,15456,5152
376,15457,5153
2795,15458,5153
375,15459,5153
589,15460,5154
2789,15461,5154
588,15462,5154
593,15463,5155
2792,15464,5155
592,15465,5155
2853,15466,5156
2871,15467,5156
2822,15468,5156
2791,15469,5157
2840,15470,5157
379,15471,5157
374,15472,5158
2848,15473,5158
373,15474,5158
2795,15475,5159
2833,15476,5159
375,15477,5159
422,15478,5160
2862,15479,5160
2841,15480,5160
2799,15481,5161
2861,15482,5161
625,15483,5161
2821,15484,5162
2852,15485,5162
2824,15486,5162
380,15487,5163
2791,15488,5163
379,15489,5163
2860,15490,5164
2885,15491,5164
2836,15492,5164
593,15493,5165
2805,15494,5165
2792,15495,5165
620,15496,5166
2800,15497,5166
621,15498,5166
377,15499,5167
2801,15500,5167
376,15501,5167
2816,15502,5168
2842,15503,5168
2819,15504,5168
614,15505,5169
2793,15506,5169
615,15507,5169
616,15508,5170
2784,15509,5170
617,15510,5170
618,15511,5171
2787,15512,5171
619,15513,5171
2809,15514,5172
2810,15515,5172
2807,15516,5172
417,15517,5173
2785,15518,5173
416,15519,5173
2862,15520,5174
2874,15521,5174
2841,15522,5174
2809,15523,5175
2812,15524,5175
2810,15525,5175
2817,15526,5176
2825,15527,5176
2814,15528,5176
630,15529,5177
2786,15530,5177
629,15531,5177
591,15532,5178
2803,15533,5178
590,15534,5178
419,15535,5179
2783,15536,5179
418,15537,5179
2812,15538,5180
2813,15539,5180
2810,15540,5180
2786,15541,5181
2807,15542,5181
2806,15543,5181
628,15544,5182
2788,15545,5182
627,15546,5182
2816,15547,5183
2819,15548,5183
2818,15549,5183
2786,15550,5184
2806,15551,5184
629,15552,5184
2803,15553,5185
2804,15554,5185
590,15555,5185
2783,15556,5186
2828,15557,5186
418,15558,5186
2845,15559,5187
2859,15560,5187
2818,15561,5187
2783,15562,5188
2832,15563,5188
2828,15564,5188
2821,15565,5189
2822,15566,5189
2811,15567,5189
2813,15568,5190
2816,15569,5190
2815,15570,5190
2813,15571,5191
2814,15572,5191
2810,15573,5191
421,15574,5192
2794,15575,5192
420,15576,5192
2794,15577,5193
2904,15578,5193
2860,15579,5193
616,15580,5194
2855,15581,5194
2784,15582,5194
2817,15583,5195
2826,15584,5195
2825,15585,5195
419,15586,5196
2831,15587,5196
2783,15588,5196
422,15589,5197
2841,15590,5197
421,15591,5197
2816,15592,5198
2818,15593,5198
2815,15594,5198
2819,15595,5199
2844,15596,5199
2818,15597,5199
626,15598,5200
2799,15599,5200
625,15600,5200
2815,15601,5201
2817,15602,5201
2814,15603,5201
631,15604,5202
2850,15605,5202
630,15606,5202
2844,15607,5203
2845,15608,5203
2818,15609,5203
2832,15610,5204
2834,15611,5204
2828,15612,5204
2813,15613,5205
2815,15614,5205
2814,15615,5205
2817,15616,5206
2843,15617,5206
2826,15618,5206
618,15619,5207
2790,15620,5207
617,15621,5207
2788,15622,5208
2838,15623,5208
627,15624,5208
616,15625,5209
2797,15626,5209
615,15627,5209
617,15628,5210
2857,15629,5210
616,15630,5210
2808,15631,5211
2809,15632,5211
2807,15633,5211
2857,15634,5212
2893,15635,5212
2797,15636,5212
2786,15637,5213
2808,15638,5213
2807,15639,5213
2821,15640,5214
2823,15641,5214
2822,15642,5214
632,15643,5215
2796,15644,5215
631,15645,5215
2889,15646,5216
2893,15647,5216
2857,15648,5216
615,15649,5217
2855,15650,5217
616,15651,5217
2810,15652,5218
2856,15653,5218
2807,15654,5218
620,15655,5219
2798,15656,5219
619,15657,5219
2808,15658,5220
2820,15659,5220
2811,15660,5220
2808,15661,5221
2811,15662,5221
2809,15663,5221
2788,15664,5222
2854,15665,5222
2838,15666,5222
2820,15667,5223
2852,15668,5223
2821,15669,5223
2820,15670,5224
2821,15671,5224
2811,15672,5224
2793,15673,5225
2855,15674,5225
615,15675,5225
2821,15676,5226
2824,15677,5226
2823,15678,5226
2785,15679,5227
2853,15680,5227
2837,15681,5227
2785,15682,5228
2837,15683,5228
416,15684,5228
2790,15685,5229
2857,15686,5229
617,15687,5229
616,15688,5230
2857,15689,5230
2797,15690,5230
2825,15691,5231
2856,15692,5231
2814,15693,5231
2830,15694,5232
2882,15695,5232
2858,15696,5232
2842,15697,5233
2880,15698,5233
2832,15699,5233
2827,15700,5234
2887,15701,5234
2805,15702,5234
591,15703,5235
2906,15704,5235
2879,15705,5235
2822,15706,5236
2869,15707,5236
2811,15708,5236
2814,15709,5237
2856,15710,5237
2810,15711,5237
596,15712,5238
2897,15713,5238
595,15714,5238
2809,15715,5239
2869,15716,5239
2812,15717,5239
2818,15718,5240
2859,15719,5240
2815,15720,5240
2817,15721,5241
2859,15722,5241
2843,15723,5241
622,15724,5242
2862,15725,5242
623,15726,5242
611,15727,5243
2861,15728,5243
612,15729,5243
2798,15730,5244
2886,15731,5244
2848,15732,5244
2855,15733,5245
2878,15734,5245
2843,15735,5245
2796,15736,5246
2890,15737,5246
2850,15738,5246
625,15739,5247
2861,15740,5247
624,15741,5247
423,15742,5248
2862,15743,5248
422,15744,5248
2791,15745,5249
2863,15746,5249
2840,15747,5249
615,15748,5250
2867,15749,5250
614,15750,5250
2784,15751,5251
2872,15752,5251
617,15753,5251
618,15754,5252
2872,15755,5252
2787,15756,5252
2856,15757,5253
2881,15758,5253
2806,15759,5253
595,15760,5254
2897,15761,5254
2866,15762,5254
613,15763,5255
2875,15764,5255
614,15765,5255
2839,15766,5256
2873,15767,5256
2799,15768,5256
2800,15769,5257
2874,15770,5257
621,15771,5257
623,15772,5258
2862,15773,5258
423,15774,5258
624,15775,5259
2861,15776,5259
611,15777,5259
2805,15778,5260
2858,15779,5260
2792,15780,5260
2815,15781,5261
2859,15782,5261
2817,15783,5261
2849,15784,5262
2884,15785,5262
2798,15786,5262
2791,15787,5263
2877,15788,5263
2863,15789,5263
2826,15790,5264
2865,15791,5264
2854,15792,5264
2784,15793,5265
2892,15794,5265
2872,15795,5265
22,15796,5266
2891,15797,5266
632,15798,5266
417,15799,5267
2899,15800,5267
2785,15801,5267
2816,15802,5268
2880,15803,5268
2842,15804,5268
587,15805,5269
2891,15806,5269
22,15807,5269
2858,15808,5270
2882,15809,5270
2792,15810,5270
2812,15811,5271
2880,15812,5271
2813,15813,5271
2846,15814,5272
2895,15815,5272
2787,15816,5272
2877,15817,5273
2905,15818,5273
2853,15819,5273
2797,15820,5274
2867,15821,5274
615,15822,5274
2837,15823,5275
2883,15824,5275
415,15825,5275
2803,15826,5276
2868,15827,5276
2804,15828,5276
2850,15829,5277
2890,15830,5277
2820,15831,5277
614,15832,5278
2898,15833,5278
613,15834,5278
2824,15835,5279
2864,15836,5279
2863,15837,5279
2798,15838,5280
2901,15839,5280
2849,15840,5280
373,15841,5281
2870,15842,5281
372,15843,5281
378,15844,5282
2888,15845,5282
377,15846,5282
617,15847,5283
2872,15848,5283
618,15849,5283
2865,15850,5284
2878,15851,5284
2793,15852,5284
622,15853,5285
2874,15854,5285
2862,15855,5285
2836,15856,5286
2900,15857,5286
2831,15858,5286
618,15859,5287
2884,15860,5287
2790,15861,5287
620,15862,5288
2895,15863,5288
2800,15864,5288
2848,15865,5289
2886,15866,5289
2870,15867,5289
2787,15868,5290
2895,15869,5290
619,15870,5290
2872,15871,5291
2892,15872,5291
2845,15873,5291
2796,15874,5292
2891,15875,5292
2851,15876,5292
2867,15877,5293
2887,15878,5293
2827,15879,5293
2811,15880,5294
2869,15881,5294
2809,15882,5294
2798,15883,5295
2884,15884,5295
619,15885,5295
613,15886,5296
2898,15887,5296
2866,15888,5296
2785,15889,5297
2871,15890,5297
2853,15891,5297
2801,15892,5298
2879,15893,5298
2835,15894,5298
2837,15895,5299
2905,15896,5299
2883,15897,5299
620,15898,5300
2886,15899,5300
2798,15900,5300
621,15901,5301
2874,15902,5301
622,15903,5301
2883,15904,5302
2905,15905,5302
2847,15906,5302
2851,15907,5303
2891,15908,5303
587,15909,5303
2873,15910,5304
2875,15911,5304
613,15912,5304
381,15913,5305
2883,15914,5305
2847,15915,5305
614,15916,5306
2875,15917,5306
2793,15918,5306
2849,15919,5307
2901,15920,5307
2833,15921,5307
2847,15922,5308
2877,15923,5308
2791,15924,5308
2848,15925,5309
2901,15926,5309
2798,15927,5309
2804,15928,5310
2902,15929,5310
2894,15930,5310
2894,15931,5311
2902,15932,5311
2864,15933,5311
2871,15934,5312
2899,15935,5312
2834,15936,5312
613,15937,5313
2897,15938,5313
612,15939,5313
2835,15940,5314
2882,15941,5314
2802,15942,5314
371,15943,5315
2876,15944,5315
623,15945,5315
2819,15946,5316
2885,15947,5316
2844,15948,5316
2813,15949,5317
2880,15950,5317
2816,15951,5317
2834,15952,5318
2899,15953,5318
2828,15954,5318
2802,15955,5319
2882,15956,5319
2830,15957,5319
2866,15958,5320
2897,15959,5320
613,15960,5320
2868,15961,5321
2888,15962,5321
378,15963,5321
2868,15964,5322
2902,15965,5322
2804,15966,5322
2844,15967,5323
2885,15968,5323
2846,15969,5323
2793,15970,5324
2878,15971,5324
2855,15972,5324
2843,15973,5325
2878,15974,5325
2826,15975,5325
2825,15976,5326
2881,15977,5326
2856,15978,5326
2859,15979,5327
2892,15980,5327
2843,15981,5327
2840,15982,5328
2902,15983,5328
2868,15984,5328
2826,15985,5329
2878,15986,5329
2865,15987,5329
2842,15988,5330
2900,15989,5330
2819,15990,5330
619,15991,5331
2884,15992,5331
618,15993,5331
2805,15994,5332
2887,15995,5332
2858,15996,5332
2839,15997,5333
2875,15998,5333
2873,15999,5333
621,16000,5334
2886,16001,5334
620,16002,5334
2870,16003,5335
2886,16004,5335
621,16005,5335
2830,16006,5336
2889,16007,5336
2829,16008,5336
2852,16009,5337
2896,16010,5337
2824,16011,5337
2845,16012,5338
2892,16013,5338
2859,16014,5338
589,16015,5339
2894,16016,5339
2789,16017,5339
632,16018,5340
2891,16019,5340
2796,16020,5340
2820,16021,5341
2890,16022,5341
2852,16023,5341
2858,16024,5342
2893,16025,5342
2830,16026,5342
2863,16027,5343
2902,16028,5343
2840,16029,5343
2800,16030,5344
2904,16031,5344
2874,16032,5344
619,16033,5345
2895,16034,5345
620,16035,5345
2864,16036,5346
2902,16037,5346
2863,16038,5346
2879,16039,5347
2906,16040,5347
2835,16041,5347
2881,16042,5348
2903,16043,5348
2806,16044,5348
2864,16045,5349
2896,16046,5349
2789,16047,5349
2789,16048,5350
2894,16049,5350
2864,16050,5350
592,16051,5351
2906,16052,5351
591,16053,5351
2797,16054,5352
2887,16055,5352
2867,16056,5352
628,16057,5353
2903,16058,5353
2788,16059,5353
2803,16060,5354
2888,16061,5354
2868,16062,5354
2867,16063,5355
2898,16064,5355
614,16065,5355
2860,16066,5356
2904,16067,5356
2800,16068,5356
2824,16069,5357
2896,16070,5357
2864,16071,5357
2853,16072,5358
2905,16073,5358
2837,16074,5358
2866,16075,5359
2898,16076,5359
2827,16077,5359
2830,16078,5360
2893,16079,5360
2889,16080,5360
2879,16081,5361
2888,16082,5361
2803,16083,5361
2827,16084,5362
2898,16085,5362
2867,16086,5362
2785,16087,5363
2899,16088,5363
2871,16089,5363
2874,16090,5364
2904,16091,5364
2841,16092,5364
2847,16093,5365
2905,16094,5365
2877,16095,5365
2788,16096,5366
2903,16097,5366
2881,16098,5366
623,16099,5367
10,16100,5367
371,16101,5367
612,16102,5368
596,16103,5368
597,16104,5368
21,16105,5369
611,16106,5369
597,16107,5369
597,16108,5370
611,16109,5370
612,16110,5370
2908,16111,5371
3020,16112,5371
2957,16113,5371
2957,16114,5372
2984,16115,5372
2908,16116,5372
2920,16117,5373
2976,16118,5373
2969,16119,5373
2963,16120,5374
3001,16121,5374
2990,16122,5374
2976,16123,5375
2989,16124,5375
2969,16125,5375
2960,16126,5376
3003,16127,5376
2961,16128,5376
658,16129,5377
2958,16130,5377
2920,16131,5377
2925,16132,5378
2926,16133,5378
2919,16134,5378
2959,16135,5379
3028,16136,5379
2916,16137,5379
2970,16138,5380
3003,16139,5380
2960,16140,5380
2918,16141,5381
2975,16142,5381
2971,16143,5381
2990,16144,5382
3001,16145,5382
2978,16146,5382
2979,16147,5383
3020,16148,5383
2908,16149,5383
2962,16150,5384
2964,16151,5384
2963,16152,5384
2942,16153,5385
2958,16154,5385
2932,16155,5385
2964,16156,5386
3001,16157,5386
2963,16158,5386
2908,16159,5387
2984,16160,5387
2977,16161,5387
2958,16162,5388
2976,16163,5388
2920,16164,5388
636,16165,5389
2928,16166,5389
635,16167,5389
2916,16168,5390
3028,16169,5390
638,16170,5390
2965,16171,5391
2993,16172,5391
2928,16173,5391
2953,16174,5392
2968,16175,5392
2956,16176,5392
671,16177,5393
2925,16178,5393
2919,16179,5393
2928,16180,5394
2992,16181,5394
2965,16182,5394
2953,16183,5395
2956,16184,5395
2919,16185,5395
2923,16186,5396
2962,16187,5396
663,16188,5396
2968,16189,5397
3014,16190,5397
2914,16191,5397
2928,16192,5398
3018,16193,5398
635,16194,5398
2971,16195,5399
2975,16196,5399
2952,16197,5399
641,16198,5400
2949,16199,5400
640,16200,5400
2923,16201,5401
2964,16202,5401
2962,16203,5401
2972,16204,5402
3009,16205,5402
2911,16206,5402
2921,16207,5403
3019,16208,5403
3012,16209,5403
2911,16210,5404
3007,16211,5404
2972,16212,5404
2916,16213,5405
3005,16214,5405
2959,16215,5405
3012,16216,5406
3019,16217,5406
2983,16218,5406
672,16219,5407
3013,16220,5407
3002,16221,5407
641,16222,5408
2987,16223,5408
2949,16224,5408
2961,16225,5409
3003,16226,5409
2946,16227,5409
2930,16228,5410
2931,16229,5410
2910,16230,5410
2942,16231,5411
2976,16232,5411
2958,16233,5411
655,16234,5412
2996,16235,5412
2985,16236,5412
2961,16237,5413
3004,16238,5413
2909,16239,5413
2946,16240,5414
3006,16241,5414
2961,16242,5414
672,16243,5415
3002,16244,5415
2925,16245,5415
2961,16246,5416
3006,16247,5416
3004,16248,5416
2990,16249,5417
3023,16250,5417
2963,16251,5417
2977,16252,5418
2984,16253,5418
2978,16254,5418
640,16255,5419
2949,16256,5419
2929,16257,5419
2932,16258,5420
2958,16259,5420
2910,16260,5420
2985,16261,5421
2996,16262,5421
2923,16263,5421
2956,16264,5422
3025,16265,5422
669,16266,5422
645,16267,5423
3021,16268,5423
642,16269,5423
660,16270,5424
2930,16271,5424
2910,16272,5424
2917,16273,5425
3001,16274,5425
2999,16275,5425
2914,16276,5426
3008,16277,5426
2968,16278,5426
655,16279,5427
3000,16280,5427
2995,16281,5427
2912,16282,5428
2974,16283,5428
2930,16284,5428
2912,16285,5429
2930,16286,5429
661,16287,5429
2907,16288,5430
2975,16289,5430
386,16290,5430
2966,16291,5431
2986,16292,5431
383,16293,5431
2953,16294,5432
3014,16295,5432
2968,16296,5432
2963,16297,5433
2974,16298,5433
2912,16299,5433
667,16300,5434
3000,16301,5434
666,16302,5434
2924,16303,5435
2998,16304,5435
2972,16305,5435
659,16306,5436
2958,16307,5436
658,16308,5436
670,16309,5437
2956,16310,5437
669,16311,5437
640,16312,5438
2929,16313,5438
639,16314,5438
2997,16315,5439
2998,16316,5439
2924,16317,5439
2995,16318,5440
3000,16319,5440
667,16320,5440
674,16321,5441
2965,16322,5441
673,16323,5441
669,16324,5442
3025,16325,5442
2967,16326,5442
656,16327,5443
3000,16328,5443
655,16329,5443
663,16330,5444
2962,16331,5444
662,16332,5444
385,16333,5445
2975,16334,5445
2918,16335,5445
2960,16336,5446
2961,16337,5446
2909,16338,5446
2966,16339,5447
2997,16340,5447
2986,16341,5447
2963,16342,5448
3023,16343,5448
2974,16344,5448
2926,16345,5449
2953,16346,5449
2919,16347,5449
2966,16348,5450
2998,16349,5450
2997,16350,5450
2925,16351,5451
2959,16352,5451
2926,16353,5451
2972,16354,5452
2998,16355,5452
2971,16356,5452
2907,16357,5453
3017,16358,5453
2975,16359,5453
2999,16360,5454
3001,16361,5454
2964,16362,5454
387,16363,5455
3027,16364,5455
2947,16365,5455
388,16366,5456
3027,16367,5456
387,16368,5456
389,16369,5457
2960,16370,5457
2909,16371,5457
384,16372,5458
2966,16373,5458
383,16374,5458
15,16375,5459
382,16376,5459
644,16377,5459
656,16378,5460
665,16379,5460
23,16380,5460
2931,16381,5461
2932,16382,5461
2910,16383,5461
654,16384,5462
2996,16385,5462
655,16386,5462
676,16387,5463
2969,16388,5463
675,16389,5463
634,16390,5464
2970,16391,5464
633,16392,5464
2965,16393,5465
2992,16394,5465
673,16395,5465
3009,16396,5466
3020,16397,5466
2911,16398,5466
637,16399,5467
3002,16400,5467
2927,16401,5467
2978,16402,5468
3001,16403,5468
2917,16404,5468
2911,16405,5469
3020,16406,5469
2979,16407,5469
2926,16408,5470
2954,16409,5470
2953,16410,5470
2948,16411,5471
2973,16412,5471
2936,16413,5471
2967,16414,5472
2995,16415,5472
668,16416,5472
675,16417,5473
2969,16418,5473
2913,16419,5473
2914,16420,5474
3014,16421,5474
2980,16422,5474
2981,16423,5475
3017,16424,5475
3011,16425,5475
655,16426,5476
2995,16427,5476
654,16428,5476
2931,16429,5477
2933,16430,5477
2932,16431,5477
2913,16432,5478
2965,16433,5478
674,16434,5478
2915,16435,5479
2970,16436,5479
634,16437,5479
671,16438,5480
2919,16439,5480
670,16440,5480
675,16441,5481
2913,16442,5481
674,16443,5481
639,16444,5482
2916,16445,5482
638,16446,5482
669,16447,5483
2967,16448,5483
668,16449,5483
2919,16450,5484
2956,16451,5484
670,16452,5484
664,16453,5485
2985,16454,5485
2923,16455,5485
635,16456,5486
2915,16457,5486
634,16458,5486
639,16459,5487
2929,16460,5487
2916,16461,5487
2952,16462,5488
2981,16463,5488
2940,16464,5488
646,16465,5489
2924,16466,5489
647,16467,5489
2933,16468,5490
2935,16469,5490
2932,16470,5490
652,16471,5491
2917,16472,5491
653,16473,5491
650,16474,5492
2908,16475,5492
651,16476,5492
648,16477,5493
2911,16478,5493
649,16479,5493
672,16480,5494
2925,16481,5494
671,16482,5494
2931,16483,5495
2934,16484,5495
2933,16485,5495
2951,16486,5496
2952,16487,5496
2940,16488,5496
2977,16489,5497
2978,16490,5497
2917,16491,5497
2938,16492,5498
2948,16493,5498
2936,16494,5498
2935,16495,5499
2945,16496,5499
2943,16497,5499
389,16498,5500
2909,16499,5500
388,16500,5500
660,16501,5501
2910,16502,5501
659,16503,5501
637,16504,5502
2927,16505,5502
636,16506,5502
387,16507,5503
2907,16508,5503
386,16509,5503
2934,16510,5504
2936,16511,5504
2933,16512,5504
387,16513,5505
2947,16514,5505
2907,16515,5505
662,16516,5506
2912,16517,5506
661,16518,5506
661,16519,5507
2930,16520,5507
660,16521,5507
2937,16522,5508
2938,16523,5508
2936,16524,5508
385,16525,5509
2918,16526,5509
384,16527,5509
652,16528,5510
2977,16529,5510
2917,16530,5510
2939,16531,5511
2940,16532,5511
2938,16533,5511
2927,16534,5512
2928,16535,5512
636,16536,5512
650,16537,5513
2979,16538,5513
2908,16539,5513
2950,16540,5514
2951,16541,5514
2940,16542,5514
2934,16543,5515
2937,16544,5515
2936,16545,5515
2934,16546,5516
2941,16547,5516
2937,16548,5516
664,16549,5517
2923,16550,5517
663,16551,5517
2937,16552,5518
2939,16553,5518
2938,16554,5518
2935,16555,5519
2973,16556,5519
2945,16557,5519
2940,16558,5520
2981,16559,5520
2938,16560,5520
2939,16561,5521
2957,16562,5521
2950,16563,5521
2939,16564,5522
2950,16565,5522
2940,16566,5522
651,16567,5523
2914,16568,5523
650,16569,5523
662,16570,5524
2962,16571,5524
2912,16572,5524
2939,16573,5525
2982,16574,5525
2957,16575,5525
2962,16576,5526
2963,16577,5526
2912,16578,5526
2918,16579,5527
2966,16580,5527
384,16581,5527
2910,16582,5528
2958,16583,5528
659,16584,5528
649,16585,5529
2921,16586,5529
648,16587,5529
386,16588,5530
2975,16589,5530
385,16590,5530
650,16591,5531
2980,16592,5531
649,16593,5531
2935,16594,5532
2942,16595,5532
2932,16596,5532
2944,16597,5533
2976,16598,5533
2942,16599,5533
2980,16600,5534
3019,16601,5534
2921,16602,5534
658,16603,5535
2920,16604,5535
657,16605,5535
3014,16606,5536
3019,16607,5536
2980,16608,5536
651,16609,5537
2977,16610,5537
652,16611,5537
649,16612,5538
2979,16613,5538
650,16614,5538
2951,16615,5539
2971,16616,5539
2952,16617,5539
2935,16618,5540
2943,16619,5540
2942,16620,5540
653,16621,5541
2922,16622,5541
652,16623,5541
2951,16624,5542
2972,16625,5542
2971,16626,5542
2908,16627,5543
2977,16628,5543
651,16629,5543
2911,16630,5544
2979,16631,5544
649,16632,5544
2938,16633,5545
2981,16634,5545
2948,16635,5545
2943,16636,5546
2944,16637,5546
2942,16638,5546
390,16639,5547
2960,16640,5547
389,16641,5547
2943,16642,5548
2946,16643,5548
2944,16644,5548
2914,16645,5549
2980,16646,5549
650,16647,5549
649,16648,5550
2980,16649,5550
2921,16650,5550
2936,16651,5551
2973,16652,5551
2933,16653,5551
2946,16654,5552
2955,16655,5552
2944,16656,5552
2954,16657,5553
3005,16658,5553
2983,16659,5553
2944,16660,5554
2989,16661,5554
2976,16662,5554
2948,16663,5555
2994,16664,5555
2973,16665,5555
2949,16666,5556
3012,16667,5556
2929,16668,5556
2937,16669,5557
2982,16670,5557
2939,16671,5557
637,16672,5558
3028,16673,5558
3002,16674,5558
3011,16675,5559
3017,16676,5559
2907,16677,5559
642,16678,5560
3021,16679,5560
641,16680,5560
2941,16681,5561
2982,16682,5561
2937,16683,5561
2933,16684,5562
2973,16685,5562
2935,16686,5562
644,16687,5563
2986,16688,5563
645,16689,5563
655,16690,5564
2985,16691,5564
656,16692,5564
2922,16693,5565
3010,16694,5565
2967,16695,5565
665,16696,5566
2985,16697,5566
664,16698,5566
383,16699,5567
2986,16700,5567
382,16701,5567
2984,16702,5568
2990,16703,5568
2978,16704,5568
2982,16705,5569
2984,16706,5569
2957,16707,5569
2972,16708,5570
3007,16709,5570
2924,16710,5570
648,16711,5571
2991,16712,5571
647,16713,5571
641,16714,5572
3021,16715,5572
2987,16716,5572
646,16717,5573
2997,16718,5573
2924,16719,5573
653,16720,5574
2999,16721,5574
654,16722,5574
2923,16723,5575
2996,16724,5575
2964,16725,5575
382,16726,5576
2986,16727,5576
644,16728,5576
656,16729,5577
2985,16730,5577
665,16731,5577
2929,16732,5578
2983,16733,5578
2916,16734,5578
2946,16735,5579
3003,16736,5579
2988,16737,5579
2968,16738,5580
3008,16739,5580
2922,16740,5580
2982,16741,5581
2990,16742,5581
2984,16743,5581
2969,16744,5582
2989,16745,5582
2913,16746,5582
2915,16747,5583
3003,16748,5583
2970,16749,5583
657,16750,5584
3015,16751,5584
24,16752,5584
2941,16753,5585
3026,16754,5585
2974,16755,5585
16,16756,5586
3016,16757,5586
390,16758,5586
24,16759,5587
3015,16760,5587
676,16761,5587
2983,16762,5588
3005,16763,5588
2916,16764,5588
2941,16765,5589
2990,16766,5589
2982,16767,5589
2934,16768,5590
3026,16769,5590
2941,16770,5590
633,16771,5591
3016,16772,5591
16,16773,5591
2988,16774,5592
2993,16775,5592
2955,16776,5592
2947,16777,5593
3004,16778,5593
2994,16779,5593
2943,16780,5594
3006,16781,5594
2946,16782,5594
2955,16783,5595
2989,16784,5595
2944,16785,5595
2921,16786,5596
2991,16787,5596
648,16788,5596
2927,16789,5597
2992,16790,5597
2928,16791,5597
2946,16792,5598
2988,16793,5598
2955,16794,5598
2924,16795,5599
3007,16796,5599
647,16797,5599
648,16798,5600
3007,16799,5600
2911,16800,5600
647,16801,5601
3022,16802,5601
646,16803,5601
2922,16804,5602
3025,16805,5602
2968,16806,5602
2986,16807,5603
2997,16808,5603
645,16809,5603
668,16810,5604
2995,16811,5604
667,16812,5604
673,16813,5605
3013,16814,5605
672,16815,5605
651,16816,5606
3008,16817,5606
2914,16818,5606
2967,16819,5607
3010,16820,5607
2995,16821,5607
2969,16822,5608
3015,16823,5608
2920,16824,5608
2981,16825,5609
3011,16826,5609
2948,16827,5609
2991,16828,5610
3012,16829,5610
2949,16830,5610
2922,16831,5611
3008,16832,5611
652,16833,5611
2973,16834,5612
2994,16835,5612
2945,16836,5612
645,16837,5613
2997,16838,5613
646,16839,5613
2951,16840,5614
3009,16841,5614
2972,16842,5614
646,16843,5615
3022,16844,5615
2987,16845,5615
2925,16846,5616
3002,16847,5616
2959,16848,5616
2955,16849,5617
3024,16850,5617
2989,16851,5617
653,16852,5618
3010,16853,5618
2922,16854,5618
2988,16855,5619
3003,16856,5619
2915,16857,5619
635,16858,5620
3018,16859,5620
2915,16860,5620
2989,16861,5621
3024,16862,5621
2913,16863,5621
3004,16864,5622
3006,16865,5622
2945,16866,5622
676,16867,5623
3015,16868,5623
2969,16869,5623
2930,16870,5624
3026,16871,5624
2931,16872,5624
2960,16873,5625
3016,16874,5625
2970,16875,5625
654,16876,5626
2999,16877,5626
2996,16878,5626
2970,16879,5627
3016,16880,5627
633,16881,5627
2917,16882,5628
2999,16883,5628
653,16884,5628
2971,16885,5629
2998,16886,5629
2918,16887,5629
2968,16888,5630
3025,16889,5630
2956,16890,5630
2967,16891,5631
3025,16892,5631
2922,16893,5631
646,16894,5632
3021,16895,5632
645,16896,5632
2959,16897,5633
3005,16898,5633
2926,16899,5633
666,16900,5634
3000,16901,5634
656,16902,5634
2948,16903,5635
3011,16904,5635
2994,16905,5635
2918,16906,5636
2998,16907,5636
2966,16908,5636
2926,16909,5637
3005,16910,5637
2954,16911,5637
2987,16912,5638
3021,16913,5638
646,16914,5638
2992,16915,5639
3013,16916,5639
673,16917,5639
2974,16918,5640
3026,16919,5640
2930,16920,5640
2915,16921,5641
3018,16922,5641
2988,16923,5641
2988,16924,5642
3018,16925,5642
2993,16926,5642
2945,16927,5643
3006,16928,5643
2943,16929,5643
647,16930,5644
3007,16931,5644
648,16932,5644
2974,16933,5645
3023,16934,5645
2941,16935,5645
2947,16936,5646
3027,16937,5646
3004,16938,5646
652,16939,5647
3008,16940,5647
651,16941,5647
2975,16942,5648
3017,16943,5648
2952,16944,5648
2994,16945,5649
3011,16946,5649
2947,16947,5649
2929,16948,5650
3012,16949,5650
2983,16950,5650
2996,16951,5651
2999,16952,5651
2964,16953,5651
654,16954,5652
3010,16955,5652
653,16956,5652
2994,16957,5653
3004,16958,5653
2945,16959,5653
2950,16960,5654
3009,16961,5654
2951,16962,5654
2993,16963,5655
3024,16964,5655
2955,16965,5655
2995,16966,5656
3010,16967,5656
654,16968,5656
2954,16969,5657
3014,16970,5657
2953,16971,5657
2947,16972,5658
3011,16973,5658
2907,16974,5658
2952,16975,5659
3017,16976,5659
2981,16977,5659
2920,16978,5660
3015,16979,5660
657,16980,5660
2983,16981,5661
3019,16982,5661
2954,16983,5661
2950,16984,5662
3020,16985,5662
3009,16986,5662
390,16987,5663
3016,16988,5663
2960,16989,5663
3002,16990,5664
3028,16991,5664
2959,16992,5664
2913,16993,5665
3024,16994,5665
2965,16995,5665
2957,16996,5666
3020,16997,5666
2950,16998,5666
2931,16999,5667
3026,17000,5667
2934,17001,5667
2941,17002,5668
3023,17003,5668
2990,17004,5668
2909,17005,5669
3027,17006,5669
388,17007,5669
638,17008,5670
3028,17009,5670
637,17010,5670
2921,17011,5671
3012,17012,5671
2991,17013,5671
2991,17014,5672
3022,17015,5672
647,17016,5672
2927,17017,5673
3013,17018,5673
2992,17019,5673
2965,17020,5674
3024,17021,5674
2993,17022,5674
2993,17023,5675
3018,17024,5675
2928,17025,5675
2987,17026,5676
3022,17027,5676
2949,17028,5676
2954,17029,5677
3019,17030,5677
3014,17031,5677
3002,17032,5678
3013,17033,5678
2927,17034,5678
2949,17035,5679
3022,17036,5679
2991,17037,5679
3004,17038,5680
3027,17039,5680
2909,17040,5680
15,17041,5681
644,17042,5681
643,17043,5681
656,17044,5682
23,17045,5682
666,17046,5682
645,17047,5683
642,17048,5683
643,17049,5683
643,17050,5684
644,17051,5684
645,17052,5684
3030,17053,5685
3141,17054,5685
3079,17055,5685
3079,17056,5686
3105,17057,5686
3030,17058,5686
3042,17059,5687
3098,17060,5687
3091,17061,5687
3085,17062,5688
3124,17063,5688
3111,17064,5688
3098,17065,5689
3112,17066,5689
3091,17067,5689
3082,17068,5690
3125,17069,5690
3083,17070,5690
444,17071,5691
3080,17072,5691
3042,17073,5691
3047,17074,5692
3048,17075,5692
3041,17076,5692
3081,17077,5693
3151,17078,5693
3038,17079,5693
3092,17080,5694
3125,17081,5694
3082,17082,5694
3040,17083,5695
3097,17084,5695
3093,17085,5695
3111,17086,5696
3124,17087,5696
3100,17088,5696
3101,17089,5697
3141,17090,5697
3030,17091,5697
3084,17092,5698
3086,17093,5698
3085,17094,5698
3064,17095,5699
3080,17096,5699
3054,17097,5699
3086,17098,5700
3124,17099,5700
3085,17100,5700
3030,17101,5701
3105,17102,5701
3099,17103,5701
3080,17104,5702
3098,17105,5702
3042,17106,5702
684,17107,5703
3050,17108,5703
685,17109,5703
3038,17110,5704
3151,17111,5704
682,17112,5704
3087,17113,5705
3115,17114,5705
3050,17115,5705
3075,17116,5706
3090,17117,5706
3078,17118,5706
638,17119,5707
3047,17120,5707
3041,17121,5707
3050,17122,5708
3114,17123,5708
3087,17124,5708
3075,17125,5709
3078,17126,5709
3041,17127,5709
3045,17128,5710
3084,17129,5710
439,17130,5710
3050,17131,5711
3140,17132,5711
685,17133,5711
3093,17134,5712
3097,17135,5712
3074,17136,5712
679,17137,5713
3071,17138,5713
680,17139,5713
3045,17140,5714
3086,17141,5714
3084,17142,5714
3094,17143,5715
3131,17144,5715
3033,17145,5715
3033,17146,5716
3129,17147,5716
3094,17148,5716
3038,17149,5717
3127,17150,5717
3081,17151,5717
637,17152,5718
3135,17153,5718
3123,17154,5718
679,17155,5719
3109,17156,5719
3071,17157,5719
3083,17158,5720
3125,17159,5720
3068,17160,5720
3052,17161,5721
3053,17162,5721
3032,17163,5721
3064,17164,5722
3098,17165,5722
3080,17166,5722
699,17167,5723
3118,17168,5723
3107,17169,5723
3083,17170,5724
3126,17171,5724
3031,17172,5724
3068,17173,5725
3128,17174,5725
3083,17175,5725
637,17176,5726
3123,17177,5726
3047,17178,5726
3083,17179,5727
3128,17180,5727
3126,17181,5727
3111,17182,5728
3144,17183,5728
3085,17184,5728
3099,17185,5729
3105,17186,5729
3100,17187,5729
680,17188,5730
3071,17189,5730
3051,17190,5730
3054,17191,5731
3080,17192,5731
3032,17193,5731
3107,17194,5732
3118,17195,5732
3045,17196,5732
3078,17197,5733
3147,17198,5733
640,17199,5733
689,17200,5734
3142,17201,5734
678,17202,5734
3039,17203,5735
3124,17204,5735
3121,17205,5735
442,17206,5736
3052,17207,5736
3032,17208,5736
699,17209,5737
3122,17210,5737
3117,17211,5737
3034,17212,5738
3096,17213,5738
3052,17214,5738
3034,17215,5739
3052,17216,5739
441,17217,5739
3029,17218,5740
3097,17219,5740
450,17220,5740
3088,17221,5741
3108,17222,5741
453,17223,5741
3085,17224,5742
3096,17225,5742
3034,17226,5742
642,17227,5743
3122,17228,5743
643,17229,5743
3046,17230,5744
3120,17231,5744
3094,17232,5744
443,17233,5745
3080,17234,5745
444,17235,5745
639,17236,5746
3078,17237,5746
640,17238,5746
680,17239,5747
3051,17240,5747
681,17241,5747
3119,17242,5748
3120,17243,5748
3046,17244,5748
3117,17245,5749
3122,17246,5749
642,17247,5749
635,17248,5750
3087,17249,5750
636,17250,5750
640,17251,5751
3147,17252,5751
3089,17253,5751
700,17254,5752
3122,17255,5752
699,17256,5752
439,17257,5753
3084,17258,5753
440,17259,5753
451,17260,5754
3097,17261,5754
3040,17262,5754
3082,17263,5755
3083,17264,5755
3031,17265,5755
3085,17266,5756
3144,17267,5756
3096,17268,5756
3088,17269,5757
3119,17270,5757
3108,17271,5757
3048,17272,5758
3075,17273,5758
3041,17274,5758
3088,17275,5759
3120,17276,5759
3119,17277,5759
3047,17278,5760
3081,17279,5760
3048,17280,5760
3094,17281,5761
3120,17282,5761
3093,17283,5761
3029,17284,5762
3139,17285,5762
3097,17286,5762
3121,17287,5763
3124,17288,5763
3086,17289,5763
449,17290,5764
3150,17291,5764
3069,17292,5764
448,17293,5765
3150,17294,5765
449,17295,5765
447,17296,5766
3082,17297,5766
3031,17298,5766
452,17299,5767
3088,17300,5767
453,17301,5767
18,17302,5768
454,17303,5768
688,17304,5768
700,17305,5769
437,17306,5769
15,17307,5769
3053,17308,5770
3054,17309,5770
3032,17310,5770
698,17311,5771
3118,17312,5771
699,17313,5771
633,17314,5772
3091,17315,5772
634,17316,5772
686,17317,5773
3092,17318,5773
687,17319,5773
3087,17320,5774
3114,17321,5774
636,17322,5774
683,17323,5775
3123,17324,5775
3049,17325,5775
3131,17326,5776
3141,17327,5776
3033,17328,5776
3033,17329,5777
3141,17330,5777
3101,17331,5777
3100,17332,5778
3124,17333,5778
3039,17334,5778
3048,17335,5779
3076,17336,5779
3075,17337,5779
3070,17338,5780
3095,17339,5780
3058,17340,5780
3076,17341,5781
3136,17342,5781
3075,17343,5781
3089,17344,5782
3117,17345,5782
641,17346,5782
634,17347,5783
3091,17348,5783
3035,17349,5783
3103,17350,5784
3139,17351,5784
3133,17352,5784
699,17353,5785
3117,17354,5785
698,17355,5785
3053,17356,5786
3055,17357,5786
3054,17358,5786
3035,17359,5787
3087,17360,5787
635,17361,5787
3037,17362,5788
3092,17363,5788
686,17364,5788
638,17365,5789
3041,17366,5789
639,17367,5789
634,17368,5790
3035,17369,5790
635,17370,5790
681,17371,5791
3038,17372,5791
682,17373,5791
640,17374,5792
3089,17375,5792
641,17376,5792
3041,17377,5793
3078,17378,5793
639,17379,5793
438,17380,5794
3107,17381,5794
3045,17382,5794
685,17383,5795
3037,17384,5795
686,17385,5795
681,17386,5796
3051,17387,5796
3038,17388,5796
3074,17389,5797
3103,17390,5797
3062,17391,5797
690,17392,5798
3046,17393,5798
691,17394,5798
3055,17395,5799
3057,17396,5799
3054,17397,5799
696,17398,5800
3039,17399,5800
697,17400,5800
694,17401,5801
3030,17402,5801
695,17403,5801
692,17404,5802
3033,17405,5802
693,17406,5802
637,17407,5803
3047,17408,5803
638,17409,5803
3053,17410,5804
3056,17411,5804
3055,17412,5804
3073,17413,5805
3074,17414,5805
3062,17415,5805
3060,17416,5806
3070,17417,5806
3058,17418,5806
3057,17419,5807
3067,17420,5807
3065,17421,5807
447,17422,5808
3031,17423,5808
448,17424,5808
442,17425,5809
3032,17426,5809
443,17427,5809
683,17428,5810
3049,17429,5810
684,17430,5810
449,17431,5811
3029,17432,5811
450,17433,5811
3056,17434,5812
3058,17435,5812
3055,17436,5812
449,17437,5813
3069,17438,5813
3029,17439,5813
440,17440,5814
3034,17441,5814
441,17442,5814
441,17443,5815
3052,17444,5815
442,17445,5815
3059,17446,5816
3060,17447,5816
3058,17448,5816
451,17449,5817
3040,17450,5817
452,17451,5817
3030,17452,5818
3099,17453,5818
695,17454,5818
3061,17455,5819
3062,17456,5819
3060,17457,5819
3049,17458,5820
3050,17459,5820
684,17460,5820
3033,17461,5821
3101,17462,5821
693,17463,5821
3072,17464,5822
3073,17465,5822
3062,17466,5822
3056,17467,5823
3059,17468,5823
3058,17469,5823
3056,17470,5824
3063,17471,5824
3059,17472,5824
438,17473,5825
3045,17474,5825
439,17475,5825
3059,17476,5826
3061,17477,5826
3060,17478,5826
3057,17479,5827
3095,17480,5827
3067,17481,5827
3062,17482,5828
3103,17483,5828
3060,17484,5828
3061,17485,5829
3079,17486,5829
3072,17487,5829
3061,17488,5830
3072,17489,5830
3062,17490,5830
695,17491,5831
3036,17492,5831
694,17493,5831
440,17494,5832
3084,17495,5832
3034,17496,5832
3061,17497,5833
3104,17498,5833
3079,17499,5833
3084,17500,5834
3085,17501,5834
3034,17502,5834
3040,17503,5835
3088,17504,5835
452,17505,5835
3032,17506,5836
3080,17507,5836
443,17508,5836
693,17509,5837
3043,17510,5837
692,17511,5837
450,17512,5838
3097,17513,5838
451,17514,5838
3057,17515,5839
3064,17516,5839
3054,17517,5839
3066,17518,5840
3098,17519,5840
3064,17520,5840
444,17521,5841
3042,17522,5841
445,17523,5841
695,17524,5842
3099,17525,5842
696,17526,5842
693,17527,5843
3101,17528,5843
694,17529,5843
3073,17530,5844
3093,17531,5844
3074,17532,5844
3057,17533,5845
3065,17534,5845
3064,17535,5845
697,17536,5846
3044,17537,5846
696,17538,5846
3099,17539,5847
3100,17540,5847
3039,17541,5847
3073,17542,5848
3094,17543,5848
3093,17544,5848
3036,17545,5849
3102,17546,5849
694,17547,5849
696,17548,5850
3099,17549,5850
3039,17550,5850
694,17551,5851
3101,17552,5851
3030,17553,5851
694,17554,5852
3102,17555,5852
693,17556,5852
3060,17557,5853
3103,17558,5853
3070,17559,5853
3065,17560,5854
3066,17561,5854
3064,17562,5854
446,17563,5855
3082,17564,5855
447,17565,5855
3065,17566,5856
3068,17567,5856
3066,17568,5856
3106,17569,5857
3145,17570,5857
3076,17571,5857
3058,17572,5858
3095,17573,5858
3055,17574,5858
3068,17575,5859
3077,17576,5859
3066,17577,5859
3076,17578,5860
3127,17579,5860
3106,17580,5860
3136,17581,5861
3149,17582,5861
3075,17583,5861
3066,17584,5862
3112,17585,5862
3098,17586,5862
3076,17587,5863
3145,17588,5863
3136,17589,5863
3070,17590,5864
3116,17591,5864
3095,17592,5864
3071,17593,5865
3134,17594,5865
3051,17595,5865
3059,17596,5866
3104,17597,5866
3061,17598,5866
683,17599,5867
3151,17600,5867
3123,17601,5867
3133,17602,5868
3139,17603,5868
3029,17604,5868
693,17605,5869
3102,17606,5869
3043,17607,5869
678,17608,5870
3142,17609,5870
679,17610,5870
3063,17611,5871
3104,17612,5871
3059,17613,5871
3055,17614,5872
3095,17615,5872
3057,17616,5872
688,17617,5873
3108,17618,5873
689,17619,5873
699,17620,5874
3107,17621,5874
700,17622,5874
3044,17623,5875
3132,17624,5875
3089,17625,5875
3104,17626,5876
3105,17627,5876
3079,17628,5876
3105,17629,5877
3111,17630,5877
3100,17631,5877
437,17632,5878
3107,17633,5878
438,17634,5878
453,17635,5879
3108,17636,5879
454,17637,5879
3094,17638,5880
3129,17639,5880
3046,17640,5880
692,17641,5881
3113,17642,5881
691,17643,5881
679,17644,5882
3142,17645,5882
3109,17646,5882
690,17647,5883
3119,17648,5883
3046,17649,5883
697,17650,5884
3121,17651,5884
698,17652,5884
3045,17653,5885
3118,17654,5885
3086,17655,5885
454,17656,5886
3108,17657,5886
688,17658,5886
700,17659,5887
3107,17660,5887
437,17661,5887
3051,17662,5888
3106,17663,5888
3038,17664,5888
3104,17665,5889
3111,17666,5889
3105,17667,5889
3068,17668,5890
3125,17669,5890
3110,17670,5890
3090,17671,5891
3130,17672,5891
3044,17673,5891
3091,17674,5892
3112,17675,5892
3035,17676,5892
3037,17677,5893
3125,17678,5893
3092,17679,5893
445,17680,5894
3137,17681,5894
16,17682,5894
3063,17683,5895
3148,17684,5895
3096,17685,5895
3063,17686,5896
3111,17687,5896
3104,17688,5896
17,17689,5897
3138,17690,5897
446,17691,5897
16,17692,5898
3137,17693,5898
633,17694,5898
3106,17695,5899
3127,17696,5899
3038,17697,5899
3056,17698,5900
3148,17699,5900
3063,17700,5900
687,17701,5901
3138,17702,5901
17,17703,5901
3130,17704,5902
3149,17705,5902
3036,17706,5902
3110,17707,5903
3115,17708,5903
3077,17709,5903
3069,17710,5904
3126,17711,5904
3116,17712,5904
3065,17713,5905
3128,17714,5905
3068,17715,5905
3077,17716,5906
3112,17717,5906
3066,17718,5906
3043,17719,5907
3113,17720,5907
692,17721,5907
3049,17722,5908
3114,17723,5908
3050,17724,5908
3068,17725,5909
3110,17726,5909
3077,17727,5909
3046,17728,5910
3129,17729,5910
691,17730,5910
692,17731,5911
3129,17732,5911
3033,17733,5911
691,17734,5912
3143,17735,5912
690,17736,5912
3044,17737,5913
3147,17738,5913
3090,17739,5913
3108,17740,5914
3119,17741,5914
689,17742,5914
641,17743,5915
3117,17744,5915
642,17745,5915
636,17746,5916
3135,17747,5916
637,17748,5916
695,17749,5917
3130,17750,5917
3036,17751,5917
3089,17752,5918
3132,17753,5918
3117,17754,5918
3091,17755,5919
3137,17756,5919
3042,17757,5919
3103,17758,5920
3133,17759,5920
3070,17760,5920
3113,17761,5921
3134,17762,5921
3071,17763,5921
3044,17764,5922
3130,17765,5922
696,17766,5922
3095,17767,5923
3116,17768,5923
3067,17769,5923
689,17770,5924
3119,17771,5924
690,17772,5924
3073,17773,5925
3131,17774,5925
3094,17775,5925
690,17776,5926
3143,17777,5926
3109,17778,5926
3047,17779,5927
3123,17780,5927
3081,17781,5927
3077,17782,5928
3146,17783,5928
3112,17784,5928
697,17785,5929
3132,17786,5929
3044,17787,5929
3110,17788,5930
3125,17789,5930
3037,17790,5930
685,17791,5931
3140,17792,5931
3037,17793,5931
3112,17794,5932
3146,17795,5932
3035,17796,5932
3126,17797,5933
3128,17798,5933
3067,17799,5933
633,17800,5934
3137,17801,5934
3091,17802,5934
3052,17803,5935
3148,17804,5935
3053,17805,5935
3082,17806,5936
3138,17807,5936
3092,17808,5936
698,17809,5937
3121,17810,5937
3118,17811,5937
3092,17812,5938
3138,17813,5938
687,17814,5938
3039,17815,5939
3121,17816,5939
697,17817,5939
3093,17818,5940
3120,17819,5940
3040,17820,5940
3090,17821,5941
3147,17822,5941
3078,17823,5941
3089,17824,5942
3147,17825,5942
3044,17826,5942
690,17827,5943
3142,17828,5943
689,17829,5943
3081,17830,5944
3127,17831,5944
3048,17832,5944
643,17833,5945
3122,17834,5945
700,17835,5945
3070,17836,5946
3133,17837,5946
3116,17838,5946
3040,17839,5947
3120,17840,5947
3088,17841,5947
3090,17842,5948
3149,17843,5948
3130,17844,5948
3048,17845,5949
3127,17846,5949
3076,17847,5949
3109,17848,5950
3142,17849,5950
690,17850,5950
3114,17851,5951
3135,17852,5951
636,17853,5951
3096,17854,5952
3148,17855,5952
3052,17856,5952
3037,17857,5953
3140,17858,5953
3110,17859,5953
3110,17860,5954
3140,17861,5954
3115,17862,5954
3067,17863,5955
3128,17864,5955
3065,17865,5955
691,17866,5956
3129,17867,5956
692,17868,5956
3096,17869,5957
3144,17870,5957
3063,17871,5957
3069,17872,5958
3150,17873,5958
3126,17874,5958
696,17875,5959
3130,17876,5959
695,17877,5959
3097,17878,5960
3139,17879,5960
3074,17880,5960
3116,17881,5961
3133,17882,5961
3069,17883,5961
3051,17884,5962
3134,17885,5962
3106,17886,5962
3118,17887,5963
3121,17888,5963
3086,17889,5963
698,17890,5964
3132,17891,5964
697,17892,5964
3116,17893,5965
3126,17894,5965
3067,17895,5965
3072,17896,5966
3131,17897,5966
3073,17898,5966
3115,17899,5967
3146,17900,5967
3077,17901,5967
3117,17902,5968
3132,17903,5968
698,17904,5968
3134,17905,5969
3145,17906,5969
3106,17907,5969
3069,17908,5970
3133,17909,5970
3029,17910,5970
3036,17911,5971
3136,17912,5971
3102,17913,5971
3075,17914,5972
3149,17915,5972
3090,17916,5972
3074,17917,5973
3139,17918,5973
3103,17919,5973
3042,17920,5974
3137,17921,5974
445,17922,5974
3072,17923,5975
3141,17924,5975
3131,17925,5975
446,17926,5976
3138,17927,5976
3082,17928,5976
3123,17929,5977
3151,17930,5977
3081,17931,5977
3035,17932,5978
3146,17933,5978
3087,17934,5978
3079,17935,5979
3141,17936,5979
3072,17937,5979
3053,17938,5980
3148,17939,5980
3056,17940,5980
3063,17941,5981
3144,17942,5981
3111,17943,5981
3031,17944,5982
3150,17945,5982
448,17946,5982
682,17947,5983
3151,17948,5983
683,17949,5983
3043,17950,5984
3134,17951,5984
3113,17952,5984
3043,17953,5985
3145,17954,5985
3134,17955,5985
3113,17956,5986
3143,17957,5986
691,17958,5986
3049,17959,5987
3135,17960,5987
3114,17961,5987
3087,17962,5988
3146,17963,5988
3115,17964,5988
3115,17965,5989
3140,17966,5989
3050,17967,5989
3102,17968,5990
3145,17969,5990
3043,17970,5990
3136,17971,5991
3145,17972,5991
3102,17973,5991
3109,17974,5992
3143,17975,5992
3071,17976,5992
3123,17977,5993
3135,17978,5993
3049,17979,5993
3071,17980,5994
3143,17981,5994
3113,17982,5994
3036,17983,5995
3149,17984,5995
3136,17985,5995
3126,17986,5996
3150,17987,5996
3031,17988,5996
700,17989,5997
15,17990,5997
643,17991,5997
18,17992,5998
688,17993,5998
677,17994,5998
689,17995,5999
678,17996,5999
677,17997,5999
677,17998,6000
688,17999,6000
689,18000,6000
3153,18001,6001
3264,18002,6001
3202,18003,6001
3202,18004,6002
3228,18005,6002
3153,18006,6002
3165,18007,6003
3221,18008,6003
3214,18009,6003
3208,18010,6004
3247,18011,6004
3234,18012,6004
3221,18013,6005
3235,18014,6005
3214,18015,6005
3205,18016,6006
3248,18017,6006
3206,18018,6006
708,18019,6007
3203,18020,6007
3165,18021,6007
3170,18022,6008
3171,18023,6008
3164,18024,6008
3204,18025,6009
3274,18026,6009
3161,18027,6009
3215,18028,6010
3248,18029,6010
3205,18030,6010
3163,18031,6011
3220,18032,6011
3216,18033,6011
3234,18034,6012
3247,18035,6012
3223,18036,6012
3224,18037,6013
3264,18038,6013
3153,18039,6013
3207,18040,6014
3209,18041,6014
3208,18042,6014
3187,18043,6015
3203,18044,6015
3177,18045,6015
3209,18046,6016
3247,18047,6016
3208,18048,6016
3153,18049,6017
3228,18050,6017
3222,18051,6017
3203,18052,6018
3221,18053,6018
3165,18054,6018
513,18055,6019
3173,18056,6019
512,18057,6019
3161,18058,6020
3274,18059,6020
515,18060,6020
3210,18061,6021
3238,18062,6021
3173,18063,6021
3198,18064,6022
3213,18065,6022
3201,18066,6022
563,18067,6023
3170,18068,6023
3164,18069,6023
3173,18070,6024
3237,18071,6024
3210,18072,6024
3198,18073,6025
3201,18074,6025
3164,18075,6025
3168,18076,6026
3207,18077,6026
703,18078,6026
3173,18079,6027
3263,18080,6027
512,18081,6027
3216,18082,6028
3220,18083,6028
3197,18084,6028
518,18085,6029
3194,18086,6029
517,18087,6029
3168,18088,6030
3209,18089,6030
3207,18090,6030
3217,18091,6031
3254,18092,6031
3156,18093,6031
3156,18094,6032
3252,18095,6032
3217,18096,6032
3161,18097,6033
3250,18098,6033
3204,18099,6033
562,18100,6034
3258,18101,6034
3246,18102,6034
518,18103,6035
3232,18104,6035
3194,18105,6035
3206,18106,6036
3248,18107,6036
3191,18108,6036
3175,18109,6037
3176,18110,6037
3155,18111,6037
3187,18112,6038
3221,18113,6038
3203,18114,6038
721,18115,6039
3241,18116,6039
3230,18117,6039
3206,18118,6040
3249,18119,6040
3154,18120,6040
3191,18121,6041
3251,18122,6041
3206,18123,6041
562,18124,6042
3246,18125,6042
3170,18126,6042
3206,18127,6043
3251,18128,6043
3249,18129,6043
3234,18130,6044
3267,18131,6044
3208,18132,6044
3222,18133,6045
3228,18134,6045
3223,18135,6045
517,18136,6046
3194,18137,6046
3174,18138,6046
3177,18139,6047
3203,18140,6047
3155,18141,6047
3230,18142,6048
3241,18143,6048
3168,18144,6048
3201,18145,6049
3270,18146,6049
565,18147,6049
711,18148,6050
3265,18149,6050
519,18150,6050
3162,18151,6051
3247,18152,6051
3244,18153,6051
706,18154,6052
3175,18155,6052
3155,18156,6052
721,18157,6053
3245,18158,6053
3240,18159,6053
3157,18160,6054
3219,18161,6054
3175,18162,6054
3157,18163,6055
3175,18164,6055
705,18165,6055
3152,18166,6056
3220,18167,6056
483,18168,6056
3211,18169,6057
3231,18170,6057
480,18171,6057
3208,18172,6058
3219,18173,6058
3157,18174,6058
567,18175,6059
3245,18176,6059
568,18177,6059
3169,18178,6060
3243,18179,6060
3217,18180,6060
707,18181,6061
3203,18182,6061
708,18183,6061
564,18184,6062
3201,18185,6062
565,18186,6062
517,18187,6063
3174,18188,6063
516,18189,6063
3242,18190,6064
3243,18191,6064
3169,18192,6064
3240,18193,6065
3245,18194,6065
567,18195,6065
560,18196,6066
3210,18197,6066
561,18198,6066
565,18199,6067
3270,18200,6067
3212,18201,6067
722,18202,6068
3245,18203,6068
721,18204,6068
703,18205,6069
3207,18206,6069
704,18207,6069
482,18208,6070
3220,18209,6070
3163,18210,6070
3205,18211,6071
3206,18212,6071
3154,18213,6071
3208,18214,6072
3267,18215,6072
3219,18216,6072
3211,18217,6073
3242,18218,6073
3231,18219,6073
3171,18220,6074
3198,18221,6074
3164,18222,6074
3211,18223,6075
3243,18224,6075
3242,18225,6075
3170,18226,6076
3204,18227,6076
3171,18228,6076
3217,18229,6077
3243,18230,6077
3216,18231,6077
3152,18232,6078
3262,18233,6078
3220,18234,6078
3244,18235,6079
3247,18236,6079
3209,18237,6079
484,18238,6080
3273,18239,6080
3192,18240,6080
485,18241,6081
3273,18242,6081
484,18243,6081
486,18244,6082
3205,18245,6082
3154,18246,6082
481,18247,6083
3211,18248,6083
480,18249,6083
11,18250,6084
479,18251,6084
710,18252,6084
722,18253,6085
701,18254,6085
19,18255,6085
3176,18256,6086
3177,18257,6086
3155,18258,6086
720,18259,6087
3241,18260,6087
721,18261,6087
558,18262,6088
3214,18263,6088
559,18264,6088
511,18265,6089
3215,18266,6089
510,18267,6089
3210,18268,6090
3237,18269,6090
561,18270,6090
514,18271,6091
3246,18272,6091
3172,18273,6091
3254,18274,6092
3264,18275,6092
3156,18276,6092
3156,18277,6093
3264,18278,6093
3224,18279,6093
3223,18280,6094
3247,18281,6094
3162,18282,6094
3171,18283,6095
3199,18284,6095
3198,18285,6095
3193,18286,6096
3218,18287,6096
3181,18288,6096
3199,18289,6097
3259,18290,6097
3198,18291,6097
3212,18292,6098
3240,18293,6098
566,18294,6098
559,18295,6099
3214,18296,6099
3158,18297,6099
3226,18298,6100
3262,18299,6100
3256,18300,6100
721,18301,6101
3240,18302,6101
720,18303,6101
3176,18304,6102
3178,18305,6102
3177,18306,6102
3158,18307,6103
3210,18308,6103
560,18309,6103
3160,18310,6104
3215,18311,6104
511,18312,6104
563,18313,6105
3164,18314,6105
564,18315,6105
559,18316,6106
3158,18317,6106
560,18318,6106
516,18319,6107
3161,18320,6107
515,18321,6107
565,18322,6108
3212,18323,6108
566,18324,6108
3164,18325,6109
3201,18326,6109
564,18327,6109
702,18328,6110
3230,18329,6110
3168,18330,6110
512,18331,6111
3160,18332,6111
511,18333,6111
516,18334,6112
3174,18335,6112
3161,18336,6112
3197,18337,6113
3226,18338,6113
3185,18339,6113
712,18340,6114
3169,18341,6114
713,18342,6114
3178,18343,6115
3180,18344,6115
3177,18345,6115
718,18346,6116
3162,18347,6116
719,18348,6116
716,18349,6117
3153,18350,6117
717,18351,6117
714,18352,6118
3156,18353,6118
715,18354,6118
562,18355,6119
3170,18356,6119
563,18357,6119
3176,18358,6120
3179,18359,6120
3178,18360,6120
3196,18361,6121
3197,18362,6121
3185,18363,6121
3183,18364,6122
3193,18365,6122
3181,18366,6122
3180,18367,6123
3190,18368,6123
3188,18369,6123
486,18370,6124
3154,18371,6124
485,18372,6124
706,18373,6125
3155,18374,6125
707,18375,6125
514,18376,6126
3172,18377,6126
513,18378,6126
484,18379,6127
3152,18380,6127
483,18381,6127
3179,18382,6128
3181,18383,6128
3178,18384,6128
484,18385,6129
3192,18386,6129
3152,18387,6129
704,18388,6130
3157,18389,6130
705,18390,6130
705,18391,6131
3175,18392,6131
706,18393,6131
3182,18394,6132
3183,18395,6132
3181,18396,6132
482,18397,6133
3163,18398,6133
481,18399,6133
3153,18400,6134
3222,18401,6134
717,18402,6134
3184,18403,6135
3185,18404,6135
3183,18405,6135
3172,18406,6136
3173,18407,6136
513,18408,6136
3156,18409,6137
3224,18410,6137
715,18411,6137
3195,18412,6138
3196,18413,6138
3185,18414,6138
3179,18415,6139
3182,18416,6139
3181,18417,6139
3179,18418,6140
3186,18419,6140
3182,18420,6140
702,18421,6141
3168,18422,6141
703,18423,6141
3182,18424,6142
3184,18425,6142
3183,18426,6142
3180,18427,6143
3218,18428,6143
3190,18429,6143
3185,18430,6144
3226,18431,6144
3183,18432,6144
3184,18433,6145
3202,18434,6145
3195,18435,6145
3184,18436,6146
3195,18437,6146
3185,18438,6146
717,18439,6147
3159,18440,6147
716,18441,6147
704,18442,6148
3207,18443,6148
3157,18444,6148
3184,18445,6149
3227,18446,6149
3202,18447,6149
3207,18448,6150
3208,18449,6150
3157,18450,6150
3163,18451,6151
3211,18452,6151
481,18453,6151
3155,18454,6152
3203,18455,6152
707,18456,6152
715,18457,6153
3166,18458,6153
714,18459,6153
483,18460,6154
3220,18461,6154
482,18462,6154
3180,18463,6155
3187,18464,6155
3177,18465,6155
3189,18466,6156
3221,18467,6156
3187,18468,6156
708,18469,6157
3165,18470,6157
709,18471,6157
717,18472,6158
3222,18473,6158
718,18474,6158
715,18475,6159
3224,18476,6159
716,18477,6159
3196,18478,6160
3216,18479,6160
3197,18480,6160
3180,18481,6161
3188,18482,6161
3187,18483,6161
719,18484,6162
3167,18485,6162
718,18486,6162
3222,18487,6163
3223,18488,6163
3162,18489,6163
3196,18490,6164
3217,18491,6164
3216,18492,6164
3159,18493,6165
3225,18494,6165
716,18495,6165
718,18496,6166
3222,18497,6166
3162,18498,6166
716,18499,6167
3224,18500,6167
3153,18501,6167
716,18502,6168
3225,18503,6168
715,18504,6168
3183,18505,6169
3226,18506,6169
3193,18507,6169
3188,18508,6170
3189,18509,6170
3187,18510,6170
487,18511,6171
3205,18512,6171
486,18513,6171
3188,18514,6172
3191,18515,6172
3189,18516,6172
3229,18517,6173
3268,18518,6173
3199,18519,6173
3181,18520,6174
3218,18521,6174
3178,18522,6174
3191,18523,6175
3200,18524,6175
3189,18525,6175
3199,18526,6176
3250,18527,6176
3229,18528,6176
3189,18529,6177
3235,18530,6177
3221,18531,6177
3259,18532,6178
3272,18533,6178
3198,18534,6178
3199,18535,6179
3268,18536,6179
3259,18537,6179
3193,18538,6180
3239,18539,6180
3218,18540,6180
3194,18541,6181
3257,18542,6181
3174,18543,6181
3182,18544,6182
3227,18545,6182
3184,18546,6182
514,18547,6183
3274,18548,6183
3246,18549,6183
3256,18550,6184
3262,18551,6184
3152,18552,6184
715,18553,6185
3225,18554,6185
3166,18555,6185
519,18556,6186
3265,18557,6186
518,18558,6186
3186,18559,6187
3227,18560,6187
3182,18561,6187
3178,18562,6188
3218,18563,6188
3180,18564,6188
710,18565,6189
3231,18566,6189
711,18567,6189
721,18568,6190
3230,18569,6190
722,18570,6190
3167,18571,6191
3255,18572,6191
3212,18573,6191
3227,18574,6192
3228,18575,6192
3202,18576,6192
3228,18577,6193
3234,18578,6193
3223,18579,6193
701,18580,6194
3230,18581,6194
702,18582,6194
480,18583,6195
3231,18584,6195
479,18585,6195
3217,18586,6196
3252,18587,6196
3169,18588,6196
714,18589,6197
3236,18590,6197
713,18591,6197
518,18592,6198
3265,18593,6198
3232,18594,6198
712,18595,6199
3242,18596,6199
3169,18597,6199
719,18598,6200
3244,18599,6200
720,18600,6200
3168,18601,6201
3241,18602,6201
3209,18603,6201
479,18604,6202
3231,18605,6202
710,18606,6202
722,18607,6203
3230,18608,6203
701,18609,6203
3174,18610,6204
3229,18611,6204
3161,18612,6204
3227,18613,6205
3234,18614,6205
3228,18615,6205
3191,18616,6206
3248,18617,6206
3233,18618,6206
3213,18619,6207
3253,18620,6207
3167,18621,6207
3214,18622,6208
3235,18623,6208
3158,18624,6208
3160,18625,6209
3248,18626,6209
3215,18627,6209
709,18628,6210
3260,18629,6210
20,18630,6210
3186,18631,6211
3271,18632,6211
3219,18633,6211
3186,18634,6212
3234,18635,6212
3227,18636,6212
12,18637,6213
3261,18638,6213
487,18639,6213
20,18640,6214
3260,18641,6214
558,18642,6214
3229,18643,6215
3250,18644,6215
3161,18645,6215
3179,18646,6216
3271,18647,6216
3186,18648,6216
510,18649,6217
3261,18650,6217
12,18651,6217
3253,18652,6218
3272,18653,6218
3159,18654,6218
3233,18655,6219
3238,18656,6219
3200,18657,6219
3192,18658,6220
3249,18659,6220
3239,18660,6220
3188,18661,6221
3251,18662,6221
3191,18663,6221
3200,18664,6222
3235,18665,6222
3189,18666,6222
3166,18667,6223
3236,18668,6223
714,18669,6223
3172,18670,6224
3237,18671,6224
3173,18672,6224
3191,18673,6225
3233,18674,6225
3200,18675,6225
3169,18676,6226
3252,18677,6226
713,18678,6226
714,18679,6227
3252,18680,6227
3156,18681,6227
713,18682,6228
3266,18683,6228
712,18684,6228
3167,18685,6229
3270,18686,6229
3213,18687,6229
3231,18688,6230
3242,18689,6230
711,18690,6230
566,18691,6231
3240,18692,6231
567,18693,6231
561,18694,6232
3258,18695,6232
562,18696,6232
717,18697,6233
3253,18698,6233
3159,18699,6233
3212,18700,6234
3255,18701,6234
3240,18702,6234
3214,18703,6235
3260,18704,6235
3165,18705,6235
3226,18706,6236
3256,18707,6236
3193,18708,6236
3236,18709,6237
3257,18710,6237
3194,18711,6237
3167,18712,6238
3253,18713,6238
718,18714,6238
3218,18715,6239
3239,18716,6239
3190,18717,6239
711,18718,6240
3242,18719,6240
712,18720,6240
3196,18721,6241
3254,18722,6241
3217,18723,6241
712,18724,6242
3266,18725,6242
3232,18726,6242
3170,18727,6243
3246,18728,6243
3204,18729,6243
3200,18730,6244
3269,18731,6244
3235,18732,6244
719,18733,6245
3255,18734,6245
3167,18735,6245
3233,18736,6246
3248,18737,6246
3160,18738,6246
512,18739,6247
3263,18740,6247
3160,18741,6247
3235,18742,6248
3269,18743,6248
3158,18744,6248
3249,18745,6249
3251,18746,6249
3190,18747,6249
558,18748,6250
3260,18749,6250
3214,18750,6250
3175,18751,6251
3271,18752,6251
3176,18753,6251
3205,18754,6252
3261,18755,6252
3215,18756,6252
720,18757,6253
3244,18758,6253
3241,18759,6253
3215,18760,6254
3261,18761,6254
510,18762,6254
3162,18763,6255
3244,18764,6255
719,18765,6255
3216,18766,6256
3243,18767,6256
3163,18768,6256
3213,18769,6257
3270,18770,6257
3201,18771,6257
3212,18772,6258
3270,18773,6258
3167,18774,6258
712,18775,6259
3265,18776,6259
711,18777,6259
3204,18778,6260
3250,18779,6260
3171,18780,6260
568,18781,6261
3245,18782,6261
722,18783,6261
3193,18784,6262
3256,18785,6262
3239,18786,6262
3163,18787,6263
3243,18788,6263
3211,18789,6263
3213,18790,6264
3272,18791,6264
3253,18792,6264
3171,18793,6265
3250,18794,6265
3199,18795,6265
3232,18796,6266
3265,18797,6266
712,18798,6266
3237,18799,6267
3258,18800,6267
561,18801,6267
3219,18802,6268
3271,18803,6268
3175,18804,6268
3160,18805,6269
3263,18806,6269
3233,18807,6269
3233,18808,6270
3263,18809,6270
3238,18810,6270
3190,18811,6271
3251,18812,6271
3188,18813,6271
713,18814,6272
3252,18815,6272
714,18816,6272
3219,18817,6273
3267,18818,6273
3186,18819,6273
3192,18820,6274
3273,18821,6274
3249,18822,6274
718,18823,6275
3253,18824,6275
717,18825,6275
3220,18826,6276
3262,18827,6276
3197,18828,6276
3239,18829,6277
3256,18830,6277
3192,18831,6277
3174,18832,6278
3257,18833,6278
3229,18834,6278
3241,18835,6279
3244,18836,6279
3209,18837,6279
720,18838,6280
3255,18839,6280
719,18840,6280
3239,18841,6281
3249,18842,6281
3190,18843,6281
3195,18844,6282
3254,18845,6282
3196,18846,6282
3238,18847,6283
3269,18848,6283
3200,18849,6283
3240,18850,6284
3255,18851,6284
720,18852,6284
3257,18853,6285
3268,18854,6285
3229,18855,6285
3192,18856,6286
3256,18857,6286
3152,18858,6286
3159,18859,6287
3259,18860,6287
3225,18861,6287
3198,18862,6288
3272,18863,6288
3213,18864,6288
3197,18865,6289
3262,18866,6289
3226,18867,6289
3165,18868,6290
3260,18869,6290
709,18870,6290
3195,18871,6291
3264,18872,6291
3254,18873,6291
487,18874,6292
3261,18875,6292
3205,18876,6292
3246,18877,6293
3274,18878,6293
3204,18879,6293
3158,18880,6294
3269,18881,6294
3210,18882,6294
3202,18883,6295
3264,18884,6295
3195,18885,6295
3176,18886,6296
3271,18887,6296
3179,18888,6296
3186,18889,6297
3267,18890,6297
3234,18891,6297
3154,18892,6298
3273,18893,6298
485,18894,6298
515,18895,6299
3274,18896,6299
514,18897,6299
3166,18898,6300
3257,18899,6300
3236,18900,6300
3166,18901,6301
3268,18902,6301
3257,18903,6301
3236,18904,6302
3266,18905,6302
713,18906,6302
3172,18907,6303
3258,18908,6303
3237,18909,6303
3210,18910,6304
3269,18911,6304
3238,18912,6304
3238,18913,6305
3263,18914,6305
3173,18915,6305
3225,18916,6306
3268,18917,6306
3166,18918,6306
3259,18919,6307
3268,18920,6307
3225,18921,6307
3232,18922,6308
3266,18923,6308
3194,18924,6308
3246,18925,6309
3258,18926,6309
3172,18927,6309
3194,18928,6310
3266,18929,6310
3236,18930,6310
3159,18931,6311
3272,18932,6311
3259,18933,6311
3249,18934,6312
3273,18935,6312
3154,18936,6312
711,18937,6313
519,18938,6313
520,18939,6313
11,18940,6314
710,18941,6314
520,18942,6314
520,18943,6315
710,18944,6315
711,18945,6315
722,18946,6316
19,18947,6316
568,18948,6316
3276,18949,6317
3386,18950,6317
3323,18951,6317
3323,18952,6318
3353,18953,6318
3276,18954,6318
3293,18955,6319
3357,18956,6319
3324,18957,6319
3314,18958,6320
3361,18959,6320
3354,18960,6320
3288,18961,6321
3344,18962,6321
3336,18963,6321
3330,18964,6322
3372,18965,6322
3359,18966,6322
3334,18967,6323
3335,18968,6323
3290,18969,6323
3327,18970,6324
3337,18971,6324
3328,18972,6324
3344,18973,6325
3360,18974,6325
3336,18975,6325
502,18976,6326
3325,18977,6326
3288,18978,6326
3314,18979,6327
3354,18980,6327
3322,18981,6327
3286,18982,6328
3343,18983,6328
3338,18984,6328
3359,18985,6329
3372,18986,6329
3347,18987,6329
3348,18988,6330
3386,18989,6330
3276,18990,6330
3329,18991,6331
3331,18992,6331
3330,18993,6331
3337,18994,6332
3361,18995,6332
3328,18996,6332
3324,18997,6333
3345,18998,6333
3293,18999,6333
3310,19000,6334
3325,19001,6334
3300,19002,6334
3331,19003,6335
3372,19004,6335
3330,19005,6335
3276,19006,6336
3353,19007,6336
3346,19008,6336
3325,19009,6337
3344,19010,6337
3288,19011,6337
3290,19012,6338
3376,19013,6338
3334,19014,6338
3293,19015,6339
3345,19016,6339
672,19017,6339
682,19018,6340
3324,19019,6340
3284,19020,6340
671,19021,6341
3293,19022,6341
672,19023,6341
3291,19024,6342
3329,19025,6342
507,19026,6342
3338,19027,6343
3343,19028,6343
3321,19029,6343
680,19030,6344
3317,19031,6344
679,19032,6344
3291,19033,6345
3331,19034,6345
3329,19035,6345
3287,19036,6346
3334,19037,6346
3318,19038,6346
3339,19039,6347
3377,19040,6347
3279,19041,6347
3279,19042,6348
3375,19043,6348
3339,19044,6348
3324,19045,6349
3357,19046,6349
3284,19047,6349
3281,19048,6350
3360,19049,6350
3322,19050,6350
3322,19051,6351
3365,19052,6351
3281,19053,6351
3326,19054,6352
3385,19055,6352
3289,19056,6352
3317,19057,6353
3358,19058,6353
679,19059,6353
3298,19060,6354
3299,19061,6354
3278,19062,6354
3328,19063,6355
3361,19064,6355
3314,19065,6355
3310,19066,6356
3344,19067,6356
3325,19068,6356
743,19069,6357
3366,19070,6357
3355,19071,6357
3328,19072,6358
3373,19073,6358
3277,19074,6358
3314,19075,6359
3374,19076,6359
3328,19077,6359
3294,19078,6360
3357,19079,6360
3293,19080,6360
3328,19081,6361
3374,19082,6361
3373,19083,6361
3282,19084,6362
3349,19085,6362
3342,19086,6362
3359,19087,6363
3389,19088,6363
3330,19089,6363
3346,19090,6364
3353,19091,6364
3347,19092,6364
3297,19093,6365
3317,19094,6365
680,19095,6365
3289,19096,6366
3381,19097,6366
3326,19098,6366
3300,19099,6367
3325,19100,6367
3278,19101,6367
3355,19102,6368
3366,19103,6368
3291,19104,6368
678,19105,6369
3387,19106,6369
743,19107,6369
3285,19108,6370
3372,19109,6370
3370,19110,6370
504,19111,6371
3298,19112,6371
3278,19113,6371
3364,19114,6372
3371,19115,6372
733,19116,6372
3349,19117,6373
3385,19118,6373
3342,19119,6373
3280,19120,6374
3341,19121,6374
3298,19122,6374
3280,19123,6375
3298,19124,6375
505,19125,6375
3275,19126,6376
3343,19127,6376
727,19128,6376
3333,19129,6377
3356,19130,6377
730,19131,6377
670,19132,6378
3334,19133,6378
3287,19134,6378
3330,19135,6379
3341,19136,6379
3280,19137,6379
666,19138,6380
3371,19139,6380
667,19140,6380
3292,19141,6381
3368,19142,6381
3339,19143,6381
503,19144,6382
3325,19145,6382
502,19146,6382
681,19147,6383
3297,19148,6383
680,19149,6383
3367,19150,6384
3368,19151,6384
3292,19152,6384
667,19153,6385
3371,19154,6385
3364,19155,6385
3354,19156,6386
3361,19157,6386
3283,19158,6386
674,19159,6387
3332,19160,6387
3283,19161,6387
733,19162,6388
3371,19163,6388
732,19164,6388
507,19165,6389
3329,19166,6389
506,19167,6389
728,19168,6390
3343,19169,6390
3286,19170,6390
3332,19171,6391
3354,19172,6391
3283,19173,6391
3327,19174,6392
3328,19175,6392
3277,19176,6392
3330,19177,6393
3389,19178,6393
3341,19179,6393
3333,19180,6394
3367,19181,6394
3356,19182,6394
3284,19183,6395
3378,19184,6395
3326,19185,6395
669,19186,6396
3335,19187,6396
3334,19188,6396
3333,19189,6397
3368,19190,6397
3367,19191,6397
3339,19192,6398
3368,19193,6398
3338,19194,6398
3275,19195,6399
3384,19196,6399
3343,19197,6399
3370,19198,6400
3372,19199,6400
3331,19200,6400
3357,19201,6401
3378,19202,6401
3284,19203,6401
726,19204,6402
3394,19205,6402
3315,19206,6402
725,19207,6403
3394,19208,6403
726,19209,6403
724,19210,6404
3327,19211,6404
3277,19212,6404
729,19213,6405
3333,19214,6405
730,19215,6405
23,19216,6406
731,19217,6406
732,19218,6406
744,19219,6407
509,19220,6407
18,19221,6407
3299,19222,6408
3300,19223,6408
3278,19224,6408
3289,19225,6409
3385,19226,6409
3349,19227,6409
3334,19228,6410
3376,19229,6410
3318,19230,6410
742,19231,6411
3366,19232,6411
743,19233,6411
687,19234,6412
3336,19235,6412
686,19236,6412
675,19237,6413
3337,19238,6413
676,19239,6413
3377,19240,6414
3386,19241,6414
3279,19242,6414
3347,19243,6415
3372,19244,6415
3285,19245,6415
3279,19246,6416
3386,19247,6416
3348,19248,6416
3316,19249,6417
3340,19250,6417
3304,19251,6417
668,19252,6418
3364,19253,6418
3335,19254,6418
686,19255,6419
3336,19256,6419
3281,19257,6419
3350,19258,6420
3384,19259,6420
3380,19260,6420
734,19261,6421
3364,19262,6421
733,19263,6421
3299,19264,6422
3301,19265,6422
3300,19266,6422
3284,19267,6423
3326,19268,6423
3297,19269,6423
3283,19270,6424
3337,19271,6424
675,19272,6424
670,19273,6425
3287,19274,6425
671,19275,6425
686,19276,6426
3281,19277,6426
685,19278,6426
682,19279,6427
3284,19280,6427
681,19281,6427
3287,19282,6428
3293,19283,6428
671,19284,6428
669,19285,6429
3334,19286,6429
670,19287,6429
668,19288,6430
3335,19289,6430
669,19290,6430
673,19291,6431
3332,19292,6431
674,19293,6431
508,19294,6432
3355,19295,6432
3291,19296,6432
3318,19297,6433
3342,19298,6433
3294,19299,6433
3287,19300,6434
3318,19301,6434
3294,19302,6434
674,19303,6435
3283,19304,6435
675,19305,6435
3284,19306,6436
3297,19307,6436
681,19308,6436
3287,19309,6437
3294,19310,6437
3293,19311,6437
3321,19312,6438
3350,19313,6438
3308,19314,6438
734,19315,6439
3292,19316,6439
735,19317,6439
3301,19318,6440
3303,19319,6440
3300,19320,6440
740,19321,6441
3285,19322,6441
741,19323,6441
738,19324,6442
3276,19325,6442
739,19326,6442
736,19327,6443
3279,19328,6443
737,19329,6443
3299,19330,6444
3302,19331,6444
3301,19332,6444
683,19333,6445
3324,19334,6445
682,19335,6445
3320,19336,6446
3321,19337,6446
3308,19338,6446
3306,19339,6447
3316,19340,6447
3304,19341,6447
3303,19342,6448
3313,19343,6448
3311,19344,6448
724,19345,6449
3277,19346,6449
725,19347,6449
504,19348,6450
3278,19349,6450
503,19350,6450
684,19351,6451
3295,19352,6451
683,19353,6451
726,19354,6452
3275,19355,6452
727,19356,6452
3302,19357,6453
3304,19358,6453
3301,19359,6453
726,19360,6454
3315,19361,6454
3275,19362,6454
506,19363,6455
3280,19364,6455
505,19365,6455
684,19366,6456
3296,19367,6456
3295,19368,6456
505,19369,6457
3298,19370,6457
504,19371,6457
3305,19372,6458
3306,19373,6458
3304,19374,6458
728,19375,6459
3286,19376,6459
729,19377,6459
3276,19378,6460
3346,19379,6460
739,19380,6460
3307,19381,6461
3308,19382,6461
3306,19383,6461
738,19384,6462
3348,19385,6462
3276,19386,6462
3319,19387,6463
3320,19388,6463
3308,19389,6463
3302,19390,6464
3305,19391,6464
3304,19392,6464
3302,19393,6465
3309,19394,6465
3305,19395,6465
508,19396,6466
3291,19397,6466
507,19398,6466
3305,19399,6467
3307,19400,6467
3306,19401,6467
3303,19402,6468
3340,19403,6468
3313,19404,6468
3308,19405,6469
3350,19406,6469
3306,19407,6469
3307,19408,6470
3323,19409,6470
3319,19410,6470
3307,19411,6471
3319,19412,6471
3308,19413,6471
738,19414,6472
3282,19415,6472
737,19416,6472
506,19417,6473
3329,19418,6473
3280,19419,6473
3307,19420,6474
3352,19421,6474
3323,19422,6474
3329,19423,6475
3330,19424,6475
3280,19425,6475
3286,19426,6476
3333,19427,6476
729,19428,6476
3278,19429,6477
3325,19430,6477
503,19431,6477
740,19432,6478
3289,19433,6478
739,19434,6478
727,19435,6479
3343,19436,6479
728,19437,6479
739,19438,6480
3349,19439,6480
738,19440,6480
3303,19441,6481
3310,19442,6481
3300,19443,6481
3312,19444,6482
3344,19445,6482
3310,19446,6482
502,19447,6483
3288,19448,6483
501,19449,6483
737,19450,6484
3351,19451,6484
736,19452,6484
739,19453,6485
3346,19454,6485
740,19455,6485
737,19456,6486
3348,19457,6486
738,19458,6486
3320,19459,6487
3338,19460,6487
3321,19461,6487
3303,19462,6488
3311,19463,6488
3310,19464,6488
736,19465,6489
3290,19466,6489
735,19467,6489
3346,19468,6490
3347,19469,6490
3285,19470,6490
3320,19471,6491
3339,19472,6491
3338,19473,6491
740,19474,6492
3346,19475,6492
3285,19476,6492
3279,19477,6493
3348,19478,6493
737,19479,6493
3306,19480,6494
3350,19481,6494
3316,19482,6494
3311,19483,6495
3312,19484,6495
3310,19485,6495
723,19486,6496
3327,19487,6496
724,19488,6496
3311,19489,6497
3314,19490,6497
3312,19491,6497
738,19492,6498
3349,19493,6498
3282,19494,6498
3289,19495,6499
3349,19496,6499
739,19497,6499
3314,19498,6500
3322,19499,6500
3312,19500,6500
3304,19501,6501
3340,19502,6501
3301,19503,6501
3282,19504,6502
3351,19505,6502
737,19506,6502
3312,19507,6503
3360,19508,6503
3344,19509,6503
3316,19510,6504
3363,19511,6504
3340,19512,6504
736,19513,6505
3351,19514,6505
3290,19515,6505
3297,19516,6506
3381,19517,6506
3317,19518,6506
3305,19519,6507
3352,19520,6507
3307,19521,6507
3380,19522,6508
3384,19523,6508
3275,19524,6508
673,19525,6509
3390,19526,6509
3332,19527,6509
679,19528,6510
3387,19529,6510
678,19530,6510
3309,19531,6511
3352,19532,6511
3305,19533,6511
3301,19534,6512
3340,19535,6512
3303,19536,6512
732,19537,6513
3356,19538,6513
733,19539,6513
743,19540,6514
3355,19541,6514
744,19542,6514
3335,19543,6515
3379,19544,6515
3290,19545,6515
3283,19546,6516
3361,19547,6516
3337,19548,6516
3352,19549,6517
3353,19550,6517
3323,19551,6517
3353,19552,6518
3359,19553,6518
3347,19554,6518
509,19555,6519
3355,19556,6519
508,19557,6519
730,19558,6520
3356,19559,6520
731,19560,6520
3339,19561,6521
3375,19562,6521
3292,19563,6521
741,19564,6522
3362,19565,6522
740,19566,6522
3358,19567,6523
3387,19568,6523
679,19569,6523
734,19570,6524
3367,19571,6524
3292,19572,6524
3345,19573,6525
3369,19574,6525
672,19575,6525
3354,19576,6526
3365,19577,6526
3322,19578,6526
741,19579,6527
3370,19580,6527
742,19581,6527
3291,19582,6528
3366,19583,6528
3331,19584,6528
731,19585,6529
3356,19586,6529
732,19587,6529
744,19588,6530
3355,19589,6530
509,19590,6530
3352,19591,6531
3359,19592,6531
3353,19593,6531
3336,19594,6532
3360,19595,6532
3281,19596,6532
501,19597,6533
3382,19598,6533
17,19599,6533
3309,19600,6534
3391,19601,6534
3341,19602,6534
3309,19603,6535
3359,19604,6535
3352,19605,6535
24,19606,6536
3383,19607,6536
723,19608,6536
17,19609,6537
3382,19610,6537
687,19611,6537
3302,19612,6538
3391,19613,6538
3309,19614,6538
676,19615,6539
3383,19616,6539
24,19617,6539
3322,19618,6540
3360,19619,6540
3312,19620,6540
3315,19621,6541
3373,19622,6541
3363,19623,6541
3311,19624,6542
3374,19625,6542
3314,19626,6542
684,19627,6543
3395,19628,6543
3296,19629,6543
3369,19630,6544
3390,19631,6544
673,19632,6544
740,19633,6545
3362,19634,6545
3289,19635,6545
742,19636,6546
3388,19637,6546
741,19638,6546
3292,19639,6547
3375,19640,6547
735,19641,6547
736,19642,6548
3375,19643,6548
3279,19644,6548
685,19645,6549
3395,19646,6549
684,19647,6549
3356,19648,6550
3367,19649,6550
733,19650,6550
667,19651,6551
3364,19652,6551
668,19653,6551
3364,19654,6552
3379,19655,6552
3335,19656,6552
3336,19657,6553
3382,19658,6553
3288,19659,6553
3350,19660,6554
3380,19661,6554
3316,19662,6554
3317,19663,6555
3381,19664,6555
3362,19665,6555
3358,19666,6556
3388,19667,6556
742,19668,6556
3340,19669,6557
3363,19670,6557
3313,19671,6557
733,19672,6558
3367,19673,6558
734,19674,6558
3320,19675,6559
3377,19676,6559
3339,19677,6559
3290,19678,6560
3379,19679,6560
735,19680,6560
672,19681,6561
3369,19682,6561
673,19683,6561
3373,19684,6562
3374,19685,6562
3313,19686,6562
687,19687,6563
3382,19688,6563
3336,19689,6563
3298,19690,6564
3391,19691,6564
3299,19692,6564
3327,19693,6565
3383,19694,6565
3337,19695,6565
742,19696,6566
3370,19697,6566
3366,19698,6566
3295,19699,6567
3369,19700,6567
3345,19701,6567
3337,19702,6568
3383,19703,6568
676,19704,6568
3285,19705,6569
3370,19706,6569
741,19707,6569
3338,19708,6570
3368,19709,6570
3286,19710,6570
743,19711,6571
3387,19712,6571
742,19713,6571
3342,19714,6572
3393,19715,6572
3282,19716,6572
732,19717,6573
3371,19718,6573
666,19719,6573
3316,19720,6574
3380,19721,6574
3363,19722,6574
3286,19723,6575
3368,19724,6575
3333,19725,6575
3326,19726,6576
3381,19727,6576
3297,19728,6576
3342,19729,6577
3378,19730,6577
3294,19731,6577
742,19732,6578
3387,19733,6578
3358,19734,6578
3341,19735,6579
3391,19736,6579
3298,19737,6579
3351,19738,6580
3376,19739,6580
3290,19740,6580
3296,19741,6581
3390,19742,6581
3295,19743,6581
3294,19744,6582
3378,19745,6582
3357,19746,6582
3313,19747,6583
3374,19748,6583
3311,19749,6583
735,19750,6584
3375,19751,6584
736,19752,6584
3341,19753,6585
3389,19754,6585
3309,19755,6585
3315,19756,6586
3394,19757,6586
3373,19758,6586
3343,19759,6587
3384,19760,6587
3321,19761,6587
3363,19762,6588
3380,19763,6588
3315,19764,6588
3318,19765,6589
3393,19766,6589
3342,19767,6589
3366,19768,6590
3370,19769,6590
3331,19770,6590
735,19771,6591
3379,19772,6591
734,19773,6591
3363,19774,6592
3373,19775,6592
3313,19776,6592
3319,19777,6593
3377,19778,6593
3320,19779,6593
734,19780,6594
3379,19781,6594
3364,19782,6594
3315,19783,6595
3380,19784,6595
3275,19785,6595
3321,19786,6596
3384,19787,6596
3350,19788,6596
3281,19789,6597
3395,19790,6597
685,19791,6597
3288,19792,6598
3382,19793,6598
501,19794,6598
3345,19795,6599
3396,19796,6599
3295,19797,6599
3354,19798,6600
3392,19799,6600
3365,19800,6600
3319,19801,6601
3386,19802,6601
3377,19803,6601
723,19804,6602
3383,19805,6602
3327,19806,6602
3323,19807,6603
3386,19808,6603
3319,19809,6603
3299,19810,6604
3391,19811,6604
3302,19812,6604
3309,19813,6605
3389,19814,6605
3359,19815,6605
3332,19816,6606
3392,19817,6606
3354,19818,6606
683,19819,6607
3396,19820,6607
3324,19821,6607
3277,19822,6608
3394,19823,6608
725,19824,6608
3362,19825,6609
3381,19826,6609
3289,19827,6609
3295,19828,6610
3396,19829,6610
683,19830,6610
741,19831,6611
3388,19832,6611
3362,19833,6611
3295,19834,6612
3390,19835,6612
3369,19836,6612
3282,19837,6613
3393,19838,6613
3351,19839,6613
3317,19840,6614
3388,19841,6614
3358,19842,6614
3324,19843,6615
3396,19844,6615
3345,19845,6615
3365,19846,6616
3395,19847,6616
3281,19848,6616
3362,19849,6617
3388,19850,6617
3317,19851,6617
3351,19852,6618
3393,19853,6618
3376,19854,6618
3376,19855,6619
3393,19856,6619
3318,19857,6619
3365,19858,6620
3392,19859,6620
3296,19860,6620
3296,19861,6621
3395,19862,6621
3365,19863,6621
3342,19864,6622
3385,19865,6622
3378,19866,6622
3378,19867,6623
3385,19868,6623
3326,19869,6623
3373,19870,6624
3394,19871,6624
3277,19872,6624
3390,19873,6625
3392,19874,6625
3332,19875,6625
3296,19876,6626
3392,19877,6626
3390,19878,6626
744,19879,6627
18,19880,6627
677,19881,6627
23,19882,6628
732,19883,6628
666,19884,6628
743,19885,6629
677,19886,6629
678,19887,6629
743,19888,6630
744,19889,6630
677,19890,6630
3398,19891,6631
3509,19892,6631
3447,19893,6631
3447,19894,6632
3473,19895,6632
3398,19896,6632
3410,19897,6633
3466,19898,6633
3459,19899,6633
3453,19900,6634
3492,19901,6634
3479,19902,6634
3466,19903,6635
3480,19904,6635
3459,19905,6635
3450,19906,6636
3493,19907,6636
3451,19908,6636
576,19909,6637
3448,19910,6637
3410,19911,6637
3415,19912,6638
3416,19913,6638
3409,19914,6638
3449,19915,6639
3519,19916,6639
3406,19917,6639
3460,19918,6640
3493,19919,6640
3450,19920,6640
3408,19921,6641
3465,19922,6641
3461,19923,6641
3479,19924,6642
3492,19925,6642
3468,19926,6642
3469,19927,6643
3509,19928,6643
3398,19929,6643
3452,19930,6644
3454,19931,6644
3453,19932,6644
3432,19933,6645
3448,19934,6645
3422,19935,6645
3454,19936,6646
3492,19937,6646
3453,19938,6646
3398,19939,6647
3473,19940,6647
3467,19941,6647
3448,19942,6648
3466,19943,6648
3410,19944,6648
748,19945,6649
3418,19946,6649
747,19947,6649
3406,19948,6650
3519,19949,6650
750,19950,6650
3455,19951,6651
3483,19952,6651
3418,19953,6651
3443,19954,6652
3458,19955,6652
3446,19956,6652
774,19957,6653
3415,19958,6653
3409,19959,6653
3418,19960,6654
3482,19961,6654
3455,19962,6654
3443,19963,6655
3446,19964,6655
3409,19965,6655
3413,19966,6656
3452,19967,6656
571,19968,6656
3418,19969,6657
3508,19970,6657
747,19971,6657
3461,19972,6658
3465,19973,6658
3442,19974,6658
753,19975,6659
3439,19976,6659
752,19977,6659
3413,19978,6660
3454,19979,6660
3452,19980,6660
3462,19981,6661
3499,19982,6661
3401,19983,6661
3401,19984,6662
3497,19985,6662
3462,19986,6662
3406,19987,6663
3495,19988,6663
3449,19989,6663
773,19990,6664
3503,19991,6664
3491,19992,6664
753,19993,6665
3477,19994,6665
3439,19995,6665
3451,19996,6666
3493,19997,6666
3436,19998,6666
3420,19999,6667
3421,20000,6667
3400,20001,6667
3432,20002,6668
3466,20003,6668
3448,20004,6668
757,20005,6669
3486,20006,6669
3475,20007,6669
3451,20008,6670
3494,20009,6670
3399,20010,6670
3436,20011,6671
3496,20012,6671
3451,20013,6671
773,20014,6672
3491,20015,6672
3415,20016,6672
3451,20017,6673
3496,20018,6673
3494,20019,6673
3479,20020,6674
3512,20021,6674
3453,20022,6674
3467,20023,6675
3473,20024,6675
3468,20025,6675
752,20026,6676
3439,20027,6676
3419,20028,6676
3422,20029,6677
3448,20030,6677
3400,20031,6677
3475,20032,6678
3486,20033,6678
3413,20034,6678
3446,20035,6679
3515,20036,6679
776,20037,6679
767,20038,6680
3510,20039,6680
754,20040,6680
3407,20041,6681
3492,20042,6681
3489,20043,6681
574,20044,6682
3420,20045,6682
3400,20046,6682
757,20047,6683
3490,20048,6683
3485,20049,6683
3402,20050,6684
3464,20051,6684
3420,20052,6684
3402,20053,6685
3420,20054,6685
573,20055,6685
3397,20056,6686
3465,20057,6686
582,20058,6686
3456,20059,6687
3476,20060,6687
579,20061,6687
3453,20062,6688
3464,20063,6688
3402,20064,6688
778,20065,6689
3490,20066,6689
779,20067,6689
3414,20068,6690
3488,20069,6690
3462,20070,6690
575,20071,6691
3448,20072,6691
576,20073,6691
775,20074,6692
3446,20075,6692
776,20076,6692
752,20077,6693
3419,20078,6693
751,20079,6693
3487,20080,6694
3488,20081,6694
3414,20082,6694
3485,20083,6695
3490,20084,6695
778,20085,6695
771,20086,6696
3455,20087,6696
772,20088,6696
776,20089,6697
3515,20090,6697
3457,20091,6697
756,20092,6698
3490,20093,6698
757,20094,6698
571,20095,6699
3452,20096,6699
572,20097,6699
581,20098,6700
3465,20099,6700
3408,20100,6700
3450,20101,6701
3451,20102,6701
3399,20103,6701
3453,20104,6702
3512,20105,6702
3464,20106,6702
3456,20107,6703
3487,20108,6703
3476,20109,6703
3416,20110,6704
3443,20111,6704
3409,20112,6704
3456,20113,6705
3488,20114,6705
3487,20115,6705
3415,20116,6706
3449,20117,6706
3416,20118,6706
3462,20119,6707
3488,20120,6707
3461,20121,6707
3397,20122,6708
3507,20123,6708
3465,20124,6708
3489,20125,6709
3492,20126,6709
3454,20127,6709
583,20128,6710
3518,20129,6710
3437,20130,6710
584,20131,6711
3518,20132,6711
583,20133,6711
585,20134,6712
3450,20135,6712
3399,20136,6712
580,20137,6713
3456,20138,6713
579,20139,6713
768,20140,6714
21,20141,6714
578,20142,6714
19,20143,6715
756,20144,6715
569,20145,6715
3421,20146,6716
3422,20147,6716
3400,20148,6716
758,20149,6717
3486,20150,6717
757,20151,6717
769,20152,6718
3459,20153,6718
770,20154,6718
746,20155,6719
3460,20156,6719
745,20157,6719
3455,20158,6720
3482,20159,6720
772,20160,6720
3499,20161,6721
3509,20162,6721
3401,20163,6721
749,20164,6722
3491,20165,6722
3417,20166,6722
3468,20167,6723
3492,20168,6723
3407,20169,6723
3401,20170,6724
3509,20171,6724
3469,20172,6724
3416,20173,6725
3444,20174,6725
3443,20175,6725
3438,20176,6726
3463,20177,6726
3426,20178,6726
3444,20179,6727
3504,20180,6727
3443,20181,6727
3457,20182,6728
3485,20183,6728
777,20184,6728
770,20185,6729
3459,20186,6729
3403,20187,6729
3471,20188,6730
3507,20189,6730
3501,20190,6730
757,20191,6731
3485,20192,6731
758,20193,6731
3421,20194,6732
3423,20195,6732
3422,20196,6732
3403,20197,6733
3455,20198,6733
771,20199,6733
3405,20200,6734
3460,20201,6734
746,20202,6734
774,20203,6735
3409,20204,6735
775,20205,6735
770,20206,6736
3403,20207,6736
771,20208,6736
751,20209,6737
3406,20210,6737
750,20211,6737
776,20212,6738
3457,20213,6738
777,20214,6738
3409,20215,6739
3446,20216,6739
775,20217,6739
570,20218,6740
3475,20219,6740
3413,20220,6740
747,20221,6741
3405,20222,6741
746,20223,6741
751,20224,6742
3419,20225,6742
3406,20226,6742
3442,20227,6743
3471,20228,6743
3430,20229,6743
766,20230,6744
3414,20231,6744
765,20232,6744
3423,20233,6745
3425,20234,6745
3422,20235,6745
760,20236,6746
3407,20237,6746
759,20238,6746
762,20239,6747
3398,20240,6747
761,20241,6747
764,20242,6748
3401,20243,6748
763,20244,6748
773,20245,6749
3415,20246,6749
774,20247,6749
3421,20248,6750
3424,20249,6750
3423,20250,6750
3441,20251,6751
3442,20252,6751
3430,20253,6751
3428,20254,6752
3438,20255,6752
3426,20256,6752
3425,20257,6753
3435,20258,6753
3433,20259,6753
585,20260,6754
3399,20261,6754
584,20262,6754
574,20263,6755
3400,20264,6755
575,20265,6755
749,20266,6756
3417,20267,6756
748,20268,6756
583,20269,6757
3397,20270,6757
582,20271,6757
3424,20272,6758
3426,20273,6758
3423,20274,6758
583,20275,6759
3437,20276,6759
3397,20277,6759
572,20278,6760
3402,20279,6760
573,20280,6760
573,20281,6761
3420,20282,6761
574,20283,6761
3427,20284,6762
3428,20285,6762
3426,20286,6762
581,20287,6763
3408,20288,6763
580,20289,6763
3398,20290,6764
3467,20291,6764
761,20292,6764
3429,20293,6765
3430,20294,6765
3428,20295,6765
3417,20296,6766
3418,20297,6766
748,20298,6766
762,20299,6767
3469,20300,6767
3398,20301,6767
3440,20302,6768
3441,20303,6768
3430,20304,6768
3424,20305,6769
3427,20306,6769
3426,20307,6769
3424,20308,6770
3431,20309,6770
3427,20310,6770
570,20311,6771
3413,20312,6771
571,20313,6771
3427,20314,6772
3429,20315,6772
3428,20316,6772
3425,20317,6773
3463,20318,6773
3435,20319,6773
3430,20320,6774
3471,20321,6774
3428,20322,6774
3429,20323,6775
3447,20324,6775
3440,20325,6775
3429,20326,6776
3440,20327,6776
3430,20328,6776
761,20329,6777
3404,20330,6777
762,20331,6777
572,20332,6778
3452,20333,6778
3402,20334,6778
3429,20335,6779
3472,20336,6779
3447,20337,6779
3452,20338,6780
3453,20339,6780
3402,20340,6780
3408,20341,6781
3456,20342,6781
580,20343,6781
3400,20344,6782
3448,20345,6782
575,20346,6782
763,20347,6783
3411,20348,6783
764,20349,6783
582,20350,6784
3465,20351,6784
581,20352,6784
3425,20353,6785
3432,20354,6785
3422,20355,6785
3434,20356,6786
3466,20357,6786
3432,20358,6786
576,20359,6787
3410,20360,6787
577,20361,6787
761,20362,6788
3467,20363,6788
760,20364,6788
763,20365,6789
3469,20366,6789
762,20367,6789
3441,20368,6790
3461,20369,6790
3442,20370,6790
3425,20371,6791
3433,20372,6791
3432,20373,6791
759,20374,6792
3412,20375,6792
760,20376,6792
3467,20377,6793
3468,20378,6793
3407,20379,6793
3441,20380,6794
3462,20381,6794
3461,20382,6794
3404,20383,6795
3470,20384,6795
762,20385,6795
760,20386,6796
3467,20387,6796
3407,20388,6796
3401,20389,6797
3469,20390,6797
763,20391,6797
762,20392,6798
3470,20393,6798
763,20394,6798
3428,20395,6799
3471,20396,6799
3438,20397,6799
3433,20398,6800
3434,20399,6800
3432,20400,6800
586,20401,6801
3450,20402,6801
585,20403,6801
3433,20404,6802
3436,20405,6802
3434,20406,6802
3474,20407,6803
3513,20408,6803
3444,20409,6803
3426,20410,6804
3463,20411,6804
3423,20412,6804
3436,20413,6805
3445,20414,6805
3434,20415,6805
3444,20416,6806
3495,20417,6806
3474,20418,6806
3434,20419,6807
3480,20420,6807
3466,20421,6807
3504,20422,6808
3517,20423,6808
3443,20424,6808
3444,20425,6809
3513,20426,6809
3504,20427,6809
3438,20428,6810
3484,20429,6810
3463,20430,6810
3439,20431,6811
3502,20432,6811
3419,20433,6811
3427,20434,6812
3472,20435,6812
3429,20436,6812
749,20437,6813
3519,20438,6813
3491,20439,6813
3501,20440,6814
3507,20441,6814
3397,20442,6814
763,20443,6815
3470,20444,6815
3411,20445,6815
754,20446,6816
3510,20447,6816
753,20448,6816
3431,20449,6817
3472,20450,6817
3427,20451,6817
3423,20452,6818
3463,20453,6818
3425,20454,6818
768,20455,6819
3476,20456,6819
767,20457,6819
757,20458,6820
3475,20459,6820
756,20460,6820
3412,20461,6821
3500,20462,6821
3457,20463,6821
3472,20464,6822
3473,20465,6822
3447,20466,6822
3473,20467,6823
3479,20468,6823
3468,20469,6823
569,20470,6824
3475,20471,6824
570,20472,6824
579,20473,6825
3476,20474,6825
578,20475,6825
3462,20476,6826
3497,20477,6826
3414,20478,6826
764,20479,6827
3481,20480,6827
765,20481,6827
753,20482,6828
3510,20483,6828
3477,20484,6828
766,20485,6829
3487,20486,6829
3414,20487,6829
759,20488,6830
3489,20489,6830
758,20490,6830
3413,20491,6831
3486,20492,6831
3454,20493,6831
578,20494,6832
3476,20495,6832
768,20496,6832
756,20497,6833
3475,20498,6833
569,20499,6833
3419,20500,6834
3474,20501,6834
3406,20502,6834
3472,20503,6835
3479,20504,6835
3473,20505,6835
3436,20506,6836
3493,20507,6836
3478,20508,6836
3458,20509,6837
3498,20510,6837
3412,20511,6837
3459,20512,6838
3480,20513,6838
3403,20514,6838
3405,20515,6839
3493,20516,6839
3460,20517,6839
577,20518,6840
3505,20519,6840
20,20520,6840
3431,20521,6841
3516,20522,6841
3464,20523,6841
3431,20524,6842
3479,20525,6842
3472,20526,6842
22,20527,6843
3506,20528,6843
586,20529,6843
20,20530,6844
3505,20531,6844
769,20532,6844
3474,20533,6845
3495,20534,6845
3406,20535,6845
3424,20536,6846
3516,20537,6846
3431,20538,6846
745,20539,6847
3506,20540,6847
22,20541,6847
3498,20542,6848
3517,20543,6848
3404,20544,6848
3478,20545,6849
3483,20546,6849
3445,20547,6849
3437,20548,6850
3494,20549,6850
3484,20550,6850
3433,20551,6851
3496,20552,6851
3436,20553,6851
3445,20554,6852
3480,20555,6852
3434,20556,6852
3411,20557,6853
3481,20558,6853
764,20559,6853
3417,20560,6854
3482,20561,6854
3418,20562,6854
3436,20563,6855
3478,20564,6855
3445,20565,6855
3414,20566,6856
3497,20567,6856
765,20568,6856
764,20569,6857
3497,20570,6857
3401,20571,6857
765,20572,6858
3511,20573,6858
766,20574,6858
3412,20575,6859
3515,20576,6859
3458,20577,6859
3476,20578,6860
3487,20579,6860
767,20580,6860
777,20581,6861
3485,20582,6861
778,20583,6861
772,20584,6862
3503,20585,6862
773,20586,6862
761,20587,6863
3498,20588,6863
3404,20589,6863
3457,20590,6864
3500,20591,6864
3485,20592,6864
3459,20593,6865
3505,20594,6865
3410,20595,6865
3471,20596,6866
3501,20597,6866
3438,20598,6866
3481,20599,6867
3502,20600,6867
3439,20601,6867
3412,20602,6868
3498,20603,6868
760,20604,6868
3463,20605,6869
3484,20606,6869
3435,20607,6869
767,20608,6870
3487,20609,6870
766,20610,6870
3441,20611,6871
3499,20612,6871
3462,20613,6871
766,20614,6872
3511,20615,6872
3477,20616,6872
3415,20617,6873
3491,20618,6873
3449,20619,6873
3445,20620,6874
3514,20621,6874
3480,20622,6874
759,20623,6875
3500,20624,6875
3412,20625,6875
3478,20626,6876
3493,20627,6876
3405,20628,6876
747,20629,6877
3508,20630,6877
3405,20631,6877
3480,20632,6878
3514,20633,6878
3403,20634,6878
3494,20635,6879
3496,20636,6879
3435,20637,6879
769,20638,6880
3505,20639,6880
3459,20640,6880
3420,20641,6881
3516,20642,6881
3421,20643,6881
3450,20644,6882
3506,20645,6882
3460,20646,6882
758,20647,6883
3489,20648,6883
3486,20649,6883
3460,20650,6884
3506,20651,6884
745,20652,6884
3407,20653,6885
3489,20654,6885
759,20655,6885
3461,20656,6886
3488,20657,6886
3408,20658,6886
3458,20659,6887
3515,20660,6887
3446,20661,6887
3457,20662,6888
3515,20663,6888
3412,20664,6888
766,20665,6889
3510,20666,6889
767,20667,6889
3449,20668,6890
3495,20669,6890
3416,20670,6890
779,20671,6891
3490,20672,6891
756,20673,6891
3438,20674,6892
3501,20675,6892
3484,20676,6892
3408,20677,6893
3488,20678,6893
3456,20679,6893
3458,20680,6894
3517,20681,6894
3498,20682,6894
3416,20683,6895
3495,20684,6895
3444,20685,6895
3477,20686,6896
3510,20687,6896
766,20688,6896
3482,20689,6897
3503,20690,6897
772,20691,6897
3464,20692,6898
3516,20693,6898
3420,20694,6898
3405,20695,6899
3508,20696,6899
3478,20697,6899
3478,20698,6900
3508,20699,6900
3483,20700,6900
3435,20701,6901
3496,20702,6901
3433,20703,6901
765,20704,6902
3497,20705,6902
764,20706,6902
3464,20707,6903
3512,20708,6903
3431,20709,6903
3437,20710,6904
3518,20711,6904
3494,20712,6904
760,20713,6905
3498,20714,6905
761,20715,6905
3465,20716,6906
3507,20717,6906
3442,20718,6906
3484,20719,6907
3501,20720,6907
3437,20721,6907
3419,20722,6908
3502,20723,6908
3474,20724,6908
3486,20725,6909
3489,20726,6909
3454,20727,6909
758,20728,6910
3500,20729,6910
759,20730,6910
3484,20731,6911
3494,20732,6911
3435,20733,6911
3440,20734,6912
3499,20735,6912
3441,20736,6912
3483,20737,6913
3514,20738,6913
3445,20739,6913
3485,20740,6914
3500,20741,6914
758,20742,6914
3502,20743,6915
3513,20744,6915
3474,20745,6915
3437,20746,6916
3501,20747,6916
3397,20748,6916
3404,20749,6917
3504,20750,6917
3470,20751,6917
3443,20752,6918
3517,20753,6918
3458,20754,6918
3442,20755,6919
3507,20756,6919
3471,20757,6919
3410,20758,6920
3505,20759,6920
577,20760,6920
3440,20761,6921
3509,20762,6921
3499,20763,6921
586,20764,6922
3506,20765,6922
3450,20766,6922
3491,20767,6923
3519,20768,6923
3449,20769,6923
3403,20770,6924
3514,20771,6924
3455,20772,6924
3447,20773,6925
3509,20774,6925
3440,20775,6925
3421,20776,6926
3516,20777,6926
3424,20778,6926
3431,20779,6927
3512,20780,6927
3479,20781,6927
3399,20782,6928
3518,20783,6928
584,20784,6928
750,20785,6929
3519,20786,6929
749,20787,6929
3411,20788,6930
3502,20789,6930
3481,20790,6930
3411,20791,6931
3513,20792,6931
3502,20793,6931
3481,20794,6932
3511,20795,6932
765,20796,6932
3417,20797,6933
3503,20798,6933
3482,20799,6933
3455,20800,6934
3514,20801,6934
3483,20802,6934
3483,20803,6935
3508,20804,6935
3418,20805,6935
3470,20806,6936
3513,20807,6936
3411,20808,6936
3504,20809,6937
3513,20810,6937
3470,20811,6937
3477,20812,6938
3511,20813,6938
3439,20814,6938
3491,20815,6939
3503,20816,6939
3417,20817,6939
3439,20818,6940
3511,20819,6940
3481,20820,6940
3404,20821,6941
3517,20822,6941
3504,20823,6941
3494,20824,6942
3518,20825,6942
3399,20826,6942
19,20827,6943
779,20828,6943
756,20829,6943
768,20830,6944
755,20831,6944
21,20832,6944
767,20833,6945
754,20834,6945
755,20835,6945
767,20836,6946
755,20837,6946
768,20838,6946
3521,20839,6947
3630,20840,6947
3568,20841,6947
3568,20842,6948
3598,20843,6948
3521,20844,6948
3538,20845,6949
3602,20846,6949
3569,20847,6949
3559,20848,6950
3606,20849,6950
3599,20850,6950
3533,20851,6951
3589,20852,6951
3581,20853,6951
3575,20854,6952
3617,20855,6952
3605,20856,6952
3579,20857,6953
3580,20858,6953
3535,20859,6953
3572,20860,6954
3582,20861,6954
3573,20862,6954
3589,20863,6955
3604,20864,6955
3581,20865,6955
631,20866,6956
3570,20867,6956
3533,20868,6956
3559,20869,6957
3599,20870,6957
3567,20871,6957
3531,20872,6958
3588,20873,6958
3583,20874,6958
3605,20875,6959
3617,20876,6959
3592,20877,6959
3593,20878,6960
3630,20879,6960
3521,20880,6960
3574,20881,6961
3576,20882,6961
3575,20883,6961
3582,20884,6962
3606,20885,6962
3573,20886,6962
3569,20887,6963
3590,20888,6963
3538,20889,6963
3555,20890,6964
3570,20891,6964
3545,20892,6964
3576,20893,6965
3617,20894,6965
3575,20895,6965
3521,20896,6966
3598,20897,6966
3591,20898,6966
3570,20899,6967
3589,20900,6967
3533,20901,6967
3535,20902,6968
3621,20903,6968
3579,20904,6968
3538,20905,6969
3590,20906,6969
786,20907,6969
750,20908,6970
3569,20909,6970
3529,20910,6970
785,20911,6971
3538,20912,6971
786,20913,6971
3536,20914,6972
3574,20915,6972
626,20916,6972
3583,20917,6973
3588,20918,6973
3566,20919,6973
752,20920,6974
3562,20921,6974
753,20922,6974
3536,20923,6975
3576,20924,6975
3574,20925,6975
3532,20926,6976
3579,20927,6976
3563,20928,6976
3584,20929,6977
3622,20930,6977
3524,20931,6977
3524,20932,6978
3620,20933,6978
3584,20934,6978
3569,20935,6979
3602,20936,6979
3529,20937,6979
3526,20938,6980
3604,20939,6980
3567,20940,6980
3567,20941,6981
3610,20942,6981
3526,20943,6981
3571,20944,6982
3631,20945,6982
3534,20946,6982
3562,20947,6983
3603,20948,6983
753,20949,6983
3543,20950,6984
3544,20951,6984
3523,20952,6984
3573,20953,6985
3606,20954,6985
3559,20955,6985
3555,20956,6986
3589,20957,6986
3570,20958,6986
792,20959,6987
3611,20960,6987
3600,20961,6987
3573,20962,6988
3618,20963,6988
3522,20964,6988
3559,20965,6989
3619,20966,6989
3573,20967,6989
3539,20968,6990
3602,20969,6990
3538,20970,6990
3573,20971,6991
3619,20972,6991
3618,20973,6991
3605,20974,6992
3634,20975,6992
3575,20976,6992
3527,20977,6993
3594,20978,6993
3587,20979,6993
3591,20980,6994
3598,20981,6994
3592,20982,6994
3542,20983,6995
3562,20984,6995
752,20985,6995
3534,20986,6996
3626,20987,6996
3571,20988,6996
3545,20989,6997
3570,20990,6997
3523,20991,6997
3600,20992,6998
3611,20993,6998
3536,20994,6998
754,20995,6999
3632,20996,6999
792,20997,6999
629,20998,7000
3543,20999,7000
3523,21000,7000
3530,21001,7001
3617,21002,7001
3615,21003,7001
3609,21004,7002
3616,21005,7002
802,21006,7002
3594,21007,7003
3631,21008,7003
3587,21009,7003
3525,21010,7004
3586,21011,7004
3543,21012,7004
3525,21013,7005
3543,21014,7005
628,21015,7005
3520,21016,7006
3588,21017,7006
661,21018,7006
3578,21019,7007
3601,21020,7007
664,21021,7007
784,21022,7008
3579,21023,7008
3532,21024,7008
3575,21025,7009
3586,21026,7009
3525,21027,7009
780,21028,7010
3616,21029,7010
781,21030,7010
3537,21031,7011
3613,21032,7011
3584,21033,7011
630,21034,7012
3570,21035,7012
631,21036,7012
751,21037,7013
3542,21038,7013
752,21039,7013
3612,21040,7014
3613,21041,7014
3537,21042,7014
781,21043,7015
3616,21044,7015
3609,21045,7015
3599,21046,7016
3606,21047,7016
3528,21048,7016
788,21049,7017
3577,21050,7017
3528,21051,7017
802,21052,7018
3616,21053,7018
803,21054,7018
626,21055,7019
3574,21056,7019
627,21057,7019
662,21058,7020
3588,21059,7020
3531,21060,7020
3577,21061,7021
3599,21062,7021
3528,21063,7021
3572,21064,7022
3573,21065,7022
3522,21066,7022
3578,21067,7023
3612,21068,7023
3601,21069,7023
3575,21070,7024
3634,21071,7024
3586,21072,7024
3529,21073,7025
3623,21074,7025
3571,21075,7025
783,21076,7026
3580,21077,7026
3579,21078,7026
3578,21079,7027
3613,21080,7027
3612,21081,7027
3584,21082,7028
3613,21083,7028
3583,21084,7028
3520,21085,7029
3629,21086,7029
3588,21087,7029
3615,21088,7030
3617,21089,7030
3576,21090,7030
3602,21091,7031
3623,21092,7031
3529,21093,7031
660,21094,7032
3639,21095,7032
3560,21096,7032
659,21097,7033
3639,21098,7033
660,21099,7033
658,21100,7034
3572,21101,7034
3522,21102,7034
663,21103,7035
3578,21104,7035
664,21105,7035
803,21106,7036
23,21107,7036
665,21108,7036
21,21109,7037
791,21110,7037
624,21111,7037
3544,21112,7038
3545,21113,7038
3523,21114,7038
3534,21115,7039
3631,21116,7039
3594,21117,7039
3579,21118,7040
3621,21119,7040
3563,21120,7040
793,21121,7041
3611,21122,7041
792,21123,7041
745,21124,7042
3581,21125,7042
746,21126,7042
789,21127,7043
3582,21128,7043
790,21129,7043
3622,21130,7044
3630,21131,7044
3524,21132,7044
3524,21133,7045
3630,21134,7045
3593,21135,7045
3592,21136,7046
3617,21137,7046
3530,21138,7046
3561,21139,7047
3585,21140,7047
3549,21141,7047
782,21142,7048
3609,21143,7048
3580,21144,7048
746,21145,7049
3581,21146,7049
3526,21147,7049
3595,21148,7050
3629,21149,7050
3625,21150,7050
801,21151,7051
3609,21152,7051
802,21153,7051
3544,21154,7052
3546,21155,7052
3545,21156,7052
3529,21157,7053
3571,21158,7053
3542,21159,7053
3528,21160,7054
3582,21161,7054
789,21162,7054
784,21163,7055
3532,21164,7055
785,21165,7055
746,21166,7056
3526,21167,7056
747,21168,7056
3532,21169,7057
3538,21170,7057
785,21171,7057
750,21172,7058
3529,21173,7058
751,21174,7058
783,21175,7059
3579,21176,7059
784,21177,7059
782,21178,7060
3580,21179,7060
783,21180,7060
787,21181,7061
3577,21182,7061
788,21183,7061
625,21184,7062
3600,21185,7062
3536,21186,7062
3563,21187,7063
3587,21188,7063
3539,21189,7063
788,21190,7064
3528,21191,7064
789,21192,7064
3532,21193,7065
3563,21194,7065
3539,21195,7065
3529,21196,7066
3542,21197,7066
751,21198,7066
3532,21199,7067
3539,21200,7067
3538,21201,7067
3566,21202,7068
3595,21203,7068
3553,21204,7068
801,21205,7069
3537,21206,7069
800,21207,7069
3546,21208,7070
3548,21209,7070
3545,21210,7070
795,21211,7071
3530,21212,7071
794,21213,7071
797,21214,7072
3521,21215,7072
796,21216,7072
799,21217,7073
3524,21218,7073
798,21219,7073
3544,21220,7074
3547,21221,7074
3546,21222,7074
749,21223,7075
3569,21224,7075
750,21225,7075
3565,21226,7076
3566,21227,7076
3553,21228,7076
3591,21229,7077
3592,21230,7077
3530,21231,7077
3551,21232,7078
3561,21233,7078
3549,21234,7078
3548,21235,7079
3558,21236,7079
3556,21237,7079
658,21238,7080
3522,21239,7080
659,21240,7080
629,21241,7081
3523,21242,7081
630,21243,7081
748,21244,7082
3540,21245,7082
749,21246,7082
660,21247,7083
3520,21248,7083
661,21249,7083
3547,21250,7084
3549,21251,7084
3546,21252,7084
660,21253,7085
3560,21254,7085
3520,21255,7085
627,21256,7086
3525,21257,7086
628,21258,7086
748,21259,7087
3541,21260,7087
3540,21261,7087
628,21262,7088
3543,21263,7088
629,21264,7088
3550,21265,7089
3551,21266,7089
3549,21267,7089
662,21268,7090
3531,21269,7090
663,21270,7090
795,21271,7091
3591,21272,7091
3530,21273,7091
3552,21274,7092
3553,21275,7092
3551,21276,7092
3524,21277,7093
3593,21278,7093
798,21279,7093
3564,21280,7094
3565,21281,7094
3553,21282,7094
3547,21283,7095
3550,21284,7095
3549,21285,7095
3547,21286,7096
3554,21287,7096
3550,21288,7096
625,21289,7097
3536,21290,7097
626,21291,7097
3550,21292,7098
3552,21293,7098
3551,21294,7098
3548,21295,7099
3585,21296,7099
3558,21297,7099
3553,21298,7100
3595,21299,7100
3551,21300,7100
3552,21301,7101
3568,21302,7101
3564,21303,7101
3552,21304,7102
3564,21305,7102
3553,21306,7102
797,21307,7103
3527,21308,7103
798,21309,7103
627,21310,7104
3574,21311,7104
3525,21312,7104
3552,21313,7105
3597,21314,7105
3568,21315,7105
3574,21316,7106
3575,21317,7106
3525,21318,7106
3531,21319,7107
3578,21320,7107
663,21321,7107
3523,21322,7108
3570,21323,7108
630,21324,7108
795,21325,7109
3534,21326,7109
796,21327,7109
661,21328,7110
3588,21329,7110
662,21330,7110
796,21331,7111
3594,21332,7111
797,21333,7111
3548,21334,7112
3555,21335,7112
3545,21336,7112
3557,21337,7113
3589,21338,7113
3555,21339,7113
631,21340,7114
3533,21341,7114
632,21342,7114
798,21343,7115
3596,21344,7115
799,21345,7115
796,21346,7116
3591,21347,7116
795,21348,7116
798,21349,7117
3593,21350,7117
797,21351,7117
3565,21352,7118
3583,21353,7118
3566,21354,7118
3548,21355,7119
3556,21356,7119
3555,21357,7119
799,21358,7120
3535,21359,7120
800,21360,7120
3565,21361,7121
3584,21362,7121
3583,21363,7121
3521,21364,7122
3591,21365,7122
796,21366,7122
797,21367,7123
3593,21368,7123
3521,21369,7123
3551,21370,7124
3595,21371,7124
3561,21372,7124
3556,21373,7125
3557,21374,7125
3555,21375,7125
657,21376,7126
3572,21377,7126
658,21378,7126
3556,21379,7127
3559,21380,7127
3557,21381,7127
797,21382,7128
3594,21383,7128
3527,21384,7128
3534,21385,7129
3594,21386,7129
796,21387,7129
3559,21388,7130
3567,21389,7130
3557,21390,7130
3549,21391,7131
3585,21392,7131
3546,21393,7131
3527,21394,7132
3596,21395,7132
798,21396,7132
3557,21397,7133
3604,21398,7133
3589,21399,7133
3561,21400,7134
3608,21401,7134
3585,21402,7134
799,21403,7135
3596,21404,7135
3535,21405,7135
3542,21406,7136
3626,21407,7136
3562,21408,7136
3550,21409,7137
3597,21410,7137
3552,21411,7137
3625,21412,7138
3629,21413,7138
3520,21414,7138
787,21415,7139
3635,21416,7139
3577,21417,7139
753,21418,7140
3632,21419,7140
754,21420,7140
3554,21421,7141
3597,21422,7141
3550,21423,7141
3546,21424,7142
3585,21425,7142
3548,21426,7142
803,21427,7143
3601,21428,7143
802,21429,7143
792,21430,7144
3600,21431,7144
791,21432,7144
3580,21433,7145
3624,21434,7145
3535,21435,7145
3528,21436,7146
3606,21437,7146
3582,21438,7146
624,21439,7147
3600,21440,7147
625,21441,7147
664,21442,7148
3601,21443,7148
665,21444,7148
3598,21445,7149
3605,21446,7149
3592,21447,7149
3597,21448,7150
3598,21449,7150
3568,21450,7150
3584,21451,7151
3620,21452,7151
3537,21453,7151
794,21454,7152
3607,21455,7152
795,21456,7152
3603,21457,7153
3632,21458,7153
753,21459,7153
801,21460,7154
3612,21461,7154
3537,21462,7154
3590,21463,7155
3614,21464,7155
786,21465,7155
3599,21466,7156
3610,21467,7156
3567,21468,7156
794,21469,7157
3615,21470,7157
793,21471,7157
3536,21472,7158
3611,21473,7158
3576,21474,7158
665,21475,7159
3601,21476,7159
803,21477,7159
791,21478,7160
3600,21479,7160
624,21480,7160
3597,21481,7161
3605,21482,7161
3598,21483,7161
3581,21484,7162
3604,21485,7162
3526,21486,7162
632,21487,7163
3627,21488,7163
22,21489,7163
3554,21490,7164
3636,21491,7164
3586,21492,7164
24,21493,7165
3628,21494,7165
657,21495,7165
22,21496,7166
3627,21497,7166
745,21498,7166
3554,21499,7167
3605,21500,7167
3597,21501,7167
3547,21502,7168
3636,21503,7168
3554,21504,7168
790,21505,7169
3628,21506,7169
24,21507,7169
3560,21508,7170
3618,21509,7170
3608,21510,7170
3567,21511,7171
3604,21512,7171
3557,21513,7171
3556,21514,7172
3619,21515,7172
3559,21516,7172
748,21517,7173
3640,21518,7173
3541,21519,7173
3614,21520,7174
3635,21521,7174
787,21522,7174
795,21523,7175
3607,21524,7175
3534,21525,7175
793,21526,7176
3633,21527,7176
794,21528,7176
3537,21529,7177
3620,21530,7177
800,21531,7177
799,21532,7178
3620,21533,7178
3524,21534,7178
747,21535,7179
3640,21536,7179
748,21537,7179
3601,21538,7180
3612,21539,7180
802,21540,7180
781,21541,7181
3609,21542,7181
782,21543,7181
3609,21544,7182
3624,21545,7182
3580,21546,7182
3581,21547,7183
3627,21548,7183
3533,21549,7183
3595,21550,7184
3625,21551,7184
3561,21552,7184
3562,21553,7185
3626,21554,7185
3607,21555,7185
3603,21556,7186
3633,21557,7186
793,21558,7186
3585,21559,7187
3608,21560,7187
3558,21561,7187
802,21562,7188
3612,21563,7188
801,21564,7188
3565,21565,7189
3622,21566,7189
3584,21567,7189
3535,21568,7190
3624,21569,7190
800,21570,7190
786,21571,7191
3614,21572,7191
787,21573,7191
3618,21574,7192
3619,21575,7192
3558,21576,7192
745,21577,7193
3627,21578,7193
3581,21579,7193
3543,21580,7194
3636,21581,7194
3544,21582,7194
3572,21583,7195
3628,21584,7195
3582,21585,7195
793,21586,7196
3615,21587,7196
3611,21588,7196
3540,21589,7197
3614,21590,7197
3590,21591,7197
3582,21592,7198
3628,21593,7198
790,21594,7198
3530,21595,7199
3615,21596,7199
794,21597,7199
3583,21598,7200
3613,21599,7200
3531,21600,7200
792,21601,7201
3632,21602,7201
793,21603,7201
3587,21604,7202
3638,21605,7202
3527,21606,7202
803,21607,7203
3616,21608,7203
780,21609,7203
3561,21610,7204
3625,21611,7204
3608,21612,7204
3531,21613,7205
3613,21614,7205
3578,21615,7205
3571,21616,7206
3626,21617,7206
3542,21618,7206
3587,21619,7207
3623,21620,7207
3539,21621,7207
793,21622,7208
3632,21623,7208
3603,21624,7208
3586,21625,7209
3636,21626,7209
3543,21627,7209
3596,21628,7210
3621,21629,7210
3535,21630,7210
3541,21631,7211
3635,21632,7211
3540,21633,7211
3539,21634,7212
3623,21635,7212
3602,21636,7212
3558,21637,7213
3619,21638,7213
3556,21639,7213
800,21640,7214
3620,21641,7214
799,21642,7214
3586,21643,7215
3634,21644,7215
3554,21645,7215
3560,21646,7216
3639,21647,7216
3618,21648,7216
3588,21649,7217
3629,21650,7217
3566,21651,7217
3608,21652,7218
3625,21653,7218
3560,21654,7218
3563,21655,7219
3638,21656,7219
3587,21657,7219
3611,21658,7220
3615,21659,7220
3576,21660,7220
800,21661,7221
3624,21662,7221
801,21663,7221
3608,21664,7222
3618,21665,7222
3558,21666,7222
3564,21667,7223
3622,21668,7223
3565,21669,7223
801,21670,7224
3624,21671,7224
3609,21672,7224
3560,21673,7225
3625,21674,7225
3520,21675,7225
3566,21676,7226
3629,21677,7226
3595,21678,7226
3526,21679,7227
3640,21680,7227
747,21681,7227
3533,21682,7228
3627,21683,7228
632,21684,7228
3590,21685,7229
3641,21686,7229
3540,21687,7229
3564,21688,7230
3630,21689,7230
3622,21690,7230
3599,21691,7231
3637,21692,7231
3610,21693,7231
657,21694,7232
3628,21695,7232
3572,21696,7232
3568,21697,7233
3630,21698,7233
3564,21699,7233
3544,21700,7234
3636,21701,7234
3547,21702,7234
3554,21703,7235
3634,21704,7235
3605,21705,7235
3577,21706,7236
3637,21707,7236
3599,21708,7236
749,21709,7237
3641,21710,7237
3569,21711,7237
3522,21712,7238
3639,21713,7238
659,21714,7238
3607,21715,7239
3626,21716,7239
3534,21717,7239
3540,21718,7240
3641,21719,7240
749,21720,7240
794,21721,7241
3633,21722,7241
3607,21723,7241
3540,21724,7242
3635,21725,7242
3614,21726,7242
3527,21727,7243
3638,21728,7243
3596,21729,7243
3562,21730,7244
3633,21731,7244
3603,21732,7244
3569,21733,7245
3641,21734,7245
3590,21735,7245
3610,21736,7246
3640,21737,7246
3526,21738,7246
3607,21739,7247
3633,21740,7247
3562,21741,7247
3596,21742,7248
3638,21743,7248
3621,21744,7248
3621,21745,7249
3638,21746,7249
3563,21747,7249
3610,21748,7250
3637,21749,7250
3541,21750,7250
3541,21751,7251
3640,21752,7251
3610,21753,7251
3587,21754,7252
3631,21755,7252
3623,21756,7252
3623,21757,7253
3631,21758,7253
3571,21759,7253
3618,21760,7254
3639,21761,7254
3522,21762,7254
3635,21763,7255
3637,21764,7255
3577,21765,7255
3541,21766,7256
3637,21767,7256
3635,21768,7256
21,21769,7257
755,21770,7257
791,21771,7257
803,21772,7258
780,21773,7258
23,21774,7258
792,21775,7259
755,21776,7259
754,21777,7259
755,21778,7260
792,21779,7260
791,21780,7260
3653,21781,7261
3689,21782,7261
728,21783,7261
3671,21784,7262
3692,21785,7262
3690,21786,7262
3653,21787,7263
3693,21788,7263
3689,21789,7263
3660,21790,7264
3724,21791,7264
3691,21792,7264
3700,21793,7265
3707,21794,7265
3657,21795,7265
3690,21796,7266
3740,21797,7266
3671,21798,7266
3696,21799,7267
3713,21800,7267
3697,21801,7267
3691,21802,7268
3727,21803,7268
3660,21804,7268
3657,21805,7269
3744,21806,7269
3700,21807,7269
3713,21808,7270
3725,21809,7270
3697,21810,7270
785,21811,7271
3691,21812,7271
3651,21813,7271
774,21814,7272
3660,21815,7272
773,21816,7272
3689,21817,7273
3701,21818,7273
3642,21819,7273
3660,21820,7274
3727,21821,7274
773,21822,7274
703,21823,7275
3696,21824,7275
3658,21825,7275
783,21826,7276
3686,21827,7276
782,21828,7276
3696,21829,7277
3697,21830,7277
3658,21831,7277
3645,21832,7278
3708,21833,7278
3667,21834,7278
3654,21835,7279
3700,21836,7279
3688,21837,7279
3705,21838,7280
3719,21839,7280
3659,21840,7280
3691,21841,7281
3724,21842,7281
3651,21843,7281
3646,21844,7282
3704,21845,7282
3703,21846,7282
3643,21847,7283
3714,21848,7283
3702,21849,7283
3694,21850,7284
3752,21851,7284
3656,21852,7284
3709,21853,7285
3755,21854,7285
3710,21855,7285
3686,21856,7286
3726,21857,7286
782,21858,7286
3710,21859,7287
3749,21860,7287
3709,21861,7287
3720,21862,7288
3734,21863,7288
815,21864,7288
3642,21865,7289
3701,21866,7289
3690,21867,7289
3661,21868,7290
3724,21869,7290
3660,21870,7290
3683,21871,7291
3722,21872,7291
3682,21873,7291
3649,21874,7292
3717,21875,7292
3711,21876,7292
3722,21877,7293
3738,21878,7293
3682,21879,7293
3730,21880,7294
3732,21881,7294
3692,21882,7294
3667,21883,7295
3708,21884,7295
3679,21885,7295
3681,21886,7296
3732,21887,7296
3730,21888,7296
3664,21889,7297
3686,21890,7297
783,21891,7297
3656,21892,7298
3748,21893,7298
3694,21894,7298
3658,21895,7299
3734,21896,7299
3720,21897,7299
781,21898,7300
3756,21899,7300
805,21900,7300
726,21901,7301
3687,21902,7301
725,21903,7301
3705,21904,7302
3745,21905,7302
3719,21906,7302
3713,21907,7303
3741,21908,7303
3684,21909,7303
3731,21910,7304
3737,21911,7304
815,21912,7304
3717,21913,7305
3752,21914,7305
3711,21915,7305
3646,21916,7306
3733,21917,7306
3704,21918,7306
728,21919,7307
3689,21920,7307
727,21921,7307
775,21922,7308
3700,21923,7308
3654,21924,7308
3709,21925,7309
3749,21926,7309
3655,21927,7309
779,21928,7310
3737,21929,7310
778,21930,7310
3703,21931,7311
3705,21932,7311
3646,21933,7311
784,21934,7312
3664,21935,7312
783,21936,7312
707,21937,7313
3708,21938,7313
3645,21939,7313
3648,21940,7314
3755,21941,7314
3709,21942,7314
3652,21943,7315
3736,21944,7315
3725,21945,7315
3687,21946,7316
3758,21947,7316
725,21948,7316
3671,21949,7317
3730,21950,7317
3692,21951,7317
778,21952,7318
3737,21953,7318
3731,21954,7318
3685,21955,7319
3713,21956,7319
3684,21957,7319
788,21958,7320
3698,21959,7320
787,21960,7320
815,21961,7321
3737,21962,7321
816,21963,7321
704,21964,7322
3696,21965,7322
703,21966,7322
3682,21967,7323
3712,21968,7323
3681,21969,7323
3702,21970,7324
3751,21971,7324
3643,21972,7324
3651,21973,7325
3746,21974,7325
3694,21975,7325
776,21976,7326
3707,21977,7326
3700,21978,7326
3647,21979,7327
3741,21980,7327
3713,21981,7327
3689,21982,7328
3759,21983,7328
3701,21984,7328
3725,21985,7329
3736,21986,7329
3697,21987,7329
3724,21988,7330
3746,21989,7330
3651,21990,7330
3655,21991,7331
3708,21992,7331
708,21993,7331
724,21994,7332
3695,21995,7332
723,21996,7332
3659,21997,7333
3754,21998,7333
3705,21999,7333
3663,22000,7334
3753,22001,7334
772,22002,7334
723,22003,7335
3742,22004,7335
24,22005,7335
23,22006,7336
804,22007,7336
731,22008,7336
816,22009,7337
19,22010,7337
701,22011,7337
772,22012,7338
3753,22013,7338
771,22014,7338
729,22015,7339
3699,22016,7339
3653,22017,7339
24,22018,7340
3742,22019,7340
790,22020,7340
3656,22021,7341
3752,22022,7341
3717,22023,7341
3700,22024,7342
3744,22025,7342
3688,22026,7342
3665,22027,7343
3762,22028,7343
706,22029,7343
3699,22030,7344
3763,22031,7344
3653,22032,7344
815,22033,7345
3734,22034,7345
814,22035,7345
3729,22036,7346
3743,22037,7346
787,22038,7346
706,22039,7347
3762,22040,7347
705,22041,7347
770,22042,7348
3709,22043,7348
769,22044,7348
790,22045,7349
3706,22046,7349
789,22047,7349
787,22048,7350
3743,22049,7350
786,22050,7350
3698,22051,7351
3729,22052,7351
787,22053,7351
3653,22054,7352
3719,22055,7352
3693,22056,7352
3693,22057,7353
3745,22058,7353
3678,22059,7353
3666,22060,7354
3715,22061,7354
3665,22062,7354
3682,22063,7355
3738,22064,7355
3712,22065,7355
777,22066,7356
3731,22067,7356
3707,22068,7356
3678,22069,7357
3759,22070,7357
3693,22071,7357
3648,22072,7358
3709,22073,7358
770,22074,7358
814,22075,7359
3731,22076,7359
815,22077,7359
789,22078,7360
3706,22079,7360
3650,22080,7360
3651,22081,7361
3694,22082,7361
3664,22083,7361
775,22084,7362
3654,22085,7362
774,22086,7362
771,22087,7363
3648,22088,7363
770,22089,7363
785,22090,7364
3651,22091,7364
784,22092,7364
3654,22093,7365
3660,22094,7365
774,22095,7365
3712,22096,7366
3732,22097,7366
3681,22098,7366
3650,22099,7367
3698,22100,7367
788,22101,7367
776,22102,7368
3700,22103,7368
775,22104,7368
777,22105,7369
3707,22106,7369
776,22107,7369
730,22108,7370
3721,22109,7370
3699,22110,7370
3658,22111,7371
3720,22112,7371
702,22113,7371
3688,22114,7372
3711,22115,7372
3661,22116,7372
3654,22117,7373
3688,22118,7373
3661,22119,7373
3680,22120,7374
3710,22121,7374
3683,22122,7374
789,22123,7375
3650,22124,7375
788,22125,7375
3719,22126,7376
3745,22127,7376
3693,22128,7376
3651,22129,7377
3664,22130,7377
784,22131,7377
3654,22132,7378
3661,22133,7378
3660,22134,7378
807,22135,7379
3659,22136,7379
806,22137,7379
3675,22138,7380
3701,22139,7380
3678,22140,7380
813,22141,7381
3652,22142,7381
812,22143,7381
811,22144,7382
3643,22145,7382
810,22146,7382
809,22147,7383
3646,22148,7383
808,22149,7383
3668,22150,7384
3669,22151,7384
3666,22152,7384
786,22153,7385
3691,22154,7385
785,22155,7385
725,22156,7386
3644,22157,7386
724,22158,7386
3721,22159,7387
3735,22160,7387
3699,22161,7387
3668,22162,7388
3671,22163,7388
3669,22164,7388
3676,22165,7389
3684,22166,7389
3673,22167,7389
707,22168,7390
3645,22169,7390
706,22170,7390
773,22171,7391
3662,22172,7391
772,22173,7391
727,22174,7392
3642,22175,7392
726,22176,7392
3671,22177,7393
3672,22178,7393
3669,22179,7393
3645,22180,7394
3666,22181,7394
3665,22182,7394
705,22183,7395
3647,22184,7395
704,22185,7395
3675,22186,7396
3678,22187,7396
3677,22188,7396
3645,22189,7397
3665,22190,7397
706,22191,7397
3662,22192,7398
3663,22193,7398
772,22194,7398
3642,22195,7399
3687,22196,7399
726,22197,7399
3704,22198,7400
3718,22199,7400
3677,22200,7400
3642,22201,7401
3690,22202,7401
3687,22203,7401
3680,22204,7402
3681,22205,7402
3670,22206,7402
3672,22207,7403
3675,22208,7403
3674,22209,7403
3672,22210,7404
3673,22211,7404
3669,22212,7404
729,22213,7405
3653,22214,7405
728,22215,7405
3653,22216,7406
3763,22217,7406
3719,22218,7406
811,22219,7407
3714,22220,7407
3643,22221,7407
3676,22222,7408
3685,22223,7408
3684,22224,7408
727,22225,7409
3689,22226,7409
3642,22227,7409
730,22228,7410
3699,22229,7410
729,22230,7410
3675,22231,7411
3677,22232,7411
3674,22233,7411
3678,22234,7412
3703,22235,7412
3677,22236,7412
703,22237,7413
3658,22238,7413
702,22239,7413
3674,22240,7414
3676,22241,7414
3673,22242,7414
708,22243,7415
3708,22244,7415
707,22245,7415
3703,22246,7416
3704,22247,7416
3677,22248,7416
3690,22249,7417
3692,22250,7417
3687,22251,7417
3672,22252,7418
3674,22253,7418
3673,22254,7418
3676,22255,7419
3702,22256,7419
3685,22257,7419
810,22258,7420
3649,22259,7420
811,22260,7420
3647,22261,7421
3696,22262,7421
704,22263,7421
808,22264,7422
3656,22265,7422
809,22266,7422
809,22267,7423
3717,22268,7423
810,22269,7423
3667,22270,7424
3668,22271,7424
3666,22272,7424
3645,22273,7425
3667,22274,7425
3666,22275,7425
3680,22276,7426
3682,22277,7426
3681,22278,7426
709,22279,7427
3655,22280,7427
708,22281,7427
812,22282,7428
3714,22283,7428
811,22284,7428
3669,22285,7429
3715,22286,7429
3666,22287,7429
812,22288,7430
3657,22289,7430
813,22290,7430
3667,22291,7431
3679,22292,7431
3670,22293,7431
3667,22294,7432
3670,22295,7432
3668,22296,7432
3647,22297,7433
3713,22298,7433
3696,22299,7433
3679,22300,7434
3710,22301,7434
3680,22302,7434
3679,22303,7435
3680,22304,7435
3670,22305,7435
3652,22306,7436
3714,22307,7436
812,22308,7436
3680,22309,7437
3683,22310,7437
3682,22311,7437
3649,22312,7438
3716,22313,7438
811,22314,7438
811,22315,7439
3716,22316,7439
812,22317,7439
3644,22318,7440
3712,22319,7440
3695,22320,7440
3644,22321,7441
3695,22322,7441
724,22323,7441
810,22324,7442
3717,22325,7442
3649,22326,7442
3656,22327,7443
3717,22328,7443
809,22329,7443
3684,22330,7444
3715,22331,7444
3673,22332,7444
3701,22333,7445
3740,22334,7445
3690,22335,7445
3664,22336,7446
3748,22337,7446
3686,22338,7446
3681,22339,7447
3730,22340,7447
3670,22341,7447
3673,22342,7448
3715,22343,7448
3669,22344,7448
786,22345,7449
3743,22346,7449
3691,22347,7449
782,22348,7450
3756,22349,7450
781,22350,7450
3668,22351,7451
3730,22352,7451
3671,22353,7451
812,22354,7452
3716,22355,7452
3657,22356,7452
773,22357,7453
3727,22358,7453
3662,22359,7453
3677,22360,7454
3718,22361,7454
3674,22362,7454
3676,22363,7455
3718,22364,7455
3702,22365,7455
805,22366,7456
3721,22367,7456
804,22368,7456
816,22369,7457
3720,22370,7457
815,22371,7457
3691,22372,7458
3743,22373,7458
3727,22374,7458
3707,22375,7459
3747,22376,7459
3657,22377,7459
3714,22378,7460
3739,22379,7460
3702,22380,7460
3655,22381,7461
3749,22382,7461
3708,22383,7461
702,22384,7462
3720,22385,7462
701,22386,7462
731,22387,7463
3721,22388,7463
730,22389,7463
3650,22390,7464
3722,22391,7464
3698,22392,7464
807,22393,7465
3728,22394,7465
808,22395,7465
3643,22396,7466
3733,22397,7466
810,22398,7466
809,22399,7467
3733,22400,7467
3646,22401,7467
3715,22402,7468
3741,22403,7468
3665,22404,7468
3726,22405,7469
3756,22406,7469
782,22407,7469
814,22408,7470
3736,22409,7470
813,22410,7470
3697,22411,7471
3734,22412,7471
3658,22413,7471
3659,22414,7472
3735,22415,7472
806,22416,7472
804,22417,7473
3721,22418,7473
731,22419,7473
701,22420,7474
3720,22421,7474
816,22422,7474
3674,22423,7475
3718,22424,7475
3676,22425,7475
3650,22426,7476
3738,22427,7476
3722,22428,7476
3685,22429,7477
3725,22430,7477
3713,22431,7477
3643,22432,7478
3751,22433,7478
3733,22434,7478
20,22435,7479
3750,22436,7479
709,22437,7479
725,22438,7480
3758,22439,7480
3644,22440,7480
3675,22441,7481
3740,22442,7481
3701,22443,7481
769,22444,7482
3750,22445,7482
20,22446,7482
3671,22447,7483
3740,22448,7483
3672,22449,7483
3705,22450,7484
3754,22451,7484
3646,22452,7484
3738,22453,7485
3764,22454,7485
3712,22455,7485
808,22456,7486
3728,22457,7486
3656,22458,7486
3695,22459,7487
3742,22460,7487
723,22461,7487
3662,22462,7488
3729,22463,7488
3663,22464,7488
3708,22465,7489
3749,22466,7489
3679,22467,7489
806,22468,7490
3757,22469,7490
807,22470,7490
3683,22471,7491
3723,22472,7491
3722,22473,7491
778,22474,7492
3731,22475,7492
777,22476,7492
810,22477,7493
3733,22478,7493
809,22479,7493
3725,22480,7494
3739,22481,7494
3652,22482,7494
805,22483,7495
3735,22484,7495
3721,22485,7495
3693,22486,7496
3759,22487,7496
3689,22488,7496
807,22489,7497
3754,22490,7497
3659,22491,7497
3731,22492,7498
3747,22493,7498
3707,22494,7498
3646,22495,7499
3754,22496,7499
808,22497,7499
3733,22498,7500
3751,22499,7500
3704,22500,7500
3655,22501,7501
3750,22502,7501
3709,22503,7501
3686,22504,7502
3748,22505,7502
3728,22506,7502
3726,22507,7503
3757,22508,7503
806,22509,7503
3670,22510,7504
3730,22511,7504
3668,22512,7504
3644,22513,7505
3732,22514,7505
3712,22515,7505
3695,22516,7506
3764,22517,7506
3742,22518,7506
3657,22519,7507
3747,22520,7507
813,22521,7507
806,22522,7508
3735,22523,7508
805,22524,7508
3742,22525,7509
3764,22526,7509
3706,22527,7509
3709,22528,7510
3750,22529,7510
769,22530,7510
3734,22531,7511
3736,22532,7511
814,22533,7511
790,22534,7512
3742,22535,7512
3706,22536,7512
813,22537,7513
3736,22538,7513
3652,22539,7513
3706,22540,7514
3738,22541,7514
3650,22542,7514
3711,22543,7515
3761,22544,7515
3649,22545,7515
3663,22546,7516
3760,22547,7516
3753,22548,7516
3753,22549,7517
3760,22550,7517
3723,22551,7517
3732,22552,7518
3758,22553,7518
3692,22554,7518
805,22555,7519
3756,22556,7519
806,22557,7519
816,22558,7520
3737,22559,7520
779,22560,7520
3678,22561,7521
3745,22562,7521
3703,22563,7521
3672,22564,7522
3740,22565,7522
3675,22566,7522
3692,22567,7523
3758,22568,7523
3687,22569,7523
3694,22570,7524
3748,22571,7524
3664,22572,7524
3711,22573,7525
3746,22574,7525
3661,22575,7525
806,22576,7526
3756,22577,7526
3726,22578,7526
3729,22579,7527
3760,22580,7527
3663,22581,7527
3703,22582,7528
3745,22583,7528
3705,22584,7528
3652,22585,7529
3739,22586,7529
3714,22587,7529
3702,22588,7530
3739,22589,7530
3685,22590,7530
3716,22591,7531
3744,22592,7531
3657,22593,7531
3684,22594,7532
3741,22595,7532
3715,22596,7532
3718,22597,7533
3751,22598,7533
3702,22599,7533
3698,22600,7534
3760,22601,7534
3729,22602,7534
3661,22603,7535
3746,22604,7535
3724,22605,7535
3685,22606,7536
3739,22607,7536
3725,22608,7536
3662,22609,7537
3743,22610,7537
3729,22611,7537
3701,22612,7538
3759,22613,7538
3678,22614,7538
3688,22615,7539
3761,22616,7539
3711,22617,7539
3697,22618,7540
3736,22619,7540
3734,22620,7540
813,22621,7541
3747,22622,7541
814,22623,7541
814,22624,7542
3747,22625,7542
3731,22626,7542
3710,22627,7543
3755,22628,7543
3683,22629,7543
3704,22630,7544
3751,22631,7544
3718,22632,7544
771,22633,7545
3753,22634,7545
3648,22635,7545
709,22636,7546
3750,22637,7546
3655,22638,7546
3679,22639,7547
3749,22640,7547
3710,22641,7547
3722,22642,7548
3760,22643,7548
3698,22644,7548
3659,22645,7549
3763,22646,7549
3735,22647,7549
808,22648,7550
3754,22649,7550
807,22650,7550
3723,22651,7551
3760,22652,7551
3722,22653,7551
3741,22654,7552
3762,22655,7552
3665,22656,7552
3723,22657,7553
3755,22658,7553
3648,22659,7553
3727,22660,7554
3743,22661,7554
3662,22662,7554
3648,22663,7555
3753,22664,7555
3723,22665,7555
3728,22666,7556
3748,22667,7556
3656,22668,7556
705,22669,7557
3762,22670,7557
3647,22671,7557
3719,22672,7558
3763,22673,7558
3659,22674,7558
807,22675,7559
3757,22676,7559
3728,22677,7559
3649,22678,7560
3761,22679,7560
3716,22680,7560
3683,22681,7561
3755,22682,7561
3723,22683,7561
3712,22684,7562
3764,22685,7562
3695,22686,7562
3686,22687,7563
3757,22688,7563
3726,22689,7563
3728,22690,7564
3757,22691,7564
3686,22692,7564
3644,22693,7565
3758,22694,7565
3732,22695,7565
3716,22696,7566
3761,22697,7566
3744,22698,7566
3744,22699,7567
3761,22700,7567
3688,22701,7567
3711,22702,7568
3752,22703,7568
3746,22704,7568
3735,22705,7569
3763,22706,7569
3699,22707,7569
3746,22708,7570
3752,22709,7570
3694,22710,7570
3706,22711,7571
3764,22712,7571
3738,22713,7571
3647,22714,7572
3762,22715,7572
3741,22716,7572
816,22717,7573
779,22718,7573
19,22719,7573
23,22720,7574
780,22721,7574
804,22722,7574
805,22723,7575
780,22724,7575
781,22725,7575
780,22726,7576
805,22727,7576
804,22728,7576
