$MeshFormat
4.1 0 8
$EndMeshFormat
$PhysicalNames
1
2 1 "flat_diamonds"
$EndPhysicalNames
$Entities
0 0 1 0
1 -0.9947482012859932 -0.9995203498681884 -1.013503565011294 0.9933240195603714 0.996490763950896 1.005169504077909 1 1 0 
$EndEntities
$Nodes
1 2280 1 2280
2 1 0 2280
1
2
3
4
5
6
7
8
9
10
11
12
13
14
15
16
17
18
19
20
21
22
23
24
25
26
27
28
29
30
31
32
33
34
35
36
37
38
39
40
41
42
43
44
45
46
47
48
49
50
51
52
53
54
55
56
57
58
59
60
61
62
63
64
65
66
67
68
69
70
71
72
73
74
75
76
77
78
79
80
81
82
83
84
85
86
87
88
89
90
91
92
93
94
95
96
97
98
99
100
101
102
103
104
105
106
107
108
109
110
111
112
113
114
115
116
117
118
119
120
121
122
123
124
125
126
127
128
129
130
131
132
133
134
135
136
137
138
139
140
141
142
143
144
145
146
147
148
149
150
151
152
153
154
155
156
157
158
159
160
161
162
163
164
165
166
167
168
169
170
171
172
173
174
175
176
177
178
179
180
181
182
183
184
185
186
187
188
189
190
191
192
193
194
195
196
197
198
199
200
201
202
203
204
205
206
207
208
209
210
211
212
213
214
215
216
217
218
219
220
221
222
223
224
225
226
227
228
229
230
231
232
233
234
235
236
237
238
239
240
241
242
243
244
245
246
247
248
249
250
251
252
253
254
255
256
257
258
259
260
261
262
263
264
265
266
267
268
269
270
271
272
273
274
275
276
277
278
279
280
281
282
283
284
285
286
287
288
289
290
291
292
293
294
295
296
297
298
299
300
301
302
303
304
305
306
307
308
309
310
311
312
313
314
315
316
317
318
319
320
321
322
323
324
325
326
327
328
329
330
331
332
333
334
335
336
337
338
339
340
341
342
343
344
345
346
347
348
349
350
351
352
353
354
355
356
357
358
359
360
361
362
363
364
365
366
367
368
369
370
371
372
373
374
375
376
377
378
379
380
381
382
383
384
385
386
387
388
389
390
391
392
393
394
395
396
397
398
399
400
401
402
403
404
405
406
407
408
409
410
411
412
413
414
415
416
417
418
419
420
421
422
423
424
425
426
427
428
429
430
431
432
433
434
435
436
437
438
439
440
441
442
443
444
445
446
447
448
449
450
451
452
453
454
455
456
457
458
459
460
461
462
463
464
465
466
467
468
469
470
471
472
473
474
475
476
477
478
479
480
481
482
483
484
485
486
487
488
489
490
491
492
493
494
495
496
497
498
499
500
501
502
503
504
505
506
507
508
509
510
511
512
513
514
515
516
517
518
519
520
521
522
523
524
525
526
527
528
529
530
531
532
533
534
535
536
537
538
539
540
541
542
543
544
545
546
547
548
549
550
551
552
553
554
555
556
557
558
559
560
561
562
563
564
565
566
567
568
569
570
571
572
573
574
575
576
577
578
579
580
581
582
583
584
585
586
587
588
589
590
591
592
593
594
595
596
597
598
599
600
601
602
603
604
605
606
607
608
609
610
611
612
613
614
615
616
617
618
619
620
621
622
623
624
625
626
627
628
629
630
631
632
633
634
635
636
637
638
639
640
641
642
643
644
645
646
647
648
649
650
651
652
653
654
655
656
657
658
659
660
661
662
663
664
665
666
667
668
669
670
671
672
673
674
675
676
677
678
679
680
681
682
683
684
685
686
687
688
689
690
691
692
693
694
695
696
697
698
699
700
701
702
703
704
705
706
707
708
709
710
711
712
713
714
715
716
717
718
719
720
721
722
723
724
725
726
727
728
729
730
731
732
733
734
735
736
737
738
739
740
741
742
743
744
745
746
747
748
749
750
751
752
753
754
755
756
757
758
759
760
761
762
763
764
765
766
767
768
769
770
771
772
773
774
775
776
777
778
779
780
781
782
783
784
785
786
787
788
789
790
791
792
793
794
795
796
797
798
799
800
801
802
803
804
805
806
807
808
809
810
811
812
813
814
815
816
817
818
819
820
821
822
823
824
825
826
827
828
829
830
831
832
833
834
835
836
837
838
839
840
841
842
843
844
845
846
847
848
849
850
851
852
853
854
855
856
857
858
859
860
861
862
863
864
865
866
867
868
869
870
871
872
873
874
875
876
877
878
879
880
881
882
883
884
885
886
887
888
889
890
891
892
893
894
895
896
897
898
899
900
901
902
903
904
905
906
907
908
909
910
911
912
913
914
915
916
917
918
919
920
921
922
923
924
925
926
927
928
929
930
931
932
933
934
935
936
937
938
939
940
941
942
943
944
945
946
947
948
949
950
951
952
953
954
955
956
957
958
959
960
961
962
963
964
965
966
967
968
969
970
971
972
973
974
975
976
977
978
979
980
981
982
983
984
985
986
987
988
989
990
991
992
993
994
995
996
997
998
999
1000
1001
1002
1003
1004
1005
1006
1007
1008
1009
1010
1011
1012
1013
1014
1015
1016
1017
1018
1019
1020
1021
1022
1023
1024
1025
1026
1027
1028
1029
1030
1031
1032
1033
1034
1035
1036
1037
1038
1039
1040
1041
1042
1043
1044
1045
1046
1047
1048
1049
1050
1051
1052
1053
1054
1055
1056
1057
1058
1059
1060
1061
1062
1063
1064
1065
1066
1067
1068
1069
1070
1071
1072
1073
1074
1075
1076
1077
1078
1079
1080
1081
1082
1083
1084
1085
1086
1087
1088
1089
1090
1091
1092
1093
1094
1095
1096
1097
1098
1099
1100
1101
1102
1103
1104
1105
1106
1107
1108
1109
1110
1111
1112
1113
1114
1115
1116
1117
1118
1119
1120
1121
1122
1123
1124
1125
1126
1127
1128
1129
1130
1131
1132
1133
1134
1135
1136
1137
1138
1139
1140
1141
1142
1143
1144
1145
1146
1147
1148
1149
1150
1151
1152
1153
1154
1155
1156
1157
1158
1159
1160
1161
1162
1163
1164
1165
1166
1167
1168
1169
1170
1171
1172
1173
1174
1175
1176
1177
1178
1179
1180
1181
1182
1183
1184
1185
1186
1187
1188
1189
1190
1191
1192
1193
1194
1195
1196
1197
1198
1199
1200
1201
1202
1203
1204
1205
1206
1207
1208
1209
1210
1211
1212
1213
1214
1215
1216
1217
1218
1219
1220
1221
1222
1223
1224
1225
1226
1227
1228
1229
1230
1231
1232
1233
1234
1235
1236
1237
1238
1239
1240
1241
1242
1243
1244
1245
1246
1247
1248
1249
1250
1251
1252
1253
1254
1255
1256
1257
1258
1259
1260
1261
1262
1263
1264
1265
1266
1267
1268
1269
1270
1271
1272
1273
1274
1275
1276
1277
1278
1279
1280
1281
1282
1283
1284
1285
1286
1287
1288
1289
1290
1291
1292
1293
1294
1295
1296
1297
1298
1299
1300
1301
1302
1303
1304
1305
1306
1307
1308
1309
1310
1311
1312
1313
1314
1315
1316
1317
1318
1319
1320
1321
1322
1323
1324
1325
1326
1327
1328
1329
1330
1331
1332
1333
1334
1335
1336
1337
1338
1339
1340
1341
1342
1343
1344
1345
1346
1347
1348
1349
1350
1351
1352
1353
1354
1355
1356
1357
1358
1359
1360
1361
1362
1363
1364
1365
1366
1367
1368
1369
1370
1371
1372
1373
1374
1375
1376
1377
1378
1379
1380
1381
1382
1383
1384
1385
1386
1387
1388
1389
1390
1391
1392
1393
1394
1395
1396
1397
1398
1399
1400
1401
1402
1403
1404
1405
1406
1407
1408
1409
1410
1411
1412
1413
1414
1415
1416
1417
1418
1419
1420
1421
1422
1423
1424
1425
1426
1427
1428
1429
1430
1431
1432
1433
1434
1435
1436
1437
1438
1439
1440
1441
1442
1443
1444
1445
1446
1447
1448
1449
1450
1451
1452
1453
1454
1455
1456
1457
1458
1459
1460
1461
1462
1463
1464
1465
1466
1467
1468
1469
1470
1471
1472
1473
1474
1475
1476
1477
1478
1479
1480
1481
1482
1483
1484
1485
1486
1487
1488
1489
1490
1491
1492
1493
1494
1495
1496
1497
1498
1499
1500
1501
1502
1503
1504
1505
1506
1507
1508
1509
1510
1511
1512
1513
1514
1515
1516
1517
1518
1519
1520
1521
1522
1523
1524
1525
1526
1527
1528
1529
1530
1531
1532
1533
1534
1535
1536
1537
1538
1539
1540
1541
1542
1543
1544
1545
1546
1547
1548
1549
1550
1551
1552
1553
1554
1555
1556
1557
1558
1559
1560
1561
1562
1563
1564
1565
1566
1567
1568
1569
1570
1571
1572
1573
1574
1575
1576
1577
1578
1579
1580
1581
1582
1583
1584
1585
1586
1587
1588
1589
1590
1591
1592
1593
1594
1595
1596
1597
1598
1599
1600
1601
1602
1603
1604
1605
1606
1607
1608
1609
1610
1611
1612
1613
1614
1615
1616
1617
1618
1619
1620
1621
1622
1623
1624
1625
1626
1627
1628
1629
1630
1631
1632
1633
1634
1635
1636
1637
1638
1639
1640
1641
1642
1643
1644
1645
1646
1647
1648
1649
1650
1651
1652
1653
1654
1655
1656
1657
1658
1659
1660
1661
1662
1663
1664
1665
1666
1667
1668
1669
1670
1671
1672
1673
1674
1675
1676
1677
1678
1679
1680
1681
1682
1683
1684
1685
1686
1687
1688
1689
1690
1691
1692
1693
1694
1695
1696
1697
1698
1699
1700
1701
1702
1703
1704
1705
1706
1707
1708
1709
1710
1711
1712
1713
1714
1715
1716
1717
1718
1719
1720
1721
1722
1723
1724
1725
1726
1727
1728
1729
1730
1731
1732
1733
1734
1735
1736
1737
1738
1739
1740
1741
1742
1743
1744
1745
1746
1747
1748
1749
1750
1751
1752
1753
1754
1755
1756
1757
1758
1759
1760
1761
1762
1763
1764
1765
1766
1767
1768
1769
1770
1771
1772
1773
1774
1775
1776
1777
1778
1779
1780
1781
1782
1783
1784
1785
1786
1787
1788
1789
1790
1791
1792
1793
1794
1795
1796
1797
1798
1799
1800
1801
1802
1803
1804
1805
1806
1807
1808
1809
1810
1811
1812
1813
1814
1815
1816
1817
1818
1819
1820
1821
1822
1823
1824
1825
1826
1827
1828
1829
1830
1831
1832
1833
1834
1835
1836
1837
1838
1839
1840
1841
1842
1843
1844
1845
1846
1847
1848
1849
1850
1851
1852
1853
1854
1855
1856
1857
1858
1859
1860
1861
1862
1863
1864
1865
1866
1867
1868
1869
1870
1871
1872
1873
1874
1875
1876
1877
1878
1879
1880
1881
1882
1883
1884
1885
1886
1887
1888
1889
1890
1891
1892
1893
1894
1895
1896
1897
1898
1899
1900
1901
1902
1903
1904
1905
1906
1907
1908
1909
1910
1911
1912
1913
1914
1915
1916
1917
1918
1919
1920
1921
1922
1923
1924
1925
1926
1927
1928
1929
1930
1931
1932
1933
1934
1935
1936
1937
1938
1939
1940
1941
1942
1943
1944
1945
1946
1947
1948
1949
1950
1951
1952
1953
1954
1955
1956
1957
1958
1959
1960
1961
1962
1963
1964
1965
1966
1967
1968
1969
1970
1971
1972
1973
1974
1975
1976
1977
1978
1979
1980
1981
1982
1983
1984
1985
1986
1987
1988
1989
1990
1991
1992
1993
1994
1995
1996
1997
1998
1999
2000
2001
2002
2003
2004
2005
2006
2007
2008
2009
2010
2011
2012
2013
2014
2015
2016
2017
2018
2019
2020
2021
2022
2023
2024
2025
2026
2027
2028
2029
2030
2031
2032
2033
2034
2035
2036
2037
2038
2039
2040
2041
2042
2043
2044
2045
2046
2047
2048
2049
2050
2051
2052
2053
2054
2055
2056
2057
2058
2059
2060
2061
2062
2063
2064
2065
2066
2067
2068
2069
2070
2071
2072
2073
2074
2075
2076
2077
2078
2079
2080
2081
2082
2083
2084
2085
2086
2087
2088
2089
2090
2091
2092
2093
2094
2095
2096
2097
2098
2099
2100
2101
2102
2103
2104
2105
2106
2107
2108
2109
2110
2111
2112
2113
2114
2115
2116
2117
2118
2119
2120
2121
2122
2123
2124
2125
2126
2127
2128
2129
2130
2131
2132
2133
2134
2135
2136
2137
2138
2139
2140
2141
2142
2143
2144
2145
2146
2147
2148
2149
2150
2151
2152
2153
2154
2155
2156
2157
2158
2159
2160
2161
2162
2163
2164
2165
2166
2167
2168
2169
2170
2171
2172
2173
2174
2175
2176
2177
2178
2179
2180
2181
2182
2183
2184
2185
2186
2187
2188
2189
2190
2191
2192
2193
2194
2195
2196
2197
2198
2199
2200
2201
2202
2203
2204
2205
2206
2207
2208
2209
2210
2211
2212
2213
2214
2215
2216
2217
2218
2219
2220
2221
2222
2223
2224
2225
2226
2227
2228
2229
2230
2231
2232
2233
2234
2235
2236
2237
2238
2239
2240
2241
2242
2243
2244
2245
2246
2247
2248
2249
2250
2251
2252
2253
2254
2255
2256
2257
2258
2259
2260
2261
2262
2263
2264
2265
2266
2267
2268
2269
2270
2271
2272
2273
2274
2275
2276
2277
2278
2279
2280
0.0004306498828941875 -1.128477526575701e-05 1.002995235726675
0.1146645144606647 0.08303340069577692 0.9868837626427267
0.2821632067243257 -1.1284775265826e-05 0.9624882093411717
0.1535126652135502 -0.09367974161860913 0.9806324617841152
-0.0002333026908196573 -0.0004514471245538607 1.003148281164075
-0.1110752073882039 -0.03476995268505394 0.9900132709408374
-0.09357440034263896 -0.2963217774150236 0.9538049947799641
0.02716808418289314 -0.1934322574291478 0.9775064117092658
5.88338883538792e-05 0.0002334444533310628 1.001876617373831
0.115036330455205 0.08278867146718011 0.9880023809955707
0.05866779352781015 0.2457335312293064 0.9694998380764812
-0.05870375172320464 0.1479288376592427 0.9853461091531354
0.0004591541606683264 -0.0007354375349086281 1.005169504077909
0.153484160935776 -0.09295558885896624 0.9784581934328818
0.1733404787664843 -0.2774167675362252 0.9504522603107941
0.02647562733140513 -0.1931482670187931 0.9754851887954326
-0.0004271420118121865 0.0002211498898940671 1.0030410807807
-0.1108813680672114 -0.03544254969950187 0.9901204713242127
-0.232554570109673 0.193103334325796 0.9564105370000124
-0.05821777582303859 0.1479411322226797 0.9841816457462664
0.0003218126128117809 -5.997094563783874e-05 -1.002238255885989
0.1415018513116784 0.08307040768726051 -0.9841669933614984
0.2820543694542411 -5.997094563790774e-05 -0.9617312295004866
0.2330429114212334 -0.08369727869519654 -0.9665370682780384
0.002758355339893761 -0.001978056958519299 -1.013503565011294
0.2306063686941514 -0.08177919268231508 -0.9552717591527341
0.405444909985174 -0.2476238486137626 -0.8952641242052181
0.1698284757582197 -0.2029515149561274 -0.9499369657358776
0.0005196573830086202 -0.00111066730672303 -1.006374024757752
-0.01868052182915894 -0.1900419792574153 -0.9750182763706473
0.1015809024033432 -0.353614921524523 -0.9367112622761111
0.1720671737151049 -0.2038189046079237 -0.9570665059894194
0.0002352186889434294 0.0004178699840536301 -1.003335160240784
0.1415884452355467 0.08259256675756906 -0.9830700890067035
0.1381894815353998 0.2460636616168431 -0.9628281338552819
-0.002021299589009734 0.1653137048087629 -0.9828341229108011
-0.0001029666920376036 -0.0001208570439776076 -1.001187702752296
-0.1012402891808232 0.01146932799165665 -0.9935990868143117
-0.1547444312215537 -0.2115765835328516 -0.9662641210649745
-0.01805789775411271 -0.1910317895201608 -0.9802045983761035
-0.0002365332938481738 0.0002976094291932107 -1.002599044295557
-0.1011067225790126 0.01105086151848583 -0.9921877452710504
-0.1434764421385472 0.245110248348757 -0.9615302724550122
-0.00154954760621813 0.1654339653636233 -0.9835702388560283
0.283129854257173 -1.495405460266119e-14 -0.962552628168631
0.4125839845771156 -0.08301043674930243 -0.9034329077706967
0.5420381148713408 -1.501746883718798e-14 -0.8443131873853149
0.4125839845634524 0.08301043674051281 -0.9034329077777442
0.2829100102247157 0.0004203284917018059 -0.9626534263148142
0.4128038285959097 0.08259010824879605 -0.9033321096315611
0.4038640079899405 0.2460661201212093 -0.8849210119190509
0.2766474830336616 0.1655542241245204 -0.9430243879036551
0.2824641720594671 -0.0003099576516246232 -0.9616109006005032
0.4132496667748216 -0.08270047909769276 -0.9043746353388246
0.403418169863318 -0.2459557493068678 -0.8838784861799303
0.2326331088160074 -0.0834472919892098 -0.9666573971780219
0.2824506897544578 0.0004203284917300862 -0.9627882949738256
0.1411055310114616 0.0825901082498925 -0.9831099278881595
0.1386723957594848 0.2460661201245196 -0.9627882949738257
0.2771068035039195 0.1655542241244921 -0.9428895192446437
0.5430103366194645 1.549231188720911e-05 -0.8439881037203664
0.6537681835071634 0.08088428679015941 -0.7475577327330913
0.7581190935181252 1.549231188715642e-05 -0.6575953048344705
0.6503486563275418 -0.07250973106705509 -0.7513898013004923
0.5422326042085654 0.0004151408929645696 -0.8441571316711224
0.4123894952262278 0.08259529584753322 -0.9035889634919368
0.4042783413596224 0.2460609325224721 -0.8846641580586752
0.5355658866934494 0.1635565920410287 -0.8244868196785808
0.5423024065311546 -0.0004291061897143652 -0.8443101671352381
0.4123196929173019 -0.08258133055960308 -0.9034359280207735
0.4043481437208378 -0.2460748978449575 -0.8848171934979812
0.532238509756132 -0.1550254010159247 -0.8280778798733803
0.5427105570575843 0.0004215861784670315 -0.8439933623466273
0.6540679630690436 0.08047819292357959 -0.7475524741068305
0.6479683285969624 0.2398998982154018 -0.7276295803039644
0.5350879338444304 0.1635501467555263 -0.824650589003076
0.5420980244259616 -0.0002683493083920229 -0.8432127578755285
0.532442891861325 -0.155186157897247 -0.82917528913309
0.6397767938386756 -0.2151471934752589 -0.7411311856528241
0.6512609685210448 -0.07222588944677587 -0.7521651471453301
0.7586703933948062 -3.317646501627938e-06 -0.6567378303640162
0.8339777951592028 -0.08126842926953218 -0.5394135950805338
0.9125528143950667 -3.317646501665628e-06 -0.4172921094206171
0.8326364224091977 0.07922573966481085 -0.5417844748831622
0.7579456420156844 0.0003688857498916007 -0.6570441154448013
0.7431688316121339 0.1594917486383451 -0.6450227251650501
0.6480946566564018 0.2398471977868264 -0.7270731322880344
0.6539416350096043 0.08053089335215496 -0.7481089221227605
0.7582734679375446 -0.0003805636309996506 -0.6567583223325856
0.8343747206164646 -0.08089118328503415 -0.5393931031119646
0.8143970518979664 -0.2409483168647453 -0.5338648156788078
0.7418146616126663 -0.1532981882001909 -0.6479815976807018
0.7575662276536684 -0.0002805831622446155 -0.6566758918391646
0.7425219018965425 -0.1533981686689459 -0.6480640281741228
0.6401362401677217 -0.2151594273291114 -0.7409871185023561
0.6509015221919987 -0.07221365559292334 -0.7523092142957982
0.7580299303699576 0.0003344901683456796 -0.6565865416877693
0.7430845432578607 0.159526144219891 -0.6454802989220821
0.8109436858378226 0.2349082804484836 -0.5412058869989904
0.8332768854340464 0.07888793184996354 -0.5419357635594092
0.9128458573514614 1.13592767771467e-06 -0.4163586880288367
0.9520427023894024 0.08362788642363847 -0.2827658292505042
0.9930353038778756 1.135927677695029e-06 -0.1432585133002365
0.9529675922973877 -0.08301157266959167 -0.2798165320101139
0.9126305657297127 0.000402752298217355 -0.4165508995679025
0.9522579940111512 0.08322627005309884 -0.2825736177114385
0.9300347777190512 0.2478510028256929 -0.282868443407446
0.89080816039454 0.1624632397926507 -0.4166968510826478
0.9127578797180792 -0.0004173776055780437 -0.416584871514616
0.9530555699307699 -0.08259305913633591 -0.2795903485243347
0.9332196643750468 -0.2460631692392161 -0.2742700332410313
0.8929219741623535 -0.1638874877082572 -0.4112645562313911
0.9125885852884987 -0.0004145167331407008 -0.4170392930340941
0.893091268591934 -0.1638903485806946 -0.410810134711913
0.8148297482486601 -0.2409822699668863 -0.5335915073237154
0.8339420242657709 -0.08085723018289313 -0.5396664114670569
0.9126029325805607 0.0004079603231403475 -0.4170615261903111
0.890835793543692 0.1624580317677277 -0.4161862244602391
0.8116342670481651 0.2349817506032783 -0.5411265924449313
0.8325863042237039 0.07881446169516884 -0.5420150581134683
0.9931788575141861 2.424208800064883e-07 -0.1423148382732862
0.9931848546773229 -0.08305765774385482 0.002229180142826948
0.9931788575141866 2.424208800064883e-07 0.1423148382732831
0.9931728479522416 0.08322986027303472 0.0004286767830898197
0.9933240195603714 0.0004531229208913583 -0.1430879515342573
0.9720600751301605 0.1664423800511129 -0.142137353573403
0.9305387850232957 0.2479013734483669 -0.282505670102401
0.9517539867069066 0.0831758994304248 -0.2829363910164834
0.9930785062175026 -0.0004169314054007387 -0.1430191939353358
0.9731302431005462 -0.1656569052017526 -0.1374524634612884
0.9333508443480559 -0.2460627230390388 -0.2738045303903514
0.9529243899577606 -0.08259350533651322 -0.2800558513750145
0.9931665098694997 0.0004218501111295455 -0.142557924874188
0.972217584821032 0.1664736528608747 -0.1426673802334723
0.9725412495676329 0.2467085783767568 0.001025413604836828
0.9931851955969279 0.08280825258278517 0.0006717633839916871
0.9933097851169518 -0.0004377948832652364 -0.1425567659877606
0.9728989642010969 -0.1656360417238881 -0.1379148914088637
0.9727911162850109 -0.2462194455766038 0.006354612438702329
0.993053927074557 -0.08261962043970957 0.002471107857301362
0.9931524018224261 -2.90287437473394e-07 0.1432928963590218
0.9528825667589661 0.08029048404105327 0.2804631900320113
0.9129629552960128 -2.902874374537539e-07 0.4163930710876224
0.9530988377368094 -0.08045900439975612 0.2796789283077603
0.9931983736686474 0.0004220574341026723 0.1425579998321866
0.9931533317977808 0.08280804525981206 0.0001855152241863211
0.9725731133667801 0.2467087856997299 0.00151166176464219
0.9729614781470957 0.1630589208567164 0.1413099345677571
0.9929170795305933 0.0003830225906332547 0.1429879710204477
0.9732427722851495 0.1630979557001858 0.140879963379496
0.9345484179681971 0.2380851700283868 0.2761607134842063
0.9531178890507989 0.07990717116298253 0.2807681153705854
0.9929221174485456 -0.0003824712439189654 0.1429884709920133
0.973109211632785 -0.1630354054376302 0.1418355028238061
0.9351174168966288 -0.2385788282040824 0.2738169822869527
0.9533291221106898 -0.0800768234432746 0.2799833536747688
0.9931044654165597 -0.0004078284959007455 0.1425570568147956
0.9932592467749495 -0.08264958682707405 0.001986961601314416
0.9725857965846184 -0.2461894791892393 0.006838758694689252
0.9729268636647708 -0.1630100481856485 0.1422669170010238
0.9126067901755984 1.470413238464687e-05 0.4173267975484733
0.8353753010869192 0.08299573260923682 0.5368631072988039
0.7587243691753398 1.470413238468467e-05 0.6567725184918717
0.8352505758774588 -0.07472471574811357 0.5382702607693176
0.9120394722272739 -0.0003101826119955059 0.4167292613373632
0.8358178938257833 -0.0743998290037334 0.5388677969804277
0.820778353595952 -0.2216840286086744 0.5316563345778814
0.8956828038712702 -0.1548524073609793 0.4102175466767622
0.9126252617617679 0.0004235448509529174 0.4170511959421743
0.8353568295007497 0.08258689189066855 0.537138708905103
0.81847050263082 0.2460693364837401 0.5257115804302573
0.8942113931659423 0.1628182771683183 0.4087001503084036
0.9125298292362131 0.0003734538009825394 0.4165013173669102
0.9533156928187658 0.07991673995263328 0.2803549437527234
0.9343506142002302 0.2380756012387361 0.2765738851020683
0.8943068256914971 0.1628683682182887 0.4092500288836677
0.9126385169840259 -0.0003862585875548243 0.4165347413265453
0.9534232760487963 -0.08007303609963873 0.2795372580688373
0.9350232629585223 -0.2385826155477183 0.2742630778928843
0.8950837591145182 -0.15477633138542 0.4104120666875802
0.7580805089607824 1.679987186453827e-05 0.6575507758815469
0.6502696640046757 0.08299363686975512 0.7504511971977191
0.5429717520621219 1.679987186459102e-05 0.8439435747674443
0.6395724355443668 -0.07220746154518973 0.7606896615901646
0.7576752902353286 -0.0002780294382755144 0.656323480978569
0.7350604897230746 -0.1468843267235345 0.6582300403140611
0.8202965926042654 -0.2216518754349544 0.5318048332756889
0.8362996548174699 -0.07443198217745337 0.5387192982826203
0.7584487809042528 0.0004203284917274352 0.6568828965852039
0.8356508893580062 0.08259010824989407 0.5367527292054717
0.8181764427735635 0.2460661201245146 0.5260975601298887
0.7425681484081026 0.1655542241256392 0.6437556764945832
0.7581352914378546 0.0004203284917274043 0.6572446827154662
0.6502148815276033 0.08259010824989226 0.7507572903637997
0.6371812936701451 0.246066120124509 0.734977097113282
0.7428816378745007 0.1655542241256393 0.6433938903643209
0.7581540361031237 -0.0003895927847305975 0.6573473685328818
0.7345817438552795 -0.1467727633770794 0.6572061527597483
0.6083351117882457 -0.2143311626722736 0.768696169908653
0.6394989084020254 -0.0718010688885946 0.7608930689388296
0.5420309400886008 1.392451970390536e-06 0.8442974768025486
0.4125911593471105 -0.0830118291935843 0.9034486183599887
0.2831226794744316 1.392451970453953e-06 0.9625369175858661
0.4101513746303934 0.08379625118391855 0.9044865243608388
0.5423513780465424 0.0004532311514598495 0.8444070363223201
0.5291701321859222 0.1663704731497101 0.8277108306332653
0.3970076062683222 0.2483939919191968 0.8876113175380579
0.4098309366724516 0.0833444124844291 0.9043769648410673
0.5424110851124715 -0.0004498818713463934 0.8445543029233604
0.4122110143232396 -0.08256055487026751 0.9031917922391768
0.4044568222659972 -0.2460956735041094 0.8850613293088793
0.5202574952056747 -0.1544096436249324 0.8354516022822841
0.5426247735310361 0.0004156620358579968 0.8439123172411569
0.5288967367014286 0.1664080422653119 0.8282055497144284
0.6367795326619871 0.2460614536686396 0.7352519327530752
0.6506166425357613 0.08259477470576171 0.7504824547240064
0.5416808979483974 -0.0001898056596460855 0.8426995379168215
0.6408632896580913 -0.07200085601367906 0.7619336984407874
0.60697073053218 -0.2141313755471892 0.7676555404066953
0.5209876823697489 -0.1546697198366327 0.8373063672888231
0.2826765181611747 0.0003672550984510462 0.9621351748759573
0.2486101245873196 0.1670249752608439 0.951141107159499
0.3962410069971235 0.248308015866188 0.8871000153083777
0.4105975359436502 0.08343038853743796 0.9048882670707475
0.2829438850343875 -0.0004270450259438226 0.9627273617774695
0.4127699537871547 -0.08258339171567003 0.9032581741683853
0.4038978828020822 -0.2460728366587069 0.8849949473796709
0.2882359837864708 -0.1759244123772505 0.93757399671657
0.2826817035254469 0.0006919804830320455 0.9646460462485644
0.2486049392230475 0.1667002498762629 0.9486302357868919
0.05955810632347169 0.2461920672590075 0.9727762933367174
0.1141460176595435 0.08233013543747905 0.9847259257353344
0.2825962169253686 -0.0005329941205754396 0.9632549890966513
0.1530796550125072 -0.09315803227329952 0.9798656820286359
0.1737449846897532 -0.277214324121892 0.9490447717150401
0.2885836518954896 -0.1758184632826189 0.9370463693973883
0.9302857813529721 0.2482919402922149 -0.2822131981276326
0.9723130788004842 0.166051813207265 -0.1424298255481715
0.972445755588181 0.2471304180303665 0.0007878589195360291
0.9311121060876423 0.3280474838986045 -0.1366282448339644
0.9301670876388193 0.2487136705477898 -0.2824391407844139
0.8709323733600615 0.4026310281147195 -0.269258391181378
0.8717079240877494 0.4807311178508401 -0.125952596255033
0.9312307998017949 0.3276257536430296 -0.1364023021771831
0.9299078838239867 0.2486451367075083 -0.2828576549688855
0.871191577174894 0.4026995619550009 -0.2688398769969064
0.7944797674385917 0.4698137031775998 -0.3932410365387483
0.8508722569211139 0.3199362234877299 -0.4087466160169646
0.9300100216858392 0.2482717922914595 -0.2831394437561152
0.8908329164277519 0.162042450326884 -0.4164258507339786
0.8116371441641053 0.2353973320441219 -0.5408869661711918
0.8507701190592614 0.3203095679037787 -0.408464827229735
0.3969808025568551 0.2487504713464909 0.8871009505289662
0.5018018345867075 0.3307846479958635 0.7951960957868563
0.6364793334660264 0.2464555022115354 0.7352362848251467
0.5291969358973893 0.1660139937224161 0.8282211976423569
0.3965311877005215 0.2490315809034501 0.8868571953769883
0.3423240006623938 0.4204780283202308 0.8367951781172568
0.4603756717115459 0.4883101770880509 0.7452360753122292
0.502251449443041 0.3305035384389042 0.7954398509388342
0.3969462452185209 0.2502026412613138 0.8896922505724206
0.206418947949375 0.3379170276942113 0.9118184280488512
0.1600933165619796 0.5099766569983959 0.8520645065514494
0.3419089431443945 0.4193069679623672 0.8339601229218245
0.3965669303495439 0.2493472955268851 0.8896401121910114
0.206798262818352 0.33877237342864 0.9118705664302604
0.05987884431162001 0.2469066215351235 0.9728055188467442
0.2482842012348991 0.1659856956001468 0.9486010102768652
0.4045273655064066 0.246503364240897 -0.8845808309232045
0.5200579017222046 0.3267100429351505 -0.7847844457831143
0.6477393998947277 0.2403358846483242 -0.7277100224929889
0.5353168625466651 0.1631141603226038 -0.8245701468140515
0.404334176924001 0.2470142516533967 -0.8847500173724091
0.3674795951644086 0.4081529535522203 -0.831299046583626
0.4962702853753313 0.4848324928958556 -0.7252158424049026
0.5202510903046101 0.3261991555226508 -0.7846152593339096
0.4040900759129035 0.2473453552782408 -0.8857575782578957
0.3677236961755061 0.4078218499273762 -0.8302914856981394
0.192856544257975 0.4804970153088812 -0.8607926424444137
0.2459974458827887 0.3261285811237681 -0.9077713007268566
0.4035009054593583 0.2463886073998448 -0.8845339835257833
0.2770105855642438 0.1652317368458849 -0.9434114162969227
0.1387686136991606 0.2463886074031268 -0.9622663979215467
0.2465866163363339 0.3270853290021642 -0.9089948954589692
0.8217099604191019 -0.2222184367049931 0.5318727360237855
0.8947511970481202 -0.1543179992646606 0.4100011452308582
0.9353558250249203 -0.2390409476684777 0.2746739993496062
0.8645445704769267 -0.2909601591613016 0.4004991386337848
0.8219647059940942 -0.2224658839106024 0.5336133737188388
0.7333923763332457 -0.1460703182478865 0.6564214998709113
0.6095244793102796 -0.2150336078014665 0.76948082279749
0.6986926047259975 -0.2890676501561442 0.6468064925183936
0.8207690846614624 -0.2224168041655204 0.5322425712317697
0.6998882260586292 -0.2891167299012262 0.6481772950054627
0.6562590262628787 -0.4243500481724764 0.6290186060897873
0.7731433864035721 -0.353734828757371 0.5202756896389479
0.8197765598349754 -0.2219173735879972 0.5311375832512947
0.7741359112300591 -0.3542342593348943 0.5213806776194229
0.8275181464708717 -0.4072587514660654 0.3908223224341238
0.8664779710610532 -0.2912612222782976 0.4012342914062756
0.9330544469645431 -0.2464720832293602 -0.2744684748838177
0.8930871915728571 -0.1634785737181131 -0.4110661145886046
0.8148338252677368 -0.2413940448294678 -0.5333355274470237
0.8563927825874358 -0.3243265421918913 -0.3933306781086037
0.9330428719313855 -0.2468667654761138 -0.2742051314686788
0.8564043576205935 -0.3239318599451378 -0.3935940215237427
0.8040145022383248 -0.4772124157794133 -0.3640462131361854
0.8803893211758671 -0.3912103073496898 -0.2552364903401301
0.9335096283393081 -0.2465028008315728 -0.2735794381541283
0.9729714591092942 -0.1652168274092186 -0.1376775556975116
0.9727186213768139 -0.2466386598912733 0.006117276727350141
0.9365682257686301 -0.3139145492632726 -0.1312356044856525
0.9322452629128769 -0.2464599443887124 -0.2735707428386703
0.8811869301943757 -0.3916171284370912 -0.2558708789701385
0.8904881074099852 -0.4429122254437792 -0.1245968573548688
0.9378325911950613 -0.3139574057061331 -0.1312442998011105
0.4036900660695042 -0.2467568948847548 -0.8855474311566641
0.2716143842006595 -0.3658626038368933 -0.8856004347304698
0.1020647564445586 -0.3536153574473115 -0.9341241094810991
0.1715833196738895 -0.2038184686851352 -0.9596536587844317
0.4046856852924227 -0.2464804776888119 -0.8848840941697254
0.531900968184547 -0.1546198211720702 -0.8280109792016362
0.6403187175154536 -0.2157135302004356 -0.7422954955842779
0.5216454850590814 -0.2815052635502654 -0.8006677745759254
0.4037776555387244 -0.2468090444522213 -0.8845040853919857
0.2715267947314393 -0.3658104542694268 -0.8866437804951481
0.3038290650499727 -0.4886318519057984 -0.8217209922746588
0.409957926751614 -0.3731387103936376 -0.8284825184033476
0.4032639534540287 -0.2460419518782648 -0.882802335852059
0.4104716288363098 -0.3739058029675942 -0.8301842679432743
0.5162239656389588 -0.3791912347746733 -0.7695617240971231
0.5230672168974755 -0.2819437893608125 -0.8027495328935917
0.8177232731477692 0.2464032942168606 0.5260215995634575
0.7430213180338967 0.1652170500332932 0.6438316370610143
0.6370416135107489 0.2464032942168551 0.7345393504165886
0.7190510578631011 0.3249193320901801 0.6093353209647583
0.8177425792505715 0.246725663725338 0.5257387723161194
0.7190317517602989 0.3245969625817028 0.6096181482120964
0.6878121003497225 0.4741439781304456 0.5550493116757149
0.7834575156566852 0.3775386896241473 0.4875069166527112
0.8186100948137098 0.2464671822308522 0.5255107459699057
0.8940718009830523 0.1624204314212062 0.4089009847687552
0.934585638908675 0.2385235380358186 0.2769229292169807
0.8651754936012742 0.2985008577973946 0.3940982115754888
0.8167927006559033 0.246166770250113 0.5247944165612149
0.7844073942513533 0.3780975830993722 0.4884512724076157
0.8343847644491507 0.4065474125355772 0.3764024979855005
0.8669928877590808 0.2988012697781338 0.3948145409841795
0.4033726438488783 -0.245979094039962 0.8828758803029759
0.5213416736227937 -0.1545262230890799 0.8376370512881876
0.6066167392791353 -0.214274872294742 0.7673248564073308
0.5623205991042535 -0.2986634208221629 0.7693549433483858
0.4031405610709053 -0.2460601815710928 0.8832005636378025
0.3192359274491101 -0.3420228910608104 0.8820389453779087
0.1733353310675952 -0.2770957199396463 0.94672276065399
0.2889933055176476 -0.1759370674648646 0.9393683804584384
0.4034604540787685 -0.2463567827239325 0.8833621416600764
0.4842488207572372 -0.3935730018498632 0.7789707036225528
0.3715171760718227 -0.4920292326779904 0.7897359671382178
0.3189160344412469 -0.3417262899079706 0.8818773673556347
0.4075385890507966 -0.2488708076901077 0.8887965691279972
0.4801706857852092 -0.391058976883688 0.7735362761546322
0.6587128527662844 -0.4265321060609797 0.6341541310117186
0.5581546539023351 -0.2957717071720171 0.7634342545233646
0.63693751486179 0.2470812356456649 0.7354705502975935
0.5013436531909439 0.3301589145617341 0.7949618303144096
0.4612834679636431 0.4886548009652211 0.7457140959366539
0.5998834874959263 0.4065480661587286 0.6835006587038399
0.63729562494583 0.2470253388630473 0.735051836853499
0.5995253774118864 0.4066039629413463 0.6839193721479345
0.6880468056820013 0.4744436532681604 0.5558446253599634
0.7187970464280202 0.324297287443988 0.608822834527848
0.9723593462512505 0.2475319315568946 0.001047816577599841
0.9311985154245725 0.3276459703720764 -0.1368882024920282
0.8717402084649718 0.4807109011217933 -0.1254666959401879
0.9136069771532319 0.398085845350086 0.008419503567754982
0.9723042438605978 0.2470679822413886 0.001720750207803897
0.9732303476532779 0.1626997243150576 0.1411008461245954
0.9345608426000689 0.238483401413515 0.2759398307391069
0.9342503618231858 0.3166926408780144 0.1429684976124043
0.9720631332573607 0.2473823193936598 0.00149521166850935
0.9139031901471217 0.3982354575133208 0.00797210847684547
0.8799877399986108 0.4579094637980582 0.1484839488326931
0.9344914724264228 0.3163783037257432 0.1431940361516988
0.4618399452434021 0.4904642139937344 0.7462114254354282
0.4255842742656119 0.6374587803389596 0.6338636749909783
0.5356720145487194 0.6952501085476912 0.4902708956026596
0.5652954193959355 0.5561585669869874 0.6003228854403638
0.4611768639885963 0.4889349502620748 0.7451408582852589
0.5659585006507413 0.5576878307186468 0.601393452590533
0.6875820916229143 0.4747796993476318 0.5556901011526628
0.5999900914709732 0.4062679168618749 0.684073896355235
0.4605154400403885 0.48946631124931 0.7454412322263531
0.4269087794686253 0.6384566830833839 0.6346338682000532
0.2723494480910858 0.7125845521844087 0.6522142325795792
0.2996715624012208 0.5755009189167626 0.7560647034756768
0.4604935223820114 0.4893831207593763 0.7463195452141708
0.3422061499919284 0.4194050846489054 0.8357117082153154
0.1597961097144457 0.5098785403118578 0.8503129212579587
0.2996934800595981 0.5755841094066964 0.7551863904878592
0.8711987919482215 0.4809617510449868 -0.1260629785260746
0.7932558972731387 0.5479509426200186 -0.2535189775209003
0.7942298391138963 0.4701128702120279 -0.3929329046253183
0.8714415054995894 0.4024003949205728 -0.2691480089103365
0.8713115112998033 0.4814914635226513 -0.1258733076114195
0.7769848857048891 0.6149396446243456 -0.106103265927658
0.698593727637892 0.6804765782620648 -0.2361785317921977
0.7931431779215568 0.5474212301423541 -0.2537086484355554
0.8713443654249521 0.4814420472403457 -0.1253907412384806
0.7769520315797404 0.6149890609066511 -0.1065858323005969
0.7457150966870952 0.6698143995195815 0.04481016364957927
0.8375325538489593 0.5396595641061339 0.02309372577041329
0.8712939282296519 0.480921963722338 -0.1252102733808279
0.8375829910442595 0.5401796476241416 0.02291325791276065
0.8798376727571807 0.4582701385618377 0.1482929763011436
0.9140532573885518 0.3978747827495414 0.008163081008394996
0.7939667296772468 0.4704377293960145 -0.3931139438529446
0.6981821537146008 0.6025248407086107 -0.3784869202645832
0.6982178988496605 0.6802717249683868 -0.2365492419344791
0.7935190067097883 0.547626083436032 -0.253337938293274
0.7944664419307483 0.4698496458349768 -0.3937430990798799
0.8508855824289572 0.3199002808303528 -0.408244553475833
0.8115216807944093 0.2358066191175478 -0.5411072399250937
0.7664365157919133 0.379872221605548 -0.5111538340037214
0.7943067525165604 0.4708080215857121 -0.3938277107025438
0.6978421308752872 0.6021545485189131 -0.377773153414984
0.5884478982195641 0.6436555971547347 -0.4971118780842219
0.6920868348033893 0.5163894146524025 -0.4966327424711882
0.792877620456935 0.4693938117847755 -0.3929628177587311
0.6935159668630148 0.5178036244533392 -0.497497635415001
0.6850000865336101 0.4290702002489966 -0.5916746508102293
0.7680253372657269 0.3803280556557494 -0.5119341153248703
0.6983015653751983 0.6807366940410579 -0.2358747410457671
0.6664651701441792 0.7363277898745659 -0.08341796588213948
0.7453900802992529 0.6701239315808802 0.04463138802307099
0.7772770479675826 0.6146795288453523 -0.1064070566740886
0.6979912695555385 0.6810687068338743 -0.2360566713400296
0.5739414997442065 0.7869075352155676 -0.2111284665936381
0.5426990664029596 0.8419717683928383 -0.0577097257231888
0.6667754659638391 0.7359957770817496 -0.08323603558787701
0.6978703626743136 0.6810409177025474 -0.2365286266482735
0.5740624066254314 0.7869353243468946 -0.2106565112853941
0.4701366547770333 0.8209231253291466 -0.3344283391749439
0.5889457594301325 0.7195839087221424 -0.3585148642802631
0.6980917725739999 0.6807429948236017 -0.2368235207015552
0.6983082799902613 0.6020535708533958 -0.3782126414975071
0.58798174910459 0.6437565748202521 -0.4966723900016987
0.5887243495304462 0.719881831601088 -0.3582199702269815
0.7451206101995397 0.6703889730793173 0.0449331981808461
0.6212079742643263 0.7761558970748984 0.07081756204938272
0.5427398921229062 0.8419047970984589 -0.05722598527115118
0.6667346402438924 0.736062748376129 -0.08371977603991462
0.7452320994913171 0.6704113833953219 0.04541673284721912
0.6851664368467997 0.696931564100289 0.1947415135534107
0.563613703725347 0.7999001680350618 0.2222257835429043
0.621096484972549 0.7761334867588937 0.0703340273830097
0.7452684967295109 0.6698516639662392 0.04551757604475084
0.6851300396086059 0.6974912835293718 0.194640670355879
0.7339465803870646 0.608450374440576 0.3119435728558145
0.7912586752751658 0.582142346419553 0.1697122554120742
0.7453910285290001 0.6695315445136979 0.04524094206367098
0.8378566220070544 0.5399424191120175 0.02266294735632157
0.8795640417943857 0.4585073670739619 0.1485432868575827
0.7911361434756765 0.5824624658720942 0.1699888893931541
0.5423311677031095 0.8422473853861823 -0.0578870825310973
0.4387630884787816 0.8757458764852333 -0.1835144207811781
0.4698896629584081 0.8212265314538175 -0.3341337406746084
0.5743093984440566 0.7866319182222236 -0.2109511097857296
0.5423901212522516 0.8420644110742429 -0.05693162615799592
0.621557745134981 0.7759962830991145 0.07052320293622746
0.5631524435629151 0.8000373716948412 0.2220366079896865
0.4830348853453021 0.867060739901005 0.09143717479822065
0.5420173721060644 0.8424417426563804 -0.05757703118431301
0.4390768840758268 0.8755515192150352 -0.1838244721279624
0.2966099459521424 0.9459576162510768 -0.1548959785582881
0.3931202711490487 0.9150944881412642 -0.03505623579042167
0.5420410511069772 0.8423404762115914 -0.05711382606941805
0.3930965921481358 0.9151957545860532 -0.03551944090531663
0.3342524506650024 0.9399236184639151 0.1068964861721624
0.4833839554905764 0.8667846747636564 0.09161937470964278
0.4693331609781503 0.8211167399193366 -0.3342210934808189
0.3254869132573169 0.8919695174875633 -0.3036758011440467
0.2963672395689299 0.9456534674463979 -0.1552933827112828
0.4393195904590394 0.8758556680197139 -0.1834270679749677
0.4693473343802958 0.8214460191455055 -0.3347988957232511
0.3498188151445096 0.8232196212944003 -0.4390438104570285
0.2050399769636389 0.8906197128048704 -0.4146153859271461
0.3254727398551714 0.8916402382613947 -0.3030979989016146
0.4692274613324357 0.8204068046999835 -0.3346314552680976
0.3499386881923697 0.8242588357399222 -0.4392112509121819
0.3695506336961068 0.7452677058518805 -0.5596680464976045
0.4783391861660873 0.7405171718200017 -0.4664677673051417
0.4697080168053844 0.8205041277909095 -0.3346727244901767
0.5893743974017813 0.7200029062603793 -0.3582704789650303
0.5873317012332547 0.6436355001609607 -0.4966218812636499
0.4778586306931386 0.7404198487290755 -0.4664264980830626
0.5632188935966143 0.7993792625523251 0.2225451622723538
0.6147972329784215 0.7057697211414211 0.3437260540512633
0.733515373020138 0.608489188386922 0.3121621083877323
0.6855612469755324 0.6974524695830259 0.1944221348239612
0.5632479610856587 0.7999551704741761 0.2230132194352137
0.4788592422981497 0.793861682510974 0.3654336041426113
0.5348921807904206 0.6946335872309692 0.4881454403129074
0.614768165489377 0.7051938132195701 0.3432579968884033
0.5628904235894573 0.800244885900242 0.222814869238076
0.4792167797943512 0.7935719670849081 0.365631954339749
0.329401779774971 0.8696082598847512 0.3770409979738113
0.4114261922478759 0.8761376266428448 0.2370722727921583
0.5629856004445303 0.8005398483953018 0.2223731970240786
0.4832017284636869 0.8665582632005442 0.09110058576382854
0.3344346776918921 0.9401500300270274 0.1074152751179767
0.4113310153928028 0.8758426641477849 0.2375139450061557
0.7336855832154583 0.6085524721625821 0.3126806661741685
0.6565218072793789 0.5961374880265681 0.455168705320408
0.5350333234966964 0.6941209630847783 0.4881959409364836
0.6146270227831012 0.7057064373657609 0.3432074962648271
0.7342064024553777 0.608437588627624 0.3129749259093285
0.6560009880394595 0.5962523715615264 0.454874445585248
0.6881273010656166 0.4750649340814201 0.554979973371816
0.7555840762568252 0.4985116872016411 0.4163457092110734
0.7341329902310914 0.6081108390463221 0.3120815509299676
0.7910722654311391 0.5824818818138069 0.1695742773379212
0.8796279198389233 0.4584879511322492 0.1489578989128156
0.8197415678775128 0.4930852251596401 0.2805826614981233
0.7331662900495477 0.6074347900821667 0.3120612470853713
0.7566241886626554 0.4995144857470984 0.4172593880350306
0.8346097313538828 0.4070244634163195 0.3763638366125489
0.8207082680590566 0.4937612741237956 0.2806029653427197
0.5346735790070064 0.6936384376081752 0.4883730877753536
0.5662938549376486 0.5577702379265034 0.6022206932676698
0.6872467373360072 0.4746972921397753 0.554862860475526
0.656881551769069 0.5966200135031713 0.454991558481538
0.5345547127727056 0.6947480884369135 0.48913301628837
0.4267015760416256 0.6379608004497374 0.6350015543052678
0.2725566515180856 0.7130804348180553 0.6518465464743647
0.3817549753183612 0.7657763731228571 0.5100439952234148
0.5344291906672912 0.6946563982558522 0.4883796333192009
0.3818804974237756 0.7658680633039182 0.5107973781925839
0.3292963271480431 0.8693413554835683 0.3774735411772426
0.479322232421279 0.7938388714860909 0.3651994111363178
0.6872833197805639 0.4740760686057692 0.5544458124229988
0.7564280575418778 0.499500552677292 0.4168798701598906
0.8348058624746603 0.4070383964861258 0.3767433544876889
0.7839862962258437 0.3776065991488236 0.4881104159054273
0.2718605765800411 0.7127763554623441 0.6526202484760444
0.3001604339122655 0.5753091156388273 0.7556586875792117
0.1593291558617783 0.5101535340797267 0.849840624166606
0.149534135260662 0.6543286171873004 0.735928338806889
0.2724015247896134 0.7140715002368234 0.652039689709661
0.2233226498426034 0.8205658896611624 0.5172024738826505
0.3292667225249853 0.8704241110833977 0.3784200673817079
0.3819101020468334 0.7647853077040888 0.5098508519881185
0.2716442536532721 0.7133228505169449 0.6517732538888944
0.2240799209789447 0.821314539381041 0.5174689097034171
0.06578220025941592 0.8610207622123911 0.5116096297623836
0.1178674089667697 0.7700860783339969 0.6209816116068902
0.2713305864822325 0.7120945979655424 0.6512766761077776
0.1181810761378093 0.7713143308853994 0.621478189388007
0.01583169568289099 0.7262320850599123 0.690794201261006
0.1500641253584707 0.6550103746841019 0.7372719111751558
0.295986498532512 0.9458909615138182 -0.1554615813870269
0.3258676542937349 0.8917320234201432 -0.3035076024683027
0.2046450625250755 0.890527927646122 -0.414205782360458
0.1783001871820642 0.9450692927642373 -0.2618122792935545
0.2961348835736355 0.9457023223009366 -0.15459932218811
0.3935953335275555 0.9153497820914044 -0.03535289216059974
0.3337537092855827 0.939769590958564 0.1067299374274455
0.2536461045496445 0.9641035150359762 -0.01415637932644022
0.2957066861153655 0.9460499120271525 -0.1551561647985341
0.1785799995992106 0.9449103422509029 -0.2621176958820472
0.03200538330267873 0.9803164032478868 -0.2109069005454289
0.1526544820776255 0.9775741893665412 -0.1204050290895171
0.2956059664986371 0.9449157069566249 -0.154682365635671
0.254175021624643 0.964890130380288 -0.01407333587887922
0.1286645759850827 0.9937769575977529 0.005291536252547647
0.1527552016943539 0.9787083944370689 -0.1208788282523802
0.2046132206811863 0.8897701705989707 -0.4146154635857858
0.2215187942779119 0.8141973540337817 -0.5315387458237408
0.3692437504615143 0.7454573780915028 -0.5598355646113978
0.3502455714269623 0.8240691635002999 -0.4390437327983887
0.2041308886430921 0.8893060170886107 -0.4143636113898538
0.07086864102584904 0.866483901647452 -0.4898391531990353
0.08700479730272009 0.791165120730602 -0.608867580971358
0.222001126316006 0.8146615075441417 -0.531790598019673
0.2040486195744282 0.8908288069177015 -0.414831768526195
0.070950910094513 0.8649611118183613 -0.489370996062694
-0.07925750464161471 0.9005397940138548 -0.4359398191478778
0.0523716492878443 0.9292211401325969 -0.3556416897246953
0.2042206030024528 0.8906868816387593 -0.4143299261688794
0.178724646704687 0.9449103387715997 -0.261688135485133
0.03186073619720237 0.98031640672719 -0.2113364609423431
0.05219966585981971 0.9293630654115389 -0.3561435320820109
0.3694182695742823 0.7464760849615022 -0.5609555283113167
0.2213442751651439 0.8131786471637823 -0.530418782123822
0.08766164845358218 0.7926479811109614 -0.610239396867209
0.2330128059462104 0.7329895471427391 -0.6324778579727328
0.370921688141263 0.746706063457913 -0.5621530402227565
0.4874986114482374 0.6282616145383414 -0.5969922862162982
0.497095626601981 0.486976174981444 -0.7258918842249796
0.3703308161673855 0.6320900368888857 -0.6723723775785636
0.369403641139079 0.7445697202783452 -0.5595581889012848
0.4890166584504214 0.6303979577179092 -0.5995871375377699
0.5867041532032783 0.6428401914964994 -0.496470754445251
0.4784861787231151 0.7412151573935369 -0.4665776249014615
0.3688143241738723 0.7440049922789973 -0.5592394396823525
0.3724381801347761 0.6347911080678014 -0.6752859781189677
0.2397808102702972 0.6538091780558448 -0.7192738747265836
0.2336167513466203 0.735460639825244 -0.634193946601697
0.0866930389554636 0.7916326431112753 -0.6091804728441028
-0.06354865250950276 0.8169962497502038 -0.5684766271357871
-0.07948699392020724 0.8994845265654373 -0.4357845538842813
0.07118039937310552 0.8660163792667787 -0.4895262613262904
0.08648999129299165 0.7922078284055635 -0.6101006961239535
-0.04390411589904388 0.7177956267271614 -0.6895782468706029
-0.1955369522370481 0.7416565268745398 -0.6473079003427151
-0.06334560484703081 0.8164210644559156 -0.5675564038559364
0.08679661906910088 0.7919430699481487 -0.6103561270627478
-0.04421074367515312 0.7180603851845763 -0.6893228159318086
-0.02183199872905029 0.6078897834251614 -0.7982702900663203
0.1024997096142377 0.6881539298503406 -0.7132105085824378
0.0869716195310663 0.7906227306348802 -0.60893360427124
0.1023247091522722 0.6894742691636091 -0.7146330313739456
0.2396947267481912 0.6542550202622686 -0.7196841707595788
0.2337028348687263 0.7350147976188203 -0.6337836505687018
0.1583274442484859 0.5114409481440941 0.8524798345387474
-0.05176065231388759 0.4885124874948725 0.8632632608215598
-0.1933427869359369 0.5757237640205982 0.8028212787524985
-0.006428847015297706 0.6079873976954291 0.7854024874039131
0.1589220355140427 0.5091608986814546 0.8503642732771186
0.2075902289973119 0.3387327860111524 0.9135186613231818
0.05908687813266009 0.246946208952611 0.9711574239538227
0.03288880387960617 0.3791203459119587 0.9206172049091288
0.1587560106493688 0.5101114188790282 0.8498414696025494
-0.006857413416180684 0.6093169269604951 0.7880408523401112
0.01578854056829029 0.7268717273560155 0.6921386190652161
0.1501072804730714 0.6543707323879989 0.7359274933709457
0.158518369434418 0.5098262121346644 0.8509840487456425
-0.05195157749981973 0.4901272235043023 0.8647590466146649
-0.1182406847604633 0.3750612759143839 0.9244311066943299
0.03329246995923092 0.378455032458749 0.919997429440605
0.3285568421511402 0.8698056328786979 0.3776018676574971
0.2240325302164485 0.8211843678658622 0.5180206736068613
0.06582959102191209 0.8611509337275699 0.5110578658589393
0.163370806367014 0.9064913530649961 0.3800831032181385
0.3285760462694892 0.8699163053232226 0.3770888564614701
0.163351602248665 0.9063806806204714 0.3805961144141654
0.09308068732802045 0.9687319977924659 0.2445545015252759
0.253631610733682 0.9322440411451612 0.2442440178435752
0.3288735275857841 0.8694979144238079 0.3767417212986848
0.2533341294173871 0.9326624320445761 0.2445911530063606
0.3338112486476321 0.9397447220710242 0.1075576706568475
0.4119544444370628 0.8762479721037882 0.2373715494672848
0.06539134081623924 0.8612083861610902 0.5107564818150586
0.1638090565726869 0.9064339006314757 0.3803844872620192
0.09262323300399862 0.9686787777814615 0.2447661286774221
-0.00338889010170646 0.9241130680224492 0.3730304737053394
0.06494089218302983 0.8610713559660146 0.5109202546223099
-0.002938441468497052 0.924250098217525 0.3728667008980881
-0.1668360733630075 0.9230568857791537 0.3561353904998893
-0.09924222539135238 0.8603659590675479 0.4931509427235674
0.06484954546642648 0.8612124383745728 0.5115548786021735
-0.09915087867474902 0.8602248766589895 0.4925163187437037
-0.1928910591751889 0.7800016371704188 0.60164042972668
-0.03747757696316809 0.7916042546223634 0.6036126197177626
0.06518519717074986 0.8593544968453974 0.5104463092289642
0.1184644120554357 0.7717523437009906 0.6221449321403096
0.01554835976526462 0.7257940722443211 0.6901274585087034
-0.03781322866749148 0.7934621961515388 0.6047211890909719
-0.07998603302779705 0.9001409319757548 -0.4363001780069307
-0.2131704257690208 0.8315791582809171 -0.5059645928728072
-0.195832943682166 0.7417377469905692 -0.6469033011855139
-0.06304961340191291 0.8163398443398863 -0.5679610030131377
-0.08028919033884316 0.9003864066479196 -0.4359766231145646
-0.2128672684579747 0.8313336836087523 -0.5062881477651732
-0.3580701408843734 0.8358294365326512 -0.4247264749183348
-0.2229753713877933 0.8987557199481657 -0.3677988521810211
-0.07954209025765366 0.8998335920149857 -0.4352815490654857
0.05265623490388325 0.9299273421314658 -0.3562999598070874
0.03140416715313885 0.9797521300072631 -0.2111800332172667
-0.0925822903449882 0.9476066328115791 -0.2965761134050667
-0.07985642500156365 0.8994164216400732 -0.4351801506856676
-0.2234081367250729 0.8997257049560122 -0.3685953246099182
-0.227143240179695 0.9466625982021973 -0.2386306461592876
-0.09226795560107821 0.9480238031864917 -0.2966775117848848
-0.1956202863567612 0.7405811615654339 -0.6468720000813151
-0.175029689121096 0.6297455228922423 -0.7533926411059596
-0.02222196062487257 0.6070791765734703 -0.797578958866126
-0.04382078177933084 0.7188709920362674 -0.6900141471320029
-0.1963155523068403 0.7415899065743268 -0.6468684684125627
-0.3408269512428644 0.7422063250822549 -0.5709711787749338
-0.3582495921980015 0.8354361214442441 -0.4250151970377498
-0.2126878171443466 0.8317269986971596 -0.5059994256457584
-0.1964624466557306 0.7411829104724115 -0.6471497957003535
-0.3406800568939741 0.7426133211841701 -0.570689851487143
-0.459202366954331 0.6337021210303881 -0.6279389029057263
-0.3213185609854319 0.6375714510416731 -0.6953282532291848
-0.1961887465948992 0.7409994097947552 -0.6474714011388051
-0.174461228882958 0.629327274662921 -0.7527932400484696
-0.3026240556400343 0.5277254292196404 -0.7979435551479969
-0.3215922610462633 0.6377549517193294 -0.6950066477907331
-0.02171577947219152 0.6067467799126423 -0.797884090828368
0.01417377711347148 0.5176831521770019 -0.8523832043309068
0.191673757801119 0.4802317005978828 -0.8589941424251506
0.1375798182727997 0.5839310927330366 -0.7967748374381739
-0.02266572888321212 0.6078603268934089 -0.7991607845797758
-0.1745859208627565 0.628964372572304 -0.7518108153923099
-0.3024993636602358 0.5280883313102577 -0.7989259798041567
-0.1508780456649015 0.5311177827878111 -0.828520153051522
-0.02199173339687912 0.6057393689057038 -0.7963663446315552
0.01444973103815909 0.5186905631839404 -0.8539009505277195
-0.1268917322801073 0.455509594997026 -0.8820502657935677
-0.1515520411512344 0.533238740775516 -0.8313145929997425
-0.02154900739384448 0.6075883024989652 -0.7984044326418968
0.1022167182790319 0.6884554107765369 -0.7130763660068615
0.2398027176214316 0.6552738786493408 -0.721240836126663
0.1374130461944527 0.5830895701467138 -0.7962544956246452
0.09222037288656185 0.9685142647275747 0.2443950407360746
-0.002986029984269676 0.9242775810763361 0.3734015616466869
-0.1667884848472349 0.9230294029203425 0.3556005297512904
-0.06802729926070507 0.9709757185647226 0.2151862681692059
0.09224075352794622 0.969599762362648 0.2440839472114345
-0.06804767990208944 0.9698902209296494 0.215497361693846
-0.1270713338085146 0.9951858735883018 0.04082869341326963
0.03168308273775811 0.9906365179205509 0.09691290895700233
0.0931106944568024 0.9688592744835013 0.2441012041331452
0.2536016036049001 0.9321167644541258 0.244697315235706
0.3335437744601192 0.9402903896614744 0.1074515084275021
0.1856713528704271 0.9717760729463385 0.1192041307305481
0.09256569707128418 0.9675393612872804 0.2437129856294105
0.1862163502559453 0.9730959861425593 0.1195923492342828
0.1284385608490994 0.9937644584487541 0.005707932196430599
0.03135813919442015 0.9926969189959184 0.09728387053902633
-0.1672730943826542 0.9228969768450438 0.3562783712874596
-0.09880520437170566 0.8605258680016576 0.4930079619359971
-0.1932367334782322 0.7797006458277507 0.6011487865343867
-0.2612180085464415 0.8453544860125931 0.4587646819804705
-0.1676034700115288 0.9228339307748896 0.3559216534786582
-0.2608876329175669 0.8454175320827474 0.4591213997892719
-0.4163692627842294 0.8157900709823105 0.4092881716584483
-0.309168092280719 0.8932904902582094 0.3162796405657863
-0.1674064187356386 0.925146956368822 0.3557259230466904
-0.06740936537230137 0.9688581651162433 0.215060874873806
-0.1277096483383027 0.9962179294017081 0.0412651802333097
-0.2124047375522461 0.9524831567449391 0.192721068221288
-0.1671489903346495 0.9218215091031865 0.3551756445442958
-0.3096225719575982 0.8943029119299123 0.3170256495001487
-0.3379447201469641 0.9259843002413536 0.1794153280072409
-0.2126621659532352 0.9558086040105743 0.1932713467236826
-0.3589280088695341 0.8356306288000108 -0.4252506162882441
-0.4799937693616473 0.7292568962845922 -0.4793873496579689
-0.4597338892769732 0.6343036244880702 -0.6278929948684299
-0.3401485345713319 0.7420118177264881 -0.5707357595244393
-0.3589658804270354 0.8353475054736947 -0.4245469280563525
-0.4875636055220069 0.8035909566765685 -0.331054396785558
-0.6098623641178108 0.7027640756725567 -0.3756229533863691
-0.4799558978041459 0.7295400196109083 -0.4800910378898604
-0.3585187471510528 0.8351511262478377 -0.4240310187934175
-0.4880107387979895 0.8037873359024255 -0.3315703060484929
-0.484765612678098 0.8575516173963509 -0.1882097895873291
-0.3588776770489643 0.8854439394339918 -0.2852424818078864
-0.3579745327258787 0.8348031337270317 -0.4239210477858882
-0.3594218914741383 0.8857919319547979 -0.2853524528154157
-0.2274803973584799 0.9466062804044242 -0.2386216914557381
-0.223070979546288 0.8997820227537853 -0.3686042793134676
-0.460170680503682 0.6339569441965262 -0.6277350233801309
-0.4795569781349384 0.7296035765761363 -0.4795453211462679
-0.6102612837870183 0.7027005187073287 -0.3761686701299617
-0.5901705024826076 0.6086771139940949 -0.522944488605748
-0.4599922082730267 0.6331976013223001 -0.6277305140509754
-0.5600024530833021 0.5051247320466473 -0.6516491532733084
-0.6866968282889092 0.477745583848496 -0.5538810841634905
-0.5903489747132629 0.6094364568683208 -0.5229489979349035
-0.4597680082247217 0.6330916084528834 -0.6281326007344421
-0.5602266531316071 0.5052307249160641 -0.6512470665898417
-0.5224856526491252 0.395556813123767 -0.7597932090726974
-0.4302274511011801 0.5212378499691321 -0.7324275896623946
-0.458969011350558 0.6327064853760105 -0.6274473464472671
-0.3215519165892049 0.6385670866960508 -0.6958198096876439
-0.3026644000970927 0.5269132942429191 -0.797130393251086
-0.4310264479753438 0.521622973046005 -0.7331128439495698
-0.6106878504220203 0.7023866968396907 -0.3760272961497968
-0.5897439358476056 0.608990935861733 -0.5230858625859129
-0.6873018671545666 0.478191104855084 -0.5537442195124811
-0.7038088795876269 0.5695792666952049 -0.4153543179414227
-0.6098527529255762 0.7024866424258583 -0.3750739145465232
-0.6039787426233235 0.7587720405700656 -0.2310141497868854
-0.485203134761846 0.8574705633755095 -0.1881766600104181
-0.4875732167142415 0.8038683899232669 -0.3316034356254039
-0.6100290183651489 0.7020680448126664 -0.3749117852125571
-0.6038024771837508 0.7591906381832576 -0.2311762791208516
-0.7047139914555872 0.7021606389348652 -0.1262632839079132
-0.7099915664372546 0.6451295269547863 -0.2722318820887164
-0.6102774660824787 0.7019028500195502 -0.3752344233728786
-0.7097431187199248 0.6452947217479024 -0.2719092439283949
-0.8002977866634053 0.518972410500844 -0.309997030240925
-0.7042192639271685 0.5700631135153452 -0.4161471907183409
-0.6866296124391665 0.4772153594635877 -0.5539273585876244
-0.6477036201413724 0.3652853572429648 -0.6640767342609897
-0.5226426368476874 0.3951325816082754 -0.7594373968133648
-0.5600696689330449 0.5056549564315558 -0.6516028788491746
-0.687199200044753 0.4770729552699847 -0.5540089849637613
-0.6471340325357859 0.3654277614365679 -0.6639951078848529
-0.7197623794284235 0.2168354740042269 -0.6645989730549233
-0.7612317103960805 0.3299038369359396 -0.5521767376954496
-0.6875073002359945 0.4772264049563822 -0.5536573618311004
-0.7609236102048391 0.3297503872495421 -0.5525283608281104
-0.8604156133274912 0.2896005431409263 -0.4275094168903306
-0.7873922265608483 0.4311708185523121 -0.4325885513490458
-0.6869708522756028 0.4773558434339781 -0.5531916042450168
-0.7041398944665908 0.5704145281163107 -0.415906933208887
-0.8003771561239832 0.5186209958998785 -0.310237287750379
-0.7879286745212399 0.4310413800747162 -0.4330543089351293
-0.5228301123713271 0.3947992984417896 -0.7597702111645199
-0.6475161446177327 0.3656186404094506 -0.6637439199098344
-0.7193802673464768 0.2166445950313441 -0.6648501610299418
-0.5930066223362217 0.2442553917941608 -0.7630154575220656
-0.5228670286764727 0.3947993429934745 -0.7605701834319974
-0.5929697060310761 0.2442553472424759 -0.762215485254588
-0.5246025905260525 0.1172388564784434 -0.8478034131659336
-0.4654442130887635 0.276462364798609 -0.8361677093987503
-0.5216153045558534 0.3944571119371261 -0.758985185408795
-0.4666959372093828 0.2768045958549574 -0.8377527074219527
-0.3434311380887894 0.3131408185863486 -0.8875445520653076
-0.3914420313452608 0.4140454972036011 -0.8195089647030721
-0.5220004278434746 0.395155557428975 -0.7596864641379554
-0.4307126759068307 0.5216391056639241 -0.7325343345971368
-0.3029781721656058 0.526897161625 -0.797708902603519
-0.3910569080576397 0.4133470517117522 -0.8188076859739117
-0.7200186990472219 0.2165004061279363 -0.6643573763683578
-0.760975390777282 0.3302389048122301 -0.5524183343820152
-0.8603638327550481 0.2891120255782382 -0.4276194433364259
-0.8194071410252158 0.1753735268950542 -0.5395584853219249
-0.7199314299112084 0.2160221513641092 -0.6644491456369606
-0.7528868646858763 0.06428389239487059 -0.650037095318025
-0.8602804060297238 0.01797956751740054 -0.5158040896938324
-0.8194944101612293 0.1758517816588814 -0.539466716053322
-0.7195880335483104 0.2162684850154846 -0.6652505065345699
-0.5927988561343881 0.2446315018100203 -0.7626151120174375
-0.5247734404227405 0.116862701910899 -0.847403786403084
-0.6381419470000752 0.09713487013891539 -0.7590629335381111
-0.7196156772897726 0.2159184955720279 -0.6648076336087023
-0.7532026173073122 0.06438754818695187 -0.6496786073462834
-0.6609045949368092 -0.04179025215092532 -0.7535883495996224
-0.638114303258613 0.09748485958237213 -0.7595058064639787
-0.860602300180891 0.288775530745995 -0.4273668800129696
-0.9020397691731836 0.1311868364674315 -0.4030155884692875
-0.8606061425915802 0.01812132744898444 -0.5154597571017733
-0.8191686735993728 0.1757100217272974 -0.5398110486453811
-0.8609035094808889 0.2889059729667036 -0.4269867383674785
-0.9017385598731859 0.1310563942467229 -0.4033957301147786
-0.9657918268276873 0.08454064255573465 -0.2589173914265867
-0.9242560113522242 0.2376568150300833 -0.2868908985293694
-0.8603838562215537 0.2891879264502189 -0.4266689307535015
-0.9247756646115595 0.237374861546568 -0.2872087061433463
-0.9298887166146028 0.334724026619256 -0.1708894790155998
-0.8686236204464516 0.3833410547846669 -0.3042833175769203
-0.8599928196487144 0.2893803396272276 -0.4267996262752261
-0.7878150202396249 0.4313910220660107 -0.4332983419641503
-0.8004908104055981 0.518271353908584 -0.309993254721358
-0.8690146570192908 0.3831486416076581 -0.3041526220551957
-0.8607843586906886 0.01777408961640489 -0.5151741898989741
-0.9245916392434006 -0.02969702218119731 -0.3708850000961961
-0.9656688336267979 0.08406296250244651 -0.2590119658692785
-0.9018615530740752 0.131534074300011 -0.4033011556720868
-0.8608067978207866 0.01730790614439598 -0.5153314203732283
-0.9245692001133026 -0.0292308387091884 -0.3707277696219418
-0.9280661843498957 -0.1891554902915746 -0.3313121452229728
-0.8675470355829674 -0.1441425713979724 -0.4687289057233832
-0.8602837716468258 0.0172312570588316 -0.515561515420356
-0.7806052200270638 -0.09479471167872131 -0.6127488970203989
-0.7982914493782842 -0.2568377175086763 -0.5504124897526409
-0.8680700617569281 -0.1440659223124081 -0.4684988106762557
-0.8611658838619469 0.01752478229904605 -0.5167568336996125
-0.779723107811943 -0.09508823691893577 -0.6115535787411426
-0.6621058253904683 -0.04214138157719852 -0.7541826056336607
-0.7520013868536533 0.06473867761322508 -0.6490843513122452
-0.9656124868722745 0.08371792349601793 -0.2586321006594424
-0.9246479859979239 -0.02935198317476874 -0.3712648653060323
-0.9279873984652744 -0.1890343458259942 -0.3307750495388824
-0.969516580710523 -0.08943451440519255 -0.213803892615402
-0.9673750481056906 0.08371044121024573 -0.2584433169977656
-0.9902770926402218 0.02310981751766538 -0.09568238037560059
-0.9908346425835033 -0.1599672777173868 -0.04766603488878467
-0.9677540194771069 -0.08942703211942037 -0.2139926762770789
-0.9657873974135028 0.08423659042567422 -0.258086122312999
-0.9918647433324097 0.02258366830223693 -0.0960395750603671
-0.9926468336016654 0.1439447756692066 0.01953745116384674
-0.9689642020705767 0.1891729205551244 -0.1372999357319722
-0.9652336571133487 0.08447723311159387 -0.258300524887039
-0.9248141810665625 0.2377202244742241 -0.287507765068917
-0.9298502001595996 0.3343786636915999 -0.170590420090029
-0.9695179423707305 0.1889322778692047 -0.1370855331579323
-0.9286877919794445 -0.189492971999437 -0.3305858987697071
-0.9688161871963531 -0.0889758882317498 -0.2139930433845773
-0.9897724748642572 -0.1604184216050574 -0.04766566778128626
-0.9488636606226506 -0.2386112463310201 -0.1871816298450305
-0.92722321653401 -0.1894458441512692 -0.3310054119352093
-0.8683900033988532 -0.1438522175382777 -0.4690356390111466
-0.7979715077363593 -0.2570514222828066 -0.5498756614177498
-0.8535731625211446 -0.3012442209338471 -0.4188721341100961
-0.928424646861767 -0.1901306887781213 -0.3312642241988658
-0.8523717321933876 -0.300559376306995 -0.4186133218464396
-0.8186368706379192 -0.4502371097962866 -0.3673938063497494
-0.8907595311079247 -0.3351687391363321 -0.2938026477107858
-0.9264810825646429 -0.1893159336436517 -0.3302648916388736
-0.9510703700374521 -0.2387882846868054 -0.187502636975864
-0.9163996191078809 -0.3615095914862341 -0.1811219784927936
-0.8927030954050488 -0.3359834942708017 -0.294801980270778
-0.9903462598943185 -0.1598182433843722 -0.04700207606277715
-0.9907654753294067 0.02296078318465078 -0.09634633920160812
-0.9937461016046684 0.1435676607867927 0.01984421530508777
-0.9933643369163685 -0.02218929199658796 0.06450559053371004
-0.9898046473473124 -0.1601475350527224 -0.04661330783733651
-0.9939059494633743 -0.02186000032823782 0.0641168223082694
-0.978567489411329 -0.04988057784504433 0.217832206026546
-0.9764743673947837 -0.1602774288973812 0.1150948239624793
-0.9907065696071005 -0.1612779201883819 -0.0469612932317473
-0.9389933277721381 -0.3228454374990866 -0.06556548711170064
-0.9016687324738799 -0.4422835685434344 0.03307838479110584
-0.9500470702509185 -0.291207343331567 0.05334160395209723
-0.9883700988023414 -0.1604291726245071 -0.04719976203150924
-0.9413297985768971 -0.3236941850629613 -0.06532701831193868
-0.9172039524607666 -0.361697380861469 -0.1809770798738501
-0.9502660366845663 -0.2386004953115704 -0.1876475355948075
-0.9882669945379694 -0.1602851126852428 -0.0467820576927099
-0.9524866453200496 -0.2922001508347061 0.05316236841305983
-0.9503637140243401 -0.2678984359565229 0.1720196786460979
-0.9780120202041268 -0.1601398512648608 0.1152635738178527
-0.7979720119166482 -0.2574640107761956 -0.5500061881724619
-0.7613235052375648 -0.4080423395549975 -0.4983156202425403
-0.8174359444904512 -0.4499648536628235 -0.367265520840805
-0.8535726583408555 -0.3008316324404581 -0.4187416073553839
-0.7986627284781914 -0.2580312591871343 -0.5509711198179976
-0.7606327886760217 -0.4074750911440589 -0.4973506885970048
-0.6541621027708396 -0.5078566481327375 -0.567595831289519
-0.6988754438322234 -0.3585192462900779 -0.6123666880291111
-0.7996233417310639 -0.2572261297373133 -0.5521724750931841
-0.7792733276742841 -0.09440629945008433 -0.6109889116798556
-0.6625556055281268 -0.04282331904604994 -0.7547472726949475
-0.7017288721248377 -0.2032217146177817 -0.6751032836021147
-0.7967823197674676 -0.2568848099756262 -0.5496688508928533
-0.704569894088434 -0.2035630343794687 -0.6776069078024456
-0.6363140394746892 -0.3059075112569536 -0.7102906123947372
-0.7007558525429471 -0.3596656955015859 -0.6136689569542554
-0.8171577792750442 -0.4502676563264288 -0.3672403335581319
-0.7616016704529719 -0.4077395368913923 -0.4983408075252135
-0.6531932209938894 -0.5075922023854041 -0.5666057123613102
-0.7105186079299872 -0.5497283021882378 -0.4331215722917955
-0.8178575672449176 -0.4510469780574813 -0.3673055710476751
-0.7098188199601138 -0.5489489804571853 -0.4330563348022523
-0.6470461413385957 -0.6791549580327302 -0.356829921945476
-0.7589188058145843 -0.5760280274313792 -0.2914781076194084
-0.8174357657806677 -0.4504492926577006 -0.3667085108378522
-0.7593406072788341 -0.5766257128311598 -0.2920751678292313
-0.7989447321488978 -0.5880082926314274 -0.1466781889796984
-0.8487876719471692 -0.4689137340457924 -0.2325568149868797
-0.8166848039080373 -0.449680839716106 -0.3664542615425281
-0.8495386338197997 -0.469682186987387 -0.2328110642822039
-0.9163911166751231 -0.3617680765405231 -0.1811817662455645
-0.8927115978378066 -0.3357250092165126 -0.2947421925180071
-0.9923622372350435 0.1437324015924717 0.02027004267496108
-0.9754597258943827 0.105812088475747 0.1772343868492601
-0.9777252375887101 -0.04938654537101516 0.2178692651709787
-0.9947482012859931 -0.02235403280226701 0.06407976316383672
-0.9928313052787461 0.1442369201557422 0.02046821477633315
-0.9749906578506803 0.1053075699124765 0.1770362147478881
-0.9354437357338361 0.2201871970275536 0.2887903274611485
-0.9532669096004055 0.2574936244428391 0.1342293594613941
-0.9925030673014433 0.1443618326200199 0.01968143737141449
-0.9691079683707987 0.188755863604311 -0.1374439219395399
-0.9302601741595317 0.3345550779564936 -0.1702320313084213
-0.9517142966918813 0.2958729332051729 -0.01972224509921236
-0.9925768242524876 0.1444984236947485 0.02010827308352539
-0.9535213906266641 0.2572321209038329 0.1345893011542019
-0.9145856354513842 0.4021476471061537 0.09112230513323742
-0.9516405397408371 0.2957363421304443 -0.02014908081132325
-0.977961788243893 -0.04923852427096852 0.2183621516922808
-0.938363412527329 0.06091758375116755 0.3304933412584385
-0.9352112183453164 0.2198306995643297 0.2890850418810785
-0.9752231752392 0.1056640673757004 0.176741500327958
-0.9778170779277745 -0.04958435590896399 0.2186491637044632
-0.9385081228434475 0.06126341538916302 0.3302063292462561
-0.8829678552260477 0.01104905923998451 0.4760651089443587
-0.9231140223729578 -0.1013666608579084 0.3621770621498548
-0.9784011760036597 -0.05009239098782987 0.2187231033695608
-0.9225299242970725 -0.1008586257790425 0.3621031224847572
-0.8896203628417892 -0.2623358295363758 0.3838924684681094
-0.9421555278733175 -0.1942678868522392 0.2587576943136696
-0.9763450393763446 -0.04977423450745869 0.2178306614170886
-0.978696817429768 -0.1603837722349668 0.1150963685719367
-0.9496789167986988 -0.2676545149864168 0.1721868838920139
-0.9442116645006325 -0.1945860433326104 0.2596501362661418
-0.653070596696428 -0.5080113811207696 -0.5666765948599568
-0.7106412322274486 -0.5493091234528722 -0.4330506897931488
-0.6462237290712608 -0.6787948150370432 -0.3568355669545794
-0.5848206609132967 -0.6342783382784927 -0.4999601565527398
-0.6531206702191038 -0.5084139866393381 -0.5673205934978318
-0.5223987230416117 -0.5669150097533154 -0.631489236562949
-0.4428736869480119 -0.7011860150939717 -0.5648938990026351
-0.5847705873906208 -0.6338757327599241 -0.4993161579148648
-0.6528165546405509 -0.5077536986727549 -0.5672536305497045
-0.5227028386201648 -0.5675752977198988 -0.6315561995110764
-0.461821766355098 -0.4808463768207122 -0.7491777972681075
-0.5869688381897165 -0.4336415272617417 -0.6794452281476431
-0.6527376255976342 -0.5072619452840196 -0.5668611474629626
-0.5870477672326332 -0.434133280650477 -0.679837711234385
-0.6367699710122076 -0.3064592576197438 -0.7108581974933251
-0.7002999210054289 -0.3591139491387957 -0.6131013718556675
-0.6463732120962784 -0.6796453153978862 -0.3572078847359227
-0.5846711778882792 -0.6334278379176499 -0.4995878387713967
-0.4429730964503537 -0.7016339099362462 -0.5646222181461034
-0.5069052733611212 -0.7493344935606581 -0.4173776243995962
-0.6461481427907703 -0.6796509701861975 -0.3566452319810262
-0.560544368048831 -0.7806974613192136 -0.263913723924187
-0.4222144395863409 -0.8510317523794378 -0.3226586565529836
-0.5071303426666293 -0.7493288387723466 -0.4179402771544927
-0.6463008233700325 -0.6793818539428088 -0.3562245971872618
-0.560391687469569 -0.7809665775626025 -0.2643343587179514
-0.6016919403769881 -0.7952360376556926 -0.108290695333558
-0.6873674669181719 -0.6923365397911586 -0.2049789573253001
-0.6465872513940574 -0.6790425255442982 -0.3562731625232848
-0.6870810388941468 -0.6926758681896691 -0.2049303919892771
-0.7989076436686094 -0.5884935455427762 -0.1467184897673302
-0.7593776957591226 -0.5761404599198111 -0.2920348670415996
-0.4424423933170394 -0.7017278238426026 -0.5644334652435559
-0.5074359764944355 -0.7492405796543016 -0.4175663773021437
-0.4219088057585347 -0.851120011497483 -0.3230325564053326
-0.3613669803665622 -0.8003122033602312 -0.4713052922981618
-0.4424728094777384 -0.7010831908779829 -0.565158602442426
-0.3710317974597217 -0.6248434320137475 -0.6820404301024003
-0.4617250044633774 -0.4814038405713066 -0.7495094636560258
-0.5227996005118855 -0.5670178339693045 -0.6312245331231583
-0.442067761414757 -0.7014040141941944 -0.5651240939061045
-0.3714368455227031 -0.6245226086975358 -0.6820749386387218
-0.2006914056664753 -0.6759909063040045 -0.713803889460603
-0.2868590632985386 -0.7408360374455756 -0.601742373720408
-0.4418862239681893 -0.7012452579466728 -0.5644403508984659
-0.3619231497154124 -0.8007947692561611 -0.4712984066432517
-0.2139322395923066 -0.8321477752810802 -0.5170728511590147
-0.2870406007451063 -0.7409947936930973 -0.6024261167280465
-0.4221595395016918 -0.8512642512160353 -0.3222424078822472
-0.4637253330568135 -0.8670635618456313 -0.1625639157615632
-0.6014843597130769 -0.7957376527356789 -0.1082950814565858
-0.5605992681334802 -0.7804649624826161 -0.2643299725949236
-0.4217773432911581 -0.8515721089436842 -0.3221684831664555
-0.3159978227848867 -0.9202844182408736 -0.2152539942419352
-0.3584776428286264 -0.9356062048772178 -0.05475878539191124
-0.4641075292673473 -0.8667557041179825 -0.1626378404773548
-0.4214010776740431 -0.8514962497227977 -0.3224971715662742
-0.267618963302887 -0.8855610696651526 -0.3708236421902079
-0.1624187623341946 -0.9541753618977772 -0.2641944011786682
-0.3163740884020017 -0.9203602774617601 -0.2149253058421166
-0.4215132267268959 -0.8513714144850277 -0.3229598007434112
-0.2675068142500341 -0.8856859049029224 -0.3703610130130708
-0.2140928299095179 -0.8328817441645547 -0.5169932098421832
-0.3617625593982011 -0.8000608003726863 -0.4713780479600831
-0.6013740789449153 -0.7958724664486183 -0.1078413020440652
-0.4961831143137409 -0.8643413552471025 -0.0001964960495166766
-0.3587495582709986 -0.9354331608625085 -0.05437893069518229
-0.4638356138249751 -0.8669287481326919 -0.1630176951740838
-0.6016481165753594 -0.7957197745590396 -0.1074739882362117
-0.6240966989799333 -0.7751978272242285 0.05336409600451394
-0.5182835832961523 -0.8440201450796125 0.1603533471301853
-0.4959090766832968 -0.8644940471366811 -0.0005638098573701686
-0.6019720039583456 -0.7953717718321388 -0.1075651826854406
-0.623772811596947 -0.7755458299511292 0.05345529045374277
-0.7386900227417925 -0.6706456385703877 0.105490735476731
-0.7182388812103973 -0.6892419883918409 -0.04999713866751304
-0.6023008374748515 -0.7954571562602981 -0.1080277273523258
-0.7179100476938916 -0.6891566039636818 -0.0495345940006278
-0.7992301127424479 -0.5890539925458923 -0.146406956450075
-0.6867585698203085 -0.6921154211865531 -0.2052419253065323
-0.3585899181047423 -0.9354706659594314 -0.0539264145715762
-0.4963427544799972 -0.8643038501501794 -0.0006490121731227706
-0.5178499054994519 -0.8442103420661141 0.1604385494459379
-0.3830528568488354 -0.9139617802213884 0.1064052145362796
-0.3580209572577629 -0.93576801615479 -0.05465410755121693
-0.2039501563632665 -0.9699661736185204 -0.1035296146040351
-0.1623383423804461 -0.9544130323962359 -0.2637610349381552
-0.3164545083557502 -0.9201226069633014 -0.2153586720826295
-0.3578800402955815 -0.9358013033006 -0.05418511642601136
-0.2040910733254479 -0.9699328864727106 -0.1039986057292406
-0.08834895373699193 -0.9994233345783294 0.009256890248913812
-0.2389437893518531 -0.965941510410984 0.05569151157194514
-0.3581390951445915 -0.9355653114174971 -0.05384679020434454
-0.2386847345028431 -0.9661775022940867 0.05535318535027832
-0.2660524257892596 -0.9443000496865162 0.2096641674385716
-0.3835036798089862 -0.9138671347633228 0.1063255901690479
-0.5185965843078086 -0.8439058334041423 0.1607259548395232
-0.6334900340663018 -0.740275027199125 0.2090606927472317
-0.7386791363704626 -0.6708793296218184 0.1059545376352977
-0.6237836979682768 -0.7753121388996986 0.052991488295176
-0.5180641133735076 -0.8434845449717432 0.1610212334023304
-0.634022505000603 -0.7406963156315243 0.2087654141844245
-0.6315839488469606 -0.6931676277757505 0.3555345217284723
-0.5168067947831846 -0.7941337804406939 0.310581458921571
-0.5178938519022495 -0.8440108950068186 0.1612120215352031
-0.5169770562544427 -0.7936074304056184 0.3103906707886982
-0.3907507605355702 -0.8291311813874895 0.4079375881279956
-0.3935695379329036 -0.8776752707042305 0.2611695556658788
-0.5176163705019604 -0.8440580455719479 0.1608425302492087
-0.383286391846327 -0.9141140767155549 0.1060012337330088
-0.2662697137519189 -0.9440531077342842 0.2099885238746107
-0.3938470193331926 -0.8776281201391013 0.2615390469518733
-0.1618639053362818 -0.9544832219113181 -0.263644873521226
-0.04540694674130742 -0.9841197282055262 -0.1505876854230518
-0.08801543365500909 -0.9994602369476017 0.008904060540637471
-0.2044245934074307 -0.9698959841034384 -0.1036457760209643
-0.1615165852489822 -0.9543823397334557 -0.2639779498107447
-0.001364542204687636 -0.9480726097356088 -0.3074354811924408
0.1133178173279823 -0.9778691100458144 -0.1937748476611708
-0.04575426682860705 -0.9842206103833886 -0.150254609133533
-0.1616438301063734 -0.9544481583357719 -0.2644985989623546
-0.001237297347296379 -0.9480067911332923 -0.3069148320408308
0.04355207877365454 -0.892360411923603 -0.4570072595496535
-0.1114970183664332 -0.8986955357187071 -0.4157281203393395
-0.1620835419257113 -0.9542010039969288 -0.2645479109577235
-0.2679541837113703 -0.8855354275660009 -0.3704701324111526
-0.2136454604481817 -0.8330322215014763 -0.5168840904441014
-0.1110573065470953 -0.8989426900575502 -0.4156788083439707
-0.08754344911461305 -0.9995203498681884 0.00902201348901603
0.07172706539983906 -0.9934052977212979 -0.03451861462488368
0.1134424817810787 -0.9780301051442635 -0.1933238184232735
-0.04587893128170344 -0.9840596152849395 -0.1507056383714303
-0.08741912173298631 -0.999458167774212 0.009490886480070385
0.07160273801821232 -0.9934674798152742 -0.03498748761593802
0.1867480078638498 -0.982475383776767 0.08072243017220866
0.02887880206058812 -0.9884448787661171 0.1243842685570559
-0.08775032791441532 -0.9994767078424872 0.009832876458108819
0.02921000824201713 -0.9884263386978418 0.1240422785790174
-0.01318166269111338 -0.9636564684281826 0.2791826456880961
-0.1232517914109014 -0.9746841391442645 0.1674101648729898
-0.08813165748743254 -0.9990808735036627 0.009671732660600311
-0.2391610856014125 -0.9662839714856505 0.05527666916025863
-0.2655760746906902 -0.9441935804949523 0.2097406836285913
-0.1228704618378841 -0.9750799734830891 0.1675713086704983
-0.9351732938625255 0.2199470686170847 0.2895613201189848
-0.879991396901759 0.1716115565738223 0.4351663290341777
-0.8830746410593753 0.01151125993073498 0.4762543751700825
-0.93840133701012 0.06080121469841256 0.3300170630205323
-0.9348407238451771 0.2203502819388634 0.2895608041891591
-0.8584571059680829 0.3282180681360071 0.385975470009687
-0.8046239098898261 0.2792492186859912 0.530025586674319
-0.8803239669191073 0.1712083432520436 0.4351668449640033
-0.9351612234826431 0.2207866482644166 0.2893536511506037
-0.8581366063306169 0.3277817018104538 0.3861826230482425
-0.8185709627207746 0.4771521330678624 0.3305544044340468
-0.8944973444244917 0.3689911578832268 0.2381098984341771
-0.9347018017583971 0.220440404320891 0.2887884596866482
-0.9540088435758447 0.2572404171495017 0.1342312272358945
-0.9140981825022036 0.4021393508604849 0.09148037905154492
-0.8949567661487379 0.3693374018267525 0.2386750898981327
-0.882775917784306 0.01159921847599791 0.476627822216845
-0.8062896458698031 0.1187844003368513 0.5737274298726547
-0.8046577566321051 0.2789339639094754 0.5303995496509072
-0.8802901201768283 0.1715235980285593 0.4347928819874151
-0.8826284850435845 0.0112378174773869 0.4769131737176994
-0.8064370786105246 0.1191458013354623 0.5734420783718004
-0.7150165651315111 0.06347631985609961 0.700947626304946
-0.793259961931417 -0.04546489712157331 0.6017008200986669
-0.8827624960578774 0.01077879829969332 0.4768058616082951
-0.793125950917124 -0.04500587794387972 0.6018081322080709
-0.7654960020330049 -0.208948772688939 0.6140732186526455
-0.8512748008898565 -0.154789013526629 0.4945896336568802
-0.88316242636168 0.01065883940181393 0.4764930892719472
-0.850874870586054 -0.1546690546287496 0.4949024059932283
-0.8892308359015363 -0.2622180142956805 0.3842465091306004
-0.9229194512373255 -0.1009764410197378 0.3617490818222663
0.1139003619046488 -0.9778973008771797 -0.1931935757560758
0.07126918527626891 -0.9935381019883817 -0.03464885729208131
0.1870815606057932 -0.9824047616036595 0.08038379984835194
0.2297264948959744 -0.9669159401922967 -0.07547915161899293
0.1141620448552628 -0.9775053778810211 -0.1935008372433237
0.2880193760441715 -0.922823396526532 -0.2437852190344509
0.3821755410822876 -0.9205368421899328 -0.1120093221797518
0.2294648119453604 -0.9673078631884553 -0.07517189013174512
0.1136594638950707 -0.9773731298553421 -0.1939704281887752
0.1740075281121983 -0.9133571168641444 -0.3601135857877594
0.04402097019813422 -0.8917986131308144 -0.456682190925648
-0.001706188771776054 -0.9485685899260812 -0.3072399006648363
0.1149119178048635 -0.9804613599930841 -0.1949688792585071
0.2872695030945709 -0.9198674144144688 -0.2423171770192674
0.3580454999731338 -0.8425801763598936 -0.4175932920039754
0.1727550742024055 -0.9102688867264022 -0.3591151347180275
0.1875361627313291 -0.9823556516201722 0.08050961662686874
0.2292718927704384 -0.9669650501757839 -0.07560496839750974
0.3823684602572095 -0.9208796552026042 -0.1115762439139872
0.3346673769973285 -0.9379425748439644 0.03955494142564695
0.186867314962894 -0.982333065654682 0.08116603303285452
0.1446233718561496 -0.9569994421461894 0.2381789055727345
-0.01273114941064018 -0.9634956102378225 0.2792842585707035
0.02875949496154393 -0.9885871968882021 0.12394066569641
0.1873727651814158 -0.9825626368778212 0.08135610422269235
0.1441179216376277 -0.9567698709230501 0.2379888343828967
0.2560954767875981 -0.9057308728263184 0.348171505141545
0.2923143455435595 -0.9326798996393691 0.1935917734107674
0.187429220497606 -0.9817233455372727 0.08088972972381664
0.3347743192310516 -0.9385748809268638 0.03917482832869906
0.427439230142271 -0.8948513290168414 0.1482915767540514
0.2922578902273693 -0.9335191909799176 0.1940581479096431
-0.804701607334398 0.2797687041843226 0.5302146448278178
-0.858379408523511 0.3276985826376757 0.3857864118561883
-0.8183281605278805 0.4772352522406406 0.330950615626101
-0.7712677913489532 0.4206300090724843 0.4703712524253328
-0.8045555191012314 0.2790608962093339 0.5309158931131184
-0.8063918834006768 0.1186574680369928 0.5732110864104435
-0.7150617603413588 0.06396465315456908 0.7011786182663029
-0.7156200079534656 0.2269599324189402 0.6552065378278468
-0.8041035608404316 0.2794065059152695 0.5307198333485046
-0.7160719662142656 0.2266143227130047 0.6554025975924607
-0.61414721661697 0.332693556713426 0.7200362957910557
-0.7030060718288446 0.3722623096315285 0.6007236575890451
-0.8036402478623141 0.2793957494571342 0.5300144602155629
-0.772329150821037 0.4210029637996726 0.4705714370375876
-0.6801943227983309 0.4978623317292883 0.542479255561451
-0.7034693848069619 0.3722730660896637 0.6014290307219867
-0.4618607393005042 -0.482287977735351 -0.7509643247352987
-0.3708960626225949 -0.623959294849703 -0.6805855690231274
-0.2012321885665834 -0.6765542201518373 -0.7152932590761975
-0.2770846911732811 -0.5393851868377426 -0.7889065228518762
-0.4617612771380548 -0.4817202904583254 -0.7513359920937163
-0.3238293303132805 -0.3933752980746374 -0.8547267511590335
-0.1641800838553556 -0.449268248450207 -0.883734478968995
-0.2771841533357304 -0.5399528741147682 -0.7885348554934586
-0.4630018883177279 -0.4812716928422304 -0.7518912245820788
-0.44070379686283 -0.2995846628354483 -0.8394224051975361
-0.5167041619253768 -0.1721723615287498 -0.8454035080925283
-0.540320690651207 -0.3204606831242157 -0.7706875391161608
-0.4614727487803212 -0.4802915044566243 -0.7489645693499148
-0.5418498301886137 -0.3214408715098217 -0.7736141943483248
-0.6364998824803474 -0.3063961386443912 -0.7110374526618743
-0.5873178557644932 -0.4341963996258295 -0.6796584560658357
-0.462000633663896 -0.4810456934020081 -0.751044197384713
-0.4417050515166619 -0.2998106622756705 -0.8402694323949019
-0.3399330760786178 -0.2439897591346374 -0.913143708458235
-0.3235899737874393 -0.3940498951309547 -0.8550185458680368
0.3830413462308691 -0.9216499404892354 -0.1127102781130833
0.28715357089559 -0.9217102982272294 -0.2430842631011194
0.3581614321721147 -0.8407372925471331 -0.4168262059221234
0.4401198192472984 -0.8566994684025168 -0.2519078634108146
0.3826551999493235 -0.9204969796008854 -0.1114521141719235
0.3343806373052144 -0.938325250445683 0.03943081168358327
0.4278329120681081 -0.8951009594980222 0.1480355933991672
0.4623961717941135 -0.8831805368133523 0.001181034651991875
0.3826627666063496 -0.9199492824982451 -0.1120041235094449
0.4404983988718179 -0.858400126393507 -0.252614018014453
0.5702026486013534 -0.7942310037768024 -0.2221451128579582
0.5095020479387498 -0.8485869974439426 -0.1225203224519289
0.3823405823379638 -0.9193614951268483 -0.1116447318232303
0.4627107894054733 -0.8843160212873895 0.001373652303298631
0.5699744191683312 -0.8233597147555398 -0.03289935226851436
0.5098242322071356 -0.8491747848153395 -0.1228797141381435
-0.01261537688440599 -0.9633943065836705 0.2797336542311217
0.1445075993299154 -0.9571007458003412 0.2377295099123163
0.2557057990953105 -0.9053999979490273 0.3484308296121253
0.0976058857725644 -0.911707208516237 0.3907718781602623
-0.01291579064000057 -0.9637914090424604 0.2802559004860102
0.09790629952815899 -0.9113101060574472 0.3902496319053739
0.04784844645697801 -0.8480209600637318 0.5349533110593597
-0.04456790333019266 -0.9015351300880924 0.4214435185191604
-0.01341294831722661 -0.9630185597555228 0.2793746011828415
-0.1230205057847881 -0.9753220478169244 0.1672182093782444
-0.2654260307437862 -0.9439515061611169 0.2100937829208452
-0.1494678880106334 -0.9348561476023531 0.3131332066273695
-0.01320320272387361 -0.9621867389822186 0.2794329344582609
-0.1496776336039864 -0.9356879683756573 0.3130748733519501
-0.1668587522184541 -0.8826998361038479 0.4439139176075683
-0.04428049124631961 -0.9031398001483341 0.4222664845469097
0.2558173188847772 -0.9052647953252485 0.3488831024087599
0.2093364460102159 -0.8416489907676639 0.4910360039700617
0.04826038000203926 -0.8474886549811632 0.534883337601106
0.09749436598309774 -0.9118424111400159 0.3903196053636278
0.2562318554748279 -0.9049879889201282 0.3488898595701231
0.3647010273268607 -0.818671379987487 0.4363112027652164
0.3188668334583414 -0.7552313086006125 0.5782142950414562
0.2089219094201651 -0.8419257971727842 0.4910292468086984
0.2566683398344542 -0.9053006935535923 0.3486861000323976
0.3642645429672344 -0.818358675354023 0.436514962302942
0.5103648176243452 -0.7793308431196818 0.3730967283043743
0.4005489693582552 -0.8646474359832842 0.2913592725454786
0.2562282849985319 -0.9047350087515191 0.3480597816263951
0.4009890241941775 -0.8652131207853574 0.2919855909514811
0.4275155830370146 -0.8946947562825907 0.1486462277377772
0.2921815373326257 -0.9336757637141686 0.1937034969259173
0.04839308249163514 -0.8473530078576952 0.535359645181991
0.1558419461863876 -0.7602960721424816 0.6250436537615113
0.3185849993578865 -0.7553724678822648 0.578683845460978
0.20920374352062 -0.8417846378911319 0.4905596963891767
0.04798321696116309 -0.8469973449324969 0.5354897513067373
-0.01245408690965014 -0.7541103816664012 0.6516786483600965
0.09746183981800949 -0.6627982713657177 0.746763554574738
0.1562518117168597 -0.76065173506768 0.6249135476367651
0.04752653118393504 -0.8473194862482445 0.535528391862918
-0.01199740113242209 -0.7537882403506535 0.6516400078039156
-0.1813231372087998 -0.7357758817925669 0.6578415562419107
-0.1009357744239785 -0.8260127496799569 0.54816991481031
0.04763366781723245 -0.8461302529259714 0.53430044522611
-0.1010429110572759 -0.8272019830022298 0.549397861447118
-0.1667861187743266 -0.8824137990263293 0.4440840178020678
-0.0443531246904471 -0.9034258372258527 0.4220963843524101
0.04469054739578931 -0.8930856235345134 -0.4577079874339729
0.1733379509145432 -0.9120701064604454 -0.3590877892794345
0.3574626232609961 -0.8407789566258504 -0.4176206374425684
0.2061563225652891 -0.832085272693655 -0.5059601114399179
0.04346722629907496 -0.8919206739262378 -0.4572963616660096
-0.1114121658918536 -0.8991352737160724 -0.4154390182229833
-0.2132906011034234 -0.8328396378429541 -0.5171238805650887
-0.06290357403208194 -0.8367876537399775 -0.5378438917879428
0.04427582185909272 -0.8920851011952522 -0.4576950590098267
0.2065710481019857 -0.8330857950329161 -0.5059730398640642
0.2125620787675538 -0.7495955334807437 -0.6326016456456508
0.07939251910372468 -0.8088232684505676 -0.5763800874355104
0.04378069392534362 -0.8902925349571409 -0.4565302932334127
-0.06321704165835061 -0.8384157927090745 -0.5386099602205396
-0.0184818431704744 -0.7766297908750779 -0.6320300981750291
0.07988764703747377 -0.8106158346886789 -0.5775448532119243
-0.8173285960821881 0.4771315481493898 0.3305359914509113
-0.7722673557946456 0.420733713163735 0.4707858766005226
-0.6802561178247224 0.498131582365226 0.5422648159985162
-0.7172975067086533 0.5554386197090232 0.4147593210892371
-0.8179943215561223 0.4771975041765675 0.3300646616270468
-0.895073985589144 0.3689457867745217 0.2385996412411772
-0.9139809630617973 0.4025309659127156 0.09155582770850038
-0.8395538602782027 0.5066672022028561 0.1806817200533097
-0.8177548968627615 0.4777390652784374 0.3305268038780084
-0.7482926818681043 0.5998468299116567 0.2720599878046803
-0.6414429975760353 0.6799859473647097 0.3638346412384902
-0.71687120592808 0.5548311025799756 0.41476850866214
-0.8177137259023259 0.4774911699170688 0.3300842074803748
-0.839834455931999 0.5063735364623548 0.1806621741999817
-0.7713014067770508 0.6299732488791238 0.1176307124275232
-0.7483338528285398 0.6000947252730252 0.2725025842023139
-0.7149843657241702 0.0630901848535206 0.7013277336469133
-0.7932921613387579 -0.0450787621189943 0.6013207127566997
-0.7653297916113712 -0.2088758885138245 0.614560638104017
-0.6860172045955389 -0.09943946842479416 0.7158375058239415
-0.7145385404157718 0.06319589954321009 0.7015717336967737
-0.6864630299039375 -0.09954518311448365 0.7155935057740809
-0.5643721485773011 -0.149826143246333 0.8159645517368042
-0.5996146393965222 0.01369349962563859 0.7959205819060159
-0.7147892372620602 0.06408438221318406 0.7015795825219653
-0.7158925310327643 0.2268402033603252 0.6548055735721845
-0.6143266517984712 0.3324676760661054 0.7206333198113319
-0.6158602366102128 0.175292210160798 0.7633595110101162
-0.7139467358966781 0.06359856312985243 0.7010201091703282
-0.6002064439156157 0.01329083603899624 0.7964722064324613
-0.5092169151991657 0.1266539207246491 0.8543130749502793
-0.6167027379755949 0.1757780292441296 0.7639189843617531
-0.7649572722425211 -0.2092411063314295 0.6146559510626887
-0.686389723964389 -0.09907425060718915 0.7157421928652697
-0.5644454545168495 -0.1502970757536275 0.8158158646456154
-0.6381388000488543 -0.2657908204681661 0.717891049235146
-0.7655567195157064 -0.2099866526146733 0.615059455422727
-0.6890519511297161 -0.3786446001612194 0.6110069362694422
-0.5703045517676673 -0.4302941865240875 0.7057402142810915
-0.637539352775669 -0.2650452741849224 0.7174875448751076
-0.7647389847116401 -0.2092097043002829 0.6134479343758115
-0.7977055125886584 -0.3229479485574009 0.5044259113061741
-0.8880738882763689 -0.262358987009145 0.3839339971901143
-0.8520318182112213 -0.1545280819152851 0.4952149179337144
-0.7657583495425704 -0.2100587815861449 0.6145166501926786
-0.7966861477577282 -0.322098871271539 0.5033571954893069
-0.7193408282017192 -0.487812023810701 0.5027220477435032
-0.6888503211028519 -0.3785724711897477 0.6115497414994906
-0.5644231406922987 -0.1508148143102973 0.8163649797622382
-0.501605184086266 -0.3106396333630464 0.8025547477734629
-0.5696827906699312 -0.4300663787975135 0.7058858250376759
-0.638161113873405 -0.2652730819114963 0.717341934118523
-0.5639133953768948 -0.1506160221553752 0.8164847648803847
-0.50211492940167 -0.3108384255179686 0.8024349626553166
-0.3627427700048509 -0.3447291716894238 0.8700059516421225
-0.4368671555954735 -0.1956884445705856 0.8737819633190184
-0.5627992445281446 -0.1498304004576838 0.8145241862816284
-0.4379813064442237 -0.196474066268277 0.8757425419177746
-0.3787438956904076 -0.09008900552541631 0.9225393331133389
-0.4874058287006703 -0.03799312039369507 0.8708310767230051
-0.5642249174504953 -0.1497088207026803 0.8165189566209488
-0.5997618705233279 0.01357617708198591 0.7953661770218714
-0.5096614885914535 0.1263685796816595 0.8554191043608694
-0.4859801557783196 -0.03811470014869858 0.8688363063836849
-0.5689919638218519 -0.4301860676066414 0.7055074794431268
-0.5022960109343454 -0.3105199445539186 0.8029330933680122
-0.3625616884721756 -0.3450476526534738 0.8695078209294268
-0.4235967832895975 -0.4435103719403073 0.7856779150262057
-0.568670987252024 -0.4301852547237728 0.704424243833905
-0.4614450274611093 -0.5428140731540992 0.6983915847673977
-0.4744204676617054 -0.640618098219542 0.6076127323568392
-0.5917658059990843 -0.5234828121613024 0.6091866817967979
-0.568879395246533 -0.42994153065831 0.704240136368165
-0.6904771076508504 -0.3789972560269969 0.6125070141823687
-0.7177140416537208 -0.4873872389734518 0.501764775060625
-0.5915573980045754 -0.5237265362267652 0.609370789262538
-0.5689646150666757 -0.4305803650543875 0.7054009294810644
-0.4611513996464576 -0.5424189628234846 0.6974148991202384
-0.3342093401771262 -0.548245133964304 0.7710006778881079
-0.4236241320447736 -0.4431160744925612 0.785784464988268
-0.615093032703359 0.3346800489184069 0.7222606392066891
-0.488619363446127 0.4378447924343056 0.7466314504819601
-0.447427475021216 0.6294408459041904 0.6446886698826451
-0.5836587222088737 0.4894196172470134 0.6385345736046139
-0.613184323857322 0.332599563262742 0.7193259828036535
-0.5855674310549108 0.4915001029026783 0.6414692300076497
-0.6796947430168003 0.4977790947367396 0.5424743157069905
-0.7039689645884926 0.3723563030822125 0.6014339705764474
-0.6135868396883671 0.3324223516918557 0.7204071847554143
-0.6166000487203169 0.1753375345350476 0.7635856460660337
-0.5093196044544437 0.1270944154337311 0.8546464132459988
-0.5081029581009368 0.2685186828638743 0.814696882833693
-0.612940060092134 0.3324885846421968 0.7196896287748596
-0.490772336057352 0.4400362567105158 0.7492024609137896
-0.3942449158904738 0.3413673798276155 0.855708242471321
-0.5087497376971699 0.2684524499135333 0.8154144388142477
-0.3618770613364408 -0.344315634347233 0.8690896277727322
-0.2809160377974477 -0.2464370479015828 0.9249422157663978
-0.3789923378707477 -0.09046108988091689 0.923583587842705
-0.4377328642638836 -0.1961019819127764 0.8746982871884086
-0.3620869258850736 -0.3457438269850712 0.870834110432805
-0.1936870961179211 -0.3905048820822665 0.8949593527151292
-0.123425136986935 -0.524304918811762 0.8478610566348878
-0.2738589573447299 -0.474036043895824 0.8314157189484778
-0.3617456934158488 -0.3448049701869843 0.8698521087648873
-0.2810474057180397 -0.2459477120618315 0.9241797347742426
-0.09408650354390215 -0.2968917807861875 0.9536226222388873
-0.1940283285871458 -0.3914437388803533 0.8959413543830468
-0.3615479868359503 -0.3444830269579013 0.868170224090215
-0.4246104849258228 -0.4440749976358799 0.7870155118654175
-0.3332229872960771 -0.5472862108209853 0.7697696310109585
-0.2743978963938532 -0.475296843922994 0.8340796052910678
-0.7384989069643629 -0.6702289902821276 0.1061786972847204
-0.6336702634724015 -0.7409253665388158 0.208836533097809
-0.631936190375162 -0.6929385768684588 0.3554634028150878
-0.7382157369118355 -0.6212814382822273 0.2513324479008953
-0.7387630241834108 -0.6699081911519016 0.1060710222284249
-0.7379516196927877 -0.6216022374124532 0.2514401229571907
-0.8278528919974493 -0.4882110937526963 0.2865455799307852
-0.8279220997356593 -0.536978907557319 0.1427680622686645
-0.7395867325674277 -0.6703247387234015 0.1057625387680174
-0.8270983913516425 -0.5365623599858191 0.143076545729072
-0.900123644658787 -0.4429133852395276 0.03338656081210047
-0.8169852337056454 -0.5700784156279747 -0.002746089914744505
-0.7387421289345686 -0.6700813974343955 0.1054284430004823
-0.8178298373385045 -0.5703217569169807 -0.002411994147209408
-0.7989533854187182 -0.5884043669817408 -0.1460067042594384
-0.7181867750176213 -0.6898062295278333 -0.04993484619126438
-0.5238507065119946 0.1168922500884902 -0.8473156047314206
-0.4661960971028213 0.2768089711885622 -0.8366555178332631
-0.3439309781953508 0.3131364432527438 -0.8886417416539971
-0.4090243305206885 0.1456062331087968 -0.8974699911012004
-0.5230863902449608 0.1163199450797434 -0.8458056181292054
-0.4097886467877224 0.1461785381175437 -0.8989799777034158
-0.3512999499650587 0.004735813078452265 -0.937604800633411
-0.4670306531455989 -0.01673099476692426 -0.8826450833661471
-0.5247290651493182 0.1161231719611444 -0.8482771271242703
-0.4653879782412417 -0.01653422164832527 -0.8801735743710823
-0.516107171739706 -0.1704013391285665 -0.8443909273452866
-0.568553337879079 -0.03224715262036293 -0.8168672443748682
-0.5235153965965081 0.1163068149496088 -0.8459849606394345
-0.6393999908263076 0.09769075710020557 -0.7604817593017607
-0.6596189073691145 -0.04199614966875876 -0.7526123967618404
-0.5697670064318889 -0.03243079560882739 -0.8191594108597039
-0.4853054066934739 0.8574146289565553 -0.1877577435140146
-0.5864511289947798 0.8033081580919954 -0.0694192199169212
-0.7046399979476424 0.702523302129103 -0.1260064967454757
-0.6038764706916955 0.7588279749890199 -0.231433066283289
-0.4858787274713112 0.8588147223764288 -0.1874967582572599
-0.5858778082169428 0.8019080646721219 -0.0696802051736758
-0.5550434285647039 0.830341140775569 0.1060956261081923
-0.4668997574943167 0.8786489364290601 -0.0338429358087064
-0.484799349389975 0.8583054484072683 -0.1880861756408358
-0.3588439403370873 0.8846901084230746 -0.2853660957543797
-0.228058348495531 0.9477081039361477 -0.2386080485167742
-0.3576937120842075 0.9179787528246407 -0.1491629570714976
-0.4841278685893208 0.8563597004144653 -0.1874516467635895
-0.4686506163763069 0.8811039583910233 -0.03388804730237684
-0.3557429758925212 0.9359033081372894 -0.02004451131816394
-0.3583651928848617 0.9199245008174435 -0.1497974859487439
-0.1937892591939931 0.7798364389453583 0.6014522535374347
-0.2606654828306806 0.8452186928949855 0.4584612149774225
-0.4165914128711157 0.8159889101700722 0.4099483564702977
-0.3548700608681196 0.7468686810741638 0.5556817718146151
-0.1938023087574433 0.77941285084527 0.6018143942594706
-0.3548570113046694 0.7472922691742522 0.5553196310925792
-0.4453843500496222 0.6290839059375716 0.6427367362315338
-0.279583245185289 0.6655389866589159 0.6867606518760153
-0.1933361665789254 0.7792019326288223 0.601993144994909
-0.280049387363807 0.6657499048753635 0.6865819011405769
-0.1939351604461395 0.5743748166314169 0.7996330379012261
-0.1242412587296823 0.697070714573515 0.7012145397033931
-0.1927837446980617 0.7781185325036547 0.6006513787297324
-0.03758489144029526 0.7934873592891276 0.6046016707147102
0.0153200225380684 0.7257689091067324 0.6902469768849652
-0.1247936806105461 0.6981541146986827 0.7025563059685697
0.3193715280159319 -0.7552219487360844 0.578359896587843
0.3641963327692702 -0.8186807398520149 0.4361656012188295
0.5104330278223093 -0.7790087786216896 0.3734460893884867
0.4610684581663961 -0.7216937138500416 0.5095994648419551
0.3186422601833078 -0.7548611364548188 0.5789113256420632
0.2658404452490086 -0.6434975280623334 0.7132543819248436
0.09792896617390281 -0.66264260286347 0.7468609286310769
0.1557846853609663 -0.7608074035699276 0.6248161735804261
0.318967518419849 -0.7541776596568063 0.5781085478627097
0.4164395704776455 -0.6290191428027647 0.6528153748221199
0.5451181829016074 -0.6200722039714592 0.5684103638888827
0.4614724677624791 -0.7227380029293198 0.5098508135670885
0.3198647085164436 -0.756068522496694 0.580587861028936
0.2646179969158729 -0.6422901420204583 0.7115778465379708
0.3726703959756232 -0.4948449295566674 0.792010466151949
0.415542380381051 -0.6271282799628771 0.6503360616558936
0.5103182680736721 -0.7780852080050417 0.372981565084941
0.5918083483639639 -0.671061268823829 0.4409882374970669
0.5454074327490531 -0.6201929224340893 0.5681971883104703
0.4611832179150333 -0.7226172844666896 0.5100639891455008
0.5107926168130432 -0.7783612492026534 0.3728860466157644
0.6290671117943539 -0.7132388370967743 0.29958059117108
0.7083795419531206 -0.6033636988188684 0.3740989266245848
0.5913339996245929 -0.6707852276262174 0.4410837559662436
0.5107969343698493 -0.7786766540316883 0.372598677422331
0.6290627942375479 -0.7129234322677394 0.2998679603645134
0.6558665619776685 -0.7445065385725834 0.1470703267649709
0.5346148888224294 -0.8111318936570691 0.2239477277518512
0.5103230159692013 -0.7786922207374942 0.3725347220533289
0.5350888072230773 -0.811116326951263 0.2240116831208532
0.4279138362177931 -0.8946218187024763 0.1487105398927344
0.400590771013399 -0.8652860583654717 0.2919212787965239
0.09705224187488264 -0.6631834613688675 0.7475356153756471
-0.06954640765371342 -0.6447836392398181 0.7558726584163071
-0.1812760493746986 -0.7358389304799692 0.658574976486639
-0.01204448896652329 -0.7537251916632514 0.6509065875591874
0.09715961590387399 -0.6623649900238762 0.7473566337285776
0.03361072029618197 -0.5555899469625657 0.8267151548460262
-0.1224031778553492 -0.5243863006063347 0.8466083975117089
-0.06965378168270478 -0.6456021105848094 0.7560516400633766
0.09739484433778764 -0.6611544015464595 0.7458467308833735
0.1998994917543466 -0.5473382999587223 0.8108997993004999
0.1248321292838437 -0.4729267520951417 0.8738738301428053
0.03337549186226835 -0.5568005354399822 0.8282250576912303
0.09849170726537526 -0.6633979769990965 0.7486402781219947
0.2652777041575362 -0.6427421539267069 0.7114750324339257
0.3720106887339599 -0.4943929176504187 0.792113280255994
0.198802628826759 -0.5450947245060853 0.8081062520618786
-0.4182103679373379 0.8176180599046632 0.4095020854195459
-0.5413677842096973 0.7800434102431354 0.2954642900111671
-0.5554615405289184 0.8312285206856621 0.1077626330759982
-0.438383482421413 0.8616749916777573 0.2327704392161346
-0.4170386050426431 0.8156579847192683 0.4099793282200122
-0.5058757245650942 0.7143455610844011 0.4758894872905957
-0.4458184926576994 0.6291765685868559 0.6424055672592124
-0.3544228686965922 0.7471996065249678 0.5556508000649005
-0.4164855408156306 0.8144705188640197 0.4088003120472857
-0.5430926113314047 0.783190951283779 0.2961660633834274
-0.6402019842430476 0.6796546850902574 0.363525866126744
-0.5064287887921067 0.7155330269396497 0.4770685034633222
-0.4165045225928273 0.8154182007640567 0.4088465746021593
-0.4400893277659235 0.8638748508183638 0.2334259500335213
-0.3385344596324414 0.9266248516948029 0.1797197398853144
-0.3090328324721209 0.8936623604764631 0.3167212376220752
-0.1828633447478728 -0.7376160663814854 0.6589139807533649
-0.351865898128803 -0.7404475330104874 0.5622934224131354
-0.3909945612620385 -0.8309882904398203 0.4102021605064168
-0.2471823815576369 -0.8195697841247322 0.5054228838246417
-0.181655624414567 -0.7354045732017702 0.6585877676406391
-0.06916683261384504 -0.6452179965180169 0.7558598672623069
-0.122890126924209 -0.5247704146731271 0.8468001703127784
-0.2139348092697498 -0.6051429293516802 0.7618716329807341
-0.1826157922509936 -0.7361781044088063 0.6585626275650519
-0.3521134506256822 -0.7418854949831665 0.5626447756014484
-0.4746918394181318 -0.642554112502409 0.6089362310717427
-0.3316030535274249 -0.6444675080677612 0.6823841727544424
-0.1818649172409491 -0.7348578841599125 0.657783631018343
-0.3323539285374694 -0.645787728316655 0.6831631693011513
-0.3334362091088565 -0.5484658176676626 0.7705684944091431
-0.2137255164433677 -0.605689618393538 0.7626757696030302
-0.1815677928636639 -0.7350584189542614 0.6571157750440583
-0.2484779334418458 -0.8221274315519561 0.5072210895339483
-0.1671379110624881 -0.8828855695102968 0.4445861832410235
-0.1006911187691144 -0.8267302125182623 0.5488956960081622
0.5456467866745444 -0.6199459333436161 0.5681859336635399
0.6410853958113276 -0.5529102160183667 0.5276258264111992
0.7081445471392407 -0.6028406685307836 0.374183190446831
0.5915689944384728 -0.6713082579143022 0.4409994921439974
0.5460110385493652 -0.6207925311545051 0.5698754468254545
0.4155467148298878 -0.6282988156197189 0.651350291885548
0.3726660615267864 -0.4936743938998255 0.7909962359222945
0.5286815729868677 -0.5161962746517279 0.6676322918150763
0.5447897544476714 -0.6190496919679095 0.5677235223358663
0.5299028570885613 -0.5179391138383234 0.6697842163046643
0.6545623191475263 -0.4239204031300441 0.6278280478382864
0.6419424280382003 -0.5538064573940733 0.5280882377388726
-0.7054909517641301 0.7033926417874654 -0.1255997576633181
-0.5856001751782922 0.802438818433633 -0.06982595899907885
-0.5553210616033544 0.829810387014058 0.1062413799335954
-0.6816679325001886 0.7252212821992542 0.03307882546796857
-0.7055531838520858 0.7023870834492375 -0.1263604484794542
-0.7091523740407559 0.6449030824404139 -0.2721347175171753
-0.8008885313425741 0.5193640498083324 -0.3097715566521446
-0.7873640209812234 0.5855590170711427 -0.1733000744890139
-0.7049329271127853 0.7020959666205081 -0.1255512840413909
-0.6822259571515336 0.7265179573662117 0.03303035184604137
-0.7711278879492972 0.6303226141681221 0.1169935275651952
-0.7779136922225858 0.6231066216517609 -0.03065988643692571
-0.7042663598665569 0.7012930003401897 -0.1257451479807299
-0.7785802594688142 0.6239095879320793 -0.03046602249758674
-0.8465559479135079 0.5292616386256421 -0.08270408174989945
-0.7886508449667524 0.5866531001801905 -0.1739153749877382
-0.1271934227318343 0.9952566165126896 0.03982502728717113
-0.1086998275290129 0.9802787227963934 -0.1374880659387565
0.03123161608330938 0.9813008430281158 -0.2106494099827573
0.01125976840788551 0.9942315998855008 -0.05515195873460271
-0.1277079650730699 0.995294798464736 0.03976171025609258
-0.1081852851877773 0.9802405408443466 -0.1374247489076779
-0.2275159988468501 0.9486666635500089 -0.2382647383356749
-0.2383875645217681 0.9640084626408393 -0.07293962226760804
-0.1269648067625545 0.9936524499027682 0.04026152739838915
0.01103115243860573 0.995835766495422 -0.05558845884582071
0.1282201443517215 0.9942914358385881 0.005511727763574151
0.03157655569179804 0.9921699416060844 0.0974800749718828
-0.12763682522321 0.9939459990406703 0.04056023863241293
-0.2124775606673388 0.9547550871059768 0.1934260098221848
-0.3381293254328605 0.9270378171459513 0.1792606649087388
-0.2750831192908886 0.9560348122396809 0.06666578346234781
-0.1275209859191412 0.9933268068506977 0.04020426485494329
-0.2385745436756967 0.9659764542548777 -0.07338217686645877
-0.3556851278905659 0.9368396241299154 -0.01989317541546032
-0.2751989585949574 0.9566540044296532 0.06702175723981743
-0.3442927260292501 0.31326641435477 -0.8904964024729602
-0.4086625826867893 0.1454762620067706 -0.8956153302822374
-0.3524260140659917 0.005438089189225332 -0.9409694480545894
-0.2811062852674077 0.1891709453956311 -0.9356756269848768
-0.3433356782673367 0.3134223089957115 -0.8878708726771928
-0.3915374911667135 0.4137640067942382 -0.819182644091187
-0.302497589056532 0.526480206542514 -0.7973339444862438
-0.2587353506701101 0.4341049227587338 -0.8603321446034805
-0.3429399997750704 0.312839195558043 -0.8872252413861167
-0.2824590115215874 0.1895981641923581 -0.9389467880717204
-0.143571670310356 0.2451691966326532 -0.9601687743217728
-0.2058187228464086 0.3402790669145001 -0.9160788382179424
-0.3433817743696557 0.3137475193216733 -0.8889033404236703
-0.258689254567791 0.4337797124327719 -0.8592996768570028
-0.1276100492650554 0.4563476385429492 -0.8842851381703529
-0.2053769482518232 0.3393707431508697 -0.9144007391803888
-0.2001528756422077 -0.6753593590309371 -0.714022645519467
-0.2781640040976568 -0.5405800479586428 -0.7901771364086067
-0.1632002330934292 -0.4486410746063325 -0.8820921980538471
-0.1008576070555308 -0.5800235074092281 -0.804600759557959
-0.1998492726339568 -0.6760403567546485 -0.7144690304566419
-0.1011612100637817 -0.5793425096855169 -0.8041543746207841
0.06175509013737573 -0.6032719265860952 -0.7998034650150957
-0.05231498716840152 -0.688443370486756 -0.7182231268362439
-0.2001474327752241 -0.6756438744105037 -0.7132196646083898
-0.2874030361897897 -0.7411830693390764 -0.6023265985726211
-0.2135698041476231 -0.831959499635101 -0.5171723693144401
-0.1444701728868959 -0.7648163855275842 -0.6236460890670436
-0.1997483843199827 -0.6748297062982761 -0.7126930872317988
-0.05241587548237562 -0.6896540209431282 -0.7199990700610868
-0.01867546538570125 -0.776563623524094 -0.6323180779803863
-0.1448692213421374 -0.7656305536398118 -0.6241726664436344
-0.1627935250734817 -0.4487137044284876 -0.8825102583077731
-0.1012643150754783 -0.579950877587073 -0.804182699304033
0.06185819514907229 -0.6026635586845391 -0.7997751403318468
0.0003289851509756993 -0.4714263855265138 -0.8781026993352313
-0.162727189922517 -0.4483362211144414 -0.8828198488313869
0.0002626500000109904 -0.47180386884056 -0.8777931088116175
0.1009566614239145 -0.3539071196178683 -0.9334955244626778
-0.07290320752581088 -0.3399575644053797 -0.9339345149693944
-0.1629933320467112 -0.4477586783128082 -0.8819715092618725
-0.07263706540161667 -0.3405351072070128 -0.9347828545389086
-0.1550121902501304 -0.2122810490873091 -0.9673863656874829
-0.2202400966326302 -0.3023607686525723 -0.9247332334601348
-0.1634652140317882 -0.4480670896652275 -0.8824923476767279
-0.3245442001368479 -0.394576456859617 -0.8559688824513006
-0.3389788497292092 -0.2434631974059751 -0.9121933718749712
-0.2197682146475533 -0.3020523573001531 -0.9242123950452794
0.0623060668478219 -0.6025716262099434 -0.7999888422935213
-0.0001188865477738971 -0.4715183180011095 -0.8778889973735567
0.1013381979716994 -0.3541926704573188 -0.9333996359007385
0.1569646755115636 -0.4846765009444692 -0.8564282866229553
0.0624598284550059 -0.6028482237027513 -0.7990362661890562
0.1946068954376113 -0.6184721651755551 -0.7575072113092843
0.2124771786222339 -0.748523747464677 -0.6327336040733977
0.08567294343586773 -0.7132241328213966 -0.6914971591833005
0.06251631724408979 -0.6023309564928945 -0.7990543022239496
0.1945504066485274 -0.618989432385412 -0.7574891752743909
0.3032251675041612 -0.4889163456312903 -0.8211053243894049
0.1567544251152957 -0.484917170661518 -0.8573628266925269
0.06208542771885692 -0.602746717158784 -0.7988614654642717
-0.05264532474988271 -0.688968579914067 -0.7191651263870678
-0.01844601611819416 -0.7772490645531552 -0.6331520216544054
0.08604734417201672 -0.713325639365364 -0.6916719599080849
-0.3520569828358146 0.004418524273427657 -0.9391349713836433
-0.466273620274843 -0.01641370596189965 -0.8811149126159148
-0.5152215297061046 -0.1705218548149922 -0.8434495891004541
-0.4034321321069194 -0.1370468331153517 -0.9013904083461736
-0.3515616762389737 0.004369444068551931 -0.939929765014462
-0.2832977504487079 -0.1509933913861057 -0.9433107319950234
-0.1554616144223347 -0.2117405950997308 -0.9685454425217126
-0.2203014028050382 0.01324324723103256 -0.9716911366650788
-0.3516665393827283 0.004332076567662413 -0.9389674443082857
-0.4038225755600056 -0.1369603854095865 -0.9015579354215311
-0.3390612550600912 -0.2426516995668672 -0.9118692895881692
-0.2831928873049532 -0.1509560238852162 -0.9442730527011997
-0.3516967032348902 0.005107463068439099 -0.9404380871370804
-0.2818355960985092 0.1895015715164173 -0.9362069879023858
-0.1441950857334342 0.2452657893085941 -0.9629085744911074
-0.2201663758091217 0.01250522823114539 -0.9711828145424605
0.708561243651058 -0.6032551058024165 0.3737483323148726
0.7478371049770923 -0.6212312337105588 0.221656377727179
0.6560439461187998 -0.7440825407270966 0.1470071016486922
0.6288854100964164 -0.7133474301132261 0.2999311854807921
0.7097865883039799 -0.6036217531700823 0.3740415083276289
0.7466117603241704 -0.6208645863428931 0.2213632017144228
0.8589862754316141 -0.500843809370898 0.1391449928071627
0.8025630324840584 -0.5059660469889804 0.3029761714833119
0.7101244446231711 -0.6039692650741031 0.3755932999869512
0.639105498327397 -0.5517816194750471 0.5262157168710789
0.6573992488583297 -0.4259452410490703 0.6297005687060802
0.7351325318630405 -0.480906574298104 0.4670447533785794
0.7075313607065842 -0.6019533143266939 0.3734866488790287
0.7377256157796274 -0.4829225250455131 0.4691514044865018
0.8270578099762227 -0.4073374241727734 0.390502621922969
0.804818260081454 -0.5076344858323686 0.3035310309319121
0.6574974289247798 -0.744976893230464 0.1468907766035351
0.7595784701818881 -0.6412589115772043 0.05400967769801084
0.8592144135846722 -0.5013715145065997 0.1387354917492495
0.7463836221711123 -0.6203368812071913 0.221772702772336
0.6569312155449742 -0.7449422165146119 0.1463450672723297
0.7601446835616937 -0.6412935882930564 0.05455538702921631
0.7442719546856351 -0.6624313302980058 -0.1231194408941234
0.659257425082975 -0.7466071061107517 -0.00334262841100445
0.6559618524104002 -0.7450214520910766 0.1468137847619767
0.5345195983896975 -0.8106169801385757 0.2242042697548454
0.4284830450511727 -0.8951211655151635 0.1485179532587422
0.5535229636513204 -0.8240368877986161 0.08748817283382569
0.654803519167798 -0.7430926296361531 0.1463354114713517
0.6613851214601512 -0.7484566929892105 -0.003332972610026484
0.5697808365201534 -0.8225865827917948 -0.03270274804825749
0.5546812968939225 -0.8259657102535396 0.08796654612445064
0.8599759621863795 -0.5016337894532903 0.1381794110011037
0.7588169215801808 -0.6409966366305136 0.05456575844615658
0.745599716667148 -0.6627282819605486 -0.1231298123110637
0.8360367882317553 -0.5378959385444472 -0.03698213978905122
0.8597524568843615 -0.5001710848871614 0.138994482480242
0.9285527044691192 -0.3306978193898002 0.1404482286421574
0.9359834969962879 -0.2398142716178414 0.2740234951876401
0.8780803326461867 -0.384236174160163 0.2695076428258156
0.8599123991718854 -0.5002247993057118 0.1384634184879001
0.9283927621815953 -0.3306441049712497 0.1409792926344994
0.9734294710037874 -0.247453279769567 0.006945621780252382
0.9120941140074055 -0.3989417910673015 0.006601553468249498
0.8582023844240709 -0.4998669409386751 0.1381314822445259
0.9138041287552199 -0.3992996494343383 0.00693348971162365
0.8907533077155754 -0.4434118433978965 -0.1241091438607987
0.8378103659940638 -0.5396627870590623 -0.03693421103247341
0.8583860553713509 -0.4999497849853828 0.1389297913050863
0.8794467341591972 -0.3844574740619415 0.2695723340009712
0.8287128175133553 -0.4081118386306465 0.3908422798694929
0.8031632525443214 -0.5068600713744954 0.3031913729853882
0.7447963799844799 -0.6621837485583392 -0.1242948728083152
0.7245270927108332 -0.6099795698860175 -0.3070651566616698
0.8044523346050468 -0.4785275277585351 -0.3640412427527805
0.8174154902787973 -0.5302121300629042 -0.2049648935121096
0.7452992422740148 -0.6633980072343758 -0.1247770498427082
0.7240242304212982 -0.6087653112099808 -0.3065829796272768
0.6104730827617805 -0.6764728575938532 -0.4252578945373569
0.6431219808818084 -0.7132505173335995 -0.2578123949636413
0.7433874114451017 -0.6609847720563954 -0.1234870762177998
0.8188244588181753 -0.5314111065648479 -0.2057726901026251
0.8903145802558377 -0.4434351820083586 -0.124418479010957
0.8382490934538016 -0.5396394484486003 -0.03662487588231517
0.7428396338964547 -0.6612144861964405 -0.123594767580493
0.6455815892593684 -0.7154340383715347 -0.2589946772258566
0.5703822572727856 -0.793502827218554 -0.2220547878368783
0.6305982353462379 -0.7629027217298906 -0.126589878102147
0.7433379157691063 -0.6618138688805941 -0.1233999141008826
0.6601914639995037 -0.7472245675281634 -0.003062155204245291
0.5709744939808009 -0.8238187082528419 -0.03297356545403868
0.6300999534735862 -0.762303339045737 -0.1267847315817574
-0.6328249837353057 -0.6932862693543113 0.3560510809458152
-0.7373269435516917 -0.6209337457963747 0.2507447697701678
-0.8284775681385451 -0.4888795853687747 0.2872409331178081
-0.7297089218170233 -0.5589127322380382 0.3836979607529076
-0.6315647293498511 -0.693390676573531 0.3560335119506728
-0.5168260142802941 -0.7939107316429133 0.3100824686993705
-0.390901802509719 -0.8288278801501947 0.4082457902173234
-0.5028564418241277 -0.7266355399423681 0.4611840275399589
-0.6321379582753303 -0.6936111896557644 0.3567269032386736
-0.5022832128986485 -0.7264150268601347 0.4604906362519581
-0.4754198620881706 -0.6420521772676959 0.6080246052589631
-0.6129700353519344 -0.6115970236326256 0.4921744200261675
-0.63167803246363 -0.6924852695900945 0.3559282719479361
-0.6134299611636347 -0.6127229436982955 0.4929730513169051
-0.7180451022739768 -0.4879391220213987 0.5015621241377514
-0.7308558730886991 -0.559713732002255 0.3838207697507868
-0.828126809630138 -0.4879108701952032 0.2864406181451643
-0.8276481821029708 -0.5372791311148122 0.1428730240542854
-0.8995738539074588 -0.4421966141105346 0.03359008248688704
-0.8976648414598404 -0.4013093809643712 0.1650202782361275
-0.8277012148409039 -0.4874529187263047 0.2868197597638684
-0.8169504854703789 -0.4155957331587095 0.3935662241571883
-0.8881681251535913 -0.2627094956274515 0.3835444250451691
-0.8938188537069848 -0.3412018470260118 0.2822967202631462
-0.8269804560038889 -0.487408776426527 0.2866957075748445
-0.8176712443073937 -0.4156398754584871 0.3936902763462121
-0.7176949414109963 -0.4872693128433678 0.5011397075926669
-0.7312060339516796 -0.5603835411802859 0.3842431862958713
-0.8288217661087313 -0.4879015296065452 0.2868030614233124
-0.8969698849812469 -0.4013187215530291 0.1646578349579794
-0.9514033670056433 -0.2687949484381042 0.1727145840809897
-0.8926983024391573 -0.3407532361457712 0.2823134186037021
-0.5552079010843793 0.8297930269776232 0.1072912415624601
-0.5416214236542366 0.7814789039511744 0.2959356815247053
-0.6416731719202159 0.6813667324228621 0.3637562479854661
-0.6607941922194438 0.7183929602324135 0.1972398582919421
-0.5551161187498264 0.8292693704374191 0.1067087979534601
-0.6608859745539967 0.7189166167726176 0.197822301900942
-0.7714809697471141 0.6310782727584405 0.1174124719631327
-0.6818728753537167 0.7257622987758932 0.03261140744810382
-0.5537287078384125 0.82862821083579 0.1066526188572969
-0.440116315111919 0.8642753015276295 0.233880453434836
-0.3385074722864461 0.9262244009855373 0.1792652364839997
-0.4179634833484825 0.9015415824518737 0.08890183268430525
-0.5540464252811913 0.8292099688240485 0.1063945284554468
-0.4678967607778292 0.8797801083805805 -0.03414183815596094
-0.356496831490999 0.9372271581477324 -0.01979072046457986
-0.4176457659057037 0.9009598244636151 0.08915992308615532
-0.445370015561701 0.6286264372872133 0.6430540070882793
-0.3485968328380848 0.5201930097118087 0.7751193980097695
-0.1943869681367363 0.5741282661975063 0.7997715580225332
-0.2795975796732102 0.665996455309274 0.6864433810192698
-0.4459580628679817 0.6282459404145651 0.6422948283201272
-0.5943560586992975 0.607832258731317 0.5207183477119411
-0.680134039709603 0.4986646749027791 0.5430151305475083
-0.585128134362108 0.4906145227366387 0.6409284151671316
-0.4469465264511902 0.6296569501353043 0.6453390708508485
-0.4891003120161529 0.4376286882031917 0.7459810495137567
-0.395916939931673 0.3437749483349395 0.8589296538713539
-0.3470203219485957 0.5191624968637177 0.7728343342472003
-0.4475326475544719 0.6305195355648784 0.6435355525212531
-0.5041615696683217 0.7130025941063786 0.474759502028555
-0.6424692033668327 0.6821851179235285 0.3658348675615112
-0.5927814740128075 0.6055586635810037 0.5194776235108154
-0.1934703336882224 0.5739690743331436 0.7994820234265855
-0.006301300263012177 0.6097420873828838 0.7887417427298261
0.01523242741512179 0.7264465669336267 0.6914377286755011
-0.1247060854875994 0.6974764568717883 0.7013655541780336
-0.1945359057503764 0.5740006435626169 0.8007158354618811
-0.3484478952244447 0.5203206323466981 0.7741751205704216
-0.3944893666558239 0.3426168128519591 0.8575888675481326
-0.2367677517799472 0.4323013235265343 0.8651896964461127
-0.1934294681187198 0.5726475405506007 0.7983461495939401
-0.05167397113110463 0.4915887109648701 0.8677383899801182
-0.1185182911291784 0.3735997884538161 0.9214517633288766
-0.2378741894116038 0.4336544265385505 0.8675593823140535
-0.8991326674653677 -0.4421024290576538 0.0329856437283961
-0.8179762108990645 -0.5708893718098484 -0.002345172831040146
-0.7988070118581579 -0.587836752088873 -0.1460735255756077
-0.8762944950108892 -0.4662278563570318 -0.09871575481238722
-0.8985022823694799 -0.4414504874301189 0.03299646660717198
-0.9421597778765379 -0.323678518612402 -0.06548356892776677
-0.9163739731611258 -0.3617130473120284 -0.180820529258022
-0.8769248801067769 -0.4668797979845667 -0.09872657769116309
-0.8983899149189081 -0.4413259959047054 0.03326914850936078
-0.9533258878058903 -0.292164915970296 0.05315084023384229
-0.9495244715384993 -0.267933670820933 0.1720312068253154
-0.898848780448391 -0.4021799991702004 0.1653412122136537
-0.5147079735951487 -0.1704289899595713 -0.8418674743850992
-0.569952536023636 -0.03221950178935818 -0.8193906973350554
-0.6594333777773673 -0.04220744348822796 -0.7523811102864888
-0.6074700801985761 -0.1740983807379177 -0.7732754748357971
-0.5147774212566458 -0.1706617587536234 -0.8419661070621202
-0.542247431319938 -0.3219712858993422 -0.7741249401465687
-0.6361022813490231 -0.3058657242548709 -0.7105267068636303
-0.6074006325370791 -0.1738656119438656 -0.7731768421587761
-0.5141538400789861 -0.1704115109386328 -0.8412785497252588
-0.4432541187092207 -0.3013455134255654 -0.8435473635648054
-0.338384008886059 -0.2424549079847426 -0.9098657772883315
-0.4044998217340379 -0.1371571769917111 -0.9035614477213688
-0.3905393472321583 -0.8285984389195168 0.4085500036473452
-0.3523211121586831 -0.7428373845307907 0.5639455792722069
-0.4744841778851309 -0.6416022229547846 0.6076354274009841
-0.5032188971016882 -0.7268649811730459 0.4608798141099371
-0.3901722895980829 -0.8288452475117278 0.4078500372426583
-0.3941480088703909 -0.8779612045799923 0.2612571065512161
-0.2659687242147206 -0.9437200232933932 0.2102704642752679
-0.2756361387559426 -0.8897400710728532 0.3561055044597699
-0.389665735924364 -0.8276664333852336 0.4076573617419718
-0.2485112068953114 -0.8228916411793189 0.5079676825890868
-0.1671046376090226 -0.8821213598829342 0.4438395901858851
-0.2761426924296616 -0.8909188851993474 0.3562981799604564
-0.3793032926406253 -0.09083648113862575 0.9265495452023345
-0.2806050830275701 -0.2460616566438739 0.9219762584067682
-0.09452882623437171 -0.2967778362041451 0.9558260986063617
-0.2399245829273729 -0.06520355837436508 0.9630734463370009
-0.3792358305690144 -0.08986647584710661 0.9236746885952737
-0.4869138938220635 -0.03821565007200477 0.8696957212410704
-0.5087277505477096 0.1264695296049657 0.8545596895034838
-0.3770241410093921 0.0775250614795181 0.9201950257370131
-0.379135385895142 -0.08979545923447678 0.9248538870760056
-0.3771245856832645 0.07745404486688827 0.9190158272562812
-0.23314724993493 0.1930157004263756 0.9568431830834563
-0.2400924896728562 -0.06624458027851404 0.9647691044633299
0.1009844687159345 -0.3534903596892106 -0.9337759143418238
-0.01808408814175021 -0.1901665410927277 -0.9779536243049347
-0.1547182408339162 -0.2124418319602846 -0.9685150951361433
-0.07293101481783086 -0.3403743243340373 -0.9336541250902483
0.1016087171795388 -0.3536202999863198 -0.9326813405236345
0.2720704234656793 -0.365857661297885 -0.8870432036879342
0.3032854363157327 -0.4885846448773402 -0.8213215690818726
0.1566941563037241 -0.4852488714154681 -0.8571465820000592
-0.1223375237716589 -0.5236085277549466 0.8461118935149179
0.03354506621249161 -0.5563677198139537 0.8272116588428171
0.1246625549336204 -0.4733595677211701 0.8748872289912184
-0.03070503892502388 -0.4340101183225278 0.897575544130934
-0.1225837596632227 -0.5232445797003741 0.8458892052792468
-0.1945284734416334 -0.3915652211936544 0.89693120407077
-0.09358635868941453 -0.2967702984728864 0.9526327725511641
-0.03045880303346001 -0.4343740663771002 0.8977982323666049
-0.1226702391716322 -0.5231287086766575 0.8450902415757557
-0.2141546970223266 -0.60678463534815 0.7635815617177568
-0.3330070285298976 -0.5473708007130507 0.7696627022944165
-0.2746138551600327 -0.4752122540309286 0.8341865340076098
0.1247214002684746 -0.4737266975542858 0.8765422639570708
-0.0307638842598781 -0.4336429884894122 0.8959205091650815
-0.09328127746299647 -0.2975013763605746 0.9545104957526875
0.0687832952502562 -0.3505537681703779 0.929541355023792
0.1247907569426079 -0.4724138654716457 0.8734592684362841
0.2254549331885091 -0.4182835543998903 0.8789361923237187
0.1730105014687721 -0.2769995439887813 0.9460535428488976
0.06871393857612297 -0.3518666002530181 0.9326243505445789
0.1252950400042602 -0.4733288894736493 0.8748124347380214
0.2249506501268567 -0.4173685303978866 0.8775830260219813
0.3713767365267889 -0.4925514795762894 0.7902583376125889
0.1994365810339301 -0.5469361625802147 0.8099611947052838
-0.09323585507939777 -0.2966102241052012 0.9532283957013398
0.02682953891965194 -0.1931438107389703 0.9780830107878903
0.1729865671782375 -0.2774212238160481 0.9478544383183366
0.06873787286665752 -0.3514449204257513 0.93082345507514
-0.09601963061049651 -0.2967141756260582 0.96565547149437
-0.1086299771203464 -0.03437755447401934 0.9781627942264315
-0.2348059610565381 0.1920383391003135 0.9683682140977935
-0.2384337785512481 -0.06526721895245197 0.9532440734489926
0.05823293545640235 0.2464182462744342 0.9719036538423858
-0.05826889365179685 0.1472441226141148 0.9829422933872307
-0.2325034522809148 0.1938003439343609 0.957649889359048
-0.09791034352944045 0.2723298124897939 0.9526288288732261
0.05857946697055558 0.2458916024968249 0.9687873408412003
0.03339621504171069 0.3801749523677449 0.9229872880217513
-0.1183444298429431 0.373341356005388 0.9214412481131837
-0.09825687504359366 0.2728564562674032 0.9557451418744116
-0.4758960049698338 -0.6419411442735801 0.6085778453248396
-0.6124938924702712 -0.6117080566267413 0.491621179960291
-0.7189811709673402 -0.4889540090929528 0.5029139954943654
-0.5902902686909559 -0.5221597661072642 0.6082215688287974
-0.4738613893624534 -0.6403730094436957 0.6072453972756287
-0.3324335035831033 -0.6466486111264744 0.6840750065505563
-0.3333566340632225 -0.547604934857843 0.769656657159738
-0.4620041057603612 -0.5430591619299454 0.6987589198486082
-0.6798888284062911 0.4982802915897136 0.542230990244788
-0.5946012700026095 0.6082166420443825 0.5215024880146615
-0.6406494073770306 0.6795271394601496 0.363810003057665
-0.7176647961270847 0.5552899104845355 0.4147931468429653
0.9341301939331242 0.2387158509691868 0.2760899929646153
0.9346810104901303 0.3164601913223425 0.1428183353868958
0.8797982019349032 0.4578275762014589 0.1488596495974961
0.886378873067848 0.3693786001075084 0.2684486247811642
0.9328852448228386 0.2382247405890627 0.2760162024170876
0.8668758876871105 0.2987996552441505 0.3950049383753819
0.8345017645211208 0.4065490270695605 0.376212100594298
0.8876238221781336 0.3698697104876326 0.2685224153286919
0.6480642761707766 0.2408518121226651 -0.7277050131903464
0.5197330254461558 0.3261941154608097 -0.7847894550857569
0.4967883502337856 0.4848375329576968 -0.7250416466530555
0.6125641130135092 0.3865657067302231 -0.683923730647365
0.6477059371177055 0.2400506177049243 -0.7264612203929515
0.7435575511508301 0.1592883287202471 -0.6456346370601331
0.8104706779448532 0.2351460959481275 -0.5410515488609395
0.7178554624779456 0.3031206491835904 -0.6228130499120684
0.6472635007286477 0.2401711047860166 -0.7262506652482856
0.7182978988670033 0.3030001621024981 -0.6230236050567342
0.6850954687688094 0.4289859982108699 -0.592188685922558
0.613364888455638 0.3872464140668715 -0.6853780785894257
0.496493009292027 0.4860364373578768 -0.7265292734756306
0.3672568712477129 0.4069490090901991 -0.8299856155128981
0.1933233691857682 0.4813698561460583 -0.8610985126296549
0.3111045435385781 0.5436627821095065 -0.7726616140168235
0.4967147815851382 0.4856977362672618 -0.7246228152845028
0.4878794564650801 0.6295400532525235 -0.5982613551567749
0.5878413551886195 0.643698095961885 -0.497796536826246
0.5927536257143334 0.5215041744514579 -0.6074045003093806
0.4957467568815055 0.4843374320284894 -0.7234774542434106
0.5937216504179662 0.5228644786902304 -0.608549861350473
0.6848546508586582 0.429166604618311 -0.5920788414549739
0.6136057063657894 0.3870658076594304 -0.6854879230570098
0.4962101032500926 0.4859217941477393 -0.7253436738232384
0.371216339519274 0.6331444177225903 -0.6729205879803049
0.2410026508857993 0.6554558684010559 -0.7216392648652464
0.3113874495805125 0.543777425319644 -0.7738472136692157
0.1917302759366523 0.4800184460846865 -0.8594821432078129
0.02591508705617272 0.4218427542903802 -0.903034754015412
0.01331751048958011 0.3216679292438392 -0.9498632264677571
0.1148625130462586 0.3500982455261325 -0.9264623519713688
0.1920191219227999 0.4799054357888143 -0.8596059581543364
0.2468348682179638 0.326720160643835 -0.908957985016934
0.1385203618175307 0.2467537757614561 -0.9623033083635819
0.1145736670601111 0.3502112558220046 -0.9263385370248455
0.1916383407901695 0.4814726371204459 -0.8617775793274947
0.02600702220265555 0.4203885632546208 -0.9007393178957301
-0.1266511953663691 0.4577579425265276 -0.8863514488927245
0.01420919412442095 0.5164422156544387 -0.8495997674285626
0.1917290340070209 0.4794891165314308 -0.8577627387581667
0.3126988787173254 0.545543521724134 -0.775997387888312
0.2396912217489864 0.6536897719965659 -0.7194890906461503
0.1375245420668979 0.5846736767994887 -0.7980062411051579
0.01302738464468853 0.3203995901023453 -0.947019724158919
0.002616719881886056 0.2723335216501774 -0.9623697748925437
0.1379413899864916 0.2455984469158343 -0.9593359911082203
0.1151526388911502 0.3513665846676264 -0.9293058542802068
0.01299229725310322 0.3206567575407955 -0.9478891608231746
0.002651807273471375 0.2720763542117273 -0.9615003382282882
-0.1432878690962491 0.2450224616410588 -0.9596436823174338
-0.08622134809760816 0.342248707632747 -0.9348514193560488
0.01298176767367123 0.3209731785960129 -0.948377678835569
0.02625082987208161 0.4225375049382065 -0.9045203016476
-0.1268950030357952 0.4556090008429419 -0.8825704651408547
-0.08621081851817616 0.3419322865775296 -0.9343629013436543
0.8148191269440944 -0.2418772158004464 -0.5336027109964965
0.8564074809110782 -0.3238433712209127 -0.393063494559131
0.80401137894784 -0.4773009045036383 -0.364576740100797
0.7621393958199496 -0.3951955502165524 -0.5057383035003968
0.8142571005521821 -0.241707362264777 -0.5338128961196806
0.707039874367731 -0.3068343386159166 -0.632086422175287
0.6533164936516505 -0.4578302093782718 -0.6082452970140287
0.7627014222118618 -0.3953654037522218 -0.5055281183772127
0.8140996390586134 -0.2412733590931047 -0.5339195954789929
0.7071973358612997 -0.3072683417875889 -0.6319797228159746
0.6405460676122449 -0.2155844500262259 -0.7411243287959621
0.7421120744520192 -0.1529731459718314 -0.6479268178805165
0.8035904967907922 -0.4776134005860666 -0.364626980386367
0.6931807656277704 -0.5409309961445283 -0.4690898686205002
0.6534576378865149 -0.4583125589963695 -0.6080853521764146
0.7625602779769974 -0.3948830541341241 -0.5056880632148268
0.8032129913265786 -0.4777496223855311 -0.3641230789453452
0.7257664359893012 -0.6107574752590214 -0.3069833204691051
0.6087308771937773 -0.6744806935448127 -0.4248575536955286
0.693558271091984 -0.5407947743450638 -0.469593770061522
0.8031498494940881 -0.4771351975648421 -0.3635406568757986
0.8187179753897559 -0.531604460256597 -0.2054654793890915
0.890421063684257 -0.4432418283166095 -0.1247256897244904
0.8812539739201036 -0.3912875255642609 -0.2557420466005169
0.6532818989896712 -0.4587789701050995 -0.6082984640999907
0.5770325792268806 -0.5922393095644812 -0.5558566593398838
0.6089326437611471 -0.6748108828540781 -0.4255745670601265
0.6933565045246142 -0.5404645850357983 -0.4688767566969241
0.652453936815836 -0.4581824281035469 -0.6080801243182227
0.5778605414007157 -0.5928358515660338 -0.5560749991216518
0.4614975407241093 -0.633875189368495 -0.6249887830104344
0.5470011282726569 -0.4935169965587811 -0.6721809999056344
0.6533521783573014 -0.4579179154476923 -0.6088647343017388
0.7070041896620801 -0.3067466325464961 -0.6314669848875768
0.6407392138114646 -0.2161061592673186 -0.7416370667243599
0.6049665554652197 -0.3522423248108547 -0.7089709339329423
0.6518788364826734 -0.4573819594022409 -0.6075214671085351
0.5475762286058194 -0.4943174652600871 -0.6727396571153221
0.5165928518987359 -0.379486433606652 -0.7696417863616677
0.6064398973398477 -0.3527782808563061 -0.7103142011261462
0.6076769134272845 -0.6740781887561107 -0.4247528044821398
0.5782883095607432 -0.5929720036624486 -0.5566784219178705
0.4610697725640818 -0.6337390372720801 -0.6243853602142158
0.4799458686352209 -0.7226406765612444 -0.4933218495973417
0.6085933181044694 -0.6758735155762543 -0.4254426765370404
0.5153527868932685 -0.7740071341664686 -0.3565080254095566
0.3585423049392765 -0.8398926370182308 -0.417396790559304
0.479029463958036 -0.7208453497411008 -0.492631977542441
0.6074957968361928 -0.6738626301944951 -0.4241785448001592
0.6460992668073959 -0.7158607447329576 -0.2588917447008391
0.569864579724758 -0.7930761208571312 -0.2221577203618958
0.516450308161545 -0.7760180195482278 -0.3577721571464378
0.4618535036405412 -0.6357575192789068 -0.625693401334756
0.4791621375587616 -0.7206221945544178 -0.4920138084768014
0.3584096313385509 -0.8401157922049139 -0.4180149596249436
0.3457459802996656 -0.7454661342263006 -0.5618809917718093
0.4608638594548561 -0.6342040769030575 -0.6249769867762561
0.3290074137604526 -0.6298418554764956 -0.6998807337713158
0.21293416819612 -0.748379449023219 -0.6322924816936724
0.3467356244853506 -0.7470195766021499 -0.5625974063303091
0.4613174607937686 -0.6343927405711481 -0.6258743175773787
0.3285538124215402 -0.6296531918084051 -0.6989834029701933
0.3040792696278759 -0.4894779780677798 -0.8215434967759087
0.4303843134494707 -0.5041109404283236 -0.7440632027698529
0.4620983858626894 -0.6346055049181565 -0.6263752862178722
0.5464002831340767 -0.4927866810091197 -0.6707944966981968
0.5177687973704787 -0.3810172178576196 -0.7715869467787931
0.4296033883805498 -0.5038981760813152 -0.7435622341293594
0.3573222522508047 -0.8389552271928084 -0.4170892703172568
0.2062966935754805 -0.8339090021266969 -0.5064914785652294
0.2128364332940589 -0.7487723263869628 -0.6320832069444855
0.3468333593874117 -0.746626699238406 -0.5628066810794958
0.3582751689290842 -0.8398253464392131 -0.416826163693916
0.4400060824903289 -0.8576114145104367 -0.251907905639022
0.5706949649828423 -0.7950197156598727 -0.2228512252333892
0.5156199229034607 -0.7740744247454862 -0.3570786522749445
0.9345569018500463 -0.2388560599821301 0.2735174547663979
0.9299792996153609 -0.3316560310255116 0.1409542690633996
0.9718429335700218 -0.2464413537153052 0.006970645351352142
0.9736697266793676 -0.1627581736595826 0.1421350303443609
0.9334610944301656 -0.2387312246816642 0.2736808752490233
0.880602735212309 -0.3853192210963402 0.2698502627644324
0.8275568164602436 -0.4072500915962479 0.3905643511060317
0.8664393010716814 -0.2912698821481151 0.4014922627343677
0.971326920754322 -0.2465363457063408 0.006476221313692737
0.9141966642568709 -0.3998587251305277 0.007070953934809143
0.8903607722139245 -0.4428527677017071 -0.1242466080839842
0.9379599263911219 -0.3140168634482052 -0.1315945490719951
0.6070448496032317 -0.2145148794737505 0.767456449325589
0.7011722344330454 -0.2895863784838602 0.6488308659902946
0.6549750178884626 -0.4238803995898424 0.6283650351049554
0.561892488780157 -0.2984234136431544 0.7692233504301277
0.1745454320389917 -0.2789978947887841 0.9505420144004414
0.2239200026182895 -0.4162852035998875 0.8744477207721749
0.3724073840353562 -0.4936348063742885 0.7933936428623953
0.3180258264777135 -0.3401207162116725 0.8782196916314574
0.1379427591048439 0.2466170566467862 -0.9638108955320333
0.002615350763533759 0.2713149119192255 -0.957894870468731
-0.1432514125863115 0.2457839039335606 -0.9632491500769911
-0.001774577158453873 0.1647603097788198 -0.9818513612340497
0.6390438609222221 -0.2152518639051713 -0.7401159741221305
0.6066619083544622 -0.353096620173002 -0.7104920265351719
0.5163708408841214 -0.3791680942899561 -0.769463960952642
0.5229203416523128 -0.2819669298455296 -0.8028472960380728
0.8102905534064436 0.2352982101886598 -0.5407062171918942
0.7180355870163551 0.3029685349430581 -0.6231583815811137
0.6853577806194577 0.4290176253703099 -0.5920539093981785
0.7676676431798791 0.380380630534436 -0.511554856736921
0.3734088243313566 -0.4936279944095505 0.7918456518534605
0.4823571724977034 -0.3919742401183031 0.7768610189073104
0.6565263660537902 -0.4256168428263646 0.6308293882590404
0.5279388101822975 -0.5162426741420029 0.6667828758839105
0.8790425990415679 0.4577882191497402 0.1488470689731684
0.8203268886748684 0.4937849571421492 0.2806934914377705
0.8349911107380711 0.4070007803979658 0.376273310517498
0.8871344759611836 0.3694179571592272 0.2684612054054919
0.5873635800180386 0.6428261958955462 -0.4967846281712153
0.5932314008849144 0.5223760745177969 -0.6084164089644115
0.6853449003917099 0.4296550087907446 -0.5922122938410355
0.6931711530049149 0.5172188159115911 -0.4969599923841949
0.3332417377551391 0.9388824547157087 0.1069227335653275
0.1859733895754072 0.9731840078921041 0.1197329055927228
0.1286815215296375 0.9936764366992094 0.005567375837990625
0.2541580760800882 0.9649906512788315 -0.0143491754643222
0.03119649931588287 0.9796898679993219 -0.2108481702923144
-0.1086647107615864 0.9818896978251872 -0.1372893056291993
-0.227036573273041 0.9470175065691686 -0.2384001816141535
-0.09237462250773222 0.9476688948195204 -0.296907976330019
0.0316050495598938 0.9790416789627205 -0.2104686953937985
0.01088633493130109 0.996490763950896 -0.05533267332356155
0.1283649618590262 0.9936364383831142 0.005255942241314986
0.1530548158204104 0.9788489136517076 -0.1208432342411476
-0.2275093178630206 0.9468654425945743 -0.2381499891021119
-0.2383942455055975 0.9658096835962741 -0.07305437150117108
-0.3558654260606651 0.937006394788519 -0.02022098078074798
-0.3582427427167179 0.9188214141662138 -0.1496210164861599
0.4277664903250869 -0.8942841988688809 0.1481097207479785
0.5542395183774064 -0.8248738544448988 0.08789640534458945
0.5702226150366697 -0.8236784386004357 -0.03263260726839631
0.4624625935371349 -0.8839972974424938 0.001106907303180586
-0.5092242632338402 0.1270636714790217 0.8562386826680544
-0.3765276283232615 0.07693091960546214 0.9185160325724427
-0.233744207294933 0.1935388256878017 0.9573429777672949
-0.380443633669821 0.2218869014760676 0.8929680665780585
-0.5085574987708923 0.1268995079931244 0.8540726095240139
-0.381110398132769 0.2220510649619649 0.8951341397220988
-0.3941295898031555 0.3411062394366677 0.8558519947298907
-0.5088650637844881 0.2687135903044809 0.8152706865556778
-0.2327871072101431 0.1934336714689576 0.9552593626563224
-0.2498030420520268 0.3047526815655063 0.9168362714545912
-0.3938392541813135 0.3411652487037208 0.8559344527629587
-0.3814007337546109 0.2219920556949118 0.8950516816890308
-0.2323566584305201 0.1932520288182817 0.9545935385960231
-0.09805713737983507 0.2728781276058731 0.955685179636251
-0.1185441675067017 0.3733196846669182 0.9215012103513442
-0.2502334908316498 0.3049343242161822 0.9175020955148905
-0.3941773933265295 0.3420437615893792 0.8574873286932791
-0.2370797251092417 0.4328743747891142 0.8652912353009661
-0.1193127554315405 0.3743798402032524 0.923719910341964
-0.2494649029068109 0.3038741686798479 0.9152833955242707
-0.7992135833009664 -0.5879346133518307 -0.1464306618127072
-0.8758879235680809 -0.466129995094074 -0.09835861857528763
-0.917410929699822 -0.362462850202521 -0.1811884883738975
-0.8485188207951008 -0.4689874133253891 -0.232804342153871
-0.6607953565284771 -0.04263523883825639 -0.7536656035767865
-0.7034891211244875 -0.2034097948255752 -0.6761849527202758
-0.6373948124386358 -0.3060607508108472 -0.711712567476907
-0.6061081014474664 -0.1736705853878893 -0.7719909815454995
-0.3020392424837919 0.526157827017026 -0.7965048618157072
-0.1513381668413453 0.5330482870810427 -0.8309412710399715
-0.1271056065899964 0.4557000486914994 -0.8824235877533388
-0.2591936972428501 0.4344273022842218 -0.8611612272740171
-0.2656823925822792 -0.9439826411101929 0.2103957196940348
-0.1492115261721405 -0.9348250126532772 0.3128312698541799
-0.1673248596503 -0.8835627918262281 0.4441575211053385
-0.2759224703883841 -0.8894774532560534 0.355980249041003
-0.8896801277492603 -0.2634564068829815 0.3847428627615715
-0.7960992731157671 -0.3218505286835645 0.5036170457347168
-0.7199277028436801 -0.4880603663986754 0.5024621974980933
-0.8154384828747099 -0.4148488219031794 0.3923677864407857
-0.8873749967314974 -0.2621578398095575 0.383101639636647
-0.8946119821290788 -0.3417535028439057 0.2827395056716683
-0.949489687315722 -0.2677946817399697 0.1722884970130236
-0.9444008939836095 -0.1944458765790575 0.2595485231451322
-0.929920903658327 0.3351237683654189 -0.1707664391836315
-0.8685914334027274 0.3829413130385041 -0.3044063574088886
-0.8009140340221615 0.518478682477738 -0.3097395193676651
-0.8625814417978157 0.4629049796101281 -0.1882301621987149
-0.9302921302351762 0.3349959879290157 -0.1701150917095793
-0.9516823406162367 0.2954320232326508 -0.01983918469805438
-0.9145438345759844 0.4024519660039472 0.09081240901996857
-0.9003507145964212 0.4240246616618759 -0.05426442729694188
-0.928887524034813 0.3346162099358644 -0.1702322753262788
-0.9017553207967844 0.4244044396550272 -0.05414724368024241
-0.8468348949551101 0.5289627959745411 -0.08275318110679167
-0.8636148214213297 0.4634125380396825 -0.1887643260560675
-0.7998226001023266 0.5181908834553671 -0.3093540592552082
-0.7884299522214711 0.586732183424108 -0.1737175718859503
-0.8467768406587892 0.5291825553817247 -0.08290188485168744
-0.8636728757176507 0.463192778632499 -0.1886156223111718
-0.9142723471771661 0.4029779382440972 0.09131069257269606
-0.839262476162834 0.5062202298714746 0.180926855189114
-0.771873386546216 0.630126555470004 0.1173660314383909
-0.8475367100539569 0.5227664897260007 0.0418530080781917
-0.9129857905773431 0.4020644448232669 0.09094466916880665
-0.8488232666537798 0.523679983146831 0.04221903148208109
-0.846681457156832 0.5289550527870122 -0.0825037373412541
-0.9019087585950627 0.4244121828425562 -0.05439668744577998
-0.2132447970427442 -0.8316960337238143 -0.5167760708279456
-0.06294937809276113 -0.8379312578591174 -0.5381917015250859
-0.01874950673606385 -0.7771143257250349 -0.6324483568704828
-0.1447951799917747 -0.7650798514388708 -0.624042387553538
-0.6414730304744031 0.6803467628049573 0.3635408723245073
-0.6609943336652565 0.7194129298503184 0.1974552339529008
-0.7713726106358542 0.6305819596807398 0.1177795399111739
-0.7482626489697365 0.5994860144714091 0.2723537567186632
-0.7708075985730956 0.6296578254081048 0.1170302807793973
-0.8486024980270772 0.5232352197878999 0.04218875873718533
-0.8469022257835346 0.5293998161459432 -0.08247346459635833
-0.7782339815987873 0.6237714104117782 -0.03069663965112784
-0.154798740515988 -0.2115991003087861 -0.9656738607505067
-0.2204535463667725 -0.3030427174310953 -0.926445738397111
-0.3382935180099899 -0.2424728372750329 -0.9099600285231395
-0.2839606243550545 -0.1511348861770505 -0.9461823137662293
-0.1566249590979864 -0.2112428923110781 -0.9771988387383426
-0.09935976130439048 0.01113563676988317 -0.9826643691409437
-0.1452234034131694 0.2450254730973597 -0.971053648585119
-0.2191380581293865 0.01274554444237978 -0.9630377404484489
0.2135294326741544 -0.7500759041948399 -0.63474778671586
0.3284121492824182 -0.6281454003048746 -0.6974254287491281
0.3042209327669979 -0.49098576957131 -0.8231014709969737
0.1935546413856907 -0.6169200084453923 -0.755493028666822
0.2122330664606605 -0.7480260062375604 -0.631844499102218
0.07972153141061791 -0.810392795693751 -0.5771372339789432
-0.01831572754361854 -0.7768528298700059 -0.6324377174080101
0.0859170555974411 -0.7137218740485134 -0.6923862641544802
0.3036466633751702 -0.4884417280907167 -0.8207158893472747
0.4308169197021764 -0.5051471904053865 -0.7448908101984868
0.516555266048852 -0.3797682035335481 -0.7702583707096656
0.4101403284264166 -0.3733288342087194 -0.8294876213307317
-0.3378056379700167 0.9251131391711652 0.178980398740779
-0.4186653176649118 0.9026528442662457 0.08918667042752594
-0.3554772797317909 0.9355341383451018 -0.01981746780595048
-0.2754068067537324 0.9579594902144669 0.06694604963030761
0.5694678924382014 -0.7926652182042846 -0.2217698867518167
0.631512600180822 -0.76374033074416 -0.1268747791872086
0.5695618472735651 -0.8223817165544188 -0.03288351784858747
0.5102368041019018 -0.8501527830164605 -0.1228955485580704
0.6568638620262658 -0.4250087404697029 0.6291808103256654
0.7356679186951044 -0.4818430748774715 0.4675645117589941
0.8291155070607458 -0.4084168743408151 0.3920895146504769
0.7725385506401851 -0.3530761364601446 0.5201134854030698
-0.1435675149791529 0.2456029796247415 -0.9610045595518558
-0.2058228781776117 0.3398452839224117 -0.9152430529878595
-0.127164119339267 0.4558730977714072 -0.8834428243628824
-0.08594170221470433 0.3416681896490642 -0.9334905421216267
$EndNodes
$Elements
1 570 1 570
2 1 3 570
1 1 2 3 4 
2 5 6 7 8 
3 9 10 11 12 
4 13 14 15 16 
5 17 18 19 20 
6 21 22 23 24 
7 25 26 27 28 
8 29 30 31 32 
9 33 34 35 36 
10 37 38 39 40 
11 41 42 43 44 
12 45 46 47 48 
13 49 50 51 52 
14 53 54 55 56 
15 57 58 59 60 
16 61 62 63 64 
17 65 66 67 68 
18 69 70 71 72 
19 73 74 75 76 
20 77 78 79 80 
21 81 82 83 84 
22 85 86 87 88 
23 89 90 91 92 
24 93 94 95 96 
25 97 98 99 100 
26 101 102 103 104 
27 105 106 107 108 
28 109 110 111 112 
29 113 114 115 116 
30 117 118 119 120 
31 121 122 123 124 
32 125 126 127 128 
33 129 130 131 132 
34 133 134 135 136 
35 137 138 139 140 
36 141 142 143 144 
37 145 146 147 148 
38 149 150 151 152 
39 153 154 155 156 
40 157 158 159 160 
41 161 162 163 164 
42 165 166 167 168 
43 169 170 171 172 
44 173 174 175 176 
45 177 178 179 180 
46 181 182 183 184 
47 185 186 187 188 
48 189 190 191 192 
49 193 194 195 196 
50 197 198 199 200 
51 201 202 203 204 
52 205 206 207 208 
53 209 210 211 212 
54 213 214 215 216 
55 217 218 219 220 
56 221 222 223 224 
57 225 226 227 228 
58 229 230 231 232 
59 233 234 235 236 
60 237 238 239 240 
61 241 242 243 244 
62 245 246 247 248 
63 249 250 251 252 
64 253 254 255 256 
65 257 258 259 260 
66 261 262 263 264 
67 265 266 267 268 
68 269 270 271 272 
69 273 274 275 276 
70 277 278 279 280 
71 281 282 283 284 
72 285 286 287 288 
73 289 290 291 292 
74 293 294 295 296 
75 297 298 299 300 
76 301 302 303 304 
77 305 306 307 308 
78 309 310 311 312 
79 313 314 315 316 
80 317 318 319 320 
81 321 322 323 324 
82 325 326 327 328 
83 329 330 331 332 
84 333 334 335 336 
85 337 338 339 340 
86 341 342 343 344 
87 345 346 347 348 
88 349 350 351 352 
89 353 354 355 356 
90 357 358 359 360 
91 361 362 363 364 
92 365 366 367 368 
93 369 370 371 372 
94 373 374 375 376 
95 377 378 379 380 
96 381 382 383 384 
97 385 386 387 388 
98 389 390 391 392 
99 393 394 395 396 
100 397 398 399 400 
101 401 402 403 404 
102 405 406 407 408 
103 409 410 411 412 
104 413 414 415 416 
105 417 418 419 420 
106 421 422 423 424 
107 425 426 427 428 
108 429 430 431 432 
109 433 434 435 436 
110 437 438 439 440 
111 441 442 443 444 
112 445 446 447 448 
113 449 450 451 452 
114 453 454 455 456 
115 457 458 459 460 
116 461 462 463 464 
117 465 466 467 468 
118 469 470 471 472 
119 473 474 475 476 
120 477 478 479 480 
121 481 482 483 484 
122 485 486 487 488 
123 489 490 491 492 
124 493 494 495 496 
125 497 498 499 500 
126 501 502 503 504 
127 505 506 507 508 
128 509 510 511 512 
129 513 514 515 516 
130 517 518 519 520 
131 521 522 523 524 
132 525 526 527 528 
133 529 530 531 532 
134 533 534 535 536 
135 537 538 539 540 
136 541 542 543 544 
137 545 546 547 548 
138 549 550 551 552 
139 553 554 555 556 
140 557 558 559 560 
141 561 562 563 564 
142 565 566 567 568 
143 569 570 571 572 
144 573 574 575 576 
145 577 578 579 580 
146 581 582 583 584 
147 585 586 587 588 
148 589 590 591 592 
149 593 594 595 596 
150 597 598 599 600 
151 601 602 603 604 
152 605 606 607 608 
153 609 610 611 612 
154 613 614 615 616 
155 617 618 619 620 
156 621 622 623 624 
157 625 626 627 628 
158 629 630 631 632 
159 633 634 635 636 
160 637 638 639 640 
161 641 642 643 644 
162 645 646 647 648 
163 649 650 651 652 
164 653 654 655 656 
165 657 658 659 660 
166 661 662 663 664 
167 665 666 667 668 
168 669 670 671 672 
169 673 674 675 676 
170 677 678 679 680 
171 681 682 683 684 
172 685 686 687 688 
173 689 690 691 692 
174 693 694 695 696 
175 697 698 699 700 
176 701 702 703 704 
177 705 706 707 708 
178 709 710 711 712 
179 713 714 715 716 
180 717 718 719 720 
181 721 722 723 724 
182 725 726 727 728 
183 729 730 731 732 
184 733 734 735 736 
185 737 738 739 740 
186 741 742 743 744 
187 745 746 747 748 
188 749 750 751 752 
189 753 754 755 756 
190 757 758 759 760 
191 761 762 763 764 
192 765 766 767 768 
193 769 770 771 772 
194 773 774 775 776 
195 777 778 779 780 
196 781 782 783 784 
197 785 786 787 788 
198 789 790 791 792 
199 793 794 795 796 
200 797 798 799 800 
201 801 802 803 804 
202 805 806 807 808 
203 809 810 811 812 
204 813 814 815 816 
205 817 818 819 820 
206 821 822 823 824 
207 825 826 827 828 
208 829 830 831 832 
209 833 834 835 836 
210 837 838 839 840 
211 841 842 843 844 
212 845 846 847 848 
213 849 850 851 852 
214 853 854 855 856 
215 857 858 859 860 
216 861 862 863 864 
217 865 866 867 868 
218 869 870 871 872 
219 873 874 875 876 
220 877 878 879 880 
221 881 882 883 884 
222 885 886 887 888 
223 889 890 891 892 
224 893 894 895 896 
225 897 898 899 900 
226 901 902 903 904 
227 905 906 907 908 
228 909 910 911 912 
229 913 914 915 916 
230 917 918 919 920 
231 921 922 923 924 
232 925 926 927 928 
233 929 930 931 932 
234 933 934 935 936 
235 937 938 939 940 
236 941 942 943 944 
237 945 946 947 948 
238 949 950 951 952 
239 953 954 955 956 
240 957 958 959 960 
241 961 962 963 964 
242 965 966 967 968 
243 969 970 971 972 
244 973 974 975 976 
245 977 978 979 980 
246 981 982 983 984 
247 985 986 987 988 
248 989 990 991 992 
249 993 994 995 996 
250 997 998 999 1000 
251 1001 1002 1003 1004 
252 1005 1006 1007 1008 
253 1009 1010 1011 1012 
254 1013 1014 1015 1016 
255 1017 1018 1019 1020 
256 1021 1022 1023 1024 
257 1025 1026 1027 1028 
258 1029 1030 1031 1032 
259 1033 1034 1035 1036 
260 1037 1038 1039 1040 
261 1041 1042 1043 1044 
262 1045 1046 1047 1048 
263 1049 1050 1051 1052 
264 1053 1054 1055 1056 
265 1057 1058 1059 1060 
266 1061 1062 1063 1064 
267 1065 1066 1067 1068 
268 1069 1070 1071 1072 
269 1073 1074 1075 1076 
270 1077 1078 1079 1080 
271 1081 1082 1083 1084 
272 1085 1086 1087 1088 
273 1089 1090 1091 1092 
274 1093 1094 1095 1096 
275 1097 1098 1099 1100 
276 1101 1102 1103 1104 
277 1105 1106 1107 1108 
278 1109 1110 1111 1112 
279 1113 1114 1115 1116 
280 1117 1118 1119 1120 
281 1121 1122 1123 1124 
282 1125 1126 1127 1128 
283 1129 1130 1131 1132 
284 1133 1134 1135 1136 
285 1137 1138 1139 1140 
286 1141 1142 1143 1144 
287 1145 1146 1147 1148 
288 1149 1150 1151 1152 
289 1153 1154 1155 1156 
290 1157 1158 1159 1160 
291 1161 1162 1163 1164 
292 1165 1166 1167 1168 
293 1169 1170 1171 1172 
294 1173 1174 1175 1176 
295 1177 1178 1179 1180 
296 1181 1182 1183 1184 
297 1185 1186 1187 1188 
298 1189 1190 1191 1192 
299 1193 1194 1195 1196 
300 1197 1198 1199 1200 
301 1201 1202 1203 1204 
302 1205 1206 1207 1208 
303 1209 1210 1211 1212 
304 1213 1214 1215 1216 
305 1217 1218 1219 1220 
306 1221 1222 1223 1224 
307 1225 1226 1227 1228 
308 1229 1230 1231 1232 
309 1233 1234 1235 1236 
310 1237 1238 1239 1240 
311 1241 1242 1243 1244 
312 1245 1246 1247 1248 
313 1249 1250 1251 1252 
314 1253 1254 1255 1256 
315 1257 1258 1259 1260 
316 1261 1262 1263 1264 
317 1265 1266 1267 1268 
318 1269 1270 1271 1272 
319 1273 1274 1275 1276 
320 1277 1278 1279 1280 
321 1281 1282 1283 1284 
322 1285 1286 1287 1288 
323 1289 1290 1291 1292 
324 1293 1294 1295 1296 
325 1297 1298 1299 1300 
326 1301 1302 1303 1304 
327 1305 1306 1307 1308 
328 1309 1310 1311 1312 
329 1313 1314 1315 1316 
330 1317 1318 1319 1320 
331 1321 1322 1323 1324 
332 1325 1326 1327 1328 
333 1329 1330 1331 1332 
334 1333 1334 1335 1336 
335 1337 1338 1339 1340 
336 1341 1342 1343 1344 
337 1345 1346 1347 1348 
338 1349 1350 1351 1352 
339 1353 1354 1355 1356 
340 1357 1358 1359 1360 
341 1361 1362 1363 1364 
342 1365 1366 1367 1368 
343 1369 1370 1371 1372 
344 1373 1374 1375 1376 
345 1377 1378 1379 1380 
346 1381 1382 1383 1384 
347 1385 1386 1387 1388 
348 1389 1390 1391 1392 
349 1393 1394 1395 1396 
350 1397 1398 1399 1400 
351 1401 1402 1403 1404 
352 1405 1406 1407 1408 
353 1409 1410 1411 1412 
354 1413 1414 1415 1416 
355 1417 1418 1419 1420 
356 1421 1422 1423 1424 
357 1425 1426 1427 1428 
358 1429 1430 1431 1432 
359 1433 1434 1435 1436 
360 1437 1438 1439 1440 
361 1441 1442 1443 1444 
362 1445 1446 1447 1448 
363 1449 1450 1451 1452 
364 1453 1454 1455 1456 
365 1457 1458 1459 1460 
366 1461 1462 1463 1464 
367 1465 1466 1467 1468 
368 1469 1470 1471 1472 
369 1473 1474 1475 1476 
370 1477 1478 1479 1480 
371 1481 1482 1483 1484 
372 1485 1486 1487 1488 
373 1489 1490 1491 1492 
374 1493 1494 1495 1496 
375 1497 1498 1499 1500 
376 1501 1502 1503 1504 
377 1505 1506 1507 1508 
378 1509 1510 1511 1512 
379 1513 1514 1515 1516 
380 1517 1518 1519 1520 
381 1521 1522 1523 1524 
382 1525 1526 1527 1528 
383 1529 1530 1531 1532 
384 1533 1534 1535 1536 
385 1537 1538 1539 1540 
386 1541 1542 1543 1544 
387 1545 1546 1547 1548 
388 1549 1550 1551 1552 
389 1553 1554 1555 1556 
390 1557 1558 1559 1560 
391 1561 1562 1563 1564 
392 1565 1566 1567 1568 
393 1569 1570 1571 1572 
394 1573 1574 1575 1576 
395 1577 1578 1579 1580 
396 1581 1582 1583 1584 
397 1585 1586 1587 1588 
398 1589 1590 1591 1592 
399 1593 1594 1595 1596 
400 1597 1598 1599 1600 
401 1601 1602 1603 1604 
402 1605 1606 1607 1608 
403 1609 1610 1611 1612 
404 1613 1614 1615 1616 
405 1617 1618 1619 1620 
406 1621 1622 1623 1624 
407 1625 1626 1627 1628 
408 1629 1630 1631 1632 
409 1633 1634 1635 1636 
410 1637 1638 1639 1640 
411 1641 1642 1643 1644 
412 1645 1646 1647 1648 
413 1649 1650 1651 1652 
414 1653 1654 1655 1656 
415 1657 1658 1659 1660 
416 1661 1662 1663 1664 
417 1665 1666 1667 1668 
418 1669 1670 1671 1672 
419 1673 1674 1675 1676 
420 1677 1678 1679 1680 
421 1681 1682 1683 1684 
422 1685 1686 1687 1688 
423 1689 1690 1691 1692 
424 1693 1694 1695 1696 
425 1697 1698 1699 1700 
426 1701 1702 1703 1704 
427 1705 1706 1707 1708 
428 1709 1710 1711 1712 
429 1713 1714 1715 1716 
430 1717 1718 1719 1720 
431 1721 1722 1723 1724 
432 1725 1726 1727 1728 
433 1729 1730 1731 1732 
434 1733 1734 1735 1736 
435 1737 1738 1739 1740 
436 1741 1742 1743 1744 
437 1745 1746 1747 1748 
438 1749 1750 1751 1752 
439 1753 1754 1755 1756 
440 1757 1758 1759 1760 
441 1761 1762 1763 1764 
442 1765 1766 1767 1768 
443 1769 1770 1771 1772 
444 1773 1774 1775 1776 
445 1777 1778 1779 1780 
446 1781 1782 1783 1784 
447 1785 1786 1787 1788 
448 1789 1790 1791 1792 
449 1793 1794 1795 1796 
450 1797 1798 1799 1800 
451 1801 1802 1803 1804 
452 1805 1806 1807 1808 
453 1809 1810 1811 1812 
454 1813 1814 1815 1816 
455 1817 1818 1819 1820 
456 1821 1822 1823 1824 
457 1825 1826 1827 1828 
458 1829 1830 1831 1832 
459 1833 1834 1835 1836 
460 1837 1838 1839 1840 
461 1841 1842 1843 1844 
462 1845 1846 1847 1848 
463 1849 1850 1851 1852 
464 1853 1854 1855 1856 
465 1857 1858 1859 1860 
466 1861 1862 1863 1864 
467 1865 1866 1867 1868 
468 1869 1870 1871 1872 
469 1873 1874 1875 1876 
470 1877 1878 1879 1880 
471 1881 1882 1883 1884 
472 1885 1886 1887 1888 
473 1889 1890 1891 1892 
474 1893 1894 1895 1896 
475 1897 1898 1899 1900 
476 1901 1902 1903 1904 
477 1905 1906 1907 1908 
478 1909 1910 1911 1912 
479 1913 1914 1915 1916 
480 1917 1918 1919 1920 
481 1921 1922 1923 1924 
482 1925 1926 1927 1928 
483 1929 1930 1931 1932 
484 1933 1934 1935 1936 
485 1937 1938 1939 1940 
486 1941 1942 1943 1944 
487 1945 1946 1947 1948 
488 1949 1950 1951 1952 
489 1953 1954 1955 1956 
490 1957 1958 1959 1960 
491 1961 1962 1963 1964 
492 1965 1966 1967 1968 
493 1969 1970 1971 1972 
494 1973 1974 1975 1976 
495 1977 1978 1979 1980 
496 1981 1982 1983 1984 
497 1985 1986 1987 1988 
498 1989 1990 1991 1992 
499 1993 1994 1995 1996 
500 1997 1998 1999 2000 
501 2001 2002 2003 2004 
502 2005 2006 2007 2008 
503 2009 2010 2011 2012 
504 2013 2014 2015 2016 
505 2017 2018 2019 2020 
506 2021 2022 2023 2024 
507 2025 2026 2027 2028 
508 2029 2030 2031 2032 
509 2033 2034 2035 2036 
510 2037 2038 2039 2040 
511 2041 2042 2043 2044 
512 2045 2046 2047 2048 
513 2049 2050 2051 2052 
514 2053 2054 2055 2056 
515 2057 2058 2059 2060 
516 2061 2062 2063 2064 
517 2065 2066 2067 2068 
518 2069 2070 2071 2072 
519 2073 2074 2075 2076 
520 2077 2078 2079 2080 
521 2081 2082 2083 2084 
522 2085 2086 2087 2088 
523 2089 2090 2091 2092 
524 2093 2094 2095 2096 
525 2097 2098 2099 2100 
526 2101 2102 2103 2104 
527 2105 2106 2107 2108 
528 2109 2110 2111 2112 
529 2113 2114 2115 2116 
530 2117 2118 2119 2120 
531 2121 2122 2123 2124 
532 2125 2126 2127 2128 
533 2129 2130 2131 2132 
534 2133 2134 2135 2136 
535 2137 2138 2139 2140 
536 2141 2142 2143 2144 
537 2145 2146 2147 2148 
538 2149 2150 2151 2152 
539 2153 2154 2155 2156 
540 2157 2158 2159 2160 
541 2161 2162 2163 2164 
542 2165 2166 2167 2168 
543 2169 2170 2171 2172 
544 2173 2174 2175 2176 
545 2177 2178 2179 2180 
546 2181 2182 2183 2184 
547 2185 2186 2187 2188 
548 2189 2190 2191 2192 
549 2193 2194 2195 2196 
550 2197 2198 2199 2200 
551 2201 2202 2203 2204 
552 2205 2206 2207 2208 
553 2209 2210 2211 2212 
554 2213 2214 2215 2216 
555 2217 2218 2219 2220 
556 2221 2222 2223 2224 
557 2225 2226 2227 2228 
558 2229 2230 2231 2232 
559 2233 2234 2235 2236 
560 2237 2238 2239 2240 
561 2241 2242 2243 2244 
562 2245 2246 2247 2248 
563 2249 2250 2251 2252 
564 2253 2254 2255 2256 
565 2257 2258 2259 2260 
566 2261 2262 2263 2264 
567 2265 2266 2267 2268 
568 2269 2270 2271 2272 
569 2273 2274 2275 2276 
570 2277 2278 2279 2280 
$EndElements
