$MeshFormat
4.1 0 8
$EndMeshFormat
$PhysicalNames
1
2 1 "dual_barycentric"
$EndPhysicalNames
$Entities
0 0 1 0
1 -2.265122802802754 -2.262163000035049 -2.258930927458766 2.250240042674145 2.261666439922251 2.262670555351526 1 1 0 
$EndEntities
$Nodes
1 4408 1 4408
2 1 0 4408
1
2
3
4
5
6
7
8
9
10
11
12
13
14
15
16
17
18
19
20
21
22
23
24
25
26
27
28
29
30
31
32
33
34
35
36
37
38
39
40
41
42
43
44
45
46
47
48
49
50
51
52
53
54
55
56
57
58
59
60
61
62
63
64
65
66
67
68
69
70
71
72
73
74
75
76
77
78
79
80
81
82
83
84
85
86
87
88
89
90
91
92
93
94
95
96
97
98
99
100
101
102
103
104
105
106
107
108
109
110
111
112
113
114
115
116
117
118
119
120
121
122
123
124
125
126
127
128
129
130
131
132
133
134
135
136
137
138
139
140
141
142
143
144
145
146
147
148
149
150
151
152
153
154
155
156
157
158
159
160
161
162
163
164
165
166
167
168
169
170
171
172
173
174
175
176
177
178
179
180
181
182
183
184
185
186
187
188
189
190
191
192
193
194
195
196
197
198
199
200
201
202
203
204
205
206
207
208
209
210
211
212
213
214
215
216
217
218
219
220
221
222
223
224
225
226
227
228
229
230
231
232
233
234
235
236
237
238
239
240
241
242
243
244
245
246
247
248
249
250
251
252
253
254
255
256
257
258
259
260
261
262
263
264
265
266
267
268
269
270
271
272
273
274
275
276
277
278
279
280
281
282
283
284
285
286
287
288
289
290
291
292
293
294
295
296
297
298
299
300
301
302
303
304
305
306
307
308
309
310
311
312
313
314
315
316
317
318
319
320
321
322
323
324
325
326
327
328
329
330
331
332
333
334
335
336
337
338
339
340
341
342
343
344
345
346
347
348
349
350
351
352
353
354
355
356
357
358
359
360
361
362
363
364
365
366
367
368
369
370
371
372
373
374
375
376
377
378
379
380
381
382
383
384
385
386
387
388
389
390
391
392
393
394
395
396
397
398
399
400
401
402
403
404
405
406
407
408
409
410
411
412
413
414
415
416
417
418
419
420
421
422
423
424
425
426
427
428
429
430
431
432
433
434
435
436
437
438
439
440
441
442
443
444
445
446
447
448
449
450
451
452
453
454
455
456
457
458
459
460
461
462
463
464
465
466
467
468
469
470
471
472
473
474
475
476
477
478
479
480
481
482
483
484
485
486
487
488
489
490
491
492
493
494
495
496
497
498
499
500
501
502
503
504
505
506
507
508
509
510
511
512
513
514
515
516
517
518
519
520
521
522
523
524
525
526
527
528
529
530
531
532
533
534
535
536
537
538
539
540
541
542
543
544
545
546
547
548
549
550
551
552
553
554
555
556
557
558
559
560
561
562
563
564
565
566
567
568
569
570
571
572
573
574
575
576
577
578
579
580
581
582
583
584
585
586
587
588
589
590
591
592
593
594
595
596
597
598
599
600
601
602
603
604
605
606
607
608
609
610
611
612
613
614
615
616
617
618
619
620
621
622
623
624
625
626
627
628
629
630
631
632
633
634
635
636
637
638
639
640
641
642
643
644
645
646
647
648
649
650
651
652
653
654
655
656
657
658
659
660
661
662
663
664
665
666
667
668
669
670
671
672
673
674
675
676
677
678
679
680
681
682
683
684
685
686
687
688
689
690
691
692
693
694
695
696
697
698
699
700
701
702
703
704
705
706
707
708
709
710
711
712
713
714
715
716
717
718
719
720
721
722
723
724
725
726
727
728
729
730
731
732
733
734
735
736
737
738
739
740
741
742
743
744
745
746
747
748
749
750
751
752
753
754
755
756
757
758
759
760
761
762
763
764
765
766
767
768
769
770
771
772
773
774
775
776
777
778
779
780
781
782
783
784
785
786
787
788
789
790
791
792
793
794
795
796
797
798
799
800
801
802
803
804
805
806
807
808
809
810
811
812
813
814
815
816
817
818
819
820
821
822
823
824
825
826
827
828
829
830
831
832
833
834
835
836
837
838
839
840
841
842
843
844
845
846
847
848
849
850
851
852
853
854
855
856
857
858
859
860
861
862
863
864
865
866
867
868
869
870
871
872
873
874
875
876
877
878
879
880
881
882
883
884
885
886
887
888
889
890
891
892
893
894
895
896
897
898
899
900
901
902
903
904
905
906
907
908
909
910
911
912
913
914
915
916
917
918
919
920
921
922
923
924
925
926
927
928
929
930
931
932
933
934
935
936
937
938
939
940
941
942
943
944
945
946
947
948
949
950
951
952
953
954
955
956
957
958
959
960
961
962
963
964
965
966
967
968
969
970
971
972
973
974
975
976
977
978
979
980
981
982
983
984
985
986
987
988
989
990
991
992
993
994
995
996
997
998
999
1000
1001
1002
1003
1004
1005
1006
1007
1008
1009
1010
1011
1012
1013
1014
1015
1016
1017
1018
1019
1020
1021
1022
1023
1024
1025
1026
1027
1028
1029
1030
1031
1032
1033
1034
1035
1036
1037
1038
1039
1040
1041
1042
1043
1044
1045
1046
1047
1048
1049
1050
1051
1052
1053
1054
1055
1056
1057
1058
1059
1060
1061
1062
1063
1064
1065
1066
1067
1068
1069
1070
1071
1072
1073
1074
1075
1076
1077
1078
1079
1080
1081
1082
1083
1084
1085
1086
1087
1088
1089
1090
1091
1092
1093
1094
1095
1096
1097
1098
1099
1100
1101
1102
1103
1104
1105
1106
1107
1108
1109
1110
1111
1112
1113
1114
1115
1116
1117
1118
1119
1120
1121
1122
1123
1124
1125
1126
1127
1128
1129
1130
1131
1132
1133
1134
1135
1136
1137
1138
1139
1140
1141
1142
1143
1144
1145
1146
1147
1148
1149
1150
1151
1152
1153
1154
1155
1156
1157
1158
1159
1160
1161
1162
1163
1164
1165
1166
1167
1168
1169
1170
1171
1172
1173
1174
1175
1176
1177
1178
1179
1180
1181
1182
1183
1184
1185
1186
1187
1188
1189
1190
1191
1192
1193
1194
1195
1196
1197
1198
1199
1200
1201
1202
1203
1204
1205
1206
1207
1208
1209
1210
1211
1212
1213
1214
1215
1216
1217
1218
1219
1220
1221
1222
1223
1224
1225
1226
1227
1228
1229
1230
1231
1232
1233
1234
1235
1236
1237
1238
1239
1240
1241
1242
1243
1244
1245
1246
1247
1248
1249
1250
1251
1252
1253
1254
1255
1256
1257
1258
1259
1260
1261
1262
1263
1264
1265
1266
1267
1268
1269
1270
1271
1272
1273
1274
1275
1276
1277
1278
1279
1280
1281
1282
1283
1284
1285
1286
1287
1288
1289
1290
1291
1292
1293
1294
1295
1296
1297
1298
1299
1300
1301
1302
1303
1304
1305
1306
1307
1308
1309
1310
1311
1312
1313
1314
1315
1316
1317
1318
1319
1320
1321
1322
1323
1324
1325
1326
1327
1328
1329
1330
1331
1332
1333
1334
1335
1336
1337
1338
1339
1340
1341
1342
1343
1344
1345
1346
1347
1348
1349
1350
1351
1352
1353
1354
1355
1356
1357
1358
1359
1360
1361
1362
1363
1364
1365
1366
1367
1368
1369
1370
1371
1372
1373
1374
1375
1376
1377
1378
1379
1380
1381
1382
1383
1384
1385
1386
1387
1388
1389
1390
1391
1392
1393
1394
1395
1396
1397
1398
1399
1400
1401
1402
1403
1404
1405
1406
1407
1408
1409
1410
1411
1412
1413
1414
1415
1416
1417
1418
1419
1420
1421
1422
1423
1424
1425
1426
1427
1428
1429
1430
1431
1432
1433
1434
1435
1436
1437
1438
1439
1440
1441
1442
1443
1444
1445
1446
1447
1448
1449
1450
1451
1452
1453
1454
1455
1456
1457
1458
1459
1460
1461
1462
1463
1464
1465
1466
1467
1468
1469
1470
1471
1472
1473
1474
1475
1476
1477
1478
1479
1480
1481
1482
1483
1484
1485
1486
1487
1488
1489
1490
1491
1492
1493
1494
1495
1496
1497
1498
1499
1500
1501
1502
1503
1504
1505
1506
1507
1508
1509
1510
1511
1512
1513
1514
1515
1516
1517
1518
1519
1520
1521
1522
1523
1524
1525
1526
1527
1528
1529
1530
1531
1532
1533
1534
1535
1536
1537
1538
1539
1540
1541
1542
1543
1544
1545
1546
1547
1548
1549
1550
1551
1552
1553
1554
1555
1556
1557
1558
1559
1560
1561
1562
1563
1564
1565
1566
1567
1568
1569
1570
1571
1572
1573
1574
1575
1576
1577
1578
1579
1580
1581
1582
1583
1584
1585
1586
1587
1588
1589
1590
1591
1592
1593
1594
1595
1596
1597
1598
1599
1600
1601
1602
1603
1604
1605
1606
1607
1608
1609
1610
1611
1612
1613
1614
1615
1616
1617
1618
1619
1620
1621
1622
1623
1624
1625
1626
1627
1628
1629
1630
1631
1632
1633
1634
1635
1636
1637
1638
1639
1640
1641
1642
1643
1644
1645
1646
1647
1648
1649
1650
1651
1652
1653
1654
1655
1656
1657
1658
1659
1660
1661
1662
1663
1664
1665
1666
1667
1668
1669
1670
1671
1672
1673
1674
1675
1676
1677
1678
1679
1680
1681
1682
1683
1684
1685
1686
1687
1688
1689
1690
1691
1692
1693
1694
1695
1696
1697
1698
1699
1700
1701
1702
1703
1704
1705
1706
1707
1708
1709
1710
1711
1712
1713
1714
1715
1716
1717
1718
1719
1720
1721
1722
1723
1724
1725
1726
1727
1728
1729
1730
1731
1732
1733
1734
1735
1736
1737
1738
1739
1740
1741
1742
1743
1744
1745
1746
1747
1748
1749
1750
1751
1752
1753
1754
1755
1756
1757
1758
1759
1760
1761
1762
1763
1764
1765
1766
1767
1768
1769
1770
1771
1772
1773
1774
1775
1776
1777
1778
1779
1780
1781
1782
1783
1784
1785
1786
1787
1788
1789
1790
1791
1792
1793
1794
1795
1796
1797
1798
1799
1800
1801
1802
1803
1804
1805
1806
1807
1808
1809
1810
1811
1812
1813
1814
1815
1816
1817
1818
1819
1820
1821
1822
1823
1824
1825
1826
1827
1828
1829
1830
1831
1832
1833
1834
1835
1836
1837
1838
1839
1840
1841
1842
1843
1844
1845
1846
1847
1848
1849
1850
1851
1852
1853
1854
1855
1856
1857
1858
1859
1860
1861
1862
1863
1864
1865
1866
1867
1868
1869
1870
1871
1872
1873
1874
1875
1876
1877
1878
1879
1880
1881
1882
1883
1884
1885
1886
1887
1888
1889
1890
1891
1892
1893
1894
1895
1896
1897
1898
1899
1900
1901
1902
1903
1904
1905
1906
1907
1908
1909
1910
1911
1912
1913
1914
1915
1916
1917
1918
1919
1920
1921
1922
1923
1924
1925
1926
1927
1928
1929
1930
1931
1932
1933
1934
1935
1936
1937
1938
1939
1940
1941
1942
1943
1944
1945
1946
1947
1948
1949
1950
1951
1952
1953
1954
1955
1956
1957
1958
1959
1960
1961
1962
1963
1964
1965
1966
1967
1968
1969
1970
1971
1972
1973
1974
1975
1976
1977
1978
1979
1980
1981
1982
1983
1984
1985
1986
1987
1988
1989
1990
1991
1992
1993
1994
1995
1996
1997
1998
1999
2000
2001
2002
2003
2004
2005
2006
2007
2008
2009
2010
2011
2012
2013
2014
2015
2016
2017
2018
2019
2020
2021
2022
2023
2024
2025
2026
2027
2028
2029
2030
2031
2032
2033
2034
2035
2036
2037
2038
2039
2040
2041
2042
2043
2044
2045
2046
2047
2048
2049
2050
2051
2052
2053
2054
2055
2056
2057
2058
2059
2060
2061
2062
2063
2064
2065
2066
2067
2068
2069
2070
2071
2072
2073
2074
2075
2076
2077
2078
2079
2080
2081
2082
2083
2084
2085
2086
2087
2088
2089
2090
2091
2092
2093
2094
2095
2096
2097
2098
2099
2100
2101
2102
2103
2104
2105
2106
2107
2108
2109
2110
2111
2112
2113
2114
2115
2116
2117
2118
2119
2120
2121
2122
2123
2124
2125
2126
2127
2128
2129
2130
2131
2132
2133
2134
2135
2136
2137
2138
2139
2140
2141
2142
2143
2144
2145
2146
2147
2148
2149
2150
2151
2152
2153
2154
2155
2156
2157
2158
2159
2160
2161
2162
2163
2164
2165
2166
2167
2168
2169
2170
2171
2172
2173
2174
2175
2176
2177
2178
2179
2180
2181
2182
2183
2184
2185
2186
2187
2188
2189
2190
2191
2192
2193
2194
2195
2196
2197
2198
2199
2200
2201
2202
2203
2204
2205
2206
2207
2208
2209
2210
2211
2212
2213
2214
2215
2216
2217
2218
2219
2220
2221
2222
2223
2224
2225
2226
2227
2228
2229
2230
2231
2232
2233
2234
2235
2236
2237
2238
2239
2240
2241
2242
2243
2244
2245
2246
2247
2248
2249
2250
2251
2252
2253
2254
2255
2256
2257
2258
2259
2260
2261
2262
2263
2264
2265
2266
2267
2268
2269
2270
2271
2272
2273
2274
2275
2276
2277
2278
2279
2280
2281
2282
2283
2284
2285
2286
2287
2288
2289
2290
2291
2292
2293
2294
2295
2296
2297
2298
2299
2300
2301
2302
2303
2304
2305
2306
2307
2308
2309
2310
2311
2312
2313
2314
2315
2316
2317
2318
2319
2320
2321
2322
2323
2324
2325
2326
2327
2328
2329
2330
2331
2332
2333
2334
2335
2336
2337
2338
2339
2340
2341
2342
2343
2344
2345
2346
2347
2348
2349
2350
2351
2352
2353
2354
2355
2356
2357
2358
2359
2360
2361
2362
2363
2364
2365
2366
2367
2368
2369
2370
2371
2372
2373
2374
2375
2376
2377
2378
2379
2380
2381
2382
2383
2384
2385
2386
2387
2388
2389
2390
2391
2392
2393
2394
2395
2396
2397
2398
2399
2400
2401
2402
2403
2404
2405
2406
2407
2408
2409
2410
2411
2412
2413
2414
2415
2416
2417
2418
2419
2420
2421
2422
2423
2424
2425
2426
2427
2428
2429
2430
2431
2432
2433
2434
2435
2436
2437
2438
2439
2440
2441
2442
2443
2444
2445
2446
2447
2448
2449
2450
2451
2452
2453
2454
2455
2456
2457
2458
2459
2460
2461
2462
2463
2464
2465
2466
2467
2468
2469
2470
2471
2472
2473
2474
2475
2476
2477
2478
2479
2480
2481
2482
2483
2484
2485
2486
2487
2488
2489
2490
2491
2492
2493
2494
2495
2496
2497
2498
2499
2500
2501
2502
2503
2504
2505
2506
2507
2508
2509
2510
2511
2512
2513
2514
2515
2516
2517
2518
2519
2520
2521
2522
2523
2524
2525
2526
2527
2528
2529
2530
2531
2532
2533
2534
2535
2536
2537
2538
2539
2540
2541
2542
2543
2544
2545
2546
2547
2548
2549
2550
2551
2552
2553
2554
2555
2556
2557
2558
2559
2560
2561
2562
2563
2564
2565
2566
2567
2568
2569
2570
2571
2572
2573
2574
2575
2576
2577
2578
2579
2580
2581
2582
2583
2584
2585
2586
2587
2588
2589
2590
2591
2592
2593
2594
2595
2596
2597
2598
2599
2600
2601
2602
2603
2604
2605
2606
2607
2608
2609
2610
2611
2612
2613
2614
2615
2616
2617
2618
2619
2620
2621
2622
2623
2624
2625
2626
2627
2628
2629
2630
2631
2632
2633
2634
2635
2636
2637
2638
2639
2640
2641
2642
2643
2644
2645
2646
2647
2648
2649
2650
2651
2652
2653
2654
2655
2656
2657
2658
2659
2660
2661
2662
2663
2664
2665
2666
2667
2668
2669
2670
2671
2672
2673
2674
2675
2676
2677
2678
2679
2680
2681
2682
2683
2684
2685
2686
2687
2688
2689
2690
2691
2692
2693
2694
2695
2696
2697
2698
2699
2700
2701
2702
2703
2704
2705
2706
2707
2708
2709
2710
2711
2712
2713
2714
2715
2716
2717
2718
2719
2720
2721
2722
2723
2724
2725
2726
2727
2728
2729
2730
2731
2732
2733
2734
2735
2736
2737
2738
2739
2740
2741
2742
2743
2744
2745
2746
2747
2748
2749
2750
2751
2752
2753
2754
2755
2756
2757
2758
2759
2760
2761
2762
2763
2764
2765
2766
2767
2768
2769
2770
2771
2772
2773
2774
2775
2776
2777
2778
2779
2780
2781
2782
2783
2784
2785
2786
2787
2788
2789
2790
2791
2792
2793
2794
2795
2796
2797
2798
2799
2800
2801
2802
2803
2804
2805
2806
2807
2808
2809
2810
2811
2812
2813
2814
2815
2816
2817
2818
2819
2820
2821
2822
2823
2824
2825
2826
2827
2828
2829
2830
2831
2832
2833
2834
2835
2836
2837
2838
2839
2840
2841
2842
2843
2844
2845
2846
2847
2848
2849
2850
2851
2852
2853
2854
2855
2856
2857
2858
2859
2860
2861
2862
2863
2864
2865
2866
2867
2868
2869
2870
2871
2872
2873
2874
2875
2876
2877
2878
2879
2880
2881
2882
2883
2884
2885
2886
2887
2888
2889
2890
2891
2892
2893
2894
2895
2896
2897
2898
2899
2900
2901
2902
2903
2904
2905
2906
2907
2908
2909
2910
2911
2912
2913
2914
2915
2916
2917
2918
2919
2920
2921
2922
2923
2924
2925
2926
2927
2928
2929
2930
2931
2932
2933
2934
2935
2936
2937
2938
2939
2940
2941
2942
2943
2944
2945
2946
2947
2948
2949
2950
2951
2952
2953
2954
2955
2956
2957
2958
2959
2960
2961
2962
2963
2964
2965
2966
2967
2968
2969
2970
2971
2972
2973
2974
2975
2976
2977
2978
2979
2980
2981
2982
2983
2984
2985
2986
2987
2988
2989
2990
2991
2992
2993
2994
2995
2996
2997
2998
2999
3000
3001
3002
3003
3004
3005
3006
3007
3008
3009
3010
3011
3012
3013
3014
3015
3016
3017
3018
3019
3020
3021
3022
3023
3024
3025
3026
3027
3028
3029
3030
3031
3032
3033
3034
3035
3036
3037
3038
3039
3040
3041
3042
3043
3044
3045
3046
3047
3048
3049
3050
3051
3052
3053
3054
3055
3056
3057
3058
3059
3060
3061
3062
3063
3064
3065
3066
3067
3068
3069
3070
3071
3072
3073
3074
3075
3076
3077
3078
3079
3080
3081
3082
3083
3084
3085
3086
3087
3088
3089
3090
3091
3092
3093
3094
3095
3096
3097
3098
3099
3100
3101
3102
3103
3104
3105
3106
3107
3108
3109
3110
3111
3112
3113
3114
3115
3116
3117
3118
3119
3120
3121
3122
3123
3124
3125
3126
3127
3128
3129
3130
3131
3132
3133
3134
3135
3136
3137
3138
3139
3140
3141
3142
3143
3144
3145
3146
3147
3148
3149
3150
3151
3152
3153
3154
3155
3156
3157
3158
3159
3160
3161
3162
3163
3164
3165
3166
3167
3168
3169
3170
3171
3172
3173
3174
3175
3176
3177
3178
3179
3180
3181
3182
3183
3184
3185
3186
3187
3188
3189
3190
3191
3192
3193
3194
3195
3196
3197
3198
3199
3200
3201
3202
3203
3204
3205
3206
3207
3208
3209
3210
3211
3212
3213
3214
3215
3216
3217
3218
3219
3220
3221
3222
3223
3224
3225
3226
3227
3228
3229
3230
3231
3232
3233
3234
3235
3236
3237
3238
3239
3240
3241
3242
3243
3244
3245
3246
3247
3248
3249
3250
3251
3252
3253
3254
3255
3256
3257
3258
3259
3260
3261
3262
3263
3264
3265
3266
3267
3268
3269
3270
3271
3272
3273
3274
3275
3276
3277
3278
3279
3280
3281
3282
3283
3284
3285
3286
3287
3288
3289
3290
3291
3292
3293
3294
3295
3296
3297
3298
3299
3300
3301
3302
3303
3304
3305
3306
3307
3308
3309
3310
3311
3312
3313
3314
3315
3316
3317
3318
3319
3320
3321
3322
3323
3324
3325
3326
3327
3328
3329
3330
3331
3332
3333
3334
3335
3336
3337
3338
3339
3340
3341
3342
3343
3344
3345
3346
3347
3348
3349
3350
3351
3352
3353
3354
3355
3356
3357
3358
3359
3360
3361
3362
3363
3364
3365
3366
3367
3368
3369
3370
3371
3372
3373
3374
3375
3376
3377
3378
3379
3380
3381
3382
3383
3384
3385
3386
3387
3388
3389
3390
3391
3392
3393
3394
3395
3396
3397
3398
3399
3400
3401
3402
3403
3404
3405
3406
3407
3408
3409
3410
3411
3412
3413
3414
3415
3416
3417
3418
3419
3420
3421
3422
3423
3424
3425
3426
3427
3428
3429
3430
3431
3432
3433
3434
3435
3436
3437
3438
3439
3440
3441
3442
3443
3444
3445
3446
3447
3448
3449
3450
3451
3452
3453
3454
3455
3456
3457
3458
3459
3460
3461
3462
3463
3464
3465
3466
3467
3468
3469
3470
3471
3472
3473
3474
3475
3476
3477
3478
3479
3480
3481
3482
3483
3484
3485
3486
3487
3488
3489
3490
3491
3492
3493
3494
3495
3496
3497
3498
3499
3500
3501
3502
3503
3504
3505
3506
3507
3508
3509
3510
3511
3512
3513
3514
3515
3516
3517
3518
3519
3520
3521
3522
3523
3524
3525
3526
3527
3528
3529
3530
3531
3532
3533
3534
3535
3536
3537
3538
3539
3540
3541
3542
3543
3544
3545
3546
3547
3548
3549
3550
3551
3552
3553
3554
3555
3556
3557
3558
3559
3560
3561
3562
3563
3564
3565
3566
3567
3568
3569
3570
3571
3572
3573
3574
3575
3576
3577
3578
3579
3580
3581
3582
3583
3584
3585
3586
3587
3588
3589
3590
3591
3592
3593
3594
3595
3596
3597
3598
3599
3600
3601
3602
3603
3604
3605
3606
3607
3608
3609
3610
3611
3612
3613
3614
3615
3616
3617
3618
3619
3620
3621
3622
3623
3624
3625
3626
3627
3628
3629
3630
3631
3632
3633
3634
3635
3636
3637
3638
3639
3640
3641
3642
3643
3644
3645
3646
3647
3648
3649
3650
3651
3652
3653
3654
3655
3656
3657
3658
3659
3660
3661
3662
3663
3664
3665
3666
3667
3668
3669
3670
3671
3672
3673
3674
3675
3676
3677
3678
3679
3680
3681
3682
3683
3684
3685
3686
3687
3688
3689
3690
3691
3692
3693
3694
3695
3696
3697
3698
3699
3700
3701
3702
3703
3704
3705
3706
3707
3708
3709
3710
3711
3712
3713
3714
3715
3716
3717
3718
3719
3720
3721
3722
3723
3724
3725
3726
3727
3728
3729
3730
3731
3732
3733
3734
3735
3736
3737
3738
3739
3740
3741
3742
3743
3744
3745
3746
3747
3748
3749
3750
3751
3752
3753
3754
3755
3756
3757
3758
3759
3760
3761
3762
3763
3764
3765
3766
3767
3768
3769
3770
3771
3772
3773
3774
3775
3776
3777
3778
3779
3780
3781
3782
3783
3784
3785
3786
3787
3788
3789
3790
3791
3792
3793
3794
3795
3796
3797
3798
3799
3800
3801
3802
3803
3804
3805
3806
3807
3808
3809
3810
3811
3812
3813
3814
3815
3816
3817
3818
3819
3820
3821
3822
3823
3824
3825
3826
3827
3828
3829
3830
3831
3832
3833
3834
3835
3836
3837
3838
3839
3840
3841
3842
3843
3844
3845
3846
3847
3848
3849
3850
3851
3852
3853
3854
3855
3856
3857
3858
3859
3860
3861
3862
3863
3864
3865
3866
3867
3868
3869
3870
3871
3872
3873
3874
3875
3876
3877
3878
3879
3880
3881
3882
3883
3884
3885
3886
3887
3888
3889
3890
3891
3892
3893
3894
3895
3896
3897
3898
3899
3900
3901
3902
3903
3904
3905
3906
3907
3908
3909
3910
3911
3912
3913
3914
3915
3916
3917
3918
3919
3920
3921
3922
3923
3924
3925
3926
3927
3928
3929
3930
3931
3932
3933
3934
3935
3936
3937
3938
3939
3940
3941
3942
3943
3944
3945
3946
3947
3948
3949
3950
3951
3952
3953
3954
3955
3956
3957
3958
3959
3960
3961
3962
3963
3964
3965
3966
3967
3968
3969
3970
3971
3972
3973
3974
3975
3976
3977
3978
3979
3980
3981
3982
3983
3984
3985
3986
3987
3988
3989
3990
3991
3992
3993
3994
3995
3996
3997
3998
3999
4000
4001
4002
4003
4004
4005
4006
4007
4008
4009
4010
4011
4012
4013
4014
4015
4016
4017
4018
4019
4020
4021
4022
4023
4024
4025
4026
4027
4028
4029
4030
4031
4032
4033
4034
4035
4036
4037
4038
4039
4040
4041
4042
4043
4044
4045
4046
4047
4048
4049
4050
4051
4052
4053
4054
4055
4056
4057
4058
4059
4060
4061
4062
4063
4064
4065
4066
4067
4068
4069
4070
4071
4072
4073
4074
4075
4076
4077
4078
4079
4080
4081
4082
4083
4084
4085
4086
4087
4088
4089
4090
4091
4092
4093
4094
4095
4096
4097
4098
4099
4100
4101
4102
4103
4104
4105
4106
4107
4108
4109
4110
4111
4112
4113
4114
4115
4116
4117
4118
4119
4120
4121
4122
4123
4124
4125
4126
4127
4128
4129
4130
4131
4132
4133
4134
4135
4136
4137
4138
4139
4140
4141
4142
4143
4144
4145
4146
4147
4148
4149
4150
4151
4152
4153
4154
4155
4156
4157
4158
4159
4160
4161
4162
4163
4164
4165
4166
4167
4168
4169
4170
4171
4172
4173
4174
4175
4176
4177
4178
4179
4180
4181
4182
4183
4184
4185
4186
4187
4188
4189
4190
4191
4192
4193
4194
4195
4196
4197
4198
4199
4200
4201
4202
4203
4204
4205
4206
4207
4208
4209
4210
4211
4212
4213
4214
4215
4216
4217
4218
4219
4220
4221
4222
4223
4224
4225
4226
4227
4228
4229
4230
4231
4232
4233
4234
4235
4236
4237
4238
4239
4240
4241
4242
4243
4244
4245
4246
4247
4248
4249
4250
4251
4252
4253
4254
4255
4256
4257
4258
4259
4260
4261
4262
4263
4264
4265
4266
4267
4268
4269
4270
4271
4272
4273
4274
4275
4276
4277
4278
4279
4280
4281
4282
4283
4284
4285
4286
4287
4288
4289
4290
4291
4292
4293
4294
4295
4296
4297
4298
4299
4300
4301
4302
4303
4304
4305
4306
4307
4308
4309
4310
4311
4312
4313
4314
4315
4316
4317
4318
4319
4320
4321
4322
4323
4324
4325
4326
4327
4328
4329
4330
4331
4332
4333
4334
4335
4336
4337
4338
4339
4340
4341
4342
4343
4344
4345
4346
4347
4348
4349
4350
4351
4352
4353
4354
4355
4356
4357
4358
4359
4360
4361
4362
4363
4364
4365
4366
4367
4368
4369
4370
4371
4372
4373
4374
4375
4376
4377
4378
4379
4380
4381
4382
4383
4384
4385
4386
4387
4388
4389
4390
4391
4392
4393
4394
4395
4396
4397
4398
4399
4400
4401
4402
4403
4404
4405
4406
4407
4408
-1.617734955539262 -1.715927297331586 -2.257414351515795
-1.209101113309321 -1.589253370158686 -2.218821138512111
-1.532189236086088 -1.356308304000429 -2.246701508867884
-1.273047510816819 -1.925120925886248 -2.16172080114141
-1.921292114236312 -1.438565662883021 -2.19362487569686
-2.003922882796924 -1.806419002831292 -2.125436988305851
-1.668915574680431 -2.052361910729301 -2.117591399762226
1.461558723203342 0.8052023922450975 -0.8118332146748749
1.730762773348175 0.592991066512467 -1.02697060533954
1.324569678302534 0.5962330982735078 -1.077084798634406
1.081029894216154 0.8992483414377982 -0.9888914415732878
-0.9946848304945271 2.158354734897038 1.610826712540973
-1.24802977943285 2.204037353776866 1.338274374034762
-0.7807173300267115 2.04053355013986 1.311602781026772
-0.4122082482081175 1.908884280206991 1.428004792896982
-0.6554888889763207 2.016113131427657 1.721657076909912
1.531956012185736 -1.762947921505938 -2.249588089772316
1.869083939304911 -1.670017145773572 -2.21918237577008
1.650040511087032 -1.365047853647355 -2.246898346132718
1.7510924775918 -2.037789904592809 -2.115276244875835
1.259596807181204 -1.558745099734056 -2.229795630299399
1.300360714366735 -2.013315526687408 -2.114318153575337
2.045473631997955 -2.08876766570645 1.302957845909367
1.757320899365171 -2.246816545920167 1.472117026705307
2.078609255154222 -2.0950406406947 1.66056676182319
2.068059075500678 -1.396793054327446 -2.090100781426775
2.103724457298603 -1.835026133468254 -2.019367968198693
-1.578857595976632 2.054781211896022 -0.7098917009002029
-1.944256779147573 1.921909699442789 -0.7270784581386712
-1.791037510396362 2.146550658023074 -1.040877229567408
-0.8563230463799666 -2.067789029325882 1.295433796528361
-1.203074278955577 -2.198405569188379 1.366818932286525
-0.9247933282100522 -2.124979314321268 1.7108664531269
-0.5986820428743348 -2.008583585982824 1.550463759022016
-1.202029867747259 -1.237737447609686 -2.171064593370628
-0.8799158332062316 -1.778663816192106 -2.09265229918013
-0.8637486139746074 -1.393529764166007 -2.094610497434814
1.143653610363763 -2.089560078859642 -1.034210282983835
0.8948968442560373 -1.896955858283638 -0.8999699649576459
1.202987885845441 -1.937334428840364 -0.6583198678808901
1.503941189149041 -2.105062599613478 -0.8493550166784994
0.09726706692632185 -1.774925085806431 1.389450330357501
0.1447068250939156 -1.493957364385027 1.282264715927387
-0.2321618511785096 -1.55110773834194 1.233432971537832
-0.06627816755848248 -1.291482093094763 1.52576559847493
-0.3917387903790748 -1.225292162491246 1.3534579258972
-0.2820026033638062 -1.852871880415565 1.424906317092649
1.251331858547517 -1.197359484281285 -2.173170852084927
0.9127504079761843 -1.391426519984496 -2.112587398812905
0.9805984277692045 -1.788894446803592 -2.126764424145646
1.697144322869352 2.054001729734236 -0.7332707714819398
1.26806684318323 2.060027763192784 -0.8575593845381452
1.56335287677358 2.172392800342332 -1.038346044543053
1.239792113593502 0.2252041836389741 1.629199907812248
1.419975165784193 0.02787885920437251 1.347023457955145
1.351736219469141 0.3715551234343398 1.241610891322665
1.073230239560125 0.5023829935553146 1.488619686059285
1.561195590464938 -1.021795705336054 -2.167231190843705
1.919087493066694 -1.049373331452568 -2.096617101017069
-1.498654382486299 -2.02836961645394 -0.6567277330766503
-1.174469139700673 -2.034340521090342 -0.8747806702845111
-1.558803390929558 -2.160777324230309 -1.001550419639297
-1.876032139952888 -2.019579735540626 -0.8069253538617088
-1.960145183256553 0.6096789503940503 1.308916277259
-2.131386003387428 0.9382622132817758 1.451909851181498
-1.998131602062346 0.5997750355163851 1.695964836421057
-1.854386616895926 0.2786700018962067 1.43236384943608
-1.757690674195927 -1.088349777757393 -2.16962178799941
-2.198278977599524 -1.515439162964786 -1.926594594760967
-2.085172059482201 -1.121338744434279 -1.977636854971772
-2.054907822291215 -1.050962851311645 -1.036059264963086
-1.820564914702287 -0.7700823940136929 -0.9338538026481661
-1.900781489011488 -1.115419876014435 -0.6831800134307214
-2.092687888855679 -1.391871155017393 -0.8595974073549504
-2.236597669725252 1.506583236365958 1.305003770317656
-2.240252903824034 1.807529015355195 1.538801824076011
-2.237470055724379 1.302617228457677 1.628882296349829
-1.414639302273941 -0.9449209267112254 -2.128232316453571
1.867928989963605 0.8871266437968977 -0.8702016477871213
-0.1496157993970602 1.332920795435149 1.401117736948234
0.1225348945344723 1.526660352021451 1.279132901149669
-0.2388104825702417 1.663069202077466 1.243143415345379
0.03801116159018458 1.817590525662333 1.500741498254224
-1.587694902985384 1.368045390225914 -2.249488512944796
-1.211792096344533 1.440546616530954 -2.211017747847291
-1.50355657887278 1.776575512664155 -2.245454612457567
-1.301637507811898 1.093547265406901 -2.155168865250205
-1.887508625206601 1.62622796977678 -2.215462228707079
-1.922691892842303 1.198293514652987 -2.143399405945244
-1.619084292440983 0.9572230897676685 -2.145707549848548
-1.770322786364261 0.6342632263358596 -1.01711855710657
-1.870372838771224 0.9485000711415009 -0.8112838417589194
-1.500039017430588 0.7915399788158773 -0.8137265329508608
-1.331206928238318 2.223291559878881 1.781057311047742
-1.681399349490129 2.26166643992225 1.601189914839537
1.492228408781019 1.787683582159792 -2.242337553899173
1.215887670920965 1.480047139633109 -2.215965846050874
1.660589251171092 1.472907790574923 -2.258930927458766
1.457129749322499 1.164446517898926 -2.201142562744669
1.865807761767351 1.842345244252924 -2.18577473689093
2.028449338445425 1.451085676800124 -2.132216274486197
1.820000352422988 1.109234968544653 -2.159374332051044
0.838402863287332 1.212944669141325 -0.9318757560224048
1.212122541437987 1.088458814314637 -0.6789494119868188
1.429593992967448 -2.254769625518114 1.659711040942178
1.399125362293324 -2.225489374788201 1.30395851977942
1.072148240100306 -2.182681939242351 1.580513781453748
1.17941676858445 1.905805612454611 -2.146341675784279
1.133578150258552 1.069755008608413 -2.099248594753811
0.8936876914581516 1.704378027886857 -2.114876451176855
0.8438018508172352 1.338379988536728 -2.074363470556769
-2.103246416281427 1.23591795504162 -0.991043135324958
-2.101533461333366 1.588034963966853 -0.830551142383947
-1.940560643467787 1.263272583598485 -0.6095414488669276
-1.900424088401296 -2.206324980049501 1.681632950983913
-1.580328663110283 -2.262163000035049 1.478130078593335
-1.932098655369511 -2.168406115894518 1.318253688713582
-2.173600034794811 -1.975136252403614 1.641763540406869
-1.111660121317944 1.76330368918437 -2.175252800005402
-0.8140228297618661 1.507597783030669 -2.092087196638296
-0.951600411448762 1.152792043329163 -2.059732685353392
0.7949990668427601 1.57965914050793 -0.7998249298528712
0.5264949694743165 1.501533933517202 -1.050695040351339
2.241989207456513 -1.375597184622085 1.715888970176635
2.168423108133752 -1.060939443751502 1.428155909178969
2.237002669935724 -1.42659942615899 1.34890329765675
2.248172412285673 -1.767013822192836 1.641901406612567
-1.871702041531198 1.997661057331189 -2.104542023022016
-2.149666281894273 1.446072488470453 -2.002812832871892
-2.175882882105055 1.790631830885472 -1.925503752299341
1.111450174497349 -1.130807807896625 -0.7318102072534833
0.8377140805126712 -1.345374184551992 -0.836611188547803
0.9264110278148118 -1.019821189464835 -1.021228436951325
1.282921036036135 -0.855426318755108 -0.8608605122468501
-2.04416987321855 -0.6953683742541021 1.660438282629426
-2.100259014745685 -0.8805076603754353 1.389803460058296
-1.914826934603304 -0.4991750410112325 1.332991387407124
-1.754861928871088 -0.1342608066946702 1.35138851558178
-1.897507974614792 -0.3545262208354047 1.678849942784794
-1.162312793169386 2.066049412660813 -2.020333682291966
-1.521354409384099 2.114501709102309 -2.059313869771171
-1.582196019563208 -0.9014246307344913 -0.6888563942618562
-1.451222352013631 -0.6169114541329963 -0.9912027349090653
-1.261361684383435 -0.9122733479102719 -0.8196257635614904
2.12319361426736 2.013950644461229 1.339781393311864
2.250240042674145 1.665684914257692 1.396358056001466
2.173258978414625 1.961265415470495 1.715039474417922
1.886219328050353 2.215338164459548 1.521820613577129
1.583575414215831 2.120690158142593 -2.054421351414905
-1.238737859348863 1.067625508732709 -0.6771345452979604
-0.908408871413924 1.152557234394185 -0.9137557278082953
-1.163075364630269 0.8270152090467455 -0.9857350100315281
-2.057093084502402 2.098031795184864 1.754610618663758
-2.016751567510278 2.126277291522348 1.364004971464682
2.16806194843925 1.745768803695624 -1.960755509699068
2.020493451614882 2.073525467318559 -1.897103096437942
-0.6574323803856336 -1.409278773805313 -0.9734141283085628
-0.8472676904811625 -1.791172414954957 -0.8312943324284183
-0.921798407282071 -1.470170655688374 -0.6871808562194558
-0.9706169146007706 -1.149367467517626 -0.8543829646998881
-2.111762419005734 -1.009945536278779 1.859851363893469
-2.217267077584248 -1.218607646795052 1.488179978262877
-1.369467591745103 -2.177397682470479 -1.933905223459232
-1.011987872417665 -2.094990364616916 -1.896588441183911
1.605270052833284 -0.8473847933338921 -0.7474390633408314
1.57221881890103 -0.5795769679478279 -0.9973476669142181
1.908726793983021 -0.9002525162868612 -0.9111184096023811
2.046734345845819 -1.27582745974669 -0.8206835716077849
1.810566739449451 -1.095200443863133 -0.585575584557299
-1.255214298234363 -0.2056259296004897 1.653663437467943
-1.39892046625119 -0.1643550131122456 1.328728735901221
-1.181389389509636 -0.4885102073622497 1.309454790552121
-0.8781527281144894 -0.7546705483845952 1.419820667771642
-1.044218698234667 -0.5388918354877645 1.668552630615951
-1.966671074298646 -2.109619108078441 -1.905001974238575
-2.202961033991701 -1.875209189759212 -1.765373751958626
1.818526847856063 -0.1060139373055506 1.680374622813859
1.736545081352846 -0.0248411863791086 1.356004702596987
1.871869878636383 -0.4095561959358933 1.33826771139572
2.05341968269508 -0.7123325946066918 1.522490349854907
1.902651791241719 -0.4261091743672288 1.75098307096188
-1.002942002464533 -1.002068899260135 -2.018617891481491
1.048961973356828 1.398190881937361 -0.5774777634374413
-1.536961799817475 0.1869979656505831 1.255201392750195
-1.253129572834184 0.1868207568229203 1.550827551868304
1.30790589508363 -0.7906062424868356 -2.043708299985934
0.9847087271790174 -0.9847391964541913 -2.001351210554984
1.980984432112882 1.549661583552953 -0.5327040264718599
2.02374163485496 1.852203150900132 -0.7867653915905718
2.132998181087681 1.504378515479625 -0.9268504520941251
1.962181245204386 1.206730175906634 -0.700451662149193
0.9362220192892022 0.7033651839889218 1.743970052660532
0.8708284119322218 0.8062516602555373 1.340502848293925
0.6367020039419472 0.9482776751585522 1.584926061458563
-1.873395792054217 -0.7927315150100083 -2.01448927432352
0.6491862249649634 -1.631361316169014 -0.9415105139284081
0.9529448367323388 -1.650396057904558 -0.6407462871942333
2.228253964158317 1.278035128233455 1.466451878016228
2.248566209210618 1.57396397876568 1.773430293405282
1.506493969204167 0.7940924493622395 -2.084345119814676
-1.27777481182379 -2.225046666697634 1.713853081574513
2.13640258104033 1.146150808965265 -1.905802666315837
1.931352085077255 0.8136882199099892 -1.983653494439062
0.7312977072257698 -2.052655419629545 1.700058291474435
0.7257794292459315 -2.027429688293416 1.348994749216153
0.395813390376575 -1.92554144243675 1.57630246715505
-1.96063712413831 0.8430139797261246 -1.973183180433159
-2.172538146463221 1.138040460150492 -1.804203013731272
-1.142153261559253 -1.823419558986639 -0.5476351631312422
0.2888649919144834 -1.226426707206202 1.46826107203053
2.249093059018153 1.453842260341188 -1.733551697429557
-1.005920713462419 1.380315663745115 -0.6377525765231347
-0.6858855769221304 1.458635623316552 -0.9269321990840219
-0.3548195845881718 -1.223749062723505 1.7480431304731
-0.5964683986799429 -0.9830879375645132 1.588591850605384
-0.7854918529104119 1.887716602239376 -2.001937759434821
-0.8729152049761086 1.752705833506697 -0.7759328895901225
0.4926454145205135 -1.118880427383478 1.744940098037416
0.5899384125289393 -1.060516590559423 1.358722253971229
0.7443858805004244 -0.8511307322202452 1.613729537079055
0.8137624319185951 2.011423061481147 -1.894106241554451
1.199979138759911 2.148631129930817 -1.913183799686257
1.076810740859111 1.792763551785449 -0.5875063559611872
0.9318194249513972 1.912727152378201 -0.88532625716889
1.41696582341249 1.942230559284679 -0.4940642647443487
0.2856756578355631 1.219554151334636 1.49150252317038
-1.663759538901236 -2.251445780481018 -1.739989174652883
1.53344266984387 -1.958960701025212 -0.4827774285032023
1.861516063715195 -1.991887766908968 -0.7308831104628842
2.140621576021867 -1.04036188405307 1.810379692628325
1.525641093428258 -2.220629580258435 -1.872102584713926
1.937976450753957 -2.165714950054277 -1.805178254859031
-1.933666774700119 -1.454217654646442 -0.4529450671670109
-2.044619221695374 -1.713212947109759 -0.7182504760154306
1.058225294764481 -2.13826495150033 -1.834868589908959
1.615514304160192 1.018235509205096 -0.5565957603077889
1.984314455074254 0.5953514381687112 1.403812603966082
1.87638545770752 0.2681823941365929 1.615910290252455
1.955932277963208 0.6076538264813102 1.818724032310394
2.123716917048332 0.8927650816615813 1.611012494746568
2.170024865063261 -1.126004534254985 -1.800857548665111
2.247733714879136 -1.532629195694327 -1.77273350636745
-2.090172430111452 0.939168110664603 1.848338039694155
1.694130252052023 -0.7039884409958421 -2.042535593457588
-0.3195942194781548 1.824529665279204 1.793423004469162
-1.195576790323307 -0.6674345765220729 -1.938572762721575
-1.548818618765185 -0.6234461868819619 -2.018780147669936
2.059323450488761 -1.672470179977358 -0.7366393458668187
1.937576937160727 -1.436686521333677 -0.4717156868226048
-0.009904035390854469 -1.798957861081441 1.702359905318982
-0.3777148418014147 -1.843480138989203 1.807040752377143
-1.197047059077166 0.7799762115452447 -1.998584568606106
-1.607803121404955 0.6178180994277255 -2.01668696628372
-1.270913544648767 -1.161028708281747 -0.5477154797963906
-0.8538346745980877 -0.8450869382613975 1.813904845460715
-1.948173889547386 1.595019680761041 -0.4520426661128377
1.242181224642299 -0.3139289213557902 1.408213118377782
1.308031583329385 -0.1057269031474843 1.692605068083833
1.198336416126087 -0.4312082172827267 1.783390309802122
1.002000476459897 -0.58574128852067 1.501852538447478
-1.733911816088882 2.240703240772365 -1.75570896831217
-2.063431907965372 2.089972678679089 -1.763249314337797
1.130743450280934 -1.375693354009868 -0.494057352235354
-1.800672843013002 -0.003858502148339368 1.698780029921383
0.5879523850449326 -1.570188573736322 -2.00477622824941
0.7362093489144571 -1.935841550433425 -1.936237474132518
1.414110182887233 -1.091391018991731 -0.5166577529231896
0.6620974989672568 -1.157967619293493 -1.914299142662929
-1.60973959923993 1.047813753174027 -0.5189838308931728
-1.769554576678855 0.3304319910850061 1.847707171948747
2.015582476100559 -0.7526367083485885 -1.837765209888421
1.804968538289587 1.866993942312839 -0.4187392902141051
1.142148734524268 0.7199769054287676 -1.939717705575756
0.8059095695541214 0.9955916041138136 -1.902012400333302
-1.836080969417242 -1.863468862297979 -0.457987250682327
-2.217881955850196 -1.372194917981012 1.829519374970004
-2.265122802802753 -1.623352055039767 1.548096160071508
0.5563679160232289 1.637168307572078 -1.988922676736099
-1.338932276914687 2.236477041391789 -1.713655114604713
2.182734639831238 1.194089872333598 1.821518762052138
1.753765950924631 2.240108069633619 -1.739854404819253
1.398262195520894 2.252170820681645 -1.640469063323078
1.844501344186394 -1.798062120605619 -0.3658358496508308
-0.03896841845209897 1.331046473722926 1.709060741253748
-0.4175563925552664 1.122362482966353 1.563671587939419
2.199330186520896 -1.916112240097073 -1.685318178342044
0.7445840522913794 2.021163639727998 1.818662819710597
0.5310991251710171 1.97599284662322 1.503042092890906
0.9179752985734914 2.128585485400536 1.48971033614091
1.277679705458044 2.230480919844956 1.494168350204245
1.139642090482534 2.167744206652288 1.821847937427906
-0.5286400521757029 -1.561723888327985 -1.979817186399242
-0.6584547097776221 -1.964872988762182 -1.846642574536399
-1.59336568229737 -2.220215030971033 1.876991647757628
-0.6527286660340035 -1.14512971185469 -1.900437706902629
1.749382453667888 -2.211367857461241 1.860333334702398
1.742178399310176 0.5155557011827797 -1.94756927025577
1.42352264321697 0.3842346151529383 -1.895213701483028
-1.098309798034146 1.670656628933971 -0.4706373379141072
-1.195096006840743 1.974126194299774 -0.7335158107119429
0.2144958221851599 -1.364903332882479 1.795151718556302
-0.5639001847190428 1.247493664109782 -1.907708406821865
-0.8016590903469101 0.9212033659175463 -1.838293323642458
-1.745861806687021 1.882157498077238 -0.3760815205037437
0.9959340930789197 -0.7483033167863588 1.85873482781901
0.489443701508079 1.274044618797843 -1.880206802150759
-1.3885881583474 1.88669602012271 -0.3933766774353045
1.281626467611636 0.4936038384369084 1.886804802315731
-2.262881422784762 1.503006115585704 -1.62960808936475
0.3390186409430124 1.842626837193377 1.782748261251514
-0.458557991131477 1.629925607215547 -1.94862986940888
1.566438282744798 2.257823751134248 1.716569069316149
-0.9314034576393383 2.126393258473767 -1.716198973695496
-0.7380059160736545 -1.901002457378825 1.96807850945024
-2.220989924230146 -1.231525593540183 -1.659529634321243
-2.077280315875585 -0.7921157957615861 -1.698817950137576
0.4855535619865692 1.173759871442243 1.802996949776323
0.3220171570788055 1.472685854855736 1.883579041242499
1.081053863801926 -0.6079387931458583 -1.816406353396732
1.419130164817978 -0.4273777823473407 -1.912891026574445
-0.01261141763784788 1.659804382624124 1.815865579223557
2.236840529201867 1.823725161204169 -1.588038478941438
1.777490605929728 1.264902262214663 -0.3338775299232087
-2.21512431337997 1.639698251803138 1.886578223283109
-1.291072308961573 -2.236314170109273 -1.587323771260701
-1.645269238760498 -1.139705185053763 -0.4029251462092575
1.887158588306141 2.144750572548642 1.920673337261838
-2.264832175770277 -1.584340066255317 -1.520117996460425
-1.492619751137868 -1.88955064415292 -0.3259055416903143
-2.170580859872864 -1.720992815426665 1.964383253922916
-0.8638668268980672 -0.7930514975238219 -1.763848004156606
1.212313225703679 -1.707296779032638 -0.3303107114433045
-0.131528536738876 -1.510763166777292 1.832911630174535
0.7852984810911412 -0.8358186880952617 -1.702235312378194
-1.138608661900781 -1.460837162062239 -0.4280354936314244
1.985946474097603 -0.7411015263900376 1.878637388022841
-1.8308465821052 -0.4516203320817899 -1.864365730480958
-1.371919309641633 0.4576449441022686 1.910395657885452
-1.056251564978125 0.5064739016887653 1.587465482555501
-1.470275489441064 0.07421919051797887 1.811902076228095
1.798857895115497 -0.4036935795461429 -1.863601579250476
-1.323761557479 1.281484085703896 -0.3491919188912803
-0.7707106928406551 0.8265289090890786 1.620889674006159
-0.6332362568901642 1.105426304403646 1.858587865937892
-0.3898127261053693 1.424774295786641 1.898055924283581
-1.415184557439864 -0.3054517518937492 -1.85855359613762
1.366328733333586 1.261399101756987 -0.3281837085025666
1.342813990901474 -2.14868919947989 1.976939548600217
0.9862708473964027 -2.042576408012935 1.962044179542526
-1.300750920972211 0.4239530952053779 -1.858961661514695
-0.9963829076180429 0.6067319318299507 -1.692696913994935
0.2922461840220815 -1.705616535270562 1.864373593029561
0.6192341442043759 -1.829604045018613 1.955415321166826
2.111941307756446 0.8647206309072851 -1.640704827987106
1.981569442795148 0.5459640053329053 -1.660566426653744
-1.081852423411832 0.7039183162063467 1.891814594552978
-1.942334075932189 0.529366808362259 -1.770531954471117
-2.10687207704736 0.8448484795230006 -1.581966713486853
-1.736778944337124 1.286568451939482 -0.2381061830806266
0.8323539767350365 1.006792332312542 1.927279465129947
-2.222099116961023 1.861260578357686 -1.49042151590987
1.663816089138095 -1.223411070489497 -0.2772829204427032
-0.9703321551812514 2.022942384372693 1.977166606292274
-0.5393835482587889 1.962495925727407 -1.730241380291443
1.207880665411602 1.638247536489338 -0.2914620990093936
-0.6731614559900104 -1.174983964760014 1.930731377363865
1.318585511345455 -2.241408773228471 -1.576284551512125
1.715263382689884 -2.255308155675321 -1.498361529727602
-1.265312308349085 -1.662303463966135 -0.1890786921942413
0.7835047761178457 -1.066110354097873 1.933497635735273
-1.97745890490712 -2.172940656211815 -1.530210618713159
1.84111634303167 1.600742294298942 -0.138449245404783
1.561765280325036 0.1089495873828566 1.835536976074023
1.660380162587172 0.423267159963283 1.929716510692938
-0.9260827463037106 -2.134445259867875 -1.529225756863606
1.980180049381109 0.9392064937364351 2.005195988224618
0.4118092229644144 -1.881888044953332 -1.777392972296754
0.3570892344650938 -1.258030929474945 -1.786797613425366
0.2191553614657674 -1.590782017050483 -1.862239911393968
-1.404395637838925 -1.324440449684008 -0.1646063407240256
-0.9721679573556716 1.012397274775332 2.008756568360045
-1.68609918512841 0.26986144834942 -1.862838036485612
-2.10458872426522 1.286331011213319 2.021214757245712
0.8424183138457269 0.7552745712570931 -1.626857269231756
1.103438590566254 0.4654276918489625 -1.674103169013578
1.518391675921562 1.834739212705989 -0.1330856884601607
-1.962289202074387 -2.03931657626294 2.010191425557802
2.198707707187662 1.151618501321443 -1.465935900508368
1.341957192098556 -1.365793875109542 -0.1964833497064015
2.045398441612353 2.122150750325587 -1.477119569941685
-1.70253977349107 2.166111376805353 1.977188303066485
1.004781147522217 2.162055515905432 -1.575813023273748
1.476064138560426 -1.823925433411116 -0.1318586249090195
-1.862050088524638 -0.6596777963769631 1.955310511472802
0.7150076420593007 -2.056829256195048 -1.58274951664317
-1.80074669076654 -1.723840050195943 -0.1218495396845451
-1.758146039401662 -1.357800568368766 -0.1268567336615934
-1.310486678177393 -0.4850653512351331 1.897196443659595
-1.166427637311565 -0.8043510176098736 1.99732034985752
-0.3360750828528309 -1.220078405080153 -1.725852997262664
-0.3343489546951404 -1.860297385825004 -1.75178882064882
-0.1713174109244665 -1.558900149251298 -1.848530849275361
1.825747643502251 -1.496088194017719 -0.1123712775026691
-1.612747623419104 -0.3121637075990711 1.892228620941517
-1.093920521621648 -0.4677688637327128 -1.648599669607479
1.811993619526124 0.2032995898297596 -1.743494187073234
2.027609118717479 -1.980127213442618 2.007011194167229
0.4614453967775853 1.908066451517204 -1.773863901797181
0.1819389913672005 1.562462426076498 -1.851454204646703
-1.826424337973037 1.632726708566329 -0.07227813598279667
2.17485228110821 -1.648701483092865 1.972076561874847
0.6471216472646536 2.020907141456706 -1.47293638847292
-1.261984951666629 1.595610501989653 -0.1588165785903934
1.015371266837495 -2.146674795468706 -1.382237282465946
1.559633805056933 -0.3181696105548778 1.89512259214433
0.5187537008308208 -1.053247253010151 -1.517282925555517
-0.608136957641663 -0.9745278353184923 -1.550913293355008
1.76146872413292 -1.75943914279178 0.0601959158449024
2.114916460502698 -0.8824724061116967 -1.480410074451787
1.968007722348933 -0.5069036980185119 -1.522200545064083
0.5455115974565545 1.025525732154644 -1.59447959938243
-1.543248406197968 1.824440397228385 -0.01062321860936959
-1.196410729757388 -2.06703584050088 2.032914819085378
-0.1711199609697987 1.37103689549426 -1.782932082000801
-0.4429160348372091 1.103899220619529 -1.587339118170606
-0.1678019986150458 1.793293771902189 -1.752785539747052
1.597022192640674 1.290290993331554 0.00211308563119304
-1.739461294924724 0.6696531853730214 2.017407938251817
2.059162204787849 -2.097661481963438 -1.393614657885194
-1.485107204234473 1.30699115500756 0.05218881332801417
-0.593582703783238 -1.994101488540233 -1.450141108072659
-1.477541294827246 -1.812304251928213 0.05616808513789936
2.077657797021685 1.794127576510287 2.066399966172082
2.23093689624558 -1.298209327651536 -1.453327730092889
1.278664820133344 -1.547862984858685 0.1088434856353758
-0.6544147275909225 1.740413235277944 2.010492117722002
1.552444430207213 -0.06184133462406004 -1.828447788783321
1.219936610387888 -0.2633802099986593 -1.623451670713747
1.29613658626532 1.525843464348186 0.01982475589099223
1.446922687619741 2.120203779582105 2.043144565828116
1.290119428449133 0.1125496465193334 -1.659782574441808
1.61246307285317 -1.282451272622948 0.09126548963404779
-2.199561032169197 1.19141186362467 -1.392111507711721
0.1938030488459542 1.24922155006885 -1.600588316613623
-1.803745768925111 1.386168621076466 0.2020553268218541
2.054891144992294 -1.318255042537514 2.084319869488975
2.244916682070993 -1.708351223828635 -1.389193506007535
-1.264985624770422 -1.532773151574238 0.1631262758287594
0.5744543399661273 -1.436353188613809 1.982891377910892
-1.761609722733144 -0.1026210792988429 -1.767310648501819
-1.93757903142378 -0.4325977678111468 -1.527667135628635
1.193709748414813 0.8281158715416236 2.020405329601276
1.845236520731482 -0.1597068258679976 -1.609245186171582
-1.567135039204926 -1.245993541399518 0.2006595987240372
-0.5007803434724055 -1.537556806822289 1.966826814516346
-1.387237180075279 0.06973902079671829 -1.768305649408001
-1.207305908791933 0.3090074961177227 -1.488015691654113
-1.257963582811352 1.60242629421963 0.1716495381536697
1.677374346880721 -0.6619741907917202 2.027970471408654
-0.7356460363664618 0.8693208190002587 -1.494826027075481
1.738748803310024 1.806684715628418 0.1781338351906777
1.845987545865048 1.457588531334325 0.231379764072014
2.063066043979129 1.39397928436803 2.094187353734768
-1.968543267679684 2.163479034968029 -1.396023872861837
1.457979816673981 -1.849085386599234 0.2400810330676809
0.6529861547208369 1.726195528884964 2.013859451056031
-1.574370882619779 2.251706085190365 -1.383374871065246
-1.846409078415878 -1.493610321823893 0.2003669468629217
-1.757104395057958 -1.831516947591424 0.2760270441169095
-2.022915681487819 1.89716864726911 2.071399363788794
-1.624664787535649 -2.246898378881333 -1.356518822715397
-1.329905619102556 2.003806629865112 2.128279570140938
-2.188317834904306 -1.916042880254916 -1.384543349046882
1.376794745273214 1.814785521814241 0.244320982182751
1.334094354438648 -0.6914078842738105 2.00765854416947
0.04138586293474689 -1.823497071323006 -1.632923879508446
0.3744526184093682 -1.88370367645991 -1.403064081823411
1.887733679201594 -1.495484903144864 0.3196887288700282
1.017078520662261 -0.5814539693904616 -1.463492888427614
-1.825708191419328 1.792721757820025 0.3207515765028163
-1.271163782354987 -0.1527655010687346 -1.521327354343299
-1.42859909706822 1.88616483280516 0.3594513648606565
-1.014309732263033 -1.133662731328937 2.078294480848706
-1.859297667680606 0.2176559284611607 -1.537167844222229
1.329940146659497 1.299146032009951 0.3176874582306961
1.66858992571591 1.159563976837209 0.3840564577339429
0.7171985194042251 1.366496553116512 2.028452418433972
-1.961496677830639 0.5671015189502 -1.369805450129316
1.129432642842301 1.581795245549416 0.4065550796095491
1.03301786173087 1.936235748800108 2.080073151164499
2.238681894462381 1.493489003556892 -1.321302995206562
-1.668365700249972 1.11083967374282 0.4528199567727216
-1.295509818552198 1.272692089838949 0.3934266505802707
-2.010414334945169 -1.36098293983287 2.130256241366129
1.687663173030208 2.244734240993504 -1.371517938397693
-1.387954355241481 -1.894300470676838 0.4103432825463041
-0.2696157647045778 -1.827897204423198 -1.381278094935848
1.794571380813476 -1.87047353464713 0.4110976519260947
1.859291381723915 -1.002082167667443 2.109150119481695
0.03287159219627833 -1.312331986044384 -1.678374893055551
1.406996230107021 -1.210644131231716 0.3627542316390282
1.176862673415336 -1.775397345795847 0.449242376948184
1.131393797330895 -1.423498996460507 0.4598557674984031
-1.814597421381864 -1.022292168577243 2.133200776646595
0.259942081783373 -1.302494967635563 -1.370173763883072
1.767247216616379 -1.166541309058017 0.4535124210048669
1.620411272969225 0.7583611084340276 2.07290633769184
-0.8991509901544064 -0.7379970168826244 -1.408874295538448
-1.28303912274582 -1.247256882970661 0.4375977839712565
-1.085609375961785 -1.61850614035364 0.4711257228917282
0.1590347987705035 1.844506700181344 -1.615191385752565
1.942520912766741 1.722864137882504 0.4895329307667828
1.617690118361003 1.97558593415067 0.520652357731797
0.3396868850198211 1.809592643810365 -1.29822866154539
-1.867937294029261 -1.255569648707159 0.4874162774644237
-1.573727126414759 -1.021532245634911 0.5501785544205856
-0.7513739777630203 2.04792463337191 -1.386243942400056
-0.3806663983642894 1.882663044490297 -1.39312005887038
-1.968311313273641 1.452442855865042 0.5332630197334455
-1.827341212877241 1.020712283984172 2.128304019072838
-1.149704227988943 2.186578973461965 -1.378904642255391
-1.981518537137747 -1.632505099528331 0.5376780275260813
-0.8025421570806305 1.381746380901835 2.068008718727807
-1.085846651276335 1.640219412453374 0.4758967173898845
-1.88806118700655 1.524135758377443 2.214765534797885
1.934320160376224 1.284747337949128 0.5788523862132241
-1.592633019820005 -2.016077609286007 2.149769130649692
-0.1449543405872691 -1.338929833658095 -1.395809346188625
-0.4675628018092114 -1.205442060843548 -1.301626455199271
1.233905060162661 1.919233360210276 0.5971984478592776
1.655925830654865 -1.997648077191763 2.158912916535018
-2.153699591749915 -1.029064909812503 -1.397044150562111
-2.007914547571918 -0.7252658968745102 -1.288041072792782
1.451916851341925 -1.993627219209937 0.5916887882496787
1.133293398348699 -1.036739092031429 2.086867823979505
-0.1669655269375078 1.325020016572533 -1.402328577171613
-1.807868804711805 -1.962058078677388 0.6080710885358729
2.018732283957342 -1.698436269319698 0.6491659455393436
2.004358675597457 -1.31432916831246 0.69814763717204
-2.206815341117851 -1.376775433466103 -1.231409006163993
1.387457431073872 1.052911206370223 0.5795374481687086
1.069555250460814 1.246061803886584 0.6687843689838443
0.8011327213167051 -0.8896442951703097 -1.318976317054485
-1.648210458666604 2.023302974893935 0.6412590063823358
-2.001005729577678 1.823126934084176 0.7054655050996655
-1.771526680835257 -0.1090181044550653 -1.380880981825677
1.571021731307043 -0.9335323858796991 0.6535288774955681
1.232324689746138 -1.085326068319236 0.6641590448130679
-1.20673199498322 1.950803506643641 0.6792796502251534
-1.393554878803342 0.8864809544629817 2.103240438390183
1.881716385659403 0.4196857590507887 -1.348019710137052
1.755034929055595 0.06884132227222885 -1.370337488677926
1.711755662020721 0.9026304228503164 0.7203200251934415
1.02946169049858 0.65716866781016 -1.313880367109477
1.253499374928567 0.3402215978073327 -1.365772945034606
-1.304521377160966 1.012342673675915 0.6827177908587085
-1.010026601057783 1.313156703902591 0.6787985206782934
-1.050595577559514 0.632307082366795 -1.316085303499828
0.9100352178395854 1.63450758557177 0.6847365281818087
2.026000702209823 0.7868319316082251 -1.258965036296532
-1.113840065104992 -1.90374511910763 0.6892993942964712
-1.485944527472334 -2.067700332885756 0.7570645574500704
1.73801575967528 1.930234972867298 2.185209766102073
-0.05928208854138688 1.711213080906839 -1.330088962653357
1.78650550220487 -2.03513788020156 0.7461560720262665
1.250538011999941 -1.84533096206231 2.189107544744415
0.9230587875925229 -1.692247335296794 2.127281121454454
1.283849020955154 2.198287433353399 -1.270621413823168
-1.026559846202881 -1.305234705580043 0.6668351210051009
-1.238072497447055 -0.9811804762929054 0.7675649703571249
-1.849723989005563 -1.717379092080463 2.220083369813617
0.9132504748816617 -1.670716357956783 0.6911614750291318
1.111744752875995 -1.967780835233424 0.798350042091427
-1.538032149564811 -0.7289208774807115 2.061118931427391
0.7826637284820103 0.9513293593092581 -1.25757695710462
1.881286075608984 -0.9515841166149301 0.8220890159832405
-1.954477948989922 1.127016252759683 0.7600808026121494
-1.64986186355642 0.8315001397658495 0.7712586078618194
-2.221511214348489 1.553653117568265 -1.222136539462948
0.9371864051391919 -1.300675594361189 0.7649097798006822
1.078778754796359 1.209702300219139 2.126581242596204
-2.073070322995705 -1.378213196575883 0.8170284868515472
-1.901523430800995 -1.017583840464381 0.7830425505071567
-1.193322818902135 -0.4992387113872706 -1.283644449139448
1.902594560507803 1.981516267269461 0.7658701333314862
2.083650598950441 1.550412142712641 0.7848912666055301
-1.053270748760242 -1.774565345053254 2.154893021000602
-0.8371087959502174 -1.493834868066495 2.099534374587519
1.421828712434979 -0.04293444891918811 -1.344221534593653
-0.8054717499073401 -1.596252116628553 0.7897140015172921
0.5060921727751992 1.204501140244067 -1.263973843027248
1.479071048488023 2.113006663279763 0.8776429508577586
1.893784190987023 -1.668572814519816 2.210238556383005
-2.095889485090637 -1.768151259507233 0.8804171230096794
1.437062010385607 -2.21345726119487 -1.223966414389706
-2.123977210100717 1.486443625144048 0.9058714033423558
0.9227214530777016 -1.350483183742643 2.107822854624215
-1.232828576959334 -2.1769335886309 -1.229655805663509
-0.8536925911929932 1.715778099743364 0.773615198122831
0.04950694240796648 -1.643714992061226 -1.29635380573473
-1.60768962188029 -0.762715851892464 0.8328245320991388
-1.045722765932266 1.68188327670296 2.169193703783269
1.324130366654956 -0.3904504999495738 -1.249449661134984
2.010424837006764 1.102063471386366 0.8894229906589777
-1.685397627421246 1.866202349299458 2.218660902891763
1.726034960830393 -0.3072564278072507 -1.238477643875056
1.412076778980646 -2.126942367096094 0.9424569057264545
-2.043245233472563 0.8948202440517474 -1.174189912005296
1.281369022319423 0.8756567766731177 0.8417022394492405
0.2043783433426681 1.453219887656589 -1.276816769607461
1.011813853415006 1.958297568549157 0.8781879909904494
2.173934743531576 1.83877821662838 -1.181563573757207
-1.887898028640765 -2.077278161489403 0.9547743003542837
0.9496124573955247 2.076485913600883 -1.202077680000994
2.154111128848146 -1.540222200980824 0.9828365508080539
2.059558144869947 -1.923812808820123 0.9629174319719829
0.6949372654487228 -1.954436400260777 -1.19687587579887
-1.409936524970442 2.131828330959989 0.9574163636172702
-1.861561615854266 2.096066574109913 0.9696918910572916
1.761132034089839 1.1744987827626 2.192991367744514
-0.7680468833906324 -1.041368114797724 -1.166545104282877
-1.000072852065914 2.023319624485645 1.015011894300686
-0.5584566778821961 1.199367555080908 -1.217583921795483
-1.185846139887775 -2.096695456655302 1.015315904607498
-0.853576176111521 -1.908943133863713 0.9580392902246959
-1.427207393223341 -1.72910084427306 2.24692216547288
1.810922590685082 -2.158715882475749 -1.097792999866877
-0.8631278555928945 -1.183867253119524 0.9316809384708623
-1.410194385108551 -1.07591993993063 2.170378080143217
-0.8828781734657245 -2.02915792870613 -1.152396572169338
2.105285215404884 -1.160159896175153 1.061672655499354
-1.19827114614633 1.275344020753182 2.179046251137662
-2.165409048419972 -1.748500065765217 -1.068023839830353
1.376307369934407 -0.7624698809105237 0.8924779401219677
1.695001041281008 -0.620384619734462 0.9855154925990565
0.5935970427762024 -1.239817922893623 -1.145571858878616
-0.9832519199959783 1.022197068486458 0.9615595330001744
-1.295378725153026 0.7337488058032436 0.9707259615155459
1.373937059032266 1.790985155944985 2.228142885806452
1.929496792002767 -0.6642369128075332 -1.182110260938842
0.7639170018731738 1.336701000626231 0.9143797694404718
0.951943491877665 1.014005124951035 1.0010645727466
-1.461040191217294 0.108611154818486 -1.307366407274724
-1.475878496330947 -0.2751777980702621 -1.231036691052993
-0.7244625652844477 1.359040249887254 0.9384211900762091
-1.95360123858054 -2.108497480876299 -1.141878542393287
0.7864653829500515 -1.894462544581805 1.004308686471545
0.6598651007095656 -1.554194976117969 0.9288773321181195
-1.774071145954234 -0.4606574608704445 -1.166686725023221
1.060650169932897 -0.95014916047069 0.9572174330214268
1.42483601840749 1.061958363658277 2.168272847820867
-1.71035214546659 0.3295721440031744 -1.21453950558905
-2.150395879851183 1.846554030994347 1.10955118583229
1.758339089995365 1.570239848697421 2.251395729234075
-2.115051520280801 1.916149091156565 -1.096707536381576
-1.55646014363511 -2.19537082862493 1.117906285456332
2.112184359710301 -1.080835246753998 -1.160579822998615
-1.949449230285555 0.8423779826763264 1.032945923113581
-2.13898098843433 1.170999090332553 1.153186110189651
1.022712253228896 1.581280855325652 2.167723428248644
-1.379012212375616 0.5021720934725415 -1.122192328263674
0.6578142207504768 1.712834609499762 0.9605246100875041
1.684378103827629 -1.327037204324163 2.237865009248174
2.108474094437006 1.143859008459265 -1.085909012093498
1.74844604478715 -2.172624280695667 1.091944973328884
1.482683194250288 -1.021512244139091 2.162544268275351
0.6401016026599238 1.855371259539482 -1.094980144599216
1.880221476038325 0.7243826721934995 1.045984246136791
1.53400624400975 0.6119318499591627 0.9733517104731638
1.931384136633338 2.101532366587348 -1.082558482265205
2.136535615043459 1.813804771835506 1.031394630971049
2.176503649308107 1.3893950224272 1.107677861181024
-0.576850938022749 -1.802141162220626 -1.094746006630061
1.859253558300637 2.139440211748296 1.090239813663959
2.184336263361474 -1.490924100274393 -1.09119076212842
-1.315144626425023 -0.6702031109988225 1.016616167630174
-1.018472972599999 -0.8625183118442126 1.08901514323673
-0.8526281000487204 0.9431451359003703 -1.182689026105655
-2.106033052377784 -1.11845107457595 1.103519074591465
-1.908929115961962 -0.7480404282045685 1.063177623323599
-1.225391866583656 -1.418305469841273 2.211453815248507
1.142728810038079 -0.6973454583945049 -1.134903285083287
1.06491963996294 -2.111384092594174 1.175446661561727
0.7567285554412182 -1.171401806441464 1.048246540364668
-1.426446502567067 1.607857038322581 2.256880086682694
2.110592659653456 -1.896708865838065 -1.05477489385342
-2.208185897462609 -1.496255788918588 1.178240776850639
-1.634591002243428 -1.383255716678897 2.250430995307597
-1.658805972691911 0.5151943717277254 1.060192374914067
-0.5876729492588333 1.764757820331066 1.053911340357647
1.271267113601637 -1.405193699309929 2.219793698958393
-1.074187449297956 -0.8083085577207565 -1.088810545781028
-0.5435625007755769 -1.814600556580833 1.136252611810334
-0.5632880308684944 -1.428206900901142 1.046429307721886
1.985805111180535 -0.7834460410065467 1.164474081353699
-0.6303263781953934 1.832080087383581 -1.077123339000167
-0.3715423801143722 1.552081122868276 -1.154373523917361
-2.170679052879377 -1.889782489425696 1.243387085289586
1.535278733930369 -1.660895857168726 2.262670555351526
-0.9821989822377115 2.033946218493156 -1.056771546437514
1.175990361550829 2.138953764480713 1.148235935142391
1.562417079955142 2.233095764214242 1.275393770375576
-1.602181844617969 -0.4375035524694872 1.108517378578764
-1.380402383570375 2.156877791683251 -1.04796552626689
2.101231788671808 0.9823317455726172 1.240085663471009
0.770608563638403 1.987862913360461 1.183330214892767
-1.586970260310973 1.257699392474358 2.229607560667151
1.159995011111863 0.6805252961864805 1.134993918937608
0.3829237221639004 -1.608341526345613 -1.146752959229904
-0.3448562607240961 -1.541461902433027 -1.172696649500935
2.21377575133437 -1.783991633508777 1.285057966604608
1.217720343646226 -0.5999802868078556 1.159430645227661
0.627123052549483 1.1126412387455 1.241507683262897
0.4478874981451137 1.419762793829349 1.142324124886175
1.402135303327963 1.4213326452426 2.244248732999379
-1.634192157735476 2.226413071467899 1.248814596332126
1.556111488963358 0.3102205401669034 -1.191762353175506
-0.688908191912439 1.03956355270957 1.259820697324115
-0.9773502204656985 0.7502878636451886 1.264603360788103
-0.4530602571260685 1.353214937342868 1.17807020977336
0.4395383638208538 -1.780364051854813 1.18897078332808
0.4569409454646411 -1.380195178631197 1.157456751527066
-0.6966238112314396 -1.058189159969625 1.227635624070132
0.8956051142112356 -0.842249952571694 1.253863350146697
-1.267424063144213 0.4630500390757844 1.239727046552713
1.535615515898779 -0.3402085355241071 1.176487524403443
1.733988651871631 0.3459196149613049 1.219213114731525
0.3831722379225189 1.791764548832501 1.243859939678343
-1.413418034424291 -1.652590333745136 -2.238117745013953
-1.574962095812675 -1.536117800666008 -2.25205793019184
-1.445391233178041 -1.820524111608917 -2.209567576328602
-1.769513534887787 -1.577246480107304 -2.225519613606327
-1.810828919168093 -1.761173150081439 -2.191425669910823
-1.643325265109846 -1.884144604030444 -2.18750287563901
-1.370645174697704 -1.472780837079558 -2.232761323689997
-1.24107431206307 -1.757187148022467 -2.190270969826761
-1.20556549052829 -1.413495408884186 -2.194942865941369
-1.044508473257776 -1.683958593175396 -2.155736718846121
-1.036424863641964 -1.491391567162347 -2.156715817973462
-1.7267406751612 -1.397436983441725 -2.220163192282372
-1.367109551916673 -1.297022875805057 -2.208883051119256
-1.644939955141007 -1.222329040878911 -2.208161648433647
-1.473414269180014 -1.150614615355827 -2.187466912660727
-1.470981542748625 -1.988741418307775 -2.139656100451818
-1.076481672011525 -1.851892371039177 -2.12718655016077
-1.321257551280961 -2.051259304178364 -2.047813012300321
-1.142517691617242 -2.010055645251582 -2.029154621162661
-1.962607498516618 -1.622492332857157 -2.159530932001355
-1.83949139421612 -1.263457720320207 -2.181623331848135
-2.059785545917918 -1.477002412923903 -2.060109735228913
-2.003232086859256 -1.27995220365865 -2.085630865334315
-1.836419228738677 -1.929390456780296 -2.121514194034038
-2.101100930198224 -1.660929082898039 -2.026015791533409
-1.985296978547785 -1.958019055454867 -2.015219481272212
-2.103441958394312 -1.840814096295252 -1.945405370132238
-1.519191583212767 -2.11487979659989 -2.025748311610728
-1.817793324489538 -2.080990509403871 -2.0112966870004
-1.666337556790833 -2.151903845605159 -1.928790287207554
1.596160748275758 0.6990967293787822 -0.9194019100072075
1.393064200752938 0.7007177452593026 -0.9444590066546406
1.271294308709748 0.8522253668414479 -0.9003623281240813
1.664743856583474 0.8461645180209976 -0.8410174312309981
1.336840632320665 0.946830603279867 -0.7453913133308468
1.538536513681767 0.9117189507250967 -0.6842144874913318
1.527666225825354 0.5946120823929875 -1.052027701986973
1.79934588165589 0.7400588551546823 -0.9485861265633307
1.806239579503789 0.5063384127816278 -1.187495157738296
1.878381737778998 0.6899114990603461 -1.142967820818036
1.643437131155766 0.4516058033396853 -1.109366479257523
1.202799786259344 0.7477407198556529 -1.032988120103847
1.177015684400557 0.6267008830418339 -1.195482582871942
1.28903452661555 0.4682273480404202 -1.221428871834506
1.440340583632945 0.4532268192202056 -1.134423575904956
0.9597163787517429 1.056096505289561 -0.9603835987978463
1.146576217827071 0.9938535778762174 -0.8339204267800533
1.055245792357367 0.7782085046239791 -1.151385904341382
0.9318468113490821 0.9252888503735281 -1.123234199338954
-1.121357304963689 2.181196044336952 1.474550543287867
-0.8877010802606193 2.099444142518449 1.461214746783872
-0.8250868597354239 2.087233933162348 1.666241894725442
-1.162945879366422 2.190823147387959 1.695942011794358
-0.9825084928378892 2.090648559634865 1.793996659416623
-1.014373554729781 2.122285451958363 1.324938577530767
-1.289618353835584 2.213664456827874 1.559665842541252
-1.464714564461489 2.232851896849558 1.469732144437149
-1.328983152201646 2.167932842368428 1.147845368826016
-1.124051315749382 2.113678489131256 1.176643134167724
-1.441110968584163 2.215225212622383 1.293544485183444
-0.5964627891174145 1.974708915173425 1.369803786961877
-0.7181031095015161 2.028323340783759 1.516629928968342
-0.8903950910463128 2.031926587312753 1.163307337663729
-0.6841951396427723 1.902645685235463 1.182757060692209
-0.5338485685922191 1.962498705817324 1.574830934903447
-0.3255093653891796 1.785976741142229 1.335574104121181
-0.1870985433089664 1.863237402934662 1.464373145575603
-0.3659012338431361 1.866706972743097 1.610713898683072
-0.4999405987334754 1.836821050269029 1.240958066627314
-0.4875415542272378 1.920321398353431 1.757540040689537
-0.812910522078786 2.019527757900175 1.849411841601093
-0.6549518082836217 1.878263183352801 1.866074597315957
1.700519975745323 -1.716482533639755 -2.234385232771198
1.590998261636384 -1.563997887576646 -2.248243217952517
1.641524244888768 -1.900368913049373 -2.182432167324076
1.39577640968347 -1.660846510619997 -2.239691860035857
1.416158363276236 -1.888131724096673 -2.181953121673827
1.759562225195971 -1.517532499710463 -2.233040360951399
1.810088208448355 -1.853903525183191 -2.167229310322957
1.968571507402794 -1.533405100050509 -2.154641578598428
1.986404198301757 -1.752521639620913 -2.119275171984387
1.454818659134118 -1.461896476690705 -2.238346988216058
1.859049793293855 -1.3809204539874 -2.168499563779747
1.450686184817274 -1.28120366896432 -2.210034599108822
1.605618050775985 -1.193421779491704 -2.207064768488212
1.784564002076863 -1.207210592549961 -2.171757723574894
1.525726595979267 -2.025552715640108 -2.114797199225586
1.927408467445201 -1.936408019030531 -2.067322106537264
1.638366785510029 -2.129209742425622 -1.99368941479488
1.844534464172878 -2.101752427323543 -1.960227249867433
1.27997876077397 -1.786030313210732 -2.172056891937368
1.255464332864361 -1.378052292007671 -2.201483241192163
1.086173607578695 -1.475085809859276 -2.171191514556152
1.120097617475204 -1.673819773268824 -2.178280027222522
1.14047957106797 -1.9011049867455 -2.120541288860492
1.413000903897497 -2.116972553472921 -1.993210369144631
1.179293004565608 -2.075790239093869 -1.974593371742148
1.901397265681563 -2.167792105813309 1.387537436307337
2.062041443576089 -2.091904153200575 1.481762303866279
2.052515888433951 -2.006290237263286 1.132937638940675
1.896959838392553 -2.130695973201059 1.197451409619125
2.129624691666162 -1.936379649607613 1.294007906256988
1.917965077259697 -2.170928593307433 1.566341894264249
1.593457446166309 -2.250793085719141 1.565914033823742
1.578223130829247 -2.236152960354184 1.388037773242364
1.753351676516529 -2.229092201690704 1.666225180703853
1.75288347207616 -2.209720413307918 1.282031000017095
2.163390833719948 -1.931027231443768 1.651234084217879
1.913995854411055 -2.15320424907797 1.760450048262794
2.053109186935851 -2.037583927068659 1.833788977995209
2.146192503244296 -1.939516137101738 1.472812364213899
2.08589176639964 -1.61590959389785 -2.054734374812734
1.993573284283686 -1.223083192890007 -2.093358941221922
2.11904197028197 -1.261398794291215 -1.945479165045943
2.157896395189907 -1.464711125010886 -1.931417143897113
2.02085045402628 -2.000370541761265 -1.912273111528862
2.175729086088869 -1.68382766458129 -1.896050737283071
2.151527321909749 -1.875569186782663 -1.852343073270368
-1.761557187562103 1.988345455669406 -0.7184850795194371
-1.684947553186497 2.100665934959548 -0.8753844652338056
-1.386976801408688 2.014453703097898 -0.7217037558060729
-1.662359701331827 1.96846935498663 -0.5429866107019733
-1.483722877162016 1.970738616009366 -0.5516341891677536
-1.479629989773504 2.105829501789636 -0.8789286135835466
-1.867647144771968 2.034230178732932 -0.8839778438530399
-2.022895120240469 1.754972331704821 -0.7788148002613091
-1.94621533434748 1.758464690101915 -0.5895605621257545
-1.845059292917297 1.902033598760014 -0.5515799893212074
-2.029654149714187 1.919029395299677 -0.9118929972601235
-1.879790389038023 2.155014846495551 -1.218450551214623
-1.68270419650807 2.19912837160672 -1.212126050316327
-1.953044515338581 2.03134987458982 -1.068792382974492
-1.585719946983368 2.151714224853162 -1.044421377917149
-1.029698662667772 -2.13309729925713 1.331126364407443
-0.8905581872950095 -2.096384171823575 1.503150124827631
-0.7275025446271507 -2.038186307654353 1.422948777775189
-1.021084593133871 -2.082242242990592 1.15537485056793
-0.8549496112457438 -1.988366081594797 1.126736543376529
-0.6999427735777717 -1.941194792953358 1.215843204169348
-1.063933803582815 -2.161692441754823 1.538842692706712
-1.39170147103293 -2.230284284611714 1.42247450543993
-1.240424545389684 -2.211726117943007 1.540336006930519
-1.194460209421676 -2.147550512921841 1.191067418447012
-1.379767211295344 -2.196888198906655 1.242362608871429
-0.7617376855421936 -2.066781450152046 1.630665106074458
-1.101284070016921 -2.175012990509451 1.712359767350706
-0.8313996221418534 -2.012990885850046 1.83947248128857
-1.06060202898372 -2.096007577411074 1.871890636106139
-0.4403423231190705 -1.930727733199194 1.487685038057333
-0.4881984423378748 -1.926031862486014 1.678752255699579
-0.6683439794739947 -1.954793021680824 1.759271134236128
-0.5711222718249558 -1.911592071281829 1.343358185416175
-1.032889240860933 -1.315633605887846 -2.132837545402721
-1.3083345850106 -1.091329187160456 -2.149648454912099
-1.102485935105896 -1.119903173434911 -2.094841242426059
-0.8718322235904195 -1.586096790179056 -2.093631398307472
-0.9459518528119482 -1.936827090404511 -1.99462037018202
-0.7042779426909672 -1.670193852260045 -2.036234742789686
-0.7691852714919268 -1.871768402477144 -1.969647436858265
-0.9333453082195702 -1.197799331713071 -2.056614194458152
-0.6961943330751552 -1.477626826246996 -2.037213841917028
-0.7582386400043055 -1.269329738010348 -1.997524102168722
1.0192752273099 -1.99325796857164 -0.9670901239707406
1.173320748104602 -2.013447253850003 -0.8462650754323627
1.323797399756402 -2.09731133923656 -0.9417826498311674
1.079512438600629 -2.118117437164174 -1.208223782724891
1.290357810374685 -2.151508670027256 -1.12908834868677
0.9192954379062428 -2.02199823956021 -1.115543079391353
1.048942365050739 -1.917145143562001 -0.7791449164192681
0.7720415346105003 -1.764158587226326 -0.9207402394430271
0.9239208404941881 -1.773675958094098 -0.7703581260759396
0.7949170548523801 -1.925696129272208 -1.048422920378258
1.353464537497241 -2.021198514226921 -0.7538374422796947
1.07796636128889 -1.793865243372461 -0.6495330775375617
1.368215277844655 -1.948147564932788 -0.5705486481920462
1.20765055577456 -1.822315603936501 -0.4943152896620974
1.518691929496455 -2.032011650319345 -0.6660662225908509
1.682728626432118 -2.048475183261223 -0.7901190635706918
1.470501599767324 -2.159259930404174 -1.036660715534103
1.657431889917061 -2.131889241044614 -0.9735740082726883
0.1209869460101187 -1.634441225095729 1.335857523142444
-0.06744739212609388 -1.663016412074186 1.311441650947666
-0.09236776821874218 -1.813898483110998 1.407178323725075
0.2465402286514484 -1.850233264121591 1.482876398756276
0.04368151576773369 -1.786941473443936 1.545905117838241
0.2684027153735878 -1.777644568830622 1.289210556842791
-0.04372751304229699 -1.522532551363484 1.25784884373261
0.03921432876771656 -1.392719728739895 1.404015157201159
0.2167859085041995 -1.360192035795615 1.375262893978959
0.2921225944573847 -1.63716070811992 1.235617749627734
0.3008238852792783 -1.437076271508112 1.219860733727226
-0.1492200093684961 -1.421294915718352 1.379599285006381
-0.3119503207787922 -1.388199950416593 1.293445448717516
-0.2570822272711579 -1.701989809378752 1.329169644315241
-0.3878621759770433 -1.682854147461387 1.184842791674083
-0.397724941023502 -1.489657319621541 1.139931139629859
-0.2290084789687787 -1.258387127793005 1.439611762186065
0.1112934121780005 -1.258954400150482 1.49701333525273
-0.2105488760733271 -1.257615577909134 1.636904364474015
0.0741088273133387 -1.328192712988621 1.660458658515616
-0.09890335214867925 -1.401122629936028 1.679338614324733
-0.3732791874836233 -1.224520612607375 1.55075052818515
-0.4941035945295089 -1.10419005002788 1.471024888251292
-0.4775134106237846 -1.326749531696194 1.199943616809543
-0.5441813008052572 -1.141740661230435 1.290546774983666
-0.1459533193773304 -1.825914870748503 1.563633111205815
-0.3298587225826105 -1.848176009702384 1.615973534734896
-0.4127825520696916 -1.833736218498199 1.280579464451492
1.082041133261851 -1.29439300213289 -2.142879125448916
1.406263724506227 -1.10957759480867 -2.170201021464316
1.279618876815574 -0.9939828633840605 -2.10843957603543
1.118020292863267 -1.091049340367738 -2.087261031319955
0.9466744178726945 -1.590160483394043 -2.119675911479276
0.9487295675776009 -1.188082858219343 -2.056969304683944
0.7503513965105585 -1.480807546860409 -2.058681813531158
0.7874239534717206 -1.274697069638994 -2.013443270737917
1.019411861266843 -1.963579699151961 -1.980816507027302
0.7842754064070685 -1.679541510269957 -2.065770326197528
0.8584038883418308 -1.862367998618509 -2.031500949139082
1.482605583026291 2.05701474646351 -0.7954150780100424
1.630248599821466 2.113197265038284 -0.8858084080124966
1.860442978862156 1.953102440317184 -0.7600180815362558
1.557055073140921 1.998116144509458 -0.6136675181131442
1.75105643057947 1.960497836023538 -0.5760050308480225
1.814264229751345 2.077767048160792 -0.9079146268735725
1.415709859978405 2.116210281767558 -0.9479527145405993
1.172438792021171 1.926395657489116 -0.7225328702496662
1.099943134067314 1.986377457785492 -0.8714428208535177
1.34251633329786 2.001129161238731 -0.675811824641247
1.275957932069192 2.129157598273092 -1.064090399180657
1.108839650289378 2.068256838396834 -1.029818532269569
1.625508024901894 2.208563520667918 -1.204931991470373
1.423600948864367 2.185340116847866 -1.154483729183111
1.747368506703459 2.13696258346484 -1.060452263404129
1.329883639688848 0.1265415214216733 1.488111682883697
1.295764166531322 0.298379653536657 1.435405399567457
1.156511176576814 0.3637935885971443 1.558909796935767
1.273911848461444 0.05973864024574492 1.660902487948041
1.260709290602569 0.3594040110379413 1.75800235506399
1.400778696959269 0.1670768855109153 1.732368441943136
1.385855692626667 0.1997169913193561 1.294317174638905
1.57826012356852 0.001518836412631957 1.351514080276066
1.331078195213246 -0.1430250310757089 1.377618288166464
1.364003374556789 -0.03892402197155589 1.519814263019489
1.477795340841487 -0.1561648381598673 1.261755491179294
1.576981908827912 0.1868992370828387 1.283118286343335
1.212483229514633 0.4369690584948271 1.365115288690975
1.442871231739446 0.4917434866967513 1.107481300897915
1.255865615290502 0.5260402098104101 1.188302405130137
1.542862435670386 0.3587373691978223 1.230412003027095
1.004726129424664 0.6028740887721182 1.616294869359909
0.9720293257461736 0.6543173269054259 1.414561267176605
1.177428353585881 0.4979934159961115 1.687712244187508
1.116612625335994 0.5914541448708975 1.311806802498447
1.740141541765816 -1.035584518394311 -2.131924145930387
1.434550742774284 -0.9062009739114449 -2.105469745414819
1.627662921258481 -0.8628920731659482 -2.104883392150647
2.044556179064977 -1.087688932853776 -1.94873732484109
1.806608872559358 -0.8766808862242051 -2.069576347237329
1.967334984583626 -0.9010050199005784 -1.967191155452745
-1.336561761093486 -2.031355068772141 -0.7657542016805807
-1.528728886707928 -2.094573470342125 -0.8291390763579738
-1.687343261219593 -2.023974675997283 -0.7318265434691795
-1.320403822022776 -1.92589458772029 -0.6021814481039462
-1.667367675951771 -1.94591923937596 -0.5573574918794887
-1.495637066812083 -1.95896013030343 -0.4913166373834823
-1.366636265315115 -2.097558922660326 -0.9381655449619042
-1.010868415090918 -1.912756468022649 -0.8530375013564647
-1.158311200629963 -1.928880040038491 -0.7112079167078766
-1.203648858330004 -2.105637054860621 -1.05221823797401
-1.028673656583199 -2.031749224898236 -1.013588621226925
-1.717417765441223 -2.090178529885467 -0.904237886750503
-1.591734089232603 -2.203837851555821 -1.179034621177347
-1.395815983944446 -2.168855456430605 -1.115603112651403
-1.756202314755049 -2.134637402553304 -1.071714481016292
-1.960325680824131 -1.866396341325192 -0.7625879149385697
-1.856056554685065 -1.941524298919302 -0.6324563022720179
-2.02072059418643 -1.884039900652921 -0.9374745968460312
-1.914816689266714 -2.064038608208462 -0.9744019481274979
-2.04576559332199 0.773970581837913 1.380413064220249
-1.979138392659449 0.6047269929552177 1.502440556840028
-1.90726590007624 0.4441744761451285 1.37064006334754
-1.954797206771054 0.7260284665351884 1.170931100186291
-1.809475577974232 0.5624366610608879 1.184554326086533
-2.064758802724887 0.7690186243990804 1.573937343801278
-2.184428029555903 1.120439720869727 1.540396073765664
-2.11077921674944 0.9387151619731895 1.650123945437826
-2.040417616836491 0.8903200979790511 1.24242788714754
-2.135183495910879 1.054630651807165 1.302547980685575
-1.926259109479136 0.4392225187062959 1.564164342928569
-2.044152016086899 0.7694715730904941 1.772151438057606
-1.8838430893706 0.4651035133006956 1.771836004184902
-1.868796448493535 0.6347141104447033 1.856686387336437
-1.804624272883507 0.07220459760076824 1.39187618250893
-1.695674208356701 0.2328339837733949 1.343782621093137
-1.827529729954464 0.1374057498739336 1.565571939678732
-1.81197059678739 0.3045509964906064 1.640035510692413
-1.756596294793919 0.3969321868119661 1.246278112175073
-1.921431366839064 -1.104844261095836 -2.073629321485591
-1.586164988234934 -1.016635352234309 -2.14892705222649
-1.815543233125072 -0.9405406463837005 -2.092055531161465
-2.141725518540862 -1.318388953699532 -1.952115724866369
-2.200620005795612 -1.695324176361999 -1.845984173359796
-2.209634450914835 -1.373482378252484 -1.793062114541105
-2.2315555766849 -1.549889614610051 -1.723356295610696
-1.979283925768209 -0.9570351297221434 -1.996063064647646
-2.153080991856173 -1.176432168987231 -1.818583244646507
-2.081226187678893 -0.9567272700979323 -1.838227402554674
-1.937736368496751 -0.9105226226626689 -0.9849565338056259
-1.977844655651352 -1.08319136366304 -0.8596196391969035
-2.073797855573447 -1.221417003164519 -0.947828336159018
-2.104303707020565 -1.040013880562074 -1.216551707762598
-2.031411184931566 -0.8881143740930775 -1.162050168877934
-2.130861581704533 -1.213869142388874 -1.133734135563539
-1.860673201856888 -0.942751135014064 -0.8085169080394438
-1.701380467132748 -0.8357535123740921 -0.8113550984550111
-1.635893633357959 -0.6934969240733446 -0.9625282687786156
-1.914239731137102 -0.7476741454441016 -1.110947437720474
-1.797318030328261 -0.6153699274420688 -1.050270263835694
-1.996734688933584 -1.253645515515914 -0.7713887103928359
-1.741488754287348 -1.008422253374463 -0.6860182038462888
-1.917224131855804 -1.284818765330438 -0.5680625402988662
-1.773025363885993 -1.127562530534099 -0.5430525798199894
-2.013177331777899 -1.423044404831917 -0.6562712372609807
-2.068653555275526 -1.552542051063576 -0.7889239416851905
-2.149751614986765 -1.384323294241748 -1.045503206759472
-2.129048468637825 -1.570185610391305 -0.9638106235926519
-2.238425286774643 1.657056125860576 1.421902797196833
-2.237033862724815 1.404600232411818 1.466943033333743
-2.180287439912984 1.496513430755003 1.105437586830006
-2.193496774788217 1.676568633680152 1.207277478074973
-2.187789329079791 1.338791163349256 1.229094940253654
-2.238861479774206 1.555073121906436 1.58384206021292
-2.148672994163218 1.95278040527003 1.646706221369884
-2.128502235667156 1.966903153438772 1.451403397770346
-2.227688608602002 1.723613633579167 1.71269002367956
-2.195324391837608 1.827041523174771 1.32417650495415
-2.163821242917915 1.12089266956114 1.738610168021992
-2.226297184552174 1.471157740130408 1.757730259816469
-2.171029389994799 1.294474119835498 1.82504852679777
-2.188225522079354 1.236808159395115 1.39103420326974
-1.208790652369237 -0.9734949129856805 -2.073425103967531
-1.644017547164079 -0.8688262208606168 -2.071360795388545
-1.305108046298624 -0.8061777516166492 -2.033402539587573
-1.481728960519563 -0.7841835567965936 -2.073506232061753
1.915055117583996 1.046928409851766 -0.7853266549681571
1.741721647061899 0.9526810765009968 -0.7133987040474551
1.946964846086714 0.8369792877025614 -1.064583342041827
1.988201542200305 1.015492826128082 -0.9780553299403097
-0.01354045243129393 1.4297905737283 1.340125319048952
-0.1942131409836509 1.497994998756308 1.322130576146807
0.06802992921925147 1.276237473384892 1.446310130059307
-0.09429210892457959 1.331983634579037 1.555089239100991
-0.2835860959761633 1.227641639200751 1.482394662443827
-0.3013380282615644 1.343067866389008 1.289593973360797
-0.05813779401788467 1.594864777049458 1.261138158247524
0.08027302806232847 1.672125438841892 1.389937199701946
0.2041052761850178 1.373107251678043 1.385317712160024
0.285211196339793 1.4732115729254 1.210728513017922
0.2528535662284956 1.659212450426976 1.261496420414006
-0.1003996604900285 1.7403298638699 1.371942456799801
-0.4132417159145375 1.713913511204266 1.148527377851513
-0.3459353698481551 1.508142069710167 1.210606812559369
-0.1407915289439851 1.821060095470769 1.647082251361693
0.2845551433806008 1.896791686142777 1.501891795572565
0.1885149012665985 1.830108681427855 1.641744879752869
0.01269987197616835 1.738697454143229 1.65830353873889
0.2105916997563517 1.804677537247418 1.372300718966283
-1.399743499664959 1.404296003378434 -2.230253130396044
-1.545625740929082 1.572310451445035 -2.247471562701182
-1.444666205398641 1.230796327816407 -2.2023286890975
-1.737601764095992 1.497136680001347 -2.232475370825937
-1.755193397913844 1.283169452439451 -2.19644395944502
-1.603389597713184 1.162634239996791 -2.197598031396672
-1.357674337608656 1.608561064597555 -2.228236180152429
-1.256714802078216 1.267046940968927 -2.183093306548748
-1.161726108831239 1.601925152857662 -2.193135273926346
-1.0129074630532 1.474072199780812 -2.151552472242793
-1.081696253896647 1.296669329930058 -2.135375216600341
-1.69553260203969 1.701401741220468 -2.230458420582323
-1.307608350095362 1.769939600924263 -2.210353706231485
-1.687629310201989 1.887118284997672 -2.174998317739792
-1.332934686021083 1.921312462662484 -2.132894147374766
-1.512455494128439 1.945538610883232 -2.152384241114369
-1.460360900126441 1.025385177587285 -2.150438207549377
-1.12661895963033 1.123169654368032 -2.107450775301799
-1.249342283444532 0.9367617384760727 -2.076876716928156
-1.905100259024452 1.412260742214884 -2.179430817326161
-1.879605333368899 1.811944513553985 -2.160002125864548
-2.018587453550437 1.536150229123617 -2.109137530789486
-2.031695753655828 1.708429900331126 -2.07048299050321
-1.770888092641643 1.077758302210328 -2.144553477896896
-2.036179087368288 1.32218300156172 -2.073106119408568
-1.941664508490307 1.020653747189556 -2.058291293189201
-2.047615019652762 1.168166987401739 -1.973801209838258
-1.789860708289646 0.9001185347468965 -2.059445365140853
-1.408065675759074 0.8685996506564566 -2.072146059227327
-1.613443706922969 0.787520594597697 -2.081197258066134
-1.820347812567742 0.7913816487386802 -0.9142011994327445
-1.635180901897424 0.7129016025758685 -0.9154225450287152
-1.86590973209745 0.6006823726430298 -1.193462003617943
-1.906784009918412 0.7645417351938035 -1.095654234555933
-1.740337465915426 0.481917685169517 -1.11582903134781
-1.574667499369938 0.5682176599042006 -1.069655442685122
-1.685205928100906 0.8700200249786891 -0.8125051873548901
-1.986809627526325 1.09220901309156 -0.9011634885419387
-1.905466741119505 1.105886327369993 -0.7104126453129236
-1.740056219005577 0.998156912157764 -0.6651338363260462
-1.956809036121893 0.9216601575966241 -0.9927368768821077
-1.369388438389726 0.9295827437742932 -0.7454305391244106
-1.331557191030428 0.8092775939313115 -0.8997307714911944
-1.554889308335259 0.9196768659949524 -0.6663551819220168
-1.439525614903102 0.6468560361442095 -0.9679594306072674
-1.506303138864223 2.242478999900565 1.69112361294364
-1.150769541709785 2.123116972125787 1.879111958670008
-1.516873350864694 2.194701468342117 1.879122807057114
-1.330556273670437 2.113549094871996 1.95466844059434
-1.869246216996266 2.179849117553557 1.677900266751647
-1.849075458500203 2.193971865722299 1.482597443152109
-1.691969561490599 2.213888908363802 1.789189108953011
-1.657795753612802 2.244039755695074 1.425002255585831
1.354058039850992 1.63386536089645 -2.229151699975024
1.576408829976056 1.630295686367357 -2.25063424067897
1.679018085274185 1.815014413206358 -2.214056145395052
1.335822588682735 1.846744597307201 -2.194339614841726
1.537901911498425 1.954186870151192 -2.148379452657039
1.438238461046029 1.476477465104016 -2.23744838675482
1.336508710121732 1.322246828766017 -2.208554204397771
1.197652219752708 1.69292637604386 -2.181153760917577
1.174732910589758 1.274901074120761 -2.157607220402342
1.054787681189558 1.592212583759983 -2.165421148613865
1.0298447608691 1.409213564084918 -2.145164658303822
1.558859500246796 1.318677154236924 -2.230036745101717
1.763198506469221 1.657626517413923 -2.222352832174848
1.844519294808258 1.461996733687523 -2.195573600972482
1.74029480179704 1.291071379559788 -2.209152629754905
1.638565050872744 1.13684074322179 -2.180258447397856
1.295353949790525 1.117100763253669 -2.15019557874924
1.481811859263333 0.9792694836305826 -2.142743841279672
1.947128550106388 1.646715460526524 -2.158995505688564
1.724691587991591 1.981517701197758 -2.120098044152917
2.0169348551033 1.794057023974274 -2.073265123294999
1.943150606691117 1.957935355785741 -2.041438916664436
1.924224845434206 1.280160322672388 -2.145795303268621
2.098255643442338 1.598427240247874 -2.046485892092633
2.082425959742877 1.298618242882694 -2.019009470401017
2.138771198731789 1.452463968570656 -1.932883985957877
1.663247160813578 0.9516637089534463 -2.12185972593286
1.978201466731659 1.127692888754959 -2.03258849918344
1.875676218750121 0.9614615942273212 -2.071513913245052
1.02526270236266 1.150701741727981 -0.8054125840046118
0.8167009650650461 1.396301904824627 -0.8658503429376381
0.6824489163808243 1.357239301329263 -0.9912853981868717
0.94368241832208 1.305567775539342 -0.7546767597299231
0.8105332958846712 1.082137014225291 -1.094726356563512
0.6722475180312657 1.208722904692696 -1.097924799524826
1.130542257397408 1.243324848125999 -0.62821358771213
1.41381842279909 1.053347161759866 -0.6177725861473038
1.289225637385787 1.174928958035812 -0.5035665602446927
1.414359677630386 -2.240129500153158 1.481834780360799
1.250871116533877 -2.218725782380233 1.620112411197963
1.589488223317668 -2.233068741489677 1.760022187822288
1.386203991934461 -2.201729412499002 1.818325294771197
1.235636801196815 -2.204085657015276 1.442236150616584
1.405601070636985 -2.176215870942147 1.123207712752937
1.573785703540237 -2.199056827741934 1.197951746554152
1.232022501128132 -2.168436733691188 1.239702590670574
0.9017229736630379 -2.117668679435948 1.640286036464091
0.8989638346731188 -2.105055813767883 1.464754265334951
1.20748111550089 -2.165685569361121 1.778726665026982
1.029209543748354 -2.112629173627643 1.771278980498137
1.068533940031623 -2.147033015918263 1.377980221507737
1.036552230021301 1.805091820170734 -2.130609063480567
1.381496091400141 2.013247885298602 -2.100381513599592
0.9965896002515227 1.958614336967879 -2.020223958669365
1.189697953672181 2.027218371192714 -2.029762737735268
0.9886900005378934 1.20406749857257 -2.08680603265529
1.320036059731359 0.9319237289853262 -2.091796857284244
1.13786344239141 0.8948659570185902 -2.019483150164783
0.9697438599063365 1.032673306361113 -2.000630497543557
0.8687447711376934 1.521379008211792 -2.094619960866812
0.8537250616883734 1.857900544684002 -2.004491346365653
0.7250278037406903 1.670773167729467 -2.051899563956477
0.8248557101856784 1.166985796325271 -1.988187935445035
0.700084883420232 1.487774148054403 -2.031643073646434
0.6666227761626571 1.306212303667285 -1.977285136353764
-2.102389938807396 1.411976459504237 -0.9107971388544525
-2.021903529874607 1.249595269320052 -0.8002922920959428
-2.151403724225312 1.213664909333145 -1.19157732151834
-2.162378815314958 1.394785536304942 -1.106589837393953
-2.073245824876995 1.065369099546684 -1.082616523665127
-2.021047052400576 1.425653773782669 -0.7200462956254373
-2.024853675440376 1.591527322363947 -0.6412969042483924
-2.161522337840927 1.570844040767559 -1.026343840923448
-2.108292490807083 1.752092027561709 -0.9636293393827615
-1.944367266507586 1.429146132179763 -0.5307920574898827
-1.775150121353858 1.155543168386256 -0.5642626398800502
-1.838669793902456 1.274920517768984 -0.4238238159737772
-1.74037637575579 -2.234243990042275 1.579881514788624
-1.916261371885404 -2.18736554797201 1.499943319848748
-2.037012061598054 -2.090730616226558 1.661698245695391
-1.746894885349333 -2.213270005510267 1.779312299370771
-1.931356645237842 -2.12282077815622 1.845912188270858
-1.756213659239897 -2.215284557964784 1.398191883653459
-1.429051737467037 -2.243604833366342 1.595991580083924
-1.586847172703826 -2.241189015503041 1.677560863175481
-1.568394403372697 -2.22876691432999 1.298018182024834
-2.052849345082161 -2.071771184149066 1.480008614560226
-1.909998342005138 -2.12284213869196 1.136513994533933
-1.74427939950231 -2.181888472259724 1.218079987084957
-2.051388854124444 -2.029094302660107 1.280820387001584
-2.219361418798782 -1.79924415372169 1.594929850239188
-2.172090447333837 -1.848064533915139 1.803073397164892
-2.067944618434599 -2.007226414333277 1.825977482982336
-2.172139543837094 -1.932459370914655 1.442575312848228
-0.9628414755399053 1.635450736107519 -2.133669998321849
-1.136986457243665 1.914676550922591 -2.097793241148684
-0.9485759871141781 1.825510145711873 -2.088595279720112
-0.882811620605314 1.330194913179916 -2.075909940995844
-0.799757341336139 1.697657192635023 -2.047012478036558
-0.6889615072404545 1.377545723570226 -1.99989780173008
-0.6362904104466716 1.568761695123108 -2.020358533023588
-1.074323735262964 0.9663841274372038 -2.029158626979749
-0.7577502980839024 1.200142853719472 -1.983720546087628
-0.876629750897836 1.036997704623355 -1.949013004497925
0.6607470181585383 1.540596537012566 -0.9252599851021049
0.9219805200997941 1.488925011222645 -0.6886513466451563
0.9359049038509355 1.686211346146689 -0.6936656429070291
0.8634092458970787 1.746193146443065 -0.8425755935108806
0.7175503347513419 1.717515200023706 -0.9474025372260437
0.4330909272470688 1.655563288663783 -1.174461850948364
0.5162935711247578 1.353017536880635 -1.157334441689293
0.3654366564084923 1.477376910586895 -1.1637559049794
0.5832982860671201 1.678452596528342 -1.072837592475278
2.205206157795133 -1.218268314186793 1.572022439677802
2.239495938696119 -1.401098305390537 1.532396133916692
2.245080809871093 -1.57130550340746 1.678895188394601
2.19130539173919 -1.207979534337577 1.76313433140248
2.208420744282361 -1.512149333857475 1.843982766025741
2.148440176224403 -1.346926113579799 1.900104419832805
2.202712889034738 -1.243769434955246 1.388529603417859
2.110921395414416 -0.8866360191790967 1.475323129516938
2.15452234207781 -1.050650663902286 1.619267800903647
2.136854161769318 -1.110549669963327 1.244914282339161
2.077114109657144 -0.9221927423790242 1.296314995266334
2.242587541110699 -1.596806624175913 1.495402352134658
2.195556899391935 -1.483410813569907 1.165869924232402
2.171143942670304 -1.293379661167072 1.205287976578052
2.225389210635047 -1.605295529833883 1.316980632130679
2.137890765501576 -1.873570517817727 1.824456300389898
2.211512346696942 -1.70785765264285 1.806988984243707
2.230974081810022 -1.775502727850806 1.463479686608587
-2.023792461818126 1.894146444108331 -2.015022887660678
-1.696528225457648 2.056081383216749 -2.081927946396593
-1.80280692881004 2.119182149051777 -1.930125495667093
-1.967566974748285 2.043816868005139 -1.933895668679907
-2.162774581999664 1.618352159677963 -1.964158292585617
-2.161102214178747 1.292056474310472 -1.903507923301582
-2.206273852339518 1.474539302028078 -1.816210461118321
-2.119657395035214 1.940302254782281 -1.844376533318569
-2.219382152444908 1.646818973235588 -1.777555920832045
-2.198990999533039 1.825946204621579 -1.707962634104605
0.9745821275050102 -1.238090996224308 -0.7842106979006431
1.018930601156081 -1.07531449868073 -0.8765193221024044
1.197185605266742 -0.9931170633258664 -0.7963353597501668
1.121096812389142 -1.253250580953246 -0.6129337797444186
1.262780178692291 -1.111099413444178 -0.6242339800883365
0.8820625541637415 -1.182597687008413 -0.9289198127495641
0.7434501527388173 -1.488367750360503 -0.8890608512381055
0.8953294586225049 -1.497885121228275 -0.7386787378710182
0.9842287653968025 -1.36053376928093 -0.6653342703915786
0.7156555616444368 -1.292596053722807 -0.9910915237132094
1.104666031925474 -0.9376237541099715 -0.9410444745990878
0.8637718745657584 -0.9547327423175722 -1.170102377002905
0.7600040352955071 -1.129819556179229 -1.083400147914971
1.034569918926445 -0.8585833239296699 -1.078065861017306
1.44409554443471 -0.8514055560445 -0.8041497877938408
1.427569927468583 -0.7175016433514679 -0.929104089580534
1.348515609461684 -0.9734086688734196 -0.6887591325850199
1.212824923037107 -0.7763858885748065 -0.9978818986650684
-2.072214443982118 -0.7879380173147688 1.525120871343861
-1.979498403910927 -0.5972717076326673 1.496714835018275
-1.970838923916671 -0.5249472975447534 1.66964411270711
-2.077966146112142 -0.8526569552664404 1.760144823261448
-1.953109980871594 -0.6775230853155326 1.807874397051114
-2.007542974674494 -0.6898413506933339 1.36139742373271
-2.106010716875709 -0.9452265983271069 1.624827411975882
-2.158763046164967 -1.049557653585244 1.438991719160586
-2.103146033561734 -0.9994793674756928 1.24666126732488
-2.004594065353823 -0.8142740442900018 1.226490541690947
-1.834844431737196 -0.3167179238529513 1.342189951494452
-1.906167454609048 -0.4268506309233186 1.505920665095959
-1.911878025282633 -0.6236077346079005 1.198084505365362
-1.758504389610637 -0.4683392967403598 1.220754382992944
-1.82618495174294 -0.2443935137650374 1.515119229183287
-1.576891197561139 -0.1493079099034579 1.340058625741501
-1.645911864344281 0.02636857947795647 1.303294954165987
-1.777767385942045 -0.06905965442150477 1.525084272751581
-1.678521886744528 -0.2858821795820787 1.229952947080272
-1.849090408813897 -0.179192361491872 1.688814986353088
-1.879779031569715 -0.5071020086061839 1.817080227128798
-1.755127799016948 -0.3333449642172379 1.785539281863155
-1.341833601276742 2.090275560881561 -2.039823776031568
-0.9739023230398989 1.976883007450094 -2.011135720863393
-1.250622535042036 2.151263227026301 -1.866994398448339
-1.046858125404362 2.09622133556729 -1.868266327993731
-1.62763311273649 2.177602474937337 -1.90751141904167
-1.430143343149393 2.175489375247049 -1.886484492187942
-1.516709185788419 -0.7591680424337438 -0.8400295645854607
-1.421778851973322 -0.9068489893223817 -0.7542410789116734
-1.426554782105988 -1.031226669508119 -0.6182859370291234
-1.613732629161853 -1.020564907894127 -0.5458907702355569
-1.356292018198533 -0.7645924010216341 -0.9054142492352779
-1.322272585457883 -0.5580750827601335 -1.137423592024257
-1.463550424172289 -0.4460446261016292 -1.111119712981029
-1.612646748983932 -0.5387844575017204 -1.078944729966143
-1.262704900655793 -0.7126100059268764 -1.040006640345047
-1.115989299492103 -1.030820407713949 -0.8370043641306892
-1.266137614516101 -1.03665102809601 -0.6836706216789405
-1.167774566840695 -0.8602909528155143 -0.9542181546712594
2.186716828470753 1.839817779359461 1.368069724656665
2.148226296340993 1.987608029965862 1.527410433864893
2.004706471158857 2.114644404460388 1.430801003444496
2.12986461465541 1.913877708148368 1.185588012141456
1.991223586283999 2.076695428104762 1.215010603487912
2.211749510544385 1.813475164864093 1.555698765209694
2.239247003416231 1.471860021245573 1.431404967008847
2.249403125942382 1.619824446511686 1.584894174703374
2.193387828858802 1.739744843046599 1.213876343486258
2.213371845991126 1.527539968342446 1.252017958591245
2.029739153232489 2.088301789965021 1.618430043997526
2.210912593812622 1.767614697118087 1.744234883911602
2.030208783360383 2.053007994009568 1.81785640583988
2.125458387718155 1.877696495990391 1.890719720295003
1.726328805397575 2.236580957796898 1.619194841446639
1.886688958178247 2.180044368504095 1.721246975419483
1.872736443175495 2.177389188103922 1.306030213620544
1.724318204002748 2.224216964336895 1.398607191976352
1.802034432915357 2.097107812730576 -1.975762223926423
1.391777276487871 2.134660644036705 -1.983802575550581
1.668670682570231 2.180399113888106 -1.897137878117079
1.490918804868363 2.186430489412119 -1.847445207368992
-1.073573365381393 1.110091371563447 -0.7954451365531279
-1.200906611989566 0.9473203588897272 -0.8314347776647442
-1.122329286405641 1.223970586238912 -0.6574435609105476
-1.424238729294396 1.057719630953368 -0.5980591880955666
-1.281249708413931 1.174554797218303 -0.5131632320946203
-1.035742118022096 0.9897862217204655 -0.9497453689199117
-0.9571647924381715 1.26643644906965 -0.775754152165715
-0.7971472241680272 1.305596428855369 -0.9203439634461585
-0.73343277464806 1.175962394737547 -1.065669824801889
-0.8805184857313222 1.047851185147278 -1.048222376956975
-1.106835471094891 0.7296611457067703 -1.150910156765678
-1.271043788502942 0.6645936512596435 -1.053963669147601
-1.007851732339494 0.885080172473558 -1.084212018068591
-2.03692232600634 2.112154543353606 1.55930779506422
-2.136108698941186 1.868865023494001 1.820594420973433
-1.879816428996736 2.132071585995109 1.865899460865121
-2.040004382995111 1.997600221226987 1.913004991226276
-1.939156591682272 2.111171932816131 1.166848431260987
-2.08357372368073 1.986415661258347 1.236778078648486
-1.825471862622877 2.176345181495123 1.306409783898404
2.094277700027066 1.909647135507091 -1.928929303068505
2.208577503728701 1.599805532018406 -1.847153603564313
2.202451238820558 1.784746982449896 -1.774396994320253
1.887129701269757 2.156816768476089 -1.818478750628597
2.128666990408375 1.948625314261364 -1.74257078768969
2.032945946613617 2.097838108822073 -1.687111333189813
-0.7523500354333981 -1.600225594380135 -0.9023542303684906
-0.7896153938338523 -1.439724714746844 -0.8302974922640093
-0.814024647493202 -1.279323120661469 -0.9138985465042254
-0.5624975910974225 -1.307360417324431 -1.137520291753917
-0.7127396318881329 -1.225323444301519 -1.06997961629572
-0.6171416592041913 -1.60570996801297 -1.034080067469312
-0.5011443205548648 -1.47537033811917 -1.073055388904749
-0.8845330488816168 -1.630671535321665 -0.7592375943239371
-0.9947104760202079 -1.807295986970798 -0.6894647477798302
-0.8650729319734435 -1.910165171830543 -0.9918454522988783
-0.7120593142519558 -1.796656788587792 -0.9630201695292399
-0.9462076609414207 -1.309769061603 -0.7707819104596719
-1.031975834420662 -1.646795107337506 -0.6174080096753489
-1.096355975965419 -1.315599681985061 -0.6174481680079231
-1.030203534591426 -1.465503908875307 -0.5576081749254401
-1.120765229624769 -1.155198087899686 -0.7010492222481393
-0.8693318989957015 -1.095367791157675 -1.010464034491383
-1.022402181949363 -0.978838012619191 -0.9715967552404581
-2.164514748294991 -1.114276591536915 1.674015671078173
-2.164822187427965 -1.191070227129895 1.844685369431736
-1.986906253765186 -0.8348116663278708 1.907580937683136
-2.061088376975452 -1.185464238055824 1.995053802629799
-1.963179920193799 -1.016118852428011 1.996526070270032
-2.217574516717222 -1.295401282388032 1.65884967661644
-2.241194940193501 -1.420979850917409 1.518138069167192
-2.161650064981016 -1.168529360685501 1.295849526427171
-2.212726487523429 -1.35743171785682 1.333210377556758
-1.190727732081384 -2.136194023543698 -1.915246832321571
-1.516613565323169 -2.214421731475748 -1.836947199056058
-1.330269950353338 -2.206855926289876 -1.760614497359966
-0.8352212910976434 -2.029931676689549 -1.871615507860155
-1.151530090689619 -2.165652267363095 -1.741956106222306
-0.9690353093606876 -2.114717812242396 -1.712907099023758
1.588744435867157 -0.7134808806408599 -0.8723933651275247
1.756998423408153 -0.8738186548103766 -0.8292787364716063
1.707918396141368 -0.9712926185985127 -0.6665073239490652
1.509690117860258 -0.9693879061628117 -0.6320484081320106
1.740472806442026 -0.7399147421173445 -0.9542330382582995
1.448174592777993 -0.4850137339487008 -1.123398664024601
1.649126889865712 -0.4434166978775393 -1.117912655394637
1.750857805451899 -0.6219069403776805 -1.08972896392653
1.357473814469555 -0.6384612131711664 -1.066125475998752
1.97773056991442 -1.088039988016776 -0.865900990605083
1.859646766716236 -0.9977264800749972 -0.74834699707984
1.919111792992894 -0.7822447145471971 -1.046614335270611
2.010455576846661 -0.9905438815204297 -1.035849116300498
1.928650542647635 -1.185513951804912 -0.703129578082542
2.05302889816729 -1.474148819862024 -0.7786614587373017
1.992155641503273 -1.356256990540184 -0.6461996292151948
2.07945935277806 -1.178331353250344 -0.9906316973031999
2.115535304603647 -1.383375780010542 -0.9559371668681026
1.874071838305089 -1.265943482598405 -0.5286456356899518
1.612338461168342 -1.093295731427432 -0.5511166687402442
1.737191414293773 -1.159305757176315 -0.4314292525000011
-1.327067382242776 -0.1849904713563676 1.491196086684582
-1.218301843871999 -0.3470680684813697 1.481559114010032
-1.149716498234515 -0.3722588825441271 1.661108034041947
-1.254171935534274 -0.009402586388784689 1.602245494668123
-1.362744893837713 -0.06570336954125541 1.732782756848019
-1.282850488205878 -0.3453456404178114 1.775429940563769
-1.433980960826734 -0.2588948185997804 1.77294602920473
-1.290154927880413 -0.3264326102372477 1.319091763226671
-1.467941133034332 0.01132147626916875 1.291965064325708
-1.326025019542687 0.01123287185533735 1.439778143884763
-1.500551155434579 -0.3009292827908664 1.218623057239993
-1.029771058812063 -0.6215903778734224 1.364637729161881
-1.112804043872152 -0.5137010214250071 1.489003710584036
-1.248267007967329 -0.5793566591805361 1.163035479091147
-1.099931181054818 -0.6755142596032311 1.199234966894425
-1.391785617063803 -0.4630068799158684 1.208986084565443
-0.9611857131745783 -0.6467811919361799 1.544186649193796
-0.7373105633972161 -0.8688792429745542 1.504206259188513
-0.8659937013562886 -0.7998787433229964 1.616862756616178
-0.9483128503572444 -0.8085944301144039 1.254417905504186
-0.7873882696729645 -0.9064298541771102 1.323728145920887
-0.9490266864163774 -0.691989386874581 1.741228738038333
-1.17735268820603 -0.5119785933614488 1.782874537137773
-1.105323167773116 -0.6716214265488191 1.832936490236735
-2.084816054145173 -1.992414148918827 -1.8351878630986
-1.815215306599941 -2.180532444279729 -1.822495574445729
-1.972064989602883 -2.141279882145128 -1.717606296475867
-2.233896604880989 -1.729774628007264 -1.642745874209525
-2.09020996944941 -2.024074922985514 -1.647792185335892
-2.195639434448004 -1.895626035007064 -1.574958550502754
1.777535964604455 -0.06542756184232958 1.518189662705423
1.845198363246223 -0.2577850666207219 1.509321167104789
1.860589319548891 -0.2660615558363897 1.715678846887869
1.847456152781792 0.0810842284155212 1.648142456533157
1.69014606409055 0.001467825038652996 1.757955799443941
1.689080326456498 -0.2120917739302142 1.787748607479094
1.804207479994615 -0.217198691157501 1.347136206996353
1.806465269530183 0.1216706038787422 1.485957496424721
1.636080298625813 -0.1825248609516078 1.266246113500215
1.735266866612239 0.1605392142910981 1.287608908664256
1.962644780665732 -0.5609443952712926 1.430379030625313
1.887260834939051 -0.4178326851515611 1.544625391178799
1.783435459958695 -0.5149704078351777 1.161891601997388
1.928837494908459 -0.59650111847122 1.251370896374709
1.703742697267581 -0.3748823657300002 1.257377617899581
1.978035736968399 -0.5692208844869604 1.636736710408393
2.097020629358474 -0.8763472393298809 1.666435021241616
2.019683078396342 -0.7267170604983647 1.700563868938874
2.019612396937807 -0.7478893178066193 1.343482215604303
1.944299132669661 -0.5836053503786331 1.81481022949236
1.731142798149326 -0.3721393924610533 1.823052831553105
1.790013069061219 -0.5440416825794745 1.889476771185267
-1.09925939639392 -0.8347517378911042 -1.978595327101533
-0.8278353342492681 -1.073599305557412 -1.95952779919206
-0.9334044146813 -0.8975601983919786 -1.891232947819049
1.062886357107969 1.595477216861405 -0.5824920596993142
1.207645353345207 1.329794991847173 -0.452830735970004
1.128421319384215 1.518219209213349 -0.4344699312234175
-1.39504568632583 0.1869093612367517 1.403014472309249
-1.597883886254693 0.3510961686891543 1.157696883832131
-1.402192931480844 0.3250240023631837 1.247464219651454
-1.312524441237909 0.3222328504625944 1.730611604876878
-1.154690568906155 0.3466473292558428 1.569146517211902
-1.361702531137624 0.1305199736704496 1.681364814048199
-1.260276817989199 0.3249353979493523 1.395277299210508
1.146307311131324 -0.8876727194705134 -2.022529755270459
1.501018073567826 -0.7472973417413389 -2.043121946721761
1.194479879442778 -0.699272517816347 -1.930057326691333
1.363518029950804 -0.6089920124170882 -1.978299663280189
0.8234031130731371 -1.071353407873842 -1.957825176608956
1.032881295490472 -0.7963389948000248 -1.908878781975858
0.8850036041350793 -0.9102789422747265 -1.851793261466589
2.002363033483921 1.700932367226543 -0.6597347090312158
2.056991306600281 1.52702004951629 -0.7297772392829924
1.971582838658634 1.378195879729794 -0.6165778443105264
1.892976485201235 1.708327762932897 -0.4757216583429825
1.879237519021305 1.407281922883808 -0.4332907781975343
1.911050387572276 1.575201938925948 -0.3355766359383214
2.078369907971321 1.678290833189879 -0.8568079218423484
1.914355086572274 1.859598546606486 -0.6027523409023384
2.098838189193268 1.845490683764256 -0.9841644826738893
1.977562885744149 1.97686775874374 -0.9346619369278886
2.047589713146033 1.35555434569313 -0.8136510571216591
2.185840037775031 1.498933759518259 -1.124076723650344
2.153466462309629 1.671578366054003 -1.054207012925666
2.120736137762343 1.324118761969445 -1.006379732093812
1.788847774682289 1.112482842555865 -0.6285237112284909
1.869835925567057 1.235816219060648 -0.5171645960362008
2.035327669820696 1.17529459218295 -0.8931803371213456
0.9035252156107121 0.7548084221222295 1.542236450477228
0.7864620116155747 0.8258214295737369 1.664448057059547
1.108924243450419 0.5984845112129151 1.815387427488132
0.8842879980121194 0.855078758150732 1.83562475889524
1.064965883852008 0.7657405277652727 1.882187691130904
0.7537652079370845 0.8772646677070448 1.462714454876243
0.9113859519049434 0.9101283926032862 1.170783710520262
1.015411711522042 0.743388478221009 1.237748383615767
0.7489757322408523 0.9594464495005184 1.291005265778411
0.4611888308887552 1.083915913246594 1.538214292314471
0.5611277829642582 1.061018773300398 1.693961505617443
0.7345279903384918 0.9775350037355472 1.756102763294255
0.6319125282457151 1.030459456952026 1.41321687236073
-1.711107205409701 -0.7080888509459851 -2.016634710996728
-1.975338053964901 -0.7924236553857972 -1.856653612230548
-1.852121187079709 -0.622175923545899 -1.939427502402239
0.8010655308486511 -1.640878687036786 -0.7911284005613207
0.6720617452068431 -1.792898858214896 -1.069193194863639
0.6213916338705829 -1.435589619531318 -1.043541186403512
0.5160549735644319 -1.619851421257314 -1.044131736579156
1.041844143506636 -1.513044705957213 -0.5674018197147936
1.082629031218009 -1.678846418468598 -0.485528499318769
2.238410086684468 1.425999553499567 1.619941085710755
2.175985440603324 1.085400104947518 1.538732186381398
2.205494301994777 1.236062500283527 1.643985320034183
2.202378806733212 1.333715075330327 1.287064869598626
2.164742876415063 1.130183436903036 1.353268770743618
2.215650424520928 1.384026925549639 1.79747452772871
2.163112003116152 1.684045777637983 1.919915129788682
2.155816126594874 1.483971631566855 1.933808823570025
1.718923027140711 0.8038903346361144 -2.033999307126869
1.324321351864218 0.7570346773955036 -2.012031412695216
1.624336184257171 0.6548240752725096 -2.015957195035223
1.465008306210569 0.5891635322575889 -1.989779410648852
-1.43557024706058 -2.222630848834334 1.795422364666071
-1.237092770790589 -2.146041253599257 1.873383950329945
2.033877333058792 0.9799195144376269 -1.944728080377449
2.192747820029242 1.299996534653226 -1.819677181872697
2.124171944398388 1.005435719936275 -1.773253747151472
2.167555144113996 1.148884655143354 -1.685869283412103
1.836765242193715 0.6646219605463844 -1.965611382347416
2.02164669641685 0.8392044254086372 -1.812179161213084
1.956460763936201 0.6798261126214473 -1.822109960546403
0.7285385682358507 -2.04004255396148 1.524526520345294
0.5635555488011724 -1.989098431033147 1.638180379314742
0.8587842773110863 -2.04761591382124 1.83105123550848
0.6752659257150728 -1.941129732324079 1.82773680632063
0.5607964098112532 -1.976485565365083 1.462648608185602
0.7561224060979915 -1.96094611643761 1.176651717843849
0.8953495346044358 -2.069406890443795 1.26222070538894
0.5826588965333926 -1.903896870074115 1.268982766272117
0.1929546774928602 -1.862249651759095 1.639331186237016
0.3440297871993283 -1.815578988853656 1.720338030092305
0.5075237672904754 -1.877572743727681 1.765858894160938
0.4176758770987143 -1.852952747145781 1.382636625241565
-2.066587635300766 0.9905272199383082 -1.888693097082215
-1.784220122771633 0.730416039576925 -1.994935073358439
-1.951485600035249 0.6861903940441918 -1.871857567452138
-2.033754600592835 0.8439312296245626 -1.777574946960006
-2.217709784623992 1.320523287868097 -1.716905551548011
-2.139705111755291 0.9914444698367462 -1.693084863609063
-2.186049589316209 1.164726161887581 -1.598157260721496
-1.317386506348561 -1.856485101569779 -0.4367703524107782
-1.140380961730017 -1.642128360524439 -0.4878353283813333
-1.203732784954169 -1.742861511476387 -0.3683569276627418
0.3907552032174985 -1.17265356729484 1.606600585033973
0.4394017022217114 -1.143471648882812 1.41349166300088
0.2516804070498216 -1.29566502004434 1.631706395293416
0.3729029686895622 -1.303310942918699 1.312858911778798
2.24296679411001 1.638783710772679 -1.660795088185498
2.223900383102907 1.302730380831316 -1.599743798968963
2.243887476740267 1.47366563194904 -1.52742734631806
-0.8459031451922747 1.419475643530833 -0.7823423878035782
-0.9394179592192639 1.566510748625906 -0.7068427330566286
-1.052115255748282 1.525486146339543 -0.5541949572186209
-1.164841135470709 1.330899874724505 -0.4934722477072075
-0.7794003909491195 1.605670728411625 -0.8514325443370723
-0.6221711274021633 1.32900158919873 -1.072258060439752
-0.6581059775587619 1.645357855350067 -1.002027769042094
-0.5287139785182513 1.505358373092414 -1.040652861500692
-0.4756439916340574 -1.103418500144009 1.668317490539242
-0.2431740606635239 -1.367256114750399 1.790477380323818
-0.5139905202890911 -1.19936651374176 1.839387253918483
-0.4277999640302886 -1.380652934772897 1.857434972494723
-0.7251515366390153 -0.9140874379129553 1.701248348033049
-0.6348149273349767 -1.079035951162264 1.759661613984624
-0.6465461049556913 -1.020638548767069 1.408113737337758
-0.6220249220209444 1.758821104727461 -1.975283814421851
-0.8584476552748751 2.007054930356571 -1.859068366565158
-0.6624377005846004 1.925106263983392 -1.866089569863132
-0.9856125015051271 1.711681231220334 -0.6232851137521149
-1.034005605908426 1.863416013903235 -0.7547243501510328
-0.751620791585751 1.792392960445139 -0.9265281142951447
-0.9275570936069101 1.893326025999927 -0.9163522180138181
0.5412919135247264 -1.089698508971451 1.551831176004323
0.6185156475104689 -0.9850055798018618 1.679334817558235
0.3535706183528367 -1.241891880132979 1.770045908296859
0.6380750953191796 -1.092495390740676 1.839218866886345
0.5335498772433204 -1.277616807998643 1.863915737974154
0.6671621465146819 -0.9558236613898341 1.486225895525142
0.6733334839850788 -1.115959198500444 1.203484397167949
0.5234396789967902 -1.22035588459531 1.258089502749147
0.7427717633700874 -0.9513832715655585 1.306292802058963
0.8731931784801606 -0.7184360103704576 1.557791037763266
0.8701599867896721 -0.799717024503302 1.736232182449032
0.7639453283091351 -0.9586205431590593 1.773613586407164
0.81999549735583 -0.8466903423959695 1.433796443612876
1.006870785339253 2.080027095705982 -1.903645020620354
0.6850651739709119 1.824295684526613 -1.941514459145275
0.9092717897204061 2.086739288693289 -1.7349596324141
0.6376039143480903 1.959744756499175 -1.833985071675816
0.7304420395916243 2.016165101468927 -1.683521315013686
1.299120667140403 2.200400975306231 -1.776826431504668
1.102380143141064 2.155343322918124 -1.744498411480002
1.004315082905254 1.852745352081825 -0.7364163065650386
1.2468882821358 1.867497055535064 -0.540785310352768
1.142345703135356 1.715505544137394 -0.4394842274852904
0.9407159411734609 1.994606532989542 -1.043701968584942
0.7859605138056605 1.884049205958841 -0.9901532008840531
1.610967180851038 1.904612250798759 -0.4564017774792269
1.312423244412046 1.790239047887009 -0.3927631818768712
1.467678749667026 1.888484885995334 -0.3135749766022548
0.1233536196917321 1.275300312528781 1.600281632212064
0.3856146099110662 1.19665701138844 1.647249736473351
0.3038464074571843 1.346120003095186 1.687540782206439
0.4563993551925231 1.166097695040068 1.366505103216638
0.3667815779903384 1.319658472581993 1.316913324028277
-1.477415923931404 -2.243879975295145 -1.663656472956792
-1.820609221904178 -2.212193218346417 -1.635099896683021
-1.644212163218442 -2.249172079681175 -1.54825399868414
1.697479366779532 -1.97542423396709 -0.6068302694830432
1.688972007015132 -1.878511410815415 -0.4243066390770165
1.372877947773774 -1.833128740028925 -0.4065440699732534
1.504753404202148 -1.891443067218164 -0.3073180267061109
1.960419757101978 -1.832178973443163 -0.7337612281648515
1.853008703950795 -1.894974943757294 -0.5483594800568575
1.836219327200138 -2.075301824692359 -0.9143380551648805
1.986054361684325 -1.944298316373517 -0.8928290021581522
2.063284025059735 -0.8907317052215538 1.844508540325583
2.097756360507081 -1.179308463295292 1.94734978105865
1.999956478872891 -1.021222025860256 1.95976490605501
1.731808772091108 -2.193172265156356 -1.838640419786478
1.29193319409637 -2.179447265879382 -1.853485587311442
1.422113302386857 -2.231019176743453 -1.724193568113026
1.620452238059071 -2.237968867966877 -1.685232057220764
2.068653318637427 -2.040913595075675 -1.745248216600538
1.826619916721921 -2.210511552864799 -1.651769892293316
1.998569327770903 -2.131688216008857 -1.599396456372113
-1.989142998197746 -1.5837153008781 -0.5855977715912207
-1.884873872058681 -1.65884325847221 -0.455466158924669
-1.789468006730308 -1.296961419850102 -0.4279351066881342
-1.867206732733329 -1.589028852421192 -0.287397303425778
-1.84590640705089 -1.406009111507604 -0.2899009004143022
-1.940350095556308 -1.788340904703869 -0.5881188633488788
-2.105014135057673 -1.730856506437488 -0.8931371579228919
0.8972173218394692 -2.037053250966878 -1.885553032020738
1.188405403054968 -2.1898368623644 -1.705576570710542
0.8866164684118911 -2.097547103847689 -1.708809053276064
1.036798280800988 -2.142469873484518 -1.608552936187452
1.69650245504496 1.141568885709879 -0.4452366451154988
1.490921518746889 1.139817305481041 -0.4423897344051778
1.930349956390887 0.4317669161526521 1.509861447109269
1.970123366518731 0.6015026323250107 1.611268318138238
2.054015686061293 0.7440582599151462 1.507412549356325
1.93226796555629 0.6598670551811053 1.224898425051436
2.042773121873031 0.7888415918706642 1.321949133718546
1.859151553472943 0.470635526565008 1.311512859348804
1.916158867835364 0.4379181103089516 1.717317161281425
1.719075369016278 0.1885659907597247 1.725723633163239
1.768382810147346 0.345724777049938 1.772813400472697
1.805187054789576 0.3070510045489489 1.41756170249199
2.03982459750577 0.7502094540714457 1.714868263528481
1.80815622027519 0.5154604932222966 1.874220271501666
1.968056163672158 0.7734301601088727 1.911960010267506
1.788171775466216 0.6830074674576689 1.945815185001117
2.153225778439785 1.04342747699759 1.716265628399353
2.051948483214721 0.9159857876990082 1.808104241485593
2.11247435286007 0.9375484136170993 1.425549079108789
2.208879289971199 -1.329316864974656 -1.786795527516281
2.09280367058191 -0.9393206213017867 -1.819311379276766
2.142470662782979 -1.004238470183341 -1.64063381155845
2.20048088065442 -1.21210693095326 -1.627092639379
2.223531950700016 -1.7243707178957 -1.729025842354747
2.239335305562358 -1.415419261672931 -1.613030618230169
2.246325198475065 -1.620490209761481 -1.580963506187492
-2.097380577188336 1.112749560938961 1.934776398469933
-1.914816862518088 0.8044106480188122 1.932872988972986
-1.958756821494346 0.9799401973243875 1.988321029383497
1.854856364076291 -0.7283125746722153 -1.940150401673005
1.556630208435001 -0.5656831116715915 -1.977713310016016
1.74649407358376 -0.5538410102709925 -1.953068586354032
-0.1661028185580014 1.742167023951664 1.80464429184636
-0.3547034727917621 1.624651980532922 1.845739464376372
-0.4870044735345386 1.782471450278574 1.901957561095582
-1.372197704544246 -0.6454403817020173 -1.978676455195755
-1.029721808610687 -0.7302430370229473 -1.85121038343909
-1.305380673881585 -0.4864431642079111 -1.898563179429598
-1.144748655972478 -0.5676017201273929 -1.793586216164527
-1.689832600435193 -0.5375332594818758 -1.941572939075447
-1.482001588102524 -0.4644489693878555 -1.938666871903778
1.998450193824744 -1.554578350655518 -0.6041775163447117
1.951912397337578 -1.735266150291489 -0.5512375977588247
2.121829856925117 -1.581697140125876 -0.9139150539976195
2.084958055071108 -1.784589522907712 -0.8957071198601194
1.89103914067356 -1.617374320969648 -0.4187757682367178
1.800696513149411 -1.330048795911587 -0.374499303632654
1.881662290331489 -1.466387357675698 -0.2920434821626369
-0.1938094385961346 -1.821219000035322 1.754700328848062
-0.07071628606486524 -1.654860513929367 1.767635767746758
0.1411710743156135 -1.752287198176001 1.783366749174271
-0.5578603789375346 -1.872241298184014 1.887559630913691
-0.2546216892701454 -1.677121652883248 1.819976191275839
-0.4392475926369102 -1.690518472905746 1.886933783446744
-1.40242509024106 0.6988971554864851 -2.007635767444913
-0.9993530747120378 0.8505897887313955 -1.918438946124282
-1.248898990024688 0.6019646533753114 -1.928773115060401
-1.096714983347604 0.6933540716875977 -1.845640741300521
-1.454277021188583 0.5208855973165517 -1.937824313899208
-1.775068598668572 0.5735924538949922 -1.893609460377419
-1.646951153266683 0.4438397738885728 -1.939762501384666
-1.458091391704633 -1.150366946667755 -0.475320313002824
-1.204761103274774 -1.310932935171993 -0.4878754867139075
-1.337654591243846 -1.242734578982877 -0.3561609102602081
-0.7634980652940491 -1.010035451510706 1.87231811141229
-1.010131155954826 -0.8247189779356355 1.905612597659118
-0.9340722034305604 -0.9893748347951671 1.946099663154711
-1.847017848117203 1.73858858941914 -0.4140620933082907
-1.842476416942255 1.440794066350262 -0.3450744245967322
-1.887299113760211 1.613873194663685 -0.2621604010478172
1.275106403985842 -0.2098279122516372 1.550409093230808
1.220258820384193 -0.3725685693192585 1.595801714089952
1.122090850551098 -0.4498351049382301 1.45503282841263
1.229950784144263 -0.4569546040818229 1.283821881802722
1.388898370270539 -0.3270687284399486 1.292350321390612
1.253183999727736 -0.2684675602151055 1.737997688942978
1.43489843182721 0.001611342117686133 1.764071022078928
1.433832694193159 -0.211948256851181 1.793863830114082
1.100168446292992 -0.5084747529016984 1.6426214241248
1.097135254602503 -0.5897557670345428 1.821062568810566
1.37898511059151 -0.3746889139188023 1.839256450973226
1.266215385282367 -0.5613080507782686 1.895524426985796
0.9989672847694082 -0.6670223026535144 1.680293683133244
1.109860410053061 -0.5928607876642629 1.330641591837569
0.9488027953355662 -0.7139956205461819 1.377857944297087
-1.898671862027127 2.165337959725727 -1.759479141324984
-1.536422046501785 2.238590141082077 -1.734682041458441
-1.851227541884283 2.202091137870197 -1.575866420587003
-1.65414134935433 2.246204662981365 -1.569541919688708
-2.142765512463198 1.975616628518387 -1.626835415123834
-2.015987587822528 2.126725856823559 -1.579636593599817
1.272426816584084 -1.2335421865008 -0.5053575525792718
1.171528337992306 -1.541495066521253 -0.4121840318393293
1.236350321189745 -1.370743614559705 -0.3452703509708778
-1.785113709845928 0.1632867444683334 1.773243600935065
-1.635474166227033 0.03518034418481975 1.755341053074739
-1.706710233216053 -0.1580111048737053 1.79550432543145
0.6620808669796949 -1.753015062084874 -1.970506851190964
0.6250249420060947 -1.364078096514907 -1.959537685456169
0.4998808040046735 -1.726038309344827 -1.891084600273082
0.4725208097550132 -1.414109751605634 -1.895786920837388
0.40355387325535 -1.580485295393403 -1.933508069821689
0.5740092859394357 -1.908864797693379 -1.856815223214636
0.7256084954868789 -1.996335403314237 -1.759493495387844
1.538963136012664 -1.157401044740614 -0.3969703366829464
1.378033687492894 -1.228592447050636 -0.3565705513147955
0.723697990029199 -0.9968931536943773 -1.808267227520561
0.5095933667161753 -1.207999274384219 -1.850548378044147
0.5904255998990389 -1.105607436151822 -1.715791034109223
-1.466750578359465 1.164648919438962 -0.4340878748922266
-1.673259271788527 1.167191102556755 -0.3785450069868997
-1.570736943160244 0.3940384675936374 1.879051414917099
-1.619915033059959 0.2023255908014925 1.829804624088421
-1.754507935801789 0.5000425882290138 1.932557555100282
1.907220185608028 -0.5781651439473657 -1.850683394569449
2.065249468301628 -0.8175545572301426 -1.659087642170104
1.991795099224746 -0.6297702031835501 -1.679982877476252
1.823042440660629 1.733868118305891 -0.278594267809444
1.661680107105575 1.850866577509414 -0.2759124893371329
0.9740291520391947 0.8577842547712906 -1.920865052954529
1.282835688870619 0.5521057602908529 -1.917465703529392
0.9922835241849974 0.7376257383429303 -1.783287487403756
1.122793662545261 0.592702298638865 -1.806910437294667
0.6476766355311002 1.134818111455828 -1.891109601242031
0.8241639416999241 0.8754330876854534 -1.764434834782529
0.675710583505338 1.010558668134229 -1.748245999857866
-1.664350360277555 -1.87650975322545 -0.3919463961863207
-1.818413830091891 -1.793654456246961 -0.289918395183436
-2.241502379326475 -1.497773486510389 1.688807767520756
-2.19423140786153 -1.546593866703838 1.89695131444646
-2.114148145397682 -1.366588928906941 1.979887808168066
-2.217851831337809 -1.672172435233216 1.756239706997212
-2.236654350132682 -1.559803921979177 1.363168468461073
-2.217900927841065 -1.756567272232731 1.395741622680547
0.522905808765654 1.455606463184961 -1.934564739443429
0.5089066564004071 1.772617379544641 -1.88139328926664
0.3691534536952147 1.599815366824288 -1.920188440691401
-1.135167867277013 2.181435149932778 -1.714927044150105
-1.456651579767233 2.244091563291077 -1.548514992834979
-1.244318252451815 2.211528007426877 -1.546279878430052
2.081457344606173 1.066648183035017 1.913357375138378
2.122900341905184 1.294034578350814 1.957853057893453
1.576014073222763 2.246139445157632 -1.690161734071165
1.899582196268492 2.181129409979603 -1.608486987380469
1.72071456197742 2.242421155313561 -1.555686171608472
1.201521671521556 2.207113168293539 -1.608141043298413
1.542962684275551 2.248452530837575 -1.505993500860385
1.341055608238024 2.225229127017522 -1.455545238573123
1.66028274137341 -1.810993777008367 -0.2488472372799252
1.835124493844323 -1.647075157311669 -0.2391035635767499
1.802985034159657 -1.778750631698699 -0.1528199669029642
-0.2282624055036827 1.226704478344639 1.636366164596584
0.1415243693133533 1.401866164289331 1.796319891248124
-0.02578991804497343 1.495425428173525 1.762463160238653
-0.2143905722787341 1.377910384754784 1.803558332768665
-0.5941335426979607 0.9744456960277156 1.592280630972789
-0.5253963247227152 1.113894393684999 1.711129726938656
-0.4036845593303179 1.273568389376497 1.7308637561115
-0.5532322922338527 1.080963017837961 1.411746142631767
-0.4353083248406674 1.23778871015461 1.370870898856389
2.129246195654372 -2.006886861030255 -1.539466418113619
2.222123434295945 -1.812231731962854 -1.537255842174789
0.6378415887311982 1.998578243175609 1.660852456300752
0.8312796754324354 2.074874562564267 1.654186577925754
0.9421130713869565 2.094453923190143 1.820255378569252
0.5418013466171958 1.931895238460688 1.800705540481056
0.6987851035061081 1.873679584306481 1.916261135383314
0.8888009570111245 1.978699694264053 1.949367985437548
0.7245372118722542 2.052289166011878 1.496376214515908
0.4350588830570147 1.909309841908298 1.64289517707121
0.6508538444047101 1.981927879991841 1.343186153891837
0.457135681546768 1.883878697727861 1.373451016284625
1.097827502015768 2.179533202622746 1.491939343172578
1.028808694528013 2.148164846026412 1.655779136784408
1.04698283006216 2.133769624940625 1.318973135641651
0.8442919311059471 2.058224199380499 1.336520275516839
1.208660897970289 2.199112563248622 1.658008143816076
1.422058994101421 2.244152335489602 1.605368709760197
1.226835033504436 2.184717342162835 1.321202142673318
1.420048392706593 2.231788342029599 1.38478106028991
1.353040186613666 2.212783978893268 1.769208503372028
1.293282389051137 2.143973993117196 1.932496251628011
1.086329976106702 2.051989977726198 1.950960544296203
-0.5935473809766625 -1.763298438545084 -1.91322988046782
-0.5906843591048532 -1.353426800091337 -1.940127446650936
-0.4323575675142669 -1.390901146704069 -1.852835091830953
-0.4314945034354216 -1.711010637076495 -1.865803003524031
-0.3499787315500847 -1.560312018789642 -1.914174017837301
-0.7922687280406664 -2.049659124315029 -1.687934165700002
-0.4964018322363812 -1.912585187293593 -1.79921569759261
-0.62601870678043 -1.979487238651207 -1.648391841304529
-1.777827442185878 -2.129765803616986 1.943591536657715
-1.394888206027379 -2.143625435735956 1.954953233421503
-1.592999351058687 -2.11814632012852 2.01338038920366
-0.7582977464660353 -0.9690906046892558 -1.832142855529618
-0.4944018744434172 -1.182604058467422 -1.813145352082647
-0.6304328118378333 -1.059828773586591 -1.725675500128819
1.546098222284681 -2.180028528470566 1.918636441651307
1.888495786192684 -2.095747535451929 1.933672264434813
1.702654142161377 -2.104507967326501 2.009623125618708
1.582850521263573 0.449895158167859 -1.921391485869399
1.861873921052662 0.5307598532578426 -1.804067848454757
1.77708600941815 0.3594276455062697 -1.845531728664502
1.263480616891612 0.4248311535009504 -1.784658435248303
1.617758131371547 0.2937671024913489 -1.819353944278131
1.487983536712092 0.1611966402644391 -1.861830745133175
1.356821035833051 0.2483921308361358 -1.777498137962418
-1.146702902437444 1.822391411616872 -0.6020765743130251
-1.243448978190773 1.778676324528341 -0.4320070076747058
-1.211035677756573 1.476070357318934 -0.4099146284026938
-1.180147374850387 1.633133565461812 -0.3147269582522503
-1.291842082594071 1.930411107211242 -0.5634462440736236
-1.088647494539227 2.004036206396465 -0.8951436785747282
-1.287749195205559 2.065501992991512 -0.8907406684894166
0.04148364272314194 -1.437833249829886 1.814031674365419
0.2533710031036207 -1.535259934076521 1.829762655792931
0.3944750810756436 -1.400628260748144 1.889021548233597
-0.6827796375329764 1.084348515013664 -1.873000865232161
-0.5112290879252599 1.438709635662665 -1.928169138115372
-0.3675100728444207 1.309265279802021 -1.845320244411333
-0.503408109778126 1.175696442364656 -1.747523762496236
-0.8990209989824764 0.7639676488737485 -1.765495118818697
-0.6222875625920596 1.012551293268538 -1.712816220906532
-0.7686525633566859 0.8952620924589025 -1.666559675358969
-1.56722498251721 1.884426759099974 -0.3847290989695241
-1.786143072330029 1.757442103321784 -0.2241798282432702
-1.644555106442494 1.853298947652812 -0.1933523695565566
0.8897194345983828 -0.9072068354421161 1.896116231777141
1.165014223758784 -0.7198556005300847 1.93319668599424
1.06461374571381 -0.8925212044088937 1.972801325899257
0.3356913464376398 1.41825352243717 -1.865830503398731
0.5174776494823168 1.149785175476243 -1.737343200766595
0.3416233751770166 1.261633084433347 -1.740397559382191
-1.325286555007014 1.741153261056182 -0.276096628012849
-1.465918282272684 1.855568208675548 -0.201999948022337
1.421695873968336 0.3012767129098825 1.861170889194877
1.471003315099404 0.4584354992000957 1.908260656504334
1.237668108013225 0.660859854989266 1.953605065958504
1.451018870290431 0.625982473435468 1.979855570003786
-2.242490269872892 1.682133346971695 -1.56001480263731
-2.231221227476979 1.347208989605187 -1.510859798538235
-2.242196318566625 1.528329616576984 -1.425872314413849
0.3305178990109089 1.657656346024556 1.833163651247006
0.1632036116525822 1.75121560990875 1.799306920237536
0.4960023978319246 1.78441118303917 1.898303856153773
-0.4989707696951329 1.796210766471477 -1.839435624850162
-0.3148389760506378 1.500481251354904 -1.865780975704841
-0.3131799948732614 1.711609689558868 -1.850707704577966
1.726798435525469 2.201287161841445 1.818621203288993
1.506680485182269 2.189013765358176 1.879856817572132
1.56442768134997 2.245459757674245 1.495981419845862
-0.7353935029490636 2.044444592100587 -1.72322017699347
-0.8413887177011793 2.087158945922838 -1.551221458047776
-1.040553842814141 2.156486115967866 -1.547551807975444
-0.9672083229155214 -1.984019148939852 2.000496664267809
-0.61939312977303 -1.719279632100557 1.967452661983293
-0.8956383324169485 -1.83778390121604 2.061485765225421
-0.787557356011936 -1.69741866272266 2.03380644201888
-2.149135120052866 -1.011820694650884 -1.67917379222941
-2.242911050000211 -1.40793282989775 -1.589823815390834
-2.18734475799003 -1.130295251676343 -1.528286892441677
-2.213902632673999 -1.304150513503143 -1.445469320242618
-1.954063448990393 -0.621868063921688 -1.781591840309267
-2.007429673649682 -0.6123567817863664 -1.613242542883105
-2.11548995381275 -0.9105903527870447 -1.547931050349844
-2.042597431723752 -0.7586908463180482 -1.493429511465179
0.4037853595326873 1.32322286314899 1.843287995509411
0.6589537693608029 1.090276101877393 1.865138207453135
0.6013760406953972 1.270128212279377 1.915724684105147
0.1547028697204788 1.56624511873993 1.849722310233028
0.4875016558998212 1.59944069187035 1.948719246149265
0.5196078382415152 1.419591203986124 1.956015729838235
1.250092014309952 -0.5176582877465995 -1.864648689985588
0.9331761724465336 -0.72187874062056 -1.759320832887463
1.150495237094907 -0.4356595015722588 -1.71992901205524
1.049066192232094 -0.5946963812681599 -1.639949620912173
1.608994029966737 -0.4155356809467418 -1.88824630291246
1.485787297512596 -0.2446095584857004 -1.870669407678883
1.319533387602933 -0.345378996173 -1.768171348644096
-0.2012120718716086 1.542289339205383 1.856960751753569
2.14111948540711 1.972937955764878 -1.532579024441562
2.237761211832124 1.65860708238053 -1.454670737074
2.205387636366722 1.831251688916275 -1.384801026349323
1.571909669631657 1.263150681985825 -0.3310306192128877
1.809303474480699 1.432822278256802 -0.2361633876639959
1.687256399285201 1.277596627773109 -0.1658822221460078
-2.159856518822595 1.463014631508229 1.95389649026441
-2.119019997433895 1.768433449536124 1.978988793535951
-2.05159275019326 1.581917005090291 2.050671879040497
-1.108577527632642 -2.185379714988574 -1.558274764062153
-1.45786854824861 -2.241606274495303 -1.471921296988049
-1.261950442960453 -2.206623879370087 -1.408489788462105
-1.524832438299711 -1.232072817368886 -0.2837657434666415
-1.70170763908108 -1.248752876711264 -0.2648909399354255
1.982408192663913 1.969439074529465 1.99353665171696
1.667040637962941 2.132477176065374 1.981908951544977
1.81258717399071 2.03749277270797 2.052941551681956
-2.226575005337292 -1.750191473255116 -1.452330672753654
-2.235823758444064 -1.48055774986071 -1.375763501312209
-2.215120612095125 -1.666420066010267 -1.294070918145389
-1.378966029743476 -1.775927054059527 -0.2574921169422778
-1.646683220952204 -1.806695347174431 -0.2238775406874297
-1.485080522982557 -1.850927448040566 -0.1348687282762075
-2.066435030973625 -1.880154695844802 1.987287339740359
-2.090497597409017 -1.540987877629767 2.047319747644522
-2.010152424439213 -1.719185953753564 2.092233311868267
-0.9788936742598577 -0.6304101806282674 -1.706223836882042
-0.736001892269865 -0.8837896664211571 -1.657380648755807
-0.8815089085262368 -0.7655242572032231 -1.586361149847527
1.277135208901117 -1.53654532707109 -0.263397030574853
1.344188682132052 -1.765611106221877 -0.231084668176162
1.245489022918511 -1.627579881945661 -0.1107336129039644
0.08035882364160275 -1.608189851023927 1.848642611602048
-0.3161544401056408 -1.524159986799791 1.899869222345441
0.652026090960981 -0.9445329705527064 -1.609759118966856
0.9011885008767013 -0.7086363287428616 -1.582864100402904
0.7932156012039231 -0.8627314916327857 -1.51060581471634
-1.201960485124933 -1.561570313014187 -0.3085570929128328
-1.271502149869853 -1.392638805873124 -0.296320917177725
1.831660410489162 -0.7015378585908789 1.953303929715748
1.922618927910759 -0.8715918470287403 1.993893753752268
-1.623015569772532 -0.3785360419877695 -1.861459663309289
-1.796228152419172 -0.2771207056903164 -1.815838189491388
-1.88421280676449 -0.4421090499464684 -1.696016433054796
-1.214085437309879 0.482059422895517 1.748930570220477
-1.421097399541348 0.2659320673101238 1.861148867056774
-1.226885866526732 0.5807816301543076 1.901105126219215
-1.555690302283179 0.563649064737645 1.963901798068635
-1.382737094222488 0.6720629492826251 2.006818048137818
-0.9134811289093901 0.666501405388922 1.60417757828083
-1.069051994194979 0.6051961089475559 1.739640038554239
-1.016800892721912 0.628380882666977 1.426034421671802
-1.161837814061169 0.4847619703822749 1.413596264554107
-1.541511556430084 -0.1189722585405461 1.852065348584806
1.883432808732215 -0.4552986387823273 -1.69290106215728
1.675651162661355 -0.2327674570851015 -1.846024684016899
1.822047207923489 -0.2817002027070702 -1.736423382711029
-1.530270250908062 1.284026268821689 -0.2936490509859535
-1.292873254572814 1.438547293846775 -0.2540042487408368
-1.404434380856736 1.294237620355728 -0.1485015527816331
-0.7019734748654096 0.9659776067463622 1.739738769972025
-0.9262815581262436 0.7652236126477127 1.756352134279568
-0.8714393250981634 0.9194630919322055 1.814823121183102
-0.7298094423765471 0.9330462308993245 1.440355185665137
-0.8740304566531768 0.7884083863671336 1.442746517397131
-0.5115244914977668 1.265100300095144 1.878321895110737
-0.8027021071229179 1.058911789589489 1.933672217148969
-0.7178892069853973 1.24358634265274 1.96329829233285
-0.5221137268481459 1.582593765532292 1.954274021002792
-0.5961774415929999 1.403260338344238 1.983032321505694
-1.254552539530756 -0.386610307813231 -1.75357663287255
-1.588397140086504 -0.204036415596296 -1.81293212231972
-1.401210868757571 -0.1178563655485154 -1.81342962277281
-1.343174169897425 -0.2291086264812419 -1.68994047524046
1.287104699372594 1.449823319123162 -0.3098229037559801
1.48167546298713 1.27584504754427 -0.1630353114356868
1.331232659799453 1.393621283052586 -0.1541794763057872
1.164542419148938 -2.095632803746413 1.969491864071371
1.49936991077817 -2.073168638335827 2.067926232567618
1.296676001450707 -1.9970100807711 2.083023546672316
0.8027524958003893 -1.936090226515774 1.958729750354676
1.118404429698172 -1.943953685037623 2.07557586214347
0.9546648174944627 -1.867411871654864 2.04466265049849
-1.148566914295127 0.5153425135176644 -1.775829287754815
-1.49342505305031 0.346907271777399 -1.860899849000154
-1.343994050523745 0.2468460580010481 -1.813633655461348
-1.254028414882072 0.3664802956615503 -1.673488676584404
-1.101844408204988 0.4578697139738367 -1.590356302824524
-0.8660144719922523 0.7380263754151046 -1.593761470535208
-1.023489242588778 0.6195195070983728 -1.504391108747382
0.4557401641132287 -1.767610290144587 1.909894457098193
0.4333502619941044 -1.570984861942185 1.923632485470226
0.5968442420852516 -1.632978616816211 1.969153349538859
0.7711464658984495 -1.760925690157704 2.04134822131064
2.046755375275797 0.7053423181200953 -1.650635627320425
2.155324507472054 1.008169566114364 -1.553320364247737
2.068971004983134 0.8257762812577552 -1.449834932141819
1.896781531160636 0.3746317975813325 -1.702030306863489
1.931642914227276 0.482824882191847 -1.504293068395398
2.003785072502485 0.6663979684705652 -1.459765731475138
-1.027010190383752 0.8581577954908396 1.950285581456512
-1.237703651107587 0.7951996353346642 1.997527516471581
-2.024603076489774 0.6871076439426298 -1.676249333978985
-1.814216630530299 0.3996141283558395 -1.816684995478365
-1.900815871806397 0.3735113684117098 -1.653849899346673
-1.951915376881414 0.5482341636562296 -1.570168702300216
-2.153216554608279 1.018130171573835 -1.487039110599287
-2.034184377439 0.7059749992366002 -1.475886081808084
-2.075058655259962 0.8698343617873741 -1.378078312746075
-1.781601641155081 1.459647580252906 -0.1551921595317117
-1.610943074285799 1.296779803473521 -0.09295868487630624
-1.770262356631118 1.336368536507974 -0.01802542812938625
1.013031862574925 0.917454101927083 1.973842397365612
0.7747762480696307 1.186644442714527 1.97786594178196
0.955566365765698 1.108247316265841 2.026930353863076
-2.095321192320354 2.012369806662857 -1.443222694385853
-2.221805165654756 1.707456847962975 -1.356279027686409
-2.168575318620912 1.888704834757125 -1.293564526145723
1.502886640618325 -1.294602472799519 -0.2368831350745523
1.744781866320173 -1.359749632253608 -0.1948270989726861
1.638139580995633 -1.252931171556222 -0.0930087154043277
-0.8123734413860869 1.881677809825318 1.993829362007138
-1.150118887141904 2.013374507118902 2.052723088216606
-1.008027460556759 1.852412830537826 2.073180155037772
-0.3535927734369174 1.877894848814798 -1.741513460019247
-0.6453787630109046 2.005210279549658 -1.558242661345749
-0.4600249733115391 1.922579485108852 -1.561680719580912
1.363136170666582 1.736493374597664 -0.2122738937347772
1.252008625838461 1.582045500418762 -0.1358186715592007
-0.586970899731208 -1.356270385791152 1.948779095940105
-0.8437355941265217 -1.154323348044476 2.004512929106285
-0.7551351259701139 -1.334409416413255 2.015132875975692
1.51692444701767 -2.248358464451896 -1.537323040619863
1.166978389091475 -2.194041784348588 -1.479260916989036
1.377823760865531 -2.22743301721167 -1.400125482950916
1.887212793738867 -2.176484818819379 -1.445988093806398
1.576162696537746 -2.234382708435095 -1.361163972058654
1.763092986687483 -2.207012019075535 -1.298077264797239
-1.334853973094005 -1.493371956825072 -0.1768425164591335
-1.371426801588165 -1.737303857947174 -0.06645530352817097
-1.265148966559754 -1.597538307770187 -0.01297620818274095
0.6789795580419865 -1.251231771355841 1.958194506823082
0.9583990872332726 -1.051424723064651 2.010182729857389
0.8531131145977737 -1.208296768920258 2.020660245179744
-1.801061846221384 -2.209919517546574 -1.443364720714278
-2.082888369905713 -2.044491768233366 -1.457376983880021
-1.96553007174383 -2.140719068544057 -1.336044580553223
1.679754009476616 1.717740753502466 -0.1357674669324719
1.719069267836172 1.445516643815248 -0.06816807988679498
1.789932573170848 1.70371350496368 0.01984229489294735
1.843551944448359 1.529165412816634 0.04646525933361552
1.611072721456104 0.2661083736730698 1.88262674338348
1.560699542690985 -0.1046100115860106 1.865329784109177
1.640395717778198 0.5908141341986552 2.001311424192389
-0.7598327250434742 -2.064273374204054 -1.489683432468133
-1.079455661631523 -2.155689424249387 -1.379440781263557
-0.9044804598847176 -2.081801594287002 -1.340811164516472
2.021623046680119 1.166592889052233 2.049691670979693
1.800295661175167 0.8487838010852313 2.039051162958229
1.870656041735474 1.056852638249517 2.099093677984566
0.3154822922150909 -1.736335031001908 -1.819816441845361
0.5634084325118576 -1.96935865057419 -1.680071244469962
0.2265975429495806 -1.852692558138169 -1.7051584259026
0.3931309206868913 -1.882795860706621 -1.590228527060082
0.2881222979654306 -1.424406473262714 -1.824518762409667
0.4379214676479574 -1.155639091242548 -1.652040269490441
0.1949804133306861 -1.285181457759665 -1.732586253240458
0.3085156581242334 -1.280262948555254 -1.578485688654219
0.02391897527065044 -1.574841083150891 -1.855385380334664
0.1302706122002572 -1.707139544186745 -1.747581895451207
0.1260134768310228 -1.451557001547434 -1.770307402224759
-1.581270838620293 -1.341120509026387 -0.1457315371928095
-1.334690631304674 -1.428606800629123 -0.0007400324476331127
-1.485765338521926 -1.285216995541763 0.01802662900000578
-0.887355057218151 1.197071827838584 2.038382643543926
-1.182861418079507 0.9494391146191571 2.055998503375114
-1.085219551751001 1.143870647764257 2.093901409748854
-1.723854453930777 0.08362018452528856 -1.815074342493716
-1.536668182601844 0.1698002345730691 -1.815571842946806
-1.772698426404508 0.2437586884052904 -1.700002940353921
-1.965964968571231 1.153521647598746 2.074759388159275
-1.996324955635885 1.405233384795381 2.117990146021798
0.9729284522059904 0.6103511315530278 -1.650480219122667
0.6939649556511407 0.8904001517058684 -1.610668434307093
0.9359400021721537 0.7062216195336266 -1.470368818170617
0.8125410211638686 0.8533019652831756 -1.442217113168188
1.196779009507693 0.288988669184148 -1.666942871727693
1.066450140532417 0.5612981798295613 -1.493991768061528
1.17846898274741 0.4028246448281476 -1.519938057024092
1.407264131093441 1.680291338527088 -0.05663046628458424
1.628570239615793 1.820711964167204 0.02252407336525848
1.447593210597388 1.824762367260115 0.05561764686129513
-1.777461110947196 -2.027697092774473 2.079980278103747
-1.906006595539975 -1.878347834171701 2.11513739768571
2.218694800825022 1.322553752439167 -1.393619447857465
2.112354204698742 0.9692252164648339 -1.36245046840245
2.153590900812334 1.147738754890354 -1.275922456300933
1.31031100611595 -1.456828429984113 -0.04381993203551281
1.477210132475863 -1.324122573866245 -0.05260893003617684
1.86653080732128 2.183442495659546 -1.424318754169689
2.109666592571965 1.980464483476984 -1.329341571849446
1.988391289122845 2.111841558456468 -1.279839026103445
-1.862727727489445 2.031640012037232 2.024293833427639
-1.516222696296813 2.084959003335233 2.052733936603712
-1.693968700456158 2.016156863052406 2.097924602979124
0.8259513973934354 2.091481328681069 -1.524374705873334
1.144315084238686 2.180171474629415 -1.423217218548458
0.9771968024588709 2.119270714753157 -1.388945351637371
1.618766431346673 -1.791682288101448 -0.03583135453205857
1.377364479346885 -1.685894209134901 -0.01150756963682185
1.467021977617203 -1.836505410005175 0.05411120407933066
-1.737398855971871 -0.4859207519880171 1.923769566207159
-1.838323754953251 -0.8409849824771033 2.044255644059699
-1.700041119044724 -0.6942993369288373 2.008214721450097
0.8651894544483976 -2.101752025831877 -1.482493399554558
0.5447301302343344 -1.970266466327479 -1.49290679923329
0.7049724537540117 -2.005632828227912 -1.38981269622102
-1.779446365084101 -1.540820309282354 -0.1243531366730692
-1.639143992796893 -1.768072151062078 -0.03284072727332288
-1.823577884591209 -1.608725186009918 0.03925870358918828
-1.778925542912249 -1.777678498893684 0.07708875221618222
-1.662640539303294 -1.301897054884142 0.0369014325312219
-1.80227755890877 -1.425705445096329 0.03675510660066414
-1.238457157744479 -0.6447081844225033 1.947258396758558
-1.461617150798248 -0.3986145294171021 1.894712532300556
-1.424259413871102 -0.6069931143579224 1.979157687543493
-1.090368684787299 -0.9690068744694051 2.037807415353113
-1.352229893438188 -0.7666359475452926 2.029219640642456
-1.288311011210058 -0.9401354787702517 2.083849215000369
-0.2536962468886487 -1.389489277165726 -1.787191923269013
-0.472106020247247 -1.097303120199323 -1.638383145308836
-0.1516017453282763 -1.266205195562269 -1.702113945159107
-0.24051471172005 -1.279504119369124 -1.560831171725644
-0.4018189423310212 -1.212760232961851 -1.513739726230968
-0.2528331828098034 -1.709598767538151 -1.80015983496209
-0.4639658292391892 -1.927199437182618 -1.60096496436074
-0.1464815458801967 -1.841897228574005 -1.692356350078633
-0.3019823596998591 -1.844097295124101 -1.566533457792334
-0.06496577399485981 -1.691198610287152 -1.740727364391904
-0.06922290936409409 -1.435616067647841 -1.763452871165456
1.793608183817586 -1.62776366840475 -0.02608768082888334
1.71910535817771 -1.389269733320333 -0.01055289393431064
1.856740661351923 -1.495786548581292 0.1036587256836796
-1.575389886491958 -0.5205422925398914 1.976673776184454
-1.182542151988318 -0.3102671824007237 -1.584963511975389
-0.9965357558880273 -0.6028829403076685 -1.528736982572963
-1.143621670261892 -0.4835037875599917 -1.466122059373463
1.682219024866669 0.07072912760284976 -1.785970987928278
1.828615070128803 0.02179638198088099 -1.676369686622408
1.846855002592763 0.3114926744402741 -1.545756948605143
1.783514274290859 0.1360704560509942 -1.55691583787558
2.101230699912845 -1.814414348267742 1.989543878021038
1.841767474686172 -1.98888764531719 2.082962055351123
1.960696654852251 -1.824350013981217 2.108624875275117
0.3216921940723929 1.735264438796851 -1.812659053221942
0.5542835220211195 1.964486796486955 -1.623400145135051
0.3102400977740444 1.876286575849274 -1.694527643774873
0.4005661408987032 1.858829547663784 -1.536046281671285
0.005409515198700907 1.466749660785379 -1.817193143323752
0.007068496376077343 1.677878098989344 -1.802119872196877
0.1878710201065774 1.405841988072674 -1.726021260630163
0.170486895068852 1.703484563128921 -1.733322795199634
-1.684836372085502 1.728583552897357 -0.04145067729608314
-1.815085053449074 1.509447664821397 0.06488859541952874
-1.826066264696183 1.712724233193177 0.1242367202600098
2.114871713050252 -1.483478262815189 2.028198215681911
2.034318236047617 -1.65863714880634 2.091157559128926
0.4934042661422373 1.915249892633536 -1.385582525009155
0.7983670523300892 2.048696527528794 -1.337507034236957
0.6436116249622887 1.938139200498094 -1.283958266536068
-1.402616678932298 1.710025449609019 -0.08471989859988149
-1.373546077950551 1.451300828498607 -0.05331388263118961
-1.25997426723899 1.599018398104642 0.00641647978163816
1.226216638611551 -2.180066028331788 -1.303101848427826
0.8551542661431086 -2.050555597864742 -1.289556579132408
1.618504075968827 -0.490071900673299 1.961546531776492
1.446864079747791 -0.5047887474143442 1.9513905681569
0.3893478913070969 -1.177871110322857 -1.443728344719294
0.659943211073763 -0.9714457740902303 -1.418129621305001
0.5561753718035116 -1.146532587951887 -1.331427392217067
-0.7536439738980347 -0.8562624261005584 -1.479893794446728
-0.5378498797254372 -1.08998494808102 -1.426269874277139
-0.6880919205161478 -1.007947975058108 -1.358729198818942
1.609724270403451 -1.804262264695507 0.1501384744562916
1.824601201667257 -1.627462022968322 0.1899423223574653
1.778020052473198 -1.814956338719455 0.2356467838854986
2.041462091425815 -0.6946880520651043 -1.501305309757935
2.172926678374139 -1.090340866881616 -1.466868902272338
2.022206626252733 -0.773354659459615 -1.331260167695315
2.113550410106499 -0.9816538264328476 -1.320494948725201
1.906622121540208 -0.3333052619432547 -1.565722865617833
1.847021341589663 -0.4070800629128813 -1.38033909446957
1.94875225717585 -0.5855703054130226 -1.352155403001463
0.3696573231512543 1.137373641111747 -1.597533957998027
0.6640876629692825 0.9884275457319509 -1.426028278243525
0.5258018851158769 1.115013436199356 -1.429226721204839
-1.40060599450466 1.713433345724007 0.08051315977215005
-1.684478298808648 1.808581077524205 0.1550641789467233
-1.485923751633094 1.855302615016772 0.1744140731256435
-1.394521874788697 -2.041556724893443 2.091341974867535
-1.124840739258815 -1.920800592777067 2.093903920042989
-1.311809061490365 -1.89806834238697 2.139918492279129
-0.3070179979035039 1.237468058056895 -1.685135600085704
-0.1694609797924223 1.582165333698225 -1.767858810873926
0.01134154393807774 1.310129222781555 -1.691760199307212
-0.1690427439536532 1.348028456033397 -1.592630329586207
-0.5892810356018354 0.9866100198098939 -1.541082572623043
-0.3049407808873584 1.214459618596031 -1.49483384767111
-0.5006863563597026 1.151633387850219 -1.402461519983045
-0.004383599922271164 1.818900236041767 -1.683988462749808
-0.2742341984896676 1.837978408196243 -1.572952799308716
-0.1135420435782164 1.752253426404514 -1.541437251200204
1.446579389452997 1.40806722883987 0.01096892076109264
1.721504869252861 1.37393976233294 0.1167464248516035
1.463481169650085 1.294718512670753 0.1599002719309446
1.632806059178292 1.224927485084381 0.193084771682568
-1.783401253900983 0.8451827346785967 2.072855978662328
-1.566508086864033 0.7780670699180016 2.060324188321
2.152039443429421 -1.903006352896036 -1.391404081946365
1.935042397736465 -2.128188682219593 -1.245703828876036
2.084877432220653 -1.997185173900752 -1.224194775869307
-1.644426486579792 1.346579888042013 0.1271220700749341
-1.371535393522912 1.454708724613595 0.1119191757408419
-1.576736452242222 1.20891541437519 0.2525043850503679
-1.390308511393335 1.289841622423255 0.2228077319541424
-0.4315992342439079 -1.910999346481715 -1.415709601504254
-0.7382304386244812 -2.011629708623182 -1.301268840120999
-0.5852168209029935 -1.89812132538043 -1.27244355735136
-1.371263459798834 -1.672538701751225 0.1096471804833294
-1.617322844942602 -1.821910599759818 0.1660975646274044
-1.432747825034364 -1.853302361302525 0.2332556838421017
2.070361920500407 1.594053430439159 2.080293659953425
1.907836778348482 1.862181274688793 2.125804866137078
1.917998443508525 1.682183712603854 2.158897847703079
2.237926789158287 -1.503280275740086 -1.421260618050212
2.17156062797794 -1.189522287202767 -1.306953776545752
2.207636579803527 -1.394566713962964 -1.272259246110655
1.445563946493257 -1.415157128740817 0.1000544876347118
1.368322318403662 -1.69847418572896 0.1744622593515283
1.342830525120182 -1.379253558045201 0.235798858637202
1.22776374677434 -1.661630165327266 0.2790429312917799
1.205029308732119 -1.485680990659596 0.2843496265668894
-0.7284784423357764 1.561079808089889 2.039250418224904
-0.8500687467615943 1.711148255990452 2.089842910752636
1.386190520297551 -0.1626107723113597 -1.725949729748534
1.421281929328173 0.02535415594763668 -1.744115181612565
1.698840475469348 -0.1107740802460288 -1.718846487477452
1.25502801941851 -0.07541528173966294 -1.641617122577778
1.118507565525075 -0.4224170896945604 -1.54347227957068
1.320882661411434 -0.1531573294589237 -1.4838366026537
1.272033488521422 -0.3269153549741166 -1.436450665924365
1.336465665769267 1.670314493081213 0.1320728690368716
1.313038366462409 1.412494748179068 0.1687561070608442
1.212784614553811 1.553819354948801 0.2131899177502707
1.239970274675305 2.028219764191106 2.061608858496307
1.59246922364751 2.025219376224701 2.114177165965095
1.410429873326003 1.955594467763545 2.135643725817284
1.271809401688849 0.2263856221633331 -1.512777759738207
1.355974070442056 0.03480759880007265 -1.502002054517731
1.750098376027382 -1.388968087883906 0.205477109252038
1.509729651480095 -1.246547701927332 0.227009860636538
1.689855144734774 -1.224496290840483 0.2723889553194573
-2.210536123258843 1.372532490596467 -1.307124023587335
-2.12140313282088 1.043116053838209 -1.283150709858508
0.0134187609542232 1.287120783320692 -1.501458446892618
0.3499476108105767 1.226861345156459 -1.432281079820436
0.1990906960943111 1.35122071886272 -1.438702543110542
-1.81472698017222 1.589445189448246 0.2614034516623352
-1.736055734587541 1.248504147409643 0.3274376417972879
-1.886028541099376 1.419305738470754 0.3676591732776498
1.957091263358104 -1.160168605102478 2.096734994485335
1.974337667989658 -1.493413928528665 2.14727921293599
1.869634624409962 -1.322646123430838 2.161092439368574
2.214626472716234 -1.599637662051514 -1.240192134067978
2.177754670862225 -1.80253004483335 -1.221984199930478
-1.416060331987674 -1.389383346486878 0.1818929372763983
-1.326469990005952 -1.713536811125538 0.2867347791875318
-1.274012373758121 -1.390015017272449 0.3003620299000079
-1.175297500366104 -1.575639645963939 0.3171259993602438
0.7487565637793251 -1.564300261955301 2.055086249682673
0.7485878965219144 -1.393418186178226 2.045357116267553
-1.849594377078462 -0.2676094235549948 -1.647488892065227
-1.574423451404212 -0.01644102925106229 -1.76780814895491
-1.810453695206875 0.05751742458115891 -1.652239246362024
-1.766568201784201 -0.1058195918769541 -1.574095815163748
-1.972746789497849 -0.5789318323428285 -1.407854104210708
-1.854552856129519 -0.2708079361331061 -1.454274058727156
-1.855825088689007 -0.4466276143407957 -1.347176930325928
1.407060510692019 0.7932384899878255 2.046655833646558
1.136244251605586 1.018909085880382 2.07349328609874
1.309272883411152 0.9450371175999501 2.094339088711072
1.800135724893539 -0.04543275179788437 -1.489791337424754
1.785635740780938 -0.2334816268376241 -1.423861415023319
-1.706772058810402 -1.369801931611706 0.2005132727934794
-1.425087080975373 -1.246625212185089 0.3191286913476468
-1.717536166617094 -1.250781595053339 0.3440379380942304
-1.570431082809843 -1.133762893517214 0.3754190765723114
-0.6689445697113114 -1.515695837444392 2.033180594551933
-1.297271544433606 0.1893732584572205 -1.628160670531057
-1.329200481215133 -0.04151324013600817 -1.64481650187565
-1.23923484557346 0.07812099752449402 -1.504671522998706
-1.128950743175723 0.4706572892422588 -1.402050497576971
-1.334173050004613 0.2088093254681044 -1.397691049464418
-1.293159060583774 0.4055897947951321 -1.305104009958894
-1.343281339939786 1.744295563512395 0.2655504515071631
-1.276736700681775 1.437559192029289 0.2825380943669702
-1.171905117043843 1.621322853336502 0.3237731277717771
1.505734350659684 -0.6766910375327653 2.017814507789062
1.768332864302318 -0.8320281792295816 2.068560295445175
1.580028770565505 -0.8417432174654058 2.095257369842003
-0.8931208069629877 0.7508139506835269 -1.405455665287654
-0.6470513571243289 1.034344187040584 -1.356204974435482
-0.794137068207591 0.9062329774503145 -1.338757526590568
1.792368174587536 1.632136623481372 0.2047567996313459
1.557771774291619 1.81073511872133 0.2112274086867143
1.840634858038383 1.764774426755461 0.3338333829787302
1.678219460835514 1.891135324889544 0.3493930964612373
1.757288735790479 1.308576254085767 0.3077181109029785
1.894254229315894 1.590226334608415 0.3604563474193984
1.890153853120636 1.371167934641726 0.405116075142619
1.912099039034484 1.284239033565315 2.143589360739641
1.910702566987247 1.482109566532726 2.172791541484422
-1.771457075149732 2.207592560079197 -1.389699371963541
-2.041797393980243 2.039814063062297 -1.246365704621706
1.626275598743729 -1.859779460623182 0.3255893424968878
1.317421245044658 -1.812241366197541 0.3446617050079325
1.454948334007953 -1.921356302904586 0.4158849106586798
0.685092337062531 1.546346041000738 2.021155934745002
0.8430020082258532 1.831215638842536 2.046966301110265
0.8378492039748666 1.653738192105308 2.090791439652338
-1.362037555304361 2.219142529326165 -1.381139756660319
-1.477386633095077 2.204291938436808 -1.215670198666068
-1.801756736736918 -1.662563634707659 0.2381969954899156
-1.85717318622257 -1.374589985265526 0.3438916121636727
-1.913963807776812 -1.563057710676112 0.3690224871945015
-1.57252937514972 -1.862908709134131 0.3431851633316068
-1.869311466097852 -1.732011023559877 0.4068525358214954
-1.782486599884881 -1.896787513134406 0.4420490663263912
-1.955488434247185 1.710652202823276 2.14308244929334
-1.854156654454533 1.881685498284284 2.145030133340279
-1.428746682247491 -2.211915983756117 -1.293087314189453
-1.789133013058094 -2.177697929878816 -1.249198682554342
-1.187814192517411 1.842844953284036 2.148736636962104
-1.507651623261901 1.935004489582285 2.173470236516351
-1.378176060834811 1.805831834093846 2.192579828411816
-2.176863441662139 -1.832271473010066 -1.226283594438618
-2.070959536742423 -2.012270180565608 -1.263210945720085
1.253113694057757 1.698290383681829 0.32543803089615
1.497242431817108 1.895185727982456 0.382486669957274
1.305349902717937 1.867009441012258 0.4207597150210143
1.233693876393674 -0.8640734881526195 2.047263184074487
1.408388774344468 -0.8564600642064509 2.085101406222411
0.2079192406720575 -1.853600373891458 -1.517993980665929
-0.1141149508849155 -1.825697137873102 -1.507100987222147
0.04544640267135668 -1.733606031692116 -1.464638842621588
0.2119797804086673 -1.763709334260569 -1.349708943779071
0.5346949419290454 -1.919070038360344 -1.299969978811141
0.3786881702866343 -1.746022601402762 -1.274908520526658
1.841152530007535 -1.682979218895997 0.3653931903980615
1.827490447908986 -1.331013106101441 0.3866005749374476
1.953232981579468 -1.596960586232281 0.4844273372046859
1.946046177399525 -1.404907035728662 0.5089181830210341
0.9091056209894832 -0.7355491322803857 -1.39123460274105
1.170604443658609 -0.4859522346700177 -1.356471274781299
1.07990366535017 -0.6393997138924832 -1.29919808675545
-1.627153644243774 1.839443295312592 0.3401014706817364
-1.897009752346485 1.622582306842533 0.4270072981181309
-1.736959325042966 1.90801236635698 0.481005291442576
-1.913356960498503 1.8079243459521 0.5131085408012409
-1.232243300628561 -0.3260021062280026 -1.402485901741374
-1.36610198678614 -0.0220771731251243 -1.414346880809011
-1.373521139342967 -0.2139716495694984 -1.376182022698146
-1.257222874172278 1.763192122629267 0.4176740411252705
-1.538404777867412 1.954733903849547 0.5003551856214962
-1.31766554602572 1.9184841697244 0.5193655075429049
-0.9257092641066251 -1.313748799697716 2.088914427718112
-1.212252058685792 -1.104791335629783 2.124336280495962
-1.119850799423345 -1.275984100585105 2.144874148048606
-1.910397172755622 0.3923787237056803 -1.453486647175772
-1.815412174257931 0.0543189120030477 -1.459024413023953
-1.784824906573598 0.2736140362321675 -1.37585367490564
1.499265036187703 1.22935500442358 0.3508719579823195
1.229686394750899 1.440470638779684 0.3621212689201226
1.358698788866684 1.176028619190087 0.4486124531997023
1.199747698560156 1.272603917948268 0.4932359136072701
1.801455043046067 1.222155657393168 0.4814544219735835
1.528023678394891 1.106237591603716 0.4817969529513257
1.690172793868315 1.031097199843762 0.5521882414636922
0.8979886371002923 1.288099426667825 2.077516830515088
0.8699553863165608 1.473888704221082 2.098087923341308
-2.002370955651601 0.7309608815009737 -1.271997681067306
-1.835924411648615 0.4483368314766872 -1.292172477859183
1.181668851502481 1.750514302879846 0.5018767637344134
1.099493946651558 1.413928524718 0.5376697242966967
1.019733930340943 1.608151415560593 0.545645803895679
1.203477460381568 1.863610452372547 2.154108018485475
1.027865057479883 1.75875830206288 2.123898289706571
2.206308318996979 1.666133610092636 -1.251433284481885
2.173577994449693 1.318674006008078 -1.20360600365003
-1.481937759401085 1.191765881790884 0.4231233036764961
-1.818338506761806 1.281641264803931 0.4930414882530836
-1.486443538705469 1.061591173709367 0.5677688738157151
-1.811421824619947 1.118927963251251 0.6064503796924355
-1.659113781903196 0.9711699067543346 0.6120392823172706
-1.190678234914266 1.456455751146161 0.4346616839850775
-1.300015597856582 1.142517381757432 0.5380722207194896
-1.152768209804991 1.29292439687077 0.536112585629282
-1.912505878163516 -1.191637554205057 2.131728509006362
-1.930069161975366 -1.539181015956666 2.175169805589873
-1.822502668594298 -1.372119328255883 2.190343618336863
1.485756096992681 2.221510837173452 -1.32106967611043
1.809523654831773 2.173133303790426 -1.227038210331449
-1.236781865601633 -1.756403305515239 0.4407345027190162
-1.597911579976643 -1.928179274677114 0.5092071855410885
-1.250897210173237 -1.899022794892234 0.5498213384213877
-1.436949441356907 -1.981000401781297 0.5837039199981873
-0.1100544111483057 -1.735806098242212 -1.338815950335289
-0.4232333513636634 -1.815019183321912 -1.238012050782955
-0.307236012714337 -1.684679553428112 -1.276987372218392
1.623244116077701 -1.932050376928534 0.5013932200878868
1.906651832385409 -1.784454901983414 0.5301317987327192
1.790538441509173 -1.952805707424345 0.5786268619761806
1.771834742775772 -1.164559685995803 2.173507564364935
1.670987287987101 -1.011797205903267 2.135847193878523
0.1464068369898257 -1.307413476839974 -1.524274328469311
-0.05604137419549537 -1.32563090985124 -1.537092119622088
1.269195013718958 -1.317071563846111 0.4113049995687156
1.5871217233617 -1.188592720144866 0.4081333263219475
1.489008980707032 -1.072088258555707 0.5081415545672981
1.31966045992658 -1.147985099775476 0.513456638226048
1.154128235373115 -1.599448171128177 0.4545490722232935
1.314389762378631 -1.884512282502892 0.5204655825989314
1.045056574148499 -1.723056851876315 0.5702019259886579
1.144303713145665 -1.871589090514636 0.6237962095198055
1.181859243538516 -1.254412532389872 0.5620074061557354
1.022322136106278 -1.547107677208645 0.5755086212637675
1.034290101235043 -1.362087295410848 0.6123827736495426
-1.676314785473338 -0.8756065230289776 2.097159854036993
-1.612395903245208 -1.049106054253937 2.151789428394906
-1.724594211812646 -1.20277394262807 2.191815885977096
0.05749387059805194 -1.320712400646829 -1.382991555035848
0.1547245120956697 -1.473104979848395 -1.333263784808901
0.4267695622797877 -1.271156445264593 -1.257872811380844
0.3214329019736367 -1.455418246990588 -1.258463361556488
1.885802946106918 -1.240435238685238 0.5758300290884535
1.669134473961711 -1.050036847468858 0.5535206492502175
1.824266646112682 -1.059062712836473 0.6378007184940537
1.690771653529532 0.9664299455983137 2.132948852718177
1.522623645688357 0.9101597360461521 2.120589592756354
-1.04623690452827 -0.6186178641349476 -1.346259372338948
-0.8335989367725194 -0.8896825658401741 -1.287709699910663
-0.9866692197261809 -0.7731527873016905 -1.248842420659738
-1.184324249353802 -1.43288151166215 0.4543617534314923
-1.428383124580289 -1.134394564302786 0.493888169195921
-1.15479948447435 -1.276245794275352 0.5522164524881787
-1.260555810096437 -1.114218679631783 0.6025813771641907
-1.099724720533388 -1.761125629730635 0.5802125585940997
-1.056084611082333 -1.461870422966841 0.5689804219484146
-0.9455405629345625 -1.607379128491096 0.6304198622045102
0.2493608418951623 1.827049671995855 -1.456710023648977
0.0498763551145583 1.777859890544092 -1.472640174202961
1.780105515563872 1.849225036016587 0.5050926442492899
1.938420536571483 1.503805737915816 0.5341926584900034
1.922557736637272 1.852190202575982 0.6277015320491345
2.013085755858591 1.636638140297572 0.6372120986861565
1.425797589261832 1.947409647180473 0.5589254027955373
1.760142339434403 1.978551100710065 0.6432612455316415
1.548380583424513 2.044296298715217 0.6991476542947778
0.1402023982392171 1.760402862358602 -1.314158812099373
0.2720326141812446 1.631406265733477 -1.287522715576425
0.4898942438398725 1.832481951674923 -1.196604403072303
-1.72083221022201 -1.138550947171035 0.5187974159425046
-1.924727915583504 -1.444037374117745 0.5125471524952525
-1.970503808512483 -1.316891422641521 0.6522223821579854
-1.884730362415128 -1.13657674458577 0.6352294139857901
-1.405899811930907 -1.001356360963908 0.6588717623888553
-1.737625278607877 -1.019558043049646 0.6666105524638711
-1.590708374147524 -0.8921240487636874 0.6915015432598621
-0.5660201880636548 1.965293838931103 -1.389682000635218
-0.9505391028759818 2.117251803416937 -1.382574292327724
-0.6908501779792069 1.940002360377745 -1.231683640700111
-0.866786480000366 2.040935425932533 -1.221507744418785
-0.2199742434528381 1.796938062698568 -1.361604510761869
-0.5054963882798413 1.857371565936939 -1.235121698935274
-0.3761043892393308 1.717372083679287 -1.273746791393871
-1.98465852142566 1.637784894974609 0.6193642624165555
-1.961394631131782 1.289729554312362 0.6466719111727974
-2.046144261687179 1.469443240504545 0.7195672115379006
-1.857701199941896 1.272424021180808 2.171534776935362
-1.610448045840292 0.9535966192235769 2.115772228731511
-1.707155736594107 1.139205838229265 2.178955789869994
-1.065951605113328 2.110262595977561 -1.217838094346452
-1.265053305779659 2.171728382572608 -1.213435084261141
-1.894693670924775 -1.79728158910286 0.5728745580309771
-2.027294430066726 -1.505359148052107 0.6773532571888142
-2.038704011114191 -1.700328179517782 0.7090475752678804
-0.9241324615064483 1.531814828802397 2.118601211255538
-1.00040665161348 1.328545200827508 2.123527484932735
-1.146289323129777 1.795511459548507 0.577588183807519
-1.047936626167059 1.476688058177982 0.5773476190340889
-0.969769621234664 1.677998756098369 0.6247559577563577
-1.786729407213898 1.695169053838451 2.216713218844824
-1.657253844786808 1.565996398350012 2.235822810740289
-1.737515723658761 1.390917575425901 2.222186547732518
1.823037911198472 1.093688880399722 0.6495862057033328
2.008985379663332 1.417579740330884 0.681871826409377
1.972372498691494 1.193405404667747 0.7341376884361008
-1.721178504412784 -1.866728350683235 2.184926250231655
-1.509920206521673 -1.872589226779534 2.198345648061286
-0.3062585711982403 -1.272185947250822 -1.348717900693948
-0.0477236990896513 -1.491322412859661 -1.346081575961678
-0.2449053006556826 -1.440195868045561 -1.28425299784478
-0.617804842599922 -1.123405087820636 -1.234085779741074
-0.4062095312666538 -1.373451981638288 -1.237161552350103
1.071970139001123 1.776870472891023 0.6409674880205432
1.356488054325342 2.01612001174502 0.7374206993585181
1.122859456788833 1.938765464379716 0.7376932194248635
1.453231921327403 -1.921489519627036 2.174010230639716
1.774855010820944 -1.833110445855789 2.184575736459012
1.595602282292617 -1.829271967180244 2.210791735943272
-2.080807069660916 -0.8771654033435068 -1.342542611677447
-2.180257466433883 -1.202920171639303 -1.314226578363052
-1.890992846763076 -0.5929616788724773 -1.227363898908001
1.619211176773398 -2.014382549705748 0.6689224301379726
1.28183080210896 -1.98070402722168 0.6950194151705529
1.431996815161286 -2.060284793153015 0.7670728469880665
1.028007425713201 -1.193611137887036 2.09734533930186
1.307988296299494 -1.02912566808526 2.124706046127428
1.202280255975168 -1.220966395670679 2.153330761468949
-0.1131238077394473 1.518116548739686 -1.366208769912485
0.01870640820258017 1.389119952114561 -1.339572673389537
-0.3627111024098519 1.262193785826721 -1.309956249483548
-0.2692539535259399 1.438550569720405 -1.278351050544487
-1.646906666092069 -2.014879205781572 0.6825678229929717
-1.951879144901221 -1.865104669092311 0.7442441057727762
-1.847883416676285 -2.019668120083396 0.7814226944450783
2.011545479777399 -1.506382718816079 0.6736567913556918
1.902618893081106 -1.866787074760629 0.697661008782805
2.086421706402744 -1.619329235150261 0.8160012481736987
2.039145214413645 -1.81112453906991 0.8060416887556632
1.942822375603221 -1.132956642463695 0.7601183265776402
2.079234902222801 -1.427275684646642 0.8404920939900469
2.05482194550117 -1.237244532243806 0.8799101463356969
-2.186112194768912 -1.56263774961566 -1.149716422997173
1.228506340767343 1.149486505128404 0.6241609085762765
1.549606546547296 0.9777708146102696 0.6499287366810751
1.334413226696648 0.9642839915216703 0.7106198438089746
0.9897952341501999 1.440284694729177 0.6767604485828265
1.175462136390119 1.060859290279851 0.7552433042165424
0.9167361261669941 1.291381402256408 0.791582069212158
1.01074937116924 1.13003346441881 0.8349244708652219
0.6973648820464537 -1.064731109031966 -1.232274087966551
0.9719307656773919 -0.7934948767824073 -1.226939801068886
-1.824608094122141 1.923214954489055 0.6733622557410006
-1.427471226824912 1.987053240768788 0.6602693283037446
-1.529073491818523 2.077565652926962 0.7993376849998031
-1.754886037260435 2.059684774501924 0.8054754487198137
-2.062491469839197 1.654785279614112 0.8056684542210106
-1.931283672715972 1.959596754097044 0.8375786980784785
-2.075700804714431 1.834840482539261 0.9075083454659776
-1.616283436026276 -0.0002034748182896257 -1.3441236945502
-1.623702588583102 -0.1920979512626637 -1.305958836439335
-1.772798913394746 -0.2848377826627549 -1.273783853424449
-1.740939413150924 0.1102770197740545 -1.297710243707364
1.401673210526591 -1.009429227099468 0.658843961154318
1.726153903458014 -0.9425582512473146 0.7378089467394042
1.473664550620725 -0.8480011333951114 0.7730034088087678
1.633011386294026 -0.7769585028070806 0.8195221850473122
1.084755547442665 -1.193000831340213 0.7145344123068751
1.304316029840273 -0.9238979746148798 0.7783184924675177
1.146487429839518 -1.017737614394963 0.8106882389172474
-1.030212293088107 1.833290803193503 0.7264474241739922
-1.308334259976831 2.041315918801815 0.8183480069212118
-1.103402423524567 1.987061565564643 0.8471457722629194
-1.295913012474836 1.080912487608082 2.141143344763923
-1.490262569557157 1.07209017346867 2.166423999528667
1.818375657357499 0.2442635406615088 -1.359178599407489
1.953858543934613 0.6032588453295069 -1.303492373216792
1.718913937311381 0.3649531496088461 -1.269891031656279
1.588431820745287 0.01295343667652037 -1.357279511635789
1.740534944942994 -0.1192075527675109 -1.304407566276491
1.655573209009476 0.1895309312195661 -1.281049920926716
1.861090249513742 1.002346947118341 0.8048715079262097
1.496562342170072 0.889143599761717 0.781011132321341
1.795988569029523 0.8135065475219079 0.883152135665116
1.622880953015235 0.7572811364047396 0.8468358678333027
1.141480532713574 0.4986951328087463 -1.339826656072042
0.9060627094902953 0.8042490135597091 -1.285728662107048
1.337664043681773 0.1486435744440723 -1.35499723981413
1.404805431945962 0.3252210689871181 -1.278767649105056
-1.157273989109375 1.162749688789253 0.680758155768501
-1.477191620358693 0.9219214067208823 0.726988199360264
-1.143886648578472 1.017269871081186 0.8221386619294415
-1.299950051156996 0.8730457397395794 0.8267218761871272
-0.9318595961253882 1.514467401822978 0.7262068594005622
-0.9966392605268806 1.167676886194524 0.8201790268392339
-0.8672445831711153 1.336098476894922 0.8086098553772512
-1.214803894967565 0.5672395879196683 -1.219138815881751
-0.951611838804117 0.7877261091335827 -1.249387164802741
0.9609245356272957 1.796402577060463 0.7814622595861291
0.8369761098563796 1.485604293099001 0.7995581488111403
0.7839247192950312 1.673671097535766 0.8226305691346565
2.067237398323414 0.9653454700337452 -1.172437024195015
-1.299892296288663 -1.985722725996693 0.7231819758732708
-0.9596559075061659 -1.749998617868092 0.7395066979068816
-1.149843102496384 -2.000220287881466 0.8523076494519846
-0.9837081206082564 -1.906344126485672 0.8236693422605836
-1.686921278056549 -2.07248924718758 0.855919428902177
-1.335895333680054 -2.08219789477053 0.8861902310287841
-1.521202335553722 -2.131535580755343 0.9374854214532014
1.555976409353773 1.860610064406141 2.206676325954263
1.748177424835323 1.75023741078236 2.218302747668075
0.07254812740064061 1.582216484281714 -1.303452866130409
-0.2154122343278795 1.631647101887558 -1.242231243285359
1.599291140592758 -2.081040123648827 0.8443064888763605
1.923031823537408 -1.979475344510841 0.8545367519991247
1.76747577349601 -2.103881080448613 0.919050522677575
1.086798399796232 -1.768789148679552 2.158194333099434
1.260902562800789 -1.62526233068612 2.204450621851404
1.392908372965155 -1.753113409615518 2.22588905004797
0.9228901203351123 -1.521365259519718 2.117551988039335
1.09716295059708 -1.548720517303362 2.173537410206424
1.116730739175339 2.137386673477141 -1.236349546912081
-1.132316171824968 -1.143207590936474 0.717200045681113
-0.9160157980551106 -1.450743411104298 0.7282745612611965
-0.9448438508978878 -1.244550979349783 0.7992580297379817
-1.422881059663673 -0.8719481640926847 0.8001947512281318
-1.050600176519975 -1.082523864706215 0.8496229544139936
-1.276608561936039 -0.8256917936458639 0.8920905689936494
-1.128272735023527 -0.921849394068559 0.9282900567969272
-1.638465691114452 -1.723239968176761 2.233502767643249
-1.742157495624495 -1.55031740437968 2.235257182560607
1.012497613878828 -1.819248596595103 0.7447557585602794
0.9252184400104269 -1.485695976158986 0.728035627414907
0.8498579289158565 -1.782589451269294 0.8477350807503385
0.7865577877956136 -1.612455667037376 0.8100194035736257
1.26191076592832 -2.047361601164759 0.8704034739089408
0.9491050679130233 -1.931121689907614 0.9013293642814861
1.088332196419467 -2.039582463913799 0.9868983518265773
-1.474113267336681 -0.9024204087056706 2.115748505785304
0.6443779506286047 1.077915249776663 -1.260775400065934
1.993285645506934 -1.055872006395042 0.9418808357412971
1.788143558444996 -0.7859843681746961 0.9038022542911485
1.93354559339476 -0.8675150788107384 0.9932815486684698
-1.802169906273171 0.979258196262766 0.7656697052369844
-2.03922757954532 1.306729938951865 0.8329761029772527
-1.951963589637739 0.9846971177180044 0.8965133628628652
-2.046729468712126 1.149007671546118 0.9566334564009005
-1.472620294354723 0.7826244727845466 0.8709922846886826
-1.799655546920987 0.8369390612210879 0.9021022654877002
-1.654333918124165 0.6733472557467874 0.9157254913879431
-2.168281367314645 1.734901104362415 -1.159422037922262
0.7985257529243788 -1.427435285239579 0.8468935559594009
0.9989182875360445 -1.12541237741594 0.8610636064110545
0.8469574802902051 -1.236038700401327 0.9065781600826752
1.251807386601925 1.135830331938708 2.147427045208536
1.050745504012628 1.395491577772396 2.147152335422424
1.240457029062161 1.315517472730869 2.185414987797791
-1.98729687689835 -1.197898518520132 0.800035518679352
-2.084479904043171 -1.573182228041558 0.8487228049306133
-2.089551687686744 -1.248332135575917 0.960273780721506
-2.140628110229157 -1.437234492747236 0.9976346318510931
-1.754606526340642 -0.8901498461784227 0.8079335413031477
-2.003778241589389 -1.068017457520166 0.9432808125493108
-1.905226273381478 -0.8828121343344749 0.9231100869153779
-1.334600657616541 -0.3872082547287664 -1.257340570096221
-1.133755134100045 -0.6537736345540135 -1.186227497460238
1.993122579729122 1.765964204991051 0.7753806999685082
1.690832804497913 2.047261465274612 0.8217565420946225
2.019565087775631 1.897660519552483 0.8986323821512674
1.88092405940422 2.060478239508878 0.9280549734977226
2.047037717978602 1.326237807049503 0.8371571286322539
2.11009310699695 1.682108457274073 0.9081429487882894
2.130077124129274 1.46990358256992 0.9462845638932771
-0.9451897723552298 -1.634200106559875 2.12721369779406
-1.240239070991792 -1.751833094663157 2.200907593236741
-1.139331307671949 -1.596435407447264 2.183173418124554
-1.031250331266937 -1.456070168953884 2.155494094918013
1.372979539544967 -0.216692474434381 -1.296835597864319
1.573931836632686 -0.1750954383632194 -1.291349589234355
1.488970100699168 0.1336430456238576 -1.26799194388458
-0.8295239630094305 -1.752597625246133 0.873876645870994
-0.8342998027501173 -1.390059684874039 0.8606974699940773
-0.6745171253414585 -1.705426336604693 0.9629833066638132
-0.6843798903879172 -1.512229508764847 0.9180716546195891
0.3552352580589337 1.328860513950328 -1.270395306317354
1.245442450951515 2.03565211591446 0.8779154709241039
1.66916230339433 2.12622343751403 0.9839413822608587
1.327530705019426 2.125980213880238 1.012939443000075
1.520744064221583 2.173051213747003 1.076518360616667
1.789081147407326 -1.497805009421989 2.224051782815589
1.714531462458696 -1.664734335844271 2.236454555867265
-1.9918937568657 -1.922714710498318 0.9175957116819815
-2.152037691276623 -1.63220352421291 1.029328949930159
-2.133284268985006 -1.828966874466464 1.061902104149633
1.623992300535344 -2.186086571835309 -1.160879707128291
-2.13718654497595 1.666498828069197 1.007711294587323
-2.131479099267523 1.328721357738301 1.029528756766004
1.09699428333967 -1.377838441526286 2.163808276791304
-1.057853375212529 -2.103045758668515 -1.191026188916424
-0.9268827216294537 1.869548862114505 0.8943135462117583
-0.7890775782387205 1.537409174815309 0.85601819409952
-0.7206827702259133 1.740267960037215 0.9137632692402388
0.2162153322859334 -1.62602825920342 -1.221553382482317
-0.1476746591580648 -1.592588447247127 -1.234525227617833
-1.461417124152656 -0.7164594814456433 0.9247203498646563
-1.758309368921126 -0.7553781400485162 0.948001077711369
-1.60493573324913 -0.6001097021809756 0.9706709553389515
-1.121996956039298 1.478613648728071 2.174119977460466
-1.236084634249667 1.64487015751277 2.213036895232982
1.525082663742674 -0.3488534638784123 -1.24396365250502
1.233429588346517 -0.5438979791720393 -1.192176473109135
1.945323156522544 0.9132230717899326 0.9677036183978841
2.093464243157436 1.245729246906783 0.9985504259200009
2.055828312839286 1.042197608479491 1.064754327064993
-1.555922064994157 1.737029693811019 2.237770494787228
1.82776587641658 -0.4857466703073919 -1.210293952406949
1.580261411883898 -2.149783323895881 1.017200939527669
1.238498209471793 -2.119163229845134 1.058951783644091
1.116656257098544 0.9448309508120765 0.92138340609792
1.407687633164587 0.7437943133161402 0.9075269749612022
1.220682016715643 0.778091036429799 0.9883480791934245
0.8348140370827415 1.83556608902446 0.9193563005389768
1.093902107482918 2.048625666514935 1.01321196306642
0.8912112085267045 1.973080240954809 1.030759102941608
2.052659440082457 1.970155291607864 -1.132061028011206
-1.722179086137937 -2.136324495057167 1.036340292905308
-2.029288540760071 -1.98353032545755 1.099080692821935
0.7948570300277242 1.965928586570182 -1.148528912300105
2.106834636859046 -1.732017504900473 0.9728769913900184
2.129698172126515 -1.350191048577989 1.022254603153704
2.183943440091258 -1.662106917244801 1.133947258706331
1.904002094828548 -2.048218544757895 1.027431202650433
2.136666948102159 -1.85390222116445 1.123987699288295
0.5389304938063115 -1.781388963303195 -1.171814417514387
-1.635749070412354 2.113947452534951 0.963554127337281
-1.205004688518178 2.077573977722817 0.9862141289589779
-1.522064341352959 2.179120701213944 1.103115479974698
-2.005978747852724 1.97131030255213 1.03962153844479
-1.747876886794871 2.161239822788906 1.109253243694709
1.592984026248665 1.118228573210438 2.18063210778269
1.759735562042602 1.37236931573001 2.222193548489295
1.581633668708901 1.2979157140026 2.218620050371946
-0.921117166344294 -0.9248383362592402 -1.127677825031953
-0.7938729006623737 1.894038722408356 1.034461617329166
-0.7055423889654582 1.071256345490639 -1.200136473950569
-0.4649995289982841 1.375724338974592 -1.185978722856422
-1.019711157999648 -2.002819295259508 0.9866775974160968
-1.371153141761443 -2.146033142640117 1.066611095031915
-0.698569338443549 -1.861771845222273 1.047145951017515
-1.326299629903499 -1.573703157057166 2.229187990360693
-1.530899197733384 -1.556178280475979 2.248676580390239
1.960757625169269 -2.027712374156907 -1.076283946860149
-0.940800414096447 -1.023192782481869 1.010348040853796
-0.7132079432306945 -1.306037077010333 0.9890551230963742
-0.779875833412167 -1.121028206544575 1.079658281270497
-1.317793125846104 -1.247112704885951 2.190915947695862
-1.52239269367599 -1.229587828304764 2.210404537725407
-0.7298645557442367 -1.915649545463378 -1.1235712893997
2.04554516329271 -0.9718029685908499 1.113073368426526
-1.312358824356699 1.441600529537882 2.217963168910178
-1.392620703228651 1.26652170661377 2.204326905902406
-2.059505143500256 -1.928498773320758 -1.10495119111182
1.535654205607707 -0.6914272503224929 0.9389967163605121
1.218478769933652 -0.8563095206906068 0.9248476865716972
1.297013856790316 -0.6812250838591897 1.025954292674814
1.840403076230771 -0.7019153303705044 1.074994786976378
1.456360692463617 -0.6101824532711588 1.072473068913359
1.615308278589894 -0.4802965776292846 1.081001508501249
0.4882603824700514 -1.424079724619618 -1.14616240905426
-1.139315322574502 0.8779729371448508 0.9661427472578601
-0.853857242640213 1.190618659186856 0.9499903615381917
-0.8360800559542086 1.030880310598014 1.110690115162144
-0.9803010702308383 0.8862424660658232 1.113081446894139
-1.477092348922468 0.6244715887654846 1.015459168214806
-1.136364472809362 0.7420183347242162 1.117664661151824
-1.28140139414862 0.5983994224395141 1.105226504034129
1.566138074513816 1.680612502321203 2.239769307520264
1.198324656130581 1.686133005635318 2.197933157027548
1.388036181180115 1.606158900593792 2.236195809402916
2.020840575856534 -0.8725360797807657 -1.171345041968728
0.8579302468754194 1.175353062788633 0.9577221710935357
0.7108656113118252 1.524767805062997 0.937452189763988
0.6955200272113284 1.224671119685865 1.077943726351684
0.6059022500091438 1.37823189722779 1.028351947163323
1.055969251494764 0.8472652105687578 1.068029245842104
0.7895332722135739 1.063323181848267 1.121286128004748
-1.46845934377412 -0.08328332162588803 -1.269201549163858
-1.585696168341942 0.2190916494108302 -1.260952956431887
-1.420026201796455 0.3053916241455138 -1.214779367769199
-1.62497482114259 -0.3679176294703533 -1.198861708038107
-0.6560677572716405 1.56189903510916 0.9961662652169279
-0.7066853785984434 1.199301901298412 1.099120943700162
-0.5887614112052582 1.356127593615061 1.058245699924784
0.7231652418298086 -1.724328760349887 0.9665930092948323
0.9256925114564958 -2.00292331858799 1.089877674016636
0.6130018733854526 -1.837413298218309 1.096639734899813
0.7082968280753918 -1.362798391279716 0.988561936241394
0.5497017322652097 -1.667279513986391 1.0589240577231
0.5584030230871033 -1.467195077374583 1.043167041822592
0.9086893626870577 -1.060775483456077 1.002731986693048
1.139185256789562 -0.7750647236392728 1.058324039124544
0.9781276420720664 -0.896199556521192 1.105540391584062
1.413485660867726 1.241645504450438 2.206260790410123
-1.544682178921103 0.415872118737858 -1.168365916926362
1.580237196661664 1.49578624697001 2.247822231116727
2.148260311535887 -1.285879673514196 -1.125885292563518
-2.044215109359942 1.00668853650444 1.093066016651616
-1.804127601488733 0.6787861772020258 1.046569149013824
1.21242377827843 1.501306750284126 2.205986080624012
0.71421139219444 1.850348761430112 1.071927412490136
0.5528508594477952 1.566298701664556 1.05142436748684
0.5204932293364979 1.752299579166132 1.102192274882924
1.583530649038959 -1.174274724231627 2.200204638761763
1.477822608714633 -1.366115451817046 2.228829354103284
1.609828418878999 -1.493966530746444 2.25026778229985
1.376975153925963 -1.21335297172451 2.191168983616872
1.707113860024037 0.6681572610763311 1.009667978304977
1.990726632355067 0.8533572088830583 1.1430349548039
1.807105063954978 0.5351511435774021 1.132598680434158
1.347000627560806 0.6462285730728217 1.054172814705386
1.633997447940691 0.4789257324602338 1.096282412602344
2.156519632175783 1.601599897131353 1.069536246076036
1.997894586672048 1.976622491791901 1.060817222317504
2.138867718989958 1.185863383999908 1.173881762326016
-0.4608535993734225 -1.671801532326826 -1.133721328065498
1.71083531912789 2.186267987981269 1.182816792019767
2.147464461507465 -1.693816483056229 -1.07298282799092
-1.166808799512511 -0.7663607114215175 1.052815655433452
-1.458663235521496 -0.5538533317341549 1.062566773104469
-0.8575483919157195 -0.9603537359069189 1.158325383653431
-2.007481084169873 -0.9332457513902594 1.083348348957532
-2.157109474920197 -1.307353431747269 1.140879925721052
-1.755555480289966 -0.5927719903370279 1.085847500951182
-1.429991434413542 -1.400780593260085 2.230942405278052
0.6068347504529297 -1.27579849253633 1.102851645945867
0.8261668348262269 -1.006825879506579 1.151054945255683
-1.50670838143902 1.43277821539847 2.243243823674922
-2.189432475170993 -1.693019139172142 1.210813931070112
-1.463115017918062 0.4891222054017549 1.14995971073339
-0.5203666031924509 1.558986378836967 1.115990775065503
1.403272923766003 -1.533044778239327 2.24123212715496
-0.5534252658220357 -1.621403728740987 1.09134095976611
-0.629955921049967 -1.243198030435383 1.137032465896009
-0.5009343791548828 1.692080605125929 -1.115748431458764
-0.8062626802165525 1.933013152938369 -1.06694744271884
-1.181300682904043 2.095412005088203 -1.052368536352202
1.369203720752985 2.186024764347478 1.211814852758984
0.9732994625946161 2.063408338920588 1.165783075017579
0.5768904007804609 1.889813731096481 1.213595077285555
1.05666272892873 -0.7211151196897748 1.206646997687179
1.376667929772502 -0.4700944111659814 1.167959084815552
0.5375052753472983 1.266202016287424 1.191915904074536
0.4155298680338163 1.605763671330925 1.193092032282259
-0.8331292061890687 0.8949257081773795 1.262212029056109
-0.5709842245192538 1.196389245026219 1.218945453548737
-1.122387141804956 0.6066689513604865 1.252165203670408
0.4482396546427474 -1.580279615243005 1.173213767427573
-1.453008434978224 -1.553829657163567 -2.24097899963193
-1.366627859888467 -1.74343386445884 -2.212652097056438
-1.690405435287221 -1.503600421405012 -2.232580245360179
-1.847649984190833 -1.6536373210153 -2.192158738506169
-1.519899347012171 -1.897803377982379 -2.178908850806477
-1.763524471005539 -1.858236070297393 -2.166814246527957
1.505630391618016 0.6648088523436908 -0.9719628728829405
1.289052765240676 0.7668946106521345 -0.9592698182941897
-1.007810646651363 2.134308546271254 1.420234622534169
-0.6161381557370499 1.988510320591503 1.487088216944555
-0.8102970164991864 2.071667138821518 1.548028856825885
1.683693487525893 -1.599337640308955 -2.238556270558372
1.717377476360815 -1.823584990624106 -2.194682236806077
1.480531110151324 -1.562246958295783 -2.242094022068144
1.363971177911225 -1.778336182642468 -2.197900624549018
1.52780306804809 -1.938017784262052 -2.159727496074496
1.960467928839116 -2.143541617440439 1.478547211479288
1.862394508630873 -1.477286017916124 -2.185393834443191
1.907966958065104 -1.847611061278212 -2.117942196281536
2.013622490701397 -1.63394544452309 -2.109550375131849
-1.771383961840189 2.041080523120629 -0.8259491295354277
-0.9947302178485319 -2.130391304278509 1.457706393980595
-0.7932661391547846 -2.067117309876658 1.518921336225759
-1.314440072380889 -1.3944330405896 -2.212195746916874
-1.120688152444124 -1.764346037412347 -2.15773141294455
-1.091626531677062 -1.406840193978127 -2.161498743105851
-0.9842551868300532 -1.5871489835056 -2.135361311709018
1.08051278015508 -1.974616788661215 -0.8641667052741239
1.283527561786081 -2.043985702437828 -0.8472950558477418
0.003270680280575954 -1.6066633961778 1.301716005940907
-0.05124439788102549 -1.445515731940577 1.347154428646716
-0.230059603038689 -1.35596066464265 1.370885498636654
-0.138965795871998 -1.726301568187979 1.349263206329328
1.386989725605251 -1.373717479220899 -2.216621609505681
1.141226357901635 -1.382510367999946 -2.17185129373241
1.180185316439048 -1.786985024408352 -2.156959402673461
1.050981880975531 -1.579688688840714 -2.156382484419316
1.509521347608721 2.095474097756451 -0.8763920668543794
1.337167832948946 0.2082127220925621 1.405944752363353
1.221586190874256 0.3663807668762095 1.453143495064733
1.487522653366496 -1.194734347754898 -2.195766796353783
1.879062359884801 -1.270404746475789 -2.144538742858854
1.710107864872888 -1.145405630145326 -2.170248879331164
-1.410642304372177 -2.074495820591531 -0.8443529410001528
-1.644496637789581 -2.069575558741625 -0.8217345021925521
-2.029887596235442 0.7159053997307371 1.485596988287185
-1.937554467404942 0.4960413292688807 1.479081654372046
-1.737057341506109 -1.294407914880281 -2.203316057521385
-2.04116465821092 -1.586807942893033 -2.081885486254559
-1.921384949304813 -1.216084728358231 -2.113627839556014
-2.068247717106012 -1.358447856760695 -2.032618775143199
-1.925418075334997 -0.9788217071132577 -0.8843643603473245
-2.016125733386127 -1.186084627447825 -0.8596122285829191
-2.238106876424555 1.538909826726277 1.490895963581165
-1.382952802035763 -1.179655559440447 -2.181999472897361
-1.568173070851985 -1.129859669489683 -2.181518537773621
1.686750162171707 0.7617733675181541 -0.9030018226005122
-0.08863046247760985 1.507550116511355 1.307798017814428
-0.02608814214852824 1.66910669325375 1.341005938249757
-0.2043358563960582 1.796514669315597 1.390629902165529
-1.434347859400899 1.528389173140341 -2.235320291083218
-1.367041502380605 1.300713090721256 -2.205225042014098
-1.659586702354922 1.590282957555617 -2.236801784703147
-1.799298473678096 1.397522291551894 -2.202783382532373
-1.709823696089557 1.17452066488219 -2.179531822912863
-1.502805567746089 1.139605248466828 -2.183454976014517
-1.713578214188691 0.7914344254310793 -0.8807096439387833
-1.191307179388565 2.195227882850928 1.576719465874492
-1.420212019053765 2.229665117859332 1.573507199974014
1.456235110291026 1.580212837455941 -2.239078109136271
1.444535557138185 1.372467149368986 -2.225346445418103
1.672875140573154 1.700978872329213 -2.229014406082956
1.851615450461289 1.588779570542657 -2.192307312945298
1.645906450972193 1.248863092339501 -2.206482607418159
1.836346314013168 1.3444094786399 -2.183507177998669
1.043851766313824 1.066883941631253 -0.8665722031941705
1.251570386285828 0.9309698493325108 -0.8265580227449938
1.528680084875314 -2.242358515408827 1.478595529142302
1.300289198453693 -2.220980313182888 1.514727780725115
1.295844282762145 1.724512111415837 -2.201548358578109
1.268865190167338 1.238082888713482 -2.172119001183118
1.096330710321189 1.696743593324859 -2.159061324337336
1.064422557332251 1.296060712259417 -2.129859303787151
0.9844590710654506 1.507601718685564 -2.135068589261499
-2.04844684036086 1.362408500868986 -0.8103785755252776
-1.971393299506812 1.149230203260535 -0.8039561419836017
-1.804283802293697 -2.212298031993023 1.492672239430276
-2.00204092618854 -2.116622449449211 1.547216726701455
-1.275669598845086 1.660141939459826 -2.210575053436754
-1.045825015808114 1.570482696248664 -2.159452581496996
-1.155010005201731 1.228961975089006 -2.141973099483629
-0.9924717791850536 1.366978814296929 -2.120945876612993
0.7199656332014696 1.431379247722152 -0.9274652420755382
2.21580499517533 -1.287712018177525 1.497649392337451
2.242388096559304 -1.523070144324637 1.568897891481984
-1.75425574853686 1.800154846590708 -2.188486288062221
-1.986622266647726 1.423531324300074 -2.120558155841405
-1.978364516280951 1.804840285997814 -2.081836001342812
-2.071019263068643 1.620977429710902 -2.047926271292771
0.9585250942749441 -1.16533439397115 -0.8632166109175371
1.106927412782765 -1.002018438705522 -0.8712997188172196
-2.019751940855846 -0.6916836918802566 1.461077710031615
-1.855732279363062 -0.3293206895137691 1.454409948591233
-1.952168260812216 -0.5163565453669131 1.557426537607115
-1.259176497786703 1.868642871503113 -2.147013698251645
-1.632204343262692 1.962912759699218 -2.136436835083585
-1.395741260475421 1.985708878142426 -2.108367388173568
-1.617994428759709 -0.7628061596270602 -0.8713043106063626
-1.431593351986758 -0.8102031442592533 -0.8332282975774706
2.182230878452043 1.880300324729805 1.483726307910418
2.060890640244113 2.06351807479709 1.525547160435639
1.647203861588067 1.916906328185103 -2.160844547401669
1.418406863860434 1.938059784252332 -2.147700193699453
-1.103407365131019 1.015732650724547 -0.8588750943792612
-1.30061741380324 0.8953935655317773 -0.8255320294267831
-2.104699185278905 2.010612700687469 1.552472471401484
-1.918414667167603 2.161991842209821 1.573268501655992
2.020773016217342 1.679733241582891 -2.092915507025399
1.823292209199355 2.012186956571358 -2.045766394914592
2.018121053940495 1.887213171755702 -2.01454444767598
-0.8088328260496224 -1.556873948149548 -0.8306297723188124
-0.8499492340894917 -1.342938965670438 -0.8383259830759688
-2.143096170445222 -1.036353614483089 1.579278267404881
-2.085397102323323 -0.8619405236361053 1.63669770219373
-1.437143559080784 -2.051626839695343 -2.071072474787622
-1.054983738813572 -1.93292503556509 -2.05032051383515
-1.218167658326529 -2.065836324324548 -1.997404821928184
1.695405221905778 -0.7757380925228604 -0.8853017132858101
1.922009293092764 -1.090426806632228 -0.772459188589155
1.774854528755252 -0.9476125844946287 -0.7480443525001705
-1.27850805133173 -0.2861637166916617 1.430615654640429
-1.034586938619598 -0.5940241970782032 1.465942696313238
-1.160274128659555 -0.411009324150168 1.543890286212005
-1.879836510592 -1.989466673879678 -2.049343454102217
-2.135054298129383 -1.732355785185096 -1.939135111675148
-2.057851663695757 -1.930415766889648 -1.931937571501017
1.48680330259015 -0.7607960266789426 -0.8685490808339665
1.808980602615097 -0.1801371065401841 1.458215678935521
1.942647117524394 -0.5159993216366047 1.537247044070835
1.864349505911388 -0.3138931025362242 1.589875135057152
-1.206537057495244 -1.061575757860349 -2.10597160043523
-1.022906828062133 -1.211112037011943 -2.094764327428977
0.8941213011623068 1.396931563862205 -0.7697261497709058
1.033162459360716 1.233198121797774 -0.7294343104822216
-1.563581398313251 -0.03720595138544423 1.311772881411065
-1.396337279634283 0.06982123645375261 1.37825256017324
-1.715403448528163 0.1104690536173732 1.346317919256018
1.373477781365362 -1.003253810701392 -2.128036780971522
1.049596997900906 -1.191175066906657 -2.095703153817605
1.181315493603388 -0.9909016410741041 -2.072743454208615
2.045908082685175 1.635414416644237 -0.7487732900521856
2.02538795280165 1.420256758313071 -0.7200020469050593
0.9600935569271831 0.6706666125999244 1.524364195671247
0.814584145054457 0.8192981731343371 1.55646632080434
-1.681908589508028 -0.9420007398262088 -2.104114459592167
-1.905419508577448 -1.000806679067227 -2.053915972431567
0.8323426353177799 -1.72623774411907 -0.8274089220267625
1.016943188944605 -1.828228781676186 -0.7330120400109231
2.242353405347693 1.505894673752275 1.545413409140992
2.224021743433129 1.733638102831289 1.62827594127489
1.594541356983218 1.022591311935273 -2.148287338203463
1.365733956261739 1.009431325289859 -2.128245425771052
0.8132817140699911 -1.542377186208521 -0.8062893298901482
-1.353725917963217 -2.228538411973688 1.519600697484791
-1.13521413966314 -2.18281051673576 1.597179488995979
1.994950757302914 1.235490484770014 -2.065797757617693
1.75261546890147 0.905671879272294 -2.075790982101594
1.962585006180191 1.023024665806636 -2.016276830935314
-1.767847474425661 -0.9289756335875398 -0.7686300701135812
0.8430751255240025 -2.08758901572177 1.543188940714779
0.6176301756160921 -2.00187551678657 1.541785169281879
-1.834137769807199 0.9995101947155934 -2.087430045408984
-2.0816321070666 1.260802154424644 -1.983471750849469
-2.018622387814612 1.059782651509868 -1.973595200036558
-1.054630030580363 -1.882977498343979 -0.7512367219480572
-1.271758927915408 -1.962043232176974 -0.6930478554974678
0.1224312164833055 -1.337288721561998 1.425430462144283
2.148534781967609 1.550232246945645 -1.942174493871607
2.137981659501303 1.350359582035525 -1.923856879410531
-0.8667383872661579 1.330502840485284 -0.8261468344718171
-1.051022481408402 1.200166135624003 -0.7428809498764636
-0.270945514175243 -1.246841106103171 1.542422218281743
-0.4476755912157298 -1.144043054259755 1.563364302325228
-0.9037249346634075 1.719539358151472 -2.089759252026173
-1.019821589132581 1.905689901361519 -2.06584141391073
-0.8549071651202192 1.530552373522788 -0.7802058883990931
0.4571496063213121 -1.135274575049701 1.523974474679725
0.6089899025166258 -1.010175916721049 1.572463963029233
0.9622889639870658 1.873868900607538 -2.051774789505195
1.320990440520064 2.05837563350934 -2.03798227562848
1.064386113087652 2.021953267955525 -1.984543905674996
1.092232336331246 1.921839489118811 -0.7767973325560741
1.460725663155024 2.018753350737233 -0.6949648069214779
1.253947802484944 1.931673958087637 -0.6463766684145603
0.08619825099099176 1.359711766263745 1.390584387089428
-1.56738090177559 -2.160401791226933 -1.930495265958114
-1.766448729293437 -2.137808933096253 -1.920860849551228
1.632966640902702 -2.018637022515886 -0.6876718518815287
1.413457248279451 -2.000452576493018 -0.6634841043541972
2.1208214556169 -0.9378779741370877 1.587008650554067
2.183677963870711 -1.158966170808885 1.651474857327976
1.525698095128931 -2.09057833717955 -2.033898994388366
1.93093112854812 -2.012843662705113 -1.979940822644519
1.738236673924672 -2.141378144968507 -1.93085236148293
-2.02365796175039 -1.519767252257864 -0.6769309835124639
-1.975712050855762 -1.32050289522609 -0.6652408293175609
-1.302421445773246 -0.061053395296605 1.511073241745823
1.113061478966807 -1.980158308330443 -2.025317055876647
1.294742367519825 -2.124070019482057 -1.940429776066074
1.648334005775713 0.9035215150823636 -0.7462102075899283
1.815208179776061 1.037364109636209 -0.709083023414701
1.938877396914994 0.4903958862622047 1.61281564217631
2.021321216695264 0.6985901154372008 1.611183043674348
2.052390477876878 -1.190723640011666 -1.995858477036318
2.139839082559472 -1.588149461163342 -1.960734085330973
2.161939218481025 -1.351808928092252 -1.887897278819779
0.9345430775510893 1.761716614890527 -0.7575525143276495
-2.153009496407753 1.060015850801352 1.643043395741827
-2.073230011853742 0.8257351198209214 1.665404242432237
1.724804445194551 -0.9250524925948215 -2.102127961772787
1.521077245866864 -0.8387967962729107 -2.084491694762409
-0.9704064531074956 -1.694920876543323 -0.6887034505930387
-0.2312637686986959 1.850334823716176 1.574056431873456
-0.4624304522208644 1.916509025637951 1.647694958092019
-1.20438603168726 -0.8714748008311446 -2.028474323552212
-1.612284571031114 -0.7870328762010651 -2.053833912815675
-1.386344903787477 -0.74526723003842 -2.028528408948361
2.014544911165102 -1.461661387019242 -0.6763462014324029
1.931626007485332 -1.269238141647833 -0.6259916143292296
-0.06487985727611294 -1.808918275767812 1.505572184256377
-0.4194664960131853 -1.901645201795864 1.594136942830603
-0.2232071601853585 -1.83176996016207 1.644768991596258
-1.372589619776682 0.9435821889066046 -2.09982032790162
-1.474644824307701 0.7850058002468795 -2.053659694912791
-1.729174845994749 0.8060183896405061 -2.045192565521809
-1.167630714544324 -1.074223174569881 -0.7405747360192564
-1.054442955510536 -1.260188943829249 -0.6964264335719115
-0.7761519337975068 -0.8609484747368352 1.607439121279247
-0.9254020336490815 -0.712883107377919 1.634092714616102
-1.150094992779275 1.008771840093769 -2.071162039736568
-1.997988043342775 1.701654781390228 -0.669890755545152
-1.996755998116179 1.482109076108793 -0.6307117524545708
1.323395991251959 -0.1305923217663007 1.482613881472254
1.147506039076094 -0.4436261423863956 1.564485322209128
1.24951640803259 -0.2836213472620004 1.628069498754579
-1.708989422334726 2.117622002401955 -1.973188287035119
-2.037005610533875 1.959421855631917 -1.931098363219718
-1.889681921861817 2.109445658927548 -1.874500101890661
1.026635901763651 -1.283958448819495 -0.6874929160122134
0.9738007891753145 -1.457154532155472 -0.6571382759924634
-1.803307129593339 0.04685023101773236 1.494177464979748
-1.817680915499627 -0.1642151765594714 1.576339496095986
0.8271004069301071 -1.583503180174803 -2.081376017069321
0.7682533872428648 -1.764974856991113 -2.022592708842525
0.9250110238160477 -1.954333649579116 -1.965956829395708
1.269493797806906 -1.025875048547821 -0.703109490807841
1.434100423918884 -0.9314007103602439 -0.7083191095036238
1.32259962090236 0.04911871323195412 1.556276144617075
0.8531855447074861 -1.17804444524406 -2.009412584010272
0.7209334306627913 -1.373194237671437 -2.010554256575082
-1.660050485147247 0.9292846010438018 -0.7146647352009844
-1.806891027159647 1.086528802638004 -0.64660304050634
-1.808204678862594 0.2017478302776245 1.65961701710207
-1.874024265212376 0.4029590094991993 1.658678619268628
1.876266740406425 -0.8353328269323329 -1.992305968121026
2.034898278076838 -0.9760048580187138 -1.911746619856867
1.8419514986713 1.924399607649069 -0.6462584844288722
1.936564868419143 1.756286225588642 -0.5794029027588455
0.1610588073040141 -1.833141463108207 1.556037567610511
1.260740284662329 0.8612747877998066 -2.041103806714748
0.9277631902099696 1.134575533752985 -2.025208155214627
1.027212151445647 0.928441172716998 -1.98032623355429
-1.918910777021835 -1.865420514982788 -0.6610543601864888
-1.736922497285476 -1.970472738097515 -0.6405467792068954
-2.233423945412399 -1.404718206605277 1.62193183776813
-2.182303817480059 -1.200249367018281 1.725850239042116
0.7646191527662053 1.559975441331887 -2.059387532823241
0.7546060131333253 1.784323132313361 -1.999301789822469
-1.37149041619847 -0.9915755623088368 -0.6853992125399125
1.81048579563881 0.04577575681731127 1.5507632052211
-1.340866493156057 2.139009387718304 -1.931100888889283
-1.531399500795889 2.197227330422155 -1.842892650896018
-1.449505492006461 0.9689930802408712 -0.6699483030473313
2.178235173679296 1.121630027409545 1.632994378271645
2.219851604400058 1.348696326444244 1.687133644491216
1.785944938918448 2.14477456503159 -1.897126284224033
1.393938916165546 2.173830702918352 -1.869358071474747
1.578534520220452 2.204323016152619 -1.811581606519079
1.921780286130117 -1.820806689163982 -0.6111194353268447
1.74648669258182 -1.916303529513266 -0.5264987962056391
0.03236381332880132 1.294507140164237 1.533893667124121
-0.2020468701348085 1.262109917374809 1.557950022047134
2.080343698191152 -1.972284441206534 -1.836621467133256
2.183596119566211 -1.761255856419884 -1.825806550969395
1.947133910611961 -1.635739607305551 -0.5247302941134181
0.7312194920119626 2.041913990583918 1.603805082914138
1.111765698171356 2.17560353729926 1.601908874591021
0.9340671471158015 2.105831110593607 1.710073697759804
-0.7574348331188473 -1.577972489562033 -2.055693327671395
-0.8501194718005062 -1.946175723190401 -1.945294438300147
-0.6890035317198522 -1.768420231094091 -1.973037353371923
1.429731856267174 0.9706322385882767 -0.6824594623231608
-1.69137281126965 -2.229567670351861 1.678918225778292
-1.483823052410481 -2.235808232567905 1.689658269308492
-0.8398064274910478 -1.180242791760277 -2.004555365272978
-0.6817057773947712 -1.366794454782894 -1.991621796912228
0.9735905936862329 1.59020452474358 -0.6549363497504999
1.645432448666836 -2.237651342966508 1.664053800783294
1.86177086939576 -2.184408348025369 1.664339041076965
1.726674817863866 0.7077787901516696 -2.005189294836502
1.357388448981802 0.6327679899813151 -1.973092175624487
1.557398337243771 0.5646275885659858 -1.975709363851158
-1.055440336616999 1.799162885580147 -0.660028679405391
-0.9923819054908911 1.601226042061928 -0.6281076013424548
0.1456942155137203 -1.294270711061148 1.596392796353921
0.3320020762067189 -1.23673682249072 1.669450962874749
-0.7765078086432237 1.302627830156538 -2.019842762937851
-0.9834355202909458 0.951323873597318 -1.965536859200652
-0.7723865621715715 1.107163024452164 -1.935244805272571
-1.756325393937075 1.95294946980535 -0.6043505598475393
-1.879430825127327 1.79969562609369 -0.5184008815850842
0.9141068166797469 -0.7283917791757579 1.658105634448514
1.065423661888301 -0.5884176075299186 1.714659225356203
0.6298711561161811 1.41653097163555 -1.981164316481209
0.7130517072931454 1.202672070482795 -1.952194224346943
-1.387513920388258 1.971867808772836 -0.6122613963491501
-1.227331321074096 1.843826281118818 -0.5325099420204515
1.198216273588421 0.4070636718770657 1.668208132062421
1.097026242153655 0.5664506719937149 1.70646484701185
-2.19614352892803 1.579903478313876 -1.852641558178661
-2.195028617047419 1.362373021402216 -1.812207978655971
1.639692894857143 1.954408743777251 -0.5486914421467978
0.3027096425680714 1.878736736492977 1.595510617465548
0.5382339394684696 1.946594441181531 1.701484391284339
-0.6860242246012517 1.675079997495197 -2.014218275160666
-0.6121603352041286 1.461672351451999 -1.982808490956347
-1.571102520337018 1.941211576698657 -0.493116632946417
1.327920026228459 2.218682959210498 1.6775284523161
-0.9597360345730452 2.026719757791319 -1.912823471807428
-1.144216175907804 2.14297323750879 -1.816729256864058
-1.938122321937578 -1.67696648801806 -0.5430609312882562
-0.7538270957193473 -2.011521785894306 1.743136240533052
-0.5714676002498014 -1.917688727450284 1.775194340283133
-2.168146987103956 -1.289434500313082 -1.854587028017994
-2.011949389137334 -0.9020620184019577 -1.896981359810956
-2.127814099862644 -1.048326711245349 -1.778661479810197
1.218767935888505 -1.199297393632741 -0.580841770804009
0.4693104079213599 1.11386389931181 1.626475178135088
0.1895747988207566 1.341095493304432 1.694714101888875
0.3644154589669792 1.288666625877538 1.7260261713964
1.124556162021524 -0.794428077362295 -1.953821954645883
1.473722103984544 -0.6406574886100062 -1.999711640005989
1.269363307901178 -0.6086409393266782 -1.92433522665237
1.609982325056656 -1.011325418729585 -0.61655746694044
0.1214727949651164 1.773340581826611 1.699785112909765
-0.09806482517527271 1.767308191188554 1.703343360648981
2.141798643085334 1.881006477406117 -1.815299028359483
2.217998512219757 1.67444540841366 -1.760781895356688
1.906885427748999 1.340431340558083 -0.5223444061814205
1.785062051764769 1.163289315775464 -0.5303083174600635
-2.230949090976127 1.58328149853867 1.684754114569649
-2.170823433902136 1.848419687447733 1.726663555340959
-1.22417592437478 -2.169567405732223 -1.805939145301281
-1.44143314653597 -2.221719211020257 -1.753739389790939
-1.709415582445065 -1.052183230600897 -0.5916538513006118
-1.826572500824035 -1.23644757190488 -0.5130167422689965
1.98221229825704 2.107118050826228 1.719177808418963
1.779938733033764 2.205970829380812 1.719687673385039
-2.222024062453834 -1.658329472993105 -1.737362114393339
-2.228033692533316 -1.443768274253428 -1.702080741847545
-1.377809131727807 -1.9137799398645 -0.5100894792994023
-1.60911836768047 -1.927129707634946 -0.4802068418164305
-2.203101232490142 -1.773160374290015 1.718080984800431
-2.217861872841938 -1.572179929482481 1.780666262988142
-1.020795206561969 -0.8208516577686767 -1.907012886119891
-0.8398458317988678 -0.9800833695462158 -1.894301200846909
1.122748649427153 -1.76500908859252 -0.5431256221728094
1.316247927130996 -1.867863969632738 -0.4904693359424657
-0.1842087629618434 -1.341998107531854 1.702240119707522
0.005563039295933797 -1.389049530918179 1.717942982401922
0.8107015690791384 -0.9928418346143153 -1.872628555198702
0.950353690690695 -0.8094988925651038 -1.839997625443303
-1.067520110247369 -1.584809125579084 -0.5542838376607074
-1.11044020461054 -1.36401217534412 -0.5543106098824235
1.9806726493448 -0.6265144317879862 1.71737026961321
2.059995910938184 -0.8312653350165998 1.737169143502024
-1.751020330974867 -0.62259934465792 -1.965878384158138
-1.927174230011667 -0.6788225476177948 -1.859224318314018
-1.499459600990825 -1.06738617469 -0.5464990067558347
-1.227100149151314 0.3836465342046514 1.682896230769752
-1.326206453503204 0.01847133924680316 1.672131021854781
-1.365108123972294 0.2395616304810559 1.757708428660617
1.836190207756026 -0.6201062429635246 -1.914634127532162
1.637372770661832 -0.5116866009631086 -1.939676066427503
-1.189473376763427 1.24314175272724 -0.5546930135707918
-1.390746338689264 1.132307782536877 -0.5151034316941377
-0.6071677807620285 1.018105898819692 1.68104970929449
-0.2821125123709116 1.292727750825307 1.72359608449225
-0.4802017918502666 1.21752102771888 1.773438459386964
-1.386526655509452 -0.5321108384325947 -1.938635502176377
-1.598283252770083 -0.4601727569525003 -1.913899824762838
1.209137749376134 1.249349599336328 -0.5282036279756089
1.397988526310589 1.122697808425573 -0.5212429602657247
1.281518741323076 -2.195380254746785 1.739054790332047
0.9299055982408261 -2.092637922294944 1.747538750823569
1.133744359466061 -2.124649182245059 1.83983250319883
-1.368533700484777 0.6072491353927827 -1.95807773213484
-1.164726962555806 0.6035537461935244 -1.850081048038579
-0.9983630190140396 0.7693038364309138 -1.843191602081166
-1.142664022991855 1.44415212612766 -0.4858606111095073
0.226051846335934 -1.810038612929584 1.714345321834531
0.5821150806022403 -1.935933635694969 1.743925359932104
0.4357645728676775 -1.820254007575308 1.798697127117146
2.05989865795801 0.9415198865941797 -1.843386996247335
1.88503330906086 0.6250693088085582 -1.863929730449525
2.008287611876283 0.7414576187167267 -1.761641583026637
1.098667170905651 -1.577795396982354 -0.488371450290964
-0.9696048937435374 0.6789737089947302 1.700056583704879
-1.17000776601053 0.5560123873324602 1.79655857833131
-1.836924773825151 0.6633996291720363 -1.920134033729332
-2.08001578254963 0.9419676397998723 -1.786450969217094
-2.00328109237262 0.7390764225371281 -1.775227282797043
-1.762359729014947 1.199218262903998 -0.455543820946909
-1.875171159117432 1.381620238766336 -0.433230099353464
0.8017593333220621 0.8861450638200054 1.752058526416348
0.6515365142211843 1.042943292971113 1.771734158788278
-2.153804635677151 1.913955029307415 -1.72639152751567
-2.220287807283613 1.718299508276287 -1.681844452524653
1.629497670491593 -1.136667511114787 -0.4598387526410639
1.803986588582758 -1.251766011895436 -0.444858063940869
-0.8735019582173663 2.065803416899129 1.769883465247719
-1.098741304638032 2.134862893049537 1.789683543293663
-0.5944777974335592 1.826712711727444 -1.893603003045048
-0.7520929529361796 1.992201928813517 -1.816126037807253
1.11121779320918 1.609733990070716 -0.485482072802674
1.207723790700672 1.432612506727895 -0.3990411903164672
-0.5414831464193751 -1.127273655016011 1.755788786147449
-0.7078215097560138 -1.001052946861975 1.777742691143321
1.300817299846065 -2.200101101662411 -1.761085242045003
1.7262936422907 -2.213884228662678 -1.725214123100186
1.519829995821199 -2.239115503054075 -1.648916221984551
-1.182024743936373 -1.648853395005004 -0.3882497829856359
-1.300028440348735 -1.791757889035231 -0.3542064656719326
0.6735120237129278 -1.012040504567199 1.764055756950581
0.8412749165657299 -0.8885148010348258 1.801987333544446
-1.869296506035667 -2.178001848257091 -1.725067255868206
-2.049030337732489 -2.052589651349823 -1.733528781636786
1.875689771144713 1.672465940054912 -0.363297520696916
1.866530460358094 1.47176871335552 -0.3350102672666171
1.752225861962873 0.09037268140463299 1.710607296380112
1.8308992994193 0.4330344601937288 1.788116944418596
1.699510300206576 0.2667997138275775 1.793721259006472
-0.8655084428329992 -2.064769537748991 -1.757485590861305
-1.076380975894316 -2.155249931531355 -1.671045989769406
1.233885743227734 1.791080549186489 -0.4576775732383099
2.019943081464216 0.8132084672931089 1.811644171760527
2.09554386875356 1.008687149243872 1.812575748341108
0.5786569856412681 -1.795972723041026 -1.906135558226228
0.5357130394924278 -1.32872904083492 -1.901957661445901
0.4063056564917047 -1.680952878580046 -1.881469703980044
0.3880656603252646 -1.473000506753917 -1.884604584356248
-1.271305948129491 -1.315435440009331 -0.3801191047172802
-1.44019280708273 -1.208391447673173 -0.3717489889098912
-0.7920383023621635 0.9814508294226857 1.829411369434699
-0.9415770245360529 0.8476148333569192 1.840486945639727
-1.531551075835192 0.4372108809941744 -1.912828888094676
-1.745412127488518 0.4723487853798016 -1.88335231908015
1.586444547807836 1.181512291058915 -0.4062189995778547
-2.144077070033684 1.1760387834452 1.832811697763232
-2.185727697789856 1.409548830491379 1.845558425626217
0.9301588726413721 0.8236143602665581 -1.822862458380271
1.223036656102497 0.5232130708102228 -1.836344858690788
1.02933521297875 0.6468930561782744 -1.74689271460703
1.58010867920788 1.881321238101169 -0.3486297478062048
1.381079388248551 1.805072436160002 -0.3062040174046344
-2.012104441756831 -2.073592602905352 1.777862638982861
-2.10215669891402 -1.911815214697739 1.872112739962529
2.194734449082048 1.250537190209299 -1.701763421417921
2.149017198661479 1.054163313731331 -1.670814464937104
1.295603608422241 -1.277626082703714 -0.4023994849549817
1.473294488041295 -1.226865321530257 -0.3301413410240981
1.369862992415974 0.0761422892914488 1.719113983990035
1.361061287176725 0.275919203152913 1.783847228734001
1.939885948050622 2.145261429092589 -1.704692357066293
2.100910807476367 2.006467126282772 -1.654087048440355
-1.556760033685351 1.205288763605802 -0.3687606442883599
-1.813677402494534 2.175269870637489 1.77766294552326
-1.571715350406506 2.217023125535495 1.786478509651255
1.006174239400241 2.107369902439132 -1.794367688171485
1.201007493934341 2.187619155505965 -1.709821962094361
1.61800271753023 -1.860316085013982 -0.3268239676876842
1.407273344702658 -1.830060971156322 -0.3149822549518421
-1.934575978785993 -0.5698574638221566 1.764866245629007
-2.005994126916308 -0.7883305689699479 1.825200052665233
0.8364807619127465 -2.043645252709601 -1.784618526894882
0.6210087379793907 -1.958186283860602 -1.765459987690814
-1.856831478294634 -1.680508855713455 -0.344260619177961
-1.779027350954093 -1.31724113602299 -0.3275756490126207
-1.83085316828944 -1.51195275773705 -0.2338837801710498
-1.203306558215474 -0.4098610387744624 1.739804170581163
-1.021493670048107 -0.7294432637863452 1.826592608644729
-1.173711004574542 -0.6094360681109238 1.854356474711022
-0.5058146003541791 -1.308977335087609 -1.868702630188179
-0.5071479055494884 -1.795631420971724 -1.859416193861487
-0.34476880593177 -1.660307141134763 -1.860045618774474
-0.3453441819843334 -1.446900814219812 -1.851400344312422
1.869275308283124 -1.576945611985671 -0.3166409379920349
1.809046889933691 -1.385395261946964 -0.287123294922659
-1.44607913703151 -0.1478568155605273 1.785931378212519
-1.39281619994362 -0.334284996144898 1.814362834023018
-1.234893956461606 -0.4802183973828449 -1.815242009488891
-1.051121379614341 -0.6427516459262025 -1.783673478828553
1.228337956027723 -1.482928002717349 -0.3402838044616867
1.507263479178937 -2.204942227486415 1.832327974748264
1.659231554017756 0.3676966353884925 -1.862092386270677
1.845247153877149 0.4216064321151483 -1.783876627994249
-1.709815803773884 -1.825619852215614 -0.3019141106857288
2.118130262052458 -1.947393892110051 1.769826454200995
1.951866942513196 -2.095511903866186 1.842637096897606
0.6105252482398031 1.852219273523476 -1.885630940029244
0.4092502029661695 1.49122511748214 -1.90686122784452
0.3999174347226715 1.702565728388593 -1.871413594393328
-1.840153344735814 1.703301295801536 -0.300134107533126
-1.837125723952516 1.504771613755618 -0.254142328392087
2.221671300283466 -1.597104163302595 1.776622312888017
2.150211270703787 -1.798614172909439 1.873663054218214
0.6407764919869448 1.980132218151686 -1.713635510608184
0.821888408901822 2.064795239614428 -1.647618551100373
-1.249627636016058 1.717654383682111 -0.3409435313132683
-1.228018769059925 1.515917072209173 -0.3262152784652603
-1.770309480348966 -0.2235161435276051 1.756619531215898
-1.790768562186178 -0.4421225749371463 1.842129691733038
1.130727357649144 -2.175449506732502 -1.597796807962343
0.9295347345537589 -2.113923001054694 -1.599951796339358
-1.26943886936293 -1.482527025237461 -0.2605735088498971
1.760270814718239 -0.2834309074092191 1.775493428640023
1.646641977746011 -0.1050779868258573 1.803678063677404
0.5126468114210572 -1.15641526725953 -1.73945989388127
0.6553832269630729 -1.015677853466302 -1.71127246019888
1.721492185747606 1.767491816439257 -0.2300914080263496
1.355333934837468 -0.285034910328363 1.790372656676762
1.476476889570452 -0.1049823087731685 1.807754878767396
-0.7082441501912445 -0.9709030148990013 -1.738399668138081
-0.5323135688428325 -1.113245317417778 -1.7257346658401
1.694011402293247 -1.793808898936171 -0.1458328529049827
1.810572570607189 -1.684529819138373 -0.1393370704361992
-1.68016763637764 0.1335975598182152 1.786129759366075
-1.627898651957723 -0.08060100640981055 1.800970242363665
2.100174600555505 -0.9203712162384234 -1.70634427766844
1.927482697854996 -0.5544113286377478 -1.741189111400993
2.032835552984063 -0.7140042708262656 -1.61345860980143
-1.602603638667028 -1.273982067702179 -0.2314627401982922
-1.818692990924351 -2.155285529094491 1.856272008099781
0.613621622839585 1.098387318355434 -1.792232933955497
0.7312798269521342 0.9254639691751834 -1.707783089649163
-1.559232790410796 1.864431305142778 -0.2600271388494726
-1.705178183619342 1.779774867957318 -0.1529942916986366
-1.132992956597077 -2.139020607173261 1.819211451262263
-0.9530699913470316 -2.031005870733658 1.903953260554172
-0.3978593789401061 1.41615205560653 -1.879756786077182
-0.602825103301054 1.090865416882286 -1.77778028287831
-0.3926453935086835 1.240809926741191 -1.759326535664424
-1.397940505403999 1.76891563978025 -0.1876054915450225
-0.1730491379770484 -1.717733722282646 1.780770762623553
0.050271203964117 -1.671779187709765 1.799881709507692
-0.3885811793351039 1.795238434948381 -1.810552263149125
-0.2658266502387738 1.598085424870665 -1.828115830385578
1.580280510634663 1.272197452434401 -0.2199827175981941
1.738543047200691 1.385311849948386 -0.1567378965655996
-1.835715824555308 0.5332867373248042 1.85369331554054
-1.942588442366174 0.7361987771846699 1.85390360478901
2.065489614020901 -2.059829557371596 -1.62803703036209
1.904134012743897 -2.172894862564345 -1.565718147490609
-1.515215902016866 1.291681230883646 -0.1783697628812976
-1.356951237793367 1.394695247567037 -0.1519398947178865
-0.1471308540651054 1.471875050711231 1.807660748253629
0.09014577366295289 1.487845570400929 1.802835120573268
-0.5287954560853335 -1.93975728770914 -1.68285750108596
-0.7260400532881901 -2.031139912390096 -1.608669813157555
-1.411824451438066 -1.788052786682423 -0.1529387162488854
-1.590302578910551 -1.808564982092358 -0.1305289987456534
2.166494328215643 1.776452323582154 1.851623244665096
2.046025121247483 1.966714521509808 1.900704259283948
2.216231825395993 -1.318947685866949 -1.675639595041817
2.171959407270513 -1.102228756006072 -1.578198451069929
1.277645079311859 -1.540317879666955 -0.1393168585047767
1.32234739479915 -1.693028399100813 -0.1177752835723161
-0.543165945348466 1.860352010661601 1.841857399700358
-0.7600785905828316 1.926489583692765 1.903105266974729
1.590144163380229 -0.2976375655058479 -1.868313464869414
1.240040213002597 -0.4328989284972861 -1.784249683561641
1.39717040180436 -0.2508664423233534 -1.788263495357171
1.290115328336836 1.475163367531503 -0.1999403505403227
1.419829170746527 1.359177853145576 -0.1020819556601271
1.384334353615691 2.181923912456214 1.860520524190724
1.633506519556893 2.174259367754999 1.893462324135368
1.595986897650102 0.1752309567862126 -1.822385225779861
1.422028833957772 0.1449809756827372 -1.794481354902719
1.272360220744119 0.3207373178404114 -1.743033148312805
1.53941211802994 -1.290552072740662 -0.1275002601716856
1.700675601831172 -1.333983512376721 -0.09946290277044149
-1.355850407959516 -2.170765846056515 1.874586516139173
-2.211660200472393 1.277486146453622 -1.608640870269247
-2.159657085226593 1.058100267766054 -1.592760411643282
1.340802975866161 1.666276737847838 -0.134907677192854
0.7789342329421829 -1.974945290887031 1.872505930727929
0.2883952472404113 1.36190953164773 -1.777416441137029
0.4095861159368626 1.182930633673779 -1.691758239382271
-1.788983017078424 1.435154593860759 -0.03610966408052305
-1.675210639165569 1.326576076007836 0.005379319023080559
2.145833976156891 -1.24473803707089 1.870196177431312
2.157244211185672 -1.447517903417488 1.924095133846819
2.230660194490342 -1.719030886540011 -1.615748396905676
2.24119576439857 -1.513063249058166 -1.538418247489291
-1.311564523652811 -1.506505688408127 -0.0635195856965025
-1.335946409315584 -1.669126955822862 0.01007188959080582
0.427198525557267 -1.306712316293255 1.840994398168204
0.6168681768681622 -1.207114656698387 1.887109703894527
-1.669213620759403 -0.2865643877581273 -1.830076658373466
-1.948568643134855 -0.5587779652181742 -1.696950272082389
-1.843345112087375 -0.3289463930639265 -1.719781171537137
1.411028361695023 -1.398702710863725 0.001208541854340721
1.137186078438551 0.6750282979891513 1.883726728192513
0.9874285814796839 0.8460911292810293 1.897218282463919
1.732179615351397 -0.2084139133460668 -1.767098184735126
1.870700712731971 -0.3567680344775508 -1.665015770162047
-1.576558905481837 -1.309411519817431 -0.03026782522052728
-1.412172100604758 -1.367735714219255 0.06639317794292365
-0.3290428215998177 -1.424023012107696 1.849260525054661
-0.5095871280168626 -1.312096611435269 1.881867107451104
-1.458029095391966 0.2545178547838388 -1.830035115802769
-1.168146579127395 0.4465641743843505 -1.679891422387915
-1.298431336613141 0.267566537373273 -1.70509433419227
-1.354398980225316 1.674159064479223 0.0007365803179689064
-1.335018579570818 1.501675983738948 0.02167392429709683
1.855324204073347 -0.6097282971829956 1.885863643464458
1.713219981059791 -0.4687509919046089 1.891358711504955
-0.8445626781104716 0.7990853722492518 -1.675272088237625
-0.6600737205168604 0.9648078018457781 -1.640152822962848
1.699418940754419 1.747388740877783 -0.03113369955808867
1.761375360512464 1.449540606321607 0.03168120143280802
1.808617564068914 1.621671847087229 0.09035478461930291
2.164788964340329 1.387344378489103 1.896378803064062
2.129763350070478 1.587356946547999 1.978005871104044
-1.92196233057798 2.164718318139828 -1.638327385170602
-2.084691430868693 2.038237430668268 -1.549898234369835
1.565170893122442 -1.810816654267376 0.05613944133452124
1.404236258455916 -1.740291268289679 0.07235529793134572
0.5788629493184095 1.863328668602113 1.871756844006047
0.21614146012799 1.658372358224412 1.82739762723919
0.438007317580885 1.680502740311359 1.893395584516681
-1.549071658541116 2.242962122451507 -1.617579651327376
-1.758941988796115 2.218629453643587 -1.511702570746418
-1.801767269528027 -1.525083646796201 -0.01611310882773894
-1.678464126883915 -1.78922041657186 0.07011519652342126
-1.801420054746792 -1.682989106537087 0.1181814837650954
-2.098377693123398 1.878299564752371 1.904196068578554
-1.927516179827097 2.053770606419776 1.934399428506346
-1.526498878466152 -2.244886109823875 -1.56127725620966
-1.755294410448001 -2.223761605191389 -1.542239538693813
-1.723896719007489 -1.365801477197392 0.09138993730845514
-1.210481567507375 2.083346858038895 1.962167829160318
-1.454550773610648 2.131069855516449 1.962175061418389
-2.218703681555428 -1.791864045423148 -1.556678365821978
-2.122912591267709 -1.988064242075314 -1.560042573239556
1.397107669153365 1.725122732956139 0.04368668320452749
1.544645074834933 1.818736483382883 0.09645637630442265
1.176121621214551 -0.6236398061142987 1.883261227263534
1.364021525207223 -0.4802619040371384 1.895390482038641
0.2241168157883096 -1.765389044442274 -1.757518921066389
0.2758825681028431 -1.863029597578749 -1.604460311209537
0.5004231611443611 -1.940806992536097 -1.587735523587778
1.824983348945588 -1.583670746651454 0.0891711224040872
1.775314798519005 -1.42467478992851 0.099527647000469
-0.2406727877404573 1.636369447896656 1.835781502658767
-0.4546072243914822 1.663239065447929 1.900657015491582
0.9611436218517762 -0.6750704835438605 -1.660711518067513
1.106022998284025 -0.4842576575116597 -1.634450304179364
-1.731793645196777 1.749962954538246 0.07928340730355
-1.818626099439159 1.603872362487607 0.1501762557806246
-0.3366745740042321 -1.630600037529595 1.868926399022675
-0.5388337004491582 -1.760679801063439 1.913982025447909
-1.521343820082762 -0.1127779367986246 -1.798056631349147
-1.35786183995671 -0.1294927440552552 -1.716062199962973
-1.260089620472166 -0.3086620388983989 -1.676160206696133
-1.409937028692513 1.771010508084392 0.1734925614683189
-1.599185231561839 1.834442329284523 0.2231932409180344
-0.8471019542837103 -1.05124454478345 1.940976901224429
-1.011524014724229 -0.927700229066736 1.96317322538898
-1.829243642913735 0.3389613950576132 -1.723512611726319
-1.611648695978944 0.07899312994909848 -1.79948477813181
-1.769002191847387 0.1282987658372459 -1.722438843069887
1.407699641855164 1.371760163229897 0.1132084332509605
1.703866554740544 1.302481167167696 0.2058497691457166
1.53185075500536 1.249667000726238 0.234619000531944
0.5082564128231999 1.337647426471497 1.905009469817598
0.6783686860419436 1.182349585623766 1.919576277780081
-2.003567610270063 0.6471056022784865 -1.574101372695762
-1.921042807147811 0.4380414185912065 -1.55916841627422
1.267454658126945 1.640808077237281 0.2235669392277641
1.251836458589039 1.468928247302517 0.2480224312437458
0.9724146681682609 2.041714531726798 1.906861302767667
0.810196022914362 1.89453163913769 1.970865140643709
2.241538494227467 1.590352141700749 -1.547631057192519
2.228827553556065 1.366316588406508 -1.506930197714829
-1.652406224469852 1.267999816608949 0.23568803230753
-1.346193535199341 1.394036513022046 0.2057550006873182
-1.482994241012214 1.230174306196443 0.2994784735603355
-2.113352903267033 -1.247707798030887 1.939875660076534
-2.132959050222743 -1.484723557746848 1.974719623419683
1.613230439825244 2.245671043769589 -1.583947135513341
1.82894252185573 2.20233102031757 -1.52949730438621
-1.37682709161305 -1.746459291393096 0.209879214504321
-1.540866681708895 -1.846040556732158 0.2475128039337043
0.1250711564894551 -1.527094344976778 1.830812313920133
0.3603987820577896 -1.502291018922283 1.880805563165585
-0.15476016756162 -1.74756486879977 -1.744414516477542
-0.1875262854883238 -1.837230553857069 -1.588663598364372
-0.3991824743943187 -1.894098692929478 -1.527736007885776
1.671339973873459 -1.826332688012715 0.2371248669462259
1.814591261382664 -1.708465860194591 0.2636607655470085
1.995286477281128 -0.9278485260368502 1.932722400044287
2.018268034246026 -1.120233031419342 2.001283227199665
0.2030387293757132 -1.387048310856604 -1.775804139291628
0.0269031809125264 -1.487338050782055 -1.79638188457496
0.02974127115868259 -1.657726412541596 -1.781231546725925
1.432708041031178 -1.346986129571117 0.1876210689694839
1.304502436740887 -1.724115239084589 0.2660556318837469
1.272351615857086 -1.394002037516969 0.310484494924269
1.195640430293191 -1.582253109038347 0.3393138766939877
-1.929469976304079 -0.8973051670776617 1.982787550670955
-1.978924725110922 -1.131073548229631 2.041102793968731
0.2166343028149151 -1.290952627718297 -1.611782090121329
0.3785950056930958 -1.20459105004022 -1.558084767621318
1.755814656223714 -1.314825828275276 0.288155546502981
1.595568839858856 -1.219878904304227 0.3025107140926476
1.745574571173202 0.5964273649595402 1.940448960231724
1.852174533437847 0.7684071428839244 1.965608786075617
-0.9523127795580407 -0.6662724593797197 -1.607107323100844
-0.7903849248980456 -0.8351921165749795 -1.574545197683354
-1.371719928907056 -1.342007858648139 0.2671278861746844
-1.246183118657896 -1.681859920868239 0.3481984270889306
-1.211211374492676 -1.46617872496618 0.357283260897248
2.075326911063825 1.175758550146021 1.973634034670508
0.2674730623050964 1.771678525925015 -1.746836497398816
-0.052327656072548 1.575597697824316 -1.795723942131519
0.06820735974778533 1.394240290546536 -1.744991534420376
0.05772393050755273 1.733420966053344 -1.73981037671544
1.842419087313938 1.662379128281749 0.2996821766764915
1.57774455564808 1.86568539053111 0.3143690583684085
1.766319944812589 1.835044929220531 0.3961063745630858
1.206527546611048 2.074727911678167 1.981688551473507
0.3200556935226366 1.854055265169637 -1.562427983031712
0.4827513096873533 1.912855412261425 -1.515009650605164
-1.760493803883355 -1.331724503976857 0.2961476076837942
-1.474633762788502 -1.17159422333503 0.3961453123719598
-1.669599819882982 -1.174365145247196 0.4127514768696822
-1.537249791920517 0.2874320419017511 1.856668302020765
-1.626978393748404 0.4859100401867654 1.925170256028672
-0.7407203278870491 2.045604605857695 -1.610894765462332
-0.3626173150793747 1.879484247373298 -1.625382326302958
-0.5571413081286996 1.964361201196538 -1.50320179385396
-1.865921757872694 1.543777744920511 0.3520233076860386
-1.813474260816241 1.316483716894776 0.3960461011093404
-2.007367455751304 1.082070468620698 1.999285605337568
-1.885658312637806 0.8765111933405988 1.998016665672937
-1.140013320847656 2.183149757775841 -1.602919576851867
-0.9441605544637673 2.120298955102547 -1.493782519450314
-1.861677336870527 -1.652544122981216 0.3380240061686375
-1.898621636527629 -1.460561690019794 0.4084870839511422
-0.6085303800253881 1.303982327030708 1.941550836316427
-0.8026487904421554 1.166523320026938 1.978451051008581
-1.354335795841137 2.224920700014706 -1.49197820930845
-1.257469777051969 1.709603513159388 0.3356658734680703
-1.213106684213295 1.505112598837317 0.3469909687079416
-2.069258074883913 1.483388340464634 2.040852838442235
-2.042033727291447 1.687000885816564 2.057581040623262
-0.1581736338603397 -1.363770180125279 -1.750919579864525
1.816299210652394 1.300633282040221 0.3980962026730603
1.907609539669338 1.488400002388652 0.4332550270173403
-1.716095968063921 -2.091869738839993 2.012317401321707
-1.460803143958254 -2.101109493585973 2.019891865830899
-0.1493859437479406 -1.290446741594211 -1.600012412168947
-0.4705916141012351 -1.133349433747398 -1.526130915272314
-0.3161974084164372 -1.254816766527266 -1.474429599550187
1.246710816092725 1.771938042524644 0.4160248365505259
1.409463307932292 1.903201605391729 0.4540572625912752
1.582707425074742 -2.119235044710965 1.998728599945878
1.810972467680077 -2.063047716031873 2.008752481801548
-2.150656610618549 -1.017568766371424 -1.58513057834031
-2.007591298290428 -0.6499931534824144 -1.504842052852998
-2.079631485065806 -0.8488155341495331 -1.461301057830823
1.568156016276461 -1.9043953801521 0.414289157747818
1.362253113810414 -1.872703317201673 0.4270040660885145
0.9709107558484883 -0.9503842543052202 1.959700095844596
1.154440615288756 -0.8254834310305327 1.984420398655995
-0.0480941463537841 1.315092820711881 -1.595282991928679
-0.2603338409148385 1.266652044228774 -1.590866592447673
-1.650975851670415 -1.895958498981884 0.4314804717330289
-1.84883057896917 -1.808693375265714 0.4739253867262879
2.167803024459913 -1.907374981963049 -1.489375447411591
1.900345781324138 -1.688131569037231 0.4599841087784889
1.886446523805143 -1.325451793505114 0.4904495956823117
1.970274879585464 -1.502750113592341 0.555667437193804
-2.230879147039424 -1.397547031087201 -1.47035221231522
-2.19383495236597 -1.21245531227293 -1.429327597015783
1.461995834483093 1.170540405072461 0.4270937880444491
1.176309346654204 1.375667693815317 0.4643423022746965
1.262317609398061 1.199373014088919 0.5220030917944163
0.4953115560641949 -1.657191256300995 1.93422676403576
0.7017283010795556 -0.9262367454252408 -1.512831518329399
0.8678365743567026 -0.768972317552011 -1.494901505953431
-1.634172582384718 1.90072985517304 0.4404873159152696
-1.931675078090216 1.689430515923081 0.5198267004453091
-1.824974793221203 1.879717222266045 0.5558253626616058
1.840870734234079 -0.8017192949497337 2.00525265963773
-1.82357181166406 -0.214745650521685 -1.558619588652044
-1.797478023749669 0.00200558156908418 -1.561786491516575
1.581755059343481 -1.103572608723144 0.489931843379821
1.256904905728018 -1.239823065337153 0.495589681316833
1.403447550386734 -1.076500861810217 0.5601473846492214
1.501257303507948 0.341940195261016 1.884019429694231
1.520805967722678 0.558410702278073 1.963142550233503
1.365249162998558 0.6933602728041866 1.993372156536283
1.73655819015494 -0.00608285688743269 -1.727062387342713
1.354166823014745 -0.07089063270112865 -1.703894011312959
-1.240392581109258 1.825729250634058 0.5048759108252315
-1.427847183572682 1.953423771447579 0.5599966738227152
-1.282442203952269 0.6826814049238656 1.968483563609538
-1.149191753190282 0.8675988484815536 2.001270533767736
1.891759815993558 0.3896497847378179 -1.584026774621343
1.804088356437734 0.03747802874466361 -1.574358953974247
1.816248311413707 0.230608890384259 -1.487283795296071
1.771555249370951 1.115647245878884 0.5610762897135362
1.589267672936834 1.038368535352583 0.5613046436986977
0.9917728649701871 0.625956976972072 -1.538280268451604
1.215685797981318 0.3060663120585429 -1.566552896163331
1.128799885331134 0.4876059858221518 -1.451252160385887
-1.422798965321045 1.131958145752561 0.5096547994039002
-1.130461023628772 1.408689402064971 0.5160406295494828
-1.203352598923649 1.199397155805818 0.5849809873724242
-0.6155898702589742 1.51564463732214 1.99218558691113
-1.084761464656496 0.5160155034381561 -1.498932636382959
-0.9275415071813394 0.7027866110656681 -1.501202748190081
1.091124306948182 1.711845397110487 0.5628300185502119
1.036341037047567 1.487454878335923 0.5866919922584007
0.5640672770679559 1.521792645619071 1.975296970244167
2.039837150920472 0.7325055226161385 -1.520078763645794
1.963095510221458 0.5841605653306398 -1.422517057695776
-1.195801265436086 -1.805517243379369 0.5235894665781679
-1.560589229141873 -1.974686294079994 0.5918263095107491
-1.329246315939602 -1.955248640890075 0.6189024114309486
1.690699011867054 2.065063108332682 2.049675889730676
1.900944048334368 1.956371040642076 2.057427689845332
-0.02268309612864307 1.783004517663458 -1.566021962717658
-0.202583495173574 1.795723299099775 -1.491998187090263
1.677664578120091 -1.966412878019542 0.58298083740068
1.866603055658563 -1.868015894722796 0.6021398898305683
1.193207616765939 -2.012198856518379 2.042697090962386
0.8428545930644339 -1.854809262776114 2.014913540721269
1.053289215662955 -1.860051568457346 2.092810948580464
1.228964121332755 2.204171256646826 -1.495634500139998
1.456591463168752 2.231730831676183 -1.427536138514646
-1.131736114970162 -1.390332576301448 0.5251862092893619
-1.364946248869211 -1.083323201632826 0.585113769582989
-1.182557155465252 -1.177890688281203 0.6239992917778275
-1.994198016984271 -1.825896161256689 2.064886016431445
-2.010239727941199 -1.599784949113332 2.104907621700888
-1.288568957074066 0.0753270052819021 -1.592549565135138
1.073835648542631 -1.623204233404379 0.533419873158573
1.246841425877752 -1.912268466746402 0.6130937357630967
1.067285967057664 -1.804631512995351 0.6462512980229143
-1.487088817053769 -0.5087166454383053 1.950181332009501
-1.338315488351257 -0.6727790821085727 1.985211908314836
0.7235312132614306 0.910709887573665 -1.492971275239602
0.8848479109421059 0.7879241994588372 -1.399438197815284
1.884297322607607 -1.144151531328469 0.6579163580533824
1.739851674510802 -1.017219270517549 0.6430434381612251
2.112216572384643 0.9343903546123177 -1.455201921597335
-1.863718320837845 1.230099594122515 0.5820545930394389
-1.540916313655786 0.9848941623948614 0.6355987851644165
-1.757568504265438 1.023118688756117 0.6613864557488968
-1.501645161123233 0.6712596946460906 2.010348011509151
-2.235497251364758 1.639306603837218 -1.447388714912523
-2.227984556434149 1.416023698926213 -1.414618712179806
0.9939435591172495 -1.464963649592826 0.6386423407760723
1.100301630738741 -1.269833553046977 0.6296415307040512
1.034947493315403 1.014870168024435 2.024755345775809
0.8761104169785403 1.194330395216064 2.027437708720041
0.04928644446412741 -1.317918929112681 -1.481452667709082
-1.974175384720904 -1.422095981603791 0.6140409306140174
-1.781062617081671 -1.098228578268817 0.6068791274640554
-1.94751034927532 -1.217122228582474 0.6958291049410424
1.41642594451876 -1.997222746244655 2.108320003293217
-1.186135707626257 -0.373257692062906 -1.484523824363409
-1.062131443559396 -0.5683348640008693 -1.447039471428458
1.820935197211849 1.893322113100878 0.5920184739433553
1.986830557364469 1.519341206181424 0.617758861195179
1.976255357408329 1.751597515954868 0.6800981102345998
-0.9958957981970951 -1.914201214310986 2.051962116512073
-0.6919650184987591 -1.644131377422536 2.011479899518035
-0.8761284869280382 -1.723134223499525 2.074168635012787
1.310628250424 -0.06458833746617133 -1.542485259916403
1.321815838604226 0.136612265135826 -1.456592351356689
-1.001640396991372 -1.706167792029941 0.6500463729018305
-0.9725469906906686 -1.506664320854078 0.6425582818047071
0.7055824239210087 -1.652734856309739 2.021862606844057
0.415135606359236 1.159749474155854 -1.486347253007767
0.6114224995712547 1.06045207723599 -1.372010133171433
1.443555409003896 2.002608652546903 0.6651645854829443
1.666451909118943 2.023369621566632 0.7213884806403472
2.032081863604237 -1.765800503685099 2.06310877080836
2.041175872362509 -1.545176446716731 2.088878329248943
0.1464798650829792 1.788437474966183 -1.414503003317104
-1.961758942313396 -1.78757147923765 0.6753887463572111
-2.05015944840803 -1.592956518537149 0.745041212462436
-0.6703501984708778 -1.402125213216266 1.999030855489243
-0.8415266614010869 -1.267493854718482 2.036186744266697
1.490303634806982 -2.236724730032887 -1.432870831876478
1.257006262856186 -2.200513609964016 -1.394162749455926
-2.031098084317345 1.587337805031088 0.7148666427251555
-2.015588824121427 1.355300911256257 0.7330717418959836
0.7602268563872249 -1.284315575484775 2.008070622756793
0.946506542514749 -1.151110876623982 2.042729438112997
-1.149994544074872 -2.182564339536016 -1.448735111262605
-1.382855224485519 -2.220048712540502 -1.391166133213202
-1.048757079150849 1.768933672946793 0.642930521912623
-0.9831886145090371 1.556384738699776 0.6427701453970029
-1.670943287169518 -0.5669207938189152 1.969552687947236
-1.738226553157104 -0.8036302808116395 2.049876739848929
0.1551151412506938 -1.783638579948048 -1.444113922355529
-0.05957431978728814 -1.765036422602477 -1.436851926726342
-1.473163081914034 -0.92180952460676 0.7168560189589498
-1.694313393032014 -0.9339439793305854 0.7220152123422937
-0.8901565495681467 1.815079632117865 2.052284142599182
-1.115320180072025 1.902877430313588 2.091546626738827
1.187048499235035 -0.4117615597795649 -1.445464740092115
1.321965229825941 -0.2322550529558071 -1.405707622147461
1.885500219801236 1.096480410728603 0.7295318006885477
2.009465198777809 1.312407650682711 0.7510555478259106
-1.803617694133379 1.976494124457974 2.089082856582348
-1.572614340004957 2.012040118656641 2.108042925366396
1.846426401303603 -0.3246223172312534 -1.456641125036907
1.775435470205823 -0.1327073104676731 -1.406020106241521
1.550166377509147 -2.051902488835864 0.7601005886674667
1.325246127732855 -2.029450140513152 0.7774985786891868
-1.801548736966652 -1.924257759209803 2.126681308673704
-2.11655944756304 0.9770268623998061 -1.38275604440129
-2.037204662783521 0.7689234141749827 -1.375320691873821
1.246127234618037 1.058209928976642 0.6966746855339311
1.460194038471339 0.9437328019645523 0.7138532376037969
0.07707195508370483 1.342487151432658 -1.426577887797565
0.3014245216546071 1.302314192656502 -1.380459643082777
1.051918043805751 1.837346171443734 0.7200409890105118
1.241596654021897 1.996845864013065 0.7843431299024951
2.152057904781932 1.928218042719379 -1.415573874213443
2.216485722398609 1.718664127129814 -1.363635015968403
-1.727237120274967 -2.035678857684183 0.7733033154467424
-1.930552106147735 -1.935829166558008 0.8144208372999454
1.859106380119789 -1.882116035051399 2.125387555695084
0.8671717507274651 2.086482856987673 -1.416942363915887
1.079414208624299 2.145609620953238 -1.349504039032636
2.059067362800981 -1.517662546204327 0.7767167111731458
1.95493197701072 -1.88579565278046 0.786079816512531
2.077467185891812 -1.720823759706882 0.8649733094397934
1.523700835458767 -0.5571838952068028 1.976917202574151
0.8084387247818393 -2.052646817308177 -1.387287558302662
0.5947991753057972 -1.964989777638579 -1.39422982475515
-1.421626326206755 2.035311604165855 0.7593183400749197
-1.836925934699516 1.980832161029341 0.7721388008464309
-1.639902866497104 2.083732626654613 0.8561224203522992
1.934792709150026 1.169228186955688 2.097458236567967
1.787241118813391 0.9573554616443541 2.090364564553657
-0.7584449437289006 -0.9179643223329469 -1.375444231058778
-0.6145822142805023 -1.073779336986588 -1.339694950945719
-1.020165812747376 1.896633743624217 0.8226355808828899
-1.205580457339859 2.035317154029758 0.883902636047703
-1.939997041383004 1.277059684524978 2.121428103705478
-0.579006249695289 1.057529198233566 -1.433249689013857
-0.3894460798856376 1.209428930757657 -1.402417205712567
-1.2618769108217 -2.02271363621623 0.8205599521180131
-0.9242959970412844 -1.802980123199965 0.8123508953461531
-1.051087460368096 -1.969794569875549 0.887551529709555
-1.405417047600245 -1.937404764686649 2.14320203840265
-1.225629623913657 -1.856900676609065 2.144910001852953
1.861782726054272 -2.170561840038169 -1.329923062493224
1.654415994586858 -2.209160433115313 -1.273373647994728
-1.042586733080944 -1.156760811664157 0.7886936766110294
-0.8983864839010386 -1.36178469177604 0.7960766869977518
-1.19697725156105 -1.00464456295648 2.081997636949815
-1.371551390661643 -0.8697306116737383 2.076272453809377
-0.8008478745175577 -2.052568225704746 -1.377254479035201
-1.013929832242923 -2.113512259068302 -1.303759378232151
1.996976655537108 -1.142024393700848 0.8606364362182113
2.087918339950162 -1.338237088489479 0.9142189478264825
-0.990993753527544 1.223162558810116 2.085270512741838
-1.187997994101782 1.058074083330499 2.097014419295963
-2.206186353031519 -1.749627670758483 -1.324228395112554
-2.212352188436034 -1.569871855162212 -1.27318361415159
1.393217930329196 -0.9271094450364862 0.7367219541435346
1.715769616065679 -0.8351670407430305 0.8203777953592883
1.54744338084082 -0.7721289621748949 0.8438407700721974
-1.865458165305205 1.76250225164867 2.168275267159481
0.4574309417967988 -1.198520047846446 -1.344342849439068
0.6378278216412427 -1.060903157024695 -1.327277033829539
-1.099266632738243 1.115898815354988 0.7743586148457254
-1.416587321956804 0.8591972064150027 0.8082341200786912
-1.194384007436657 0.9227628493218721 0.8716677617914762
1.284625869460959 1.949141561442399 2.117120200933023
1.519625168775762 1.947141302798129 2.152165739245547
2.004140324951466 -0.6845376723125806 -1.394906960151571
1.874513158394031 -0.4927990128777653 -1.314262816625994
0.9145024900578579 1.405756796694862 0.7559668888687083
1.100955921552634 1.045241235170246 0.8371837270598949
0.9284719147372177 1.198922643154617 0.8614095703903053
-1.313169960788071 0.08828438328915801 -1.438903151090712
-1.402694156634409 -0.1064440481068369 -1.353243484223672
-1.313455032529356 -0.3090606701754224 -1.345336164845247
-0.8627272525117413 1.462658351177737 0.7969449696257778
-0.9059136954460696 1.231464674092101 0.859593081251559
0.8067448602121173 -1.493027902551082 2.07266511799652
-2.039792659463989 -2.06582700578101 -1.352210836717776
-1.851908310341103 -2.176112171989816 -1.342869327940615
0.9371535369025694 -1.84431991259067 0.831273401197368
0.8367673269101398 -1.508528976145313 0.7949828623159778
0.7865269861804262 -1.706457959552185 0.8747824978729321
-1.653452462201769 0.8589488079400583 2.082984131904946
-1.827725619404424 -0.3340911110455522 -1.358411614159178
-1.90652157498331 -0.5395070418520339 -1.327464977814879
1.076720421606076 -1.112050274383705 0.795428752545059
1.223094076537814 -0.9326483699001499 0.8379514726521542
1.412985679930509 0.8828117812113092 2.087194838371328
1.232441507206221 1.03325884513968 2.105086473339449
-1.780392164660818 0.1460699893364233 -1.377529443878985
-1.843715496992612 0.3714431971381784 -1.373837599980198
-2.091792939843193 1.718708196740857 0.9069626980914368
-2.004321075094376 1.921915846396145 0.9282361939964154
1.96635431033206 1.586115569858579 2.137327683046975
1.85800421556411 1.764867466025002 2.167668487169411
-2.101897968307169 1.980296234827427 -1.327717641717761
-2.186220617196771 1.777020929027505 -1.269755197251465
-1.643434233249403 -2.113449774333363 0.9432483810868955
-1.409416936998406 -2.11992220605533 0.9634289158379669
-0.8342265502012731 1.601347630960912 2.08256484674436
2.152679238819526 -1.087172326839077 -1.36477254251443
2.052199204071922 -0.8758481885577427 -1.274366719463081
-1.851263014277299 0.9336314584006195 0.8547617778625166
-2.072478715841656 1.261486322745428 0.9397127720480523
-2.014302722569936 1.046797775256187 0.9820709453051273
0.9029054232268675 1.747904044336908 2.087218676823058
0.7976323091179861 1.557990979109043 2.070011765912882
-1.349119437461614 0.3065969148029168 -1.305858142397504
-1.212304566242354 0.4811622239856864 -1.308764441139205
0.8598877640016894 1.768546587873563 0.8411497097532541
0.777255480154412 1.561347731899255 0.8532136359032615
1.866186876847946 -1.215791471509706 2.143778332739615
1.877684479935649 -1.437955020460497 2.177474478373385
2.18195456536235 1.2629888377792 -1.29104930260281
2.111060834611497 1.027436480462978 -1.270269982966133
1.864836563953989 -2.043858323239117 0.933672825775711
1.649009441990889 -2.111568175997774 0.9268526503605349
1.498050631856552 -0.791631439734874 2.066057761284492
1.316690315679212 -0.9165530734814435 2.085690212141442
0.5423033783147995 1.895290348268851 -1.288715064872509
0.7456119024400341 1.984254771532357 -1.256664737691043
1.867467325021937 0.9096921888100605 0.8852424206630699
1.509043642783298 0.7967396831608656 0.8451246583719486
1.708661127356265 0.7463149816676595 0.913218660601132
1.860845722688111 1.37957263860935 2.179524816904452
1.888148583758632 2.156139119302146 -1.310398663534861
2.050239107259089 2.020820444513772 -1.247080541988032
2.040926924833901 1.781911060605869 0.860718676969355
2.09019302842177 1.347290212175402 0.9273307061485107
2.132229954434002 1.584537312325115 0.9746545862525343
1.143222391330677 1.769500586690248 2.158646488406532
-0.4800164688368549 -1.874713285061352 -1.30872173654619
-0.6844372717572371 -1.941800193155663 -1.23242789562402
1.746973055765488 2.077987714099173 0.9112509659510679
1.966127911283966 1.978253750284421 0.9625015259888312
1.673116307618308 -0.8951895341994182 2.099888286388567
2.220063280559349 -1.499161550584855 -1.311237332742948
2.175819173105785 -1.289989558226642 -1.235032771739974
-1.386968915250789 -0.8046998130613973 0.8723352233621459
-1.03989110854665 -1.009188680418881 0.9294203506882389
-1.190563365490692 -0.8379672997119801 0.9577320937413427
0.939563175809827 1.385826569553767 2.107585696426273
-0.8796232379915653 0.814924345755808 -1.331200118893655
-0.715576938099126 1.003944503327179 -1.298366324992206
-2.026875602058161 -1.171416037205405 0.9011967039833896
-1.806047389547749 -0.8427800401871379 0.8930149019766316
-1.972161866380247 -0.9613584477483 0.9832464161407404
-1.025603464932302 -1.348601023078902 2.129760890228244
-1.216631994651747 -1.209296047033613 2.15337545874681
0.986980017339015 -0.7228145743184253 -1.305790830188462
1.161312565785099 -0.55641664257818 -1.282615278215295
1.196247057273194 -2.068702431641231 0.9720845364598697
0.9877099252629954 -1.991209157469801 0.9927017967082331
-1.015512023053076 1.446324559452659 2.138749557882913
1.198695629195621 -2.149897378507739 -1.213471326613162
0.95132071421666 -2.063557091529709 -1.204441147082884
0.7845933537633253 -1.342090792306874 0.9140112174278233
0.9181883768377691 -1.140742187091114 0.9234579177289257
-1.267358295867296 1.764515648296884 2.184784453535634
-1.480583249696956 1.825955339162383 2.201273519905132
2.138223848837433 -1.900907190543379 -1.27919435258205
1.993559151708795 -2.051028743425751 -1.182060850535164
-2.125715235182984 -1.547540081667235 0.9585621289039552
-2.129096424278699 -1.330973353356807 1.032929446097884
-1.819867586190153 -1.25551027502967 2.171296004440107
-1.83157644206472 -1.48720591619741 2.200256868829115
2.179948535028641 -1.698661396647031 -1.178386387329792
-1.534682187133785 0.6934811057656063 0.9340589814304773
-1.752705688844628 0.7296908313899669 0.9547989686298224
1.675450893267277 -1.116877205376899 2.169853132335073
-2.072173987204349 -0.9350978859995527 -1.240381496105993
-2.13847425171966 -1.152267731530084 -1.221504140563063
-0.7219427019120914 1.613192056653895 0.9219825761855622
-0.8138127975059136 1.834618514853359 0.9475128109270544
1.10909398834268 -1.264138658361334 2.138161459187371
1.295747902066875 -1.154481678493483 2.156401930404416
-1.055553752784832 -0.6818480953302172 -1.260443096819641
-0.9137951076143315 -0.862557896467035 -1.221409981867451
-0.734203475598146 -1.773265269024366 0.9613353011841074
-0.743962545456243 -1.402775423549739 0.9226080825700135
-0.6374407605171372 -1.613019858036843 0.9907986403498374
-1.587607985351742 -0.9423776619961949 2.121565929405735
-2.174772887599704 1.326994312078185 -1.201763727499876
-2.115350893974396 1.107383354239346 -1.185781518347325
1.854030742690176 -0.7851382591186463 0.9906928633119986
1.990792134064801 -0.9650633512655432 1.016078584278765
1.602126441822185 0.9982727516183013 2.144723517752407
-0.5874555847742343 1.920889255081929 -1.285495780090201
-0.2704969556733495 1.715319082755138 -1.292527515147033
-0.460845052224685 1.755608084914051 -1.20820564059597
-2.051488855536926 -1.911737303474111 1.02619283621785
-2.158251478477541 -1.718063179283839 1.100681661716635
1.480580858861725 -1.834624965474266 2.20356367221032
1.694996251857419 -1.775705582960101 2.210607342756516
-0.9610923959965584 2.08948327510901 -1.273973377030987
-0.7879664460653751 1.971316979749549 -1.173379609279245
1.22229175448462 2.070085998769878 0.9680222923301999
1.633580562247934 2.161847546414101 1.081092178299098
1.405826163331332 2.161685397324906 1.100424218791909
-1.038590470431372 -1.562235227653674 2.155293736945543
-1.777983886898608 2.187245259393823 -1.273425324498164
-1.958210766118949 2.075392928049223 -1.177869546270274
-1.508338697641094 -0.6234741717869245 0.9859860261026924
-1.706266860820074 -0.6494199441888399 1.001506511333834
1.039015784757287 -1.482641406116455 2.151632558345687
-1.368159164726366 2.198387616778527 -1.270081679862509
-1.170768531265677 2.125800994546124 -1.161213904986598
1.997292700572299 0.9362592963841608 1.058497633422259
2.09605342499556 1.157930079795394 1.079062171770337
-1.619794269577947 -1.160489275062257 2.184669950699137
-1.581936925528838 2.185044844965563 -1.157405875633182
0.8134122126012953 1.88633169713646 1.007347605323574
0.9861375928680793 2.028371415463444 1.069918047008536
-1.602622117330519 1.054964210307171 2.153717339376724
-1.392932095086882 1.139841455896841 2.170631416731665
-2.102442707301606 -1.924346808965478 -1.198148577090174
1.325123425813679 0.722704640939587 0.9833492896200043
1.131102508436317 0.8567290659368778 0.9925869103778163
-1.767457553398255 1.267515811611991 2.190892371512625
0.2689610943270783 -1.711920064955583 -1.282056948929349
0.4841045353406637 -1.815493867688767 -1.248897638950728
-2.17032358655905 1.613193630834784 1.106808786497434
-2.166518622753433 1.388008650614186 1.121353761283221
-1.623188134016303 -1.820852515213177 2.205591555312063
-0.1883216943402358 -1.67102469963915 -1.283442850057171
-0.3971076544838076 -1.723833423025617 -1.216240250355615
2.142481675017488 -1.749342214436574 1.076937316461548
1.951159273885017 -2.061734918407413 1.119273417070078
2.106269176067424 -1.93219070267845 1.183644414828653
-1.235290002855747 -1.640657219722529 2.204423000573996
0.05483156120135679 -1.428379931118295 -1.354112305268809
-0.3191244677068589 -1.361944598978224 -1.290044150296277
-0.1467678863011329 -1.508035576050783 -1.288286600474763
1.218225961171177 -0.7708664427296897 1.003042006123685
1.429676251620547 -0.6609449291509472 1.012474692649562
1.1482879710647 -1.647590665556344 2.17872745505242
0.2307909154517466 -1.518183828680801 -1.271093509615902
0.4121542822411586 -1.3835514722916 -1.220832860663864
0.7809945154334406 1.154449121440922 1.052317341816656
0.6232062402562547 1.489766134651781 1.005742834804717
0.6129758508559234 1.289701677733693 1.099403859196515
1.301916692177271 1.230997769706672 2.179700941138817
1.16787543711774 1.40410526692913 2.179517801281409
-0.1992633318644223 1.529438073449216 -1.295597021247444
-0.007289757378742184 1.496484328378654 -1.336411436477477
-0.365654861644692 1.358822898173906 -1.258095340961486
-1.635230099520061 2.151435992179267 1.058640950335563
-2.009569687738576 2.022965965542203 1.147749349451421
-1.837501780366673 2.149585645700054 1.1941704862847
1.623430636234304 1.763819992503234 2.2215827937142
-1.472098918474847 -2.194869763914181 -1.195908349339401
-1.712356472348582 -2.172057727995981 -1.166649261582661
-1.219346385489735 2.1197284364075 1.103567543984239
-1.430719487379589 2.187426252068251 1.181501777994719
1.352361286510649 -1.637140172846989 2.223857266351445
-1.569481789461166 -0.09186158256894711 -1.306428026717798
-1.64763967250638 0.1097217314555317 -1.300928964896484
-1.673825441040146 -0.2816177877985906 -1.259534799300631
1.51988272868704 -2.175018674193321 1.112786799611586
1.292040593745637 -2.15460527815949 1.140620695689201
1.479442803893185 -1.251247715924394 2.206734325493973
1.730954267892785 0.266249207163307 -1.303373183996828
1.634299534106989 -0.09378318481806998 -1.317678889048878
1.577658376817977 0.1120424711733147 -1.302107125482362
-1.792152275881795 -2.147018368669617 1.130311424841399
-1.996891912296551 -2.045155588936539 1.172138358119151
-1.423392417978545 -1.292493708816933 2.210754296899774
1.202510247909893 0.5312077879636669 -1.252246036926163
1.410479858775634 0.2025025630183493 -1.300585610934589
1.378060180731486 0.4155584120825813 -1.211540032281506
-0.9652484541264208 -2.024475873281632 1.089596330453518
-0.7511539077556882 -1.930444239923476 1.129908566187797
1.529367785275097 1.219263263887825 2.201837649521587
1.879493287072467 0.5998362523904937 -1.211318450591041
1.722863549323645 0.4409657885767198 -1.188917556217366
2.165466338062918 -1.375660507771656 1.131137501321386
2.201629850039414 -1.583604420216197 1.205599271689804
-1.666635105664954 1.666065048666494 2.230102174790781
-1.633825983294863 1.463230729724794 2.23375106071591
-1.925021565889154 0.6987283297792691 -1.187037973080393
-1.814057203220496 0.5103122964297446 -1.200487837608312
-0.798874225730955 1.140266957027761 1.053267140133499
-1.085326955204901 0.8354112459782966 1.065629618434608
-0.8831701107913719 0.9373494949470723 1.161994530370797
1.266261538529708 1.597866218837745 2.213371682351492
1.511621690252981 2.205138158229745 -1.226828465587971
1.727466728812375 2.172886469307728 -1.164140821735317
-0.5883985905564498 1.492337669187062 1.056800913402405
-0.622143671440985 1.250606246646564 1.125437365724561
-1.223480138215221 1.521694778592908 2.201706680534542
1.145020421005756 0.7175500358404886 -1.126618869105724
0.9643851043989149 0.8359154561857388 -1.186782921929128
-1.081747821741106 -2.120963351723188 1.225856211140795
-1.315126854159487 -2.163490618156204 1.166680374116785
-1.637174128157444 -1.60991188434414 2.239145510198032
2.181871606360546 1.612215245221632 -1.143239007019298
2.160051389995689 1.380575509165261 -1.111354153131395
0.628622949160157 -1.743007190851529 1.040718933972582
0.6245115338718082 -1.368597320396876 1.044860208003284
0.5187814699983535 -1.571584735534659 1.091768288991088
1.704480342915007 -1.552168625337568 2.236924706994235
0.1615943799403674 1.658008537457931 -1.301711464602069
-0.7076798992309428 -1.22342110466343 1.068581956754293
-0.8594082131414446 -1.034858241644454 1.082777235259241
-1.40389596967479 1.380300150516707 2.221844632829169
-0.6310140218618258 -1.218696316482195 -1.14719522926357
-0.4899504809729804 -1.385394245693963 -1.149245744336256
0.9043279465284503 -0.9879336398279494 1.086442441177597
1.057991875930119 -0.7974597999500799 1.123503809465262
1.640535475804389 1.38869042556754 2.229545276659322
0.7737135973025731 -1.049761135842922 -1.161925537628142
0.9567575197231984 -0.8689369810098831 -1.158369346363032
-1.407202920329717 0.5706644055355845 1.090215127660775
-1.180051002920979 0.6490289028414056 1.158352122952121
-1.96112909485514 -0.8487703807332826 -1.085984713468011
-1.86751686940948 -0.6520019172528825 -1.129527200154723
2.169989757328322 1.831146776851476 1.255844693428126
2.18775976900857 1.622961569506799 1.178476849384513
2.039660929203819 1.989065209348344 1.153805279315624
-1.429063420683475 -1.510220676931077 2.236268992009661
1.490664679973442 -0.2468804588920042 -1.277382946534565
-1.009606653841825 2.089296842800791 1.22162968312074
-0.7894877104504863 1.94287033165219 1.126842005228368
1.511470484118531 1.594185883295002 2.241262449346636
0.3568533992789352 1.588115488328052 -1.208580157168063
0.5020944857180204 1.722165945622349 -1.147967948831982
0.8590548173863076 -2.011092108489799 1.176250032416475
0.6505943920056123 -1.900752094910011 1.18075807300526
-1.516801516353167 0.3134517974314007 -1.214699413709149
1.850892010365975 -0.6044622855589673 1.162752428449492
1.482778966942004 -0.5201911473554749 1.10714455407672
1.700828811938724 -0.4567164503981542 1.166756909466073
1.496974650453212 -1.464375586934272 2.240109754519364
-1.022099680746168 0.8008224757713037 -1.161503113212337
-1.197561051521799 0.6538314616286941 -1.14133754726501
1.716072123973235 0.5607447123713224 1.079516357113826
1.348579158196918 0.554670756526661 1.116652173577813
1.539910371783508 0.4431355294516025 1.144725238842451
1.874897488507201 0.7556498806391966 -1.052045763141064
2.000801262203478 0.9392725279547959 -1.071691898725717
-2.013660138976512 0.7967730487840509 1.26459068385136
-1.856133462078006 0.6557504349327007 1.134018191762216
-2.073272074035771 0.9838797620968852 1.212680628161577
0.9006988286618322 1.021174123296127 -1.059448051566771
0.7090529215148472 1.12292505623155 -1.151142185384757
0.9942556383072499 0.8335940271310176 1.158853779992711
0.8166316521197899 0.9776326746506907 1.19435836810114
1.371756246970655 2.143569332296172 -1.055508947634789
1.16717610717797 2.111600370049022 -1.110086159454102
0.6038650074371329 1.830820690564242 1.129238254886205
0.4962913189393698 1.641453984053871 1.115569558217341
-2.118137017421581 -1.27320314659838 -1.042355226160676
-2.154970759464501 -1.505715551416237 -1.053010084449766
2.170236997824787 -1.215899588695215 1.279577287445024
2.086504478239724 -1.001515126977734 1.218100882010674
-1.373474555748904 -0.4637759878635097 -1.168627958367169
-1.23957754007124 -0.6414862410803411 -1.121219243276514
-1.171668996178219 -0.6737438767350948 1.138362033806342
-1.366238620184209 -0.5320722902768531 1.144862778920353
0.6236633351789492 1.306326580967531 -1.082181546466997
0.412321828530728 1.386418320472619 -1.197161884328682
-1.974671688436984 -0.7092410431970787 1.26199082359634
-2.038407061028477 -0.9156663877186514 1.185500052657787
-1.808645965061078 -0.5615730072284294 1.168228796436496
1.361552269966137 -2.136026646555997 -1.035843904684014
1.583975263406576 -2.159078581094699 -1.057038143645028
1.988589239928129 0.7673552853116092 1.229960837857961
1.866174860994737 0.5552179084411718 1.223003321611466
-1.322033702529855 -2.124017144650517 -1.035328965195772
-1.096725296708577 -2.080144012809124 -1.085611016039119
1.850413525383425 -2.169402830774095 1.289006615314519
1.634964102148548 -2.214976733801345 1.289340173271204
-0.3957295574753596 -1.401535600578109 1.211106735052306
-0.4463374609408604 -1.597971731941305 1.138704963690017
-0.5505502108263363 -1.237229407787338 1.209174285896406
1.540794715462126 -0.4257612985682175 -1.161758323974753
1.346359331864688 -0.5557909754306355 -1.12723353771083
0.6012026378115995 -1.204037858544028 1.188141848620988
0.7474240273937977 -1.02472278319086 1.220277381494198
1.742583523911397 -0.5170234361875372 -1.139311857242705
-2.141186381569239 -1.072522127248813 1.327167504304213
-2.177162009141547 -1.277771503429863 1.25664660990166
-2.142097030654427 1.459202012192246 -1.014576939057285
-2.146032065320885 1.685945724230561 -1.049798406076157
-1.026005030074708 -0.7018996891970192 1.272763533853497
-0.8644165039819761 -0.8917926733994777 1.245490478359501
0.9111625733561742 -1.980317445801353 -1.043685374580117
0.7463401115565745 -1.827584524904476 -1.012785451561641
0.5756824041925288 -1.731379747591802 -1.095046449652394
2.218332552046856 1.444371688306116 1.323495931732906
2.168663134046077 1.216587298744424 1.271405134222754
-0.5935328424978874 1.904725216892639 1.264506304760467
-0.4128972266790642 1.778903767538508 1.241686516200003
-0.4265145629850478 1.593680653250467 1.158374988492128
1.049832908510051 2.016413609723956 -0.981654440569343
0.8405111616689486 1.948194775172855 -1.060794693923033
-2.20908215113349 1.7202220942385 1.317785593408652
-2.135800117061831 1.92678677929063 1.337452660457661
2.02254849984638 -1.08563840759585 -0.9641272680695936
1.98346931523203 -0.8817748919494642 -1.084602831179946
2.114418322972532 -1.282528935591694 -1.024151385578273
1.956222166872784 2.122909673556358 1.317280606850984
1.769296655435378 2.195958046807362 1.295818065872221
1.80348080162894 -0.7146887990140741 -1.030192112485147
-1.689629154038301 -2.208646648184832 1.304763350921083
-1.44662102856699 -2.218646465949453 1.320951765445397
-1.894646952869349 0.8258611805097026 -1.000864103623595
-2.005621496175071 1.026412756744956 -0.9921722963630577
-1.824445924281463 0.4678477746726608 1.267157500536382
-1.683384796468437 0.3269541130915051 1.249252539033447
-1.487730611884533 0.3884141254846976 1.185040271405658
-0.5386282116395662 1.403361433755246 -1.099629881598956
-0.7175837087394168 1.270186804263882 -1.0194239495626
-0.7731645497816135 1.098356641791821 -1.104676225236478
-2.204349571294653 1.326733185052063 1.362357392285712
-2.169279015848712 1.137292844024002 1.411326085906993
2.110224853158073 1.731786627669379 -0.965059805813968
2.043020171673291 1.930837911371954 -1.016962482537661
1.123881788527455 2.166006723242068 1.377371540495849
0.9548580745875745 2.085134054413904 1.273758828725357
1.338695715654672 2.200843482846637 1.305932685240737
-0.9682050012158534 -1.951556954917143 -0.9528238582940892
-0.7689989339898786 -1.874157168627238 -1.026145637075939
-0.6661891966766261 -1.96365772396318 1.327383389120237
-0.3525756517726309 -1.73952672511278 1.264863966813605
-0.4747490490045727 -1.892018674326407 1.370540895975
-0.7986987261256789 -1.200004785373554 -0.9981140657637759
-0.9376170824297861 -0.9996813800120353 -1.036579538254598
-2.230191925949871 -1.446071830251136 1.404838971728341
-2.21466258438158 -1.669796777794684 1.323241340737244
-1.567057331432937 -0.4509155710245676 -1.129642050328427
1.178731080785523 -2.173185135541575 1.353306320931632
0.9542824364363925 -2.107165240043314 1.368318397410543
-1.619895714735489 0.4886691546038586 -1.117950130319765
1.970364890837333 -0.6351116105163773 1.341744047534775
2.069215967336456 -0.8522393597882467 1.371706780129192
-1.796145589820995 -2.096284846882412 -0.9834514386314311
-1.998347475651133 -1.958859094060714 -1.005609245361783
-1.757290236030787 -0.3569798000584632 1.26429909385589
-1.394163900126265 -0.3634562576479942 1.248900301677369
-1.585321413246749 -0.2453731240921343 1.262878210020589
0.7859073837012285 -1.20167109897015 -1.001137161459248
0.6934991160846123 -1.405517807871543 -0.974564520451609
0.5419023299683553 -1.493173588469417 -1.077945110678976
1.19498715671371 0.5181544710587116 1.288408165439853
1.034684554201403 0.6630533166657774 1.321372151096939
-1.681952804223384 -0.6158837696723779 -1.030581087526818
0.7398943291276371 2.030813748461405 1.392027547974861
0.5616266422439796 1.918540102938728 1.310077415820672
-0.9747041120309712 0.9742391931137671 -1.027393254648493
0.2853660168383831 1.388659099061812 1.304319849735408
0.4535620695100532 1.250652727969828 1.291778110439817
0.3178648768673683 1.579395898227767 1.221772321904729
1.725459947849773 -2.085222082999399 -0.8926770423360869
1.927677104684578 -2.015770838407594 -0.9611503347277272
-2.092125914347899 -2.011108285907942 1.401134771470012
-2.203133963492313 -1.829423598956359 1.477748928589321
2.096798019898685 -1.47974057999948 -0.882837893201008
2.11808412450123 -1.686701048696605 -0.960868333949553
0.5203770611477868 -1.911111727528326 1.371422666566428
0.2271707519470304 -1.683082167348757 1.286895276537656
0.3108729403745835 -1.826943526699331 1.384907860280211
0.3470620447931368 -1.551505531623679 1.209564083594177
1.537147980204688 0.4998149016509594 -1.098605919049817
0.2968375874910134 -1.366859750074142 1.302660846494994
0.4452481166360213 -1.222379492132274 1.328146692509608
-1.950115269941579 1.994869816207476 -0.9548877413625519
-2.053613920253913 1.808697918188736 -0.8847790456347314
1.153967348249474 -0.499883498894772 1.356498767350974
1.331839028062435 -0.4180392478959176 1.248043762669629
1.038441978105786 -0.6759905093000732 1.305048844607279
1.73062711209209 2.109308965554639 -0.9513917660967328
1.88409003145255 2.002579082407239 -0.8675315484459056
2.069754386931465 0.8234827551343032 1.418303587394553
2.151067556626153 1.051043985155884 1.439183345411268
2.010477391285804 -1.853688937574797 -0.8407657833943745
-0.2804955130311235 1.449734978285161 1.274110454022324
-0.3400774830261317 1.269499405248123 1.380953178220338
-0.5198416138645913 1.17171365767293 1.333854165012298
-0.693850336296515 -1.667530783660299 -0.9664848224556808
-0.5263798597108261 -1.584293946152989 -1.080285594813186
-1.521207095552818 2.230705621722338 1.396092961735475
-1.777447691578627 2.204785600970832 1.404669827545448
-2.100905386323675 -1.617861389297456 -0.8819572410669115
-2.028686803356078 -1.827097582805201 -0.8643998899024976
1.714676825296003 -0.2582019726130363 1.290253312798716
1.399257302108424 -0.2087528658918416 1.310574700245457
1.564045254345273 -0.1123902875662811 1.293171894985192
-0.9347708260948263 0.6944302248076776 1.490986172449921
-0.8123230350729308 0.8721267751479459 1.381771244039459
-1.100341949529346 0.5732706014699128 1.363931963298772
-0.6257250924361202 0.9961516482550005 1.481460653089898
1.117353624629675 -0.8575309888714826 -1.005664078093821
1.332622888325081 -0.7107829150324804 -0.997703821414785
0.7115511561412173 0.955723524719863 1.388978864338461
0.5165002381089977 1.093491021746229 1.43931208929728
-1.549791338723488 0.6426584328747595 -0.9843458061070347
-1.347375531478824 0.7069090937783882 -0.9738846237486875
1.468845022719328 2.240466811731149 1.495377063298656
1.671691563583431 2.23541922660268 1.504594484422951
2.067884506909691 1.284989233281842 -0.9044037087789388
1.979528109868332 1.079238609387599 -0.8855207740099376
2.112619546162182 -1.989266646636642 1.416194191445722
2.232983611185256 -1.659201627286867 1.425287556957975
2.180185806258089 -1.882015365465438 1.529175378346788
0.6538652129923334 1.645521444521538 -0.9818333716011421
0.7889733648180272 1.782585850808537 -0.9267104438736592
-0.5616103334301524 -1.088856420008461 1.389895133524238
-0.7237483126752906 -0.9319825486395779 1.412016047482386
-0.562584778410632 1.61426561118947 -1.05280968733385
-0.7297090533645442 1.68114051473561 -0.9266628092247705
-0.8284801884697378 1.872910713127811 -0.9699425916759342
0.7433098024135331 -0.917965758450454 1.408771713732327
0.8806638237238523 -0.7597073244375364 1.456481808557743
-1.016736731351521 1.920259415433209 -0.8554067489131931
-1.185899124216276 2.05498340149206 -0.9460842944721156
1.501900012374989 0.2484511992000057 1.269282488003112
1.864896188217801 0.4031511490888697 1.412978669650021
1.63016963300289 0.1163190959288563 1.307413758427886
1.782306396977332 0.1964202742395964 1.397042702526989
-1.58343249664779 2.119403220534116 -0.9329114855781673
-1.384785328795917 2.061928399293016 -0.8304576792930121
-1.352505145265291 0.2789562538497626 1.348585330390404
-1.192268400318841 0.3854482325291567 1.459340026992172
-1.262257161898341 -0.7791644532546749 -0.9665463480838613
-1.102055349427387 -0.9566497910495513 -0.9209397580141356
0.1812394313490586 1.712005142172095 1.341244779694079
0.3174275082279068 1.861782640372685 1.415881176941157
$EndNodes
$Elements
1 4416 1 4416
2 1 3 4416
1 3 735 2937 730 
2 2 729 2937 735 
3 1 730 2937 729 
4 1 729 2938 731 
5 2 736 2938 729 
6 4 731 2938 736 
7 1 732 2939 730 
8 5 740 2939 732 
9 3 730 2939 740 
10 6 748 2940 733 
11 5 732 2940 748 
12 1 733 2940 732 
13 1 731 2941 734 
14 4 744 2941 731 
15 7 734 2941 744 
16 7 752 2942 734 
17 6 733 2942 752 
18 1 734 2942 733 
19 10 765 2943 760 
20 9 759 2943 765 
21 8 760 2943 759 
22 8 761 2944 760 
23 11 770 2944 761 
24 10 760 2944 770 
25 14 783 2945 779 
26 13 778 2945 783 
27 12 779 2945 778 
28 16 793 2946 790 
29 15 789 2946 793 
30 14 790 2946 789 
31 14 779 2947 790 
32 12 780 2947 779 
33 16 790 2947 780 
34 19 806 2948 802 
35 18 801 2948 806 
36 17 802 2948 801 
37 17 801 2949 803 
38 18 807 2949 801 
39 20 803 2949 807 
40 17 804 2950 802 
41 21 810 2950 804 
42 19 802 2950 810 
43 22 819 2951 805 
44 21 804 2951 819 
45 17 805 2951 804 
46 17 803 2952 805 
47 20 815 2952 803 
48 22 805 2952 815 
49 25 831 2953 827 
50 24 826 2953 831 
51 23 827 2953 826 
52 18 806 2954 808 
53 19 811 2954 806 
54 26 808 2954 811 
55 27 816 2955 809 
56 20 807 2955 816 
57 18 809 2955 807 
58 18 808 2956 809 
59 26 840 2956 808 
60 27 809 2956 840 
61 30 853 2957 848 
62 29 847 2957 853 
63 28 848 2957 847 
64 33 868 2958 863 
65 32 862 2958 868 
66 31 863 2958 862 
67 31 864 2959 863 
68 34 873 2959 864 
69 33 863 2959 873 
70 2 735 2960 737 
71 3 741 2960 735 
72 35 737 2960 741 
73 36 745 2961 738 
74 4 736 2961 745 
75 2 738 2961 736 
76 2 737 2962 739 
77 35 881 2962 737 
78 37 739 2962 881 
79 37 884 2963 739 
80 36 738 2963 884 
81 2 739 2963 738 
82 40 897 2964 892 
83 39 891 2964 897 
84 38 892 2964 891 
85 38 893 2965 892 
86 41 901 2965 893 
87 40 892 2965 901 
88 44 915 2966 910 
89 43 909 2966 915 
90 42 910 2966 909 
91 45 916 2967 920 
92 43 915 2967 916 
93 44 920 2967 915 
94 44 921 2968 920 
95 46 925 2968 921 
96 45 920 2968 925 
97 42 911 2969 910 
98 47 922 2969 911 
99 44 910 2969 922 
100 48 812 2970 820 
101 19 810 2970 812 
102 21 820 2970 810 
103 49 937 2971 821 
104 48 820 2971 937 
105 21 821 2971 820 
106 21 819 2972 822 
107 22 823 2972 819 
108 50 822 2972 823 
109 21 822 2973 821 
110 50 941 2973 822 
111 49 821 2973 941 
112 53 954 2974 949 
113 52 948 2974 954 
114 51 949 2974 948 
115 56 969 2975 964 
116 55 963 2975 969 
117 54 964 2975 963 
118 54 965 2976 964 
119 57 975 2976 965 
120 56 964 2976 975 
121 19 812 2977 813 
122 48 938 2977 812 
123 58 813 2977 938 
124 59 841 2978 814 
125 26 811 2978 841 
126 19 814 2978 811 
127 19 813 2979 814 
128 58 983 2979 813 
129 59 814 2979 983 
130 62 995 2980 990 
131 61 989 2980 995 
132 60 990 2980 989 
133 60 991 2981 990 
134 63 1000 2981 991 
135 62 990 2981 1000 
136 66 1013 2982 1009 
137 65 1008 2982 1013 
138 64 1009 2982 1008 
139 64 1010 2983 1009 
140 67 1018 2983 1010 
141 66 1009 2983 1018 
142 68 742 2984 749 
143 3 740 2984 742 
144 5 749 2984 740 
145 5 748 2985 750 
146 6 753 2985 748 
147 69 750 2985 753 
148 70 1027 2986 751 
149 68 749 2986 1027 
150 5 751 2986 749 
151 69 1030 2987 750 
152 70 751 2987 1030 
153 5 750 2987 751 
154 73 1043 2988 1038 
155 72 1037 2988 1043 
156 71 1038 2988 1037 
157 71 1039 2989 1038 
158 74 1048 2989 1039 
159 73 1038 2989 1048 
160 77 1061 2990 1057 
161 76 1056 2990 1061 
162 75 1057 2990 1056 
163 78 882 2991 743 
164 35 741 2991 882 
165 3 743 2991 741 
166 3 742 2992 743 
167 68 1028 2992 742 
168 78 743 2992 1028 
169 9 766 2993 759 
170 79 762 2993 766 
171 8 759 2993 762 
172 82 1084 2994 1079 
173 81 1078 2994 1084 
174 80 1079 2994 1078 
175 83 1085 2995 1089 
176 81 1084 2995 1085 
177 82 1089 2995 1084 
178 82 794 2996 1089 
179 15 795 2996 794 
180 83 1089 2996 795 
181 86 1103 2997 1098 
182 85 1097 2997 1103 
183 84 1098 2997 1097 
184 84 1097 2998 1099 
185 85 1104 2998 1097 
186 87 1099 2998 1104 
187 84 1100 2999 1098 
188 88 1108 2999 1100 
189 86 1098 2999 1108 
190 89 1116 3000 1101 
191 88 1100 3000 1116 
192 84 1101 3000 1100 
193 90 1120 3001 1102 
194 89 1101 3001 1120 
195 84 1102 3001 1101 
196 87 1113 3002 1099 
197 90 1102 3002 1113 
198 84 1099 3002 1102 
199 93 1133 3003 1128 
200 92 1127 3003 1133 
201 91 1128 3003 1127 
202 94 781 3004 784 
203 12 778 3004 781 
204 13 784 3004 778 
205 13 785 3005 784 
206 95 1142 3005 785 
207 94 784 3005 1142 
208 98 1155 3006 1151 
209 97 1150 3006 1155 
210 96 1151 3006 1150 
211 99 1156 3007 1161 
212 97 1155 3007 1156 
213 98 1161 3007 1155 
214 98 1151 3008 1162 
215 96 1152 3008 1151 
216 100 1162 3008 1152 
217 98 1162 3009 1163 
218 100 1168 3009 1162 
219 101 1163 3009 1168 
220 102 1165 3010 1164 
221 99 1161 3010 1165 
222 98 1164 3010 1161 
223 101 1172 3011 1163 
224 102 1164 3011 1172 
225 98 1163 3011 1164 
226 104 1179 3012 775 
227 103 774 3012 1179 
228 11 775 3012 774 
229 11 761 3013 775 
230 8 763 3013 761 
231 104 775 3013 763 
232 106 833 3014 1188 
233 24 832 3014 833 
234 105 1188 3014 832 
235 105 1189 3015 1188 
236 107 1192 3015 1189 
237 106 1188 3015 1192 
238 108 1153 3016 1157 
239 96 1150 3016 1153 
240 97 1157 3016 1150 
241 97 1156 3017 1158 
242 99 1166 3017 1156 
243 109 1158 3017 1166 
244 110 1201 3018 1159 
245 108 1157 3018 1201 
246 97 1159 3018 1157 
247 97 1158 3019 1160 
248 109 1205 3019 1158 
249 111 1160 3019 1205 
250 111 1209 3020 1160 
251 110 1159 3020 1209 
252 97 1160 3020 1159 
253 114 1220 3021 1216 
254 113 1215 3021 1220 
255 112 1216 3021 1215 
256 112 1134 3022 1216 
257 92 1135 3022 1134 
258 114 1216 3022 1135 
259 117 1232 3023 1228 
260 116 1227 3023 1232 
261 115 1228 3023 1227 
262 115 1229 3024 1228 
263 118 1236 3024 1229 
264 117 1228 3024 1236 
265 85 1103 3025 1105 
266 86 1109 3025 1103 
267 119 1105 3025 1109 
268 85 1105 3026 1106 
269 119 1244 3026 1105 
270 120 1106 3026 1244 
271 121 1114 3027 1107 
272 87 1104 3027 1114 
273 85 1107 3027 1104 
274 120 1247 3028 1106 
275 121 1107 3028 1247 
276 85 1106 3028 1107 
277 123 1181 3029 1254 
278 103 1180 3029 1181 
279 122 1254 3029 1180 
280 126 1269 3030 1264 
281 125 1263 3030 1269 
282 124 1264 3030 1263 
283 124 1265 3031 1264 
284 127 1274 3031 1265 
285 126 1264 3031 1274 
286 128 1110 3032 1117 
287 86 1108 3032 1110 
288 88 1117 3032 1108 
289 88 1116 3033 1118 
290 89 1121 3033 1116 
291 129 1118 3033 1121 
292 130 1281 3034 1119 
293 128 1117 3034 1281 
294 88 1119 3034 1117 
295 88 1118 3035 1119 
296 129 1285 3035 1118 
297 130 1119 3035 1285 
298 133 1296 3036 1292 
299 132 1291 3036 1296 
300 131 1292 3036 1291 
301 131 1293 3037 1292 
302 134 1301 3037 1293 
303 133 1292 3037 1301 
304 137 1314 3038 1310 
305 136 1309 3038 1314 
306 135 1310 3038 1309 
307 139 1323 3039 1320 
308 138 1319 3039 1323 
309 137 1320 3039 1319 
310 137 1310 3040 1320 
311 135 1311 3040 1310 
312 139 1320 3040 1311 
313 140 1245 3041 1111 
314 119 1109 3041 1245 
315 86 1111 3041 1109 
316 86 1110 3042 1112 
317 128 1282 3042 1110 
318 141 1112 3042 1282 
319 86 1112 3043 1111 
320 141 1331 3043 1112 
321 140 1111 3043 1331 
322 143 1045 3044 1337 
323 72 1044 3044 1045 
324 142 1337 3044 1044 
325 142 1338 3045 1337 
326 144 1341 3045 1338 
327 143 1337 3045 1341 
328 147 1354 3046 1350 
329 146 1349 3046 1354 
330 145 1350 3046 1349 
331 145 1351 3047 1350 
332 148 1359 3047 1351 
333 147 1350 3047 1359 
334 149 1169 3048 1154 
335 100 1152 3048 1169 
336 96 1154 3048 1152 
337 96 1153 3049 1154 
338 108 1202 3049 1153 
339 149 1154 3049 1202 
340 152 1376 3050 1372 
341 151 1371 3050 1376 
342 150 1372 3050 1371 
343 150 1138 3051 1372 
344 93 1139 3051 1138 
345 152 1372 3051 1139 
346 154 1063 3052 1384 
347 76 1062 3052 1063 
348 153 1384 3052 1062 
349 153 1146 3053 1384 
350 95 1147 3053 1146 
351 154 1384 3053 1147 
352 155 1173 3054 1170 
353 101 1168 3054 1173 
354 100 1170 3054 1168 
355 100 1169 3055 1171 
356 149 1367 3055 1169 
357 156 1171 3055 1367 
358 156 1391 3056 1171 
359 155 1170 3056 1391 
360 100 1171 3056 1170 
361 159 1404 3057 1398 
362 158 1397 3057 1404 
363 157 1398 3057 1397 
364 157 1399 3058 1398 
365 160 1408 3058 1399 
366 159 1398 3058 1408 
367 136 1316 3059 1315 
368 162 1415 3059 1316 
369 161 1315 3059 1415 
370 161 1312 3060 1315 
371 135 1309 3060 1312 
372 136 1315 3060 1309 
373 163 756 3061 746 
374 7 744 3061 756 
375 4 746 3061 744 
376 4 745 3062 747 
377 36 885 3062 745 
378 164 747 3062 885 
379 164 1424 3063 747 
380 163 746 3063 1424 
381 4 747 3063 746 
382 167 1434 3064 1431 
383 166 1430 3064 1434 
384 165 1431 3064 1430 
385 169 1443 3065 1440 
386 168 1439 3065 1443 
387 167 1440 3065 1439 
388 167 1431 3066 1440 
389 165 1432 3066 1431 
390 169 1440 3066 1432 
391 172 1458 3067 1452 
392 171 1451 3067 1458 
393 170 1452 3067 1451 
394 174 1467 3068 1463 
395 173 1462 3068 1467 
396 172 1463 3068 1462 
397 170 1453 3069 1452 
398 174 1463 3069 1453 
399 172 1452 3069 1463 
400 6 752 3070 754 
401 7 757 3070 752 
402 175 754 3070 757 
403 176 1031 3071 755 
404 69 753 3071 1031 
405 6 755 3071 753 
406 6 754 3072 755 
407 175 1475 3072 754 
408 176 755 3072 1475 
409 166 1306 3073 1430 
410 134 1305 3073 1306 
411 165 1430 3073 1305 
412 179 1487 3074 1482 
413 178 1481 3074 1487 
414 177 1482 3074 1481 
415 181 1496 3075 1492 
416 180 1491 3075 1496 
417 179 1492 3075 1491 
418 179 1482 3076 1492 
419 177 1483 3076 1482 
420 181 1492 3076 1483 
421 35 882 3077 883 
422 78 1070 3077 882 
423 182 883 3077 1070 
424 182 888 3078 883 
425 37 881 3078 888 
426 35 883 3078 881 
427 183 1255 3079 1182 
428 122 1180 3079 1255 
429 103 1182 3079 1180 
430 103 1179 3080 1182 
431 104 1185 3080 1179 
432 183 1182 3080 1185 
433 184 1459 3081 1325 
434 171 1324 3081 1459 
435 138 1325 3081 1324 
436 185 1460 3082 1509 
437 171 1459 3082 1460 
438 184 1509 3082 1459 
439 184 1325 3083 1023 
440 138 1022 3083 1325 
441 67 1023 3083 1022 
442 186 984 3084 939 
443 58 938 3084 984 
444 48 939 3084 938 
445 48 937 3085 940 
446 49 942 3085 937 
447 187 940 3085 942 
448 187 1516 3086 940 
449 186 939 3086 1516 
450 48 940 3086 939 
451 190 1529 3087 1524 
452 189 1523 3087 1529 
453 188 1524 3087 1523 
454 188 1525 3088 1524 
455 191 1533 3088 1525 
456 190 1524 3088 1533 
457 193 980 3089 1540 
458 57 979 3089 980 
459 192 1540 3089 979 
460 192 1541 3090 1540 
461 194 1545 3090 1541 
462 193 1540 3090 1545 
463 195 1071 3091 1029 
464 78 1028 3091 1071 
465 68 1029 3091 1028 
466 68 1027 3092 1029 
467 70 1034 3092 1027 
468 195 1029 3092 1034 
469 197 1556 3093 899 
470 196 898 3093 1556 
471 39 899 3093 898 
472 39 897 3094 899 
473 40 902 3094 897 
474 197 899 3094 902 
475 199 1562 3095 1356 
476 198 1355 3095 1562 
477 146 1356 3095 1355 
478 146 1354 3096 1356 
479 147 1360 3096 1354 
480 199 1356 3096 1360 
481 99 1165 3097 1167 
482 102 1176 3097 1165 
483 200 1167 3097 1176 
484 200 1206 3098 1167 
485 109 1166 3098 1206 
486 99 1167 3098 1166 
487 197 1298 3099 1556 
488 132 1297 3099 1298 
489 196 1556 3099 1297 
490 201 1233 3100 870 
491 116 869 3100 1233 
492 32 870 3100 869 
493 32 868 3101 870 
494 33 874 3101 868 
495 201 870 3101 874 
496 102 1172 3102 1177 
497 101 1174 3102 1172 
498 202 1177 3102 1174 
499 203 1570 3103 1178 
500 200 1176 3103 1570 
501 102 1178 3103 1176 
502 202 1576 3104 1177 
503 203 1178 3104 1576 
504 102 1177 3104 1178 
505 72 1043 3105 1044 
506 73 1049 3105 1043 
507 142 1044 3105 1049 
508 205 1197 3106 1583 
509 107 1196 3106 1197 
510 204 1583 3106 1196 
511 204 1584 3107 1583 
512 206 1587 3107 1584 
513 205 1583 3107 1587 
514 89 1120 3108 1122 
515 90 1124 3108 1120 
516 207 1122 3108 1124 
517 208 1286 3109 1123 
518 129 1121 3109 1286 
519 89 1123 3109 1121 
520 89 1122 3110 1123 
521 207 1595 3110 1122 
522 208 1123 3110 1595 
523 61 996 3111 997 
524 158 1405 3111 996 
525 209 997 3111 1405 
526 209 992 3112 997 
527 60 989 3112 992 
528 61 997 3112 989 
529 45 926 3113 916 
530 210 917 3113 926 
531 43 916 3113 917 
532 101 1173 3114 1175 
533 155 1392 3114 1173 
534 211 1175 3114 1392 
535 211 1577 3115 1175 
536 202 1174 3115 1577 
537 101 1175 3115 1174 
538 151 1378 3116 1377 
539 213 1612 3116 1378 
540 212 1377 3116 1612 
541 212 1373 3117 1377 
542 150 1371 3117 1373 
543 151 1377 3117 1371 
544 214 927 3118 930 
545 45 925 3118 927 
546 46 930 3118 925 
547 46 931 3119 930 
548 215 1620 3119 931 
549 214 930 3119 1620 
550 216 1248 3120 1246 
551 120 1244 3120 1248 
552 119 1246 3120 1244 
553 119 1245 3121 1246 
554 140 1332 3121 1245 
555 216 1246 3121 1332 
556 213 1616 3122 1612 
557 217 1613 3122 1616 
558 212 1612 3122 1613 
559 219 1606 3123 1634 
560 210 1605 3123 1606 
561 218 1634 3123 1605 
562 218 1635 3124 1634 
563 220 1639 3124 1635 
564 219 1634 3124 1639 
565 108 1201 3125 1203 
566 110 1210 3125 1201 
567 221 1203 3125 1210 
568 222 1368 3126 1204 
569 149 1202 3126 1368 
570 108 1204 3126 1202 
571 221 1647 3127 1203 
572 222 1204 3127 1647 
573 108 1203 3127 1204 
574 52 956 3128 955 
575 224 1654 3128 956 
576 223 955 3128 1654 
577 225 951 3129 957 
578 51 948 3129 951 
579 52 957 3129 948 
580 52 955 3130 957 
581 223 1655 3130 955 
582 225 957 3130 1655 
583 226 1080 3131 1086 
584 80 1078 3131 1080 
585 81 1086 3131 1078 
586 7 756 3132 758 
587 163 1425 3132 756 
588 227 758 3132 1425 
589 227 1476 3133 758 
590 175 757 3133 1476 
591 7 758 3133 757 
592 41 906 3134 905 
593 229 1670 3134 906 
594 228 905 3134 1670 
595 228 903 3135 905 
596 40 901 3135 903 
597 41 905 3135 901 
598 125 1270 3136 1271 
599 180 1497 3136 1270 
600 230 1271 3136 1497 
601 230 1266 3137 1271 
602 124 1263 3137 1266 
603 125 1271 3137 1263 
604 231 824 3138 817 
605 22 815 3138 824 
606 20 817 3138 815 
607 20 816 3139 818 
608 27 844 3139 816 
609 232 818 3139 844 
610 232 1681 3140 818 
611 231 817 3140 1681 
612 20 818 3140 817 
613 74 1053 3141 1052 
614 234 1688 3141 1053 
615 233 1052 3141 1688 
616 233 1050 3142 1052 
617 73 1048 3142 1050 
618 74 1052 3142 1048 
619 171 1460 3143 1451 
620 185 1454 3143 1460 
621 170 1451 3143 1454 
622 235 945 3144 825 
623 50 823 3144 945 
624 22 825 3144 823 
625 22 824 3145 825 
626 231 1682 3145 824 
627 235 825 3145 1682 
628 236 764 3146 1075 
629 8 762 3146 764 
630 79 1075 3146 762 
631 79 1074 3147 1075 
632 191 1537 3147 1074 
633 236 1075 3147 1537 
634 239 1707 3148 1702 
635 238 1701 3148 1707 
636 237 1702 3148 1701 
637 237 1703 3149 1702 
638 240 1711 3149 1703 
639 239 1702 3149 1711 
640 26 841 3150 842 
641 59 986 3150 841 
642 241 842 3150 986 
643 242 845 3151 843 
644 27 840 3151 845 
645 26 843 3151 840 
646 26 842 3152 843 
647 241 1718 3152 842 
648 242 843 3152 1718 
649 224 1257 3153 1654 
650 122 1256 3153 1257 
651 223 1654 3153 1256 
652 243 1066 3154 1015 
653 77 1014 3154 1066 
654 65 1015 3154 1014 
655 65 1013 3155 1015 
656 66 1019 3155 1013 
657 243 1015 3155 1019 
658 244 987 3156 985 
659 59 983 3156 987 
660 58 985 3156 983 
661 58 984 3157 985 
662 186 1517 3157 984 
663 244 985 3157 1517 
664 158 1404 3158 1405 
665 159 1409 3158 1404 
666 209 1405 3158 1409 
667 245 1092 3159 796 
668 83 795 3159 1092 
669 15 796 3159 795 
670 15 793 3160 796 
671 16 798 3160 793 
672 245 796 3160 798 
673 246 1503 3161 1072 
674 182 1070 3161 1503 
675 78 1072 3161 1070 
676 78 1071 3162 1073 
677 195 1553 3162 1071 
678 247 1073 3162 1553 
679 78 1073 3163 1072 
680 247 1734 3163 1073 
681 246 1072 3163 1734 
682 249 1740 3164 1445 
683 248 1444 3164 1740 
684 168 1445 3164 1444 
685 168 1443 3165 1445 
686 169 1448 3165 1443 
687 249 1445 3165 1448 
688 47 911 3166 934 
689 42 913 3166 911 
690 250 934 3166 913 
691 251 878 3167 935 
692 34 877 3167 878 
693 47 935 3167 877 
694 47 934 3168 935 
695 250 1747 3168 934 
696 251 935 3168 1747 
697 90 1113 3169 1125 
698 87 1115 3169 1113 
699 252 1125 3169 1115 
700 90 1125 3170 1126 
701 252 1753 3170 1125 
702 253 1126 3170 1753 
703 253 1596 3171 1126 
704 207 1124 3171 1596 
705 90 1126 3171 1124 
706 160 1346 3172 1412 
707 144 1347 3172 1346 
708 254 1412 3172 1347 
709 254 1410 3173 1412 
710 159 1408 3173 1410 
711 160 1412 3173 1408 
712 255 1624 3174 1469 
713 215 1468 3174 1624 
714 173 1469 3174 1468 
715 173 1467 3175 1469 
716 174 1472 3175 1467 
717 255 1469 3175 1472 
718 87 1114 3176 1115 
719 121 1251 3176 1114 
720 252 1115 3176 1251 
721 256 855 3177 1221 
722 29 854 3177 855 
723 113 1221 3177 854 
724 113 1220 3178 1221 
725 114 1224 3178 1220 
726 256 1221 3178 1224 
727 258 972 3179 1769 
728 55 971 3179 972 
729 257 1769 3179 971 
730 257 1771 3180 1770 
731 260 1777 3180 1771 
732 259 1770 3180 1777 
733 259 1774 3181 1770 
734 258 1769 3181 1774 
735 257 1770 3181 1769 
736 261 1335 3182 1283 
737 141 1282 3182 1335 
738 128 1283 3182 1282 
739 128 1281 3183 1284 
740 130 1288 3183 1281 
741 262 1284 3183 1288 
742 128 1284 3184 1283 
743 262 1784 3184 1284 
744 261 1283 3184 1784 
745 263 1294 3185 1299 
746 131 1291 3185 1294 
747 132 1299 3185 1291 
748 132 1298 3186 1299 
749 197 1560 3186 1298 
750 263 1299 3186 1560 
751 264 1024 3187 1326 
752 67 1022 3187 1024 
753 138 1326 3187 1022 
754 138 1323 3188 1326 
755 139 1328 3188 1323 
756 264 1326 3188 1328 
757 265 943 3189 946 
758 49 941 3189 943 
759 50 946 3189 941 
760 266 1796 3190 947 
761 265 946 3190 1796 
762 50 947 3190 946 
763 235 1695 3191 945 
764 266 947 3191 1695 
765 50 945 3191 947 
766 134 1293 3192 1307 
767 131 1295 3192 1293 
768 267 1307 3192 1295 
769 267 1433 3193 1307 
770 165 1305 3193 1433 
771 134 1307 3193 1305 
772 258 966 3194 972 
773 54 963 3194 966 
774 55 972 3194 963 
775 268 1520 3195 944 
776 187 942 3195 1520 
777 49 944 3195 942 
778 49 943 3196 944 
779 265 1797 3196 943 
780 268 944 3196 1797 
781 92 1133 3197 1136 
782 93 1140 3197 1133 
783 269 1136 3197 1140 
784 269 1225 3198 1136 
785 114 1135 3198 1225 
786 92 1136 3198 1135 
787 67 1024 3199 1025 
788 264 1793 3199 1024 
789 270 1025 3199 1793 
790 270 1020 3200 1025 
791 66 1018 3200 1020 
792 67 1025 3200 1018 
793 59 987 3201 988 
794 244 1728 3201 987 
795 271 988 3201 1728 
796 59 988 3202 986 
797 271 1719 3202 988 
798 241 986 3202 1719 
799 189 950 3203 1530 
800 51 952 3203 950 
801 272 1530 3203 952 
802 272 1526 3204 1530 
803 188 1523 3204 1526 
804 189 1530 3204 1523 
805 42 912 3205 913 
806 206 1591 3205 912 
807 250 913 3205 1591 
808 109 1206 3206 1207 
809 200 1571 3206 1206 
810 273 1207 3206 1571 
811 274 1212 3207 1208 
812 111 1205 3207 1212 
813 109 1208 3207 1205 
814 109 1207 3208 1208 
815 273 1818 3208 1207 
816 274 1208 3208 1818 
817 275 1693 3209 1005 
818 234 1004 3209 1693 
819 63 1005 3209 1004 
820 63 991 3210 1005 
821 60 993 3210 991 
822 275 1005 3210 993 
823 162 1421 3211 1420 
824 277 1827 3211 1421 
825 276 1420 3211 1827 
826 162 1420 3212 1415 
827 276 1416 3212 1420 
828 161 1415 3212 1416 
829 110 1209 3213 1211 
830 111 1213 3213 1209 
831 278 1211 3213 1213 
832 110 1211 3214 1210 
833 278 1648 3214 1211 
834 221 1210 3214 1648 
835 144 1338 3215 1347 
836 142 1339 3215 1338 
837 254 1347 3215 1339 
838 178 1488 3216 1481 
839 238 1484 3216 1488 
840 177 1481 3216 1484 
841 279 1333 3217 1336 
842 140 1331 3217 1333 
843 141 1336 3217 1331 
844 141 1335 3218 1336 
845 261 1785 3218 1335 
846 279 1336 3218 1785 
847 93 1138 3219 1140 
848 150 1374 3219 1138 
849 269 1140 3219 1374 
850 280 1715 3220 1564 
851 240 1563 3220 1715 
852 198 1564 3220 1563 
853 198 1562 3221 1564 
854 199 1567 3221 1562 
855 280 1564 3221 1567 
856 281 1394 3222 1369 
857 156 1367 3222 1394 
858 149 1369 3222 1367 
859 149 1368 3223 1370 
860 222 1652 3223 1368 
861 282 1370 3223 1652 
862 282 1841 3224 1370 
863 281 1369 3224 1841 
864 149 1370 3224 1369 
865 229 1674 3225 1675 
866 248 1741 3225 1674 
867 283 1675 3225 1741 
868 283 1671 3226 1675 
869 228 1670 3226 1671 
870 229 1675 3226 1670 
871 80 1080 3227 1081 
872 226 1662 3227 1080 
873 284 1081 3227 1662 
874 284 1850 3228 1081 
875 285 1082 3228 1850 
876 80 1081 3228 1082 
877 286 1685 3229 846 
878 232 844 3229 1685 
879 27 846 3229 844 
880 27 845 3230 846 
881 242 1722 3230 845 
882 286 846 3230 1722 
883 248 1740 3231 1741 
884 249 1744 3231 1740 
885 283 1741 3231 1744 
886 289 1867 3232 1862 
887 288 1861 3232 1867 
888 287 1862 3232 1861 
889 291 1875 3233 1872 
890 290 1871 3233 1875 
891 289 1872 3233 1871 
892 289 1862 3234 1872 
893 287 1863 3234 1862 
894 291 1872 3234 1863 
895 36 884 3235 886 
896 37 889 3235 884 
897 292 886 3235 889 
898 293 1427 3236 887 
899 164 885 3236 1427 
900 36 887 3236 885 
901 36 886 3237 887 
902 292 1882 3237 886 
903 293 887 3237 1882 
904 236 1186 3238 764 
905 104 763 3238 1186 
906 8 764 3238 763 
907 294 1230 3239 1234 
908 115 1227 3239 1230 
909 116 1234 3239 1227 
910 116 1233 3240 1234 
911 201 1574 3240 1233 
912 294 1234 3240 1574 
913 37 888 3241 890 
914 182 1504 3241 888 
915 295 890 3241 1504 
916 295 1883 3242 890 
917 292 889 3242 1883 
918 37 890 3242 889 
919 122 1255 3243 1256 
920 183 1506 3243 1255 
921 223 1256 3243 1506 
922 296 1190 3244 834 
923 105 832 3244 1190 
924 24 834 3244 832 
925 24 831 3245 834 
926 25 837 3245 831 
927 296 834 3245 837 
928 200 1570 3246 1572 
929 203 1580 3246 1570 
930 297 1572 3246 1580 
931 298 1819 3247 1573 
932 273 1571 3247 1819 
933 200 1573 3247 1571 
934 200 1572 3248 1573 
935 297 1899 3248 1572 
936 298 1573 3248 1899 
937 217 1631 3249 1630 
938 300 1906 3249 1631 
939 299 1630 3249 1906 
940 299 1614 3250 1630 
941 212 1613 3250 1614 
942 217 1630 3250 1613 
943 210 926 3251 1607 
944 45 928 3251 926 
945 301 1607 3251 928 
946 301 1636 3252 1607 
947 218 1605 3252 1636 
948 210 1607 3252 1605 
949 121 1247 3253 1252 
950 120 1249 3253 1247 
951 302 1252 3253 1249 
952 303 1754 3254 1253 
953 252 1251 3254 1754 
954 121 1253 3254 1251 
955 121 1252 3255 1253 
956 302 1916 3255 1252 
957 303 1253 3255 1916 
958 304 850 3256 856 
959 28 847 3256 850 
960 29 856 3256 847 
961 29 855 3257 856 
962 256 1766 3257 855 
963 304 856 3257 1766 
964 260 1643 3258 1781 
965 220 1644 3258 1643 
966 305 1781 3258 1644 
967 305 1778 3259 1781 
968 259 1777 3259 1778 
969 260 1781 3259 1777 
970 306 1833 3260 1214 
971 278 1213 3260 1833 
972 111 1214 3260 1213 
973 111 1212 3261 1214 
974 274 1822 3261 1212 
975 306 1214 3261 1822 
976 300 849 3262 1910 
977 28 851 3262 849 
978 307 1910 3262 851 
979 307 1907 3263 1910 
980 299 1906 3263 1907 
981 300 1910 3263 1906 
982 57 965 3264 981 
983 54 967 3264 965 
984 308 981 3264 967 
985 308 1542 3265 981 
986 192 979 3265 1542 
987 57 981 3265 979 
988 309 1289 3266 1287 
989 130 1285 3266 1289 
990 129 1287 3266 1285 
991 129 1286 3267 1287 
992 208 1599 3267 1286 
993 309 1287 3267 1599 
994 51 951 3268 952 
995 225 1659 3268 951 
996 272 952 3268 1659 
997 288 1093 3269 1868 
998 83 1094 3269 1093 
999 310 1868 3269 1094 
1000 288 1868 3270 1861 
1001 310 1864 3270 1868 
1002 287 1861 3270 1864 
1003 120 1248 3271 1250 
1004 216 1627 3271 1248 
1005 311 1250 3271 1627 
1006 311 1917 3272 1250 
1007 302 1249 3272 1917 
1008 120 1250 3272 1249 
1009 28 850 3273 851 
1010 304 1923 3273 850 
1011 307 851 3273 1923 
1012 291 1879 3274 1875 
1013 312 1876 3274 1879 
1014 290 1875 3274 1876 
1015 313 1628 3275 1334 
1016 216 1332 3275 1628 
1017 140 1334 3275 1332 
1018 279 1836 3276 1333 
1019 313 1334 3276 1836 
1020 140 1333 3276 1334 
1021 275 1689 3277 1693 
1022 233 1688 3277 1689 
1023 234 1693 3277 1688 
1024 314 875 3278 879 
1025 33 873 3278 875 
1026 34 879 3278 873 
1027 34 878 3279 879 
1028 251 1750 3279 878 
1029 314 879 3279 1750 
1030 70 1030 3280 1035 
1031 69 1032 3280 1030 
1032 315 1035 3280 1032 
1033 316 1554 3281 1036 
1034 195 1034 3281 1554 
1035 70 1036 3281 1034 
1036 315 1957 3282 1035 
1037 316 1036 3282 1957 
1038 70 1035 3282 1036 
1039 263 1790 3283 1294 
1040 267 1295 3283 1790 
1041 131 1294 3283 1295 
1042 226 1549 3284 1663 
1043 194 1550 3284 1549 
1044 317 1663 3284 1550 
1045 318 1851 3285 1664 
1046 284 1662 3285 1851 
1047 226 1664 3285 1662 
1048 226 1663 3286 1664 
1049 317 1965 3286 1663 
1050 318 1664 3286 1965 
1051 186 1516 3287 1518 
1052 187 1521 3287 1516 
1053 319 1518 3287 1521 
1054 320 1729 3288 1519 
1055 244 1517 3288 1729 
1056 186 1519 3288 1517 
1057 319 1971 3289 1518 
1058 320 1519 3289 1971 
1059 186 1518 3289 1519 
1060 267 1449 3290 1433 
1061 169 1432 3290 1449 
1062 165 1433 3290 1432 
1063 321 1942 3291 1095 
1064 310 1094 3291 1942 
1065 83 1095 3291 1094 
1066 83 1092 3292 1095 
1067 245 1731 3292 1092 
1068 321 1095 3292 1731 
1069 155 1391 3293 1393 
1070 156 1395 3293 1391 
1071 322 1393 3293 1395 
1072 322 1609 3294 1393 
1073 211 1392 3294 1609 
1074 155 1393 3294 1392 
1075 191 1525 3295 1538 
1076 188 1527 3295 1525 
1077 323 1538 3295 1527 
1078 323 1699 3296 1538 
1079 236 1537 3296 1699 
1080 191 1538 3296 1537 
1081 76 1061 3297 1064 
1082 77 1067 3297 1061 
1083 324 1064 3297 1067 
1084 324 1385 3298 1064 
1085 153 1062 3298 1385 
1086 76 1064 3298 1062 
1087 163 1424 3299 1426 
1088 164 1428 3299 1424 
1089 325 1426 3299 1428 
1090 325 1667 3300 1426 
1091 227 1425 3300 1667 
1092 163 1426 3300 1425 
1093 326 1340 3301 1051 
1094 142 1049 3301 1340 
1095 73 1051 3301 1049 
1096 73 1050 3302 1051 
1097 233 1690 3302 1050 
1098 326 1051 3302 1690 
1099 327 1361 3303 1364 
1100 147 1359 3303 1361 
1101 148 1364 3303 1359 
1102 148 1363 3304 1364 
1103 312 1947 3304 1363 
1104 327 1364 3304 1947 
1105 69 1031 3305 1033 
1106 176 1478 3305 1031 
1107 328 1033 3305 1478 
1108 328 1958 3306 1033 
1109 315 1032 3306 1958 
1110 69 1033 3306 1032 
1111 60 992 3307 994 
1112 209 1602 3307 992 
1113 329 994 3307 1602 
1114 329 1825 3308 994 
1115 275 993 3308 1825 
1116 60 994 3308 993 
1117 277 1240 3309 1830 
1118 118 1241 3309 1240 
1119 330 1830 3309 1241 
1120 330 1828 3310 1830 
1121 276 1827 3310 1828 
1122 277 1830 3310 1827 
1123 182 1503 3311 1505 
1124 246 1735 3311 1503 
1125 331 1505 3311 1735 
1126 331 1893 3312 1505 
1127 295 1504 3312 1893 
1128 182 1505 3312 1504 
1129 332 1561 3313 904 
1130 197 902 3313 1561 
1131 40 904 3313 902 
1132 40 903 3314 904 
1133 228 1672 3314 903 
1134 332 904 3314 1672 
1135 45 927 3315 929 
1136 214 1621 3315 927 
1137 333 929 3315 1621 
1138 333 1913 3316 929 
1139 301 928 3316 1913 
1140 45 929 3316 928 
1141 187 1520 3317 1522 
1142 268 1805 3317 1520 
1143 334 1522 3317 1805 
1144 334 1972 3318 1522 
1145 319 1521 3318 1972 
1146 187 1522 3318 1521 
1147 335 1603 3319 1411 
1148 209 1409 3319 1603 
1149 159 1411 3319 1409 
1150 159 1410 3320 1411 
1151 254 1761 3320 1410 
1152 335 1411 3320 1761 
1153 180 1496 3321 1498 
1154 181 1500 3321 1496 
1155 336 1498 3321 1500 
1156 336 1678 3322 1498 
1157 230 1497 3322 1678 
1158 180 1498 3322 1497 
1159 337 1738 3323 1555 
1160 247 1553 3323 1738 
1161 195 1555 3323 1553 
1162 316 1961 3324 1554 
1163 337 1555 3324 1961 
1164 195 1554 3324 1555 
1165 326 1760 3325 1340 
1166 254 1339 3325 1760 
1167 142 1340 3325 1339 
1168 185 1513 3326 1512 
1169 339 2023 3326 1513 
1170 338 1512 3326 2023 
1171 340 1455 3327 1514 
1172 170 1454 3327 1455 
1173 185 1514 3327 1454 
1174 338 2024 3328 1512 
1175 340 1514 3328 2024 
1176 185 1512 3328 1514 
1177 341 1813 3329 1730 
1178 271 1728 3329 1813 
1179 244 1730 3329 1728 
1180 244 1729 3330 1730 
1181 320 1975 3330 1729 
1182 341 1730 3330 1975 
1183 150 1373 3331 1375 
1184 212 1615 3331 1373 
1185 342 1375 3331 1615 
1186 342 1808 3332 1375 
1187 269 1374 3332 1808 
1188 150 1375 3332 1374 
1189 344 2039 3333 1855 
1190 343 1854 3333 2039 
1191 285 1855 3333 1854 
1192 285 1850 3334 1856 
1193 284 1853 3334 1850 
1194 345 1856 3334 1853 
1195 345 2044 3335 1856 
1196 344 1855 3335 2044 
1197 285 1856 3335 1855 
1198 346 1736 3336 1739 
1199 246 1734 3336 1736 
1200 247 1739 3336 1734 
1201 247 1738 3337 1739 
1202 337 2020 3337 1738 
1203 346 1739 3337 2020 
1204 347 1507 3338 1187 
1205 183 1185 3338 1507 
1206 104 1187 3338 1185 
1207 104 1186 3339 1187 
1208 236 1700 3339 1186 
1209 347 1187 3339 1700 
1210 107 1189 3340 1198 
1211 105 1191 3340 1189 
1212 348 1198 3340 1191 
1213 349 1585 3341 1199 
1214 204 1196 3341 1585 
1215 107 1199 3341 1196 
1216 348 2056 3342 1198 
1217 349 1199 3342 2056 
1218 107 1198 3342 1199 
1219 350 1757 3343 1755 
1220 253 1753 3343 1757 
1221 252 1755 3343 1753 
1222 351 2062 3344 1756 
1223 350 1755 3344 2062 
1224 252 1756 3344 1755 
1225 252 1754 3345 1756 
1226 303 1920 3345 1754 
1227 351 1756 3345 1920 
1228 212 1614 3346 1615 
1229 299 1908 3346 1614 
1230 342 1615 3346 1908 
1231 352 1749 3347 1592 
1232 250 1591 3347 1749 
1233 206 1592 3347 1591 
1234 206 1584 3348 1593 
1235 204 1586 3348 1584 
1236 353 1593 3348 1586 
1237 353 2069 3349 1593 
1238 352 1592 3349 2069 
1239 206 1593 3349 1592 
1240 203 1576 3350 1581 
1241 202 1578 3350 1576 
1242 354 1581 3350 1578 
1243 355 1900 3351 1582 
1244 297 1580 3351 1900 
1245 203 1582 3351 1580 
1246 354 2073 3352 1581 
1247 355 1582 3352 2073 
1248 203 1581 3352 1582 
1249 332 1791 3353 1561 
1250 263 1560 3353 1791 
1251 197 1561 3353 1560 
1252 339 2028 3354 2029 
1253 343 2040 3354 2028 
1254 356 2029 3354 2040 
1255 339 2029 3355 2023 
1256 356 2025 3355 2029 
1257 338 2023 3355 2025 
1258 207 1596 3356 1597 
1259 253 1758 3356 1596 
1260 357 1597 3356 1758 
1261 358 1600 3357 1598 
1262 208 1595 3357 1600 
1263 207 1598 3357 1595 
1264 207 1597 3358 1598 
1265 357 2081 3358 1597 
1266 358 1598 3358 2081 
1267 114 1225 3359 1226 
1268 269 1809 3359 1225 
1269 359 1226 3359 1809 
1270 359 1767 3360 1226 
1271 256 1224 3360 1767 
1272 114 1226 3360 1224 
1273 194 1541 3361 1551 
1274 192 1543 3361 1541 
1275 360 1551 3361 1543 
1276 360 1966 3362 1551 
1277 317 1550 3362 1966 
1278 194 1551 3362 1550 
1279 361 1788 3363 1290 
1280 262 1288 3363 1788 
1281 130 1290 3363 1288 
1282 130 1289 3364 1290 
1283 309 1938 3364 1289 
1284 361 1290 3364 1938 
1285 169 1449 3365 1450 
1286 267 1803 3365 1449 
1287 362 1450 3365 1803 
1288 362 1745 3366 1450 
1289 249 1448 3366 1745 
1290 169 1450 3366 1448 
1291 363 799 3367 782 
1292 16 780 3367 799 
1293 12 782 3367 780 
1294 12 781 3368 782 
1295 94 1143 3368 781 
1296 363 782 3368 1143 
1297 364 1944 3369 1629 
1298 311 1627 3369 1944 
1299 216 1629 3369 1627 
1300 313 1950 3370 1628 
1301 364 1629 3370 1950 
1302 216 1628 3370 1629 
1303 365 1656 3371 1508 
1304 223 1506 3371 1656 
1305 183 1508 3371 1506 
1306 183 1507 3372 1508 
1307 347 2053 3372 1507 
1308 365 1508 3372 2053 
1309 366 1622 3373 1625 
1310 214 1620 3373 1622 
1311 215 1625 3373 1620 
1312 215 1624 3374 1625 
1313 255 1763 3374 1624 
1314 366 1625 3374 1763 
1315 367 1696 3375 1683 
1316 235 1682 3375 1696 
1317 231 1683 3375 1682 
1318 231 1681 3376 1684 
1319 232 1686 3376 1681 
1320 368 1684 3376 1686 
1321 368 2111 3377 1684 
1322 367 1683 3377 2111 
1323 231 1684 3377 1683 
1324 209 1603 3378 1604 
1325 335 2016 3378 1603 
1326 369 1604 3378 2016 
1327 369 1999 3379 1604 
1328 329 1602 3379 1999 
1329 209 1604 3379 1602 
1330 220 1635 3380 1645 
1331 218 1637 3380 1635 
1332 370 1645 3380 1637 
1333 370 1926 3381 1645 
1334 305 1644 3381 1926 
1335 220 1645 3381 1644 
1336 175 1476 3382 1477 
1337 227 1668 3382 1476 
1338 371 1477 3382 1668 
1339 371 1479 3383 1477 
1340 176 1475 3383 1479 
1341 175 1477 3383 1475 
1342 188 1526 3384 1528 
1343 272 1816 3384 1526 
1344 372 1528 3384 1816 
1345 372 1983 3385 1528 
1346 323 1527 3385 1983 
1347 188 1528 3385 1527 
1348 373 1485 3386 1708 
1349 177 1484 3386 1485 
1350 238 1708 3386 1484 
1351 238 1707 3387 1709 
1352 239 1712 3387 1707 
1353 374 1709 3387 1712 
1354 374 2130 3388 1709 
1355 373 1708 3388 2130 
1356 238 1709 3388 1708 
1357 164 1427 3389 1429 
1358 293 1887 3389 1427 
1359 375 1429 3389 1887 
1360 375 1988 3390 1429 
1361 325 1428 3390 1988 
1362 164 1429 3390 1428 
1363 365 1660 3391 1656 
1364 225 1655 3391 1660 
1365 223 1656 3391 1655 
1366 376 1713 3392 1716 
1367 239 1711 3392 1713 
1368 240 1716 3392 1711 
1369 240 1715 3393 1716 
1370 280 1839 3393 1715 
1371 376 1716 3393 1839 
1372 265 1796 3394 1798 
1373 266 1801 3394 1796 
1374 377 1798 3394 1801 
1375 378 1806 3395 1799 
1376 268 1797 3395 1806 
1377 265 1799 3395 1797 
1378 265 1798 3396 1800 
1379 377 2139 3396 1798 
1380 379 1800 3396 2139 
1381 265 1800 3397 1799 
1382 379 2143 3397 1800 
1383 378 1799 3397 2143 
1384 380 2017 3398 1762 
1385 335 1761 3398 2017 
1386 254 1762 3398 1761 
1387 254 1760 3399 1762 
1388 326 1991 3399 1760 
1389 380 1762 3399 1991 
1390 343 2039 3400 2041 
1391 344 2045 3400 2039 
1392 381 2041 3400 2045 
1393 381 2079 3401 2041 
1394 356 2040 3401 2079 
1395 343 2041 3401 2040 
1396 253 1757 3402 1759 
1397 350 2063 3402 1757 
1398 382 1759 3402 2063 
1399 253 1759 3403 1758 
1400 382 2082 3403 1759 
1401 357 1758 3403 2082 
1402 236 1699 3404 1700 
1403 323 1982 3404 1699 
1404 347 1700 3404 1982 
1405 77 1066 3405 1068 
1406 243 1725 3405 1066 
1407 383 1068 3405 1725 
1408 383 1985 3406 1068 
1409 324 1067 3406 1985 
1410 77 1068 3406 1067 
1411 384 1823 3407 1820 
1412 274 1818 3407 1823 
1413 273 1820 3407 1818 
1414 273 1819 3408 1821 
1415 298 1902 3408 1819 
1416 385 1821 3408 1902 
1417 273 1821 3409 1820 
1418 385 2161 3409 1821 
1419 384 1820 3409 2161 
1420 386 1817 3410 1661 
1421 272 1659 3410 1817 
1422 225 1661 3410 1659 
1423 225 1660 3411 1661 
1424 365 2106 3411 1660 
1425 386 1661 3411 2106 
1426 118 1229 3412 1242 
1427 115 1231 3412 1229 
1428 387 1242 3412 1231 
1429 387 2002 3413 1242 
1430 330 1241 3413 2002 
1431 118 1242 3413 1241 
1432 202 1577 3414 1579 
1433 211 1610 3414 1577 
1434 388 1579 3414 1610 
1435 388 2074 3415 1579 
1436 354 1578 3415 2074 
1437 202 1579 3415 1578 
1438 267 1790 3416 1804 
1439 263 1792 3416 1790 
1440 389 1804 3416 1792 
1441 389 2097 3417 1804 
1442 362 1803 3417 2097 
1443 267 1804 3417 1803 
1444 54 966 3418 968 
1445 258 1775 3418 966 
1446 373 968 3418 1775 
1447 373 1934 3419 968 
1448 308 967 3419 1934 
1449 54 968 3419 967 
1450 156 1394 3420 1396 
1451 281 1842 3420 1394 
1452 390 1396 3420 1842 
1453 390 1979 3421 1396 
1454 322 1395 3421 1979 
1455 156 1396 3421 1395 
1456 269 1808 3422 1809 
1457 342 2036 3422 1808 
1458 359 1809 3422 2036 
1459 95 1146 3423 1148 
1460 153 1386 3423 1146 
1461 391 1148 3423 1386 
1462 391 1144 3424 1148 
1463 94 1142 3424 1144 
1464 95 1148 3424 1142 
1465 222 1647 3425 1653 
1466 221 1649 3425 1647 
1467 392 1653 3425 1649 
1468 392 1844 3426 1653 
1469 282 1652 3426 1844 
1470 222 1653 3426 1652 
1471 228 1671 3427 1673 
1472 283 1847 3427 1671 
1473 393 1673 3427 1847 
1474 393 2009 3428 1673 
1475 332 1672 3428 2009 
1476 228 1673 3428 1672 
1477 394 1329 3429 1313 
1478 139 1311 3429 1329 
1479 135 1313 3429 1311 
1480 135 1312 3430 1313 
1481 161 1417 3430 1312 
1482 394 1313 3430 1417 
1483 266 1695 3431 1802 
1484 235 1697 3431 1695 
1485 395 1802 3431 1697 
1486 395 2140 3432 1802 
1487 377 1801 3432 2140 
1488 266 1802 3432 1801 
1489 233 1689 3433 1691 
1490 275 1826 3433 1689 
1491 396 1691 3433 1826 
1492 397 1992 3434 1692 
1493 326 1690 3434 1992 
1494 233 1692 3434 1690 
1495 233 1691 3435 1692 
1496 396 2196 3435 1691 
1497 397 1692 3435 2196 
1498 174 1453 3436 1473 
1499 170 1456 3436 1453 
1500 398 1473 3436 1456 
1501 399 1764 3437 1474 
1502 255 1472 3437 1764 
1503 174 1474 3437 1472 
1504 174 1473 3438 1474 
1505 398 2202 3438 1473 
1506 399 1474 3438 2202 
1507 292 1883 3439 1884 
1508 295 1894 3439 1883 
1509 400 1884 3439 1894 
1510 401 1888 3440 1885 
1511 293 1882 3440 1888 
1512 292 1885 3440 1882 
1513 402 2213 3441 1886 
1514 401 1885 3441 2213 
1515 292 1886 3441 1885 
1516 400 2208 3442 1884 
1517 402 1886 3442 2208 
1518 292 1884 3442 1886 
1519 403 1848 3443 1746 
1520 283 1744 3443 1848 
1521 249 1746 3443 1744 
1522 249 1745 3444 1746 
1523 362 2098 3444 1745 
1524 403 1746 3444 2098 
1525 170 1455 3445 1457 
1526 340 2032 3445 1455 
1527 404 1457 3445 2032 
1528 404 2203 3446 1457 
1529 398 1456 3446 2203 
1530 170 1457 3446 1456 
1531 246 1736 3447 1737 
1532 346 2049 3447 1736 
1533 405 1737 3447 2049 
1534 405 2005 3448 1737 
1535 331 1735 3448 2005 
1536 246 1737 3448 1735 
1537 263 1791 3449 1792 
1538 332 2008 3449 1791 
1539 389 1792 3449 2008 
1540 105 1190 3450 1191 
1541 296 1896 3450 1190 
1542 348 1191 3450 1896 
1543 406 1903 3451 1901 
1544 298 1899 3451 1903 
1545 297 1901 3451 1899 
1546 355 2076 3452 1900 
1547 406 1901 3452 2076 
1548 297 1900 3452 1901 
1549 275 1825 3453 1826 
1550 329 2000 3453 1825 
1551 396 1826 3453 2000 
1552 25 836 3454 838 
1553 127 1278 3454 836 
1554 407 838 3454 1278 
1555 407 1897 3455 838 
1556 296 837 3455 1897 
1557 25 838 3455 837 
1558 408 1650 3456 1834 
1559 221 1648 3456 1650 
1560 278 1834 3456 1648 
1561 278 1833 3457 1835 
1562 306 1929 3457 1833 
1563 409 1835 3457 1929 
1564 278 1835 3458 1834 
1565 409 2233 3458 1835 
1566 408 1834 3458 2233 
1567 410 1924 3459 1768 
1568 304 1766 3459 1924 
1569 256 1768 3459 1766 
1570 256 1767 3460 1768 
1571 359 2088 3460 1767 
1572 410 1768 3460 2088 
1573 127 1265 3461 1279 
1574 124 1267 3461 1265 
1575 411 1279 3461 1267 
1576 127 1279 3462 1278 
1577 411 2230 3462 1279 
1578 407 1278 3462 2230 
1579 221 1650 3463 1651 
1580 408 2234 3463 1650 
1581 412 1651 3463 2234 
1582 412 2184 3464 1651 
1583 392 1649 3464 2184 
1584 221 1651 3464 1649 
1585 299 1907 3465 1909 
1586 307 1932 3465 1907 
1587 413 1909 3465 1932 
1588 413 2037 3466 1909 
1589 342 1908 3466 2037 
1590 299 1909 3466 1908 
1591 404 1795 3467 1330 
1592 264 1328 3467 1795 
1593 139 1330 3467 1328 
1594 139 1329 3468 1330 
1595 394 2190 3468 1329 
1596 404 1330 3468 2190 
1597 235 1696 3469 1698 
1598 367 2112 3469 1696 
1599 414 1698 3469 2112 
1600 414 2193 3470 1698 
1601 395 1697 3470 2193 
1602 235 1698 3470 1697 
1603 380 2117 3471 2017 
1604 369 2016 3471 2117 
1605 335 2017 3471 2016 
1606 415 1501 3472 1486 
1607 181 1483 3472 1501 
1608 177 1486 3472 1483 
1609 177 1485 3473 1486 
1610 373 2131 3473 1485 
1611 415 1486 3473 2131 
1612 268 1806 3474 1807 
1613 378 2144 3474 1806 
1614 416 1807 3474 2144 
1615 416 2013 3475 1807 
1616 334 1805 3475 2013 
1617 268 1807 3475 1805 
1618 386 2126 3476 1817 
1619 372 1816 3476 2126 
1620 272 1817 3476 1816 
1621 258 1774 3477 1776 
1622 259 1779 3477 1774 
1623 415 1776 3477 1779 
1624 415 2131 3478 1776 
1625 373 1775 3478 2131 
1626 258 1776 3478 1775 
1627 295 1893 3479 1895 
1628 331 2006 3479 1893 
1629 417 1895 3479 2006 
1630 417 2209 3480 1895 
1631 400 1894 3480 2209 
1632 295 1895 3480 1894 
1633 418 2187 3481 1849 
1634 393 1847 3481 2187 
1635 283 1849 3481 1847 
1636 283 1848 3482 1849 
1637 403 2219 3482 1848 
1638 418 1849 3482 2219 
1639 340 1811 3483 1794 
1640 270 1793 3483 1811 
1641 264 1794 3483 1793 
1642 404 2032 3484 1795 
1643 340 1794 3484 2032 
1644 264 1795 3484 1794 
1645 419 1720 3485 1814 
1646 241 1719 3485 1720 
1647 271 1814 3485 1719 
1648 271 1813 3486 1815 
1649 341 2033 3486 1813 
1650 420 1815 3486 2033 
1651 271 1815 3487 1814 
1652 420 2265 3487 1815 
1653 419 1814 3487 2265 
1654 397 2150 3488 1992 
1655 380 1991 3488 2150 
1656 326 1992 3488 1991 
1657 115 1230 3489 1231 
1658 294 1890 3489 1230 
1659 387 1231 3489 1890 
1660 421 1930 3490 1824 
1661 306 1822 3490 1930 
1662 274 1824 3490 1822 
1663 274 1823 3491 1824 
1664 384 2162 3491 1823 
1665 421 1824 3491 2162 
1666 422 1933 3492 1925 
1667 307 1923 3492 1933 
1668 304 1925 3492 1923 
1669 304 1924 3493 1925 
1670 410 2241 3493 1924 
1671 422 1925 3493 2241 
1672 423 1575 3494 876 
1673 201 874 3494 1575 
1674 33 876 3494 874 
1675 33 875 3495 876 
1676 314 1953 3495 875 
1677 423 876 3495 1953 
1678 302 1917 3496 1918 
1679 311 1945 3496 1917 
1680 424 1918 3496 1945 
1681 425 1921 3497 1919 
1682 303 1916 3497 1921 
1683 302 1919 3497 1916 
1684 302 1918 3498 1919 
1685 424 2281 3498 1918 
1686 425 1919 3498 2281 
1687 422 2249 3499 1933 
1688 413 1932 3499 2249 
1689 307 1933 3499 1932 
1690 333 1751 3500 1748 
1691 251 1747 3500 1751 
1692 250 1748 3500 1747 
1693 250 1749 3501 1748 
1694 352 2011 3501 1749 
1695 333 1748 3501 2011 
1696 311 1944 3502 1946 
1697 364 2103 3502 1944 
1698 426 1946 3502 2103 
1699 426 2282 3503 1946 
1700 424 1945 3503 2282 
1701 311 1946 3503 1945 
1702 427 2054 3504 1984 
1703 347 1982 3504 2054 
1704 323 1984 3504 1982 
1705 323 1983 3505 1984 
1706 372 2127 3505 1983 
1707 427 1984 3505 2127 
1708 66 1020 3506 1021 
1709 270 1812 3506 1020 
1710 428 1021 3506 1812 
1711 428 1726 3507 1021 
1712 243 1019 3507 1726 
1713 66 1021 3507 1019 
1714 232 1685 3508 1687 
1715 286 1859 3508 1685 
1716 429 1687 3508 1859 
1717 429 2114 3509 1687 
1718 368 1686 3509 2114 
1719 232 1687 3509 1686 
1720 430 2089 3510 2038 
1721 359 2036 3510 2089 
1722 342 2038 3510 2036 
1723 342 2037 3511 2038 
1724 413 2250 3511 2037 
1725 430 2038 3511 2250 
1726 284 1852 3512 1853 
1727 321 1978 3512 1852 
1728 345 1853 3512 1978 
1729 318 1968 3513 1851 
1730 321 1852 3513 1968 
1731 284 1851 3513 1852 
1732 293 1888 3514 1889 
1733 401 2214 3514 1888 
1734 431 1889 3514 2214 
1735 431 2133 3515 1889 
1736 375 1887 3515 2133 
1737 293 1889 3515 1887 
1738 329 1999 3516 2001 
1739 369 2118 3516 1999 
1740 432 2001 3516 2118 
1741 432 2197 3517 2001 
1742 396 2000 3517 2197 
1743 329 2001 3517 2000 
1744 433 1568 3518 1362 
1745 199 1360 3518 1568 
1746 147 1362 3518 1360 
1747 147 1361 3519 1362 
1748 327 1993 3519 1361 
1749 433 1362 3519 1993 
1750 434 1723 3520 1721 
1751 242 1718 3520 1723 
1752 241 1721 3520 1718 
1753 241 1720 3521 1721 
1754 419 2266 3521 1720 
1755 434 1721 3521 2266 
1756 435 2176 3522 2010 
1757 389 2008 3522 2176 
1758 332 2010 3522 2008 
1759 332 2009 3523 2010 
1760 393 2188 3523 2009 
1761 435 2010 3523 2188 
1762 436 1733 3524 800 
1763 245 798 3524 1733 
1764 16 800 3524 798 
1765 16 799 3525 800 
1766 363 2100 3525 799 
1767 436 800 3525 2100 
1768 437 2034 3526 1976 
1769 341 1975 3526 2034 
1770 320 1976 3526 1975 
1771 320 1971 3527 1977 
1772 319 1973 3527 1971 
1773 438 1977 3527 1973 
1774 438 2323 3528 1977 
1775 437 1976 3528 2323 
1776 320 1977 3528 1976 
1777 439 2107 3529 2055 
1778 365 2053 3529 2107 
1779 347 2055 3529 2053 
1780 347 2054 3530 2055 
1781 427 2291 3530 2054 
1782 439 2055 3530 2291 
1783 312 1879 3531 1948 
1784 291 1880 3531 1879 
1785 440 1948 3531 1880 
1786 440 1994 3532 1948 
1787 327 1947 3532 1994 
1788 312 1948 3532 1947 
1789 406 2226 3533 1903 
1790 437 1904 3533 2226 
1791 298 1903 3533 1904 
1792 298 1904 3534 1905 
1793 437 2324 3534 1904 
1794 441 1905 3534 2324 
1795 441 2165 3535 1905 
1796 385 1902 3535 2165 
1797 298 1905 3535 1902 
1798 362 2097 3536 2099 
1799 389 2177 3536 2097 
1800 442 2099 3536 2177 
1801 442 2220 3537 2099 
1802 403 2098 3537 2220 
1803 362 2099 3537 2098 
1804 423 1891 3538 1575 
1805 294 1574 3538 1891 
1806 201 1575 3538 1574 
1807 443 1939 3539 1601 
1808 309 1599 3539 1939 
1809 208 1601 3539 1599 
1810 208 1600 3540 1601 
1811 358 2085 3540 1600 
1812 443 1601 3540 2085 
1813 439 2168 3541 2107 
1814 386 2106 3541 2168 
1815 365 2107 3541 2106 
1816 204 1585 3542 1586 
1817 349 2059 3542 1585 
1818 353 1586 3542 2059 
1819 444 2239 3543 1931 
1820 409 1929 3543 2239 
1821 306 1931 3543 1929 
1822 306 1930 3544 1931 
1823 421 2272 3544 1930 
1824 444 1931 3544 2272 
1825 445 2242 3545 2090 
1826 410 2088 3545 2242 
1827 359 2090 3545 2088 
1828 359 2089 3546 2090 
1829 430 2300 3546 2089 
1830 445 2090 3546 2300 
1831 124 1266 3547 1268 
1832 230 1679 3547 1266 
1833 446 1268 3547 1679 
1834 446 2244 3548 1268 
1835 411 1267 3548 2244 
1836 124 1268 3548 1267 
1837 447 1860 3549 1724 
1838 286 1722 3549 1860 
1839 242 1724 3549 1722 
1840 242 1723 3550 1724 
1841 434 2313 3550 1723 
1842 447 1724 3550 2313 
1843 369 2117 3551 2119 
1844 380 2151 3551 2117 
1845 448 2119 3551 2151 
1846 448 2307 3552 2119 
1847 432 2118 3552 2307 
1848 369 2119 3552 2118 
1849 218 1636 3553 1638 
1850 301 1915 3553 1636 
1851 449 1638 3553 1915 
1852 449 2120 3554 1638 
1853 370 1637 3554 2120 
1854 218 1638 3554 1637 
1855 450 2050 3555 2021 
1856 346 2020 3555 2050 
1857 337 2021 3555 2020 
1858 337 1961 3556 2022 
1859 316 1962 3556 1961 
1860 451 2022 3556 1962 
1861 451 2360 3557 2022 
1862 450 2021 3557 2360 
1863 337 2022 3557 2021 
1864 389 2176 3558 2177 
1865 435 2316 3558 2176 
1866 442 2177 3558 2316 
1867 192 1542 3559 1544 
1868 308 1936 3559 1542 
1869 452 1544 3559 1936 
1870 452 2091 3560 1544 
1871 360 1543 3560 2091 
1872 192 1544 3560 1543 
1873 341 2034 3561 2035 
1874 437 2325 3561 2034 
1875 453 2035 3561 2325 
1876 341 2035 3562 2033 
1877 453 2269 3562 2035 
1878 420 2033 3562 2269 
1879 380 2150 3563 2152 
1880 397 2200 3563 2150 
1881 454 2152 3563 2200 
1882 454 2354 3564 2152 
1883 448 2151 3564 2354 
1884 380 2152 3564 2151 
1885 455 2012 3565 1623 
1886 333 1621 3565 2012 
1887 214 1623 3565 1621 
1888 214 1622 3566 1623 
1889 366 2108 3566 1622 
1890 455 1623 3566 2108 
1891 456 2157 3567 2064 
1892 382 2063 3567 2157 
1893 350 2064 3567 2063 
1894 350 2062 3568 2065 
1895 351 2066 3568 2062 
1896 457 2065 3568 2066 
1897 457 2377 3569 2065 
1898 456 2064 3569 2377 
1899 350 2065 3569 2064 
1900 413 2249 3570 2251 
1901 422 2275 3570 2249 
1902 458 2251 3570 2275 
1903 458 2301 3571 2251 
1904 430 2250 3571 2301 
1905 413 2251 3571 2250 
1906 459 2018 3572 1502 
1907 336 1500 3572 2018 
1908 181 1502 3572 1500 
1909 181 1501 3573 1502 
1910 415 2254 3573 1501 
1911 459 1502 3573 2254 
1912 460 2067 3574 1922 
1913 351 1920 3574 2067 
1914 303 1922 3574 1920 
1915 303 1921 3575 1922 
1916 425 2285 3575 1921 
1917 460 1922 3575 2285 
1918 372 2126 3576 2128 
1919 386 2169 3576 2126 
1920 461 2128 3576 2169 
1921 462 2292 3577 2129 
1922 427 2127 3577 2292 
1923 372 2129 3577 2127 
1924 372 2128 3578 2129 
1925 461 2392 3578 2128 
1926 462 2129 3578 2392 
1927 463 1840 3579 1569 
1928 280 1567 3579 1840 
1929 199 1569 3579 1567 
1930 199 1568 3580 1569 
1931 433 2310 3580 1568 
1932 463 1569 3580 2310 
1933 464 1786 3581 1789 
1934 261 1784 3581 1786 
1935 262 1789 3581 1784 
1936 262 1788 3582 1789 
1937 361 2094 3582 1788 
1938 464 1789 3582 2094 
1939 393 2187 3583 2189 
1940 418 2262 3583 2187 
1941 465 2189 3583 2262 
1942 465 2317 3584 2189 
1943 435 2188 3584 2317 
1944 393 2189 3584 2188 
1945 466 1865 3585 1943 
1946 287 1864 3585 1865 
1947 310 1943 3585 1864 
1948 310 1942 3586 1941 
1949 321 1968 3586 1942 
1950 318 1941 3586 1968 
1951 310 1941 3587 1943 
1952 318 1969 3587 1941 
1953 466 1943 3587 1969 
1954 467 1837 3588 1787 
1955 279 1785 3588 1837 
1956 261 1787 3588 1785 
1957 261 1786 3589 1787 
1958 464 2401 3589 1786 
1959 467 1787 3589 2401 
1960 468 2201 3590 2198 
1961 397 2196 3590 2201 
1962 396 2198 3590 2196 
1963 396 2197 3591 2199 
1964 432 2308 3591 2197 
1965 469 2199 3591 2308 
1966 469 2411 3592 2199 
1967 468 2198 3592 2411 
1968 396 2199 3592 2198 
1969 153 1385 3593 1387 
1970 324 1986 3593 1385 
1971 470 1387 3593 1986 
1972 470 2181 3594 1387 
1973 391 1386 3594 2181 
1974 153 1387 3594 1386 
1975 227 1667 3595 1669 
1976 325 1989 3595 1667 
1977 471 1669 3595 1989 
1978 471 2123 3596 1669 
1979 371 1668 3596 2123 
1980 227 1669 3596 1668 
1981 468 2372 3597 2201 
1982 454 2200 3597 2372 
1983 397 2201 3597 2200 
1984 472 2101 3598 1145 
1985 363 1143 3598 2101 
1986 94 1145 3598 1143 
1987 94 1144 3599 1145 
1988 391 2182 3599 1144 
1989 472 1145 3599 2182 
1990 473 1996 3600 1480 
1991 328 1478 3600 1996 
1992 176 1480 3600 1478 
1993 176 1479 3601 1480 
1994 371 2124 3601 1479 
1995 473 1480 3601 2124 
1996 386 2168 3602 2170 
1997 439 2330 3602 2168 
1998 474 2170 3602 2330 
1999 474 2393 3603 2170 
2000 461 2169 3603 2393 
2001 386 2170 3603 2169 
2002 259 1778 3604 1780 
2003 305 1927 3604 1778 
2004 475 1780 3604 1927 
2005 475 2255 3605 1780 
2006 415 1779 3605 2255 
2007 259 1780 3605 1779 
2008 476 2148 3606 2141 
2009 379 2139 3606 2148 
2010 377 2141 3606 2139 
2011 477 2431 3607 2142 
2012 476 2141 3607 2431 
2013 377 2142 3607 2141 
2014 377 2140 3608 2142 
2015 395 2194 3608 2140 
2016 477 2142 3608 2194 
2017 478 2263 3609 2221 
2018 418 2219 3609 2263 
2019 403 2221 3609 2219 
2020 403 2220 3610 2221 
2021 442 2338 3610 2220 
2022 478 2221 3610 2338 
2023 345 1978 3611 1732 
2024 321 1731 3611 1978 
2025 245 1732 3611 1731 
2026 436 2047 3612 1733 
2027 345 1732 3612 2047 
2028 245 1733 3612 1732 
2029 319 1972 3613 1974 
2030 334 2014 3613 1972 
2031 479 1974 3613 2014 
2032 479 2327 3614 1974 
2033 438 1973 3614 2327 
2034 319 1974 3614 1973 
2035 480 2276 3615 2243 
2036 422 2241 3615 2276 
2037 410 2243 3615 2241 
2038 410 2242 3616 2243 
2039 445 2346 3616 2242 
2040 480 2243 3616 2346 
2041 251 1751 3617 1752 
2042 333 2012 3617 1751 
2043 455 1752 3617 2012 
2044 455 1954 3618 1752 
2045 314 1750 3618 1954 
2046 251 1752 3618 1750 
2047 346 2050 3619 2051 
2048 450 2361 3619 2050 
2049 456 2051 3619 2361 
2050 346 2051 3620 2052 
2051 456 2378 3620 2051 
2052 481 2052 3620 2378 
2053 481 2223 3621 2052 
2054 405 2049 3621 2223 
2055 346 2052 3621 2049 
2056 482 2383 3622 2277 
2057 458 2275 3622 2383 
2058 422 2277 3622 2275 
2059 422 2276 3623 2277 
2060 480 2444 3623 2276 
2061 482 2277 3623 2444 
2062 483 2109 3624 1765 
2063 366 1763 3624 2109 
2064 255 1765 3624 1763 
2065 255 1764 3625 1765 
2066 399 2205 3625 1764 
2067 483 1765 3625 2205 
2068 484 2083 3626 2158 
2069 357 2082 3626 2083 
2070 382 2158 3626 2082 
2071 456 2361 3627 2157 
2072 450 2156 3627 2361 
2073 382 2157 3627 2156 
2074 382 2156 3628 2158 
2075 450 2362 3628 2156 
2076 484 2158 3628 2362 
2077 485 2331 3629 2293 
2078 439 2291 3629 2331 
2079 427 2293 3629 2291 
2080 427 2292 3630 2294 
2081 462 2396 3630 2292 
2082 486 2294 3630 2396 
2083 486 2460 3631 2294 
2084 485 2293 3631 2460 
2085 427 2294 3631 2293 
2086 487 1970 3632 1967 
2087 318 1965 3632 1970 
2088 317 1967 3632 1965 
2089 317 1966 3633 1967 
2090 360 2092 3633 1966 
2091 487 1967 3633 2092 
2092 488 2086 3634 2084 
2093 358 2081 3634 2086 
2094 357 2084 3634 2081 
2095 357 2083 3635 2084 
2096 484 2457 3635 2083 
2097 488 2084 3635 2457 
2098 489 2426 3636 2332 
2099 474 2330 3636 2426 
2100 439 2332 3636 2330 
2101 439 2331 3637 2332 
2102 485 2461 3637 2331 
2103 489 2332 3637 2461 
2104 490 1881 3638 1866 
2105 291 1863 3638 1881 
2106 287 1866 3638 1863 
2107 287 1865 3639 1866 
2108 466 2407 3639 1865 
2109 490 1866 3639 2407 
2110 211 1609 3640 1611 
2111 322 1980 3640 1609 
2112 491 1611 3640 1980 
2113 491 2173 3641 1611 
2114 388 1610 3641 2173 
2115 211 1611 3641 1610 
2116 492 2347 3642 2302 
2117 445 2300 3642 2347 
2118 430 2302 3642 2300 
2119 430 2301 3643 2303 
2120 458 2384 3643 2301 
2121 493 2303 3643 2384 
2122 430 2303 3644 2302 
2123 493 2478 3644 2303 
2124 492 2302 3644 2478 
2125 494 1418 3645 1829 
2126 161 1416 3645 1418 
2127 276 1829 3645 1416 
2128 276 1828 3646 1829 
2129 330 2003 3646 1828 
2130 494 1829 3646 2003 
2131 281 1841 3647 1843 
2132 282 1845 3647 1841 
2133 495 1843 3647 1845 
2134 495 2178 3648 1843 
2135 390 1842 3648 2178 
2136 281 1843 3648 1842 
2137 432 2307 3649 2309 
2138 448 2355 3649 2307 
2139 496 2309 3649 2355 
2140 496 2414 3650 2309 
2141 469 2308 3650 2414 
2142 432 2309 3650 2308 
2143 333 2011 3651 1913 
2144 352 1914 3651 2011 
2145 301 1913 3651 1914 
2146 301 1914 3652 1915 
2147 352 2070 3652 1914 
2148 449 1915 3652 2070 
2149 401 2213 3653 2215 
2150 402 2217 3653 2213 
2151 476 2215 3653 2217 
2152 401 2215 3654 2216 
2153 476 2432 3654 2215 
2154 497 2216 3654 2432 
2155 497 2304 3655 2216 
2156 431 2214 3655 2304 
2157 401 2216 3655 2214 
2158 498 2403 3656 2264 
2159 465 2262 3656 2403 
2160 418 2264 3656 2262 
2161 418 2263 3657 2264 
2162 478 2437 3657 2263 
2163 498 2264 3657 2437 
2164 230 1678 3658 1680 
2165 336 2019 3658 1678 
2166 499 1680 3658 2019 
2167 499 2349 3659 1680 
2168 446 1679 3659 2349 
2169 230 1680 3659 1679 
2170 500 2145 3660 2149 
2171 378 2143 3660 2145 
2172 379 2149 3660 2143 
2173 379 2147 3661 2149 
2174 402 2218 3661 2147 
2175 500 2149 3661 2218 
2176 476 2217 3662 2148 
2177 402 2147 3662 2217 
2178 379 2148 3662 2147 
2179 501 2339 3663 2318 
2180 442 2316 3663 2339 
2181 435 2318 3663 2316 
2182 435 2317 3664 2319 
2183 465 2404 3664 2317 
2184 502 2319 3664 2404 
2185 503 2505 3665 2320 
2186 501 2318 3665 2505 
2187 435 2320 3665 2318 
2188 435 2319 3666 2320 
2189 502 2509 3666 2319 
2190 503 2320 3666 2509 
2191 504 2191 3667 1419 
2192 394 1417 3667 2191 
2193 161 1419 3667 1417 
2194 161 1418 3668 1419 
2195 494 2486 3668 1418 
2196 504 1419 3668 2486 
2197 378 2145 3669 2146 
2198 500 2503 3669 2145 
2199 505 2146 3669 2503 
2200 505 2256 3670 2146 
2201 416 2144 3670 2256 
2202 378 2146 3670 2144 
2203 506 2438 3671 2340 
2204 478 2338 3671 2438 
2205 442 2340 3671 2338 
2206 442 2339 3672 2340 
2207 501 2506 3672 2339 
2208 506 2340 3672 2506 
2209 507 2132 3673 1714 
2210 374 1712 3673 2132 
2211 239 1714 3673 1712 
2212 239 1713 3674 1714 
2213 376 2137 3674 1713 
2214 507 1714 3674 2137 
2215 331 2005 3675 2007 
2216 405 2224 3675 2005 
2217 508 2007 3675 2224 
2218 508 2259 3676 2007 
2219 417 2006 3676 2259 
2220 331 2007 3676 2006 
2221 448 2354 3677 2356 
2222 454 2373 3677 2354 
2223 509 2356 3677 2373 
2224 510 2491 3678 2357 
2225 496 2355 3678 2491 
2226 448 2357 3678 2355 
2227 448 2356 3679 2357 
2228 509 2531 3679 2356 
2229 510 2357 3679 2531 
2230 463 2136 3680 1840 
2231 376 1839 3680 2136 
2232 280 1840 3680 1839 
2233 511 2235 3681 2240 
2234 408 2233 3681 2235 
2235 409 2240 3681 2233 
2236 409 2237 3682 2238 
2237 424 2282 3682 2237 
2238 426 2238 3682 2282 
2239 444 2283 3683 2239 
2240 424 2237 3683 2283 
2241 409 2239 3683 2237 
2242 409 2238 3684 2240 
2243 426 2288 3684 2238 
2244 511 2240 3684 2288 
2245 512 2397 3685 2394 
2246 462 2392 3685 2397 
2247 461 2394 3685 2392 
2248 461 2393 3686 2395 
2249 474 2427 3686 2393 
2250 513 2395 3686 2427 
2251 513 2540 3687 2395 
2252 512 2394 3687 2540 
2253 461 2395 3687 2394 
2254 490 2333 3688 1881 
2255 440 1880 3688 2333 
2256 291 1881 3688 1880 
2257 408 2235 3689 2236 
2258 511 2538 3689 2235 
2259 514 2236 3689 2538 
2260 514 2246 3690 2236 
2261 412 2234 3690 2246 
2262 408 2236 3690 2234 
2263 454 2372 3691 2374 
2264 468 2412 3691 2372 
2265 515 2374 3691 2412 
2266 516 2532 3692 2375 
2267 509 2373 3692 2532 
2268 454 2375 3692 2373 
2269 454 2374 3693 2375 
2270 515 2550 3693 2374 
2271 516 2375 3693 2550 
2272 270 1811 3694 1810 
2273 340 2024 3694 1811 
2274 338 1810 3694 2024 
2275 270 1810 3695 1812 
2276 338 2026 3695 1810 
2277 428 1812 3695 2026 
2278 364 1950 3696 2104 
2279 313 1951 3696 1950 
2280 517 2104 3696 1951 
2281 518 2289 3697 2105 
2282 426 2103 3697 2289 
2283 364 2105 3697 2103 
2284 517 2557 3698 2104 
2285 518 2105 3698 2557 
2286 364 2104 3698 2105 
2287 519 2445 3699 2348 
2288 480 2346 3699 2445 
2289 445 2348 3699 2346 
2290 445 2347 3700 2348 
2291 492 2479 3700 2347 
2292 519 2348 3700 2479 
2293 520 2159 3701 1727 
2294 383 1725 3701 2159 
2295 243 1727 3701 1725 
2296 243 1726 3702 1727 
2297 428 2295 3702 1726 
2298 520 1727 3702 2295 
2299 313 1836 3703 1952 
2300 279 1838 3703 1836 
2301 521 1952 3703 1838 
2302 521 2558 3704 1952 
2303 517 1951 3704 2558 
2304 313 1952 3704 1951 
2305 468 2411 3705 2413 
2306 469 2415 3705 2411 
2307 522 2413 3705 2415 
2308 522 2551 3706 2413 
2309 515 2412 3706 2551 
2310 468 2413 3706 2412 
2311 344 2044 3707 2046 
2312 345 2048 3707 2044 
2313 523 2046 3707 2048 
2314 523 2153 3708 2046 
2315 381 2045 3708 2153 
2316 344 2046 3708 2045 
2317 467 2409 3709 1837 
2318 521 1838 3709 2409 
2319 279 1837 3709 1838 
2320 458 2383 3710 2385 
2321 482 2451 3710 2383 
2322 524 2385 3710 2451 
2323 524 2483 3711 2385 
2324 493 2384 3711 2483 
2325 458 2385 3711 2384 
2326 324 1985 3712 1987 
2327 383 2160 3712 1985 
2328 525 1987 3712 2160 
2329 525 2417 3713 1987 
2330 470 1986 3713 2417 
2331 324 1987 3713 1986 
2332 402 2208 3714 2218 
2333 400 2210 3714 2208 
2334 500 2218 3714 2210 
2335 526 2464 3715 2398 
2336 486 2396 3715 2464 
2337 462 2398 3715 2396 
2338 462 2397 3716 2398 
2339 512 2541 3716 2397 
2340 526 2398 3716 2541 
2341 527 2171 3717 1892 
2342 387 1890 3717 2171 
2343 294 1892 3717 1890 
2344 294 1891 3718 1892 
2345 423 2278 3718 1891 
2346 527 1892 3718 2278 
2347 528 2504 3719 2211 
2348 500 2210 3719 2504 
2349 400 2211 3719 2210 
2350 400 2209 3720 2212 
2351 417 2260 3720 2209 
2352 529 2212 3720 2260 
2353 529 2588 3721 2212 
2354 528 2211 3721 2588 
2355 400 2212 3721 2211 
2356 474 2426 3722 2428 
2357 489 2471 3722 2426 
2358 530 2428 3722 2471 
2359 530 2544 3723 2428 
2360 513 2427 3723 2544 
2361 474 2428 3723 2427 
2362 531 2057 3724 1898 
2363 348 1896 3724 2057 
2364 296 1898 3724 1896 
2365 296 1897 3725 1898 
2366 407 2231 3725 1897 
2367 531 1898 3725 2231 
2368 316 1957 3726 1963 
2369 315 1959 3726 1957 
2370 532 1963 3726 1959 
2371 533 2364 3727 1964 
2372 451 1962 3727 2364 
2373 316 1964 3727 1962 
2374 316 1963 3728 1964 
2375 532 2599 3728 1963 
2376 533 1964 3728 2599 
2377 465 2403 3729 2405 
2378 498 2498 3729 2403 
2379 534 2405 3729 2498 
2380 534 2510 3730 2405 
2381 502 2404 3730 2510 
2382 465 2405 3730 2404 
2383 305 1926 3731 1928 
2384 370 2121 3731 1926 
2385 535 1928 3731 2121 
2386 535 2429 3732 1928 
2387 475 1927 3732 2429 
2388 305 1928 3732 1927 
2389 424 2283 3733 2284 
2390 444 2343 3733 2283 
2391 536 2284 3733 2343 
2392 536 2286 3734 2284 
2393 425 2281 3734 2286 
2394 424 2284 3734 2281 
2395 469 2414 3735 2416 
2396 496 2492 3735 2414 
2397 537 2416 3735 2492 
2398 537 2572 3736 2416 
2399 522 2415 3736 2572 
2400 469 2416 3736 2415 
2401 447 2297 3737 1860 
2402 429 1859 3737 2297 
2403 286 1860 3737 1859 
2404 538 2499 3738 2439 
2405 498 2437 3738 2499 
2406 478 2439 3738 2437 
2407 478 2438 3739 2440 
2408 506 2523 3739 2438 
2409 539 2440 3739 2523 
2410 539 2615 3740 2440 
2411 538 2439 3740 2615 
2412 478 2440 3740 2439 
2413 315 1958 3741 1960 
2414 328 1997 3741 1958 
2415 540 1960 3741 1997 
2416 540 2600 3742 1960 
2417 532 1959 3742 2600 
2418 315 1960 3742 1959 
2419 485 2460 3743 2462 
2420 486 2465 3743 2460 
2421 541 2462 3743 2465 
2422 542 2472 3744 2463 
2423 489 2461 3744 2472 
2424 485 2463 3744 2461 
2425 485 2462 3745 2463 
2426 541 2623 3745 2462 
2427 542 2463 3745 2623 
2428 352 2069 3746 2070 
2429 353 2071 3746 2069 
2430 449 2070 3746 2071 
2431 334 2013 3747 2015 
2432 416 2257 3747 2013 
2433 543 2015 3747 2257 
2434 543 2441 3748 2015 
2435 479 2014 3748 2441 
2436 334 2015 3748 2014 
2437 544 2452 3749 2446 
2438 482 2444 3749 2452 
2439 480 2446 3749 2444 
2440 480 2445 3750 2447 
2441 519 2564 3750 2445 
2442 545 2447 3750 2564 
2443 545 2632 3751 2447 
2444 544 2446 3751 2632 
2445 480 2447 3751 2446 
2446 336 2018 3752 2019 
2447 459 2387 3752 2018 
2448 499 2019 3752 2387 
2449 450 2360 3753 2363 
2450 451 2365 3753 2360 
2451 546 2363 3753 2365 
2452 546 2458 3754 2363 
2453 484 2362 3754 2458 
2454 450 2363 3754 2362 
2455 547 2524 3755 2507 
2456 506 2506 3755 2524 
2457 501 2507 3755 2506 
2458 501 2505 3756 2508 
2459 503 2513 3756 2505 
2460 548 2508 3756 2513 
2461 548 2643 3757 2508 
2462 547 2507 3757 2643 
2463 501 2508 3757 2507 
2464 308 1934 3758 1935 
2465 373 2130 3758 1934 
2466 374 1935 3758 2130 
2467 308 1935 3759 1937 
2468 374 2132 3759 1935 
2469 507 1937 3759 2132 
2470 507 2367 3760 1937 
2471 452 1936 3760 2367 
2472 308 1937 3760 1936 
2473 437 2226 3761 2325 
2474 406 2227 3761 2226 
2475 453 2325 3761 2227 
2476 438 2326 3762 2323 
2477 441 2324 3762 2326 
2478 437 2323 3762 2324 
2479 549 2577 3763 2453 
2480 524 2451 3763 2577 
2481 482 2453 3763 2451 
2482 482 2452 3764 2453 
2483 544 2633 3764 2452 
2484 549 2453 3764 2633 
2485 550 2027 3765 2080 
2486 338 2025 3765 2027 
2487 356 2080 3765 2025 
2488 356 2079 3766 2080 
2489 381 2154 3766 2079 
2490 550 2080 3766 2154 
2491 406 2076 3767 2228 
2492 355 2077 3767 2076 
2493 551 2228 3767 2077 
2494 552 2370 3768 2229 
2495 453 2227 3768 2370 
2496 406 2229 3768 2227 
2497 551 2655 3769 2228 
2498 552 2229 3769 2655 
2499 406 2228 3769 2229 
2500 486 2464 3770 2466 
2501 526 2583 3770 2464 
2502 553 2466 3770 2583 
2503 553 2624 3771 2466 
2504 541 2465 3771 2624 
2505 486 2466 3771 2465 
2506 554 2163 3772 2166 
2507 384 2161 3772 2163 
2508 385 2166 3772 2161 
2509 385 2165 3773 2167 
2510 441 2336 3773 2165 
2511 555 2167 3773 2336 
2512 385 2167 3774 2166 
2513 555 2665 3774 2167 
2514 554 2166 3774 2665 
2515 556 2480 3775 2484 
2516 492 2478 3775 2480 
2517 493 2484 3775 2478 
2518 493 2483 3776 2485 
2519 524 2578 3776 2483 
2520 557 2485 3776 2578 
2521 557 2669 3777 2485 
2522 556 2484 3777 2669 
2523 493 2485 3777 2484 
2524 345 2047 3778 2048 
2525 436 2321 3778 2047 
2526 523 2048 3778 2321 
2527 558 2380 3779 2068 
2528 457 2066 3779 2380 
2529 351 2068 3779 2066 
2530 351 2067 3780 2068 
2531 460 2389 3780 2067 
2532 558 2068 3780 2389 
2533 559 2593 3781 2473 
2534 530 2471 3781 2593 
2535 489 2473 3781 2471 
2536 489 2472 3782 2473 
2537 542 2626 3782 2472 
2538 559 2473 3782 2626 
2539 487 2406 3783 1970 
2540 466 1969 3783 2406 
2541 318 1970 3783 1969 
2542 355 2073 3784 2078 
2543 354 2075 3784 2073 
2544 560 2078 3784 2075 
2545 560 2656 3785 2078 
2546 551 2077 3785 2656 
2547 355 2078 3785 2077 
2548 496 2491 3786 2493 
2549 510 2535 3786 2491 
2550 561 2493 3786 2535 
2551 562 2612 3787 2494 
2552 537 2492 3787 2612 
2553 496 2494 3787 2492 
2554 496 2493 3788 2494 
2555 561 2682 3788 2493 
2556 562 2494 3788 2682 
2557 327 1994 3789 1995 
2558 440 2334 3789 1994 
2559 563 1995 3789 2334 
2560 563 2311 3790 1995 
2561 433 1993 3790 2311 
2562 327 1995 3790 1993 
2563 564 2539 3791 2290 
2564 511 2288 3791 2539 
2565 426 2290 3791 2288 
2566 426 2289 3792 2290 
2567 518 2561 3792 2289 
2568 564 2290 3792 2561 
2569 565 2602 3793 2500 
2570 534 2498 3793 2602 
2571 498 2500 3793 2498 
2572 498 2499 3794 2500 
2573 538 2616 3794 2499 
2574 565 2500 3794 2616 
2575 349 2056 3795 2060 
2576 348 2058 3795 2056 
2577 566 2060 3795 2058 
2578 567 2072 3796 2061 
2579 353 2059 3796 2072 
2580 349 2061 3796 2059 
2581 566 2696 3797 2060 
2582 567 2061 3797 2696 
2583 349 2060 3797 2061 
2584 282 1844 3798 1846 
2585 392 2185 3798 1844 
2586 568 1846 3798 2185 
2587 568 2489 3799 1846 
2588 495 1845 3799 2489 
2589 282 1846 3799 1845 
2590 569 2536 3800 2533 
2591 510 2531 3800 2536 
2592 509 2533 3800 2531 
2593 509 2532 3801 2534 
2594 516 2554 3801 2532 
2595 570 2534 3801 2554 
2596 570 2702 3802 2534 
2597 569 2533 3802 2702 
2598 509 2534 3802 2533 
2599 330 2002 3803 2004 
2600 387 2172 3803 2002 
2601 571 2004 3803 2172 
2602 571 2487 3804 2004 
2603 494 2003 3804 2487 
2604 330 2004 3804 2003 
2605 457 2379 3805 2377 
2606 481 2378 3805 2379 
2607 456 2377 3805 2378 
2608 572 2514 3806 2511 
2609 503 2509 3806 2514 
2610 502 2511 3806 2509 
2611 502 2510 3807 2512 
2612 534 2603 3807 2510 
2613 573 2512 3807 2603 
2614 573 2711 3808 2512 
2615 572 2511 3808 2711 
2616 502 2512 3808 2511 
2617 398 2203 3809 2204 
2618 404 2222 3809 2203 
2619 574 2204 3809 2222 
2620 574 2206 3810 2204 
2621 399 2202 3810 2206 
2622 398 2204 3810 2202 
2623 575 2273 3811 2164 
2624 421 2162 3811 2273 
2625 384 2164 3811 2162 
2626 384 2163 3812 2164 
2627 554 2666 3812 2163 
2628 575 2164 3812 2666 
2629 576 2619 3813 2525 
2630 539 2523 3813 2619 
2631 506 2525 3813 2523 
2632 506 2524 3814 2525 
2633 547 2644 3814 2524 
2634 576 2525 3814 2644 
2635 354 2074 3815 2075 
2636 388 2174 3815 2074 
2637 560 2075 3815 2174 
2638 577 2565 3816 2481 
2639 519 2479 3816 2565 
2640 492 2481 3816 2479 
2641 492 2480 3817 2482 
2642 556 2670 3817 2480 
2643 578 2482 3817 2670 
2644 578 2723 3818 2482 
2645 577 2481 3818 2723 
2646 492 2482 3818 2481 
2647 550 2296 3819 2027 
2648 428 2026 3819 2296 
2649 338 2027 3819 2026 
2650 579 2095 3820 1940 
2651 361 1938 3820 2095 
2652 309 1940 3820 1938 
2653 309 1939 3821 1940 
2654 443 2341 3821 1939 
2655 579 1940 3821 2341 
2656 503 2514 3822 2515 
2657 572 2712 3822 2514 
2658 580 2515 3822 2712 
2659 580 2647 3823 2515 
2660 548 2513 3823 2647 
2661 503 2515 3823 2513 
2662 360 2091 3824 2093 
2663 452 2368 3824 2091 
2664 581 2093 3824 2368 
2665 581 2467 3825 2093 
2666 487 2092 3825 2467 
2667 360 2093 3825 2092 
2668 500 2504 3826 2503 
2669 528 2519 3826 2504 
2670 505 2503 3826 2519 
2671 515 2551 3827 2552 
2672 522 2573 3827 2551 
2673 582 2552 3827 2573 
2674 583 2555 3828 2553 
2675 516 2550 3828 2555 
2676 515 2553 3828 2550 
2677 582 2737 3829 2552 
2678 583 2553 3829 2737 
2679 515 2552 3829 2553 
2680 348 2057 3830 2058 
2681 531 2596 3830 2057 
2682 566 2058 3830 2596 
2683 405 2223 3831 2225 
2684 481 2448 3831 2223 
2685 584 2225 3831 2448 
2686 584 2528 3832 2225 
2687 508 2224 3832 2528 
2688 405 2225 3832 2224 
2689 512 2540 3833 2542 
2690 513 2545 3833 2540 
2691 585 2542 3833 2545 
2692 586 2584 3834 2543 
2693 526 2541 3834 2584 
2694 512 2543 3834 2541 
2695 585 2746 3835 2542 
2696 586 2543 3835 2746 
2697 512 2542 3835 2543 
2698 587 2279 3836 1955 
2699 423 1953 3836 2279 
2700 314 1955 3836 1953 
2701 314 1954 3837 1956 
2702 455 2376 3837 1954 
2703 588 1956 3837 2376 
2704 314 1956 3838 1955 
2705 588 2753 3838 1956 
2706 587 1955 3838 2753 
2707 441 2326 3839 2337 
2708 438 2328 3839 2326 
2709 589 2337 3839 2328 
2710 589 2667 3840 2337 
2711 555 2336 3840 2667 
2712 441 2337 3840 2336 
2713 590 2683 3841 2537 
2714 561 2535 3841 2683 
2715 510 2537 3841 2535 
2716 510 2536 3842 2537 
2717 569 2703 3842 2536 
2718 590 2537 3842 2703 
2719 567 2358 3843 2072 
2720 449 2071 3843 2358 
2721 353 2072 3843 2071 
2722 591 2344 3844 2274 
2723 444 2272 3844 2344 
2724 421 2274 3844 2272 
2725 421 2273 3845 2274 
2726 575 2719 3845 2273 
2727 591 2274 3845 2719 
2728 513 2544 3846 2546 
2729 530 2594 3846 2544 
2730 592 2546 3846 2594 
2731 592 2747 3847 2546 
2732 585 2545 3847 2747 
2733 513 2546 3847 2545 
2734 593 2232 3848 2245 
2735 407 2230 3848 2232 
2736 411 2245 3848 2230 
2737 411 2244 3849 2245 
2738 446 2350 3849 2244 
2739 593 2245 3849 2350 
2740 511 2539 3850 2538 
2741 564 2547 3850 2539 
2742 514 2538 3850 2547 
2743 522 2572 3851 2574 
2744 537 2613 3851 2572 
2745 594 2574 3851 2613 
2746 594 2738 3852 2574 
2747 582 2573 3852 2738 
2748 522 2574 3852 2573 
2749 588 2376 3853 2110 
2750 455 2108 3853 2376 
2751 366 2110 3853 2108 
2752 366 2109 3854 2110 
2753 483 2454 3854 2109 
2754 588 2110 3854 2454 
2755 367 2111 3855 2113 
2756 368 2115 3855 2111 
2757 595 2113 3855 2115 
2758 595 2252 3856 2113 
2759 414 2112 3856 2252 
2760 367 2113 3856 2112 
2761 596 2636 3857 2566 
2762 545 2564 3857 2636 
2763 519 2566 3857 2564 
2764 519 2565 3858 2566 
2765 577 2724 3858 2565 
2766 596 2566 3858 2724 
2767 370 2120 3859 2122 
2768 449 2359 3859 2120 
2769 597 2122 3859 2359 
2770 597 2605 3860 2122 
2771 535 2121 3860 2605 
2772 370 2122 3860 2121 
2773 325 1988 3861 1990 
2774 375 2134 3861 1988 
2775 598 1990 3861 2134 
2776 598 2419 3862 1990 
2777 471 1989 3862 2419 
2778 325 1990 3862 1989 
2779 524 2577 3863 2579 
2780 549 2650 3863 2577 
2781 599 2579 3863 2650 
2782 599 2673 3864 2579 
2783 557 2578 3864 2673 
2784 524 2579 3864 2578 
2785 574 2222 3865 2192 
2786 404 2190 3865 2222 
2787 394 2192 3865 2190 
2788 504 2516 3866 2191 
2789 574 2192 3866 2516 
2790 394 2191 3866 2192 
2791 476 2431 3867 2433 
2792 477 2434 3867 2431 
2793 600 2433 3867 2434 
2794 600 2495 3868 2433 
2795 497 2432 3868 2495 
2796 476 2433 3868 2432 
2797 601 2705 3869 2556 
2798 570 2554 3869 2705 
2799 516 2556 3869 2554 
2800 516 2555 3870 2556 
2801 583 2741 3870 2555 
2802 601 2556 3870 2741 
2803 602 2322 3871 2102 
2804 436 2100 3871 2322 
2805 363 2102 3871 2100 
2806 363 2101 3872 2102 
2807 472 2421 3872 2101 
2808 602 2102 3872 2421 
2809 438 2327 3873 2329 
2810 479 2442 3873 2327 
2811 603 2329 3873 2442 
2812 603 2757 3874 2329 
2813 589 2328 3874 2757 
2814 438 2329 3874 2328 
2815 604 2661 3875 2585 
2816 553 2583 3875 2661 
2817 526 2585 3875 2583 
2818 526 2584 3876 2585 
2819 586 2750 3876 2584 
2820 604 2585 3876 2750 
2821 391 2181 3877 2183 
2822 470 2418 3877 2181 
2823 605 2183 3877 2418 
2824 605 2422 3878 2183 
2825 472 2182 3878 2422 
2826 391 2183 3878 2182 
2827 606 2270 3879 2371 
2828 420 2269 3879 2270 
2829 453 2371 3879 2269 
2830 453 2370 3880 2371 
2831 552 2659 3880 2370 
2832 606 2371 3880 2659 
2833 534 2602 3881 2604 
2834 565 2693 3881 2602 
2835 607 2604 3881 2693 
2836 607 2715 3882 2604 
2837 573 2603 3882 2715 
2838 534 2604 3882 2603 
2839 387 2171 3883 2172 
2840 527 2586 3883 2171 
2841 571 2172 3883 2586 
2842 608 2342 3884 2087 
2843 443 2085 3884 2342 
2844 358 2087 3884 2085 
2845 358 2086 3885 2087 
2846 488 2469 3885 2086 
2847 608 2087 3885 2469 
2848 609 2627 3886 2625 
2849 542 2623 3886 2627 
2850 541 2625 3886 2623 
2851 541 2624 3887 2625 
2852 553 2662 3887 2624 
2853 609 2625 3887 2662 
2854 610 2609 3888 2345 
2855 536 2343 3888 2609 
2856 444 2345 3888 2343 
2857 444 2344 3889 2345 
2858 591 2764 3889 2344 
2859 610 2345 3889 2764 
2860 530 2593 3890 2595 
2861 559 2678 3890 2593 
2862 611 2595 3890 2678 
2863 611 2765 3891 2595 
2864 592 2594 3891 2765 
2865 530 2595 3891 2594 
2866 322 1979 3892 1981 
2867 390 2179 3892 1979 
2868 612 1981 3892 2179 
2869 612 2476 3893 1981 
2870 491 1980 3893 2476 
2871 322 1981 3893 1980 
2872 537 2612 3894 2614 
2873 562 2686 3894 2612 
2874 613 2614 3894 2686 
2875 613 2771 3895 2614 
2876 594 2613 3895 2771 
2877 537 2614 3895 2613 
2878 593 2597 3896 2232 
2879 531 2231 3896 2597 
2880 407 2232 3896 2231 
2881 392 2184 3897 2186 
2882 412 2247 3897 2184 
2883 614 2186 3897 2247 
2884 614 2701 3898 2186 
2885 568 2185 3898 2701 
2886 392 2186 3898 2185 
2887 538 2615 3899 2617 
2888 539 2620 3899 2615 
2889 615 2617 3899 2620 
2890 616 2694 3900 2618 
2891 565 2616 3900 2694 
2892 538 2618 3900 2616 
2893 615 2808 3901 2617 
2894 616 2618 3901 2808 
2895 538 2617 3901 2618 
2896 415 2255 3902 2254 
2897 475 2386 3902 2255 
2898 459 2254 3902 2386 
2899 395 2193 3903 2195 
2900 414 2253 3903 2193 
2901 617 2195 3903 2253 
2902 617 2435 3904 2195 
2903 477 2194 3904 2435 
2904 395 2195 3904 2194 
2905 618 2651 3905 2634 
2906 549 2633 3905 2651 
2907 544 2634 3905 2633 
2908 544 2632 3906 2635 
2909 545 2637 3906 2632 
2910 619 2635 3906 2637 
2911 544 2635 3907 2634 
2912 619 2814 3907 2635 
2913 618 2634 3907 2814 
2914 376 2136 3908 2138 
2915 463 2399 3908 2136 
2916 620 2138 3908 2399 
2917 620 2526 3909 2138 
2918 507 2137 3909 2526 
2919 376 2138 3909 2137 
2920 417 2259 3910 2261 
2921 508 2529 3910 2259 
2922 621 2261 3910 2529 
2923 621 2591 3911 2261 
2924 529 2260 3911 2591 
2925 417 2261 3911 2260 
2926 622 2779 3912 2652 
2927 599 2650 3912 2779 
2928 549 2652 3912 2650 
2929 549 2651 3913 2652 
2930 618 2815 3913 2651 
2931 622 2652 3913 2815 
2932 383 2159 3914 2160 
2933 520 2567 3914 2159 
2934 525 2160 3914 2567 
2935 623 2390 3915 2287 
2936 460 2285 3915 2390 
2937 425 2287 3915 2285 
2938 425 2286 3916 2287 
2939 536 2610 3916 2286 
2940 623 2287 3916 2610 
2941 624 2687 3917 2684 
2942 562 2682 3917 2687 
2943 561 2684 3917 2682 
2944 561 2683 3918 2685 
2945 590 2760 3918 2683 
2946 625 2685 3918 2760 
2947 561 2685 3919 2684 
2948 625 2826 3919 2685 
2949 624 2684 3919 2826 
2950 626 2587 3920 2280 
2951 527 2278 3920 2587 
2952 423 2280 3920 2278 
2953 423 2279 3921 2280 
2954 587 2754 3921 2279 
2955 626 2280 3921 2754 
2956 368 2114 3922 2116 
2957 429 2298 3922 2114 
2958 627 2116 3922 2298 
2959 627 2774 3923 2116 
2960 595 2115 3923 2774 
2961 368 2116 3923 2115 
2962 569 2702 3924 2704 
2963 570 2706 3924 2702 
2964 628 2704 3924 2706 
2965 628 2761 3925 2704 
2966 590 2703 3925 2761 
2967 569 2704 3925 2703 
2968 629 2455 3926 2207 
2969 483 2205 3926 2455 
2970 399 2207 3926 2205 
2971 399 2206 3927 2207 
2972 574 2718 3927 2206 
2973 629 2207 3927 2718 
2974 375 2133 3928 2135 
2975 431 2305 3928 2133 
2976 630 2135 3928 2305 
2977 630 2778 3929 2135 
2978 598 2134 3929 2778 
2979 375 2135 3929 2134 
2980 539 2619 3930 2621 
2981 576 2720 3930 2619 
2982 631 2621 3930 2720 
2983 631 2809 3931 2621 
2984 615 2620 3931 2809 
2985 539 2621 3931 2620 
2986 381 2153 3932 2155 
2987 523 2576 3932 2153 
2988 632 2155 3932 2576 
2989 632 2653 3933 2155 
2990 550 2154 3933 2653 
2991 381 2155 3933 2154 
2992 328 1996 3934 1998 
2993 473 2424 3934 1996 
2994 633 1998 3934 2424 
2995 633 2622 3935 1998 
2996 540 1997 3935 2622 
2997 328 1998 3935 1997 
2998 547 2643 3936 2645 
2999 548 2648 3936 2643 
3000 634 2645 3936 2648 
3001 635 2721 3937 2646 
3002 576 2644 3937 2721 
3003 547 2646 3937 2644 
3004 547 2645 3938 2646 
3005 634 2842 3938 2645 
3006 635 2646 3938 2842 
3007 470 2417 3939 2418 
3008 525 2580 3939 2417 
3009 605 2418 3939 2580 
3010 416 2256 3940 2258 
3011 505 2521 3940 2256 
3012 636 2258 3940 2521 
3013 636 2630 3941 2258 
3014 543 2257 3941 2630 
3015 416 2258 3941 2257 
3016 556 2669 3942 2671 
3017 557 2674 3942 2669 
3018 637 2671 3942 2674 
3019 638 2727 3943 2672 
3020 578 2670 3943 2727 
3021 556 2672 3943 2670 
3022 556 2671 3944 2672 
3023 637 2849 3944 2671 
3024 638 2672 3944 2849 
3025 440 2333 3945 2335 
3026 490 2474 3945 2333 
3027 639 2335 3945 2474 
3028 639 2689 3946 2335 
3029 563 2334 3946 2689 
3030 440 2335 3946 2334 
3031 640 2267 3947 2271 
3032 419 2265 3947 2267 
3033 420 2271 3947 2265 
3034 420 2270 3948 2271 
3035 606 2795 3948 2270 
3036 640 2271 3948 2795 
3037 641 2679 3949 2628 
3038 559 2626 3949 2679 
3039 542 2628 3949 2626 
3040 542 2627 3950 2629 
3041 609 2798 3950 2627 
3042 642 2629 3950 2798 
3043 642 2860 3951 2629 
3044 641 2628 3951 2860 
3045 542 2629 3951 2628 
3046 481 2379 3952 2449 
3047 457 2381 3952 2379 
3048 643 2449 3952 2381 
3049 481 2449 3953 2450 
3050 643 2866 3953 2449 
3051 644 2450 3953 2866 
3052 644 2744 3954 2450 
3053 584 2448 3954 2744 
3054 481 2450 3954 2448 
3055 557 2673 3955 2675 
3056 599 2780 3955 2673 
3057 645 2675 3955 2780 
3058 645 2850 3956 2675 
3059 637 2674 3956 2850 
3060 557 2675 3956 2674 
3061 567 2699 3957 2358 
3062 597 2359 3957 2699 
3063 449 2358 3957 2359 
3064 646 2425 3958 2125 
3065 473 2124 3958 2425 
3066 371 2125 3958 2124 
3067 371 2123 3959 2125 
3068 471 2420 3959 2123 
3069 646 2125 3959 2420 
3070 572 2711 3960 2713 
3071 573 2716 3960 2711 
3072 647 2713 3960 2716 
3073 648 2731 3961 2714 
3074 580 2712 3961 2731 
3075 572 2714 3961 2712 
3076 647 2873 3962 2713 
3077 648 2714 3962 2873 
3078 572 2713 3962 2714 
3079 428 2296 3963 2295 
3080 550 2568 3963 2296 
3081 520 2295 3963 2568 
3082 649 2641 3964 2366 
3083 546 2365 3964 2641 
3084 451 2366 3964 2365 
3085 451 2364 3965 2366 
3086 533 2601 3965 2364 
3087 649 2366 3965 2601 
3088 548 2647 3966 2649 
3089 580 2732 3966 2647 
3090 650 2649 3966 2732 
3091 650 2843 3967 2649 
3092 634 2648 3967 2843 
3093 548 2649 3967 2648 
3094 452 2367 3968 2369 
3095 507 2527 3968 2367 
3096 651 2369 3968 2527 
3097 651 2734 3969 2369 
3098 581 2368 3969 2734 
3099 452 2369 3969 2368 
3100 484 2458 3970 2459 
3101 546 2642 3970 2458 
3102 652 2459 3970 2642 
3103 652 2470 3971 2459 
3104 488 2457 3971 2470 
3105 484 2459 3971 2457 
3106 545 2636 3972 2638 
3107 596 2775 3972 2636 
3108 653 2638 3972 2775 
3109 653 2817 3973 2638 
3110 619 2637 3973 2817 
3111 545 2638 3973 2637 
3112 654 2400 3974 2312 
3113 463 2310 3974 2400 
3114 433 2312 3974 2310 
3115 433 2311 3975 2312 
3116 563 2690 3975 2311 
3117 654 2312 3975 2690 
3118 655 2402 3976 2096 
3119 464 2094 3976 2402 
3120 361 2096 3976 2094 
3121 361 2095 3977 2096 
3122 579 2730 3977 2095 
3123 655 2096 3977 2730 
3124 656 2805 3978 2688 
3125 613 2686 3978 2805 
3126 562 2688 3978 2686 
3127 562 2687 3979 2688 
3128 624 2827 3979 2687 
3129 656 2688 3979 2827 
3130 602 2575 3980 2322 
3131 523 2321 3980 2575 
3132 436 2322 3980 2321 
3133 657 2314 3981 2268 
3134 434 2266 3981 2314 
3135 419 2268 3981 2266 
3136 640 2859 3982 2267 
3137 657 2268 3982 2859 
3138 419 2267 3982 2268 
3139 577 2723 3983 2725 
3140 578 2728 3983 2723 
3141 658 2725 3983 2728 
3142 659 2776 3984 2726 
3143 596 2724 3984 2776 
3144 577 2726 3984 2724 
3145 577 2725 3985 2726 
3146 658 2886 3985 2725 
3147 659 2726 3985 2886 
3148 660 2475 3986 2408 
3149 490 2407 3986 2475 
3150 466 2408 3986 2407 
3151 466 2406 3987 2408 
3152 487 2468 3987 2406 
3153 660 2408 3987 2468 
3154 661 2868 3988 2382 
3155 643 2381 3988 2868 
3156 457 2382 3988 2381 
3157 457 2380 3989 2382 
3158 558 2676 3989 2380 
3159 661 2382 3989 2676 
3160 662 2801 3990 2680 
3161 611 2678 3990 2801 
3162 559 2680 3990 2678 
3163 559 2679 3991 2680 
3164 641 2861 3991 2679 
3165 662 2680 3991 2861 
3166 446 2349 3992 2351 
3167 499 2501 3992 2349 
3168 663 2351 3992 2501 
3169 663 2769 3993 2351 
3170 593 2350 3993 2769 
3171 446 2351 3993 2350 
3172 388 2173 3994 2175 
3173 491 2477 3994 2173 
3174 664 2175 3994 2477 
3175 664 2681 3995 2175 
3176 560 2174 3995 2681 
3177 388 2175 3995 2174 
3178 565 2694 3996 2695 
3179 616 2811 3996 2694 
3180 665 2695 3996 2811 
3181 665 2796 3997 2695 
3182 607 2693 3997 2796 
3183 565 2695 3997 2693 
3184 666 2388 3998 2430 
3185 459 2386 3998 2388 
3186 475 2430 3998 2386 
3187 475 2429 3999 2430 
3188 535 2606 3999 2429 
3189 666 2430 3999 2606 
3190 412 2246 4000 2248 
3191 514 2549 4000 2246 
3192 667 2248 4000 2549 
3193 667 2807 4001 2248 
3194 614 2247 4001 2807 
3195 412 2248 4001 2247 
3196 553 2661 4002 2663 
3197 604 2791 4002 2661 
3198 668 2663 4002 2791 
3199 669 2799 4003 2664 
3200 609 2662 4003 2799 
3201 553 2664 4003 2662 
3202 668 2896 4004 2663 
3203 669 2664 4004 2896 
3204 553 2663 4004 2664 
3205 654 2820 4005 2400 
3206 620 2399 4005 2820 
3207 463 2400 4005 2399 
3208 390 2178 4006 2180 
3209 495 2490 4006 2178 
3210 670 2180 4006 2490 
3211 670 2804 4007 2180 
3212 612 2179 4007 2804 
3213 390 2180 4007 2179 
3214 586 2746 4008 2751 
3215 585 2748 4008 2746 
3216 671 2751 4008 2748 
3217 672 2792 4009 2752 
3218 604 2750 4009 2792 
3219 586 2752 4009 2750 
3220 586 2751 4010 2752 
3221 671 2901 4010 2751 
3222 672 2752 4010 2901 
3223 490 2475 4011 2474 
3224 660 2857 4011 2475 
3225 639 2474 4011 2857 
3226 431 2304 4012 2306 
3227 497 2496 4012 2304 
3228 673 2306 4012 2496 
3229 673 2837 4013 2306 
3230 630 2305 4013 2837 
3231 431 2306 4013 2305 
3232 585 2747 4014 2749 
3233 592 2766 4014 2747 
3234 674 2749 4014 2766 
3235 674 2902 4015 2749 
3236 671 2748 4015 2902 
3237 585 2749 4015 2748 
3238 666 2502 4016 2388 
3239 499 2387 4016 2502 
3240 459 2388 4016 2387 
3241 675 2352 4017 2315 
3242 447 2313 4017 2352 
3243 434 2315 4017 2313 
3244 434 2314 4018 2315 
3245 657 2885 4018 2314 
3246 675 2315 4018 2885 
3247 570 2705 4019 2707 
3248 601 2784 4019 2705 
3249 676 2707 4019 2784 
3250 677 2832 4020 2708 
3251 628 2706 4020 2832 
3252 570 2708 4020 2706 
3253 570 2707 4021 2708 
3254 676 2907 4021 2707 
3255 677 2708 4021 2907 
3256 487 2467 4022 2468 
3257 581 2735 4022 2467 
3258 660 2468 4022 2735 
3259 678 2677 4023 2391 
3260 558 2389 4023 2677 
3261 460 2391 4023 2389 
3262 460 2390 4024 2391 
3263 623 2824 4024 2390 
3264 678 2391 4024 2824 
3265 583 2737 4025 2742 
3266 582 2739 4025 2737 
3267 679 2742 4025 2739 
3268 680 2785 4026 2743 
3269 601 2741 4026 2785 
3270 583 2743 4026 2741 
3271 679 2910 4027 2742 
3272 680 2743 4027 2910 
3273 583 2742 4027 2743 
3274 681 2756 4028 2456 
3275 588 2454 4028 2756 
3276 483 2456 4028 2454 
3277 483 2455 4029 2456 
3278 629 2835 4029 2455 
3279 681 2456 4029 2835 
3280 479 2441 4030 2443 
3281 543 2631 4030 2441 
3282 682 2443 4030 2631 
3283 682 2790 4031 2443 
3284 603 2442 4031 2790 
3285 479 2443 4031 2442 
3286 573 2715 4032 2717 
3287 607 2797 4032 2715 
3288 683 2717 4032 2797 
3289 683 2874 4033 2717 
3290 647 2716 4033 2874 
3291 573 2717 4033 2716 
3292 523 2575 4034 2576 
3293 602 2787 4034 2575 
3294 632 2576 4034 2787 
3295 414 2252 4035 894 
3296 595 895 4035 2252 
3297 38 894 4035 895 
3298 38 896 4036 894 
3299 617 2253 4036 896 
3300 414 894 4036 2253 
3301 580 2731 4037 2733 
3302 648 2876 4037 2731 
3303 684 2733 4037 2876 
3304 684 2879 4038 2733 
3305 650 2732 4038 2879 
3306 580 2733 4038 2732 
3307 685 2788 4039 2423 
3308 602 2421 4039 2788 
3309 472 2423 4039 2421 
3310 472 2422 4040 2423 
3311 605 2794 4040 2422 
3312 685 2423 4040 2794 
3313 429 2297 4041 2299 
3314 447 2353 4041 2297 
3315 686 2299 4041 2353 
3316 686 2831 4042 2299 
3317 627 2298 4042 2831 
3318 429 2299 4042 2298 
3319 582 2738 4043 2740 
3320 594 2772 4043 2738 
3321 687 2740 4043 2772 
3322 687 2911 4044 2740 
3323 679 2739 4044 2911 
3324 582 2740 4044 2739 
3325 688 2518 4045 2488 
3326 504 2486 4045 2518 
3327 494 2488 4045 2486 
3328 494 2487 4046 2488 
3329 571 2710 4046 2487 
3330 688 2488 4046 2710 
3331 447 2352 4047 2353 
3332 675 2906 4047 2352 
3333 686 2353 4047 2906 
3334 578 2727 4048 2729 
3335 638 2853 4048 2727 
3336 689 2729 4048 2853 
3337 689 2887 4049 2729 
3338 658 2728 4049 2887 
3339 578 2729 4049 2728 
3340 499 2502 4050 2501 
3341 666 2892 4050 2502 
3342 663 2501 4050 2892 
3343 71 1041 4051 1040 
3344 533 2599 4051 1041 
3345 532 1040 4051 2599 
3346 532 2600 4052 1040 
3347 540 1042 4052 2600 
3348 71 1040 4052 1042 
3349 690 2870 4053 2781 
3350 645 2780 4053 2870 
3351 599 2781 4053 2780 
3352 599 2779 4054 2781 
3353 622 2823 4054 2779 
3354 690 2781 4054 2823 
3355 535 2605 4055 2607 
3356 597 2777 4055 2605 
3357 691 2607 4055 2777 
3358 691 2895 4056 2607 
3359 666 2606 4056 2895 
3360 535 2607 4056 2606 
3361 508 2528 4057 2530 
3362 584 2745 4057 2528 
3363 692 2530 4057 2745 
3364 692 2822 4058 2530 
3365 621 2529 4058 2822 
3366 508 2530 4058 2529 
3367 693 2828 4059 2762 
3368 625 2760 4059 2828 
3369 590 2762 4059 2760 
3370 590 2761 4060 2763 
3371 628 2833 4060 2761 
3372 694 2763 4060 2833 
3373 590 2763 4061 2762 
3374 694 2921 4061 2763 
3375 693 2762 4061 2921 
3376 574 2516 4062 2718 
3377 504 2517 4062 2516 
3378 629 2718 4062 2517 
3379 112 1218 4063 1217 
3380 579 2341 4063 1218 
3381 443 1217 4063 2341 
3382 443 2342 4064 1217 
3383 608 1219 4064 2342 
3384 112 1217 4064 1219 
3385 576 2721 4065 2722 
3386 635 2845 4065 2721 
3387 695 2722 4065 2845 
3388 695 2838 4066 2722 
3389 631 2720 4066 2838 
3390 576 2722 4066 2720 
3391 620 2819 4067 2526 
3392 651 2527 4067 2819 
3393 507 2526 4067 2527 
3394 518 2557 4068 2562 
3395 517 2559 4068 2557 
3396 696 2562 4068 2559 
3397 697 2692 4069 2563 
3398 564 2561 4069 2692 
3399 518 2563 4069 2561 
3400 518 2562 4070 2563 
3401 696 2923 4070 2562 
3402 697 2563 4070 2923 
3403 594 2771 4071 2773 
3404 613 2806 4071 2771 
3405 698 2773 4071 2806 
3406 698 2917 4072 2773 
3407 687 2772 4072 2917 
3408 594 2773 4072 2772 
3409 699 2698 4073 2598 
3410 566 2596 4073 2698 
3411 531 2598 4073 2596 
3412 531 2597 4074 2598 
3413 593 2770 4074 2597 
3414 699 2598 4074 2770 
3415 517 2558 4075 2560 
3416 521 2570 4075 2558 
3417 700 2560 4075 2570 
3418 700 2924 4076 2560 
3419 696 2559 4076 2924 
3420 517 2560 4076 2559 
3421 592 2765 4077 2767 
3422 611 2802 4077 2765 
3423 701 2767 4077 2802 
3424 702 2905 4078 2768 
3425 674 2766 4078 2905 
3426 592 2768 4078 2766 
3427 592 2767 4079 2768 
3428 701 2926 4079 2767 
3429 702 2768 4079 2926 
3430 681 2755 4080 2756 
3431 587 2753 4080 2755 
3432 588 2756 4080 2753 
3433 30 859 4081 858 
3434 467 2401 4081 859 
3435 464 858 4081 2401 
3436 464 2402 4082 858 
3437 655 860 4082 2402 
3438 30 858 4082 860 
3439 703 2908 4083 2786 
3440 676 2784 4083 2908 
3441 601 2786 4083 2784 
3442 601 2785 4084 2786 
3443 680 2912 4084 2785 
3444 703 2786 4084 2912 
3445 597 2699 4085 2777 
3446 567 2700 4085 2699 
3447 691 2777 4085 2700 
3448 521 2409 4086 2571 
3449 467 2410 4086 2409 
3450 704 2571 4086 2410 
3451 704 2925 4087 2571 
3452 700 2570 4087 2925 
3453 521 2571 4087 2570 
3454 705 2897 4088 2793 
3455 668 2791 4088 2897 
3456 604 2793 4088 2791 
3457 604 2792 4089 2793 
3458 672 2903 4089 2792 
3459 705 2793 4089 2903 
3460 688 2836 4090 2518 
3461 629 2517 4090 2836 
3462 504 2518 4090 2517 
3463 30 861 4091 859 
3464 704 2410 4091 861 
3465 467 859 4091 2410 
3466 611 2801 4092 2803 
3467 662 2889 4092 2801 
3468 706 2803 4092 2889 
3469 706 2927 4093 2803 
3470 701 2802 4093 2927 
3471 611 2803 4093 2802 
3472 707 2569 4094 2654 
3473 520 2568 4094 2569 
3474 550 2654 4094 2568 
3475 550 2653 4095 2654 
3476 632 2840 4095 2653 
3477 707 2654 4095 2840 
3478 473 2425 4096 2424 
3479 646 2841 4096 2425 
3480 633 2424 4096 2841 
3481 609 2799 4097 2800 
3482 669 2899 4097 2799 
3483 708 2800 4097 2899 
3484 708 2864 4098 2800 
3485 642 2798 4098 2864 
3486 609 2800 4098 2798 
3487 707 2582 4099 2569 
3488 525 2567 4099 2582 
3489 520 2569 4099 2567 
3490 709 2782 4100 2436 
3491 600 2434 4100 2782 
3492 477 2436 4100 2434 
3493 477 2435 4101 2436 
3494 617 2813 4101 2435 
3495 709 2436 4101 2813 
3496 75 1059 4102 1058 
3497 653 2775 4102 1059 
3498 596 1058 4102 2775 
3499 596 2776 4103 1058 
3500 659 1060 4103 2776 
3501 75 1058 4103 1060 
3502 626 2709 4104 2587 
3503 571 2586 4104 2709 
3504 527 2587 4104 2586 
3505 497 2495 4105 2497 
3506 600 2783 4105 2495 
3507 710 2497 4105 2783 
3508 710 2904 4106 2497 
3509 673 2496 4106 2904 
3510 497 2497 4106 2496 
3511 616 2808 4107 2812 
3512 615 2810 4107 2808 
3513 711 2812 4107 2810 
3514 23 829 4108 828 
3515 665 2811 4108 829 
3516 616 828 4108 2811 
3517 616 2812 4109 828 
3518 711 830 4109 2812 
3519 23 828 4109 830 
3520 587 2755 4110 2754 
3521 681 2829 4110 2755 
3522 626 2754 4110 2829 
3523 600 2520 4111 2589 
3524 505 2519 4111 2520 
3525 528 2589 4111 2519 
3526 528 2588 4112 2590 
3527 529 2592 4112 2588 
3528 710 2590 4112 2592 
3529 710 2783 4113 2590 
3530 600 2589 4113 2783 
3531 528 2590 4113 2589 
3532 634 2843 4114 2844 
3533 650 2880 4114 2843 
3534 712 2844 4114 2880 
3535 712 2846 4115 2844 
3536 635 2842 4115 2846 
3537 634 2844 4115 2842 
3538 567 2696 4116 2700 
3539 566 2697 4116 2696 
3540 691 2700 4116 2697 
3541 505 2520 4117 2522 
3542 600 2782 4117 2520 
3543 709 2522 4117 2782 
3544 709 2848 4118 2522 
3545 636 2521 4118 2848 
3546 505 2522 4118 2521 
3547 641 2860 4119 2862 
3548 642 2865 4119 2860 
3549 713 2862 4119 2865 
3550 714 2890 4120 2863 
3551 662 2861 4120 2890 
3552 641 2863 4120 2861 
3553 713 2931 4121 2862 
3554 714 2863 4121 2931 
3555 641 2862 4121 2863 
3556 581 2734 4122 2736 
3557 651 2882 4122 2734 
3558 715 2736 4122 2882 
3559 715 2888 4123 2736 
3560 660 2735 4123 2888 
3561 581 2736 4123 2735 
3562 536 2608 4124 2611 
3563 564 2692 4124 2608 
3564 697 2611 4124 2692 
3565 610 2691 4125 2609 
3566 564 2608 4125 2691 
3567 536 2609 4125 2608 
3568 697 2825 4126 2611 
3569 623 2610 4126 2825 
3570 536 2611 4126 2610 
3571 716 2816 4127 2818 
3572 618 2814 4127 2816 
3573 619 2818 4127 2814 
3574 619 2817 4128 1388 
3575 653 1389 4128 2817 
3576 154 1388 4128 1389 
3577 154 1390 4129 1388 
3578 716 2818 4129 1390 
3579 619 1388 4129 2818 
3580 563 2689 4130 2690 
3581 639 2856 4130 2689 
3582 654 2690 4130 2856 
3583 471 2419 4131 1001 
3584 598 1002 4131 2419 
3585 62 1001 4131 1002 
3586 62 1003 4132 1001 
3587 646 2420 4132 1003 
3588 471 1001 4132 2420 
3589 13 787 4133 786 
3590 622 2815 4133 787 
3591 618 786 4133 2815 
3592 618 2816 4134 786 
3593 716 788 4134 2816 
3594 13 786 4134 788 
3595 699 2920 4135 2698 
3596 691 2697 4135 2920 
3597 566 2698 4135 2697 
3598 644 2866 4136 2640 
3599 643 2639 4136 2866 
3600 546 2640 4136 2639 
3601 546 2639 4137 2642 
3602 643 2867 4137 2639 
3603 652 2642 4137 2867 
3604 649 2869 4138 2641 
3605 644 2640 4138 2869 
3606 546 2641 4138 2640 
3607 607 2796 4139 1193 
3608 665 1194 4139 2796 
3609 106 1193 4139 1194 
3610 106 1195 4140 1193 
3611 683 2797 4140 1195 
3612 607 1193 4140 2797 
3613 666 2895 4141 2892 
3614 691 2893 4141 2895 
3615 663 2892 4141 2893 
3616 552 2655 4142 2660 
3617 551 2657 4142 2655 
3618 717 2660 4142 2657 
3619 552 2658 4143 2659 
3620 589 2758 4143 2658 
3621 606 2659 4143 2758 
3622 717 2759 4144 2660 
3623 589 2658 4144 2759 
3624 552 2660 4144 2658 
3625 613 2805 4145 1237 
3626 656 1238 4145 2805 
3627 117 1237 4145 1238 
3628 117 1239 4146 1237 
3629 698 2806 4146 1239 
3630 613 1237 4146 2806 
3631 688 2913 4147 2836 
3632 681 2835 4147 2913 
3633 629 2836 4147 2835 
3634 10 771 4148 772 
3635 554 2665 4148 771 
3636 555 772 4148 2665 
3637 555 2667 4149 2668 
3638 589 2759 4149 2667 
3639 717 2668 4149 2759 
3640 555 2668 4150 772 
3641 717 773 4150 2668 
3642 10 772 4150 773 
3643 31 865 4151 866 
3644 624 2826 4151 865 
3645 625 866 4151 2826 
3646 625 2828 4152 866 
3647 693 867 4152 2828 
3648 31 866 4152 867 
3649 651 2819 4153 2882 
3650 620 2821 4153 2819 
3651 715 2882 4153 2821 
3652 551 2656 4154 767 
3653 560 768 4154 2656 
3654 9 767 4154 768 
3655 9 769 4155 767 
3656 717 2657 4155 769 
3657 551 767 4155 2657 
3658 615 2809 4156 1275 
3659 631 1276 4156 2809 
3660 126 1275 4156 1276 
3661 126 1277 4157 1275 
3662 711 2810 4157 1277 
3663 615 1275 4157 2810 
3664 685 2794 4158 2581 
3665 605 2580 4158 2794 
3666 525 2581 4158 2580 
3667 525 2582 4159 2581 
3668 707 2916 4159 2582 
3669 685 2581 4159 2916 
3670 91 1130 4160 1129 
3671 608 2469 4160 1130 
3672 488 1129 4160 2469 
3673 488 2470 4161 1129 
3674 652 1131 4161 2470 
3675 91 1129 4161 1131 
3676 637 2850 4162 2851 
3677 645 2871 4162 2850 
3678 718 2851 4162 2871 
3679 719 2854 4163 2852 
3680 638 2849 4163 2854 
3681 637 2852 4163 2849 
3682 718 2933 4164 2851 
3683 719 2852 4164 2933 
3684 637 2851 4164 2852 
3685 715 2858 4165 2888 
3686 639 2857 4165 2858 
3687 660 2888 4165 2857 
3688 495 2489 4166 960 
3689 568 961 4166 2489 
3690 53 960 4166 961 
3691 53 962 4167 960 
3692 670 2490 4167 962 
3693 495 960 4167 2490 
3694 645 2870 4168 2872 
3695 690 2919 4168 2870 
3696 720 2872 4168 2919 
3697 645 2872 4169 2871 
3698 720 2934 4169 2872 
3699 718 2871 4169 2934 
3700 685 2839 4170 2788 
3701 632 2787 4170 2839 
3702 602 2788 4170 2787 
3703 554 771 4171 776 
3704 10 770 4171 771 
3705 11 776 4171 770 
3706 11 777 4172 776 
3707 575 2666 4172 777 
3708 554 776 4172 2666 
3709 624 865 4173 871 
3710 31 862 4173 865 
3711 32 871 4173 862 
3712 32 872 4174 871 
3713 656 2827 4174 872 
3714 624 871 4174 2827 
3715 571 2709 4175 2710 
3716 626 2830 4175 2709 
3717 688 2710 4175 2830 
3718 491 2476 4176 1534 
3719 612 1535 4176 2476 
3720 190 1534 4176 1535 
3721 190 1536 4177 1534 
3722 664 2477 4177 1536 
3723 491 1534 4177 2477 
3724 648 2873 4178 2877 
3725 647 2875 4178 2873 
3726 721 2877 4178 2875 
3727 722 2914 4179 2878 
3728 684 2876 4179 2914 
3729 648 2878 4179 2876 
3730 648 2877 4180 2878 
3731 721 2936 4180 2877 
3732 722 2878 4180 2936 
3733 593 2769 4181 2770 
3734 663 2894 4181 2769 
3735 699 2770 4181 2894 
3736 610 2548 4182 2691 
3737 514 2547 4182 2548 
3738 564 2691 4182 2547 
3739 723 2922 4183 2834 
3740 694 2833 4183 2922 
3741 628 2834 4183 2833 
3742 628 2832 4184 2834 
3743 677 2909 4184 2832 
3744 723 2834 4184 2909 
3745 685 2916 4185 2839 
3746 707 2840 4185 2916 
3747 632 2839 4185 2840 
3748 529 2591 4186 1400 
3749 621 1401 4186 2591 
3750 157 1400 4186 1401 
3751 157 1403 4187 1400 
3752 710 2592 4187 1403 
3753 529 1400 4187 2592 
3754 650 2879 4188 2881 
3755 684 2915 4188 2879 
3756 724 2881 4188 2915 
3757 724 2929 4189 2881 
3758 712 2880 4189 2929 
3759 650 2881 4189 2880 
3760 654 2884 4190 2820 
3761 715 2821 4190 2884 
3762 620 2820 4190 2821 
3763 543 2630 4191 1302 
3764 636 1303 4191 2630 
3765 133 1302 4191 1303 
3766 133 1304 4192 1302 
3767 682 2631 4192 1304 
3768 543 1302 4192 2631 
3769 725 2918 4193 2855 
3770 689 2853 4193 2918 
3771 638 2855 4193 2853 
3772 638 2854 4194 2855 
3773 719 2935 4194 2854 
3774 725 2855 4194 2935 
3775 533 1041 4195 1046 
3776 71 1037 4195 1041 
3777 72 1046 4195 1037 
3778 72 1047 4196 1046 
3779 649 2601 4196 1047 
3780 533 1046 4196 2601 
3781 671 1352 4197 1357 
3782 145 1349 4197 1352 
3783 146 1357 4197 1349 
3784 146 1358 4198 1357 
3785 672 2901 4198 1358 
3786 671 1357 4198 2901 
3787 671 2902 4199 1352 
3788 674 1353 4199 2902 
3789 145 1352 4199 1353 
3790 688 2830 4200 2913 
3791 626 2829 4200 2830 
3792 681 2913 4200 2829 
3793 589 2757 4201 2758 
3794 603 2789 4201 2757 
3795 606 2758 4201 2789 
3796 13 783 4202 787 
3797 14 791 4202 783 
3798 622 787 4202 791 
3799 14 792 4203 791 
3800 690 2823 4203 792 
3801 622 791 4203 2823 
3802 639 2858 4204 2856 
3803 715 2884 4204 2858 
3804 654 2856 4204 2884 
3805 514 2548 4205 1259 
3806 610 1261 4205 2548 
3807 123 1259 4205 1261 
3808 123 1262 4206 1259 
3809 667 2549 4206 1262 
3810 514 1259 4206 2549 
3811 647 2874 4207 1588 
3812 683 1589 4207 2874 
3813 205 1588 4207 1589 
3814 205 1590 4208 1588 
3815 721 2875 4208 1590 
3816 647 1588 4208 2875 
3817 661 2883 4209 2868 
3818 652 2867 4209 2883 
3819 643 2868 4209 2867 
3820 179 1494 4210 1493 
3821 695 2845 4210 1494 
3822 635 1493 4210 2845 
3823 635 2846 4211 2847 
3824 712 2930 4211 2846 
3825 726 2847 4211 2930 
3826 635 2847 4212 1493 
3827 726 1495 4212 2847 
3828 179 1493 4212 1495 
3829 699 2894 4213 2920 
3830 663 2893 4213 2894 
3831 691 2920 4213 2893 
3832 558 2677 4214 1381 
3833 678 1383 4214 2677 
3834 152 1381 4214 1383 
3835 152 1382 4215 1381 
3836 661 2676 4215 1382 
3837 558 1381 4215 2676 
3838 669 2896 4216 2900 
3839 668 2898 4216 2896 
3840 727 2900 4216 2898 
3841 56 977 4217 976 
3842 708 2899 4217 977 
3843 669 976 4217 2899 
3844 669 2900 4218 976 
3845 727 978 4218 2900 
3846 56 976 4218 978 
3847 79 766 4219 1076 
3848 9 768 4219 766 
3849 560 1076 4219 768 
3850 560 2681 4220 1076 
3851 664 1077 4220 2681 
3852 79 1076 4220 1077 
3853 658 1011 4221 1016 
3854 64 1008 4221 1011 
3855 65 1016 4221 1008 
3856 658 2887 4222 1011 
3857 689 1012 4222 2887 
3858 64 1011 4222 1012 
3859 65 1017 4223 1016 
3860 659 2886 4223 1017 
3861 658 1016 4223 2886 
3862 575 777 4224 1183 
3863 11 774 4224 777 
3864 103 1183 4224 774 
3865 103 1184 4225 1183 
3866 591 2719 4225 1184 
3867 575 1183 4225 2719 
3868 642 2864 4226 1546 
3869 708 1547 4226 2864 
3870 193 1546 4226 1547 
3871 193 1548 4227 1546 
3872 713 2865 4227 1548 
3873 642 1546 4227 2865 
3874 52 954 4228 958 
3875 53 961 4228 954 
3876 568 958 4228 961 
3877 568 2701 4229 958 
3878 614 959 4229 2701 
3879 52 958 4229 959 
3880 728 2928 4230 2891 
3881 706 2889 4230 2928 
3882 662 2891 4230 2889 
3883 662 2890 4231 2891 
3884 714 2932 4231 2890 
3885 728 2891 4231 2932 
3886 74 1039 4232 1054 
3887 71 1042 4232 1039 
3888 540 1054 4232 1042 
3889 540 2622 4233 1054 
3890 633 1055 4233 2622 
3891 74 1054 4233 1055 
3892 125 1269 4234 1272 
3893 126 1276 4234 1269 
3894 631 1272 4234 1276 
3895 631 2838 4235 1272 
3896 695 1273 4235 2838 
3897 125 1272 4235 1273 
3898 584 2744 4236 1342 
3899 644 1343 4236 2744 
3900 143 1342 4236 1343 
3901 143 1345 4237 1342 
3902 692 2745 4237 1345 
3903 584 1342 4237 2745 
3904 172 1465 4238 1464 
3905 677 2907 4238 1465 
3906 676 1464 4238 2907 
3907 676 2908 4239 1464 
3908 703 1466 4239 2908 
3909 172 1464 4239 1466 
3910 103 1181 4240 1184 
3911 123 1260 4240 1181 
3912 591 1184 4240 1260 
3913 123 1261 4241 1260 
3914 610 2764 4241 1261 
3915 591 1260 4241 2764 
3916 136 1314 4242 1318 
3917 137 1321 4242 1314 
3918 680 1318 4242 1321 
3919 680 2910 4243 1318 
3920 679 1317 4243 2910 
3921 136 1318 4243 1317 
3922 137 1322 4244 1321 
3923 703 2912 4244 1322 
3924 680 1321 4244 2912 
3925 41 893 4245 907 
3926 38 895 4245 893 
3927 595 907 4245 895 
3928 595 2774 4246 907 
3929 627 908 4246 2774 
3930 41 907 4246 908 
3931 668 2897 4247 1704 
3932 705 1705 4247 2897 
3933 237 1704 4247 1705 
3934 237 1706 4248 1704 
3935 727 2898 4248 1706 
3936 668 1704 4248 2898 
3937 61 995 4249 998 
3938 62 1002 4249 995 
3939 598 998 4249 1002 
3940 598 2778 4250 998 
3941 630 999 4250 2778 
3942 61 998 4250 999 
3943 665 829 4251 835 
3944 23 826 4251 829 
3945 24 835 4251 826 
3946 24 833 4252 835 
3947 106 1194 4252 833 
3948 665 835 4252 1194 
3949 46 921 4253 932 
3950 44 924 4253 921 
3951 694 932 4253 924 
3952 44 923 4254 924 
3953 693 2921 4254 923 
3954 694 924 4254 2921 
3955 694 2922 4255 932 
3956 723 933 4255 2922 
3957 46 932 4255 933 
3958 166 1436 4256 1435 
3959 606 2789 4256 1436 
3960 603 1435 4256 2789 
3961 603 2790 4257 1435 
3962 682 1438 4257 2790 
3963 166 1435 4257 1438 
3964 684 2914 4258 1640 
3965 722 1641 4258 2914 
3966 219 1640 4258 1641 
3967 219 1642 4259 1640 
3968 724 2915 4259 1642 
3969 684 1640 4259 2915 
3970 166 1437 4260 1436 
3971 640 2795 4260 1437 
3972 606 1436 4260 2795 
3973 162 1316 4261 1422 
3974 136 1317 4261 1316 
3975 679 1422 4261 1317 
3976 679 2911 4262 1422 
3977 687 1423 4262 2911 
3978 162 1422 4262 1423 
3979 579 1218 4263 1222 
3980 112 1215 4263 1218 
3981 113 1222 4263 1215 
3982 113 1223 4264 1222 
3983 655 2730 4264 1223 
3984 579 1222 4264 2730 
3985 677 1465 4265 1470 
3986 172 1462 4265 1465 
3987 173 1470 4265 1462 
3988 173 1471 4266 1470 
3989 723 2909 4266 1471 
3990 677 1470 4266 2909 
3991 617 896 4267 900 
3992 38 891 4267 896 
3993 39 900 4267 891 
3994 617 900 4268 1557 
3995 39 898 4268 900 
3996 196 1557 4268 898 
3997 196 1559 4269 1557 
3998 709 2813 4269 1559 
3999 617 1557 4269 2813 
4000 672 1358 4270 1565 
4001 146 1355 4270 1358 
4002 198 1565 4270 1355 
4003 198 1566 4271 1565 
4004 705 2903 4271 1566 
4005 672 1565 4271 2903 
4006 690 792 4272 797 
4007 14 789 4272 792 
4008 15 797 4272 789 
4009 15 794 4273 797 
4010 82 1090 4273 794 
4011 690 797 4273 1090 
4012 82 1091 4274 1090 
4013 720 2919 4274 1091 
4014 690 1090 4274 2919 
4015 224 956 4275 1657 
4016 52 959 4275 956 
4017 614 1657 4275 959 
4018 614 2807 4276 1657 
4019 667 1658 4276 2807 
4020 224 1657 4276 1658 
4021 653 1059 4277 1065 
4022 75 1056 4277 1059 
4023 76 1065 4277 1056 
4024 76 1063 4278 1065 
4025 154 1389 4278 1063 
4026 653 1065 4278 1389 
4027 657 1442 4279 1446 
4028 167 1439 4279 1442 
4029 168 1446 4279 1439 
4030 657 2859 4280 1442 
4031 640 1441 4280 2859 
4032 167 1442 4280 1441 
4033 168 1447 4281 1446 
4034 675 2885 4281 1447 
4035 657 1446 4281 2885 
4036 148 1351 4282 1365 
4037 145 1353 4282 1351 
4038 674 1365 4282 1353 
4039 674 2905 4283 1365 
4040 702 1366 4283 2905 
4041 148 1365 4283 1366 
4042 166 1434 4284 1437 
4043 167 1441 4284 1434 
4044 640 1437 4284 1441 
4045 116 1232 4285 1235 
4046 117 1238 4285 1232 
4047 656 1235 4285 1238 
4048 656 872 4286 1235 
4049 32 869 4286 872 
4050 116 1235 4286 869 
4051 608 1130 4287 1137 
4052 91 1127 4287 1130 
4053 92 1137 4287 1127 
4054 92 1134 4288 1137 
4055 112 1219 4288 1134 
4056 608 1137 4288 1219 
4057 67 1010 4289 1026 
4058 64 1012 4289 1010 
4059 689 1026 4289 1012 
4060 689 1510 4290 1026 
4061 184 1023 4290 1510 
4062 67 1026 4290 1023 
4063 689 2918 4291 1510 
4064 725 1511 4291 2918 
4065 184 1510 4291 1511 
4066 623 2825 4292 1617 
4067 697 1619 4292 2825 
4068 213 1617 4292 1619 
4069 213 1378 4293 1617 
4070 151 1379 4293 1378 
4071 623 1617 4293 1379 
4072 151 1380 4294 1379 
4073 678 2824 4294 1380 
4074 623 1379 4294 2824 
4075 77 1057 4295 1069 
4076 75 1060 4295 1057 
4077 659 1069 4295 1060 
4078 659 1017 4296 1069 
4079 65 1014 4296 1017 
4080 77 1069 4296 1014 
4081 189 1529 4297 1531 
4082 190 1535 4297 1529 
4083 612 1531 4297 1535 
4084 612 2804 4298 1531 
4085 670 1532 4298 2804 
4086 189 1531 4298 1532 
4087 701 1873 4299 1877 
4088 289 1871 4299 1873 
4089 290 1877 4299 1871 
4090 701 2927 4300 1873 
4091 706 1874 4300 2927 
4092 289 1873 4300 1874 
4093 290 1878 4301 1877 
4094 702 2926 4301 1878 
4095 701 1877 4301 2926 
4096 158 996 4302 1406 
4097 61 999 4302 996 
4098 630 1406 4302 999 
4099 630 2837 4303 1406 
4100 673 1407 4303 2837 
4101 158 1406 4303 1407 
4102 34 864 4304 880 
4103 31 867 4304 864 
4104 693 880 4304 867 
4105 693 923 4305 936 
4106 44 922 4305 923 
4107 47 936 4305 922 
4108 693 936 4306 880 
4109 47 877 4306 936 
4110 34 880 4306 877 
4111 160 1399 4307 1413 
4112 157 1401 4307 1399 
4113 621 1413 4307 1401 
4114 621 2822 4308 1413 
4115 692 1414 4308 2822 
4116 160 1413 4308 1414 
4117 277 1421 4309 1831 
4118 162 1423 4309 1421 
4119 687 1831 4309 1423 
4120 687 2917 4310 1831 
4121 698 1832 4310 2917 
4122 277 1831 4310 1832 
4123 644 2869 4311 1343 
4124 649 1344 4311 2869 
4125 143 1343 4311 1344 
4126 683 1195 4312 1200 
4127 106 1192 4312 1195 
4128 107 1200 4312 1192 
4129 107 1197 4313 1200 
4130 205 1589 4313 1197 
4131 683 1200 4313 1589 
4132 652 2883 4314 1131 
4133 661 1132 4314 2883 
4134 91 1131 4314 1132 
4135 695 1494 4315 1499 
4136 179 1491 4315 1494 
4137 180 1499 4315 1491 
4138 180 1270 4316 1499 
4139 125 1273 4316 1270 
4140 695 1499 4316 1273 
4141 646 1003 4317 1007 
4142 62 1000 4317 1003 
4143 63 1007 4317 1000 
4144 63 1006 4318 1007 
4145 633 2841 4318 1006 
4146 646 1007 4318 2841 
4147 703 1322 4319 1327 
4148 137 1319 4319 1322 
4149 138 1327 4319 1319 
4150 171 1458 4320 1461 
4151 172 1466 4320 1458 
4152 703 1461 4320 1466 
4153 138 1324 4321 1327 
4154 171 1461 4321 1324 
4155 703 1327 4321 1461 
4156 132 1296 4322 1300 
4157 133 1303 4322 1296 
4158 636 1300 4322 1303 
4159 636 1558 4323 1300 
4160 196 1297 4323 1558 
4161 132 1300 4323 1297 
4162 636 2848 4324 1558 
4163 709 1559 4324 2848 
4164 196 1558 4324 1559 
4165 708 977 4325 982 
4166 56 975 4325 977 
4167 57 982 4325 975 
4168 57 980 4326 982 
4169 193 1547 4326 980 
4170 708 982 4326 1547 
4171 72 1045 4327 1047 
4172 143 1344 4327 1045 
4173 649 1047 4327 1344 
4174 288 1867 4328 1869 
4175 289 1874 4328 1867 
4176 706 1869 4328 1874 
4177 706 2928 4329 1869 
4178 728 1870 4329 2928 
4179 288 1869 4329 1870 
4180 151 1376 4330 1380 
4181 152 1383 4330 1376 
4182 678 1380 4330 1383 
4183 226 1086 4331 1666 
4184 81 1087 4331 1086 
4185 714 1666 4331 1087 
4186 714 2931 4332 1666 
4187 713 1665 4332 2931 
4188 226 1666 4332 1665 
4189 81 1088 4333 1087 
4190 728 2932 4333 1088 
4191 714 1087 4333 2932 
4192 229 906 4334 1676 
4193 41 908 4334 906 
4194 627 1676 4334 908 
4195 627 2831 4335 1676 
4196 686 1677 4335 2831 
4197 229 1676 4335 1677 
4198 698 1239 4336 1243 
4199 117 1236 4336 1239 
4200 118 1243 4336 1236 
4201 118 1240 4337 1243 
4202 277 1832 4337 1240 
4203 698 1243 4337 1832 
4204 675 1447 4338 1742 
4205 168 1444 4338 1447 
4206 248 1742 4338 1444 
4207 248 1743 4339 1742 
4208 686 2906 4339 1743 
4209 675 1742 4339 2906 
4210 721 1590 4340 1594 
4211 205 1587 4340 1590 
4212 206 1594 4340 1587 
4213 42 909 4341 914 
4214 43 918 4341 909 
4215 721 914 4341 918 
4216 206 912 4342 1594 
4217 42 914 4342 912 
4218 721 1594 4342 914 
4219 43 919 4343 918 
4220 722 2936 4343 919 
4221 721 918 4343 2936 
4222 9 765 4344 769 
4223 10 773 4344 765 
4224 717 769 4344 773 
4225 722 919 4345 1608 
4226 43 917 4345 919 
4227 210 1608 4345 917 
4228 210 1606 4346 1608 
4229 219 1641 4346 1606 
4230 722 1608 4346 1641 
4231 29 853 4347 857 
4232 30 860 4347 853 
4233 655 857 4347 860 
4234 655 1223 4348 857 
4235 113 854 4348 1223 
4236 29 857 4348 854 
4237 260 1771 4349 1782 
4238 257 1772 4349 1771 
4239 712 1782 4349 1772 
4240 257 1773 4350 1772 
4241 726 2930 4350 1773 
4242 712 1772 4350 2930 
4243 712 2929 4351 1782 
4244 724 1783 4351 2929 
4245 260 1782 4351 1783 
4246 670 962 4352 953 
4247 53 949 4352 962 
4248 51 953 4352 949 
4249 51 950 4353 953 
4250 189 1532 4353 950 
4251 670 953 4353 1532 
4252 240 1703 4354 1717 
4253 237 1705 4354 1703 
4254 705 1717 4354 1705 
4255 705 1566 4355 1717 
4256 198 1563 4355 1566 
4257 240 1717 4355 1563 
4258 248 1674 4356 1743 
4259 229 1677 4356 1674 
4260 686 1743 4356 1677 
4261 720 1091 4357 1083 
4262 82 1079 4357 1091 
4263 80 1083 4357 1079 
4264 720 1083 4358 1858 
4265 80 1082 4358 1083 
4266 285 1858 4358 1082 
4267 285 1857 4359 1858 
4268 718 2934 4359 1857 
4269 720 1858 4359 2934 
4270 673 1402 4360 1407 
4271 157 1397 4360 1402 
4272 158 1407 4360 1397 
4273 673 2904 4361 1402 
4274 710 1403 4361 2904 
4275 157 1402 4361 1403 
4276 95 785 4362 1149 
4277 13 788 4362 785 
4278 716 1149 4362 788 
4279 716 1390 4363 1149 
4280 154 1147 4363 1390 
4281 95 1149 4363 1147 
4282 234 1053 4364 1694 
4283 74 1055 4364 1053 
4284 633 1694 4364 1055 
4285 633 1006 4365 1694 
4286 63 1004 4365 1006 
4287 234 1694 4365 1004 
4288 178 1487 4366 1489 
4289 179 1495 4366 1487 
4290 726 1489 4366 1495 
4291 726 1773 4367 973 
4292 257 971 4367 1773 
4293 55 973 4367 971 
4294 726 973 4368 1489 
4295 55 970 4368 973 
4296 178 1489 4368 970 
4297 343 2028 4369 2043 
4298 339 2030 4369 2028 
4299 719 2043 4369 2030 
4300 719 2933 4370 2043 
4301 718 2042 4370 2933 
4302 343 2043 4370 2042 
4303 339 2031 4371 2030 
4304 725 2935 4371 2031 
4305 719 2030 4371 2935 
4306 718 1857 4372 2042 
4307 285 1854 4372 1857 
4308 343 2042 4372 1854 
4309 682 1304 4373 1308 
4310 133 1301 4373 1304 
4311 134 1308 4373 1301 
4312 134 1306 4374 1308 
4313 166 1438 4374 1306 
4314 682 1308 4374 1438 
4315 713 1548 4375 1552 
4316 193 1545 4375 1548 
4317 194 1552 4375 1545 
4318 194 1549 4376 1552 
4319 226 1665 4376 1549 
4320 713 1552 4376 1665 
4321 93 1128 4377 1141 
4322 91 1132 4377 1128 
4323 661 1141 4377 1132 
4324 661 1382 4378 1141 
4325 152 1139 4378 1382 
4326 93 1141 4378 1139 
4327 702 1878 4379 1949 
4328 290 1876 4379 1878 
4329 312 1949 4379 1876 
4330 312 1363 4380 1949 
4331 148 1366 4380 1363 
4332 702 1949 4380 1366 
4333 664 1536 4381 1539 
4334 190 1533 4381 1536 
4335 191 1539 4381 1533 
4336 191 1074 4382 1539 
4337 79 1077 4382 1074 
4338 664 1539 4382 1077 
4339 25 827 4383 839 
4340 23 830 4383 827 
4341 711 839 4383 830 
4342 711 1277 4384 1280 
4343 126 1274 4384 1277 
4344 127 1280 4384 1274 
4345 127 836 4385 1280 
4346 25 839 4385 836 
4347 711 1280 4385 839 
4348 667 1262 4386 1258 
4349 123 1254 4386 1262 
4350 122 1258 4386 1254 
4351 122 1257 4387 1258 
4352 224 1658 4387 1257 
4353 667 1258 4387 1658 
4354 215 931 4388 1626 
4355 46 933 4388 931 
4356 723 1626 4388 933 
4357 723 1471 4389 1626 
4358 173 1468 4389 1471 
4359 215 1626 4389 1468 
4360 213 1619 4390 1618 
4361 697 2923 4390 1619 
4362 696 1618 4390 2923 
4363 217 1616 4391 1632 
4364 213 1618 4391 1616 
4365 696 1632 4391 1618 
4366 696 2924 4392 1632 
4367 700 1633 4392 2924 
4368 217 1632 4392 1633 
4369 724 1642 4393 1646 
4370 219 1639 4393 1642 
4371 220 1646 4393 1639 
4372 220 1643 4394 1646 
4373 260 1783 4394 1643 
4374 724 1646 4394 1783 
4375 300 1631 4395 1911 
4376 217 1633 4395 1631 
4377 700 1911 4395 1633 
4378 700 2925 4396 1911 
4379 704 1912 4396 2925 
4380 300 1911 4396 1912 
4381 55 969 4397 974 
4382 56 978 4397 969 
4383 727 974 4397 978 
4384 727 1706 4398 1710 
4385 237 1701 4398 1706 
4386 238 1710 4398 1701 
4387 178 970 4399 1490 
4388 55 974 4399 970 
4389 727 1490 4399 974 
4390 238 1488 4400 1710 
4391 178 1490 4400 1488 
4392 727 1710 4400 1490 
4393 704 861 4401 852 
4394 30 848 4401 861 
4395 28 852 4401 848 
4396 28 849 4402 852 
4397 300 1912 4402 849 
4398 704 852 4402 1912 
4399 185 1509 4403 1515 
4400 184 1511 4403 1509 
4401 725 1515 4403 1511 
4402 339 1513 4404 2031 
4403 185 1515 4404 1513 
4404 725 2031 4404 1515 
4405 692 1345 4405 1348 
4406 143 1341 4405 1345 
4407 144 1348 4405 1341 
4408 144 1346 4406 1348 
4409 160 1414 4406 1346 
4410 692 1348 4406 1414 
4411 728 1088 4407 1096 
4412 81 1085 4407 1088 
4413 83 1096 4407 1085 
4414 83 1093 4408 1096 
4415 288 1870 4408 1093 
4416 728 1096 4408 1870 
$EndElements
