$MeshFormat
4.1 0 8
$EndMeshFormat
$PhysicalNames
1
2 1 "flat_diamonds"
$EndPhysicalNames
$Entities
0 0 1 0
1 -2.00821442789105 -2.002927936728727 -0.5130329367633006 2.00890153401125 2.001798449269839 0.5107550669483936 1 1 0 
$EndEntities
$Nodes
1 4944 1 4944
2 1 0 4944
1
2
3
4
5
6
7
8
9
10
11
12
13
14
15
16
17
18
19
20
21
22
23
24
25
26
27
28
29
30
31
32
33
34
35
36
37
38
39
40
41
42
43
44
45
46
47
48
49
50
51
52
53
54
55
56
57
58
59
60
61
62
63
64
65
66
67
68
69
70
71
72
73
74
75
76
77
78
79
80
81
82
83
84
85
86
87
88
89
90
91
92
93
94
95
96
97
98
99
100
101
102
103
104
105
106
107
108
109
110
111
112
113
114
115
116
117
118
119
120
121
122
123
124
125
126
127
128
129
130
131
132
133
134
135
136
137
138
139
140
141
142
143
144
145
146
147
148
149
150
151
152
153
154
155
156
157
158
159
160
161
162
163
164
165
166
167
168
169
170
171
172
173
174
175
176
177
178
179
180
181
182
183
184
185
186
187
188
189
190
191
192
193
194
195
196
197
198
199
200
201
202
203
204
205
206
207
208
209
210
211
212
213
214
215
216
217
218
219
220
221
222
223
224
225
226
227
228
229
230
231
232
233
234
235
236
237
238
239
240
241
242
243
244
245
246
247
248
249
250
251
252
253
254
255
256
257
258
259
260
261
262
263
264
265
266
267
268
269
270
271
272
273
274
275
276
277
278
279
280
281
282
283
284
285
286
287
288
289
290
291
292
293
294
295
296
297
298
299
300
301
302
303
304
305
306
307
308
309
310
311
312
313
314
315
316
317
318
319
320
321
322
323
324
325
326
327
328
329
330
331
332
333
334
335
336
337
338
339
340
341
342
343
344
345
346
347
348
349
350
351
352
353
354
355
356
357
358
359
360
361
362
363
364
365
366
367
368
369
370
371
372
373
374
375
376
377
378
379
380
381
382
383
384
385
386
387
388
389
390
391
392
393
394
395
396
397
398
399
400
401
402
403
404
405
406
407
408
409
410
411
412
413
414
415
416
417
418
419
420
421
422
423
424
425
426
427
428
429
430
431
432
433
434
435
436
437
438
439
440
441
442
443
444
445
446
447
448
449
450
451
452
453
454
455
456
457
458
459
460
461
462
463
464
465
466
467
468
469
470
471
472
473
474
475
476
477
478
479
480
481
482
483
484
485
486
487
488
489
490
491
492
493
494
495
496
497
498
499
500
501
502
503
504
505
506
507
508
509
510
511
512
513
514
515
516
517
518
519
520
521
522
523
524
525
526
527
528
529
530
531
532
533
534
535
536
537
538
539
540
541
542
543
544
545
546
547
548
549
550
551
552
553
554
555
556
557
558
559
560
561
562
563
564
565
566
567
568
569
570
571
572
573
574
575
576
577
578
579
580
581
582
583
584
585
586
587
588
589
590
591
592
593
594
595
596
597
598
599
600
601
602
603
604
605
606
607
608
609
610
611
612
613
614
615
616
617
618
619
620
621
622
623
624
625
626
627
628
629
630
631
632
633
634
635
636
637
638
639
640
641
642
643
644
645
646
647
648
649
650
651
652
653
654
655
656
657
658
659
660
661
662
663
664
665
666
667
668
669
670
671
672
673
674
675
676
677
678
679
680
681
682
683
684
685
686
687
688
689
690
691
692
693
694
695
696
697
698
699
700
701
702
703
704
705
706
707
708
709
710
711
712
713
714
715
716
717
718
719
720
721
722
723
724
725
726
727
728
729
730
731
732
733
734
735
736
737
738
739
740
741
742
743
744
745
746
747
748
749
750
751
752
753
754
755
756
757
758
759
760
761
762
763
764
765
766
767
768
769
770
771
772
773
774
775
776
777
778
779
780
781
782
783
784
785
786
787
788
789
790
791
792
793
794
795
796
797
798
799
800
801
802
803
804
805
806
807
808
809
810
811
812
813
814
815
816
817
818
819
820
821
822
823
824
825
826
827
828
829
830
831
832
833
834
835
836
837
838
839
840
841
842
843
844
845
846
847
848
849
850
851
852
853
854
855
856
857
858
859
860
861
862
863
864
865
866
867
868
869
870
871
872
873
874
875
876
877
878
879
880
881
882
883
884
885
886
887
888
889
890
891
892
893
894
895
896
897
898
899
900
901
902
903
904
905
906
907
908
909
910
911
912
913
914
915
916
917
918
919
920
921
922
923
924
925
926
927
928
929
930
931
932
933
934
935
936
937
938
939
940
941
942
943
944
945
946
947
948
949
950
951
952
953
954
955
956
957
958
959
960
961
962
963
964
965
966
967
968
969
970
971
972
973
974
975
976
977
978
979
980
981
982
983
984
985
986
987
988
989
990
991
992
993
994
995
996
997
998
999
1000
1001
1002
1003
1004
1005
1006
1007
1008
1009
1010
1011
1012
1013
1014
1015
1016
1017
1018
1019
1020
1021
1022
1023
1024
1025
1026
1027
1028
1029
1030
1031
1032
1033
1034
1035
1036
1037
1038
1039
1040
1041
1042
1043
1044
1045
1046
1047
1048
1049
1050
1051
1052
1053
1054
1055
1056
1057
1058
1059
1060
1061
1062
1063
1064
1065
1066
1067
1068
1069
1070
1071
1072
1073
1074
1075
1076
1077
1078
1079
1080
1081
1082
1083
1084
1085
1086
1087
1088
1089
1090
1091
1092
1093
1094
1095
1096
1097
1098
1099
1100
1101
1102
1103
1104
1105
1106
1107
1108
1109
1110
1111
1112
1113
1114
1115
1116
1117
1118
1119
1120
1121
1122
1123
1124
1125
1126
1127
1128
1129
1130
1131
1132
1133
1134
1135
1136
1137
1138
1139
1140
1141
1142
1143
1144
1145
1146
1147
1148
1149
1150
1151
1152
1153
1154
1155
1156
1157
1158
1159
1160
1161
1162
1163
1164
1165
1166
1167
1168
1169
1170
1171
1172
1173
1174
1175
1176
1177
1178
1179
1180
1181
1182
1183
1184
1185
1186
1187
1188
1189
1190
1191
1192
1193
1194
1195
1196
1197
1198
1199
1200
1201
1202
1203
1204
1205
1206
1207
1208
1209
1210
1211
1212
1213
1214
1215
1216
1217
1218
1219
1220
1221
1222
1223
1224
1225
1226
1227
1228
1229
1230
1231
1232
1233
1234
1235
1236
1237
1238
1239
1240
1241
1242
1243
1244
1245
1246
1247
1248
1249
1250
1251
1252
1253
1254
1255
1256
1257
1258
1259
1260
1261
1262
1263
1264
1265
1266
1267
1268
1269
1270
1271
1272
1273
1274
1275
1276
1277
1278
1279
1280
1281
1282
1283
1284
1285
1286
1287
1288
1289
1290
1291
1292
1293
1294
1295
1296
1297
1298
1299
1300
1301
1302
1303
1304
1305
1306
1307
1308
1309
1310
1311
1312
1313
1314
1315
1316
1317
1318
1319
1320
1321
1322
1323
1324
1325
1326
1327
1328
1329
1330
1331
1332
1333
1334
1335
1336
1337
1338
1339
1340
1341
1342
1343
1344
1345
1346
1347
1348
1349
1350
1351
1352
1353
1354
1355
1356
1357
1358
1359
1360
1361
1362
1363
1364
1365
1366
1367
1368
1369
1370
1371
1372
1373
1374
1375
1376
1377
1378
1379
1380
1381
1382
1383
1384
1385
1386
1387
1388
1389
1390
1391
1392
1393
1394
1395
1396
1397
1398
1399
1400
1401
1402
1403
1404
1405
1406
1407
1408
1409
1410
1411
1412
1413
1414
1415
1416
1417
1418
1419
1420
1421
1422
1423
1424
1425
1426
1427
1428
1429
1430
1431
1432
1433
1434
1435
1436
1437
1438
1439
1440
1441
1442
1443
1444
1445
1446
1447
1448
1449
1450
1451
1452
1453
1454
1455
1456
1457
1458
1459
1460
1461
1462
1463
1464
1465
1466
1467
1468
1469
1470
1471
1472
1473
1474
1475
1476
1477
1478
1479
1480
1481
1482
1483
1484
1485
1486
1487
1488
1489
1490
1491
1492
1493
1494
1495
1496
1497
1498
1499
1500
1501
1502
1503
1504
1505
1506
1507
1508
1509
1510
1511
1512
1513
1514
1515
1516
1517
1518
1519
1520
1521
1522
1523
1524
1525
1526
1527
1528
1529
1530
1531
1532
1533
1534
1535
1536
1537
1538
1539
1540
1541
1542
1543
1544
1545
1546
1547
1548
1549
1550
1551
1552
1553
1554
1555
1556
1557
1558
1559
1560
1561
1562
1563
1564
1565
1566
1567
1568
1569
1570
1571
1572
1573
1574
1575
1576
1577
1578
1579
1580
1581
1582
1583
1584
1585
1586
1587
1588
1589
1590
1591
1592
1593
1594
1595
1596
1597
1598
1599
1600
1601
1602
1603
1604
1605
1606
1607
1608
1609
1610
1611
1612
1613
1614
1615
1616
1617
1618
1619
1620
1621
1622
1623
1624
1625
1626
1627
1628
1629
1630
1631
1632
1633
1634
1635
1636
1637
1638
1639
1640
1641
1642
1643
1644
1645
1646
1647
1648
1649
1650
1651
1652
1653
1654
1655
1656
1657
1658
1659
1660
1661
1662
1663
1664
1665
1666
1667
1668
1669
1670
1671
1672
1673
1674
1675
1676
1677
1678
1679
1680
1681
1682
1683
1684
1685
1686
1687
1688
1689
1690
1691
1692
1693
1694
1695
1696
1697
1698
1699
1700
1701
1702
1703
1704
1705
1706
1707
1708
1709
1710
1711
1712
1713
1714
1715
1716
1717
1718
1719
1720
1721
1722
1723
1724
1725
1726
1727
1728
1729
1730
1731
1732
1733
1734
1735
1736
1737
1738
1739
1740
1741
1742
1743
1744
1745
1746
1747
1748
1749
1750
1751
1752
1753
1754
1755
1756
1757
1758
1759
1760
1761
1762
1763
1764
1765
1766
1767
1768
1769
1770
1771
1772
1773
1774
1775
1776
1777
1778
1779
1780
1781
1782
1783
1784
1785
1786
1787
1788
1789
1790
1791
1792
1793
1794
1795
1796
1797
1798
1799
1800
1801
1802
1803
1804
1805
1806
1807
1808
1809
1810
1811
1812
1813
1814
1815
1816
1817
1818
1819
1820
1821
1822
1823
1824
1825
1826
1827
1828
1829
1830
1831
1832
1833
1834
1835
1836
1837
1838
1839
1840
1841
1842
1843
1844
1845
1846
1847
1848
1849
1850
1851
1852
1853
1854
1855
1856
1857
1858
1859
1860
1861
1862
1863
1864
1865
1866
1867
1868
1869
1870
1871
1872
1873
1874
1875
1876
1877
1878
1879
1880
1881
1882
1883
1884
1885
1886
1887
1888
1889
1890
1891
1892
1893
1894
1895
1896
1897
1898
1899
1900
1901
1902
1903
1904
1905
1906
1907
1908
1909
1910
1911
1912
1913
1914
1915
1916
1917
1918
1919
1920
1921
1922
1923
1924
1925
1926
1927
1928
1929
1930
1931
1932
1933
1934
1935
1936
1937
1938
1939
1940
1941
1942
1943
1944
1945
1946
1947
1948
1949
1950
1951
1952
1953
1954
1955
1956
1957
1958
1959
1960
1961
1962
1963
1964
1965
1966
1967
1968
1969
1970
1971
1972
1973
1974
1975
1976
1977
1978
1979
1980
1981
1982
1983
1984
1985
1986
1987
1988
1989
1990
1991
1992
1993
1994
1995
1996
1997
1998
1999
2000
2001
2002
2003
2004
2005
2006
2007
2008
2009
2010
2011
2012
2013
2014
2015
2016
2017
2018
2019
2020
2021
2022
2023
2024
2025
2026
2027
2028
2029
2030
2031
2032
2033
2034
2035
2036
2037
2038
2039
2040
2041
2042
2043
2044
2045
2046
2047
2048
2049
2050
2051
2052
2053
2054
2055
2056
2057
2058
2059
2060
2061
2062
2063
2064
2065
2066
2067
2068
2069
2070
2071
2072
2073
2074
2075
2076
2077
2078
2079
2080
2081
2082
2083
2084
2085
2086
2087
2088
2089
2090
2091
2092
2093
2094
2095
2096
2097
2098
2099
2100
2101
2102
2103
2104
2105
2106
2107
2108
2109
2110
2111
2112
2113
2114
2115
2116
2117
2118
2119
2120
2121
2122
2123
2124
2125
2126
2127
2128
2129
2130
2131
2132
2133
2134
2135
2136
2137
2138
2139
2140
2141
2142
2143
2144
2145
2146
2147
2148
2149
2150
2151
2152
2153
2154
2155
2156
2157
2158
2159
2160
2161
2162
2163
2164
2165
2166
2167
2168
2169
2170
2171
2172
2173
2174
2175
2176
2177
2178
2179
2180
2181
2182
2183
2184
2185
2186
2187
2188
2189
2190
2191
2192
2193
2194
2195
2196
2197
2198
2199
2200
2201
2202
2203
2204
2205
2206
2207
2208
2209
2210
2211
2212
2213
2214
2215
2216
2217
2218
2219
2220
2221
2222
2223
2224
2225
2226
2227
2228
2229
2230
2231
2232
2233
2234
2235
2236
2237
2238
2239
2240
2241
2242
2243
2244
2245
2246
2247
2248
2249
2250
2251
2252
2253
2254
2255
2256
2257
2258
2259
2260
2261
2262
2263
2264
2265
2266
2267
2268
2269
2270
2271
2272
2273
2274
2275
2276
2277
2278
2279
2280
2281
2282
2283
2284
2285
2286
2287
2288
2289
2290
2291
2292
2293
2294
2295
2296
2297
2298
2299
2300
2301
2302
2303
2304
2305
2306
2307
2308
2309
2310
2311
2312
2313
2314
2315
2316
2317
2318
2319
2320
2321
2322
2323
2324
2325
2326
2327
2328
2329
2330
2331
2332
2333
2334
2335
2336
2337
2338
2339
2340
2341
2342
2343
2344
2345
2346
2347
2348
2349
2350
2351
2352
2353
2354
2355
2356
2357
2358
2359
2360
2361
2362
2363
2364
2365
2366
2367
2368
2369
2370
2371
2372
2373
2374
2375
2376
2377
2378
2379
2380
2381
2382
2383
2384
2385
2386
2387
2388
2389
2390
2391
2392
2393
2394
2395
2396
2397
2398
2399
2400
2401
2402
2403
2404
2405
2406
2407
2408
2409
2410
2411
2412
2413
2414
2415
2416
2417
2418
2419
2420
2421
2422
2423
2424
2425
2426
2427
2428
2429
2430
2431
2432
2433
2434
2435
2436
2437
2438
2439
2440
2441
2442
2443
2444
2445
2446
2447
2448
2449
2450
2451
2452
2453
2454
2455
2456
2457
2458
2459
2460
2461
2462
2463
2464
2465
2466
2467
2468
2469
2470
2471
2472
2473
2474
2475
2476
2477
2478
2479
2480
2481
2482
2483
2484
2485
2486
2487
2488
2489
2490
2491
2492
2493
2494
2495
2496
2497
2498
2499
2500
2501
2502
2503
2504
2505
2506
2507
2508
2509
2510
2511
2512
2513
2514
2515
2516
2517
2518
2519
2520
2521
2522
2523
2524
2525
2526
2527
2528
2529
2530
2531
2532
2533
2534
2535
2536
2537
2538
2539
2540
2541
2542
2543
2544
2545
2546
2547
2548
2549
2550
2551
2552
2553
2554
2555
2556
2557
2558
2559
2560
2561
2562
2563
2564
2565
2566
2567
2568
2569
2570
2571
2572
2573
2574
2575
2576
2577
2578
2579
2580
2581
2582
2583
2584
2585
2586
2587
2588
2589
2590
2591
2592
2593
2594
2595
2596
2597
2598
2599
2600
2601
2602
2603
2604
2605
2606
2607
2608
2609
2610
2611
2612
2613
2614
2615
2616
2617
2618
2619
2620
2621
2622
2623
2624
2625
2626
2627
2628
2629
2630
2631
2632
2633
2634
2635
2636
2637
2638
2639
2640
2641
2642
2643
2644
2645
2646
2647
2648
2649
2650
2651
2652
2653
2654
2655
2656
2657
2658
2659
2660
2661
2662
2663
2664
2665
2666
2667
2668
2669
2670
2671
2672
2673
2674
2675
2676
2677
2678
2679
2680
2681
2682
2683
2684
2685
2686
2687
2688
2689
2690
2691
2692
2693
2694
2695
2696
2697
2698
2699
2700
2701
2702
2703
2704
2705
2706
2707
2708
2709
2710
2711
2712
2713
2714
2715
2716
2717
2718
2719
2720
2721
2722
2723
2724
2725
2726
2727
2728
2729
2730
2731
2732
2733
2734
2735
2736
2737
2738
2739
2740
2741
2742
2743
2744
2745
2746
2747
2748
2749
2750
2751
2752
2753
2754
2755
2756
2757
2758
2759
2760
2761
2762
2763
2764
2765
2766
2767
2768
2769
2770
2771
2772
2773
2774
2775
2776
2777
2778
2779
2780
2781
2782
2783
2784
2785
2786
2787
2788
2789
2790
2791
2792
2793
2794
2795
2796
2797
2798
2799
2800
2801
2802
2803
2804
2805
2806
2807
2808
2809
2810
2811
2812
2813
2814
2815
2816
2817
2818
2819
2820
2821
2822
2823
2824
2825
2826
2827
2828
2829
2830
2831
2832
2833
2834
2835
2836
2837
2838
2839
2840
2841
2842
2843
2844
2845
2846
2847
2848
2849
2850
2851
2852
2853
2854
2855
2856
2857
2858
2859
2860
2861
2862
2863
2864
2865
2866
2867
2868
2869
2870
2871
2872
2873
2874
2875
2876
2877
2878
2879
2880
2881
2882
2883
2884
2885
2886
2887
2888
2889
2890
2891
2892
2893
2894
2895
2896
2897
2898
2899
2900
2901
2902
2903
2904
2905
2906
2907
2908
2909
2910
2911
2912
2913
2914
2915
2916
2917
2918
2919
2920
2921
2922
2923
2924
2925
2926
2927
2928
2929
2930
2931
2932
2933
2934
2935
2936
2937
2938
2939
2940
2941
2942
2943
2944
2945
2946
2947
2948
2949
2950
2951
2952
2953
2954
2955
2956
2957
2958
2959
2960
2961
2962
2963
2964
2965
2966
2967
2968
2969
2970
2971
2972
2973
2974
2975
2976
2977
2978
2979
2980
2981
2982
2983
2984
2985
2986
2987
2988
2989
2990
2991
2992
2993
2994
2995
2996
2997
2998
2999
3000
3001
3002
3003
3004
3005
3006
3007
3008
3009
3010
3011
3012
3013
3014
3015
3016
3017
3018
3019
3020
3021
3022
3023
3024
3025
3026
3027
3028
3029
3030
3031
3032
3033
3034
3035
3036
3037
3038
3039
3040
3041
3042
3043
3044
3045
3046
3047
3048
3049
3050
3051
3052
3053
3054
3055
3056
3057
3058
3059
3060
3061
3062
3063
3064
3065
3066
3067
3068
3069
3070
3071
3072
3073
3074
3075
3076
3077
3078
3079
3080
3081
3082
3083
3084
3085
3086
3087
3088
3089
3090
3091
3092
3093
3094
3095
3096
3097
3098
3099
3100
3101
3102
3103
3104
3105
3106
3107
3108
3109
3110
3111
3112
3113
3114
3115
3116
3117
3118
3119
3120
3121
3122
3123
3124
3125
3126
3127
3128
3129
3130
3131
3132
3133
3134
3135
3136
3137
3138
3139
3140
3141
3142
3143
3144
3145
3146
3147
3148
3149
3150
3151
3152
3153
3154
3155
3156
3157
3158
3159
3160
3161
3162
3163
3164
3165
3166
3167
3168
3169
3170
3171
3172
3173
3174
3175
3176
3177
3178
3179
3180
3181
3182
3183
3184
3185
3186
3187
3188
3189
3190
3191
3192
3193
3194
3195
3196
3197
3198
3199
3200
3201
3202
3203
3204
3205
3206
3207
3208
3209
3210
3211
3212
3213
3214
3215
3216
3217
3218
3219
3220
3221
3222
3223
3224
3225
3226
3227
3228
3229
3230
3231
3232
3233
3234
3235
3236
3237
3238
3239
3240
3241
3242
3243
3244
3245
3246
3247
3248
3249
3250
3251
3252
3253
3254
3255
3256
3257
3258
3259
3260
3261
3262
3263
3264
3265
3266
3267
3268
3269
3270
3271
3272
3273
3274
3275
3276
3277
3278
3279
3280
3281
3282
3283
3284
3285
3286
3287
3288
3289
3290
3291
3292
3293
3294
3295
3296
3297
3298
3299
3300
3301
3302
3303
3304
3305
3306
3307
3308
3309
3310
3311
3312
3313
3314
3315
3316
3317
3318
3319
3320
3321
3322
3323
3324
3325
3326
3327
3328
3329
3330
3331
3332
3333
3334
3335
3336
3337
3338
3339
3340
3341
3342
3343
3344
3345
3346
3347
3348
3349
3350
3351
3352
3353
3354
3355
3356
3357
3358
3359
3360
3361
3362
3363
3364
3365
3366
3367
3368
3369
3370
3371
3372
3373
3374
3375
3376
3377
3378
3379
3380
3381
3382
3383
3384
3385
3386
3387
3388
3389
3390
3391
3392
3393
3394
3395
3396
3397
3398
3399
3400
3401
3402
3403
3404
3405
3406
3407
3408
3409
3410
3411
3412
3413
3414
3415
3416
3417
3418
3419
3420
3421
3422
3423
3424
3425
3426
3427
3428
3429
3430
3431
3432
3433
3434
3435
3436
3437
3438
3439
3440
3441
3442
3443
3444
3445
3446
3447
3448
3449
3450
3451
3452
3453
3454
3455
3456
3457
3458
3459
3460
3461
3462
3463
3464
3465
3466
3467
3468
3469
3470
3471
3472
3473
3474
3475
3476
3477
3478
3479
3480
3481
3482
3483
3484
3485
3486
3487
3488
3489
3490
3491
3492
3493
3494
3495
3496
3497
3498
3499
3500
3501
3502
3503
3504
3505
3506
3507
3508
3509
3510
3511
3512
3513
3514
3515
3516
3517
3518
3519
3520
3521
3522
3523
3524
3525
3526
3527
3528
3529
3530
3531
3532
3533
3534
3535
3536
3537
3538
3539
3540
3541
3542
3543
3544
3545
3546
3547
3548
3549
3550
3551
3552
3553
3554
3555
3556
3557
3558
3559
3560
3561
3562
3563
3564
3565
3566
3567
3568
3569
3570
3571
3572
3573
3574
3575
3576
3577
3578
3579
3580
3581
3582
3583
3584
3585
3586
3587
3588
3589
3590
3591
3592
3593
3594
3595
3596
3597
3598
3599
3600
3601
3602
3603
3604
3605
3606
3607
3608
3609
3610
3611
3612
3613
3614
3615
3616
3617
3618
3619
3620
3621
3622
3623
3624
3625
3626
3627
3628
3629
3630
3631
3632
3633
3634
3635
3636
3637
3638
3639
3640
3641
3642
3643
3644
3645
3646
3647
3648
3649
3650
3651
3652
3653
3654
3655
3656
3657
3658
3659
3660
3661
3662
3663
3664
3665
3666
3667
3668
3669
3670
3671
3672
3673
3674
3675
3676
3677
3678
3679
3680
3681
3682
3683
3684
3685
3686
3687
3688
3689
3690
3691
3692
3693
3694
3695
3696
3697
3698
3699
3700
3701
3702
3703
3704
3705
3706
3707
3708
3709
3710
3711
3712
3713
3714
3715
3716
3717
3718
3719
3720
3721
3722
3723
3724
3725
3726
3727
3728
3729
3730
3731
3732
3733
3734
3735
3736
3737
3738
3739
3740
3741
3742
3743
3744
3745
3746
3747
3748
3749
3750
3751
3752
3753
3754
3755
3756
3757
3758
3759
3760
3761
3762
3763
3764
3765
3766
3767
3768
3769
3770
3771
3772
3773
3774
3775
3776
3777
3778
3779
3780
3781
3782
3783
3784
3785
3786
3787
3788
3789
3790
3791
3792
3793
3794
3795
3796
3797
3798
3799
3800
3801
3802
3803
3804
3805
3806
3807
3808
3809
3810
3811
3812
3813
3814
3815
3816
3817
3818
3819
3820
3821
3822
3823
3824
3825
3826
3827
3828
3829
3830
3831
3832
3833
3834
3835
3836
3837
3838
3839
3840
3841
3842
3843
3844
3845
3846
3847
3848
3849
3850
3851
3852
3853
3854
3855
3856
3857
3858
3859
3860
3861
3862
3863
3864
3865
3866
3867
3868
3869
3870
3871
3872
3873
3874
3875
3876
3877
3878
3879
3880
3881
3882
3883
3884
3885
3886
3887
3888
3889
3890
3891
3892
3893
3894
3895
3896
3897
3898
3899
3900
3901
3902
3903
3904
3905
3906
3907
3908
3909
3910
3911
3912
3913
3914
3915
3916
3917
3918
3919
3920
3921
3922
3923
3924
3925
3926
3927
3928
3929
3930
3931
3932
3933
3934
3935
3936
3937
3938
3939
3940
3941
3942
3943
3944
3945
3946
3947
3948
3949
3950
3951
3952
3953
3954
3955
3956
3957
3958
3959
3960
3961
3962
3963
3964
3965
3966
3967
3968
3969
3970
3971
3972
3973
3974
3975
3976
3977
3978
3979
3980
3981
3982
3983
3984
3985
3986
3987
3988
3989
3990
3991
3992
3993
3994
3995
3996
3997
3998
3999
4000
4001
4002
4003
4004
4005
4006
4007
4008
4009
4010
4011
4012
4013
4014
4015
4016
4017
4018
4019
4020
4021
4022
4023
4024
4025
4026
4027
4028
4029
4030
4031
4032
4033
4034
4035
4036
4037
4038
4039
4040
4041
4042
4043
4044
4045
4046
4047
4048
4049
4050
4051
4052
4053
4054
4055
4056
4057
4058
4059
4060
4061
4062
4063
4064
4065
4066
4067
4068
4069
4070
4071
4072
4073
4074
4075
4076
4077
4078
4079
4080
4081
4082
4083
4084
4085
4086
4087
4088
4089
4090
4091
4092
4093
4094
4095
4096
4097
4098
4099
4100
4101
4102
4103
4104
4105
4106
4107
4108
4109
4110
4111
4112
4113
4114
4115
4116
4117
4118
4119
4120
4121
4122
4123
4124
4125
4126
4127
4128
4129
4130
4131
4132
4133
4134
4135
4136
4137
4138
4139
4140
4141
4142
4143
4144
4145
4146
4147
4148
4149
4150
4151
4152
4153
4154
4155
4156
4157
4158
4159
4160
4161
4162
4163
4164
4165
4166
4167
4168
4169
4170
4171
4172
4173
4174
4175
4176
4177
4178
4179
4180
4181
4182
4183
4184
4185
4186
4187
4188
4189
4190
4191
4192
4193
4194
4195
4196
4197
4198
4199
4200
4201
4202
4203
4204
4205
4206
4207
4208
4209
4210
4211
4212
4213
4214
4215
4216
4217
4218
4219
4220
4221
4222
4223
4224
4225
4226
4227
4228
4229
4230
4231
4232
4233
4234
4235
4236
4237
4238
4239
4240
4241
4242
4243
4244
4245
4246
4247
4248
4249
4250
4251
4252
4253
4254
4255
4256
4257
4258
4259
4260
4261
4262
4263
4264
4265
4266
4267
4268
4269
4270
4271
4272
4273
4274
4275
4276
4277
4278
4279
4280
4281
4282
4283
4284
4285
4286
4287
4288
4289
4290
4291
4292
4293
4294
4295
4296
4297
4298
4299
4300
4301
4302
4303
4304
4305
4306
4307
4308
4309
4310
4311
4312
4313
4314
4315
4316
4317
4318
4319
4320
4321
4322
4323
4324
4325
4326
4327
4328
4329
4330
4331
4332
4333
4334
4335
4336
4337
4338
4339
4340
4341
4342
4343
4344
4345
4346
4347
4348
4349
4350
4351
4352
4353
4354
4355
4356
4357
4358
4359
4360
4361
4362
4363
4364
4365
4366
4367
4368
4369
4370
4371
4372
4373
4374
4375
4376
4377
4378
4379
4380
4381
4382
4383
4384
4385
4386
4387
4388
4389
4390
4391
4392
4393
4394
4395
4396
4397
4398
4399
4400
4401
4402
4403
4404
4405
4406
4407
4408
4409
4410
4411
4412
4413
4414
4415
4416
4417
4418
4419
4420
4421
4422
4423
4424
4425
4426
4427
4428
4429
4430
4431
4432
4433
4434
4435
4436
4437
4438
4439
4440
4441
4442
4443
4444
4445
4446
4447
4448
4449
4450
4451
4452
4453
4454
4455
4456
4457
4458
4459
4460
4461
4462
4463
4464
4465
4466
4467
4468
4469
4470
4471
4472
4473
4474
4475
4476
4477
4478
4479
4480
4481
4482
4483
4484
4485
4486
4487
4488
4489
4490
4491
4492
4493
4494
4495
4496
4497
4498
4499
4500
4501
4502
4503
4504
4505
4506
4507
4508
4509
4510
4511
4512
4513
4514
4515
4516
4517
4518
4519
4520
4521
4522
4523
4524
4525
4526
4527
4528
4529
4530
4531
4532
4533
4534
4535
4536
4537
4538
4539
4540
4541
4542
4543
4544
4545
4546
4547
4548
4549
4550
4551
4552
4553
4554
4555
4556
4557
4558
4559
4560
4561
4562
4563
4564
4565
4566
4567
4568
4569
4570
4571
4572
4573
4574
4575
4576
4577
4578
4579
4580
4581
4582
4583
4584
4585
4586
4587
4588
4589
4590
4591
4592
4593
4594
4595
4596
4597
4598
4599
4600
4601
4602
4603
4604
4605
4606
4607
4608
4609
4610
4611
4612
4613
4614
4615
4616
4617
4618
4619
4620
4621
4622
4623
4624
4625
4626
4627
4628
4629
4630
4631
4632
4633
4634
4635
4636
4637
4638
4639
4640
4641
4642
4643
4644
4645
4646
4647
4648
4649
4650
4651
4652
4653
4654
4655
4656
4657
4658
4659
4660
4661
4662
4663
4664
4665
4666
4667
4668
4669
4670
4671
4672
4673
4674
4675
4676
4677
4678
4679
4680
4681
4682
4683
4684
4685
4686
4687
4688
4689
4690
4691
4692
4693
4694
4695
4696
4697
4698
4699
4700
4701
4702
4703
4704
4705
4706
4707
4708
4709
4710
4711
4712
4713
4714
4715
4716
4717
4718
4719
4720
4721
4722
4723
4724
4725
4726
4727
4728
4729
4730
4731
4732
4733
4734
4735
4736
4737
4738
4739
4740
4741
4742
4743
4744
4745
4746
4747
4748
4749
4750
4751
4752
4753
4754
4755
4756
4757
4758
4759
4760
4761
4762
4763
4764
4765
4766
4767
4768
4769
4770
4771
4772
4773
4774
4775
4776
4777
4778
4779
4780
4781
4782
4783
4784
4785
4786
4787
4788
4789
4790
4791
4792
4793
4794
4795
4796
4797
4798
4799
4800
4801
4802
4803
4804
4805
4806
4807
4808
4809
4810
4811
4812
4813
4814
4815
4816
4817
4818
4819
4820
4821
4822
4823
4824
4825
4826
4827
4828
4829
4830
4831
4832
4833
4834
4835
4836
4837
4838
4839
4840
4841
4842
4843
4844
4845
4846
4847
4848
4849
4850
4851
4852
4853
4854
4855
4856
4857
4858
4859
4860
4861
4862
4863
4864
4865
4866
4867
4868
4869
4870
4871
4872
4873
4874
4875
4876
4877
4878
4879
4880
4881
4882
4883
4884
4885
4886
4887
4888
4889
4890
4891
4892
4893
4894
4895
4896
4897
4898
4899
4900
4901
4902
4903
4904
4905
4906
4907
4908
4909
4910
4911
4912
4913
4914
4915
4916
4917
4918
4919
4920
4921
4922
4923
4924
4925
4926
4927
4928
4929
4930
4931
4932
4933
4934
4935
4936
4937
4938
4939
4940
4941
4942
4943
4944
2.000425665840547 3.189924485850031e-05 1.129578323575734e-07
1.987387575343025 0.1737734379683809 0.06768789222716937
1.978087318290804 0.2981164315972076 1.129578323575738e-07
1.987835339182769 0.1682784680351072 -0.0678704792505932
2.000425665840571 -3.189924486133538e-05 -1.129578323106086e-07
1.987387575343195 -0.1737734379670861 -0.06768789222657816
1.978087318290828 -0.2981164315972114 -1.129578323106095e-07
1.987835339182746 -0.1682784680351168 0.06787047925057758
2.008901534011233 1.221623081431534e-05 0.002613726213489842
1.962921119125965 0.07389683021303912 0.1588633109427358
1.929528300426824 1.221623081433479e-05 0.2729341349412885
1.963094860800437 -0.06841136065505679 0.1589367319005279
2.00890153401125 -1.221623081056158e-05 -0.002613726213495042
1.962921119126206 -0.07389683021176044 -0.1588633109421162
1.929528300426839 -1.221623081054215e-05 -0.2729341349412955
1.963094860800415 0.06841136065504064 -0.1589367319005386
2.004768883767963 -0.0001973730047828083 0.001038468387527544
1.983492121255354 -0.1681129942751953 0.06683189790521775
1.953164966839522 -0.2037657682449693 0.1993248856046263
1.967227511043707 -0.06820177141945967 0.1605119897264901
2.004977268491448 -0.0002246055665584379 -0.001087832029860992
1.966845384646009 -0.07368444087601259 -0.1603892051257504
1.951837647243595 -0.2201532990641041 -0.1988140873475696
1.982835972692319 -0.173580731645389 -0.06660017315454954
2.004768883767964 0.0001973730047818868 -0.001038468387528314
1.983492121255351 0.1681129942751838 -0.06683189790523243
1.953164966839509 0.2037657682449372 -0.1993248856046694
1.9672275110437 0.06820177141944817 -0.1605119897265052
2.004977268491594 0.0002246055665696619 0.001087832029901708
1.966845384645605 0.07368444087728378 0.1603892051263239
1.951837647242595 0.2201532990679231 0.1988140873492605
1.982835972691979 0.1735807316466697 0.06660017315510001
1.97757055800371 0.2980637406393711 -3.736391099528892e-07
1.942779741596378 0.4490949846338284 0.07775350438637318
1.911054517125735 0.5894895571088303 -3.736391099529169e-07
1.944550958844441 0.4440591779652351 -0.07385002579157861
1.983987827394032 0.2993559406280569 0.001505855565359515
1.936362472206057 0.4478027846451426 0.07624727518190376
1.899878752660025 0.4503336300894566 0.227380398331753
1.945408190282734 0.3231442295173157 0.1434961707013402
1.983161376411845 0.2991572991371235 -0.001244682158263298
1.938960140436306 0.4429656194674828 -0.07260571727242529
1.907805059670171 0.4359409204472811 -0.2163212890021879
1.949048552850314 0.3129906577469742 -0.1400521233618288
1.981573380813842 0.2985795890675015 -0.0008133174649391986
1.984349276659731 0.1678153105648132 -0.06705704882782164
1.95230781143513 0.2040634519553078 -0.1990997346820803
1.950636548448316 0.3135683678165962 -0.1404834880551528
1.981317683590873 0.2985695622545206 0.0007612460694409603
1.984157210042957 0.1733203073110679 0.06692675911556079
1.950516409891617 0.2204137234035249 0.1984875013887998
1.948078334085894 0.3239306078908521 0.1442407801972587
1.910344123523705 0.5891957879427294 7.499416882254105e-07
1.854864584428835 0.730351185011153 -0.08563489025547778
1.801136247756262 0.867452917356037 7.499416882254105e-07
1.856799334654777 0.7258277861972561 0.08477152632157779
1.918115719516956 0.5919920038752822 -0.001940161187593149
1.847092988435583 0.7275549690786004 -0.0836939791261964
1.805330267831752 0.715332568487154 -0.2493618911124715
1.878639812007834 0.5812402410210723 -0.1575115153120168
1.917840642091372 0.5918681797141817 0.001841291800316309
1.84930281608711 0.7231553944258039 0.08293098446294966
1.811622221964879 0.7020812259443733 0.2469256609452544
1.877840545127687 0.5816170989830046 0.1604105010459511
1.91653470824375 0.5909930724148489 0.001341701937704683
1.937299550478363 0.4475914693278099 0.07641142880955856
1.898941674387719 0.4505449454067893 0.2272162447040982
1.879146478975309 0.5824922062823374 0.1609100909085628
1.915979709405094 0.5908395521172761 -0.001154405760169693
1.880775822119696 0.5823926927790783 -0.1582972707394402
1.907139433541396 0.4361973569579744 -0.2162310126040943
1.939625766565081 0.4427091829567894 -0.07269599367051885
1.801968092721409 0.8677850048090689 8.523121808701072e-07
1.725404604502791 0.996162812870705 0.08706786700565666
1.652507905548561 1.126657642701197 8.523121808701072e-07
1.728565414856112 0.997987707579052 -0.06303747127964646
1.808444495241465 0.8712035226314395 0.001983616708133604
1.769210959958733 0.8486058593518213 0.1698233756947991
1.679891756563 0.9695653229451159 0.2532853075419074
1.718928201982735 0.9927442950483346 0.08508510260970398
1.808791593061001 0.8707043891964198 -0.001937971867151625
1.847209239124096 0.7270997131707704 -0.08369616844663798
1.805214017143239 0.715787824394984 -0.2493597017920299
1.773455934607252 0.8576927711479139 -0.1466250684747952
1.80832815939289 0.8705590732733912 0.001836131543403661
1.769327295807308 0.8492503087098695 0.169970860859529
1.811317615033839 0.7025149900902752 0.2469205006883418
1.849607423018149 0.7227216302799019 0.08293614471986234
1.804974003372558 0.8693342389630427 -0.0006806904461344864
1.777273524295694 0.8590629213812909 -0.1478823498958123
1.704455364160565 0.9838815341501754 -0.1853950217771826
1.725559504204963 0.9964384734250784 -0.06235592852133108
1.65191062443964 1.12618800917033 -8.701100346313903e-07
1.560398705179946 1.241100110718702 -0.08302442336252368
1.465536819467304 1.359893368584924 -8.70110034631357e-07
1.559649782690795 1.241717366238765 0.08421507131092165
1.658069068513217 1.130813184174977 -0.001756023924691093
1.554240261106369 1.236474935714055 -0.08126926954786722
1.525872061841077 1.206812694007578 -0.2420893468287837
1.630698923508546 1.107549023704896 -0.1441935107628828
1.658757530447931 1.130579123561729 0.001993440571420318
1.719154979603421 0.9922413320101729 0.0850752787464172
1.679664978942315 0.9700682859832775 0.2532951314051941
1.622086140093994 1.104450902376531 0.1691491244998041
1.65792619176777 1.130634727383945 0.001763355276668325
1.553634215362665 1.237270648025151 0.08245084592421875
1.522575780695471 1.207732572071747 0.2453331994479528
1.622917478774155 1.104395298554316 0.1693792097945562
1.655411310709971 1.128518275501614 -0.0006901637625887711
1.633356681311792 1.109843932378259 -0.1452593709249852
1.704352858670827 0.9841929327966193 -0.1854044950936369
1.725662009694701 0.9961270747786345 -0.06234645520487683
1.466232195573882 1.360483913781031 5.259630427892152e-06
1.355020965673021 1.460365286780733 0.08706345968765079
1.247108055631696 1.563801403175252 5.259630427892924e-06
1.357798012380942 1.463358231329013 -0.05953523186583937
1.471322604160979 1.365565800157886 0.001987808342243791
1.349930557085923 1.455283400403877 0.08508091097583485
1.31948845336342 1.421666076755355 0.2532894991766684
1.43989184232439 1.333303165468152 0.1692344087613111
1.471560444725362 1.364957412975942 -0.001796267421540641
1.554375079921887 1.236036066327684 -0.08122902605101767
1.525737243025558 1.207251563393949 -0.2421295903256332
1.446655493969277 1.340300025842837 -0.1407606527269613
1.471282879174744 1.364814588812334 0.001788561520656065
1.439931567310625 1.334054376813704 0.1694336555828989
1.522306273074781 1.208207074085543 0.2453584056919406
1.553903722983355 1.236796146011355 0.08242563968023094
1.468227475026704 1.362425786391151 -0.0005620808849748141
1.449988463667935 1.342831652427628 -0.1419948392635272
1.341022842502697 1.445070370735889 -0.1753092485997164
1.35580273292812 1.461416358718893 -0.05896789135043672
1.246042050119111 1.562287826371624 2.537586797999555e-05
1.122212240749808 1.644833985499285 -0.1018303162325739
0.9990624464016443 1.730675669004442 2.537586797999534e-05
1.123297618485012 1.647575005014836 0.08680880526151581
1.251760537493776 1.569227542500482 0.001979662834201631
1.350368483810941 1.454939147455502 0.08508905648387707
1.319050526638402 1.42201032970373 0.2532813536686262
1.222752591310052 1.533728590290119 0.1718175447768603
1.25322007876285 1.572386480443736 -0.003348221141987409
1.115034212106069 1.634735331427173 -0.09845671922260657
1.082128684872142 1.583356472435968 -0.2936500374115846
1.22578931171729 1.532685565762248 -0.1579116565216686
1.251312412513309 1.569521052169301 0.001961434412433351
1.118027256090813 1.640341779217158 0.08487274671706242
1.093019835270721 1.602668677398197 0.2526299185129193
1.223200716290518 1.5334350806213 0.1718357731986285
1.248564308354143 1.565581860445454 -0.0004915297176036497
1.230445082125997 1.539490185760529 -0.1607683479460523
1.340483815772321 1.444908955395972 -0.1752386974323452
1.356341759658495 1.461577774058811 -0.05903844251780781
0.9996645544961504 1.731354247802744 -9.295852377155088e-07
0.8588274410533998 1.799289295508439 -0.08352684962519168
0.7303466032289406 1.861050937522275 -9.295852377155255e-07
0.8674038243169853 1.794934524245985 0.08477320584849934
1.00306375799409 1.737754466001572 -0.001721298646442111
0.9730248001750518 1.698972153579398 -0.1836962052588489
0.8252535435286389 1.7603264922666 -0.2434134297065925
0.8554282375554597 1.79288907730961 -0.08180648056398726
1.00556268165733 1.740771162324521 -0.003274514647760659
1.115712005494123 1.634738492179205 -0.09853042571683331
1.081450891484089 1.583353311683936 -0.2935763309173579
0.9705258765118123 1.69595545725645 -0.1821429892575304
1.003923113949259 1.738285606713793 0.001975782009149738
1.118436950937397 1.639965067305485 0.08485839912034611
1.092610140424138 1.60304538930987 0.2526442661096357
0.9831923788854537 1.69825403779584 0.1694627952697326
1.003215530209842 1.738084934061104 0.001794728338175617
0.8638528486032941 1.788203837987625 0.08297754792508608
0.850388009120861 1.746629940281075 0.2468790974831018
0.9838999626248714 1.698454710448529 0.1696438489407067
0.7304042422439875 1.86084687077183 -1.752646977826155e-06
0.5875364258842354 1.904746310580756 0.08707047196522066
0.4447640614238266 1.948955197847069 -1.752646977826142e-06
0.5847597201886259 1.905938097813543 -0.08522225330500853
0.7331147371932317 1.868692016444923 0.001983616708163403
0.584825930934991 1.896901164907662 0.0850851026100794
0.5719758964645151 1.853358250065927 0.253285307543031
0.7197248352157641 1.825441175972842 0.1698233756951698
0.7332528599865444 1.867739457541657 -0.001682461088837079
0.855921184295796 1.792600775489057 -0.08184531812159232
0.8247605967883026 1.760614794087154 -0.2433745921489875
0.7082725392594215 1.832072131337818 -0.1668790843241782
0.7334677938658619 1.868140473163999 0.00183613154340177
0.7193717785431339 1.825992719253766 0.1699708608599314
0.8499582240440909 1.746988789664437 0.246920500688328
0.864282633680064 1.787844988604262 0.08293614471985984
0.7330438014454427 1.86856165677584 -0.001895098242418041
0.7084815978005232 1.831249932103635 -0.1666664471705973
0.5642076471632831 1.858577866900375 -0.2482044300869777
0.5821201609871706 1.898223311809533 -0.08332890770956836
0.4450407030438921 1.949848095964531 -1.889853902037908e-07
0.297500778072097 1.969945216768349 0.08755195338066309
0.149459022304112 1.994399865963245 -1.889853902038747e-07
0.29747927424685 1.97364602729977 -0.06365704584602926
0.4469301236510934 1.956932649676945 0.001977508602877658
0.5853703636569685 1.896768858750879 0.08509121071536516
0.5714314637425376 1.85349055622271 0.2532791994377452
0.4367331672203089 1.911997547636025 0.1725215601348544
0.4464264261066372 1.957133188032391 0.002009930399888031
0.437236864764765 1.91179700928058 0.172489138337844
0.290942615588764 1.916948135964046 0.2546145090782337
0.2961150550093518 1.962660124700489 0.08554183399538481
0.4469869034492838 1.956949385028612 -0.00190262543605121
0.5825368781631686 1.897943910632 -0.0833213805159352
0.5637909299872852 1.858857268077909 -0.2482119572806108
0.4344369017087157 1.921512175775643 -0.1468529597361455
0.445728237886671 1.953307632858633 -0.0007062929502472677
0.4356955672713285 1.925153927945622 -0.1480492922219494
0.2933944595057508 1.945443093519391 -0.1871787972658038
0.296791739404071 1.970186490405668 -0.06295094188117221
0.1494601871728514 1.993508532311962 -2.568840855368711e-06
1.869210326648909e-15 1.99325974093968 0.08707128815890339
-0.1494601871728459 1.993508532311962 -2.568840855368711e-06
-0.00522066824625517 1.99374913876948 -0.08421180842600831
0.1496644587852076 2.001780280718931 -0.001888114822558518
-0.005424939858611331 1.985477390362512 -0.08232626244430521
-0.01531854275964322 1.943975538572037 -0.2454525273328541
0.1430825281847618 1.965046330415398 -0.1460384559724583
0.1497429670177897 2.001715864146169 0.001975578668182624
-0.0002827798449363965 1.985052409105474 0.08509314064986551
0.0002827798449382804 1.939566826881064 0.2532772695025245
0.1473774913735569 1.955696921339748 0.1725523132007915
0.150290178603553 2.001798449269839 0.0020189559830748
0.2966696217726559 1.962546633461755 0.08553280841219797
0.2903880488254598 1.91706162720278 0.2546235346614205
0.1468302797877936 1.955614336216077 0.1725089358858991
0.1498162938904164 1.997877427243274 -0.0007017886835932342
0.1429306930795531 1.968949183891054 -0.1472247821114235
0.2930641962492762 1.945461117905319 -0.1871742929991498
0.2971220026605456 1.97016846601974 -0.06295544614782628
-0.1494585838628684 1.994396957095695 -1.954121216932012e-07
-0.2986154213643874 1.97036811529716 0.08421439661300845
-0.4450402646026486 1.949845187096983 -1.954121216932642e-07
-0.2974288238603881 1.973311310855886 -0.06626282123685576
-0.1497003319304943 2.00148951692094 -0.001812797940321729
-0.004980523488606721 1.985768154160503 -0.08240157932654198
-0.01576295912964784 1.943684774774046 -0.2453772104506173
-0.1532820163282631 1.963823026123898 -0.1484871967976273
-0.1497351601460097 2.00178408972894 0.001987808342241546
0.0002749729731656434 1.984984183522703 0.08508091097580647
-0.0002749729731637754 1.939635052463834 0.2532894991765834
-0.1486389459132818 1.956755557650872 0.1692344087612825
-0.1502169931480407 2.001206392993304 0.001788561520656185
-0.1481571129112507 1.957333254386508 0.1694336555828679
-0.2941399496007975 1.921109682699565 0.2453584056919399
-0.2978570120792152 1.963558679399551 0.0824256396802306
-0.1498714526791902 1.998321379955749 -0.0008158258701227166
-0.1531108955795672 1.966991163089089 -0.1494841688678262
-0.2926681369054333 1.942911433911037 -0.1946504463558529
-0.2970159550440664 1.969386887995832 -0.06544719077885471
-0.4447266262665196 1.948833836047844 1.131226382313319e-06
-0.587573861041549 1.904867672380039 0.08706758809152633
-0.7303668070866812 1.860725508972606 1.131226382313326e-06
-0.5909004495508263 1.903647671999012 -0.08809354691987839
-0.4469662148670484 1.957014793561562 0.001993440571425584
-0.5853342724410204 1.896686714866322 0.08507527874648309
-0.5714675549586479 1.853572700107828 0.2532951314053912
-0.4378558872620971 1.912918572139216 0.1691491244998695
-0.4471892132615247 1.957571525080909 -0.002150180918709438
-0.5884378625558213 1.894909982965947 -0.0859422347747866
-0.581252993853194 1.84946054365236 -0.2562082169144506
-0.4401517505188376 1.917709705972102 -0.1522183572149712
-0.4463189802874408 1.956490100141404 0.00176335527666792
-0.2973367056795952 1.963723202252739 0.08245084592421878
-0.2946602560004174 1.920945159846377 0.2453331994479516
-0.4385031218417046 1.913443265559374 0.1693792097946271
-0.4457841246541553 1.953560534873396 -0.000792593666683745
-0.441556839126207 1.921720696179615 -0.153575944466997
-0.2929991281406183 1.942702358827396 -0.1946272141524139
-0.2966849638088814 1.969595963079473 -0.06547042298229372
-0.7303066022890266 1.860967874714673 -2.157657353444008e-06
-0.8660808044400981 1.795343071481633 0.08649751065786623
-0.999624553556237 1.731271184995141 -2.15765735344399e-06
-0.8678487530680079 1.794963604462613 -0.08402491752928666
-0.7331097791623342 1.868665577609266 0.001978824307930319
-0.5848308889658961 1.896927603743379 0.08508989500997835
-0.5719709384337721 1.85333181123077 0.2532805151418959
-0.7181707663162797 1.825414816185988 0.1715139044025667
-0.7331631581090546 1.868803182203295 -0.00203579490166075
-0.588104098528453 1.895569998768323 -0.08605662079183535
-0.5815867578805625 1.848800527849984 -0.2560938308974018
-0.7233533789659343 1.823798128938923 -0.1699704970385396
-0.7335813711865151 1.868400743734944 0.001947439639478643
-0.8628060355426096 1.787910202461362 0.08454791336103422
-0.8452550498239091 1.746632193864475 0.2517000676037552
-0.717699174292099 1.825679650060311 0.1715452890710184
-0.7334199017066458 1.868030399938848 -0.001788982457578761
-0.7230966353683431 1.824570911203369 -0.1702173094826216
-0.8514405177050798 1.747393119688178 -0.2448484889936844
-0.8647354536503886 1.787901079238437 -0.08223809272906135
-0.9994450392144998 1.73123682959554 -8.666253489471048e-07
-1.122891694101084 1.646979623294204 0.08706958594339696
-1.246424642931967 1.562848986962722 -8.666253489470927e-07
-1.122793122182643 1.64723130649957 -0.08620140866224633
-1.003911884937826 1.738281668562451 0.001983398498494716
-1.118424848377759 1.639934784327292 0.08508532081955338
-1.092391887515783 1.602737802871203 0.2532850893328366
-0.9817066333751122 1.698280783289781 0.1714422062659619
-1.003867927486485 1.73819772251619 -0.001931830173320367
-1.118370233910658 1.64027041357892 -0.08427044511427491
-1.092561588215003 1.604145060105466 -0.2508924648774803
-0.9836392072248668 1.698698229030948 -0.1681178927298808
-1.00337114968437 1.738399407839439 0.001926345492536689
-0.982247368628568 1.698163044012793 0.1714992592719199
-0.8457268770545533 1.746327547688502 0.2516789734568132
-0.8623342083119654 1.788214848637335 0.08456900750797613
-1.003155741088699 1.737969810049316 -0.001743739862066273
-0.8643175655355458 1.788264979408438 -0.08228333532457376
-0.8518584058199224 1.747029219518176 -0.244803246398172
-0.9843513936226527 1.698926141497822 -0.1683059830411349
-1.246421268673424 1.563061222869062 1.806960864318766e-06
-1.358342580182531 1.458955702797667 -0.08582210114063001
-1.465545408615609 1.359743733474841 1.806960864318766e-06
-1.358236692325411 1.45956286795788 0.0836535765977201
-1.251361998598247 1.56960257296388 0.001987760169354843
-1.117954338434805 1.640226037293046 0.08508095914869315
-1.092862397458737 1.602446549905448 0.2532894510036968
-1.226232271463274 1.532348732882097 0.1687088768703283
-1.251244881907601 1.569427036146768 -0.001916861905378527
-1.117972883207009 1.640653257315525 -0.08428541338221678
-1.092958938918652 1.603762216368862 -0.2508774966095385
-1.22616648263743 1.532056464599841 -0.17009433161635
-1.251393893499524 1.56880133571841 0.001761042063916701
-1.226200376561997 1.533149970127567 0.1689355949757665
-1.328568873978094 1.419545702013358 0.2438098087048752
-1.353264067499311 1.453822755108532 0.08189434149466772
-1.251683756464656 1.569120525584082 -0.00191890196304324
-1.3530800923913 1.452896400082647 -0.08390139221672246
-1.327674350016159 1.416449097987154 -0.2498430925036539
-1.225727608080376 1.532362975162528 -0.1700922915586853
-1.465303572180226 1.359707360080457 5.126073569302115e-16
-1.558490474666437 1.242854680373193 0.08706871931807912
-1.651677377152563 1.126002000665862 5.126073569302201e-16
-1.558490474666352 1.242854680373125 -0.0870687193186913
-1.471748303063115 1.365190019742131 0.001997961791651496
-1.552045743783548 1.237372020711519 0.08507075752642815
-1.516345131610307 1.209588049104671 0.2532996526260787
-1.440354356865554 1.333077414063057 0.1685556673546554
-1.471708878594555 1.36516549170749 -0.001989770823057682
-1.552085168252023 1.237396548746093 -0.08507894849563309
-1.516305707140998 1.209563521069432 -0.2532914616591329
-1.440206389515917 1.332148473041609 -0.1707118477034076
-1.47080496018586 1.365007660121011 0.001715717829095376
-1.441297699742809 1.333259773684176 0.1688379113172116
-1.328855800722245 1.41906951581018 0.2437644844700539
-1.35297714075516 1.45429894131171 0.08193966572948908
-1.47107782133324 1.365285685588623 -0.001862485436034614
-1.440837446777233 1.332028279160476 -0.1708391330904308
-1.327944274942558 1.415931747385916 -0.2497866759766453
-1.352810167464901 1.453413750683886 -0.08395780874373111
-1.650637797931678 1.12557793556518 4.771161663939127e-05
-1.713223242930653 1.012239635836945 -0.1098651987436122
-1.800097985104526 0.8667052976730536 4.771161663939111e-05
-1.729052476222912 0.9937212113672006 0.08824027721154019
-1.658332535656781 1.130940545979651 0.001966656933629375
-1.55183531616222 1.237916135059404 0.0851020623844503
-1.516555559231635 1.209043934756786 0.2532683477680566
-1.622565167807887 1.101246170839605 0.1733824469488429
-1.657981181055139 1.130597085536649 -0.001875178963525947
-1.601950303844799 1.117321500063021 -0.1943391758104382
-1.516204204629244 1.208700474313186 -0.2531768697996012
-1.552186670763778 1.238259595502339 -0.08519354035516494
-1.662482843793475 1.132902845246388 -0.004054696255600661
-1.701378197068856 1.004914726155736 -0.1057627908713721
-1.617922081063818 1.002953321622412 -0.314727104234328
-1.597448641106463 1.115015740353281 -0.1921596585183633
-1.658977844168346 1.130707568816803 0.002102156128059721
-1.621919859296321 1.101479148002453 0.1732469477544124
-1.684038655654731 0.9590823907484184 0.256685820939577
-1.720712429986243 0.9885915781155776 0.08618583270011983
-1.800874012174495 0.8673499974743637 3.130565912669149e-06
-1.855699977439318 0.7283085720934969 0.08706558875213481
-1.910081887941938 0.5890928680610574 3.130565912669149e-06
-1.85722274921633 0.7231028933954059 -0.08972748819402146
-1.808660396862906 0.8707068355683857 0.001979812139440708
-1.847913592750907 0.7249517339994747 0.08508890717860676
-1.805411427453032 0.7088726779239135 0.253281502973781
-1.768391778222292 0.8475001295849046 0.173170335249742
-1.808512932763316 0.870736226539949 -0.002083881929919063
-1.751748063673711 0.8588745102296269 -0.1980904977130787
-1.807128188993286 0.6923952165909969 -0.2605220046758761
-1.849583828627509 0.7197166643298205 -0.08764047569818972
-1.812935947162186 0.8738525555492318 -0.004343405665352774
-1.700385280872993 1.005092377960766 -0.10547408146162
-1.618914997259681 1.002775669817382 -0.3150158136440801
-1.747325049274842 0.8557581812203441 -0.195830973977645
-1.808548033646965 0.8712398959197994 0.002040026026852242
-1.720602427680473 0.9891866131204546 0.08624796280132727
-1.684148657960502 0.9584873557435414 0.2566236908383695
-1.768504141438233 0.8469670692334909 0.1731101213623304
-1.910365874768218 0.5893323789845445 4.584968575387878e-07
-1.94417975617794 0.4409656867896096 -0.08477273476011489
-1.976881915646194 0.2979065625150875 4.584968575387878e-07
-1.944029666725407 0.4420586250196532 0.08421374270402965
-1.918112656373713 0.5919493200729686 0.001987808342241555
-1.847669209007544 0.7254521200815857 0.08508091097580603
-1.805655811196395 0.7083722918418027 0.2532894991765818
-1.875796285891546 0.5765189870899896 0.1692344087612825
-1.91845550487646 0.5920515270617169 -0.002145641573923065
-1.848849132281808 0.7201442343947463 -0.08757871605418575
-1.807862885338987 0.6919676465260711 -0.2605837643198801
-1.876281177090588 0.5698031538456155 -0.172177264103144
-1.917750927010368 0.5912897380629772 0.001788561520656192
-1.876158015254891 0.5771785690999809 0.1694336555828677
-1.895771962385455 0.4280530218867505 0.2453584056919411
-1.936644614483257 0.4401012659412203 0.08242563968023096
-1.917861862800599 0.5913160694508841 -0.00183290094422732
-1.876874819166449 0.5705386114564484 -0.1724900047328398
-1.895772257716913 0.4247033445912922 -0.2469172700891406
-1.936683768145559 0.4389819963232698 -0.08293937531903009
-1.977736761540372 0.2980901610005319 1.90110066754867e-06
-1.986714525252774 0.1488836713431412 0.08706681821724065
-2.000075109090116 5.628648181915948e-06 1.901100667548539e-06
-1.990231033232103 0.1523421977125891 -0.06210389518826467
-1.985028791831512 0.2989086734293748 0.001993440571425541
-1.979422494961634 0.1480651589142983 0.08507527874648263
-1.934222709654685 0.1452220038820885 0.2532951314053899
-1.940652400475541 0.2912790795332444 0.1691491244998695
-1.984303907156281 0.2993194750771472 0.001763355276667988
-1.93660767521532 0.4406457124575934 0.0824508459242192
-1.895808901653392 0.4275085753703775 0.2453331994479529
-1.941377285150772 0.290868277885472 0.1693792097946271
-1.984862502052022 0.2994993638768491 -0.001882806461171676
-1.936199169772112 0.4393728854278479 -0.08288946980208572
-1.89625685609036 0.4243124554867141 -0.2469671756060849
-1.94874327907165 0.2931278008928071 -0.1448097541501879
-1.980854836136032 0.2984820479188134 -0.0006289066819528176
-1.95275094498764 0.2941451168508428 -0.1460636539294067
-1.962639083194676 0.1567684115411718 -0.1826902916878765
-1.987112958636444 0.1519503107943077 -0.06147308740564433
-1.998800875759684 8.986193891390736e-05 3.342410694865042e-06
-1.98788532699569 -0.1422059191264417 -0.0903878039639492
-1.976462528209942 -0.2979946704134345 3.342410694865057e-06
-1.987542982104824 -0.1533974842426696 0.0876817805008718
-2.007269753124568 0.0002567559915313007 0.001968418630488737
-1.979519881218322 0.1486325439997918 0.08510030068741949
-1.934125323397998 0.144654618796595 0.2532701094644531
-1.96118978165861 -0.004656390901377322 0.172791581568729
-2.00821442789105 -0.0003534577665876727 -0.002263479773463509
-1.978471774864324 -0.14176259942094 -0.08812098177979079
-1.931179804436921 -0.1243657050325443 -0.2624656138654318
-1.967981399736468 0.01122434447698858 -0.1500817093242938
-2.007561143089747 -0.0002970942578878004 0.002061049518308661
-1.978782714774761 -0.1530105280458679 0.08562407339325802
-1.932420795333508 -0.1577739206487464 0.2550202606846192
-1.960898391693432 -0.004102540651958224 0.1726989506809091
-2.003290962649676 9.003868648758577e-05 -0.000655727187432513
-1.972904864977842 0.01078084802391332 -0.1516894619103249
-1.962736862158576 0.156460934661196 -0.1827171121933562
-1.987015179672543 0.1522577876742835 -0.06144626690016465
-1.976654892638327 -0.2978547459949904 2.180571036284384e-07
-1.943414796794622 -0.4435717454016236 0.08706850126094404
-1.910138851760353 -0.5892805624644487 2.180571036284384e-07
-1.942071996203797 -0.4492895395469151 -0.08722796004784251
-1.985704738306081 -0.2989648606420117 -0.002279641564708152
-1.978643116899551 -0.1412357288978644 -0.08810481998854615
-1.931008462401694 -0.1248925755556199 -0.2624817756566765
-1.937399195073277 -0.2916000780697483 -0.1755564689811436
-1.984890712693655 -0.2994495237678395 0.001983350084165657
-1.935178976739294 -0.4419769676287745 0.08508536923388198
-1.891041861109689 -0.4313329701858515 0.2532850409185063
-1.93866356883698 -0.2964306386443369 0.1725531162585175
-1.98491492241926 -0.2994537242298656 -0.002015699952282283
-1.938189010960098 -0.2911112144818944 -0.1758204105935695
-1.886866675038887 -0.44828152529412 -0.2537379819794006
-1.933811966422864 -0.4476905613120398 -0.08521204203845661
-1.984952243887615 -0.2989287828207291 0.001991095441337684
-1.93860203764302 -0.2969513795914474 0.1725453709013455
-1.932150243681119 -0.1583210768592393 0.2549503066076482
-1.979053266427151 -0.152463371835375 0.08569402747022897
-1.911278810459451 -0.5895626255327427 -2.767053318656232e-06
-1.85263949256423 -0.7345937757308054 -0.08274073590431323
-1.802070934692009 -0.8678197549460513 -2.767053318656098e-06
-1.857821641884099 -0.7291412640269994 0.06370282612346523
-1.917534505162295 -0.591760700799995 -0.001742343042083116
-1.846383797861386 -0.7323957004635532 -0.08100115991554876
-1.803563787923027 -0.7298543962294345 -0.2412975592376534
-1.872462788960652 -0.5908748774773168 -0.1681572257573424
-1.91866124261505 -0.5914590735669525 0.002054612061435839
-1.934892405939925 -0.4413932342991197 0.08501410725661172
-1.891328431909058 -0.4319167035155063 0.2533563028957765
-1.88117576534846 -0.5814659782500482 0.1486520230159241
-1.918142115194969 -0.5914109527932985 -0.001953095083490647
-1.934068732769181 -0.4471591492180653 -0.08527464690724822
-1.88660990869257 -0.4488129373880945 -0.2536753771106089
-1.871855178927978 -0.5912246254840133 -0.1679464737159348
-1.914422912958782 -0.5906181807985752 0.0006984012522682108
-1.885414095004728 -0.5823068710184255 0.1500082338250917
-1.831399748063318 -0.718593020820982 0.1872921580656327
-1.854677539384767 -0.7280857087611668 0.0630016578178783
-1.801600578047543 -0.8675728201131728 -5.686233039609078e-06
-1.729538275396493 -0.9898465823181513 0.08700858689474569
-1.652140390874696 -1.126445458005301 -5.686233039609078e-06
-1.727789590453502 -0.9975397851513528 -0.07266860453881946
-1.808055111243598 -0.8704384453066838 -0.001684405009652729
-1.84665531601264 -0.731975085370173 -0.08105909794797915
-1.803292269771773 -0.7302750113228147 -0.241239621205223
-1.770394616131221 -0.8609495058671182 -0.1535053929155609
-1.808630672343934 -0.8713412297826472 0.002004623663007192
-1.722508181100102 -0.9860781726486767 0.08499827699869887
-1.691261283714634 -0.9502960162622449 0.253114639298415
-1.777942510720586 -0.8466554205643219 0.1484734459965738
-1.806342718421284 -0.870073413153561 -0.001118018279218648
-1.772107008953535 -0.8613145380202408 -0.1540717796459949
-1.695685809567369 -0.9787673756338129 -0.2129218508141368
-1.72304745007976 -0.9950391921109643 -0.07155627249264032
-1.805139529072482 -0.869201242487198 0.000705443448450586
-1.781433653992038 -0.8487954078597711 0.1497726262111304
-1.83132423994446 -0.7189189530962962 0.187299200261815
-1.854753047503626 -0.7277597764858528 0.06299461562169602
-1.651519367634612 -1.125875992280091 5.690220565903329e-06
-1.558872882471666 -1.241368550777316 -0.09163986829620006
-1.465145562662276 -1.359581351694686 5.690220565903329e-06
-1.558648484184406 -1.242980688758949 0.08706302909748188
-1.65926077697936 -1.131715879348613 -0.002377273520248248
-1.551131473126917 -1.235528663708795 -0.08925690455538596
-1.514319773526871 -1.201977526383901 -0.2659297987484476
-1.623965444984469 -1.104210751819696 -0.1618144640663246
-1.658329754134426 -1.13093777376515 0.001965949272317513
-1.551838097684593 -1.237918907273891 0.08510277004573032
-1.51655277770932 -1.209041162542316 0.2532676401066586
-1.624974882646372 -1.098487711103705 0.1721935471128455
-1.658864424926494 -1.130623714520265 0.002037993195849429
-1.624440211854303 -1.09880177034859 0.1721215031893135
-1.690955223470042 -0.9507058631077344 0.2531480088312573
-1.722814241344694 -0.9856683258031872 0.08496490746585666
-1.65643537085094 -1.129179791362682 -0.001075658466658848
-1.626790851112889 -1.106746839805626 -0.1631160791199139
-1.695238649169872 -0.9790011159508061 -0.2128794910015769
-1.723494610477257 -0.9948054517939711 -0.07159863230520019
-1.465446496998798 -1.359637132104579 -4.374653996304494e-06
-1.357397176515314 -1.459344586976042 0.08867321974882475
-1.246322357056615 -1.5629546214988 -4.374653996304431e-06
-1.354961493381676 -1.462672280364806 -0.08421020538161533
-1.472411620927394 -1.365740144126351 -0.002353882335702044
-1.551606824206548 -1.235209758345651 -0.08928029573993218
-1.51384442244724 -1.202296431747045 -0.2659064075639014
-1.436041962630778 -1.3336052842908 -0.1734636500239014
-1.4716414692458 -1.365123319306669 0.00197562103562208
-1.438921034685893 -1.332085083985682 0.1735916891824571
-1.51623829779303 -1.209521348669241 0.2532773118699632
-1.552152577600883 -1.237438721146966 0.08509309828242577
-1.470870614927718 -1.365074730990979 -0.001766603358563532
-1.437582968630454 -1.334270697426172 -0.1740509290010399
-1.318511970351298 -1.427659830464633 -0.2453374765060623
-1.349537375452756 -1.457234681478406 -0.0824479766770481
-1.471468877689132 -1.365694553940416 0.002080033642155275
-1.439093626242561 -1.331513849351936 0.1734872765759239
-1.323207773449404 -1.415004452175292 0.2576904109667726
-1.35137479582498 -1.453287165140206 0.08658881145267321
-1.246409441046475 -1.562826689891867 -4.41853263866472e-06
-1.122107506939453 -1.648022394553741 -0.08481060879005349
-0.9994298373290097 -1.731214532524685 -4.41853263866472e-06
-1.118754417738697 -1.649389682748223 0.08908814050212099
-1.251592455229844 -1.569932316822203 0.002159782037155627
-1.113571403555328 -1.642284055817887 0.08692393993232669
-1.079539748871394 -1.608084996026725 0.2588806019446382
-1.220173183148719 -1.533276367503138 0.1756687173334799
-1.25114782998396 -1.56931574931273 -0.00184130467276857
-1.117369118001967 -1.641533335132876 -0.08297372264992349
-1.091577232209084 -1.607108654016274 -0.2470431023022771
-1.222278237809683 -1.536778887443308 -0.1670822131138678
-1.251402498478484 -1.568826333893798 -0.0017709691155665
-1.349881351959807 -1.456800567969809 -0.08244361092004515
-1.318167993844247 -1.42809394397323 -0.2453418422630653
-1.22202356931516 -1.537268302862241 -0.16715254867107
-1.251937568160173 -1.569432693174533 0.002101814261068632
-1.351781965411756 -1.452866515300309 0.08656703083375984
-1.322800603862629 -1.415425102015189 0.2577121915856859
-1.21982807021839 -1.533775991150808 0.1757266851095669
-1.000212073731905 -1.732491183210803 -1.483725131545862e-05
-0.864136922085985 -1.795178633136885 -0.08439294738180972
-0.7308941224646982 -1.862187872930334 -1.483725131545862e-05
-0.8632493344470641 -1.800280798885024 0.05435481996767946
-1.003231384125678 -1.738155602063941 -0.001803062146406592
-0.8611176116922121 -1.789514214283747 -0.0826047224867186
-0.8424834267367394 -1.751148239964883 -0.2458994812760646
-0.9806642532340867 -1.70122079836282 -0.1673006604575615
-1.004352984288629 -1.738864066203831 0.002185916377980368
-1.113831270779077 -1.641740149069078 0.08689780559150198
-1.079279881647646 -1.608628902775534 0.258906736285463
-0.9771519685600364 -1.711655501932541 0.1411594757635943
-1.003682206751274 -1.737929643626553 -0.001818454034827289
-1.117855137517188 -1.641307283451873 -0.08299657328786497
-1.091091212693864 -1.607334705697279 -0.2470202516643358
-0.9802134306084904 -1.701446756800208 -0.1672852685691409
-1.001109723833435 -1.734091666833557 0.0004142429815012841
-0.9803952290152312 -1.716427901302814 0.1429311491600734
-0.848457710806157 -1.784641811963229 0.1603103619632512
-0.8623516843455344 -1.798680315262269 0.05392573973486275
-0.7303986615768894 -1.860828778693415 -1.369753681499746e-06
-0.587542006551365 -1.904764402659196 0.08707008907172921
-0.4447584807567292 -1.948937105768656 -1.369753681499746e-06
-0.5880237068016615 -1.904873353562273 -0.08566380297701265
-0.7334162345200617 -1.868041440229439 -0.001793054197639313
-0.8616148100306213 -1.78932506583778 -0.08261473043548585
-0.84198622839833 -1.751337388410849 -0.2458894733272973
-0.7171995305621444 -1.827689974901285 -0.1681624267649916
-0.7332105079825179 -1.869237156055082 0.002078289518781305
-0.5847301601457365 -1.896356025297529 0.08499042979926637
-0.5720716672538908 -1.853903389676379 0.2533799803531221
-0.7185569663485907 -1.83613015521072 0.1392155937404306
-0.733037195561334 -1.868468396765472 -0.001885522789863792
-0.7175785695208721 -1.827263018365252 -0.168069958172767
-0.5737582575526747 -1.854846016469348 -0.2493924406697837
-0.5853851728172169 -1.897233735490216 -0.0837796499408303
-0.7315025705412727 -1.863712599754216 0.0003740186046007666
-0.720264903789836 -1.841654711511587 0.1409198646546113
-0.848168508781202 -1.784566055164355 0.1602701375863506
-0.8626408863704895 -1.798756072061142 0.05396596411176331
-0.4448822901111857 -1.948797094827985 7.50347569582399e-06
-0.2944015534281902 -1.970832608776967 -0.09111502401017048
-0.1493006093714063 -1.9933488648267 7.503475695823966e-06
-0.2955853959254146 -1.971896721241094 0.0842066977251902
-0.4465430035004894 -1.957925225927055 -0.002317274367997832
-0.2927408400388866 -1.961704477677897 -0.08879024616647679
-0.280814283112835 -1.913475655969275 -0.2644626283242144
-0.4344381645334585 -1.910753696853944 -0.174423357496273
-0.4469533713954788 -1.956985652444618 0.001987808342241511
-0.5853471159126155 -1.896715855983234 0.08508091097580613
-0.5714547114870119 -1.853543558990674 0.2532894991765823
-0.434728491079454 -1.913634496888987 0.1692344087612814
-0.4468154329736809 -1.95658007913199 -0.001858345264646378
-0.5859667545847099 -1.897230380198939 -0.0838068274660478
-0.5731766757851817 -1.854849371760626 -0.2493652631445663
-0.434165735060267 -1.912098843649009 -0.1748822865996245
-0.4463226657797387 -1.956575643924603 0.001788561520656051
-0.4353591966951941 -1.914044505409002 0.1694336555828668
-0.2851848826527773 -1.922459441865941 0.2453584056919379
-0.2941450202568615 -1.964118172144476 0.08242563968022987
-0.1494601871728636 -1.993116421436643 7.941535714788906e-06
0.00336457231912429 -1.992543680601223 -0.09311100758130153
0.1494601871728328 -1.993116421436645 7.941535714788906e-06
-1.569973809700457e-14 -1.993651851814998 0.08706077778233312
-0.1503077949079179 -2.00222707621817 -0.002234943249905724
-0.1401185936567438 -1.951988973453055 -0.1818692041438589
-0.2801607552600429 -1.913225736261674 -0.2643802972061223
-0.2933943678916787 -1.961954397385497 -0.0888725772845689
-0.1497314767688544 -2.001815721867551 0.001993440571435883
0.0002712895959750577 -1.984952551384091 0.08507527874661212
-0.0002712895960065598 -1.939666684602447 0.2532951314057774
-0.1454394686437461 -1.956993255636191 0.1691491244999976
-0.1497584954265332 -2.002927936728727 -0.002470948994913231
-0.1406678931381285 -1.951288112942499 -0.1816331983988515
0.009689774445772542 -1.93094522686724 -0.2699317783263144
0.003662880572793912 -1.982732165309139 -0.09063211705067356
-0.1501953004315193 -2.001123563362446 0.001763355276667306
-0.2946907048653016 -1.964122022705349 0.08245084592421872
-0.2846391980443373 -1.922455591305069 0.2453331994479492
-0.1449756449810811 -1.957685414141296 0.1693792097947661
0.1493175140807897 -1.993461020245471 -1.046755732565108e-06
0.2942304264477546 -1.971522874534075 0.08684597571375759
0.4448991948205698 -1.948909250246761 -1.046755732565108e-06
0.3081824651559915 -1.969610639459577 -0.08559948628298189
0.149737296084207 -2.001765585789006 0.001984502497680667
-0.000277108911389898 -1.985002687462637 0.08508421682036721
0.0002771089113584035 -1.939616548523901 0.2532861933320222
0.1439847230267267 -1.956194853064497 0.1717515601578057
0.1497851296947378 -2.002746835605651 -0.002413817387232427
0.003039629797219345 -1.982913266432216 -0.09068924865835425
0.01031302522134711 -1.930764125744162 -0.2698746467186336
0.1614277648180494 -1.951937605730722 -0.1763819229760873
0.1502491443209136 -2.00158019247734 0.001940159498815375
0.1434728747900201 -1.956380246376164 0.171795903156671
0.280315604823093 -1.919461272739455 0.2526356025663761
0.2932987962076307 -1.963403702302206 0.08490476945920962
0.1502903868564398 -2.001621140838283 -0.001952343754395613
0.1609225076563473 -1.953063300498091 -0.1768433966089242
0.3219957712388117 -1.914927693008255 -0.2492538029389777
0.3072095923803413 -1.961450518866765 -0.08364818928431889
0.4448543336011185 -1.949247853058061 -5.658335317713873e-06
0.5945285821542798 -1.903807394641989 -0.07821988499562842
0.7304945144212832 -1.861139525982824 -5.658335317713873e-06
0.5874461537069184 -1.904453655369805 0.08707437765336593
0.446620819297722 -1.955707408151302 -0.001471053098971047
0.5927620964576764 -1.897347839548749 -0.07675449023197511
0.5947563906480369 -1.858625731474047 -0.2286434780704954
0.4552139991637195 -1.9129905185402 -0.1621676626371729
0.4469237646799005 -1.956918094015881 0.00197466752521286
0.5853767226281364 -1.896783414411986 0.08509405179283532
0.5714251047714382 -1.853476000561938 0.253276358359555
0.4333921872179713 -1.91300955188944 0.1719065634675137
0.4464067727675728 -1.957093519813374 0.001985724631876081
0.2927228485007515 -1.963338604967461 0.08485920432614895
0.2808915525299721 -1.919526370074199 0.2526811676994368
0.433909179130299 -1.912834126091947 0.1718955063608505
0.4463644274647509 -1.956657807041184 -0.001821585457389338
0.3067172325118104 -1.961862082665153 -0.08377894758132509
0.3224881311073427 -1.914516129209866 -0.2491230446419714
0.4554703909966905 -1.912040119650318 -0.1618171302787545
0.7307560470734521 -1.861901156426135 3.974774442249297e-06
0.8635820901457479 -1.795744993413283 0.08468605741470363
1.000073998340664 -1.732204466706605 3.974774442249135e-06
0.8660384425055392 -1.798347356116963 -0.06164748081641359
0.7326762923202659 -1.867476389694746 -0.001433382771348907
0.5923468042552973 -1.897470530930067 -0.07679216055959728
0.5951716828504161 -1.858503040092729 -0.2286058077428733
0.7283468995252045 -1.834753158941105 -0.1382438258116027
0.7331219124045441 -1.86873055686714 0.001990569208397635
0.5848187557236576 -1.896862624485489 0.08507815010965057
0.5719830716759171 -1.853396790488435 0.2532922600427398
0.7162231499399715 -1.82684538129403 0.1696397781480872
0.7334075661376085 -1.868039973058163 0.001800187575617732
0.8609305710815918 -1.789606176781255 0.08288984461352819
0.8397929251808547 -1.751908609724931 0.2466628053167235
0.7159374962069072 -1.827535965103008 0.1698301597808672
0.7320366760557684 -1.864903664550424 -0.0006589503787741173
0.7289865157897018 -1.837325884085427 -0.1390182582041774
0.8544488942214101 -1.774624665769799 -0.1814201864904089
0.8647578135232229 -1.795344847992674 -0.06098455566319717
0.9994178569240303 -1.731196960497983 2.363522798710713e-07
1.122918876391534 -1.647019492391766 0.0870684829658008
1.246397460641499 -1.562809117865166 2.363522798710745e-07
1.121671963087017 -1.647821359256214 -0.08729104970194469
1.003924414939021 -1.738296155638477 0.001986800703012116
1.118412318376544 -1.639920297251272 0.08508191861506863
1.092404417516949 -1.602752289947186 0.2532884915374421
0.9798596934203182 -1.700064934879703 0.16969724739777
1.004200167361489 -1.738618774100609 -0.002065744376268297
1.116889652649558 -1.640399545653589 -0.08522506897339657
1.088842165374428 -1.605263583000275 -0.2539661636589445
0.9824426567683966 -1.707018035256508 -0.146777638258554
1.003239470246374 -1.738159112109382 0.001817158307061775
0.9805446381129642 -1.700201978408797 0.1698668897937203
0.8403068780224089 -1.751724438495681 0.2466797760481675
0.8604166182400375 -1.789790348010506 0.08287287388208416
1.001516277158794 -1.734843187853891 -0.0006233671940120753
0.9851265469710916 -1.710793621503225 -0.1482200154408101
0.854610544057224 -1.774260878792796 -0.1813846033056468
0.8645961636874092 -1.795708634969677 -0.06102013884795928
1.246457933127932 -1.56310073775333 -2.424356219604132e-06
1.358815931180247 -1.459203706437272 -0.08255129603981812
1.46558207307012 -1.359783248359108 -2.424356219604132e-06
1.356612885095477 -1.46052237197973 0.08568913563074654
1.251348801381532 -1.569577449605883 0.001982720001940747
1.117967535651502 -1.64025116065105 0.08508599931614001
1.092849200241991 -1.602421426547409 0.2532844108363708
1.224297466801726 -1.533003187291077 0.1706956705443485
1.251261963902042 -1.568652639845699 -0.001690012652269638
1.354011900406136 -1.453651804344902 -0.08086370774376807
1.33101058060575 -1.419243488886186 -0.2407360282677023
1.225925558427908 -1.534006069873123 -0.1681826921846064
1.251604628024796 -1.569047950414399 0.001887036846267918
1.351466190198613 -1.45457515931866 0.08379967442825906
1.322665910469643 -1.421262134361004 0.2494520569236719
1.224041640158462 -1.53353268648256 0.1707913537000213
1.251412073389748 -1.569686559506694 -0.002018789908488289
1.116657350338767 -1.640943917614687 -0.08527202344117642
1.089074467685219 -1.604719211039176 -0.2539192091911645
1.2257754489402 -1.532972150212129 -0.1678539149283876
1.465439742363796 -1.35981595217822 -3.397493138679623e-06
1.558354304482864 -1.242746088275441 0.08707211681118711
1.651813547336135 -1.126110592763625 -3.397493138679623e-06
1.557607719604262 -1.244774233711474 -0.0831172088981736
1.470724997880111 -1.364941992424785 -0.00165783619621736
1.441850852948846 -1.335493812174418 -0.163793168041364
1.331349474641631 -1.418850330859494 -0.24070385181165
1.353673006370256 -1.454044962371595 -0.08089588419982027
1.471692580472891 -1.365155322394294 0.001986366466175782
1.552101466373769 -1.237406718059367 0.0850823528518727
1.516289409020122 -1.209553351756865 0.2532880573005185
1.438659204280251 -1.333888584287018 0.170639219052717
1.471166707425343 -1.364711396310795 -0.001710903757098259
1.441409143403614 -1.335724408288409 -0.1637401004804832
1.516683152735944 -1.217644913592479 -0.2423045059733186
1.551880754542715 -1.239878789578899 -0.081409702634214
1.471094969267145 -1.365315065778533 0.001870399396706657
1.439256815485998 -1.333728840902779 0.170755186122186
1.323032111769803 -1.420846739119359 0.2494354194741107
1.351099988898453 -1.454990554560305 0.08381631187782025
1.651559550184812 -1.126110109476659 2.996518089110578e-06
1.727297864221908 -0.9944249912107529 -0.0888780912330517
1.801019737357662 -0.8672374715845302 2.996518089110616e-06
1.726826143079477 -0.9962312978407802 0.08609674124166795
1.658391862844501 -1.130999880874541 0.001981686569598205
1.551775988974498 -1.237856800164525 0.08508703274845021
1.516614886419394 -1.209103269651707 0.253283377403941
1.62140930590851 -1.104298771439866 0.1710987522398233
1.659100872642576 -1.130776527454184 -0.00214663261077317
1.719756541764144 -0.989758573233227 -0.08672846210418934
1.681157904588791 -0.9625190156682071 -0.2583112904762811
1.620736460830058 -1.105169527525834 -0.169860946022237
1.657789716837879 -1.130536582474748 -0.001706913718179327
1.551631550102517 -1.240348244000351 -0.08141369267313291
1.516932357176141 -1.217175459171028 -0.2423005159343997
1.622047616634755 -1.105409472505269 -0.1703006649148308
1.658540447920748 -1.130458256215807 0.001913314748193332
1.719845245343542 -0.9918831511016325 0.08418642301156376
1.681724469863987 -0.9690258440992279 0.2505964833662438
1.621260720832263 -1.104840396098601 0.1711671240612282
1.802373925545444 -0.8679386700931839 1.606544998802697e-05
1.854200064068366 -0.7277198994746781 0.08705265386807055
1.911581801312888 -0.5896815406798753 1.60654499880272e-05
1.857495540056729 -0.732479503740231 -0.05314001524907002
1.809139609547634 -0.8716722032776131 -0.002200593520348802
1.719177992031936 -0.9899902595176701 -0.08667450119461374
1.681736454320999 -0.9622873293837642 -0.2583652513858568
1.776383910739252 -0.8546313940658458 -0.1396371890805761
1.808682675679768 -0.8707127629769983 0.001983917326201091
1.847891313934042 -0.7249458065908638 0.08508480199185753
1.805433706269879 -0.708878605332519 0.2532856081605716
1.767617673721308 -0.8508641101657912 0.1710639989482314
1.808248344470959 -0.8710886448387627 0.001903081103380223
1.768052004930117 -0.8504882283040265 0.1711448351710521
1.681972179241348 -0.9685288706143125 0.2505862497214307
1.71959753596618 -0.9923801245865476 0.08419665665637671
1.803714825891782 -0.8685786977839474 -0.0003381516164216149
1.781808694395104 -0.8577248995595116 -0.1414996309845033
1.836626208274707 -0.7312868577238126 -0.156739394734339
1.856154639710391 -0.7318394760494676 -0.05278579818266039
1.911030312315131 -0.5894840325187666 -8.063624248566941e-07
1.94204818316983 -0.4511507425091831 0.07947129132801535
1.977546353193108 -0.2980582160493042 -8.063624248566941e-07
1.942247119586068 -0.4549393320285973 -0.07261775345053466
1.918288759691289 -0.5920439869726849 0.002022756860485036
1.847493105689965 -0.7253574531818685 0.08504596245757354
1.805831914513955 -0.7084669587415142 0.2533244476948555
1.87462098576739 -0.5856460004020317 0.1642447057462605
1.916691302894867 -0.5910489753286599 0.00141480193931499
1.936387192590093 -0.4495857996992897 0.07805568302627551
1.895239940582438 -0.4563295719007381 0.2320092546812045
1.876218442563812 -0.5866410120460568 0.1648526606674306
1.916102366242638 -0.5908449840901322 -0.001118894379012938
1.93717506565856 -0.4535783804572316 -0.0714996654339466
1.901195851481448 -0.4687934423001638 -0.212740503467651
1.886382689563862 -0.5978367119766007 -0.1244386126146331
1.913599423177735 -0.5903590004863043 -0.0004321371884901892
1.888885632628765 -0.5983226955804285 -0.1251253698051558
1.837302929793215 -0.7313242898394782 -0.1568333803064076
1.855477918191883 -0.731802043933802 -0.0526918126105918
1.984279283801401 -0.2994194122277587 0.001617348568798566
1.935315252561536 -0.4497895463307285 0.07785313639679192
1.896311880610995 -0.4561258252692993 0.2322118013106881
1.94505556983406 -0.3196323622336061 0.1454244558059883
1.983321389618326 -0.2992275263277483 -0.001262803406868663
1.936472083160849 -0.4537700217501531 -0.07135575640609086
1.90189883397916 -0.4686018010072423 -0.2128844124955068
1.946562268853145 -0.329373951592298 -0.1387266229205815
1.981371720090062 -0.2985697901236311 0.0007788830628189639
1.984550937383512 -0.167825109508697 0.06709148322992634
1.952106150711365 -0.2040536530114676 0.1990653002799177
1.947963133545399 -0.3204819843377337 0.1462629213119679
1.981382584941475 -0.2985730843774798 -0.0007727484302826682
1.984092308692548 -0.1733167851868176 -0.06691525675412782
1.950581311243365 -0.2204172455226754 -0.1984990037479913
1.948501073529995 -0.3300283935425666 -0.1392166778971676
1.926875419334968 3.422950908565627e-06 0.2775317386172184
1.820424733008671 0.08173183906709697 0.3697329899428337
1.713956159420321 3.422950908617777e-06 0.4620273275666787
1.81893324077994 -0.07975734068273047 0.3711020282416355
1.922041856616198 -6.807067403159702e-05 0.2715877190531984
1.823766803498711 -0.0796858470577903 0.3770460478056556
1.817730318877529 -0.237979771380515 0.375284045362075
1.902324788064519 -0.147761882894077 0.2856709414387689
1.921926856157993 6.473609844633931e-05 0.271473084267412
1.825373296185646 0.08167052591955919 0.3757916442926401
1.821661222561249 0.2438688830657637 0.3708691316002058
1.903103782106272 0.1552021721821504 0.2839906511491204
1.920020997098577 2.781706382717201e-05 0.2700082717136366
1.972602164128684 -0.06842696148806963 0.1618625951281798
1.947790313754546 -0.2035405781763593 0.1979742802029367
1.90434564758214 -0.1478577706319358 0.2872503887783309
1.920275379878594 -1.751415524809776e-05 0.2701403666326824
1.972174039674194 0.07392656059910156 0.1616570792513419
1.946508992214005 0.2199111793461054 0.1975462132242425
1.904755258385671 0.1552844224358448 0.2853233687838502
1.709127163318561 -1.419747297506349e-06 0.4646899277272772
1.565477150483542 -0.0826372883932173 0.4853317995036044
1.430262237680976 -1.419747297438047e-06 0.5047846509904849
1.571068048321128 0.07872330515508107 0.4845511513800977
1.708307988624415 -4.342654812072965e-05 0.4557510146203311
1.699758015999699 -0.1623937817293782 0.4537016295171853
1.816915710800393 -0.2379551272546041 0.3749517519797473
1.824581411575847 -0.07971049118370112 0.3773783411879834
1.708582754071809 6.215194902318286e-05 0.4561526995388318
1.825798138357183 0.08167311006898241 0.375607617970681
1.821236380389712 0.2438662989163405 0.3710531579221651
1.706143972793091 0.1603989346354697 0.4502944701316763
1.707804738738465 -6.240916043861518e-06 0.4551481420969568
1.700261265885648 -0.1624309673614551 0.4543045020405595
1.558389091180668 -0.2476139146051603 0.4942357144286307
1.566799575063638 -0.08263246722447094 0.4948735851339249
1.707638126500261 -4.085188383249752e-06 0.4545900842989179
1.70708860036464 0.1604651717728761 0.4518570853715899
1.574509737227882 0.2358444827675126 0.4912101462425622
1.572557085139428 0.0787259705961668 0.494650994808457
1.424400404285841 -8.575802250904846e-06 0.5046377308400962
1.2951358910653 -0.08153308393083032 0.4455327297220623
1.168127456449841 -8.575802250842084e-06 0.3876017970767593
1.300447973045146 0.08868915646600761 0.4481087524340331
1.429227624739443 -4.276421599536391e-05 0.4935571389745858
1.290308670611699 -0.08149889551708586 0.4566133215875727
1.285233212181936 -0.2455635397200304 0.4603528968942262
1.421992557128727 -0.1641467760734751 0.496683629308258
1.429418572075301 6.884498241200481e-05 0.4927391092651981
1.295429805255685 0.0886117356813447 0.4600073740089312
1.300942211648545 0.2670522011684392 0.467126431491963
1.432706724095743 0.1673883623011499 0.4989156536479329
1.428843631361902 -1.204411196492863e-06 0.4953418457291205
1.566895756802616 -0.08263750372931825 0.4947746047649688
1.55829290944169 -0.247608878100313 0.4943346947975868
1.422376550506268 -0.1641883358782739 0.4948989225537233
1.428865462055043 3.89891587909144e-06 0.4961350645410443
1.433259834116001 0.1674533083676828 0.4955196983720867
1.57460199842025 0.2358524668717748 0.4926604032214811
1.57246482394706 0.07871798649190453 0.4932007378295382
1.163004695627501 3.059315186786893e-06 0.3840217991930754
1.086253518439207 -0.08018351986493474 0.264634544499554
1.010688575792895 3.059315186824196e-06 0.1470132904366622
1.086885276735655 0.07954750341402453 0.2655380828361628
1.172806229597102 -2.086388674431835e-05 0.3774968008414124
1.164993079599089 -0.1615948797876738 0.3815247175575543
1.285084764875596 -0.2455416393907794 0.4613284925243897
1.290457117918039 -0.08152079584633685 0.4556377259574091
1.172429195261896 -1.232830871695341e-05 0.3781071013752694
1.170282211045162 0.1679812871188794 0.3857241971090206
1.30022578267114 0.2669710278773102 0.4695303573653711
1.29614623423309 0.08869290897247371 0.4576034481355231
1.174816493844436 -0.0002546458128049802 0.3758843343753795
1.162982815351756 -0.1613610978616131 0.3831371840235874
1.060626222638825 -0.242370071782724 0.2779588942678089
1.074441720222272 -0.07992581473694298 0.2727720093172498
1.174983180622399 0.0002651257017502366 0.37570914553507
1.167728225684659 0.1677038331084122 0.3881221529492199
1.062949498845603 0.2404968724852141 0.2802607533575507
1.074906791740757 0.07928543702746108 0.2738507364941681
1.008541937173103 5.344260519718867e-06 0.1408662784207164
1.008505416034436 -0.08002819643688172 0.0008989882939845082
1.008541937173102 5.344260519718867e-06 -0.1408662784207125
1.00857802878063 0.07909759727605381 1.21120054028666e-15
1.023695837099436 -0.0004164831416105844 0.1403518510854339
0.9933515161081031 -0.07960636903475143 0.001413415629266927
0.9737974646217894 -0.242129231003011 0.002145595290690269
1.004991120581296 -0.1596066161162245 0.144069215473625
1.02356544247182 0.0003931434609826588 0.1403758458657924
1.0054202727408 0.1579998225656475 0.1441817033127748
0.974338875216027 0.2393631630541171 -0.0004904325549238896
0.9935545234819129 0.07870979807559088 0.0004904325549251467
1.02214385387519 -0.0002094074920351148 0.1399835568353796
1.074798240356912 -0.07997105305771282 0.2716642781008363
1.060269702504186 -0.2423248334619542 0.2790666254842223
1.006543103805541 -0.1598136917657999 0.1444375097236793
1.022024778698113 0.0001924486549426357 0.1400356548496968
1.006960936514507 0.1582005173716875 0.1445218943288705
1.062307216755923 0.2404241954384064 0.2815957714285908
1.075549073830437 0.0793581140742687 0.2725157184231281
1.010795976853824 -5.698278405347327e-05 -0.1469442679658923
1.087401128964895 -0.06941822819579664 -0.2654939310764458
1.163112096688429 -5.698278405351062e-05 -0.383952776722307
1.083886516873996 0.08255592354955912 -0.261449886394628
1.023612934438183 -0.0003993134321830399 -0.1403708256350947
1.006305401460235 -0.1488405313920305 -0.1426541476016809
0.9737145619605373 -0.2421120612935835 0.003155475411590562
0.9934344187693548 -0.07962353874417893 0.0004035355083666195
1.023378835061819 0.0003786274256094228 -0.1404164314837614
0.9937411308919126 0.07872431411096412 -0.0004498469369499273
0.9741522678060274 0.2393486470187439 0.0004498469369511991
1.003812679950348 0.1611632209412468 -0.13980939002028
1.021523632735789 -0.0001218316216845849 -0.140271251561002
1.076673473082929 -0.06935337935816553 -0.2721669474813361
1.066645800116531 -0.2101180247938527 -0.2795838254783626
1.008394703162629 -0.149118013202529 -0.1427537216757736
1.022732702356569 0.0002867123051032721 -0.1397376039219277
1.071949791371251 0.08221222846040237 -0.2686565504385925
1.053172071474137 0.2493368045470701 -0.2698642970126342
1.004458812655599 0.1612551360617529 -0.1404882175821137
1.168148043637049 -2.686265809273175e-16 -0.3875567174248537
1.296341282174165 -0.08044904500910459 -0.446100607839456
1.424420991473047 -3.313953499823999e-16 -0.5045926511881922
1.296341282174163 0.08044904500910295 -0.4461006078394548
1.17273291726606 -1.382157715095643e-05 -0.3776128240074951
1.168084265152586 -0.1497984393611831 -0.3826181384231557
1.288735976612086 -0.2422468121854399 -0.4626992628079312
1.291756408545154 -0.0804352234319539 -0.4560445012568148
1.172771527102127 1.670502282982335e-05 -0.3775519761820635
1.162885562370919 0.1626917244537137 -0.3797872538581283
1.288774586448146 0.2422496956311158 -0.4626384149824968
1.291717798709086 0.08043233998627286 -0.456105349082245
1.174354170262332 -0.0001751147019566706 -0.3762931637555035
1.076159055390991 -0.06930009627789346 -0.2731535440432495
1.067160217808469 -0.2101713078741248 -0.2785972289164493
1.166463012156314 -0.1496371462363774 -0.3839377986751473
1.17474394528706 0.0002485337739236156 -0.3759745504280509
1.160913144185986 0.1624598957026199 -0.381364679612141
1.052867194570023 0.2492986260158904 -0.2690927347623426
1.072254668275365 0.08225040699158201 -0.2694281126888841
1.430262033958468 -1.270163335414994e-06 -0.5047832340693511
1.571699932397189 0.07865656723502265 -0.484457654170442
1.709126959596054 -1.270163335483296e-06 -0.4646885108061458
1.574180609129637 -0.07790025852609921 -0.4840808446430986
1.429310018613641 -4.664487108081391e-05 -0.4932121490364844
1.291452255033572 -0.0804024001380241 -0.4574811099911639
1.289040130123668 -0.2422796354793698 -0.461262654073582
1.431553516222227 -0.1583069332025351 -0.4981755693082715
1.429290288030677 4.617769772312509e-05 -0.4932952314725574
1.291471985616534 0.08040286731137949 -0.4573980275550897
1.289020399540697 0.2422791683060092 -0.4613457365096522
1.429199989145389 0.1590656649632303 -0.4978156734203464
1.428860952324931 6.661124267478597e-06 -0.4960336272917555
1.573101014030726 0.07864863594741976 -0.4932072609480376
1.576429891024127 0.2356527275951105 -0.492221444010116
1.429629324851135 0.1591051815366859 -0.4950772776011483
1.428873603986048 -1.081725228274601e-05 -0.4963308928742626
1.43198993084982 -0.1583427608213332 -0.4950568254704932
1.58363765040964 -0.2333869337813871 -0.4911725369346007
1.575569039102056 -0.07789071143715187 -0.4925331858381871
1.713946559773482 -3.976865452916521e-16 -0.4620162489836563
1.820434332655504 0.08173526201803964 -0.3697440685258596
1.926865819688131 -4.498367233179118e-16 -0.2775206600341963
1.820434332655498 -0.08173526201803166 -0.3697440685258653
1.708595212889635 6.256686986496365e-05 -0.4561703810727338
1.706690862023049 0.1603257358768868 -0.4500150631348782
1.821248839207532 0.2438667138372826 -0.3710708394560618
1.82578567953935 0.08167269514817427 -0.375589936436782
1.708644233233222 -6.408433901109398e-05 -0.4562396209843365
1.825736659195757 -0.08167117767902098 -0.3755206965251849
1.821297859551102 -0.2438682313064023 -0.3711400793676825
1.708842148491363 -0.1595455723091445 -0.4489303431702463
1.707622330089874 -4.959020296979875e-06 -0.4545399765570904
1.70766374482281 0.1603932617670487 -0.4516454676505215
1.576326343151485 0.2356411074505461 -0.4908225165386563
1.573204561903369 0.07866025609198414 -0.4946061884194973
1.70756062725733 8.150190254112633e-06 -0.4543486971314291
1.709925754467255 -0.1596178068384096 -0.4508212670231538
1.583459748043336 -0.2333679663388502 -0.4892850644549725
1.57574694146836 -0.0779096788796888 -0.4944206583178154
1.921956413850445 6.537346833072885e-05 -0.2715013371750079
1.82534373849319 0.08166988854970844 -0.3757633913850478
1.821690780253692 0.2438695204357484 -0.3708973845077959
1.903449144937832 0.1497128333352555 -0.284055162254277
1.921926856157984 -6.473609844716695e-05 -0.2714730842674066
1.825373296185645 -0.08167052591958494 -0.3757916442926549
1.821661222561215 -0.2438688830658383 -0.3708691316002125
1.903103782106732 -0.1552021721809075 -0.2839906511486232
1.920275379878577 1.751415524759926e-05 -0.2701403666326769
1.972174039674468 -0.07392656059781859 -0.1616570792507349
1.946508992215135 -0.2199111793422981 -0.197546213222585
1.904755258386139 -0.1552844224346023 -0.285323368783353
1.920075209601067 -2.500595872823852e-05 -0.2700371149896927
1.972547951626188 0.06842415038295833 -0.1618337518521414
1.947844526257022 0.2035433892814271 -0.1980031234790334
1.905330349187211 0.1498032127623145 -0.2855193844395923
1.277814716891504 -0.2440326191838266 0.4704980185590517
1.154734238874121 -0.3324130036559721 0.3869908332882686
1.0513459104074 -0.2406272696497105 0.2887408867685038
1.172263127583181 -0.1631038999946266 0.3723551915228924
1.286837405249283 -0.2461632449751238 0.4578063839512012
1.271333322477223 -0.4101151695191968 0.4769066401658537
1.120525788534116 -0.5111616781633952 0.4166330759593471
1.145711550516343 -0.3302823778646749 0.3996824678961191
1.283749318598082 -0.2453481615241635 0.471049985885604
1.423962745037231 -0.3243459262381126 0.4889993062830392
1.557193009235377 -0.2474350597092449 0.5032470770344299
1.423476450712581 -0.164362154269342 0.4859865403168803
1.284256074688031 -0.245387897979672 0.4647470750303979
1.273914653038474 -0.4108905165146485 0.4699659490866571
1.428000537602364 -0.4799742227424085 0.5029900453757351
1.423455988947281 -0.3243061897826041 0.4953022171382453
1.281549318559591 -0.2409082644326985 -0.4717711617788594
1.175270923205081 -0.1511369871139246 -0.3735462394522275
1.058352306759702 -0.2086714669965776 -0.288988788139369
1.160683228597389 -0.2880195557832937 -0.3824994362934108
1.28932833418852 -0.2424883067678421 -0.4601462146876799
1.369193292868446 -0.4319357712944711 -0.4987671260188544
1.278643581798199 -0.5556469569058319 -0.4856809677637144
1.22919494921004 -0.4027704116586072 -0.4585417135881357
1.287659861769109 -0.2422585483645898 -0.4730221034446778
1.475351255179205 -0.3256027572496231 -0.4898397575346454
1.582693796682673 -0.2334016742854053 -0.4998132424679183
1.432933784576786 -0.158328020317315 -0.4864161199371758
1.287865817253345 -0.2419935055365907 -0.4752039964762802
1.370655809803621 -0.4324305725257224 -0.4837093442302542
1.549185378556798 -0.50076168276831 -0.4953539626761319
1.475145299694968 -0.3258678000776222 -0.4876578645030429
1.289019618913843 -0.2423711571488622 -0.4621824077243589
1.153212928243136 -0.2865566630671301 -0.3920881903479112
1.129753978618302 -0.4135292229173742 -0.4011518353182845
1.229503664484717 -0.4028875612775871 -0.4565055205514568
1.292931589959222 0.2654590792788495 0.4790578237814358
1.17757640375708 0.1694932357173401 0.3761967306929559
1.053101320773183 0.2387074698762862 0.2921861756138147
1.160318804820755 0.3044728960125293 0.3841315922610022
1.299650375838963 0.2668921688821548 0.4780366184493001
1.433998559905324 0.1675483945874343 0.4880054666905959
1.573863272630926 0.2357573806520233 0.5001746349029719
1.450611282242696 0.3360644316712968 0.4911248139226437
1.301239102422688 0.2672670360295392 0.4664010974486579
1.3388673616917 0.4428979316860269 0.4949373500092284
1.248874240792058 0.5591392187412958 0.4792042060668774
1.221148027451738 0.4104851809077365 0.4562932257431107
1.299725188662505 0.2667664099821647 0.475351299265386
1.340381275451884 0.4433985577334014 0.4859871481925004
1.47506679785693 0.5050949045653469 0.502461337619293
1.450536469419154 0.336190190571287 0.4938101331065578
1.300175857120139 0.2669191128683113 0.4696356258840949
1.222211272754287 0.4108331040689643 0.4530586973076736
1.12301225589943 0.4082547192433437 0.3966295708084507
1.153074537659838 0.3030128624230675 0.393553790158343
1.28100114818815 0.2406973957925867 -0.4722890661025759
1.170659000630914 0.1642440242922427 -0.3701366027380493
1.043121338125094 0.2475144974262676 -0.2803208116364344
1.156572437016791 0.3093200975649832 -0.3825854682439946
1.287564950802445 0.242066540749688 -0.4732312461759444
1.430655437883642 0.1592782925195514 -0.4859301637540543
1.575403777991621 0.235479616612245 -0.5013685578572102
1.429567429987774 0.3070101785832018 -0.4882177464759651
1.289972704544124 0.2426425052563358 -0.4603346758439487
1.147600880660817 0.3073749881012341 -0.3945398585026219
1.133381114026403 0.4389742142706575 -0.4074784900559073
1.275663576171679 0.3730116428096906 -0.4730338880846249
1.288196529188595 0.2421494381723802 -0.4647925566045001
1.277439751527208 0.3735047098936462 -0.4685760073240736
1.423479999809516 0.4432476018739191 -0.5017552446054395
1.428935851601624 0.3069272811605097 -0.4966564360474094
-1.514088596966517 -1.201996124599106 -0.2737902135634154
-1.465956207380931 -1.035760821181387 -0.3873147310396004
-1.329477785936822 -1.023989545850976 -0.4805174917577434
-1.365521545631089 -1.161267928664505 -0.3891388280433074
-1.510186025434146 -1.198779264685337 -0.266740599335804
-1.469858778913302 -1.038977681095156 -0.3943643452672117
-1.557989205030873 -0.8862225853997793 -0.4110823070068008
-1.592731383797088 -1.024215913293142 -0.3009432738317299
-1.507043642891849 -1.19644491159898 -0.2631651013574977
-1.442842742186169 -1.339456804438864 -0.1762049562303052
-1.313252196795582 -1.42247372345194 -0.243183449276797
-1.368024794318302 -1.301046943543176 -0.3166855687670358
-1.507125566980705 -1.196622549252784 -0.2632826654705825
-1.595791842250529 -1.026372628725696 -0.3044012076969513
-1.690869848752126 -0.9761822268056194 -0.2115339727773012
-1.631159651530635 -1.109565728950813 -0.1644615973441896
-1.509947139235051 -1.198935788379867 -0.2667070710047317
-1.369663003362555 -1.164328264883744 -0.396221970601991
-1.25969777738666 -1.261121248285425 -0.417842246795432
-1.365121297975099 -1.298556066762289 -0.3131435991198017
-0.2799474019276668 -1.911618276049242 -0.2690518547661252
-0.1250963033847271 -1.855781199981189 -0.3334949248964602
-0.1055143518960041 -1.720132132363714 -0.4573021764154847
-0.2608125738460247 -1.780640002942163 -0.388616919483723
-0.2791948094398325 -1.903726544676464 -0.2610826089206891
-0.1410845394769542 -1.961488165038266 -0.1851668924292922
0.01010642078459829 -1.920745174771473 -0.2663980842958737
-0.1258488958725614 -1.863672931353967 -0.3414641707418963
-0.2790834812846091 -1.904392210728791 -0.2615306961851325
-0.4361689663616845 -1.919837142094428 -0.1773552896353551
-0.5711734444837643 -1.847111073315207 -0.2468922601088359
-0.4184543984593609 -1.834232839630398 -0.325201691534095
-0.280052537238912 -1.909576843533636 -0.2665055523994932
-0.2607074385347795 -1.78268143545777 -0.391163221850355
-0.396069176855596 -1.712475534568239 -0.4353618730102178
-0.417485342505058 -1.829048206825553 -0.3202268353197343
-1.515369544170574 1.20809946814539 0.2570579584276985
-1.554743349865901 1.046573672075748 0.3192926327861775
-1.460668809456137 0.970495935571474 0.4399516305807593
-1.433773047676145 1.130937786474431 0.3682278287306935
-1.510209427343578 1.204290254729734 0.2509332600492717
-1.446490061132283 1.338375208437994 0.1709220599314626
-1.323663439332772 1.413954081056362 0.241680335855803
-1.394438236330034 1.284367850771306 0.3067517264146054
-1.509783095294606 1.204121967138313 0.2506478413286226
-1.560329798741869 1.050551173082824 0.3257027498852534
-1.676620883206137 0.9543934002927938 0.2539298153057126
-1.629337631744916 1.106168138458078 0.176002953388277
-1.512991794567869 1.20664814575301 0.254009147079502
-1.436150797278849 1.132389108866811 0.3712766400788899
-1.327481816930414 1.214422532687133 0.405530411652106
-1.391655869105743 1.282009959748031 0.303675839384375
0.5708448416451964 1.851244579628251 0.2561925195411504
0.4307576165285243 1.82808217104713 0.3163533541139235
0.4296509783750669 1.710462498313682 0.4328250845697491
0.556419190645807 1.745838839916229 0.3641447965456143
0.5692865613972973 1.845291581485353 0.25063134434432
0.4323158967764235 1.834035169190028 0.3219145293107539
0.2893014107879798 1.908548622871243 0.251934232187798
0.4388780695655491 1.920196522373382 0.1751694152282796
0.569415560945566 1.846090105865877 0.2511097702922008
0.7222851707347131 1.832709320172891 0.1719989129459999
0.8470448318525117 1.740272188745313 0.2448924486022594
0.6982148421338952 1.762884998305362 0.3057490862765744
0.5705117640739646 1.8492436351268 0.2539735425181064
0.6971186390054966 1.759731469044439 0.3028853140506688
0.6680388710159876 1.677055263888953 0.4009937266877933
0.5567522682170389 1.747839784417679 0.3663637735686582
-0.5694074932670029 1.845823641027993 0.2509671740445806
-0.4399159489537421 1.92066763121905 0.17147708186068
-0.29324742888838 1.9137207941867 0.2432353273818988
-0.4202916821545974 1.848399860911429 0.3069195579846106
-0.5692496496429397 1.845667933721367 0.2508448766882737
-0.7208920551071122 1.833078693695392 0.173949542856189
-0.8420621690088957 1.739233150229394 0.2492958138185846
-0.6867286052594578 1.759832676377787 0.3154855280059919
-0.5704127786703659 1.849620308022916 0.2542936718010725
-0.4192863967512344 1.844603193916506 0.3035930602281187
-0.391907300819582 1.75730803275272 0.4051066486801645
-0.5335147707117556 1.758293070553356 0.3628950494153241
-0.5709307782709991 1.850394485028846 0.2552612477705569
-0.6850474766313983 1.755106125070308 0.3110691569237087
-0.6364578129957306 1.663236064741394 0.4204585912797557
-0.5329967711111223 1.757518893547426 0.3619274734458398
-1.926190871923702 0.14429876047945 0.2509288459865297
-1.948684238206524 0.292202322935883 0.1715154099187296
-1.88850194859764 0.4261745303199665 0.2431969993238503
-1.873906389331244 0.2788158372250779 0.3083855985790537
-1.926048100444835 0.144400637257065 0.2508346638294832
-1.969267004611773 -0.004402409361847296 0.1752270272036991
-1.924052182415167 -0.1574740519388573 0.2524921841618294
-1.885874855043423 -0.01057081551312963 0.3193718627814836
-1.931657339987569 0.1445430918774483 0.2559152034270584
-1.880265615500688 -0.01071327013351298 0.3142913231839081
-1.772105663427864 -0.01827708162486099 0.4271029080599789
-1.827024847501243 0.1295005886488814 0.3652908108723038
-1.930149933528927 0.1447366797708598 0.2543221999903615
-1.869947327726019 0.2783779179336681 0.3049922445752221
-1.77689775525939 0.2613390735447372 0.4083894289104558
-1.828532253959886 0.12930700075547 0.3668838143090008
0.959010587180811 -0.2389924957681517 0.006265249320626214
1.019777998022274 -0.1627433513510838 0.139949561443689
1.047034808287453 -0.2393951738766703 0.2835545737642126
0.9842651649114514 -0.317624596607633 0.145064023527667
0.9729568702025141 -0.2426667001944969 0.002243670758712155
0.9703188818897481 -0.3139503921812878 0.1490856020895812
0.9145654082611459 -0.4689389299257719 0.1558016061222162
0.9180612547947509 -0.3894649803790573 -0.004445333610556083
0.971943109394947 -0.2422966977889115 0.002932977280375016
0.9750451381166295 -0.3066236136369616 -0.1527325210548709
0.9159058589626065 -0.4768358477918762 -0.1728241321073631
0.919075015602318 -0.3898349827846427 -0.005134640132218947
0.9586800972417877 -0.2390352597528408 -0.0009619979884499352
1.021339866178985 -0.1519173329327732 -0.1385366742016404
1.053700637100175 -0.2073187050636085 -0.2838008729524957
0.9883081502697887 -0.3098850516730323 -0.1488375457860459
1.319148632713027 1.422276650266121 0.2596863334251232
1.171054697990527 1.448492319711706 0.3276314253197746
1.095709253713804 1.313477295655423 0.4653680388464047
1.248666779603758 1.318836120211117 0.3726350909634249
1.314056683916251 1.416248469041061 0.251143056816158
1.445323611771559 1.338720773182446 0.1713808511218215
1.516914228613846 1.2035406777168 0.2434112101530179
1.394391040569094 1.287798846935121 0.3030678351042516
1.313100756726378 1.414979886248547 0.250162080760393
1.177102573977175 1.45578908372928 0.3371556779845049
1.087518190339164 1.595344724274195 0.2495288740264544
1.228702361222076 1.540759033745302 0.1749368176850935
1.315804986555583 1.418059498355388 0.2533002910656992
1.252010425761201 1.32305327212185 0.3790211333228489
1.332863017091796 1.225939042709473 0.3953211221355381
1.392642737929762 1.285987817620794 0.3009106008547104
0.5942196607006633 -1.855546727363539 -0.2295075951350065
0.6105625094249376 -1.746600570768569 -0.3515668081385733
0.7802231097682507 -1.664805221947962 -0.3729614832630226
0.7451030499975484 -1.769599170570793 -0.264212794613687
0.594943610092982 -1.858865523249029 -0.2330692508051141
0.4567241965246915 -1.827885434524519 -0.3064698334220723
0.4524292638820668 -1.705673168679727 -0.4340005449597484
0.6098385600326188 -1.743281774883079 -0.3480051524684655
0.5928874277299153 -1.851585554866057 -0.2264975147681838
0.4587803788877582 -1.835165402907491 -0.3130415694590024
0.3208755600221923 -1.906525553711994 -0.2466265489812415
0.4570829620818409 -1.92003069514819 -0.1643136259394843
0.5931673048840227 -1.852748797932419 -0.2271600784355813
0.746155405814189 -1.772397100001914 -0.266560311313112
0.8530841325195142 -1.771443148753811 -0.1807488895756917
0.7303512774915979 -1.840507401101415 -0.1396895551188948
0.8240833258524415 1.758753967764807 -0.2459369225868736
0.7084837470123322 1.747178726597573 -0.308769533595025
0.7346079316896059 1.616218407033962 -0.4245696664632818
0.8805434489956372 1.653325348926495 -0.3233565609784151
0.8219336651814583 1.754176210725434 -0.2413751097043934
0.9763446785222324 1.705122435120564 -0.185734525261048
1.075632089473668 1.574186333819821 -0.2899847949138402
0.8826931096666203 1.657903105965867 -0.3279183738608952
0.8217697460940891 1.753528406348853 -0.241033493822225
0.7107973267706845 1.752404288013527 -0.3136729623596737
0.5614258550101714 1.850669279927891 -0.2456506946066342
0.711263389953635 1.839158519076119 -0.1692201826509408
-0.01560920987971362 1.944065361216232 -0.251499576455197
-0.1089938811512706 1.821599725419243 -0.3656538522360123
-0.02009503684945179 1.723673835627229 -0.4587147265792594
0.06979113000578543 1.826651549342642 -0.3628494918166748
-0.01573253205759818 1.939789269067755 -0.2463228185987482
-0.108870558973386 1.82587581756772 -0.3708306100924613
-0.2896815949975148 1.800040507153741 -0.3869278760705886
-0.2001010992393321 1.899284975929538 -0.2790947202478776
-0.01540623145448463 1.939116836114316 -0.2456816199814982
0.06958815158055644 1.831600074444558 -0.3686674482903733
0.2433488109174101 1.814850904504361 -0.3789874661587945
0.1744111699738991 1.906002550144585 -0.2745495113561138
-0.01550473127671549 1.936376050958911 -0.2434528626553527
-0.2003289000202147 1.902698194038382 -0.281964676191273
-0.2922387883038051 1.938770847061092 -0.1937230706307872
-0.1535402441811954 1.971131749939034 -0.1504115445928919
-0.01548488765036477 1.937135120224984 -0.243819409734202
0.1432488730754834 1.971886748762451 -0.1476715735711103
0.2927460162533458 1.942523553033922 -0.186727501539463
0.1744898261697793 1.907984266033917 -0.2764117216034103
0.95971074923689 0.2364307315862621 0.003597770666158781
1.020048398719937 0.1609322540335026 0.1400935000916921
1.049219754550494 0.2376924587765914 0.286024165665769
0.9934729774014289 0.2908588363233406 0.1482063899513991
0.9602797875280391 0.2364176047959655 -0.003254368405446448
1.017685160228337 0.1640942631640252 -0.1361051746778824
1.039945723901399 0.2464976774447978 -0.2742473399168655
0.9828611922426654 0.3110182396161177 -0.1363363197396354
0.9736229863598675 0.2398880181020097 0.0003666860503057791
0.9321088117859433 0.3546575008632356 0.006950686931660902
0.9206915328890303 0.4457437526499579 -0.1402524197538633
0.9695179934108371 0.3075478263100735 -0.1399573741953876
0.9713925348767296 0.2390905251246549 -6.397253512957385e-05
0.934339263269081 0.3554549938405903 0.007381345517096254
0.9481818309370895 0.3955380102858093 0.1619932398105593
0.9817911917615889 0.2881990427849477 0.1518681331526875
1.091347537138412 -1.601120854564899 0.2567848647650344
1.015393668637732 -1.501487172812587 0.3803449523755157
0.8504177050886077 -1.533775834985203 0.4394525446524382
0.928489113473393 -1.631427926862265 0.3164524910486142
1.087761506259296 -1.595607617352567 0.2506342927342459
1.177979379332249 -1.470496871991245 0.3220968155639341
1.317322389843683 -1.414977824357645 0.24689762197722
1.229385160784421 -1.539816996485919 0.1733457886464732
1.087875633688831 -1.595457618601456 0.2506000688393928
0.9319610169229751 -1.637091162825708 0.3226372869742559
0.8364630388869363 -1.744566810679045 0.2441609957460686
0.9843884772484368 -1.707359606225433 0.1723856700958193
1.091465081957299 -1.600584752636203 0.2563603659426755
1.015276123818846 -1.502023274741283 0.3807694511978749
1.102887389819959 -1.368829670276168 0.4364385194219973
1.174275803634247 -1.465519736707609 0.3163707423555048
1.326423041471172 -1.41397137867348 -0.2388280971494212
1.446777286119305 -1.340372764360432 -0.1656689227035928
1.511315010020253 -1.212996557520456 -0.2403756837502089
1.395692529217319 -1.296524286199173 -0.2940396441154183
1.326198890471282 -1.413592589834018 -0.2385647707879911
1.230737248562376 -1.539656968925292 -0.1703539496643176
1.084112668063044 -1.598034392326014 -0.2514191744552347
1.191547479290168 -1.464119151971818 -0.3172474700055309
1.330468350211497 -1.418571738278261 -0.2444283965120101
1.187278019549953 -1.459140003527575 -0.3113838442815121
1.139877546627167 -1.350351751792557 -0.4315952096965213
1.26678643050743 -1.337271756802517 -0.3539014758155997
1.328525107158786 -1.416104295126684 -0.2411914604743982
1.393590463529704 -1.29439136974597 -0.2916762807904416
1.331199655753569 -1.245940489719695 -0.3857204853734678
1.268729673560141 -1.339739199954094 -0.3571384118532116
1.522172134614318 1.20434212627628 -0.242344728625121
1.398839378552064 1.212847177243257 -0.3511320713141096
1.271855660557327 1.333708205181298 -0.3682522025370892
1.382598863474644 1.331987632191151 -0.2655619541445856
1.522734936468055 1.20433574219145 -0.2427378460928362
1.504545377599463 1.074635427056251 -0.3527934131914813
1.589440530490731 0.9211811791280046 -0.3743819110414761
1.609735157396367 1.039117340973211 -0.270475880776563
1.524381715081918 1.205865891043826 -0.2452502323714629
1.502898598985601 1.073105278203876 -0.3502810269128545
1.393753641603287 1.09289763253465 -0.4283314743463825
1.396629798084464 1.211323412475711 -0.3482265675677675
1.520455142850253 1.202758096742195 -0.2404326575938723
1.612014951014169 1.040694986422466 -0.2727810692755269
1.701593697483249 0.9824332442045993 -0.1848136660208278
1.636115842499369 1.111603620970279 -0.1458501999977942
1.520818568399509 1.203137251475486 -0.2406690111771319
1.383952429689453 1.333192506991945 -0.2672376715925747
1.339437137575306 1.443487685402217 -0.1750828559877808
1.451574168595326 1.344414337761301 -0.1422212318754626
0.0003283607165685484 1.939064750458856 0.25852403980814
0.1291676595656511 1.862766287587289 0.3245685259905424
0.09590863950073353 1.725233337544955 0.455688859648739
-0.01643311023549661 1.825468431795736 0.3663369302437357
-0.0001214242918871765 1.930645917850311 0.2503295686370227
0.1296174445741068 1.871185120195834 0.3327629971616599
0.2894366331028711 1.908058133048357 0.2516324564810264
0.1477816955103824 1.964617830370501 0.1755000140662932
8.757107639114238e-06 1.932142510297612 0.251238779892957
-0.1489226759940846 1.964248099817094 0.1712851280449089
-0.2933743865179635 1.914194837268978 0.2435069332298988
-0.1463006861084108 1.895042812428159 0.2993075831257765
-3.092274336301771e-05 1.93418605505193 0.2529808710431373
-0.01607382677556504 1.830347127202662 0.3718800990087385
-0.1436414984329576 1.815759835601588 0.3862753570201314
-0.1462610062574086 1.892999267673841 0.2975654919755963
-0.8389450460309422 -1.744261265890183 -0.243627183484481
-0.7202407129295322 -1.834766097421951 -0.1704247166078079
-0.5710961141440146 -1.847342937412649 -0.247037682234743
-0.6965533219782394 -1.759358741512669 -0.3116203879967993
-0.8390550455822849 -1.744701341172386 -0.2438831507335601
-0.9840926343885411 -1.707667697155317 -0.169316991000066
-1.087212008913813 -1.601113765342169 -0.2449885292334106
-0.9486493033603431 -1.645948865211482 -0.3010594763242786
-0.8410627804661716 -1.749194509796634 -0.2482455688724099
-0.69443558754301 -1.754425497606217 -0.3070020026088704
-0.6672248998822908 -1.654711202130561 -0.4186373750951862
-0.8052548753444346 -1.657804724668427 -0.3553045167865533
-0.8406736104369633 -1.747789613098942 -0.2467597934851954
-0.8056440453736429 -1.659209621366119 -0.3567902921737678
-0.9065412014221564 -1.569511763009294 -0.3954229402824205
-0.9470307385056647 -1.642860593284926 -0.2981828335726433
-1.805659525959828 0.7089931225791132 0.2598018884945378
-1.68991908337989 0.7789910596820639 0.3295201460822072
-1.572160319784414 0.6655648189255645 0.4669204644488821
-1.703596008659712 0.6237378677496357 0.3741903388068062
-1.796789432532627 0.7050265433450378 0.2500087110342541
-1.698789176807091 0.7829576389161392 0.339313323542491
-1.675639026256039 0.9541081608132519 0.253290685011431
-1.777013773142696 0.8513462641637803 0.1764431271892688
-1.798348235419053 0.7058285549041796 0.2511061642229598
-1.883103861668888 0.5790627240276126 0.1714177437149045
-1.888826115971458 0.4261688669591188 0.2433743175599044
-1.81671457781363 0.5467740412343148 0.3043426353991869
-1.801098368434088 0.7068247471616579 0.2536382944184954
-1.708157166185451 0.625906243167091 0.3803539328828486
-1.736915099353188 0.5006380436625316 0.3984880431899123
-1.813964444798595 0.5457778489768366 0.3018105052036512
-1.091982010550464 1.602049364449765 0.2583347834260157
-0.9439193995561893 1.611694337213223 0.324459311621641
-0.8899225225515561 1.478078499825491 0.4566419773232041
-1.041388101600746 1.475520683720636 0.3832379717670766
-1.087619527116773 1.595019696740398 0.2502725890580223
-0.9482818829898798 1.61872400492259 0.3325215059896345
-0.8414952519089998 1.738491702280709 0.2487235261879569
-0.9864789937741214 1.705998889420585 0.1744547065407762
-1.091271918062078 1.600285797381527 0.2559444752940977
-1.042098194089132 1.477284250788874 0.3856282798989947
-1.142034866132247 1.348829678023395 0.4300836124641358
-1.189466515247358 1.458387577464961 0.3123894503425254
-1.087894298773899 1.595776039838742 0.2507679652609351
-1.192844134535537 1.462897335007746 0.3175659603756879
-1.32356888039198 1.413676429192122 0.2415150410675517
-1.231200370148111 1.539019242948803 0.17123036261309
-1.801358405517548 -0.7295662820008104 -0.243738185572379
-1.673252716317619 -0.7331663301434215 -0.3701716794766142
-1.559523235960764 -0.8863073216265375 -0.4120772022760049
-1.688797208499712 -0.8668535646640789 -0.29191227434476
-1.802748695537893 -0.7297127111208399 -0.2454270255855171
-1.783060358830581 -0.587046635928379 -0.3153499528757701
-1.652692105039486 -0.5812252438784092 -0.4411922712375132
-1.671862426297274 -0.733019901023392 -0.368482839463476
-1.795997489677923 -0.7272273870932716 -0.2388433719524684
-1.78981156469055 -0.5895319599559473 -0.3219336065088188
-1.878436000414792 -0.4465356762586282 -0.2510104377840164
-1.880029087205757 -0.5935018866134797 -0.1706114130425275
-1.796360484746381 -0.7272052961708747 -0.2390871218605372
-1.693795129270879 -0.8692145504940147 -0.2965633380566017
-1.690466417364291 -0.9760626926349957 -0.2113357381998849
-1.777326401156613 -0.8640192210190583 -0.1556578922602468
1.510146848887917 -1.204366297424142 0.2509243575357428
1.564787814599478 -1.063276334957574 0.3117835831434957
1.675107847256264 -0.964830496530398 0.2483058353194505
1.627877343439986 -1.109035743667431 0.1734577721080213
1.513669946928531 -1.206954402953455 0.254719280723466
1.561264716558864 -1.06068822942826 0.3079886599557727
1.483408196667756 -1.003357097872303 0.4127228383093482
1.437134915873613 -1.134814238194921 0.3678855027117472
1.509937008073785 -1.204036205659656 0.250705801895414
1.445011605226589 -1.339405730384226 0.1732214744578214
1.317277322029212 -1.415169849637911 0.2469691311384753
1.388515211238196 -1.278557972151734 0.3178393519044804
1.51418767335875 -1.207735338577585 0.2557184362102041
1.384264545953231 -1.274858839233804 0.3128267175896903
1.311111834063718 -1.191163864041197 0.4272757763268049
1.436617189443394 -1.13403330257079 0.3668863472250091
0.5693878330582802 -1.846016301269217 0.2510677122295289
0.7188183885576084 -1.834225870513247 0.1718643259612981
0.8369120328301534 -1.745218704314691 0.2446286391362925
0.6854240973343638 -1.769568210562551 0.3038657402145662
0.5694886383269604 -1.846172223481701 0.2511644892572883
0.4353286536624491 -1.920313328969677 0.1740184325697806
0.279472077997822 -1.912047167196469 0.2505582414905069
0.4213006944252647 -1.848825051312672 0.3054342053616997
0.5704927664151327 -1.849169904512961 0.2538414056285578
0.6843191639775115 -1.766414607318808 0.3010920468155375
0.6404849528008744 -1.693298847691762 0.3968283362332221
0.540407544224671 -1.77010118238599 0.3508975007097607
0.5703200361265672 -1.849297499309181 0.2538997517435995
0.5405802745132365 -1.76997358758977 0.3508391545947191
0.4096132436062738 -1.764338572648405 0.3962533903872619
0.420469296625658 -1.845699775485192 0.3026989428753887
-1.925015249090845 -0.1240064722577263 -0.261954955419136
-1.832143145449092 0.001019423085748079 -0.3701542036459174
-1.83083631918736 0.1735780872179838 -0.371113970362831
-1.912464751736853 0.06902665136078188 -0.2759964048777138
-1.929345198904266 -0.1247888753491726 -0.2672763666834608
-1.840767805819972 -0.2951299526393608 -0.3284584614053858
-1.69644164745263 -0.3097538355822876 -0.4570120426048088
-1.782545040163581 -0.1601250840430973 -0.395787244883423
-1.921816845894708 -0.1238393457663388 -0.2594899941813457
-1.848296158829531 -0.2960794822221946 -0.3362448339075011
-1.878464874418722 -0.4467394319169849 -0.2510101421164956
-1.946590811580263 -0.2926533078590294 -0.1785482504564745
-1.928939923288567 -0.1244154797341391 -0.2668300181786658
-1.782950315779279 -0.1604984796581308 -0.3962335933882182
-1.72400077137309 -0.04690603682161343 -0.4562830698730044
-1.828218471251369 0.0014284305621609 -0.3652791408863877
-1.923498377994688 -0.1240089583143926 -0.2604627706792395
-1.913981622833009 0.06902913741744819 -0.2774885896176105
-1.959978900957718 0.1563741849262724 -0.1823220215931948
-1.975662826178701 0.01086759775883688 -0.1520845525104862
-0.0001087697093573376 -1.930762895081723 0.250417831823222
0.1256922060076409 -1.876476399767266 0.3267998255408678
0.2794178779656706 -1.910793012608943 0.2498115840564413
0.1443706016474425 -1.965048506506676 0.1746199216666059
1.374052715739502e-05 -1.932070019252839 0.251199962558024
-0.14572449876691 -1.964589920985799 0.1712442933477509
-0.2838903442585084 -1.915551084460565 0.2434681158949643
-0.144061178839866 -1.896386595782872 0.297873420221657
0.0002611356296573726 -1.938195735900205 0.2573457325247858
0.1253223006686262 -1.869043558948783 0.3198719248393038
0.09460237665276426 -1.743297166977186 0.444722301178629
-0.01773544945501441 -1.832847513152207 0.3616088757791044
-4.079363833342257e-05 -1.934227648345551 0.2529933545661547
-0.01743352018702361 -1.836815600706862 0.3659612537377357
-0.1465275232583984 -1.819508848447291 0.3829932204333791
-0.1440066446743752 -1.894228966690161 0.2960800282135264
-0.5796913106757774 1.84402522281372 -0.2561485172400061
-0.4610836484314842 1.761465018820881 -0.3794371856705691
-0.2900575394833981 1.799134470180073 -0.386259951226401
-0.3887082535553746 1.868205555743812 -0.2832768196023772
-0.5788948684581005 1.841214810123671 -0.2537410829107147
-0.7260452683883963 1.831383846665236 -0.1723232450252268
-0.8484918846850267 1.740580184226311 -0.2427425534510793
-0.7219103025748548 1.752199254203913 -0.3074915158929189
-0.5814633091422259 1.849354566833361 -0.2631910956848856
-0.4593116499650358 1.75613567480124 -0.3723946072256897
-0.5090944705763275 1.623213909089803 -0.4702946506904128
-0.6056178874407085 1.704423843786494 -0.3777129015070065
-0.5791840233623222 1.842083634527434 -0.2542318338536869
-0.3892155408688298 1.870147144030098 -0.2851935029886964
-0.2923352462571159 1.939336439909983 -0.1940084183436759
-0.4422207210097095 1.925086615097028 -0.154194740275735
-0.5800780151236549 1.844558736717488 -0.2568458860975156
-0.6070031814592796 1.709219673902367 -0.3840581110943764
-0.7270402818357879 1.647728256254162 -0.4042565601659203
-0.7207271559093003 1.748855327610096 -0.3043867127061179
-0.5700954587497402 -1.847843071256635 0.2524734656254206
-0.7470609828232786 -1.77658153645939 0.2559960232814077
-0.8148391540201798 -1.67871308573508 0.343433285557157
-0.6695809070094892 -1.730050431326531 0.3492709566733916
-0.5694335938556737 -1.845931565950039 0.251027962390184
-0.4367496087107922 -1.921246489929623 0.1714959455476799
-0.2837944706371793 -1.915257457345321 0.243296115727125
-0.4143404296924165 -1.849160510991333 0.3074470934756466
-0.5704093188506388 -1.849582953239982 0.2542860630082777
-0.4133647046974513 -1.845509123701391 0.3041889928575529
-0.3835207435194395 -1.757637948741974 0.4061640316965029
-0.5246480738129079 -1.75417696261217 0.3688820606528679
-0.5712438198981639 -1.851505430897425 0.2566339500778117
-0.6684325458610656 -1.726388071685741 0.3451104722210006
-0.6179399121952165 -1.649142883814345 0.4349743879888213
-0.5238135727653829 -1.752254484954726 0.366534173583334
-0.5700047423338139 -1.847606752782182 0.2518715292066204
-0.7471516992392049 -1.776817854933844 0.2565979597002079
-0.8478095213023703 -1.783793974571024 0.1604659573540294
-0.7206238912686675 -1.842426792104918 0.1407240448869324
-1.08805709432447 1.596900821662007 -0.2482370385359826
-0.9484122642795538 1.631328737945624 -0.3188767794465311
-0.8480660983271754 1.740012893541591 -0.2423359103679283
-0.9881437011153997 1.705942467474407 -0.1707733190713786
-1.091443739558957 1.602390250948807 -0.2540362421216381
-0.9450256190450669 1.625839308658824 -0.3130775758608756
-0.8884454366726945 1.521171859639786 -0.4343065086926972
-1.030572502047127 1.505320347278899 -0.3710157361672538
-1.08826366278388 1.597461610093532 -0.2485719723990118
-1.230861758772202 1.538357070875171 -0.1723998558268767
-1.322540199324334 1.410455002274511 -0.2475355282354625
-1.181073791780745 1.47574394777579 -0.3139182351337925
-1.091112818663365 1.601322664583938 -0.2528237063758947
-1.17822463590126 1.471882893285384 -0.3096665011569094
-1.111047673609716 1.39291926320883 -0.4196897778660524
-1.030903422942719 1.506387933643769 -0.3722282719129971
-1.881839064073445 -0.4296632803045997 0.2500878563922458
-1.846485022276832 -0.3169644209544035 0.3358645809564456
-1.922885915450914 -0.1571721279250978 0.2517453767242157
-1.947866365873224 -0.2981003285255889 0.1757503007847781
-1.890578877558776 -0.4313221537015807 0.2588385844423445
-1.837745208791501 -0.3153055475574225 0.3271138529063469
-1.680840533000965 -0.3551695986855716 0.460809009494879
-1.761586040508735 -0.4765748678819327 0.3665083193961275
-1.885768650079284 -0.4305195198019932 0.2530426560246358
-1.766396267988227 -0.4773775017815202 0.3723042478138363
-1.714432210311294 -0.6411789302587351 0.3787895311083639
-1.816659986628813 -0.598929444381176 0.2773286909870255
-1.884213003539077 -0.4300911947803332 0.2515047462251435
-1.888291193718441 -0.5832914869852214 0.1505035796865572
-1.828522649349605 -0.7176084048541862 0.1867968122041672
-1.81821563316902 -0.599357769402836 0.2788666007865177
-1.079302163279167 -1.608541403108529 0.2661446715709905
-1.020744103658613 -1.46895836560995 0.3929515220507297
-0.8690899281363592 -1.455262169238354 0.4731357915367103
-0.9204293050133254 -1.580875101527339 0.3596507994091309
-1.077768041445332 -1.605789316115575 0.261817800285904
-1.022278225492448 -1.471710452602905 0.3972783933358163
-1.116773398843434 -1.349314972659588 0.4400262694094987
-1.174561617947739 -1.458860399050685 0.3224110927170573
-1.075129886598857 -1.602155346343857 0.2570396206293823
-0.9246015816936347 -1.587261158292012 0.3687558503507392
-0.8144898925144468 -1.677623447591427 0.342580311487977
-0.9166193392148172 -1.695467026779665 0.2585382122257801
-1.074303534200421 -1.601031095379086 0.2561213993387799
-1.178026125192649 -1.463618619787174 0.3281074936641814
-1.317219276261326 -1.408870825015219 0.2550109567559146
-1.225409397819692 -1.540330268150777 0.1784279199393382
-1.075703811868656 -1.603168838559372 0.257421346863184
-0.9807280383390259 -1.717115566148703 0.1426448651858732
-0.8481249014823622 -1.783954147117339 0.1605966459374513
-0.9160454139450185 -1.69445353456415 0.2581564859919784
-1.509730664793355 1.204073492678575 -0.2505419346689446
-1.608423843680688 1.121948481697632 -0.1969741109410946
-1.606946878489593 0.9960205802780616 -0.3099126518115968
-1.497298292007043 1.129421013716007 -0.3322475222719003
-1.510059768811304 1.204152191172714 -0.2508104896887848
-1.446452327845611 1.337559802938327 -0.1731928196737558
-1.32232939387418 1.410400223608065 -0.2474329893933203
-1.403014350671783 1.269389030213638 -0.3119252261051019
-1.513520624700879 1.20711967692127 -0.2546834793728677
-1.49350833209952 1.126374829473313 -0.3281059775679773
-1.352904413289927 1.171894328479254 -0.4133709990471361
-1.399553494782209 1.266421544465083 -0.308052236421019
-1.516396624764105 -1.209692496730773 0.2596774825136493
-1.378888186015078 -1.249981395026241 0.329386220287044
-1.291423766577386 -1.119556597909631 0.4659313050597337
-1.433300096629311 -1.105333431196935 0.3778507121986409
-1.509229271572848 -1.203384607896403 0.2500721111731425
-1.386055539206336 -1.256289283860612 0.3389915916275508
-1.31637133878589 -1.408296476768708 0.2543807976634188
-1.445930060906075 -1.338221824758521 0.1767968898792777
-1.51043467847041 -1.204564466650804 0.2511207592120365
-1.631092981885282 -1.102964406995217 0.1743404280074675
-1.684302453439063 -0.9465432264611074 0.2509290840131033
-1.571431785189749 -1.053029181238321 0.3114300854640567
-1.513172714315242 -1.206636311633627 0.2542096914381343
-1.436524007078174 -1.108389616294081 0.3833185032741559
-1.494950181649209 -0.991721716956702 0.409588091548469
-1.568693749344917 -1.050957336255499 0.308341153237959
-1.805147339210166 0.6910674955594346 -0.2637004425954552
-1.66809708309615 0.6143743174235602 -0.407270593339202
-1.685982183284278 0.4447434892761945 -0.4445542365721489
-1.799681958528184 0.520872644490957 -0.3215464605832347
-1.809151024755668 0.6931046575925066 -0.2702797836354647
-1.664093397550648 0.6123371553904882 -0.4006912522991925
-1.504029608156151 0.7042056861536633 -0.4883752233979456
-1.643137313518091 0.800193032949482 -0.3575563923734234
-1.799479547160507 0.6888991330023895 -0.2575813457509396
-1.75939670550649 0.8623705938182342 -0.2010311566380151
-1.606843341028032 0.9961632572194915 -0.3098156309837099
-1.652808791113252 0.804398557539599 -0.3702548302579485
-1.799114157787232 0.6889932813214104 -0.2575481597084633
-1.805715139951117 0.5229468587289812 -0.3276987434702263
-1.88761717224102 0.4224644369974642 -0.2441944061074195
-1.885029904642342 0.5727775190502762 -0.1752128687145606
1.672793370076385 0.9657272602576641 0.2509037703830602
1.628957748959924 1.108791928102145 0.171540485521938
1.516535510509702 1.203335942523918 0.2431719237205709
1.563767117619082 1.068378544398107 0.3092953062761937
1.672705478918787 0.9658037054463107 0.2508753454990167
1.776397237602947 0.8523674768506266 0.1722333377376898
1.804247673238201 0.6993978219495183 0.2446580238101811
1.71075938216667 0.8034208485105158 0.3142257992128999
1.677370540024377 0.9681831695181836 0.2555367690858072
1.593261114001612 0.9063798654953812 0.3646631998263156
1.624100178376431 0.7305469907462274 0.4209150859526158
1.70609432106108 0.8010413844386427 0.3095643756261095
1.676377632259402 0.9679860468159028 0.2545394990602906
1.594254021766588 0.9065769881976619 0.365660469851832
1.476292822973299 1.018350953245504 0.4105910112166504
1.560182855436065 1.066119757839868 0.3056595775989632
1.678764473573448 -0.9609988083535681 -0.2613968993621732
1.532940404426136 -0.9177919105843296 -0.4008893651424051
1.410541521576675 -1.034406537374495 -0.4415309377505943
1.538694184632447 -1.073642757217289 -0.3183099419359115
1.682084559354727 -0.9625194877199659 -0.2665572127386484
1.529620318644858 -0.9162712312179321 -0.3957290517659303
1.503185476361812 -0.7542139402640353 -0.4794423082424064
1.645321107224162 -0.7933395015886699 -0.3606092690330944
1.675058136476319 -0.9586418799634623 -0.2566365357345871
1.652347530102569 -0.7972171093451733 -0.3705299460371555
1.74777940274702 -0.6643567262222857 -0.3376475789890152
1.760702524528963 -0.788093605880393 -0.2553213339204893
1.673613165361312 -0.957753952874042 -0.2555141439015493
1.543845492844583 -1.076887612696815 -0.3241926973965357
1.51069877375336 -1.212650341356299 -0.2399430882522617
1.628281200057536 -1.109934590319999 -0.1726580925969689
1.675817974273088 -0.9590068464861278 -0.2568009385455585
1.759942686732195 -0.7877286393577276 -0.255156931109518
1.836132511882647 -0.731099880319842 -0.157037523797968
1.782302390787163 -0.8579118769634821 -0.1412015019208744
1.820369738299598 -0.2385112038990657 0.3826944640712544
1.690949877063268 -0.3303020103513221 0.4368221268916295
1.562346368565823 -0.2482071768816987 0.5025812990435121
1.696303988500494 -0.1618377050849167 0.4459589174256783
1.816058528548438 -0.2378587950435943 0.3736554966569031
1.695261086814428 -0.3309544192067934 0.4458610943059807
1.688702267798209 -0.5029453219436861 0.4253327023871307
1.809154087518551 -0.4009635334547728 0.3546741430950106
1.819031048013131 -0.2384573272805792 0.3762313089310548
1.806181568053857 -0.400365001217788 0.352098330820859
1.89241006859606 -0.4553365719679865 0.2328090266362691
1.891813509331436 -0.2997532741563972 0.2718732137365534
1.820549450860118 -0.2384272239446249 0.3770984736821766
1.89950565608193 -0.1473144303299671 0.2838565131186674
1.952630305254756 -0.204083918478328 0.2013681558626001
1.890295106484449 -0.2997833774923515 0.2710060489854316
1.824345854525778 0.2443731650513589 0.3777997867012065
1.699423365287688 0.3231750986023579 0.4338338213634963
1.578563838935496 0.2364175860399374 0.4995193902615174
1.703034498657025 0.1598920685004513 0.4435478413526347
1.820093410427496 0.2437493564358864 0.3693492577724605
1.70367580938597 0.3237989072178306 0.4422843502922424
1.6944081646371 0.4876081326186878 0.4245989778150762
1.813757529875272 0.395884017307637 0.3512683406222228
1.823035450814247 0.244347366929591 0.3718523945700077
1.81081548948852 0.3952860068139323 0.3487652038246756
1.896226895711651 0.4496054417760224 0.2280104812758088
1.893407514620902 0.3051983813094045 0.2682666586641771
1.824341037852568 0.2443042122049565 0.3725742683034871
1.900423966814952 0.1547668430429577 0.2822855144458392
1.950840283784724 0.2204287587389925 0.2005840675622535
1.892101927582581 0.3052415360340391 0.2675447849306978
1.824266312150196 0.2443795408002547 -0.3776036259309807
1.712730299782889 0.317441346198264 -0.4274984328672881
1.58031669889391 0.2362214603036801 -0.4989857075292186
1.703673389080384 0.1598129089139147 -0.4434822766599594
1.819489760552365 0.2436328217397868 -0.3685959765123307
1.71750685138072 0.3181880652587319 -0.436506082285938
1.729772601796286 0.4702623127178622 -0.4037145959447768
1.82829561334868 0.3852409209953783 -0.3400954868797731
1.823634780296095 0.2444341018145369 -0.3722295090166161
1.824150593604951 0.3844396409206282 -0.3364619543754879
1.905578983185841 0.4354981085096259 -0.2175896597999523
1.89656040254032 0.2949250490123589 -0.2645756708588105
1.824338034892101 0.2442944700647531 -0.3725715796083736
1.900801890299424 0.1492878837062508 -0.2823809671536995
1.952372985144808 0.2040587183374908 -0.2011415407649263
1.895857147944314 0.2950646807621428 -0.2642336002670529
1.824038354502778 -0.2443726107211524 -0.3770186605974202
1.726874344979451 -0.3111513003994535 -0.4207496101351598
1.587283848970903 -0.2339445802828655 -0.4970545695376176
1.706101653539688 -0.1590411928943944 -0.4430517619405086
1.824304444389421 -0.244563569285684 -0.3726834015543493
1.831270087994114 -0.389347651555272 -0.3263664177331439
1.900182408381692 -0.468218229350137 -0.214588554582381
1.893900697320038 -0.3112859173659265 -0.2631060094524543
1.824253302241992 -0.2443067311804271 -0.3725093888498476
1.900511702425955 -0.1547643240663187 -0.2823503938989881
1.950752548175319 -0.2204312777105817 -0.2005191881069499
1.893951839467467 -0.3115427554711833 -0.2632800221569558
1.819153370211722 -0.2435725395755902 -0.368252071982381
1.731759329270507 -0.3119513715450156 -0.4295161987501989
1.762076544063639 -0.4533518385580256 -0.3821478936898485
1.836421162171814 -0.3903386812653658 -0.3307977473051119
1.797448690777751 -0.7053367484326816 0.250494803415311
1.696490913452703 -0.8135153402188149 0.3256712662615435
1.67442149495803 -0.9646111318527106 0.247876281198991
1.775602689213436 -0.8544059670656285 0.1738548036934919
1.803047518965389 -0.707461956505652 0.2558231011205734
1.692485925524671 -0.6550199344655008 0.3801372757628358
1.693317720497137 -0.5045268635215855 0.4302153510531058
1.800883674476081 -0.5570042677821304 0.3087770854410326
1.797448858774932 -0.7055437043982133 0.2505778253135961
1.806482334666539 -0.558922519889569 0.3140223612480099
1.888454341639836 -0.4544013292014623 0.2298705872211152
1.883004041506414 -0.5885692547453325 0.1669913281275198
1.803850691939018 -0.7081831298665705 0.2570476531595779
1.691682752551043 -0.6542987611045823 0.3789127237238314
1.577622705107935 -0.7511916325479837 0.4434413388669081
1.690088912291436 -0.810668958784926 0.3191184165172766
1.807683296836539 0.7167091160513044 -0.2596744132062103
1.640515976334316 0.7676981043182378 -0.3708172496973809
1.530969394795954 0.6663041977074233 -0.4860994279347472
1.688171841195104 0.6164813755737634 -0.3821717114862042
1.800015588254011 0.7135943550210571 -0.2489976851113956
1.648183684916844 0.7708128653484851 -0.3814939777921958
1.588641564349458 0.9202285044837757 -0.3735533430392497
1.703668081323102 0.8758107238137617 -0.2736798598811191
1.801124857182979 0.7138716415779366 -0.2501829754216518
1.694730280848664 0.6193188500471312 -0.3916631492707628
1.733408671358658 0.4714543660897494 -0.407596320989808
1.819415237901723 0.5418622373145581 -0.2954551086095377
1.797989266334528 0.7127358920091458 -0.2472183415349329
1.885980813505058 0.5838369174990805 -0.1596550648895554
1.901934442156034 0.4347531322379723 -0.2148732184539793
1.822550828750173 0.5429979868833489 -0.2984197424962566
1.798648178813774 0.7129901283350728 -0.2475747026826327
1.705035490763339 0.8764149504997459 -0.275102842309882
1.701707115519542 0.9824539883236413 -0.1848673040888024
1.780021772936717 0.8604904672078251 -0.1484100675841926
1.062043305662111 -0.2434231605672916 0.2780009214139608
1.015214086049457 -0.4013180294256737 0.2959153601324874
0.9156276226141014 -0.469292712190048 0.1542695323338786
0.9692566675367927 -0.3135966099170117 0.1506176758779187
1.057773314280849 -0.2419212473978082 0.2805794080382513
1.148306835000672 -0.3311190259078743 0.3951523120185211
1.117930504049786 -0.5103250301201957 0.4211632318369451
1.019484077430719 -0.402819942595157 0.293336873508197
0.8981892602017901 -0.4607910081272251 0.1559388943141153
0.9344374028541065 -0.397612902177604 -0.004582621802455184
0.9005434717108178 -0.4690579283989148 -0.1733761504371268
0.8562074424078886 -0.5465448811782956 0.01749159005972429
0.9179116331154918 -0.4722254861001041 0.1546151769453878
0.8271306411665063 -0.6127963044228208 0.1896359029446723
0.7346113554532496 -0.6957561024414918 0.06578320415366028
0.836485069494187 -0.5351104032054167 0.01881530742845182
0.9113008528507682 -0.4675469785812859 0.1566795616778075
0.960244461332773 -0.5561341605068618 0.3110158297183684
0.8763670196661766 -0.7048158640644047 0.331653222186948
0.8337414214312298 -0.617474811941639 0.1875715182122526
0.901012994798047 -0.4626659479152736 0.1656323048164771
0.9705323193854941 -0.5610151911728741 0.3020630865796988
1.107585867614995 -0.5052001790149048 0.4299475176952531
1.029828713865511 -0.4079447937004479 0.2845525876498889
0.9139178221540074 -0.4759674573062969 -0.1731513305724832
0.8017837085799679 -0.6243882760252566 -0.1244013543625198
0.7282633329827376 -0.6912311533759949 0.06733174138703146
0.8428330919646991 -0.5396353522709135 0.01726677019508067
0.9189376008633712 -0.4794522413010454 -0.1705292868150106
0.8971798678185392 -0.5993557043548561 -0.2808251966736364
0.7934290710219666 -0.7292697061182659 -0.2560844722603549
0.7967639298706041 -0.6209034920305081 -0.1270233981199924
0.9192232484451661 -0.4779791389973417 -0.1704719455152602
1.025128808318327 -0.3625910817004644 -0.2924469836875378
1.070281038735894 -0.2117234343051448 -0.2775537110915679
0.9717277486340697 -0.3054803224314961 -0.1550847076469738
0.9079084117461061 -0.4724293691607158 -0.178549881797824
1.016805092672445 -0.500607395942598 -0.3263057116004874
1.0105765799078 -0.6113562011887751 -0.3966217542048053
0.9082090569358044 -0.6063785764951858 -0.2728046016908228
0.907110154230244 -0.4732965483951564 -0.1790569177291397
1.037241902533249 -0.3672736723026497 -0.2838620114736582
1.122099316025319 -0.4104357069075924 -0.4078904845388633
1.017603350188307 -0.4997402167081572 -0.3257986756691718
0.7172711216289968 -0.6809090663252078 0.06416030521463777
0.692519926462165 -0.7573744294216681 -0.09985455512716229
0.7774170809588621 -0.7154628350727302 -0.2618779521902212
0.8127759199337088 -0.6347103630760438 -0.121229918190126
0.7298089552030879 -0.6929145412989859 0.06748150763003788
0.5914124511000869 -0.8073711385728837 0.05096105710180134
0.5515740357599916 -0.8509988266667345 -0.110213435970237
0.6799820928880738 -0.7453689544478899 -0.1031757575425624
0.7211770394965168 -0.6852597209879325 0.07192216475602992
0.772251461762495 -0.7475605764111087 0.2421332025692044
0.8695434839741674 -0.6989979901296636 0.335727798056898
0.8405649571232391 -0.6232926858763802 0.1834969423423026
0.7321928917824063 -0.6959977368274072 0.06589265197689904
0.5890285145207684 -0.8042879430444624 0.05254991275494016
0.5158576185282171 -0.9084385499792638 0.1922119151870423
0.6456537451338081 -0.8079049913636365 0.1972398905768933
0.7231472352375387 -0.6852575778548472 0.07117080549699425
0.6546994016786758 -0.8186451503361964 0.1919617370567981
0.7111830711766433 -0.8481218944283815 0.323021916772937
0.7702812660214731 -0.747562719544194 0.2428845618282401
0.7907834138599016 -0.7284486213646076 -0.2574613487348019
0.6570408513299173 -0.8352101844793524 -0.2490631712316936
0.55240253508694 -0.8519791379848338 -0.1091180349302178
0.6791535935611253 -0.7443886431297905 -0.1042711585825817
0.7903345022622912 -0.7278241822608578 -0.2568110475176258
0.7814800498886056 -0.8488201533141994 -0.3647945025171338
0.6528181035252228 -0.9559943483247247 -0.3603646578541799
0.6574897629275277 -0.8358346235831023 -0.2497134724488696
0.7834263466878008 -0.7209986589328371 -0.2666946012174337
0.9095727746580266 -0.7431962276150406 -0.3651244528735748
0.9163431254081799 -0.8802639033934899 -0.4560775172990112
0.7883882054630962 -0.85564567664222 -0.3549109488173259
0.7886295048924913 -0.7259346475540499 -0.2588492300402561
0.9019794339480146 -0.6026907629190721 -0.2780604388937351
1.01680620289559 -0.6150440147648887 -0.3913659170018932
0.904369616453336 -0.7382602389938278 -0.3729698240507524
0.5445999559941372 -0.8408886533649288 -0.1162615155640808
0.5293240865744878 -0.9392258359825955 -0.2452147700792224
0.6454644360300305 -0.9455283028085697 -0.368158439705219
0.6648434304227202 -0.8463006690992575 -0.2419196905978305
0.550804060293775 -0.8503435476995286 -0.1099651120651212
0.52311998227485 -0.9297709416479958 -0.251511173578182
0.3806436997399301 -1.008894490341717 -0.2670141345104997
0.4077347417276525 -0.9293116552249404 -0.1244841208503046
0.5527606546731927 -0.8545700308488339 -0.1097921512414365
0.44854488090294 -0.8887713314685679 0.03158276105931904
0.3050857341723815 -0.9581674567448906 0.01157972920919932
0.4057781473482348 -0.9250851720756351 -0.1246570816739893
0.543475613699923 -0.8382644569404918 -0.1091535930838713
0.5995108731601555 -0.8201055082991264 0.04990121421543561
0.50537525988883 -0.8926209847245997 0.1948606137265468
0.4578299218762096 -0.9050769053769099 0.03094420290175382
0.6526941378948619 -0.9569432906111166 -0.3597388774668504
0.5070187733609088 -1.044044455957258 -0.3724603579676999
0.3816692973051237 -1.010854583809664 -0.2648909757710907
0.5220943847096563 -0.9278108481800484 -0.253634332317591
0.6514851210436923 -0.954600341470309 -0.361586596074464
0.6583014567833813 -1.113015607802559 -0.4559985837165739
0.5030338219361801 -1.197038749193122 -0.4567744644720689
0.5082277902120785 -1.046387405098066 -0.3706126393600861
0.6519955225100231 -0.955051616650196 -0.3606441910389236
0.7823026309038054 -0.8497628849887282 -0.3645149693323901
0.9224286999674706 -0.8861466950469817 -0.4464734967839472
0.7964620530058222 -1.009124233395296 -0.4537536429770869
0.6477963373908954 -0.9491164463461367 -0.3763404549539661
0.6619902404361782 -1.118499502926732 -0.4412447248370719
0.8288454432063842 -1.202680409505936 -0.5130329367633005
0.80066123812495 -1.015059403699355 -0.4380573790620445
0.3764851328900041 -0.9972973390211551 -0.2705534080367787
0.4118933085775784 -0.940908806545502 -0.1209448473240256
0.2989705729430379 -0.9423438222750236 0.007867494859235599
0.2632516323967642 -0.9991882139003344 -0.1429215151243073
0.3815086287851677 -1.013400775662809 -0.2646641628138058
0.2054503630977287 -1.07317241955809 -0.3000773696004267
0.1026382861579169 -1.031811981217875 -0.1721253131554847
0.2582281365016006 -0.9830847772586807 -0.1488107603472803
0.3774452602170225 -1.000937024870034 -0.2763352613020118
0.3435085825977421 -1.146614400709999 -0.3827247756116329
0.5000188016992485 -1.1894641393943 -0.4663710313953763
0.5112428104490102 -1.053962014896888 -0.3610160724367786
0.3799461886098482 -1.006909233221171 -0.2686180430357102
0.3410076542049163 -1.140642192358862 -0.3904419938779347
0.1439629413583264 -1.229982350261944 -0.4281295263363831
0.2070128032730482 -1.079663961999727 -0.2961234893785222
0.3026952116703226 -0.9529155328909203 0.01101491774535333
0.2595269936694795 -0.9886165032844377 -0.1460689380104251
0.1013394289900381 -1.026280255192118 -0.1748671354923398
0.1492427324126067 -0.9893652669663708 -0.01641284526251965
0.3037653328645503 -0.9588318623636362 0.01034545038819799
0.2090547536535829 -0.9923943325060142 0.1403633708233919
0.04816381168011822 -1.017989513920381 0.1144844552139749
0.148172611218379 -0.9834489374936548 -0.0157433779053643
0.2995688341414399 -0.9423458205859316 0.01475170759674303
0.3670466514686454 -0.9728382512512395 0.1627100433299827
0.281993469999333 -1.040887927511946 0.2894641858359102
0.2132512523766934 -1.008880374283719 0.1359571136148469
0.3027406561176046 -0.9531675152691951 0.011069698612121
0.4508899589577168 -0.8937712729442633 0.03209279165639734
0.5123152228073229 -0.9039266171572463 0.1937120249719033
0.3638748294924806 -0.9620165565679759 0.1663920523146047
0.1005310713712783 -1.014620024153281 -0.1755662357460121
-0.004345937436586933 -1.014140229560364 -0.0462304451347374
0.04628533286713068 -1.000412953408828 0.114454822317458
0.1500510900313665 -1.001025498005208 -0.01571374500884736
0.1012027984147474 -1.032339502010667 -0.1733228536765952
-0.06128389922617745 -1.034156783455338 -0.2015134566604553
-0.1645132184266049 -0.9985428307744003 -0.07745154828274137
-0.005017664480056059 -0.9964207517029774 -0.04847382720415436
0.1013977929179773 -1.02656095453282 -0.1748197940009852
0.04055318861239861 -1.116408813066261 -0.3215911799308478
-0.1228655801553218 -1.123300115583878 -0.3363048345188233
-0.06147889372940732 -1.039935330933184 -0.2000165163360654
0.1001772572696967 -1.015224394836947 -0.1842328310421667
0.2079113919859489 -1.089760005939018 -0.2879698517137447
0.1430643526454257 -1.219886306322654 -0.4362831640011607
0.04177372426067915 -1.127745372762135 -0.3121781428896663
0.0471528734789523 -1.012338357045532 0.1152026939213799
-0.005213478048408569 -1.002214825923661 -0.04697831673865931
-0.1643174048582524 -0.9927487565537175 -0.07894705874823638
-0.1172416773212769 -1.003407265545612 0.1005603756241609
0.04679488896131331 -1.016733255592801 0.1134993693297048
-0.0518651180828312 -1.064584222872087 0.2572491988799951
-0.2394955801575221 -1.048645262209176 0.2556204012495458
-0.1168836928036379 -0.9990123669983432 0.102263700215836
0.04719980211689328 -1.01265211227727 0.1150666658329769
0.1210358285777055 -1.069673133074931 0.266408672890176
0.2852259591592184 -1.052036567646539 0.2856401392463672
0.2100187632168079 -0.9977317341491264 0.1397811602043897
0.04677674135596385 -1.000616672586677 0.1223681942304155
0.1214588893386348 -1.081708572765523 0.2591071444927375
0.03376966167692161 -1.162571248990481 0.3869672116325399
-0.05184697047748175 -1.08070080587821 0.2483803739792843
-0.1612368543391838 -0.9770259708218064 -0.07585165023518735
-0.2766896159273584 -0.9833495401884448 0.07119536979057511
-0.2360570451208145 -1.028527577929996 0.2604191343542699
-0.1203222278403456 -1.019130051277523 0.09746496711111179
-0.1664745268599653 -0.9996196358199403 -0.0786857597204631
-0.3253276070223068 -0.9508332414689571 -0.1097370333680627
-0.4306576961731889 -0.9120254024846978 0.03861378542452414
-0.2714519434065769 -0.9607558751903108 0.07402947927585091
-0.1628989733036883 -0.9824971067840833 -0.08392746676301564
-0.06289814434909412 -1.050202507445655 -0.1950375381801809
-0.1214463295356351 -1.113032939071408 -0.3412838126747075
-0.2292419272428183 -1.044529411813412 -0.2307495819411077
-0.1639380345641256 -0.9913443232552589 -0.07950956601461157
-0.3278640993181465 -0.9591085540336384 -0.1089132270739143
-0.400771184566182 -1.007392007039545 -0.2804016256697621
-0.228202865982381 -1.035682195342236 -0.235167482689512
-0.2384455442804704 -1.042333965164207 0.2579516498973425
-0.3892635054421573 -0.9707767856065688 0.2041566806503345
-0.4278085228120633 -0.9032381247207741 0.03898041045287248
-0.2743011167677025 -0.9695431529542343 0.07366285424750262
-0.2409779786087958 -1.049311499700938 0.2537220591922954
-0.3867310711138319 -0.9637992510698372 0.2083862713553816
-0.5097395226969154 -0.9866423581635712 0.3032272982437209
-0.3865130906742922 -1.062079686101813 0.3459569603693634
-0.239382209843484 -1.047010999462814 0.2549533877584201
-0.1280443119205298 -1.171255230853836 0.3873776193603943
0.03390117959630919 -1.177053569250243 0.3774313732407035
-0.05197848839686931 -1.066218485618448 0.2579162123711209
-0.2374805458773465 -1.034311869508607 0.2701849817465407
-0.1299459758866673 -1.183954360808043 0.3721460253722737
-0.1819042904360068 -1.327246893388297 0.4897504984001085
-0.2815201902786771 -1.190506670060765 0.3967550007428686
-0.2374335609385132 -1.039170927076001 0.2631668863243679
-0.2815671752175104 -1.185647612493372 0.4037730961650413
-0.4234835318637797 -1.190110662839367 0.4490667019234612
-0.3900575083445749 -1.07222025872675 0.3365121332372908
-0.423534011667761 -0.8952809042815689 0.04263619479354606
-0.5366978344552217 -0.8925011587480451 0.1674209523325209
-0.5029325772242875 -0.9717076031876344 0.3111126732894416
-0.3935380165864597 -0.9787340060457742 0.2005008963096609
-0.4311687496757933 -0.9092865546595124 0.03735866892820529
-0.575664790253582 -0.8123122612307626 0.02359227301029548
-0.6721879312642313 -0.782990951331947 0.1613399409352707
-0.5290630964471894 -0.8784955083701016 0.1726984781978617
-0.4296697722424072 -0.9069985578570274 0.03856645700818124
-0.4877023303726853 -0.8894389143371011 -0.1277484752936913
-0.6512534860505492 -0.7855721913396115 -0.1336985210724603
-0.577163767686968 -0.8146002580332474 0.02238448493031954
-0.4224636872331357 -0.8915648248127775 0.03443882211292613
-0.4949084153819568 -0.904872647381351 -0.1236208403984362
-0.3951136679219684 -0.9952067419323064 -0.2837527826872117
-0.3335216159623601 -0.9712938191408773 -0.1055620700564647
-0.5087881632070902 -0.9829182620663127 0.3059691183317464
-0.6491035088463408 -0.883088392958654 0.2975965626102241
-0.6704087792390017 -0.7801959598326819 0.1614739118429163
-0.5308422484724189 -0.8812904998693666 0.1725645072902162
-0.5091343724434263 -0.9834313726287457 0.3045825420940158
-0.6551320517156322 -1.010984251099886 0.4073316047999543
-0.7879977933793593 -0.9139199426509519 0.4011138342878275
-0.6487572996100048 -0.8825752823962212 0.2989831388479547
-0.5046030696641083 -0.9757788621156218 0.3164558352331442
-0.6596633544949503 -1.01863676161301 0.3954583116608258
-0.682299303121438 -1.156171208072393 0.486335845590356
-0.5396208787734414 -1.112072557275096 0.4108235211816092
-0.5070278100491001 -0.9795496496459337 0.3095069683838705
-0.3892248033221075 -1.069172394619451 0.3396772902292137
-0.4243162368862471 -1.193158526946667 0.4459015449315382
-0.5371961383884495 -1.108301769744784 0.417772388030883
-0.6611326430580532 -0.768949824898478 0.1627201459617457
-0.58672007845976 -0.8263533876642317 0.02221206798382047
-0.6416971752777572 -0.7738190617086275 -0.1335261041259612
-0.7163747513972416 -0.7162898360149673 0.009501924564549151
-0.6716764942050507 -0.7808423979214398 0.1618263260258105
-0.7977594734961321 -0.6434598061228199 0.1650001716220869
-0.8222723640574536 -0.5741646554836197 0.0003003935546419339
-0.705830900250244 -0.7043972629920052 0.01039574450048444
-0.6625815325263373 -0.7709590899105668 0.1700836286872002
-0.80000297962488 -0.7694225210843425 0.2915460372588543
-0.7798243374303588 -0.9041699621664038 0.411110127369842
-0.6569307555590054 -0.8923252628807693 0.2889868457659401
-0.671668242825092 -0.7807895742683904 0.1607939490590932
-0.7909162693261252 -0.7595920367265189 0.3008357168869613
-0.9379501550924476 -0.6078520233299911 0.3172999613116033
-0.7977677248760909 -0.6435126297758695 0.1660325485888041
-0.6535435197193377 -0.7869275437664789 -0.1332802957689306
-0.7710574972969498 -0.6608283262694173 -0.1412794029795922
-0.8235748573520366 -0.5753805645185093 0.001440021847607807
-0.7045284069556611 -0.7031813539571158 0.009256116207518539
-0.6514223102637512 -0.7850175343293674 -0.1330623884521248
-0.743200732318343 -0.7830420338143959 -0.2743420952159275
-0.8720756869208517 -0.6522745014610988 -0.2812669071460531
-0.7731787067525363 -0.6627383357065288 -0.141497310296398
-0.6429815175307348 -0.7747585972102538 -0.1414513186716833
-0.5973703157260507 -0.9134365399285928 -0.2637875915352557
-0.7219410120594542 -0.9263346624794643 -0.3965545740763245
-0.7516415250513595 -0.7933009709335095 -0.2659531649963689
-0.6526376802186254 -0.7879872143425131 -0.1317243179227865
-0.5877141530381599 -0.9002079227963333 -0.2735145922841526
-0.4037039470993163 -1.013055497979458 -0.2776509446422827
-0.486318136204609 -0.8870238913341995 -0.1297226784433652
-0.8102747061708311 -0.565059603217871 -0.002942084851562827
-0.7843576484781554 -0.6711492875700558 -0.1368972962804215
-0.8608967451952327 -0.643863549597572 -0.2858669211620296
-0.8856678556731901 -0.539410009038978 -0.1520186540538667
-0.820743619249195 -0.572537341913014 0.0009369037295070865
-0.9044717523555543 -0.4257539568070267 -0.01961442577002523
-0.9583271684814695 -0.3867646316123752 -0.1777768078248195
-0.875198942594826 -0.5319322703438347 -0.1558976426349367
-0.8257929885953141 -0.5750529004867352 -2.444016419756768e-05
-0.8887394162427997 -0.4939127829501292 0.1510908384595041
-0.9650324184515172 -0.3328112316693666 0.1187572837774657
-0.8994223830094353 -0.4232383982333055 -0.01865308187632056
-0.8074085945455367 -0.5635894848769833 0.006342880107468654
-0.8126232430080492 -0.6540349767294564 0.1589576850692601
-0.9230946369604894 -0.5973296763764042 0.3243748248311472
-0.9071238102925773 -0.5053761985598813 0.1447235181878378
-0.8749427553534787 -0.6533848717869503 -0.2795756607516945
-0.9658049818086369 -0.5200874124390549 -0.3048855003968866
-0.9619042655613516 -0.3888082151066104 -0.1753645359955544
-0.871621845514944 -0.5298886868495997 -0.1583099144642017
-0.8730611755271083 -0.6533028254040524 -0.2790762257736241
-0.8729787490746718 -0.814362850474044 -0.4008640880142582
-0.7313672933987271 -0.9376219235415315 -0.385974962484337
-0.7422152437120865 -0.7820137098714423 -0.2765327765883565
-0.8700931045210695 -0.6506084368750705 -0.2829037650986063
-1.001620457778361 -0.6880176224935007 -0.4096226066611485
-1.107726908007505 -0.544017628993281 -0.4246955499787612
-0.9706546326410462 -0.5228638473509345 -0.3015573960499748
-0.8633567198641054 -0.6451134484613675 -0.2954558829507092
-1.008356842435325 -0.6935126109072037 -0.3970704888090457
-1.040587020042267 -0.8781650710609453 -0.4964249662346285
-0.8826832047376746 -0.8225522274167288 -0.3844844308371732
-0.9457868739333324 -0.3819507213624307 -0.1786896391427458
-0.9754509610907327 -0.2793262510236887 -0.04358503241019927
-0.947442754557261 -0.3254817628457009 0.1188057963532441
-0.9170120469036916 -0.4305678670569713 -0.01870159445209896
-0.9639036626666406 -0.3880373022328078 -0.176170336906157
-1.017230007675637 -0.2263951700671478 -0.2166082857217372
-1.004844857304392 -0.116941950751845 -0.07072609726418037
-0.9573341723574241 -0.2732396701533116 -0.04610433464678804
-0.9478927114803271 -0.3821013988955447 -0.1866901514720655
-0.9798165358896613 -0.5267942286501205 -0.2935598849203755
-1.09856500475889 -0.5400872476940951 -0.4326930611083604
-1.074567548784615 -0.375356076850379 -0.3248097355376406
-0.9555475543265893 -0.3857922572274002 -0.1794182705363884
-1.025586116015688 -0.2286402150725555 -0.2133603520915057
-1.151363359561321 -0.1904471837002058 -0.3764708973242251
-1.066912705938353 -0.3716652185185236 -0.3320816164733175
-0.7305383547512713 -0.9379339619126189 -0.3862893613561792
-0.5887729730342335 -0.9018372404954381 -0.274052804255401
-0.4026451271032428 -1.011426180280353 -0.2771127326710342
-0.5709163416623039 -1.031623512551101 -0.3886325921463257
-0.7293236287620785 -0.9357560230602349 -0.3881371972328456
-0.5721310676514967 -1.033801451403485 -0.3867847562696595
-0.5965672535752407 -1.175731531275355 -0.4647841375272707
-0.7382064401334346 -1.083152456536791 -0.4639068643965336
-0.7263786624824592 -0.9319079088876377 -0.399903402394122
-0.7411514064130538 -1.087000570709388 -0.4521406592352573
-0.8957014369218982 -1.14882925589687 -0.5093690512156621
-0.8913517799059244 -0.990499803379715 -0.4586694771817206
-0.7286204171762884 -0.9348555312487024 -0.3902010850725005
-0.8757256252971104 -0.817129242766873 -0.3966379654260948
-1.047544599482831 -0.883588055710801 -0.4842714316457069
-0.8891100252120953 -0.9875521810186504 -0.468371794503342
-0.9592681603153738 -0.3299361343444149 0.1195931592647302
-0.9935347350687066 -0.1732733733505114 0.09148314278334864
-0.9985534743291964 -0.115309741380182 -0.07245803658928301
-0.96362555533262 -0.2748718795249746 -0.04437239532168536
-0.9643504469557981 -0.330995674606788 0.1177608088246616
-1.028195170805625 -0.2438790457017676 0.2426601056314789
-1.054135568818314 -0.08018725056806404 0.2204455416713726
-0.9884524484282822 -0.1722138330881382 0.09331549322341724
-0.9495867543188449 -0.3267797457865937 0.1256585354932236
-1.006316152997091 -0.4228011654019773 0.267212240119821
-1.10362450204275 -0.3277669780386449 0.3740955622452237
-1.042958863442578 -0.248094974521962 0.2347623789629168
-0.9584559645024022 -0.3295319483506927 0.1200699074868105
-0.8953158701919148 -0.4971920662688031 0.1497782147501593
-0.9349025770611519 -0.6055138086674822 0.3193201282688257
-0.9974469428135342 -0.4200489628378783 0.2728008681262341
-0.986010682562118 -0.114170379865725 -0.07044063121375586
-1.017214239116347 -0.01209208971902922 0.06596091776440677
-1.036510490410811 -0.07798834879123394 0.2242952974869683
-1.006077526835785 -0.1744127348649684 0.08946573740782149
-1.004263382277454 -0.1151943162025233 -0.07235038052795688
-1.000400008228245 0.05770120648037703 -0.08742930910418238
-0.9951400115891929 0.1615582567392536 0.05101699071625596
-0.9989615394010107 -0.01106815338223092 0.06787066707860778
-1.000430944778474 -0.1153130834946139 -0.07185949794916915
-1.054739716125195 -0.05863171560537608 -0.2346376400582284
-1.053434317215087 0.1286829780046714 -0.2359298114682002
-1.004232445727225 0.05781997377246766 -0.08792019168297024
-0.9842636157592943 -0.1134078142147013 -0.08030483399953735
-1.070907045144376 -0.06053698488528874 -0.22619230400786
-1.139138226356275 -0.1891580921684697 -0.3828017004293507
-1.037811249220735 -0.2299293066042916 -0.2070295489863801
-1.050768737380393 -0.07908646662464451 0.2217931296485804
-1.042235025436575 0.1012056963413249 0.2158531539089976
-0.9911455588434386 0.1614840752426414 0.05042457219206904
-1.002955992146765 -0.01099397188561866 0.06846308560279474
-1.049309501351838 -0.07917877838399438 0.2221455224054988
-1.131458566195854 -0.1616510613523181 0.3503220969177467
-1.113562127213228 -0.3309744346747696 0.3678978163107879
-1.0330212382721 -0.2448875178858373 0.2409601248973526
-1.040018864130311 -0.0785911846813932 0.2310154087972235
-1.146741706012666 0.02180491141484808 0.3359893562864385
-1.246270322039867 -0.07769165044784458 0.4461810986934753
-1.140749203417381 -0.1622386550549193 0.3414522105260223
-1.052002825422708 -0.07900517469997381 0.2202862489362745
-1.134757744720269 0.02221890143342869 0.3467185161473874
-1.130072924343062 0.2249938045697937 0.3545132846850021
-1.04100093739426 0.1011244044166542 0.2173600346213034
-0.9773227216711435 0.1596891064355738 0.04846668758183099
-0.9987194367100724 0.2281824204145954 -0.1072525592923616
-1.039449464796018 0.1269325949930822 -0.238970997181413
-1.018217298146295 0.05957035678405686 -0.08487900596975739
-0.9900019288887842 0.1615608577654967 0.05094863200987863
-0.9454805025891252 0.3260260717775001 0.02476446051504846
-0.9407063159962415 0.3944014917292719 -0.1383689419877741
-0.9860402294924318 0.2263106690846725 -0.1097345037204093
-0.9955464505346943 0.1632988953299805 0.04947476542154523
-0.9399359809432152 0.3242880342130163 0.02623832710338183
-0.9377266870706278 0.4327998746362073 0.1592646730945248
-0.9979781620135674 0.2672700888203547 0.1961079652977564
-0.9751438952296947 0.1588739579027486 0.0579105148212837
-1.058236689050319 0.1038158136812177 0.2083672112797829
-1.112837172687003 0.2223023953052302 0.3635061080265227
-1.018380717318567 0.2716950262475866 0.187672215898018
-1.05707184779738 0.1301124323397156 -0.2342840223652993
-0.9810970537087104 0.225002583067962 -0.1119395341084753
-0.9456494917799627 0.3957095777459824 -0.1361639115997081
-1.021961368182077 0.2986938710875866 -0.2579550591269356
-1.051610194154008 0.1286583360654318 -0.2365610813040743
-1.027423021825449 0.3001479673618704 -0.2556780001881607
-1.110357809602544 0.3833519853393291 -0.3797443455834173
-1.135499915714344 0.2132462315052989 -0.362176258815714
-1.042726993459226 0.1277480280751241 -0.2457212066783928
-1.160343187981545 0.02398233253101157 -0.3494992123670377
-1.25822435310385 0.1310484385413618 -0.4551950439863585
-1.144383116409126 0.2141565394956066 -0.3530161334413954
-1.054309659169488 0.1286435521883095 -0.2345187801476281
-1.148760522271283 0.0230868084178261 -0.3607016388978023
-1.156180897329856 -0.1911027872647442 -0.3729453330584104
-1.053864374170795 -0.05859228978901427 -0.2360486713788004
-0.9283163088449242 0.3890133247714966 -0.1381084269601473
-0.8904222666556905 0.4829630924463002 0.0002558623722720077
-0.9197921582734004 0.4256736701139483 0.160999054710485
-0.9578705097404422 0.3314142387352753 0.02450394548742166
-0.9451069833664396 0.3971402176284217 -0.1374965455309458
-0.8580108509174761 0.5522512417194152 -0.160167167468321
-0.7902218931057082 0.6226325753160478 -0.0197137043049944
-0.8736315921341752 0.4748361995893752 -0.0003560190569295106
-0.9309351680241132 0.3906428950408928 -0.1447983536806373
-0.9833331460896763 0.4824461299352505 -0.2730537247058234
-1.101105139490067 0.3797393989085232 -0.3861017287255716
-1.036675691937927 0.3037605537926764 -0.2493206170460063
-0.9405780799746392 0.3944633284020208 -0.138210382946814
-0.9736902341391502 0.4786256965741225 -0.2796416954396468
-0.8856321604330746 0.6658134236987674 -0.3096596393538709
-0.8625397543092765 0.5549281309458162 -0.1594533300524528
-0.932488910427377 0.4314106366089593 0.1605634720259831
-0.8400600337540475 0.5751018408149725 0.1366067993468226
-0.7861279707381694 0.6202426489541337 -0.02076116841869782
-0.8777255145017141 0.4772261259512893 0.000691445056773889
-0.9358091968983518 0.4335245641698012 0.1584308929655551
-0.8367397472830724 0.5729879132541305 0.1387393784072506
-0.8286937569803573 0.6917376872639873 0.2605419317131507
-0.9271293895816747 0.5538324370347321 0.2808723617362157
-0.9229481586167886 0.4266190479977527 0.1676846054325445
-1.040816649748119 0.4072898186777227 0.3033306415780224
-1.048008404033932 0.5564764407851784 0.4042133869660962
-0.9399904278632378 0.5607379532067805 0.2716186492692263
-0.9301481180835021 0.430393672512917 0.1616845371869188
-1.033616690281405 0.4035151941625584 0.309330709823648
-1.125661159004877 0.2243211306091718 0.3574902227191782
-1.005556731000693 0.269676290943645 0.1936881012053624
-0.7759387316716309 0.6121248460193435 -0.01746047601824209
-0.7418033703366212 0.7089163353619724 0.1143663197264953
-0.8151842314428439 0.6815059567683552 0.2659752031740344
-0.8502492728205859 0.5832196437497627 0.1333061069463669
-0.7887766913374451 0.6232908137057428 -0.02104337400328634
-0.728965410670807 0.6977503676755731 0.1179492177115395
-0.6073993167357038 0.8144546728026488 0.104437191035083
-0.6681393147808566 0.739068388558441 -0.03475263842875238
-0.7865640477757166 0.6209883378544925 -0.0202513529222042
-0.670351958342585 0.7413708644096912 -0.03554465950983453
-0.6424684211065965 0.8158398989576765 -0.1876802742633325
-0.7627379532269265 0.6927161326630252 -0.1766140125357365
-0.7751196325056584 0.6118897980271938 -0.02540741667224889
-0.8731131115175259 0.5629940190082692 -0.1544734551010666
-0.8750588032248252 0.6577475356363144 -0.3146395143052571
-0.7741823684969849 0.701814672490324 -0.1714579487856918
-0.8259575499348596 0.6905693042105635 0.2619898233698498
-0.7028845992165816 0.8081512843767941 0.2610123291376727
-0.6053346755619052 0.8123520525584579 0.1040347092159427
-0.7310300518446056 0.6998529879197641 0.1183516995306798
-0.8246543047879775 0.6891850951194757 0.2627280654101118
-0.9521842614694259 0.6918919694111052 0.3818340485149676
-1.056829990123115 0.5608293648127152 0.397145808196068
-0.9311688417740546 0.5563850291792439 0.2786862280392543
-0.8183477051673936 0.6838541940846207 0.2722427247203577
-0.8431990003197121 0.8283180820915412 0.3695334243516799
-0.9874639526790029 0.8338963925685372 0.4679722921554483
-0.9584908610900097 0.6972228704459601 0.3723193892047219
-0.825649813852127 0.6902425358227398 0.2614883421224071
-0.8358968916349787 0.8219297403534221 0.3802878069496303
-0.7085317094314814 0.9565020091586856 0.3900464688288166
-0.7031923352993142 0.8084780527646178 0.2615138103851154
-0.5963079772933561 0.8009274466961079 0.1037510647030872
-0.5503137896808291 0.8531645645647807 -0.05085990528475308
-0.6335897252259771 0.8046151487023859 -0.1891584216764104
-0.6792306542232045 0.752595614664982 -0.0340665120967566
-0.6046657744342071 0.8121464532791156 0.1048015379936568
-0.5419559925399778 0.8419455579817728 -0.05191037857532265
-0.3962616441760742 0.925059497606858 -0.07025466589048139
-0.4580979934062397 0.8957615597617806 0.08641954862326742
-0.6064520302900276 0.8154260052833807 0.1030357785898225
-0.4563117375504194 0.8924820077575157 0.08818530802710167
-0.3900772153938116 0.9816149511353875 0.2185342165326523
-0.5578624616234301 0.9003099124182619 0.247064305782429
-0.595857506262814 0.8000001220831099 0.1132840740291694
-0.7123617685156728 0.8205032148521418 0.2517629643244461
-0.6993622762151227 0.9444768470711614 0.3997973148894859
-0.5684569856506435 0.9157357956185325 0.2368160103430823
-0.6438465142324341 0.8189804922761104 -0.186681023372691
-0.540057000674372 0.8387992209910562 -0.05333730358847247
-0.3981606360416801 0.9282058345975748 -0.06882774087733157
-0.4968465240633667 0.913375195799955 -0.2083545856965543
-0.6435355147300622 0.816889917433432 -0.1862546431462478
-0.7616708596034607 0.6916661141872699 -0.1780396436528212
-0.8875703121183492 0.6678960939393684 -0.3080578194381278
-0.7471391566732194 0.8078671146436123 -0.3065800679593617
-0.6413982633442296 0.8148602105694208 -0.1878685285663669
-0.4992947749515712 0.9174954775066445 -0.2071670805028784
-0.4751302111935085 1.039709478012837 -0.3497135010850368
-0.6121273450885718 0.9325055234700622 -0.3201322050033665
-0.6358281422495954 0.807700262606572 -0.1949450851077678
-0.617697466183206 0.9396654714329109 -0.3130556484619657
-0.7260287751427007 0.9537638056179403 -0.4123552456668182
-0.7548465291536863 0.8170567694704721 -0.2978896259978417
-0.3907890193029278 0.912225244561651 -0.06820782923353604
-0.3082379459722624 0.969962298580368 0.07030696710689634
-0.3828183346648447 0.9655011460859154 0.2223468125934319
-0.4635706182793862 0.9085958128069876 0.08437271196632208
-0.3968613256533411 0.9285594260546517 -0.07016923775853741
-0.3021656396218491 0.9536281170873674 0.0722683756318977
-0.1352172399904412 0.9998125247767095 0.06359245766646457
-0.2309213092895717 0.9744704353931573 -0.07951916459176551
-0.3961418439981146 0.9258491536056648 -0.06953897321728716
-0.3441897144786448 0.9910380476666586 -0.2210778341277373
-0.17306686113501 1.042896739131092 -0.2274584882164857
-0.2316407909447982 0.9771807078421442 -0.08014942913301577
-0.3905137439736133 0.9123766981518012 -0.07637280675355125
-0.3498178145031462 1.004510503120522 -0.2142440005914732
-0.4699315700136462 1.028000623273753 -0.3560710617675806
-0.5044934161314335 0.9292043322457285 -0.2008095198203346
-0.388269004082109 0.979657206170946 0.2195346947706235
-0.2162010636611092 1.02698077545367 0.2230962636093188
-0.1345956030572921 0.9976344033687392 0.06274174836865752
-0.3027872765549982 0.9558062384953375 0.07311908492970477
-0.3874493354034565 0.9768573349220643 0.2205709655333336
-0.5144810212581582 1.02763576727283 0.3558105383537041
-0.7073289202519812 0.9551451140581089 0.3915857684508204
-0.5604903416137851 0.905067528631585 0.2450275567817478
-0.3842038419788909 0.9685164209283283 0.2290693089486626
-0.328580520021013 1.100975947600038 0.3380195945577345
-0.4538246842406033 1.15947059799552 0.4442184338093937
-0.5177265146827238 1.035976681266565 0.3473121949383752
-0.3880483930950851 0.9788522190165811 0.2190653462775352
-0.3247359689048188 1.090640149511786 0.3480235572288619
-0.1368629090120221 1.152507116410162 0.3642233698134894
-0.216421674648133 1.027785762608035 0.2235656121024071
-0.1320166961115121 0.9826323581686451 0.0613505050260876
-0.07133778455907293 1.01914539261418 -0.09267134100415551
-0.1705857989113074 1.028426844972014 -0.230330705398113
-0.2341218531685008 0.9916506020012218 -0.07727721195138849
-0.133931447234112 0.9961198666063887 0.06361038884156074
-0.06942303343647296 1.005657884176436 -0.09493122481962871
0.09633498655459395 1.009910497643994 -0.1152106230045498
0.03283529397946709 1.000362886110771 0.04388549660710533
-0.133891740647499 1.000715482707685 0.06208323585649396
-0.04401092359897828 1.039234616285023 0.2105021951735472
0.1368328548593803 1.030583880008646 0.1798717111674382
0.03279558739285415 0.9957672700094746 0.04541264959217209
-0.1320664408874049 0.9807042765116415 0.07098623314487004
-0.2187302258309964 1.043910902310768 0.2148517788331062
-0.1345543578291587 1.136381976707429 0.3729372030827903
-0.04583622335907244 1.059245822481067 0.2015991978851711
-0.1726709105345351 1.045970922152208 -0.2262281621376979
-0.06925267293584522 1.001601315433985 -0.09677388426457052
0.0961646260539662 1.013967066386445 -0.113367963559608
0.0109658284845674 1.063391562578704 -0.2545610323602911
-0.1724653636509213 1.040566781730913 -0.2283767234338433
0.01076028160095364 1.068795703 -0.2524124710641459
0.1088013520229129 1.188460098715227 -0.3954799975420505
-0.09143673036658495 1.151051924823419 -0.3610457059948867
-0.1709777208007645 1.032004757867121 -0.236907164515409
-0.2865033913439783 1.110658133335893 -0.3361666525972642
-0.2106875134370745 1.234084863227674 -0.4479307401425391
-0.09292437321674168 1.159613948687211 -0.3525152649133209
-0.1733305041122976 1.043727412438536 -0.2260471922696807
-0.2841506080324453 1.098935478764477 -0.3470266248429925
-0.4758233130154351 1.042303752035061 -0.3478259322845115
-0.3439260715013572 0.9902073743592139 -0.2224891300745423
0.09490617429417217 0.9961836130144991 -0.1143791021454685
0.1951543507667988 0.9943519304552787 0.02335633942557125
0.1353643360123456 1.012261379277854 0.1822303850115863
0.03426410623988885 1.014089770740266 0.04305397574802403
0.09753888361384733 1.013942641345289 -0.1147100862883042
0.1925216414471236 0.9765929021244886 0.02368732356840688
0.3539839248316974 0.9407964444882424 0.005984182551308104
0.2617145539342632 0.9771384642472141 -0.1290008586523577
0.09675082431218159 1.010659395115376 -0.114471473343832
0.1810628133993444 1.060312347312428 -0.2681524788035328
0.3454081115944168 1.024231441943018 -0.2690853259707332
0.2625026132359289 0.9804217104771282 -0.1292394715968298
0.09514072388659707 0.9958345894074671 -0.1236990203173156
0.1826729138249288 1.075137153020336 -0.2589249318300494
0.10757190297193 1.175731762157545 -0.4036624930036127
0.01198973065193652 1.081524039557682 -0.2442299756025836
0.1370857685768289 1.026045701627392 0.1811260064276922
0.1934329182023155 0.9805676081057407 0.02446071800946531
0.3530726480765055 0.9368217385069899 0.0052107881102497
0.2918938025883073 0.983743687045345 0.1630565970137755
0.1376772706742974 1.028371273244156 0.1794692105265759
0.2913023004908388 0.9814181154285812 0.1647133929148918
0.395671707806599 1.023937837002601 0.290270597321347
0.2417100392162099 1.068600026453283 0.3006974250870892
0.1355016259885531 1.015870946806444 0.1884601316801947
0.2438856839019542 1.081100352890995 0.2917065039334702
0.1996591094713086 1.18300758481655 0.4136472494412526
0.06806800332955888 1.125473910405059 0.315947769257415
0.1367955633063576 1.024186136219873 0.1818435354612249
-0.04397363204595553 1.045632360073796 0.2085303708797604
-0.1364169491422756 1.1499954391147 0.366006030088201
0.06677406601175444 1.11715872099163 0.3225643654763848
0.348242803308778 0.9239910236445243 0.009568860601725779
0.4525356288017357 0.9289320232686551 0.1384015601890471
0.3902503609414031 1.008781550523371 0.2962854657139394
0.2967236473560347 0.9965744019078108 0.1586985245222994
0.3489573450559137 0.9249321416528596 0.002136970268893058
0.422869840633414 0.9435285078911753 -0.145110297910134
0.3411695911202988 1.011650385337549 -0.2731711511976204
0.2667411337100468 0.9930027670825965 -0.1251536463699427
0.3530321072552775 0.9361863415873979 0.005517094090121561
0.5047453838893294 0.8629438032136765 -0.01527781467049455
0.5686500352335366 0.8608317747772908 -0.1737334512732792
0.4187950784340502 0.9322743079566371 -0.1484904217313624
0.3555927696274965 0.9408589815075246 0.004689681481263615
0.4451856624830173 0.9120640654056549 0.1432807393095092
0.6087006627064832 0.8200695428145718 0.1228148937940865
0.5021847215171105 0.8582711632935499 -0.01445040206163659
0.3949661637949824 1.021093660286057 0.2915557952661028
0.3582194147988977 1.140642597267546 0.3976841529165864
0.2011292101454362 1.192663734537717 0.4059415262323897
0.2424155832278265 1.071444203169827 0.2994122271423333
0.3922678830501578 1.014047453658331 0.3011891606239669
0.5158003206451874 1.087005386183004 0.3881078571125284
0.4826432887444563 1.223115698068116 0.4762294389161001
0.3609176955437223 1.147688803895272 0.3880507875587222
0.3953726924840625 1.021653519584528 0.2909203460422153
0.5496873010004224 0.9367372159189934 0.2836051716646526
0.6685391613157161 1.009844394106935 0.4059613038310351
0.5126955112112828 1.079399320256807 0.3983766716942802
0.395935595438266 1.022609040029332 0.2910123070438175
0.5491243980462189 0.9357816954741899 0.2835132106630503
0.6070359308846276 0.8170290744575317 0.1224209142444268
0.4468503943048729 0.915104533762695 0.1436747188591689
0.3471001417146753 1.026712323649545 -0.2675405765024924
0.4169392900390375 0.9284665695791793 -0.150740872605262
0.5705058236285493 0.8646395131547487 -0.1714830003993796
0.5007131630820599 0.9633399390901164 -0.2891534000931169
0.3449767410397767 1.022370668091465 -0.2699582501293506
0.5028365637569585 0.9676815946481965 -0.2867357264662586
0.6048417139403514 1.038968292915157 -0.4017845153538539
0.4498476100234901 1.093073715704555 -0.3857114832042992
0.342593081896968 1.015082238889902 -0.2790319535307754
0.2880089682199294 1.150521653488114 -0.3736027496813341
0.4053646300780284 1.230140563591262 -0.4686924327564294
0.4522312691662987 1.100362144906119 -0.3766377798028746
0.3453287229456499 1.023861259382687 -0.2686005778268735
0.2852733271712476 1.141742632995328 -0.3840341253852358
0.1091026147487476 1.190186385305123 -0.3939501978862694
0.1811422020481112 1.060682529872759 -0.2686372269473925
0.5637271375807394 0.8527556767376728 -0.1805459096290967
0.6580622655517697 0.9098570913088928 -0.3110482309035984
0.6001864285674401 1.031426112056161 -0.4084297509567128
0.5074918491298698 0.9752237755071922 -0.2800904908633998
0.5666538143036901 0.8582022143696596 -0.1756494380336203
0.708686066822805 0.7847947565636535 -0.2254191809190104
0.7991127558949451 0.8245272914922905 -0.3598929194927162
0.6551355888288191 0.904410553676906 -0.3159447024990749
0.5731624046791565 0.8658116365102698 -0.1715707331799167
0.63425956038535 0.7692582048247681 -0.06714847826667067
0.7692428457954339 0.6806450458837626 -0.1376909327215234
0.7021774764473385 0.7771853344230434 -0.2294978857727139
0.561436814723821 0.850205526631409 -0.1744947736656576
0.6459851503406856 0.7848643147036289 -0.06422443778092976
0.5989267798245486 0.8047706547485634 0.122880984010566
0.5119586043990451 0.8735700513595583 -0.01451649227811609
-0.7868557868297875 -0.9122135865800223 0.4030535632846368
-0.6562740582652039 -1.012690607170815 0.405391875803145
-0.6856885993511843 -1.162117362514588 0.476402281448037
-0.805454753235665 -1.066839563375033 0.4729592395144702
-0.7843107831126775 -0.9092247498866576 0.4142597748232575
-0.9417803980026073 -0.965537120900698 0.4644747528870061
-0.9497652820235857 -1.134473571845072 0.5106221208557203
-0.8079997569527749 -1.069828400068398 0.4617530279758493
-0.7864119400338084 -0.911742492752314 0.4043813366191625
-0.9317906900405917 -0.7843800452176104 0.4115195216699635
-1.087291015189525 -0.8471160911721568 0.4861159457273222
-0.9396792410814764 -0.9630193780350416 0.4743531910911012
-0.7894869171909478 -0.9144614684421134 0.3995590562747039
-0.7903403998642908 -0.7591310148086328 0.3030971083539925
-0.9385260245542819 -0.6083130452478772 0.3150385698445721
-0.9287157128834522 -0.781661069527811 0.4163418020144222
0.2012751374129139 1.193197924426058 0.4044202093048392
0.35807348753142 1.140108407379206 0.399205469844137
0.4854874967567586 1.230696094584182 0.4650747566306855
0.3293301285115884 1.287680382133555 0.4724237822995258
0.2002899026464499 1.18854183110564 0.4173967432821051
0.3303153632780524 1.292336475453973 0.4594472483222599
0.3054080782747262 1.454183906042852 0.5107550669483936
0.1722941648493718 1.34895312673884 0.4680419638785173
0.200870414281655 1.190886042550163 0.4092948549883385
0.02463704557795752 1.243481956953977 0.4258437699788661
0.009226456195206491 1.397297924398066 0.4923593687327222
0.1717136532141667 1.346608915294317 0.476143852172284
0.2010611396655423 1.196305775031844 0.4015408338594719
0.02444632019407018 1.238062224472296 0.4335977911077325
-0.1363088562658463 1.154978439916566 0.36051621072539
0.06666597313532513 1.112175720189765 0.3280541848391959
0.287074768781874 -1.056414627048157 0.2829502592169562
0.4588005706537689 -1.009372071698413 0.3203842301921244
0.5142246996136991 -0.9086316220101939 0.1908801073375714
0.3619653526861044 -0.9573115517150284 0.1692239699489367
0.2845486563361433 -1.0500889748539 0.2877318733972536
0.4613266830994995 -1.015697723892671 0.315602616011827
0.5987888035837764 -1.117445271340611 0.4456662193536708
0.3996051533977037 -1.151569637052241 0.4103608082516337
0.2831449782493536 -1.043948150355847 0.2964870681653801
0.2136902878365956 -1.175526021117587 0.3790083956941431
0.3179145705629797 -1.29308619508209 0.4843003885243684
0.4010088314844935 -1.157710461550294 0.4016056134835072
0.2856348778072517 -1.05477744042624 0.2830343425810793
0.2112003882786975 -1.164696731047193 0.3924611212784438
0.03460164108588432 -1.177347561460775 0.3770598865698134
0.1206269099296721 -1.066932260295229 0.2690144695554641
0.8789030576130528 -0.7064626385332169 0.3287627062080615
1.017479906210525 -0.6661668748006089 0.4155815220252637
1.120409763614592 -0.5117279841497293 0.4181042585776969
0.9577084233858967 -0.5544873860380496 0.313906345697255
0.8731992340725239 -0.7023766559580545 0.3383103481436608
1.023183729751054 -0.6702528573757712 0.4060338800896643
1.068037125411669 -0.7896143874545294 0.4784124930719409
0.9367614010280045 -0.8237817969051213 0.4215821865168091
0.8753505555854986 -0.703652782023323 0.3343710555565335
0.9346100795150298 -0.8225056708398528 0.4255214791039363
0.8594906512185855 -0.9732884667949177 0.461775750072261
0.816061076203712 -0.8423972236267537 0.3729240648807852
0.8800175142460696 -0.7081930872283893 0.3277870613445311
0.7617774314905927 -0.7383654793123831 0.2500739392815713
0.7196869057075236 -0.8573191346601925 0.3158325393196058
0.8113941175431411 -0.8378569184216876 0.3795080590927875
-0.6857465661127531 -1.162194789399807 0.4751854518138086
-0.8340763814247779 -1.249158252988445 0.5015175630458556
-0.9523682525022644 -1.137539835423655 0.4981990796828712
-0.8053967864740962 -1.066762136489814 0.4741760691486985
-0.6859105375528172 -1.162456502458379 0.4913223191381065
-0.8339124099847138 -1.248896539929873 0.4853806957215577
-0.8650289930879065 -1.449002744938385 0.4783260508089432
-0.719636137958461 -1.337127959703813 0.4850231775892617
-0.6861463557446374 -1.163210897338608 0.4736407637061787
-0.5357738261502419 -1.105032868008881 0.4235186030657866
-0.4257385491244546 -1.19642742868257 0.4401553298966345
-0.571356031846539 -1.248691181161288 0.4870710047785031
-0.6855448862697295 -1.161856471030927 0.4779440326979357
-0.571957501321447 -1.250045607468969 0.4827677357867463
-0.6084197629774536 -1.400135671827112 0.5005192964494184
-0.7200017892415487 -1.337727991131265 0.4984014640294325
-0.124028447281742 -1.127853441985105 -0.3328050806019991
-0.2266598094967114 -1.029708908899715 -0.2392283140138162
-0.4023142410518517 -1.013365293482067 -0.2763407943454578
-0.2935427099814606 -1.102668799862996 -0.3563749852583241
-0.1228919356457189 -1.124844713440805 -0.3345425208495501
-0.05683329377899771 -1.224582267981435 -0.4209429234369762
0.1442585328033091 -1.232767463875455 -0.4251078132907061
0.04057954410279574 -1.114864215209334 -0.3233534936001208
-0.1222902342619053 -1.118304536597751 -0.3441358551973438
-0.05743499516281134 -1.23112244482449 -0.4113495890891825
-0.19195511399917 -1.330333955436924 -0.4845296311717591
-0.2255585978146734 -1.2188607907841 -0.4158779172518943
-0.1228463640294982 -1.123211946105639 -0.3364196010830742
-0.2947247932337044 -1.107310295742462 -0.3527604647772493
-0.3623035647909529 -1.197811931390876 -0.4339890474199339
-0.2250024680470805 -1.213953381276211 -0.423594171366164
-1.058034803007794 0.5616325171341785 0.3946710891194268
-0.9509794485847471 0.6910888170896418 0.3843087675916089
-0.9949753651842654 0.8400304459248555 0.4559829137685613
-1.099987254224079 0.712007376493957 0.4658013223913331
-1.053393684927585 0.5588757408223286 0.4075864282156025
-1.104628372304288 0.7147641528058069 0.4528859832951573
-1.261886186948536 0.7444239605295179 0.5093988727760106
-1.212971620312159 0.5870952029547054 0.4645877757580897
-1.055310899239497 0.5601516511344501 0.4006304134547473
-1.163842638962367 0.4120793909556807 0.4193776222047573
-1.317159206948587 0.4535350221752224 0.4921775366915898
-1.211054406000247 0.5858192926425839 0.471543790518945
-1.061216007742589 0.5623567146387572 0.3919392849774668
-1.157937530459275 0.4098743274513736 0.4280687506820377
-1.13166880324682 0.2264267799475864 0.3512161889761745
-1.027609046039462 0.4014095448241439 0.3156047435666517
-1.112300165845625 0.3837945445778402 -0.3768523579642853
-1.133557559471263 0.2128036722667877 -0.3650682464348461
-1.269049910041713 0.1324013057701807 -0.443142930992908
-1.246848565166052 0.3051468691531999 -0.4545643787856719
-1.106106410285312 0.3820120193846895 -0.3899920718673004
-1.232333244385756 0.4851725773611476 -0.4561689021552174
-1.379555487238745 0.4037660391039563 -0.5068913678977689
-1.253042320726365 0.3069293943463506 -0.4414246648826566
-1.10879202707537 0.382677255489291 -0.3829954192120814
-1.06118564774402 0.5694632839249072 -0.3986531084994016
-1.202104631323254 0.6677523302247643 -0.4878757638028599
-1.229647627595697 0.4845073412565462 -0.4631655548104365
-1.115082727115549 0.3858396890313784 -0.3746194865751833
-1.054894947703842 0.5663008503828197 -0.4070290411362997
-0.8899668361080305 0.6680932804604947 -0.3047653679373059
-0.9693555584641942 0.4763458398123952 -0.2845359668562119
-1.266932321869891 0.1319278834026892 -0.4466997214846345
-1.248966153337873 0.3056202915206914 -0.4510075882939453
-1.383631654627237 0.4050751419296155 -0.4973084444864803
-1.400743403320857 0.2328708512415537 -0.4928256538184729
-1.265235321564507 0.1317708196505771 -0.4572764962153197
-1.422447240329809 0.0555720480244481 -0.4825483614785893
-1.555494862677537 0.1623469178472087 -0.5069133287287073
-1.402440403626241 0.2330279149936657 -0.4822488790877876
-1.266876707449269 0.1319594944731237 -0.4468807997869276
-1.282902222528058 -0.0621364084893719 -0.4501303378186756
-1.443532393221773 -0.1281266114212336 -0.4983145023829114
-1.420805854445047 0.0553833732019015 -0.4929440579069816
-1.269484262211737 0.1318905387712788 -0.4426070302249221
-1.149083278873658 0.02314023230109457 -0.362087226128474
-1.15585814072748 -0.1911562111480126 -0.3715597458277387
-1.280294667765591 -0.06206745278752699 -0.4544041073806808
-1.115438310818987 -0.3313159294122314 0.3651994108124449
-1.129582382590095 -0.1613095666148562 0.3530205024160899
-1.257437142867153 -0.07862073888790762 0.4346128068034077
-1.243214084957109 -0.2487729961349078 0.4467538075003647
-1.108653560260868 -0.3296485256630152 0.3782632447568505
-1.224547290844003 -0.4191825463237925 0.4432477956608771
-1.378514946602588 -0.3402046450800409 0.5045479825484367
-1.249998835515229 -0.250440399884124 0.433689973555959
-1.11779317762206 -0.3329949881889925 0.3636114671989081
-0.9921474774177816 -0.4175731552516296 0.2776963351661367
-0.9402020424569042 -0.6079896162537308 0.3144246612289233
-1.06762299703525 -0.5039927019857332 0.3930838717896057
-1.112629183539171 -0.3306345066716979 0.3693487715305938
-1.2205716675657 -0.4181965653151098 0.4521622688871339
-1.176710470731073 -0.5859482247943248 0.4659779144410184
-1.072786991118139 -0.5063531835030278 0.38734656745792
-1.255107018605218 -0.07820886495915284 0.4382628232121583
-1.38884690196475 -0.1639381482611851 0.488703646385952
-1.382969572898772 -0.3414601749005023 0.4951341650127817
-1.245544209219045 -0.2491848700636626 0.443103791091614
-1.25311350318764 -0.07811470351605242 0.4478339185291144
-1.390840417382328 -0.1640323097042855 0.4791325510689959
-1.532642242248837 -0.07274616142119489 0.5090496495684464
-1.387152463213839 0.003604815760066105 0.4761718807987535
-1.257312357235286 -0.07810254526244367 0.4349439678877146
-1.135699670817246 0.02221580622944716 0.3472264870921992
-1.129130998246084 0.2249968997737752 0.3540053137401903
-1.245772655159568 0.1024955882291743 0.4366035354964086
-1.255783899507599 -0.07823713957023121 0.436436354166973
-1.247301112887255 0.1026301825369619 0.4351111492171501
-1.373581614071123 0.1623775348443283 0.4850566567838152
-1.384482066893881 0.003727251814244892 0.4875694451608948
0.6055126375994218 1.040441281817313 -0.3990830663500428
0.4491766863644197 1.091600726802399 -0.3884129322081104
0.4084192128799075 1.238901981694982 -0.4569172803511934
0.5706224244687473 1.186601525853282 -0.468402388576953
0.6070524724371648 1.041894951998918 -0.3976130474617087
0.6511962216820451 0.8993882513661362 -0.3218649343986024
0.8030521230417191 0.8295495938030605 -0.3539726875931886
0.757113548909787 0.9708886773024299 -0.4279537010534331
0.6042494752435232 1.038154124576719 -0.40405635439439
0.7296437864033273 1.133046843123893 -0.4735244174170936
0.8811946430367106 1.067025473598916 -0.4889326028564795
0.7599165461034284 0.9746295047246286 -0.4215103941207519
0.60302281400887 1.035748725490368 -0.4124428042910625
0.7308704476379806 1.135452242210243 -0.4651379675204209
0.7054304462078292 1.296974812782424 -0.5103453293720946
0.5731122480592991 1.191294082180226 -0.4550426506359332
0.4080620084712262 1.238897417322011 -0.4571915417644336
0.2853115898267317 1.141764799757365 -0.3851036406733299
0.1090643520932636 1.190164218543087 -0.3928806825981755
0.258036518187896 1.279519600089283 -0.4634700623535701
0.4076754586102618 1.237239885067603 -0.4607665651372778
0.5320459010594587 1.350653331665147 -0.4964028787485575
0.7071765155287353 1.30000527248199 -0.5008348762171593
0.571366178738393 1.18826362248066 -0.4645531037908687
0.4074075393940004 1.236370021754957 -0.4703791059936723
0.5323138202757203 1.351523194977793 -0.4867903378921631
0.4818824206156989 1.51608724519845 -0.5022985637384866
0.3836208067105483 1.394253724934418 -0.4861114136720608
0.4077737616609884 1.237468019263343 -0.4596954418744248
0.2583247649981337 1.28094899814795 -0.4609661622435788
0.26092016816117 1.429083417565734 -0.4979185622150511
0.3832545844435602 1.393155727426032 -0.4967950777913083
0.7980127162167028 0.8234630528430366 -0.3659454375619873
0.9144278043940676 0.9111333299105043 -0.4442706529191472
0.8789582334053357 1.064679760061091 -0.494462045892597
0.7621529557348034 0.9769752182624538 -0.4159809510846343
0.7986516299722352 0.824714819539345 -0.3631308019586529
0.9430019747091088 0.764210946847924 -0.4028136279984464
1.060900591922538 0.8381714363818811 -0.4835881200923399
0.9137888906385352 0.9098815632141959 -0.4470852885224816
0.7958520211654309 0.8218164127685719 -0.3622948361987111
0.8436142207239065 0.7097759464511779 -0.2896639898605264
0.7594735206904533 0.6703247450194337 -0.1441715542812219
0.7119468015523193 0.7875056352873722 -0.2230172642130154
0.8040402060886828 0.8293065681615539 -0.3539178473077437
0.8354260358006546 0.7022857910581961 -0.2980409787514938
0.9740848470559181 0.6326259319020615 -0.3600467323761386
0.9376133985926612 0.7596191982257152 -0.4120265826493555
0.8826561646797094 1.068725739823082 -0.4824981392670779
0.910729873119694 0.9070873501485139 -0.4562345595446662
1.06395960944138 0.840965649447563 -0.4744388490701552
1.036564573799198 1.002716522505977 -0.5008632971998076
0.8818044822309704 1.067896714655107 -0.491535545864398
1.037416256247937 1.003545547673951 -0.4918258906024877
1.170299672179525 1.105448676890638 -0.4927319785033158
1.016261772983492 1.171491966100137 -0.4924544012606633
0.8821514748272429 1.068325300206251 -0.4963795701396526
0.8606304657093833 1.234940085994312 -0.4901682604837466
0.9938232081376703 1.337863265817407 -0.481410530213753
1.015914780387219 1.171063380548993 -0.4876103769854087
0.8820432372136474 1.068225158849135 -0.4840533222514162
0.8607387033229787 1.235040227351428 -0.5024945083719827
0.7075057016194193 1.300579897118992 -0.4970795988703589
0.7287951922263906 1.131847157873674 -0.4784036980221567
1.062917384644537 0.8399786450829295 -0.4860594309819711
1.194165847587142 0.9404782572130663 -0.492071412081188
1.170109129831421 1.105290697693979 -0.4953151538178117
1.037606798596041 1.00370352687061 -0.4892427152879917
1.062886894851921 0.8399933481505982 -0.4857600861984541
1.214258918566254 0.7776058049684463 -0.4893414776092145
1.346826685450298 0.874033661705113 -0.4959020498562537
1.194196337379758 0.9404635541453976 -0.492370756864705
1.064051466383227 0.8407515265957735 -0.4746469025595912
1.213094347034948 0.7768476265232711 -0.5004546612480775
1.236414850593253 0.6208826134727988 -0.4821127257530625
1.084878473210787 0.693644006377736 -0.4570673431084284
1.060790786705417 0.8384828986231559 -0.4834827166130055
0.9431117799262302 0.7638994846066491 -0.4029190314777809
0.9685864657223492 0.6283456455211275 -0.3691542835477133
1.088139152888597 0.6959126343503536 -0.4482315290550142
-1.109351067396825 -0.5450156874706933 -0.4214375791347854
-0.9999962983890417 -0.6870195640160885 -0.4128805775051242
-1.048947564088551 -0.8846581179520605 -0.4806148775385498
-1.163794195569514 -0.7138756770533642 -0.4843056577602961
-1.105751292368581 -0.5430169406263565 -0.4354858268698659
-1.167393970597757 -0.715874423897701 -0.4702574100252157
-1.344638188826485 -0.7192763985222708 -0.5107973441838942
-1.280819065249908 -0.5626311800180663 -0.4774852135871057
-1.112500204114876 -0.545715430789554 -0.4183002480742241
-1.206621981050273 -0.3828602248821355 -0.4496906160683045
-1.157643716071044 -0.1923845084638093 -0.3693499652257658
-1.060632349428629 -0.36972789375492 -0.3392025485717769
-1.107163473250571 -0.5439143998359892 -0.4276768340018394
-1.211958711914578 -0.3846612558357003 -0.4403140301406891
-1.38680287844533 -0.4221071042374749 -0.5013526446498777
-1.279406884367917 -0.5617337208084336 -0.485294206455132
0.5034938682396196 -1.199248014000054 -0.4526412449451357
0.340033516057371 -1.136830526104245 -0.3964545620618736
0.1449370795058718 -1.233794016516562 -0.4221169581524441
0.3232313930137087 -1.284151375657634 -0.473817445189105
0.5027116424289357 -1.196258242756021 -0.4592823631318839
0.3240136188243925 -1.287141146901667 -0.4671763270023568
0.3265071914540481 -1.440237104975944 -0.5013694906526939
0.4888242676732857 -1.362790266386042 -0.4953335994559094
0.5023158817848296 -1.195469703258323 -0.4683654677764348
0.6575691318078614 -1.285954689333488 -0.4857698674616521
0.6375997558139314 -1.452810821589192 -0.5031875249186203
0.4892200283173919 -1.36357880588374 -0.4862504948113586
0.5028503428749422 -1.19669579826582 -0.457320051240516
0.6570346707177488 -1.284728594325991 -0.4968152839975707
0.8323507477979433 -1.207821353702807 -0.4988246646522456
0.6584849358446192 -1.113358558729861 -0.4554529969481266
0.9215273039930952 -0.8851198887794191 -0.449047065603869
0.9622013583417932 -1.060872267334179 -0.4943338753319457
0.8321432323511366 -1.207588773542433 -0.49991024166818
0.7973634489801976 -1.010151039662859 -0.4511800741571649
0.9204332333816246 -0.8840731348775718 -0.4597585363775863
1.088686399854871 -0.9355441343557251 -0.4838527394661809
1.134803815552347 -1.092156778414324 -0.5057908392432251
0.9632954289532638 -1.061919021236027 -0.4836224045582284
0.9213495527746622 -0.8850213728444252 -0.4498130645025828
1.045340741163058 -0.7733515299773036 -0.4564021446396537
1.208635408702619 -0.8277809067990436 -0.5005805277537162
1.087770080461833 -0.9345958963888717 -0.4937982113411843
0.9232835736110208 -0.8865299667468847 -0.4449653110452488
1.0434067203267 -0.7718429360748441 -0.4612498980969879
1.01854349289374 -0.6163740894970706 -0.3880990819253083
0.9026323264551857 -0.7369301642616458 -0.3762366591273373
-0.9525115542735311 -1.137616892022964 0.496858605075768
-0.9390341257526619 -0.9623938007228059 0.4782382686669586
-1.08793613051834 -0.8477416684843925 0.4822308681514648
-1.108677645679945 -1.033264481443251 0.5026094935616151
-0.9524649137019251 -1.137788804260613 0.5030415564513088
-0.8339797202251172 -1.248909284151487 0.4966750862774181
-0.8649616828475031 -1.448990000716771 0.4670316602530828
-0.9791705599176017 -1.313253898962601 0.4770796902839717
-0.952818987191749 -1.137845502058735 0.5042010780256801
-1.108370212761727 -1.03303587140748 0.495267020611703
-1.286328808141279 -1.115117894327753 0.4620347553346775
-1.119737001101305 -1.201852866302219 0.4745095266960561
-0.9535774720789826 -1.138947373845304 0.5082907622261661
-0.9780580015405442 -1.312095329377911 0.4718304845091143
-1.115291833765471 -1.34695346071565 0.4434982151858151
-1.118978516214072 -1.20075099451565 0.4704198424955701
-1.082272419996729 -0.8434951678712808 0.4957583138727359
-0.9368092852333885 -0.7880009685184864 0.4018771535245498
-0.9304324522043458 -0.6019731462572018 0.3295032183344445
-1.065664834445273 -0.679594219518293 0.4264590991980578
-1.088468164521118 -0.8482048890093031 0.4982594795572031
-1.244514765486269 -0.9284489234110747 0.4839324640050535
-1.286553409225839 -1.115352504816893 0.4707208937905036
-1.108145611677167 -1.03280126091834 0.4865808821558768
-1.087551306424767 -0.8474172061670199 0.4883377712878688
-1.205950654457804 -0.7508039166546711 0.4903910347056917
-1.357677383480717 -0.821827961407456 0.4955920990941844
-1.245431623582621 -0.9292366062533579 0.4938541722743878
-1.088828417205977 -0.8481820137345949 0.4810793506106625
-1.059108837236025 -0.6749073736549789 0.4411380624601313
-1.178660871770653 -0.5869790821784046 0.4606402039527804
-1.204673543676594 -0.7500391090870959 0.4976494553828981
0.4857088686448047 1.230587528187876 0.4651131104629315
0.512734740744839 1.079533556063245 0.3992241855656971
0.6684999317821598 1.009710158300498 0.4051137899596182
0.6406725183779508 1.163110454516954 0.4719293248532366
0.4851143800402825 1.22943818814577 0.4679649272258973
0.6412670069824731 1.164259794559059 0.4690775080902708
0.7765904878994564 1.265168443163592 0.5005433080501738
0.6206185586904418 1.320428300687724 0.4975244895967625
0.4851125011961931 1.229386986827304 0.4682105571483337
0.3297051240721539 1.288989489890434 0.4692879817818775
0.3060183174806247 1.457530891606391 0.5009143334887759
0.4638767104697071 1.384597820614106 0.4973751624504497
0.4848608905911704 1.228788251792769 0.4762553352057337
0.4641283210747298 1.385196555648641 0.4893303843930498
0.6007353939592216 1.467780896357139 0.5014732600636874
0.6208720481395538 1.321078237040726 0.4892340816169262
0.6660976843886215 1.005739881005522 0.4176271048377313
0.7968224534619944 1.101303574630591 0.4683237210709257
0.7747827291104402 1.262347505910721 0.5102048061653212
0.6430747657714891 1.16708073181193 0.4594160099751237
0.6672290193610602 1.007759761591328 0.4099554409836882
0.8191065032523013 0.9385314557599352 0.427019811878368
0.9464336030848521 1.029646567150025 0.4926137564502243
0.7956911184895558 1.099283694044785 0.4759953849249687
0.6706648068465808 1.011811085338486 0.4024845922566394
0.696546402859031 0.8557058890872484 0.3144063345302333
0.8533869672143509 0.7888598439287773 0.3600949093776441
0.8156707157667806 0.934480132012777 0.4344906606054168
0.6604827917628008 0.9977503052935368 0.4163149187898424
0.706728417942811 0.869766669132198 0.3005760079970302
0.5984166583775088 0.8039794651993295 0.1326825682016319
0.5577436705533377 0.9488313047323921 0.2732515567058452
0.7768893847981782 1.265618031004212 0.4966565676477805
0.7947157977742565 1.0980330495371 0.4818719595884662
0.9474089238001514 1.03089721165771 0.4867371817867267
0.9385222829443999 1.201567987461456 0.5024809532149491
0.7766203940186952 1.265238176978028 0.4984454469273441
0.7436548045754421 1.42566145136746 0.4895448926968879
0.6010187895275725 1.468500566524577 0.4910849909610213
0.6205886525712029 1.320358566873288 0.4996223507195923
0.7778627145070895 1.267335882706605 0.5089011595788986
0.9068829487531703 1.37117750799605 0.4689829983087521
0.8500741159445808 1.536686335756478 0.4399365071374123
0.7424124840870477 1.423563745638883 0.4790891800453335
0.7771843611685735 1.265972048431268 0.5042686151109489
0.9075613020916864 1.372541342271387 0.4736155427767015
1.091355567452623 1.308299134113549 0.4614872081199802
0.9382273065740045 1.2012139700344 0.4948689057517807
0.9441918828686579 1.027568584343004 0.498082233343762
0.9705130393571897 0.8696834284091332 0.449548299735121
0.847709459512636 0.7827305373745981 0.3730342349982307
0.8213482234684956 0.9406094385669562 0.4215513349848302
0.9479599821347812 1.031279843356892 0.4857373598002935
0.9667449400910664 0.8659721693952457 0.4618931732785895
1.117228495191542 0.7948013098851474 0.4787139876622273
1.098316139559655 0.9597424390136646 0.5024731464787056
0.9472749778310361 1.030716504490466 0.4947497662132046
1.0990011438634 0.9603057778800909 0.4934607400657945
1.23614042248664 1.05874791084106 0.4883954673778952
1.093106987120124 1.134095579733837 0.4893947773320894
0.9479683620687949 1.031544555800149 0.5012739039534705
0.9379628446757564 1.200920643319018 0.4879442310482052
1.091620029350871 1.308592460828932 0.4684118828235556
1.092413602882365 1.133267528424154 0.4828706395918233
0.7607353377172883 0.6711673794649304 -0.1400626892153757
0.7275161706608656 0.6966271829004478 0.04185963213195836
0.6021448617017384 0.810899098208592 0.1234332680024546
0.6427670684634957 0.7787358712436003 -0.06477672177281833
0.7594975089495 0.6714210121024632 -0.1437810754763499
0.8435902324648599 0.7086796793681487 -0.2900544686653984
0.9659206503917129 0.6262320435921089 -0.368033242462234
0.8820685145510212 0.5822346822686104 -0.215425304776794
0.7567280189025295 0.6688506994183964 -0.1399659745554477
0.7315234894756244 0.6989438629469819 0.04176291747203037
0.8123982465782202 0.5997311732605417 0.1393366666445787
0.8328827576978044 0.5754283802704375 -0.04811571410561617
0.7712910629823765 0.679731079446351 -0.1376310776145843
0.8183197136179574 0.5645480002424828 -0.0504506110464796
0.9248882499612354 0.4493477054841751 -0.1383089775317974
0.8702749605181446 0.5739246149247224 -0.2215753026385597
-0.9935400692708504 0.8390630166127093 0.4593339945135116
-1.155117890443559 0.873674111484662 0.4965020282852414
-1.26509200911533 0.7462133075292215 0.4998346144247853
-1.101422550137494 0.7129748058061032 0.4624502416463827
-0.9947181779316421 0.8402808453124514 0.4560980662260418
-0.8859127202224251 0.9552185088796115 0.4625474422736029
-0.7084838259993872 0.9564981201644807 0.3889266254973606
-0.8359447750670729 0.8219336293476269 0.3814076502810864
-0.992750081252645 0.8383800412897547 0.4696910182934102
-1.155907878461764 0.8743570868076166 0.4861450045053429
-1.208573966703349 1.037085431570804 0.5022812239649256
-1.057200440539016 0.9869050476035732 0.4858120639542761
-0.993659089111088 0.8391408538638233 0.4587492056796768
-0.8869718090429791 0.9563585003282397 0.459896302819968
-0.9689974618453706 1.084487033365342 0.4981284269963964
-1.056291432680573 0.9861442350295047 0.4967538765680096
-1.265719549453401 0.7465415329306498 0.4954362312896957
-1.383082554222953 0.6210281093144264 0.5033233700369648
-1.319075355141541 0.4543766842642328 0.4851709099661301
-1.209138257807294 0.5849776305535734 0.4785504172444047
-1.265216312057968 0.7462994842652592 0.4981747433490971
-1.154993587500922 0.8735879347486244 0.4981618993609296
-1.209488257664192 1.037854583629797 0.4902643291093388
-1.312797800965856 0.9189016798596323 0.4902641218963177
-1.26603948995582 0.7466733819799196 0.5041504492340985
-1.382762613720535 0.6208962602651567 0.4946091520925619
-1.565978233911462 0.6628489495549696 0.4635346240388257
-1.432201498239064 0.7939627296363551 0.4753468388368586
-1.267216080410557 0.7475201889636992 0.5088725027779091
-1.431024907784327 0.7931159226525755 0.4706247852930481
-1.457965101639056 0.9683307119321156 0.4440317737814396
-1.310798032613267 0.9176809751611923 0.4795663624675058
-1.314473198613974 0.4529799357740068 0.4968056715808999
-1.271333450434912 0.280367072802221 0.4491631120156963
-1.123077686409115 0.2236666300420636 0.3645354523427651
-1.16652864729698 0.4126344773568963 0.4147494873154471
-1.319652417626862 0.4546008791637446 0.5002621715755676
-1.382505491737632 0.6208039144149147 0.4882321084275273
-1.566235355894364 0.6629412954052116 0.4699116677038603
-1.49385072507863 0.4948132661825504 0.4828822510092863
-1.318784716539669 0.4542433335261633 0.494557788531576
-1.494718426165823 0.4951708118201318 0.4885866340532778
-1.593256580920088 0.3665687254143288 0.4873037788891175
-1.427190639396905 0.3273832147540757 0.4929475547113049
-1.319694500896445 0.4544097237088985 0.4842908957836374
-1.266112148152441 0.2789372848673293 0.4616778878129588
-1.374278062244312 0.1626116473552959 0.4815796333098689
-1.426280855040129 0.3272168245713405 0.5032144474592435
-1.384524997562076 0.405413402834234 -0.4929269806069381
-1.359889521783474 0.5908772871318582 -0.5034146136031349
-1.204388524856527 0.6687344578504407 -0.4809080291672482
-1.227363734062424 0.4835252136308698 -0.4701332894460483
-1.383839076181053 0.4051176290961281 -0.4953219013244599
-1.543471485651845 0.3374830108693636 -0.4948624199764691
-1.557399284536737 0.1625464687658335 -0.4943500108360017
-1.400535981767041 0.232828364075041 -0.4948121969804932
-1.385917480043399 0.4056915970908028 -0.5077749807808202
-1.521769763337761 0.5169016689072825 -0.4767444608321766
-1.683464048335595 0.443680043981851 -0.4504516106474336
-1.541393081789499 0.3369090428746889 -0.4824093405201088
-1.384169474555122 0.4052433573925057 -0.5003417668664483
-1.523517768826039 0.5173499086055795 -0.4841776747465486
-1.495759782173689 0.7006568391279506 -0.4802600425188488
-1.360245044790429 0.5910473325735865 -0.4959998273436247
-1.19798555732412 0.6649024121539573 -0.4950758686704379
-1.065304721743155 0.5723132019957142 -0.3914530036318237
-0.8795570620687176 0.6620809288476002 -0.3203414054417819
-1.032146294035091 0.7425224069936426 -0.4307343306354032
-1.204992030594116 0.6693631454401089 -0.4795601975609365
-1.025139820765095 0.738061673707491 -0.4462500017449046
-1.013667642249734 0.8997456934997959 -0.4731133553206739
-1.174218655517582 0.8306064797340235 -0.5014089595720455
-1.203630649186712 0.6683996682450253 -0.4901518748818048
-1.175580036924985 0.8315699569291071 -0.4908172822511771
-1.314178225905654 0.9300177131918833 -0.4932944002504127
-1.339009376031996 0.7670264134350864 -0.4925871655386796
-1.203945267907889 0.668547050527872 -0.4937428261284129
-1.360332778732112 0.5910646944544269 -0.4905798166419701
-1.495672048232006 0.7006394772471103 -0.4856800532205033
-1.338694757310819 0.7668790311522397 -0.4889962142920715
-1.557402422631368 0.1625350263015131 -0.4944368974079243
-1.420539680375978 0.05538393957014363 -0.4950247927993724
-1.443798567290843 -0.1281271777894758 -0.4962337674905206
-1.575112273185581 -0.004023821219861523 -0.4955315226910723
-1.55805486459626 0.1626750262800628 -0.4977390509402954
-1.542815905592322 0.3373544533551343 -0.4914733798721755
-1.682041224532772 0.4432346335014056 -0.4413875712953669
-1.696071732290704 0.2607653835681718 -0.4485213151072777
-1.562034395286107 0.1630320342938655 -0.5056424265412195
-1.692092201600857 0.2604083755543691 -0.4406179395063536
-1.833419365756087 0.1740614917220408 -0.3793601792093036
-1.703755078040841 0.09644450506007186 -0.4432356536812285
-1.557706971825862 0.1625537295764023 -0.4966609796405371
-1.574807723991087 -0.00404252449475072 -0.4933074404584594
-1.71833172028385 -0.04649192955860682 -0.4506727690592648
-1.708082501501086 0.09692280977753501 -0.4522171005819108
-1.439162704124317 -0.1276935121618109 -0.5082061906124902
-1.287271911625514 -0.06256950774879462 -0.4402386495890967
-1.148880896867557 -0.190654156186745 -0.3857252036193229
-1.327070890305473 -0.2465756212785147 -0.4646510071155339
-1.4444004237771 -0.1282360117082104 -0.4924278917593221
-1.32183317065269 -0.2460331217321152 -0.480429305968702
-1.388614509758929 -0.422720282460375 -0.4925729982626513
-1.507882361359006 -0.2866772153463403 -0.5037501159203145
-1.445211840666212 -0.1283546901272419 -0.5056679453478328
-1.507070944469894 -0.2865585369273088 -0.4905100623318037
-1.691476044928567 -0.3092125483169029 -0.4581654889109735
-1.620472397605906 -0.1614220817448749 -0.4745973279881843
-1.445376055485275 -0.128290513764291 -0.5062062259074147
-1.620308182786843 -0.1614862581078258 -0.4740590474286026
-1.719604659283788 -0.04667396880831124 -0.4584211452435461
-1.573534784991149 -0.003860485245046295 -0.4855590642741782
0.3061283298971516 1.458104014013295 0.4966131410626913
0.1370726682766109 1.525782760035496 0.5022326358379166
0.009366196182426885 1.398873820923986 0.4863193311407866
0.1715739132269463 1.345033018768397 0.4821838897642196
0.3061572719525096 1.458837256351678 0.5052078183314523
0.2775006187181056 1.631431811887441 0.469735051981603
0.09564883473259363 1.71953143892744 0.4537841302435527
0.1370437262212529 1.525049517697113 0.4936379585691555
0.3060559720837489 1.457635471549532 0.498458688200955
0.4460932651232954 1.547185025991482 0.4891569327105434
0.6010246591673684 1.468484211334816 0.4909728367184666
0.463839055866583 1.384493240670965 0.4998308077382705
0.3066070147962905 1.460089773143456 0.5088904007987575
0.2770508758743247 1.630179295095664 0.4660524695142978
0.4288676435261558 1.707988461130707 0.4369344578993833
0.4455422224107538 1.544730724397559 0.4787252201127409
0.0094787665485692 1.394569527911059 0.4972702333288433
-0.1318120681236739 1.301912761377276 0.4525808841770607
-0.136247271296371 1.146830310947878 0.3731810964503776
0.02438473522459482 1.246210353440984 0.420932905382745
0.00942779664639914 1.400151684557973 0.5026345637849761
-0.02385792321803819 1.581765752955878 0.4799245327452977
0.09568149314120786 1.720076060223044 0.4615046856189811
0.1370110678126387 1.524504896401509 0.485917403193727
0.00936946467366674 1.39871567973891 0.4948692945782734
-0.02379959124530579 1.583201757774941 0.4876898019520003
-0.1759845242754906 1.623557243036784 0.4872979719166166
-0.1453797199846181 1.459888331794733 0.4936577557554337
0.00923022223653323 1.399489700725399 0.4854252920025035
-0.1315635238116379 1.296992588562936 0.4644258255034006
-0.2696527398158579 1.361921902454563 0.4829790066477492
-0.1452404775474846 1.459114310808244 0.5031017583312036
-1.383330265798036 -0.3415156834131264 0.492686876912866
-1.388486209065486 -0.163882639748561 0.4911509344858677
-1.534996450565679 -0.07289583137691938 0.4970312661515746
-1.532275135402006 -0.2563162811028424 0.4987378586976635
-1.384702100684795 -0.3418077176209313 0.5046577945154618
-1.514043965059789 -0.4294448356806135 0.4839583246880326
-1.675521533963334 -0.3541236813613965 0.4636193630319324
-1.530903300515246 -0.2560242468950375 0.4867669410950677
-1.383891041060258 -0.3417445585151129 0.4919201002046916
-1.219171196386333 -0.4176426328887206 0.4558756780046221
-1.178110941910441 -0.5865021572207142 0.46226450532353
-1.345626118223481 -0.5058009108419307 0.4985601905810599
-1.383275685316049 -0.3415116220021245 0.4956885227451658
-1.515470380428535 -0.4297409312994204 0.4929275964583286
-1.482614297684613 -0.5920991478817048 0.4919872916000314
-1.346241473967689 -0.5060338473549191 0.4947917680405857
-1.53556240131342 -0.07299338266512012 0.5013252762521028
-1.662495681241671 -0.1486495899747265 0.4676229876275131
-1.674715649824316 -0.3539291984417924 0.4559424555298648
-1.531709184654265 -0.2562187298146417 0.4944438485971352
-1.534818248955516 -0.07289677210881312 0.4996563986571239
-1.384976456507161 0.003755426447684342 0.4855651317100759
-1.373087224457843 0.1623493602108888 0.4870609702346341
-1.503444037120182 0.07532381639225302 0.4989712255104994
-1.537143824799662 -0.07295942170498707 0.5053791226537395
-1.660914257755429 -0.1486835509348595 0.4635691412258764
-1.7695265107158 -0.01850212442455352 0.4292135815115113
-1.635497065150092 0.01514736450232236 0.473915172697691
-1.534721068447357 -0.07288384128933394 0.497277034447181
-1.503541217628342 0.07531088557277382 0.5013505897204423
-1.601431074482866 0.1364147495531954 0.4869444260658888
-1.637919821502397 0.01507178408666923 0.4820172609042495
0.8483113936471434 0.783856506632966 0.3703018645286369
0.9892790464988838 0.7242262188929345 0.4107486828964222
1.114062330059926 0.7922160201296279 0.4883264907361021
0.9699111052226823 0.8685574591507652 0.4522806702047147
0.8537954491515785 0.7880781012246247 0.3606892910767656
0.9837949909944488 0.7200046243012758 0.4203612563482936
1.010060515600642 0.5992274245878156 0.372038870847
0.8809174802899535 0.6542213435798913 0.3056340775697945
0.8464879910315288 0.7812638498499113 0.3685234971898118
0.703445379041853 0.8633018831661143 0.3059777467180656
0.6016996972784667 0.8104442511654131 0.1272808294805966
0.7566426306307362 0.7338033709696448 0.2097797150886038
0.845561749614306 0.7814615515672598 0.3689188815611609
0.7575688720479591 0.7336056692522962 0.2093843307172548
0.8150341595524845 0.6017907079812455 0.1434828978341417
0.8891511798272259 0.6608378932372561 0.2974044870853993
1.114123264866863 0.7926528493874831 0.4879193166471532
0.9892181116919468 0.7237893896350791 0.4111558569853712
1.004637394903144 0.5954426592540122 0.3812442702099225
1.122726824474515 0.6494623444113836 0.4506281370011743
1.116400068241734 0.794121379097697 0.4906603556411929
1.245495207205407 0.8839570052263741 0.4914180173861983
1.235996999840577 1.058631318920036 0.4913294289439497
1.099144566509463 0.9604223698011151 0.49052677849974
1.11628535129328 0.7940187037022929 0.4882963966628311
1.247811569317983 0.7163619814451156 0.4907452219605011
1.3818787899508 0.7977373139313891 0.4962106135297702
1.245609924153861 0.8840596806217782 0.4937819763645601
1.117317766312508 0.7946177930408853 0.4792467264593638
1.246779154298755 0.7157628921065232 0.4997948921639683
1.248872065480923 0.5593533729105888 0.4785258329972599
1.119532323028869 0.6474974007579816 0.4593007271889636
1.000367979374334 0.592556503225674 0.3811794044904386
0.8906100165162615 0.6608922649420329 0.296493543926356
0.813575322863449 0.6017363362764687 0.144393840993185
0.9223234673160388 0.5318297336278486 0.2263978364868981
1.004594691043676 0.5956939434875868 0.381093986877073
1.122769528333983 0.6492110601778092 0.4507784203340238
1.24563486017581 0.5576397134907612 0.4870481398521999
1.12457194598741 0.5207948871713984 0.4200796951992878
1.002215632759842 0.5944994791919803 0.3797264803794628
0.9204758139305312 0.5298867576615423 0.2278507605978738
0.9430706850833219 0.39300721505166 0.1656366939148277
1.020813399210024 0.4647757292173397 0.3170316305099912
1.009684370164812 0.5982161077182565 0.3726631100826889
1.013344661805054 0.4610591006910634 0.3240950008067651
1.125925799706866 0.4096253013847067 0.3928080993639521
1.119482266866274 0.5182727229407287 0.4285105719936719
1.119209132858174 -0.5109098961110883 0.4189812880174321
1.018680536966943 -0.6669849628392499 0.4147044925855285
1.07254031819578 -0.7928822819910507 0.4697418805760767
1.163775503456624 -0.6474682087059304 0.4726748517044446
1.116619653466814 -0.5094376530200155 0.4271110575448683
1.284549963585665 -0.5448229126090729 0.4818667020761632
1.308209547463179 -0.6434826398969078 0.5049833970113017
1.166364982847984 -0.6489404517970031 0.4645450821770082
1.115944682592257 -0.5095682201450038 0.4302881378595864
1.275914428419082 -0.4117086275375882 0.4632515782656145
1.426000762221757 -0.4791561117194688 0.5097044161967778
1.285224934460222 -0.5446923454840846 0.4786896217614452
1.072981189975068 -0.7935206187589762 0.4675993054429705
0.931817336464606 -0.8198755656006745 0.4323953741457794
0.8622833942690094 -0.9759185720340959 0.4549018550304179
1.006325452574022 -0.9438105790792829 0.4893708266361718
1.071436785644593 -0.7921444880653938 0.4751440862800176
1.007869856904497 -0.9451867097728652 0.4818260457991247
1.093871476531867 -1.071501811291984 0.5028391673265548
1.150589093405918 -0.917641957945274 0.495316882170675
1.071889622954693 -0.7925055451168586 0.4711775455888074
1.164426198697711 -0.6478449455801225 0.4712391866917138
1.310148331613452 -0.6445781461137884 0.4982892924965961
1.221770948667306 -0.774734994940646 0.4972699067009975
1.071271027055349 -0.7920971668875365 0.477987985014226
1.150754851995162 -0.9176892791231314 0.4924729834364667
1.285117001206501 -0.8882737037932794 0.5027165797705815
1.222389544566651 -0.7751433731699681 0.4904594672755789
0.8603932008051306 -0.9740675240640289 0.465052613809959
1.008215646037901 -0.94566162704935 0.4792200678566307
1.093525687398464 -1.071026894015499 0.5054451452690487
0.9377884771226112 -1.100957072310537 0.4905195601205602
0.8605366903482917 -0.9741391242135337 0.4637089371388951
0.7715624332184874 -1.114795450950008 0.4733338977364032
0.8573513773059089 -1.255759649575645 0.5046502601548988
0.93764498757945 -1.100885472161032 0.4918632367916242
0.8622915856968305 -0.9765012478861259 0.4544868928579343
0.7698075378699486 -1.112433327277416 0.482555942017364
0.6005399887477116 -1.120707408649331 0.4396003260872841
0.7223578169323471 -0.9780851112179604 0.4169138971372987
0.8584501505609538 -0.9716168439989173 0.4642459029408535
0.7261992520682239 -0.9829695151051689 0.4071548870543795
0.7139794463893209 -0.851107206659126 0.3248866864002006
0.8171015768613438 -0.844068846422754 0.3704539120121927
1.094219344742435 -1.071750985815081 0.4961648656173767
0.9370948197786397 -1.100232980510954 0.4997998397722322
0.8579015451067192 -1.256412141225722 0.4967136571742906
1.019206246277898 -1.233224176849997 0.4927721096273894
1.095451053432154 -1.073153990398788 0.5047379573340112
1.017974537588179 -1.23182117226629 0.484199017910755
1.101050936057167 -1.366056932117487 0.4371289571743283
1.169819104289965 -1.21077336268309 0.4586396589206802
1.095854765176685 -1.073300095263487 0.5055559650350685
1.230073154756005 -1.050171220716823 0.4789403246598761
1.309177070272966 -1.189623207832655 0.4294261515125774
1.169415392545434 -1.210627257818391 0.4578216512196229
1.09413043100288 -1.071708212610635 0.4965793799029287
1.23179748892981 -1.051763103369676 0.4879169097920159
1.285541714266758 -0.888527426289788 0.4936128936127469
1.150330138934905 -0.9174355566266228 0.501576669594301
1.312041441637845 -0.6454265908097676 0.5081630902623847
1.389843104749992 -0.7611349772469976 0.4826673996089891
1.574375775614658 -0.7498042185126239 0.4474529564693991
1.437260425766777 -0.6245946816731639 0.4854291211385026
1.310255541290234 -0.6446224236919236 0.4947023536112974
1.282503969758609 -0.5436831288140571 0.4921477454761675
1.428721726923369 -0.4801653283894963 0.4962462924820554
1.439046326114387 -0.6253988487910079 0.49888985778959
1.310095582578208 -0.6445506358478601 0.4973327584727586
1.391788963809629 -0.7620109322089051 0.4934977313986152
1.285682848070602 -0.8886545717566732 0.4949496063213253
1.22182369770255 -0.7747625052065743 0.4982264407248349
0.8571194022207534 -1.255193105078465 0.5067864967960479
0.677151565291146 -1.280796212816716 0.4899570429949184
0.5985531183140174 -1.11777874047956 0.450958607009394
0.771794408303643 -1.115361995447187 0.471197661095254
0.857926837842045 -1.256367233461661 0.4969733358946915
0.6763441296698544 -1.27962208443352 0.4997702038962748
0.5740877540293678 -1.467777427487896 0.4915938477147437
0.7611988039017937 -1.420334725854541 0.4900197311810153
0.8589317278501828 -1.258034352099967 0.5057253090563327
0.760193913893656 -1.418667607216235 0.4812677580193741
0.8484972701984463 -1.530686201188363 0.4401570437478179
0.937010875761386 -1.386110875555834 0.4622238061190604
0.8590964183402053 -1.257966568763256 0.5057968672715201
0.9368461852713634 -1.386178658892545 0.4621522479038729
1.101014100600934 -1.366208355071313 0.4376390755549232
1.018011373044412 -1.231669749312464 0.48368889953016
1.235757071751472 1.058420837858398 0.4817475987212371
1.245735135294512 0.8841674862880121 0.5009998476089109
1.381753578810149 0.7976295082651552 0.4889927422854193
1.366951883828958 0.9598786377876558 0.4719736818895309
1.235884872612913 1.058455625632299 0.4827256551884627
1.09336253699385 1.134387864942598 0.495064589521522
1.090671095239386 1.307472124310488 0.4562179328938571
1.222252736090517 1.199684714477316 0.4534057397945478
1.237221021524543 1.059509049035062 0.4866723733435312
1.365487934055887 0.9587904266109918 0.4670489072672367
1.474477218128414 1.017373335163036 0.4105344577833532
1.349412623791959 1.10195780739619 0.4334318256024272
1.237598920718167 1.060005256101098 0.4876616358847109
1.220538687985263 1.198135084008517 0.4484697590982996
1.332882552880074 1.22570065374407 0.3974930392386627
1.349034724598335 1.101461600330154 0.4324425630612476
1.17007080735519 1.105274344945039 -0.4860612152424529
1.194204170063373 0.9404946099620066 -0.5013253506565469
1.346818852766683 0.874002605888504 -0.4869474560644119
1.30457453077077 1.024865524778269 -0.4758687633082669
1.169967629735472 1.105065694854765 -0.4858102799170733
1.016593815427545 1.17187494813601 -0.4993760998469057
0.9931441730973448 1.33705169823039 -0.4696448073522559
1.148996190262802 1.263171229632119 -0.4570895692000586
1.172967923056028 1.108185445188806 -0.4950129717235897
1.145995896942247 1.260051479298078 -0.4478868773935424
1.272614477859459 1.334721684747686 -0.3734762397656777
1.278758718377695 1.177387309595602 -0.4302844054034368
1.171068687452802 1.106144483306676 -0.4901716819255229
1.280657953980921 1.179428271477731 -0.4351256952015035
1.390403642834594 1.090346385451362 -0.4258087180305623
1.303576650673158 1.023995386416632 -0.4717582966251969
1.347015818010007 0.8741676819477602 -0.4935881717067611
1.214069786006546 0.7774717847257991 -0.4916553557587072
1.235439411621655 0.6202584552702708 -0.4909120312424327
1.369364593525196 0.7196632566475771 -0.4928712647204236
1.34659234502007 0.873950795816235 -0.4866170702364673
1.369788066515133 0.7198801427791023 -0.4998423661907174
1.521173044355642 0.6621990646565863 -0.4718000452939507
1.490623362049557 0.8216672133736184 -0.4596238470054298
1.350144678386961 0.8760311437519027 -0.4957063636170618
1.487071028682667 0.8195868654379507 -0.4505345536248352
1.590065255858565 0.9213184803988537 -0.3790199818738625
1.443315016568345 0.9627253007157919 -0.4324016745277491
1.347965463581392 0.874812737057086 -0.491282081881256
1.445494231373914 0.9639437074106086 -0.436825956263555
1.39055237355169 1.090286378258307 -0.4260328771643365
1.303427919956061 1.024055393609687 -0.4715341374914228
0.9936875695991497 1.337749862595213 -0.47398144429657
0.8133747215449486 1.420508599605241 -0.4784253075049937
0.7074783006944941 1.300566635253914 -0.5019767608414123
0.8607661042479039 1.235053489216506 -0.4975973464009294
0.9935648848771688 1.337578226833239 -0.4719092587799104
0.9399995636249522 1.517684848921657 -0.4102825738967641
0.7327852197875834 1.612210031254691 -0.4206220775073136
0.8134974062669296 1.420680235367215 -0.4804974930216534
0.9947982334486879 1.339017252885995 -0.4749531425130102
1.147342129911459 1.261205674976514 -0.4517812340393041
1.271268244890246 1.33356748906925 -0.3695818831199157
1.119091757022828 1.422389292284549 -0.3874636673055992
0.9971986541645276 1.342757143416764 -0.480230847343198
0.9363657943375934 1.512505932338132 -0.4019609853334765
1.079592807529988 1.579934631663447 -0.29892060740364
1.116691336306989 1.418649401753781 -0.3821859624754116
-0.7089591796627546 0.9580568969336117 0.3870195510162203
-0.5128507618473849 1.024723984397327 0.3603767557883042
-0.4587004370759422 1.170723294864759 0.4311538729594646
-0.6314402610920018 1.10993867841548 0.4533593389811802
-0.7057722971270208 0.9526724961631421 0.3989651286536108
-0.8043892906795631 1.087150360241078 0.4691117930978766
-0.7384826084736918 1.222232277570867 0.5028471275520329
-0.6346271436277355 1.11532307918595 0.4414137613437896
-0.7050064402494622 0.9525511856477157 0.4008465768730832
-0.88939010597235 0.9591654433963765 0.4506274908978802
-0.9665791649159997 1.081680090297205 0.507397238918484
-0.8051551475571217 1.087271670756505 0.4672303448784042
-0.4569505249815122 1.16755185001263 0.4371938377692306
-0.584297584142669 1.273694049266284 0.4883549595133693
-0.7399195789149956 1.224445233489208 0.4969415147244083
-0.6331901731864318 1.113110123267609 0.4473193741714142
-0.4563382776962928 1.165831684732221 0.4463114614327902
-0.5849098314278884 1.275414214546692 0.4792373358498098
-0.5573343656014954 1.43183184171888 0.5092998122392004
-0.4282441431971271 1.320337769673571 0.4759379042653241
-0.4577258140742774 1.170221912377886 0.4325811230098451
-0.3246793901873389 1.090224633217673 0.349656905357283
-0.136919487729502 1.152922632704275 0.3625900216850683
-0.286304831324804 1.220609664281853 0.4393158738188095
-0.4572653249731457 1.168270649067471 0.4349386617188818
-0.2867653204259357 1.222560927592268 0.4369583351097727
-0.2696159228358213 1.361142788086205 0.4865904119178164
-0.4273170959202742 1.317898805338322 0.4873107039792323
-0.7402113561264296 1.225016342112274 0.4934169840675848
-0.5840058069312349 1.273122940643217 0.4918794901701928
-0.5582383900981489 1.434123115622355 0.4966576579188173
-0.7290900960022578 1.378752923795626 0.4982488086890526
-0.7410788626444942 1.226234502416882 0.5050776773675304
-0.8649271191792973 1.2602980460123 0.4892608817103622
-0.887324541389699 1.473814364964947 0.4594405318566361
-0.7282225894841933 1.377534763491018 0.486588115389107
-0.740499844647765 1.225401483690648 0.4908045601711691
-0.8655061371760265 1.261131064738535 0.5035339989067236
-0.9693622579676314 1.084970606932412 0.4934732233181479
-0.80237205450549 1.083981154121298 0.4811543604787403
-1.210080793003817 1.038269786348915 0.4930629305067213
-1.333178839629325 1.074950107410185 0.4503100260911785
-1.456557868626092 0.9675252099527933 0.4361326157500102
-1.312205265626231 0.9184864771405146 0.4874655204989353
-1.210224057738227 1.03868989099599 0.4941413966441393
-1.107819038887909 1.157717556923822 0.4861692365039692
-1.13994424651622 1.345856164788901 0.4284565469043201
-1.227419725469872 1.201073875813263 0.4467782496413486
-1.209500095751166 1.037862130442838 0.4904767962238734
-1.10854300087497 1.158545317476975 0.489833836924235
-0.9690145830347451 1.084502919663307 0.4972658118690776
-1.056274311491199 0.9861283487315398 0.4976164916953282
-1.211208385667861 1.039392005538359 0.4963149251641918
-1.226435397540238 1.200371761270894 0.4446047211212961
-1.326876218367118 1.214025348650277 0.4080122028270239
-1.33205124696528 1.073827888220741 0.447058031433708
-0.5585777795972159 1.434749195360858 0.5015511024840762
-0.7287507065031908 1.378126844057123 0.4933553641237937
-0.8867964243707014 1.473222284398841 0.4526732831219494
-0.6948472613932624 1.525639230147756 0.4644820241977498
-0.55818920528991 1.433963356142746 0.4994518480289974
-0.4273893035087125 1.318206255249705 0.485785868475527
-0.2695437152473829 1.360835338174821 0.4881152474215218
-0.4003962176492053 1.449826468810856 0.4990188587586663
-0.5590765830366424 1.43632823434199 0.5055286632160637
-0.5224413406204428 1.550137471538579 0.4734693174369585
-0.6359449559600374 1.661520556749079 0.4235409934655711
-0.6943484579538358 1.524060191166624 0.4605044634657623
-0.5581296198715691 1.433839489750659 0.4968521221356608
-0.5233883037855162 1.552626216129909 0.4821458585173614
-0.373268930418707 1.553773559276517 0.4886243867632114
-0.4004558030675462 1.449950335202943 0.5016185846520029
1.235865256902198 0.6204947635267042 -0.4955685313421604
1.368938748244653 0.7194269483911437 -0.488214764620696
1.522022362626122 0.6626522590445448 -0.4834276468639722
1.393484487190086 0.5752301714621502 -0.4903555679900837
1.232221739456098 0.6184442762952755 -0.4929379118720078
1.089071584347942 0.6960823435552593 -0.4462421569894831
0.9676540342630044 0.6281759363162217 -0.3711436556132444
1.111623104896108 0.5625550590237643 -0.421413094811231
1.234616121372216 0.6198892793470848 -0.4881345449042985
1.260917324369473 0.4996489851946233 -0.4764710234001253
1.1311080711053 0.4381654793977342 -0.4122519559622143
1.10922872297999 0.5611100559719551 -0.4262164617789404
1.235716462336542 0.6203896325700399 -0.4841993821948174
1.259816983405148 0.4991486319716683 -0.4804061861096062
1.424083473208267 0.4434322873079065 -0.498135667041714
1.393633281755742 0.5753353024188145 -0.5017247171374265
0.1086951791670757 1.191638839648894 -0.3910289978234357
-0.02797973884748845 1.282256686899168 -0.4558174402510737
-0.2122813291430685 1.245825628025134 -0.4349492993423586
-0.09133055751074778 1.147873183889752 -0.3654967057135011
0.1087377470959509 1.185660290824287 -0.402816658219391
0.1291616383031266 1.349629650281839 -0.4702194871929803
0.01888827716861751 1.432231570397517 -0.5034068288356329
-0.02802230677636364 1.288235235723776 -0.4440297798551185
0.1081957882146947 1.185343440241036 -0.4041448159267177
0.2589050820664648 1.284340378391333 -0.4522059290250277
0.260339851092839 1.425692037322352 -0.5066787954336022
0.1297035971843828 1.349946500865089 -0.4688913294856536
-0.2121603404668522 1.24252355241273 -0.4405089383192759
-0.02810072752370472 1.285558762511572 -0.4502578012741567
0.01896669791595859 1.43490804360972 -0.497178807416595
-0.1495301478798061 1.402330194658013 -0.4904439736735766
-0.2118147767274111 1.240726262488284 -0.4507664400177588
-0.3137042563779366 1.37080747435397 -0.4790761592250617
-0.2557192781584585 1.533097872840461 -0.5084104272958848
-0.1498757116192472 1.404127484582458 -0.4801864719750937
-0.212197286582805 1.24298835253006 -0.4390673340659629
-0.3850006403136934 1.200045919082077 -0.4388906676426717
-0.4735876421909637 1.335668436659219 -0.4930010191352437
-0.3133217465225427 1.368545384312194 -0.4907752651768576
-0.2127426929911241 1.244756399246235 -0.436679347341828
-0.3844552339053743 1.198277872365901 -0.4412786543668066
-0.4755257092579516 1.041252633482206 -0.3474345117295287
-0.2844482117899287 1.099986597317332 -0.3474180453979753
0.01894207581286418 1.435372570942137 -0.4945265004628406
-0.1495055257767117 1.401865667325596 -0.493096280627331
-0.2560894640009941 1.535359690097323 -0.4955006186436475
-0.08583392210934897 1.564202632049613 -0.4968387224572669
0.01894268825211038 1.436935897186385 -0.5057345086290613
-0.08583453454859517 1.562639305805365 -0.4856307142910461
-0.02000255742250255 1.717802289092621 -0.4606956981393194
0.0712331863129083 1.595189840250863 -0.4803118815806716
0.01897436655722795 1.43580656099963 -0.4925949799493919
0.1290755489145162 1.346054659679726 -0.4810313360792216
0.2609678993627056 1.429583878507715 -0.4945387888400343
0.1647274416014453 1.497733658926451 -0.5031711443458058
0.01891004901367577 1.435765396309768 -0.5003385620543772
0.07126582555134292 1.596360341127481 -0.4857078281553557
0.2143590457828349 1.630145689977115 -0.4834058103630851
0.1647917591449975 1.497774823616313 -0.4954275622408204
-0.256102255889457 1.535347886270126 -0.4963694773061738
-0.3133212786469382 1.368557460924304 -0.4911171092147728
-0.4735881100665681 1.335656360047109 -0.4926591750973286
-0.4125114019807022 1.496893057801922 -0.4976369219231003
-0.2561270108090294 1.535778292464943 -0.4983821046663885
-0.08579637530131363 1.563784029681993 -0.4939572364345257
-0.02004071666978409 1.716657565215992 -0.4523691759958397
-0.1891961348233655 1.688628509172807 -0.4568243039395351
-0.2567285245166317 1.539241137592202 -0.5060575490729038
-0.1885946211157633 1.685165664045548 -0.4491488595330201
-0.2901054663475648 1.80076317401824 -0.3934345277501329
-0.3513683784392064 1.651156900062938 -0.4523664797926573
-0.2561133241470145 1.53540533506428 -0.4970869381712261
-0.3519835788088235 1.65499270259086 -0.461337090694335
-0.5067551986044286 1.615677466380406 -0.4614560378675874
-0.4125003337231446 1.496835609007769 -0.4969194610580481
-0.4715926812550245 1.330374942598021 -0.5039554156497085
-0.3869956012496326 1.205339413143275 -0.4279362711282069
-0.4729853419136933 1.034191092704833 -0.3607768949681283
-0.5361123707951673 1.182566803424136 -0.4441733271956753
-0.4739330402205291 1.336701393584333 -0.5027525321246813
-0.5618876491726029 1.444960181747931 -0.4876723927505157
-0.507089060500832 1.616665051123477 -0.4708319340298879
-0.4121664718267412 1.495848024264698 -0.4875435648957476
-0.4735719188311712 1.335631072279057 -0.4936790697382772
-0.5622487705619608 1.446030503053208 -0.4967458551369198
-0.7048734371812087 1.382900232942866 -0.4978654733859997
-0.6132390744585277 1.297271925183203 -0.4951471406482678
-0.4739152223667346 1.336299230758805 -0.4904905176839812
-0.5337898296834571 1.176642515263352 -0.4576382251614028
-0.6626904735265873 1.176283248787083 -0.4741804231121843
-0.6128957709229643 1.296603766703455 -0.4983356927025638
-0.3980776436380601 -1.002410570774467 -0.2888037915169834
-0.5754838251274864 -1.040639122056987 -0.3769415333003766
-0.5932144960992509 -1.168893860621853 -0.4746273604965535
-0.4531620620140366 -1.125865257238861 -0.3958698707018135
-0.4000009294463197 -1.005052318135649 -0.284166451949844
-0.4512387762057771 -1.12322350987768 -0.4005072102689529
-0.3611723364376648 -1.194140451923924 -0.4382001845432451
-0.2958560215869926 -1.110981775209415 -0.3485493276539381
-0.5963860022890307 -1.175456255942922 -0.4648759541750908
-0.7383876914196446 -1.083427731869224 -0.4638150477487133
-0.8984651519153075 -1.152402094737034 -0.4976946627022058
-0.7526801462156519 -1.247808832671663 -0.4989719522936854
-0.5959038898145439 -1.174580517525221 -0.4768526988271053
-0.7531622586901388 -1.248684571089364 -0.4869952076416709
-0.7652050281253531 -1.41882053172473 -0.4982930282186567
-0.6056827907824472 -1.347961714097589 -0.4882803637311813
-0.5960965681431886 -1.17483547012261 -0.4685748171439895
-0.6054901124538026 -1.347706761500201 -0.4965582454142971
-0.454694789460752 -1.448377824257264 -0.5025663941526711
-0.4700908538308711 -1.271047951110863 -0.4755092364554465
-0.5969078416655079 -1.176885366997625 -0.4622332621071057
-0.4494687164477796 -1.11787375086309 -0.4082639690912612
-0.3629423961956623 -1.199490210938514 -0.4304434257209366
-0.4692795803085518 -1.268998054235847 -0.4818507914923304
-0.8986692671057935 -1.152526312872147 -0.4964657608205686
-0.8883839497220292 -0.9868027464044374 -0.471572767576814
-1.048270674972898 -0.8843374903250141 -0.4810704585722348
-1.021707681417429 -1.054115551288466 -0.5010182159904693
-0.8983775602830225 -1.152260740486129 -0.4987997655097602
-0.7527677378479369 -1.247950186922568 -0.4978668494861311
-0.7655995489675549 -1.419554915891526 -0.4874213863741966
-0.9095816981911332 -1.322675558539857 -0.4884760015453437
-0.8997723034559487 -1.154080692578411 -0.5089086620507123
-0.908186955018207 -1.320855606447575 -0.4783671050043916
-1.060659221676415 -1.390050678846027 -0.4456210162101431
-1.026650776280761 -1.223280789777502 -0.4796103092084283
-0.8983656570813622 -1.152239670661436 -0.49843342429548
-1.028057422655347 -1.225121811694477 -0.4900855469636606
-1.120731031518256 -1.12797432211068 -0.4917688130028309
-1.022011291441861 -1.054402193499177 -0.4990505525155578
-1.047981817174482 -0.8840631241349105 -0.4829443770025248
-1.164759942483582 -0.7144706708705142 -0.4819761582963212
-1.34727221694066 -0.7206801515494575 -0.4990785959127887
-1.239812824433882 -0.8748412249563623 -0.499839291816371
-1.048333590404452 -0.8843788433661008 -0.494345712545317
-1.239461051203912 -0.874525505725172 -0.4884379562735788
-1.323290526243585 -1.019220681639045 -0.4815386552586134
-1.164573839267638 -1.010905579037299 -0.4869215429864939
-1.047945197274031 -0.883878520862606 -0.4881679355777375
-1.164962232398059 -1.011405901540794 -0.4930993199540735
-1.120709163843821 -1.127801994858983 -0.4968986265334221
-1.022033159116296 -1.054574520750874 -0.4939207389849667
-1.347357795983723 -0.7207017919455924 -0.4959523607001914
-1.278099458092669 -0.5612057865947447 -0.4923301970708086
-1.388110304720578 -0.4226350384511638 -0.4943166540342014
-1.463057562907942 -0.5750262167752227 -0.4980421282933319
-1.347318631752296 -0.7207125912263425 -0.4996061396797469
-1.239766409622245 -0.8748087852794774 -0.4993117480494128
-1.322985167825251 -1.01893740208474 -0.4706648634827795
-1.412442889601797 -0.8770748692075888 -0.4724108364229871
-1.349953147129588 -0.7221113713046162 -0.5079415518078253
-1.519599534863815 -0.7293494664457247 -0.4543379401863922
-1.558033673828966 -0.8857860816255857 -0.4166147050875266
-1.409808374224506 -0.875676089129315 -0.4640754242949087
-1.348569623824118 -0.7211904420394303 -0.504218299295546
-1.520983058169285 -0.7302703957109107 -0.4580611926986715
-1.648428729581873 -0.579636645492242 -0.4403176815236176
-1.461845735067547 -0.5745375666813848 -0.4897761896979773
-0.7655072868860682 -1.419364674049867 -0.4854723949992407
-0.6053805320217321 -1.347417571772452 -0.5011009969505973
-0.4548043698928225 -1.448667013985013 -0.4980236426163709
-0.6302398360854625 -1.510144141273681 -0.4827264482516036
-0.7658881846211043 -1.419957614470285 -0.4885399963873709
-0.9092930625375838 -1.322272859961098 -0.4873573915321694
-1.059553114157039 -1.388633425332504 -0.4366307296823655
-0.9120692053649513 -1.461564204496539 -0.4459228258630629
-0.7660536070813417 -1.420628934396063 -0.4899394050703609
-0.629693515890189 -1.508879880927486 -0.4782594381804834
-0.6658783899804267 -1.651652728105823 -0.4173238466007941
-0.7805226342157471 -1.549051855496982 -0.4380881343490291
-0.766750522979139 -1.421630700973573 -0.4920894130721175
-0.7798257183179498 -1.548050088919472 -0.4359381263472726
-0.9062807774472978 -1.568859952259758 -0.3977451951769995
-0.9112068670069166 -1.459891117993251 -0.4423734091783163
-0.4554297809735851 -1.450665363191386 -0.5060873949775344
-0.5065424309782391 -1.606690840375093 -0.4574615746658767
-0.3958731059803977 -1.710131624602725 -0.4374340381053443
-0.3597386739989721 -1.563218416100578 -0.4822069761605657
-0.4548486905123378 -1.448520916276766 -0.5016578475726086
-0.3358206793491207 -1.324531480927896 -0.4797408455269383
-0.1924927027007387 -1.335012839636937 -0.4787007638153135
-0.2920127756484627 -1.437908403470432 -0.4969030970533316
-0.4558273700880979 -1.451534148587454 -0.5083652349866739
-0.6292168358901871 -1.507277006671241 -0.4723848558813007
-0.6663550699804286 -1.653255602362067 -0.4231984288999768
-0.5061448418637263 -1.605822054979025 -0.4551837346567372
-0.4548488424948184 -1.44868376425976 -0.497481482510146
-0.3603196124777388 -1.565200015032203 -0.4908128886279542
-0.2287683423699488 -1.529914392359208 -0.4956047531293848
-0.2920126236659821 -1.437745555487438 -0.5010794621157941
-0.4542335119066765 -1.44662563676548 -0.509015974080099
-0.4705521313849466 -1.272800138602647 -0.4690596565280186
-0.3616698451192675 -1.195688126571714 -0.4432345606852484
-0.336435857954782 -1.326426760439182 -0.4723827190194477
-1.062826694958875 -1.393011830751431 -0.4411109551446028
-1.15899361608103 -1.47766612036474 -0.3143694034958261
-1.090981392237435 -1.606255545434828 -0.2511182356571157
-1.019203702360797 -1.52224580389797 -0.3626105145469338
-1.063307204924987 -1.393101367432755 -0.4414629007077325
-1.158513106114918 -1.477576583683416 -0.3140174579326965
-1.317797995344185 -1.427819787492041 -0.2498392567382357
-1.213175254112757 -1.359851105687283 -0.370498503718499
-1.058722571996244 -1.387598142469241 -0.4339258160076602
-1.2177598870415 -1.365354330650797 -0.3780355884185713
-1.256755446663318 -1.258473210581124 -0.4134189999095643
-1.148869521983126 -1.261872784515176 -0.4569907449320196
-1.059000381461356 -1.387834326642923 -0.4345270588649143
-0.9126219380606342 -1.46236330318612 -0.4480264966805141
-0.9048657063935802 -1.566387767066889 -0.3920921076748017
-1.023030015858317 -1.527423308006478 -0.3691944108266224
-1.059719069379863 -1.388814432546864 -0.4374579270554558
-1.027590928577314 -1.224517036076665 -0.4877733983631158
-1.12119752559629 -1.128579097728492 -0.4940809616033758
-1.147873024599507 -1.260656494437553 -0.4534586338842241
-0.9322692751881884 -0.6040916809285291 0.3244457067902164
-1.063828011461431 -0.6774756848469657 0.4315166107422859
-1.173941697545247 -0.5844107709864177 0.4702616556706258
-1.075555764303965 -0.507890637310935 0.3830628262283125
0.1438797783749857 -1.229125402488433 -0.4339396006241581
0.3242886941445948 -1.288819989685763 -0.461994802717391
0.3262321161338458 -1.438558262191848 -0.5065510149376597
0.1641236556354406 -1.383489511777161 -0.4809173954027235
0.1442077638904548 -1.228993124778881 -0.4343878912543088
-0.008910117111177443 -1.348700054644498 -0.4683360828765176
0.02115435546624298 -1.478481001380837 -0.5071521073169485
0.1637956701199715 -1.383621789486713 -0.4804691047725728
0.1442799251335936 -1.232325510832056 -0.4245344987872505
-0.008982278354316203 -1.345367668591323 -0.4781894753435759
-0.1925354230526992 -1.336432179236579 -0.4743629823205098
-0.05685468610928218 -1.225024221024834 -0.4215162379404317
0.3266610456078521 -1.440852148173563 -0.4959096453172027
0.1636947261614344 -1.381195625795446 -0.4915587650231805
0.02125529942478008 -1.480907165072104 -0.4960624470663407
0.17649996690282 -1.544424608589731 -0.5005729896366518
0.3268688020142393 -1.441957040227834 -0.505850093824228
0.1762922104964328 -1.54331971653546 -0.4906325411296266
0.1814136473978636 -1.709235542989107 -0.456575484979521
0.3203100758450202 -1.620056394830211 -0.4697305362350501
0.3266069869483273 -1.440583015285446 -0.4980492962303008
0.4887244721790064 -1.362444356076541 -0.4986537938783026
0.6380953119523167 -1.453945271396392 -0.4907842258516764
0.4728212826691377 -1.534681863927607 -0.4901124747515819
0.3272142476297211 -1.443100700077883 -0.5093489449381379
0.3199646302295384 -1.618912734980162 -0.4662316851211402
0.4512401290598416 -1.702025694506787 -0.4379717856022182
0.4722140219877439 -1.532164179135169 -0.4788128260437448
0.02134631577840808 -1.482014809873069 -0.5059953584739881
0.1764089505491921 -1.543316963788765 -0.4906400782290045
0.1812969073451043 -1.709238295735802 -0.4565679478801431
0.03247482914335931 -1.63683382574678 -0.474084532705392
0.02123608131525879 -1.482140692103124 -0.5063895133043104
0.03258506360650859 -1.636707943516725 -0.4736903778750696
-0.1048754816168872 -1.715348987236729 -0.4571515086986699
-0.104273303590012 -1.575243085838203 -0.4867838649127164
0.02124279937793002 -1.480613722470433 -0.5001498237849459
-0.008998561022864471 -1.346567333554902 -0.4753383664085202
-0.1925191403841509 -1.335232514273 -0.4772140912555656
-0.1333246222686389 -1.448204187772202 -0.4973845185799582
0.02123241354353265 -1.480665237010501 -0.4982668086790847
-0.1042696358182858 -1.576718540930826 -0.4949065695379422
-0.2288050139052778 -1.530022733552346 -0.4964114305262383
-0.1333142364342416 -1.448152673232134 -0.4992675336858194
0.1811584464585491 -1.706875592804124 -0.4480314185833724
0.03261329002991458 -1.639196528678458 -0.4826210620021626
-0.1049037080402932 -1.712860402074997 -0.4482208245715769
0.02897099890261702 -1.793884851200642 -0.407287830593336
0.1814995995825616 -1.713652084521875 -0.4566186268285148
0.1719444165558456 -1.856342631038196 -0.3298794735475604
0.01030562527648744 -1.928141667573284 -0.2738731865425444
0.02862984577860453 -1.787108359482891 -0.3987006223481936
0.1809509988178355 -1.706696715397903 -0.4478572528863912
0.3200623451309839 -1.785035147505894 -0.3928675615949836
0.4504320348643316 -1.698343207065534 -0.4257547023951785
0.3207727244250483 -1.622595222421415 -0.4784487683281798
0.1821138563725706 -1.714865483576549 -0.4576725309080105
0.3188994875762488 -1.776866379327248 -0.3830522835733643
0.322097370922259 -1.91464432865942 -0.254767720475221
0.1713301597658365 -1.855129231983521 -0.3288255694680645
0.6381123416877194 -1.453984598304994 -0.4913297624227306
0.8014491394441031 -1.378809768332497 -0.4918207553385774
0.8323288725816186 -1.207769035411111 -0.4980123186922746
0.6570565459340734 -1.284780912617686 -0.4976276299575418
0.638365675495276 -1.454452552587747 -0.4936722098946672
0.8011958056365465 -1.378341814049744 -0.4894783078666408
0.9300445461932031 -1.467993734321949 -0.4415481971475224
0.7851201359420279 -1.533276235171218 -0.4460127372367552
0.6397839876062845 -1.457727417295013 -0.5004839826726467
0.6236338641839715 -1.608297928309452 -0.436190970681504
0.7808393393109182 -1.665741004766697 -0.3788944876887331
0.7837018238310194 -1.530001370463951 -0.4392009644587756
0.6384119841143246 -1.454896658129523 -0.4947396461529881
0.6250058676759314 -1.611128687474943 -0.4419353072011628
0.4509495405404557 -1.700459396447481 -0.4306275571956928
0.4725046105071298 -1.533730477194476 -0.4861570544502702
0.8334929249132427 -1.209310982697322 -0.5074645188400827
0.800285087112479 -1.377267821046286 -0.4823685551907693
0.9309552647172705 -1.469067727325407 -0.4486579498233939
0.9686768593843444 -1.344138055221589 -0.4655754773388604
0.8322963016337301 -1.20776080921866 -0.4970313454723989
1.03713241654397 -1.218411894024108 -0.4917667371115609
1.13605095544641 -1.093375567992398 -0.4922004722737267
0.9620482890591997 -1.060700231657952 -0.4972127715277268
0.8339608402194458 -1.210018031027416 -0.5098756805096829
0.9682089440781413 -1.343431006891495 -0.4631643156692603
1.137756189536501 -1.348248366613013 -0.4371901449566287
1.035467877958254 -1.216154672215352 -0.4789224020742769
0.9298033566051198 -1.467558294795439 -0.4400886376314037
0.936575196222265 -1.585178592607879 -0.3655081763927727
0.7791798376118264 -1.66203070053292 -0.3706231553946349
0.7853613255301112 -1.533711674697728 -0.4474722967528738
0.9330450227679877 -1.472400546390617 -0.4461308869445314
0.933333530059397 -1.580336341012701 -0.3594659270796449
1.087882613457108 -1.603535926325829 -0.2579395108908983
1.053226543089306 -1.474707419858691 -0.3797917586061271
0.9289061709191829 -1.466346064500584 -0.4373695570903085
0.970725953182432 -1.346859718046412 -0.4768638700719459
1.135239180432211 -1.344819655458096 -0.4234905905539432
1.057365394938111 -1.480761901748725 -0.3885530884603501
1.136064536024211 -1.093380919519961 -0.4924713348783167
1.087425679383006 -0.934319993250088 -0.4971722438310892
1.208979809781446 -0.8280568099378274 -0.4972064952638113
1.252714433858361 -0.9862104491095229 -0.4926256963019216
1.136690010466465 -1.093892105158602 -0.4963371058113909
1.252088959416108 -0.9856992634708815 -0.4887599253688474
1.406904917715431 -1.032264187841811 -0.4385683109109941
1.294561552841465 -1.126586131723199 -0.448242738221774
1.136760171158338 -1.094187165388819 -0.4969304754449746
1.036423200832042 -1.217600296627686 -0.487036733940313
1.136800866662714 -1.346802742200678 -0.4290758130905926
1.20429324521853 -1.231589819186887 -0.4443784134610866
1.138705272530937 -1.095899588192413 -0.5020147871219668
1.292546290776992 -1.124578648689388 -0.4425650569111981
1.332011320214425 -1.246571346082987 -0.3915223364821431
1.202348143845931 -1.229877396383293 -0.4392941017840943
1.205563398469273 -0.8258432926299073 -0.5094076981372434
1.048412751396405 -0.77528914414644 -0.4475749742561265
1.013537461824035 -0.6129278814254748 -0.4017740057661696
1.167251045754538 -0.6660996888855236 -0.4630446302177605
1.210815835102458 -0.8293639802069087 -0.5086349631446111
1.371956792376214 -0.8709019091497019 -0.4737073686021485
1.408115468594189 -1.033060172472251 -0.4461310078587196
1.250878408537349 -0.9849032788404417 -0.4811972284211219
1.209478509892071 -0.8283384159846491 -0.4954569815479275
1.16333593433174 -0.6636045655307817 -0.4769953468070764
1.278354454785435 -0.5556359156340711 -0.4851503090617049
1.327203747525652 -0.7110282251781715 -0.5033073171568473
1.209479301396197 -0.82835100343436 -0.5026308943899417
1.373293326082475 -0.8719148859222505 -0.4797114373568179
1.496102803891787 -0.7503339192228449 -0.472877996219387
1.327202956021526 -0.7110156377284607 -0.4961334043148332
0.5067962288281342 -0.8938798538530227 0.2043036053609857
0.4662290414393339 -1.024123839855584 0.3069607321687101
0.5938864452439421 -1.109019155377697 0.4543081031967878
0.6084079305529296 -0.9588248765912697 0.3190881571874333
0.5131491620127792 -0.905103275549387 0.1928215050209019
0.6483622016492461 -0.8112402657935133 0.1966303007430336
0.717520271206073 -0.8555267789710647 0.3183533530867014
0.6020549973682847 -0.9476014548949054 0.3305702575275171
-0.8805614041648041 0.6614829994539907 -0.3191468821181186
-1.031141951939005 0.7431203363872521 -0.4319288539590664
-1.007665511075824 0.8946870308200349 -0.4874345031065121
-0.8765954474705907 0.8415230155085578 -0.3972267064054923
-0.8871850640264775 0.66751845078812 -0.3070544308055283
-0.8699717876089174 0.8354875641744285 -0.4093191577180827
-0.7333508995312957 0.9625758172935517 -0.4026614150726988
-0.7475244047650913 0.8082447577948608 -0.3075834565919611
-1.012161913587485 0.8986682527992685 -0.4855141568743019
-1.175724384179831 0.8316839204345509 -0.4890081580184176
-1.314033878650808 0.9299037496864395 -0.4951035244831724
-1.155394596463649 1.000769967167122 -0.4918343132864715
-1.012343120268592 0.8986913963716563 -0.4877232642871446
-1.155213389782541 1.000746823594734 -0.4896252058736288
-1.13673850563887 1.171028719275008 -0.4917982708183489
-1.014130143957217 1.083352205255012 -0.4901648157141881
-1.012533500734465 0.8989741120246998 -0.4769404740230778
-1.013939763491344 1.083069489601969 -0.5009476059782548
-0.8941422515488928 1.180787759720337 -0.498426579421773
-0.8764601084940596 1.010154130997898 -0.4741009592431465
-1.012475030211336 0.8989214983482741 -0.4778721426536818
-0.8717859283350785 0.8372885479803186 -0.4067890668583228
-0.7315367588051346 0.9607748334876616 -0.4051915059324588
-0.876518579017188 1.010206744674323 -0.4731692906125427
-1.313966451923164 0.9298011105880966 -0.4859227564982657
-1.155462023191292 1.000872606265465 -0.5010150812713781
-1.136489872230119 1.170902936604277 -0.4804083954205995
-1.2697267849363 1.092562080966907 -0.4703027871173139
-1.313465232405992 0.9295895186738964 -0.4845077068668066
-1.48276775620417 0.8818390839478935 -0.4501151139378926
-1.494644436011167 0.7000639004462766 -0.473302408590289
-1.339722369531658 0.7674546079530733 -0.5013738589222858
-1.320286167106863 0.9338167013350807 -0.4991622942867891
-1.427350048803344 1.035063279633768 -0.4092548444384985
-1.61395058117908 1.000454178763406 -0.322095841480561
-1.475946821503299 0.8776119012867092 -0.4354605265179102
-1.315381519658234 0.9308513843922169 -0.4907178736396446
-1.432254696251974 1.038028596576632 -0.4176992650856428
-1.351213508623262 1.17031642577904 -0.4129682233650329
-1.26831171720123 1.091511807162786 -0.465507669975935
-1.136791679748015 1.171173825439054 -0.4824357641085917
-1.049316206404361 1.250525576180779 -0.4819211020011181
-0.8940050451921653 1.18065015023134 -0.4998468629760828
-1.014076969848071 1.083207099090966 -0.4995273224239451
-1.137183352641372 1.171676728328783 -0.4837683368986825
-1.200793101226615 1.245706643008567 -0.4419551934812218
-1.10903607617917 1.390116531020706 -0.4173705433857108
-1.048924533511004 1.250022673291049 -0.4805885292110273
-1.137728449653201 1.172030782771155 -0.4850178220464268
-1.200248004214787 1.245352588566195 -0.4407057083334776
-1.351037018311275 1.170393998141798 -0.4127825328494812
-1.268488207513218 1.091434234800028 -0.4656933604914867
-0.8954470942661319 1.182621703830917 -0.5089672326382267
-0.9656217415210188 1.366441645434896 -0.4587946287108265
-0.8871532945271663 1.518770191796639 -0.4385625353386655
-0.8282913822367581 1.360679020791098 -0.4814797355293885
-0.8917934458729985 1.177797887601883 -0.5100441265768744
-0.878808914169954 1.013144003116352 -0.4624834120880452
-0.7292464236523686 0.957837575045633 -0.4158773844569562
-0.7623396518493768 1.104920859498809 -0.4628970756430578
-0.8958211842256616 1.183239622014444 -0.5108310238460722
-0.9652476515614891 1.365823727251369 -0.456930837502981
-1.110460542319309 1.392203099914081 -0.4270221314656094
-1.047500067370865 1.247936104397674 -0.4709369411311288
-0.8939364309725435 1.180562505475759 -0.4979719846205322
-0.8298020455303465 1.362738219146256 -0.4924749835470831
-0.7048295813994557 1.382840927908554 -0.4956049787895361
-0.7534826851272191 1.245940438284427 -0.4997213306003856
-0.8939782299119436 1.18061093062688 -0.4997507612824362
-0.7601548678104316 1.102107816473812 -0.4731904409374961
-0.6623451131486712 1.175604210424144 -0.4768872572319208
-0.7534408861878189 1.245892013133306 -0.4979425539384814
-1.149255013738315 -0.189961441836914 -0.3852190139648457
-1.326696773434714 -0.2472683356283457 -0.465157196770011
-1.383750906976905 -0.4214850685641445 -0.5078451074613423
-1.215010683383003 -0.3852832915090308 -0.4338215673292246
-0.1356759340390503 1.146905110418431 0.3729657744815496
-0.2875483850152558 1.226627186567697 0.4289401210223282
-0.2688328582465012 1.357076529110776 0.494608626005261
-0.1323834053809946 1.301837961906724 0.4527962061458887
0.6122066534469482 0.8212215923524754 0.121160261780818
0.7461356744622547 0.7230260297825826 0.2159002827883823
0.8264673571381889 0.6123703474509592 0.1369669457630141
0.7174543789156557 0.6863046887565644 0.04413263835359497
1.381790588431883 0.7977605559685115 0.4967745816215896
1.368885472533996 0.6207704002414945 0.4939538133866401
1.247751448942777 0.5587775256091188 0.4881394712925466
1.2478997708369 0.7163387394079933 0.4901812538686817
1.383377765139224 0.7984942504919141 0.4944213003224291
1.494353043609558 0.6779514024790073 0.4755976482785887
1.621451902322574 0.7291487810115735 0.4203650459085176
1.49489608793984 0.8494613649138849 0.4448837037465591
1.383752001261779 0.7989276898210868 0.4954654428501785
1.494521851817285 0.8490279255847123 0.4438395612188098
1.475011690806973 1.017583305542304 0.4120823837258182
1.364953461377328 0.9585804562317243 0.4655009813247717
1.381802737302454 0.7977281691933703 0.4889688344175728
1.368873323663424 0.6208027870166357 0.5017595605906569
1.475470068638404 0.5052014507054031 0.4946406538242174
1.495928071446328 0.6787174837775511 0.481050114183445
0.6002186904307646 -1.121146988752447 0.4387158631375855
0.3981752665507155 -1.147867919640405 0.4173111644677187
0.3207481354967577 -1.302928736991978 0.4685948375401567
0.4956754093634974 -1.290369032229028 0.4914706029740971
0.5985932227271862 -1.117341956893262 0.4554226750618344
0.6771114608779771 -1.281232996403014 0.4854929749424781
0.5733204228212451 -1.466166515518402 0.5058710766685406
0.4973008770670758 -1.294174064088213 0.4747637910498484
0.599003344904707 -1.11852958464936 0.4445226996112135
0.6032910308921646 -0.9493144473196066 0.3288735607730077
0.716284237682193 -0.8538137865463635 0.3200500498412109
0.7238944607753517 -0.9802629352179314 0.4119915236133693
0.3199180901990873 -1.300634826398818 0.4740066571002556
0.1327750875281468 -1.301755959788533 0.4613588847196247
0.03411526116409376 -1.174066902707111 0.3802188807300014
0.2116867682004881 -1.167977389800858 0.3893021271182559
0.3200310256692105 -1.301369854824048 0.4715501894679386
0.1326621520580235 -1.301020931363304 0.4638153523519417
0.04570229708233015 -1.444313483802343 0.4948763162350075
0.2174104649530602 -1.43554183356786 0.4997686696338977
0.319873568527787 -1.300338591850007 0.481499202884152
0.2175679220944837 -1.436573096541901 0.4898196562176843
0.2872884416113288 -1.565825971270532 0.4992785692940239
0.3938763637942381 -1.445532425523223 0.4920841988661995
0.3198624970187799 -1.300339873340747 0.479008442618364
0.4965610478414752 -1.292957895880259 0.48105699789589
0.5740602520468456 -1.467382683726356 0.499577869822499
0.3938874353032452 -1.445531144032484 0.4945749591319875
0.03396352235590518 -1.169728759752801 0.3903603497530033
0.1329268263363354 -1.306094102742843 0.4512174156966226
0.04543762280401827 -1.439240312422805 0.5074742528903264
-0.03428299683718568 -1.317882592346723 0.4534582797760068
0.03416140532673997 -1.173648431002758 0.380947010613712
-0.1283045376509606 -1.174660369101321 0.3838619819873857
-0.1835457286717135 -1.336540885095018 0.4780345417849965
-0.03448087980802048 -1.313962921096766 0.4628716189152983
0.04557960458608955 -1.444368404872012 0.4944524917613017
-0.03442497861925697 -1.312754499897516 0.4664800409050316
-0.183601629860477 -1.337749306294269 0.4744261197952631
-0.110965866141802 -1.464995989695141 0.5015459244599925
0.04560937473567955 -1.443987100347737 0.4991386758438878
-0.110995636291392 -1.465377294219416 0.4968597403774065
-0.1952684018286798 -1.618226701006698 0.4850820835055825
-0.01846300492174452 -1.603042889820128 0.4869856804995411
0.04561957145407213 -1.44383649143192 0.4972774589567646
0.2174931905813182 -1.436018825938284 0.4973675269121406
0.2873631731244943 -1.566380241874149 0.4917306985995676
0.1427058023951101 -1.585447651326363 0.4911243523111516
0.04570374908386367 -1.446025104026309 0.5080949543858767
0.1426216247653185 -1.583259038731974 0.4803068568820395
0.09442592935472863 -1.739564006372124 0.4498583664607267
-0.01855737926992864 -1.601004886141556 0.4780294019575522
-0.1835485507951539 -1.336994604124848 0.4866718677030677
-0.1110189452071252 -1.465750691864562 0.4893001765521879
-0.1952450929129466 -1.617853303361552 0.4926416473308011
-0.2563007181143726 -1.491398817873821 0.4900461496562682
-0.1835264449085446 -1.33683621370845 0.4808081438374393
-0.3320592597494461 -1.346813714181615 0.4830931337713563
-0.3898092184835701 -1.516808649176411 0.4994830369582931
-0.2563228240009819 -1.491557208290219 0.4959098735218967
-0.1840727647938229 -1.339134542085691 0.4724019661727838
-0.2793517159208611 -1.178619021363371 0.4141035329701931
-0.425698991160429 -1.197139253969367 0.4387362651183092
-0.3315129398641679 -1.344515385804374 0.4914993114360116
-0.1951962175213995 -1.617672184389683 0.4807305119225146
-0.2563495935059197 -1.491579936845691 0.5019572850645547
-0.3897824489786322 -1.516785920620939 0.4934356254156351
-0.3234173412217355 -1.63417394489014 0.4739512304945109
-0.1952574303694352 -1.618273367449865 0.4834409838443293
-0.01847397638098913 -1.602996223376962 0.4886267801607944
0.09434252646578911 -1.737572669136718 0.4392609882574846
-0.08269672752272973 -1.728861611840649 0.442830830653908
-0.195523995790207 -1.619472657748396 0.4858994308786456
-0.323089562952928 -1.632373471531426 0.4687823115383801
-0.3829199126510506 -1.755880697672706 0.4062208353261822
-0.2419508409470691 -1.733980472376718 0.4286854231665623
-0.1955181368146297 -1.620635528838518 0.4877912106545749
-0.2419566999226465 -1.732817601286597 0.4267936433906327
-0.1467461506225773 -1.82011459955013 0.3862345122811114
-0.08243602107753527 -1.726499450451996 0.4384806038436623
-0.3904818382330939 -1.519827858050642 0.5023293411575463
-0.3227179519672739 -1.631132007460438 0.4650575147525994
-0.3832915236367047 -1.757122161743695 0.4099456321119626
-0.4637488792113048 -1.641124622033887 0.4478632269840559
-0.3893346589422917 -1.515324054708715 0.5066011382697186
-0.3325338192907245 -1.348298308649311 0.4759750324599308
-0.4246781117338724 -1.193356331124431 0.4542605440943902
-0.4744054051253596 -1.370982028199246 0.4863366042528242
-0.3902596963117349 -1.518457192029586 0.4994566578513785
-0.5386910329463861 -1.5218166676993 0.4825374971559478
-0.6166540493435976 -1.645333953137567 0.433535418028579
-0.4639710211326638 -1.642495288054943 0.4507359102902239
-0.3897921234073157 -1.516977420816731 0.4924769379071158
-0.4739479406603357 -1.369328662091231 0.500460804615427
-0.6084182595268032 -1.400072366684669 0.4961970412928142
-0.5391586058508053 -1.523296438912155 0.4895172171002105
-0.8641256926413216 -1.447696556221187 0.4616234335288476
-1.02570833915365 -1.476523978627117 0.4044638800585925
-1.113343285182232 -1.344501446635376 0.4328407826867226
-0.9800065501237832 -1.314547343458184 0.4824879170082069
-0.8661026354159054 -1.450903473752952 0.4675939112192336
-0.9234165977337793 -1.585233797012741 0.3651926797266077
-0.8156748764743023 -1.679650808870697 0.3461434821121086
-0.7661603327747426 -1.592718977770209 0.4168544683741951
-0.8647566584538565 -1.448626101676862 0.4639203638251759
-0.7675063097367915 -1.594996349846299 0.4205280157682526
-0.6162812965388664 -1.644140875233083 0.429850552697324
-0.6979579163056968 -1.500808258087868 0.4750737297900222
-0.8648257062608798 -1.448704690991663 0.4647401985356711
-0.6978888684986735 -1.500729668773067 0.4742538950795272
-0.6085821274335146 -1.400437649307841 0.500311730616317
-0.7198394247854877 -1.337426013650536 0.4986090298625338
0.2872460725564925 -1.565948927785839 0.4886771228524231
0.4248035337489564 -1.603672292123529 0.476886823580115
0.5740289545010164 -1.467504358750923 0.4914671836466862
0.3939187328490744 -1.445409469007917 0.5026856453078005
0.2873953881318773 -1.566791973446237 0.4926343964443283
0.2642618935269001 -1.692971275622447 0.4506708674468173
0.09437396673232001 -1.737787125349823 0.4399445688763752
0.1426735873877272 -1.585035919754275 0.490220654466391
0.2879524583925624 -1.568791893964917 0.4969470856574804
0.2637048232662149 -1.690971355103767 0.4463581782336653
0.4094262114537713 -1.763881861943198 0.3992343280793473
0.4240971479128864 -1.600829325944451 0.4686168607750577
0.5745969042828672 -1.46884791081812 0.4971522993501515
0.7606896536482943 -1.419264242524317 0.4844612795456076
0.848001530443808 -1.530089565880282 0.4369635222215845
0.6888562445189564 -1.566686706247728 0.449615754563842
0.5751109689723121 -1.47060621599197 0.5007775979538426
0.5422461373236265 -1.644480533715188 0.4350185116989057
0.640500818995032 -1.693228622844744 0.4009080715424482
0.6883421798295116 -1.564928401073878 0.445990455960151
0.5750451252493542 -1.470944796645591 0.5015121198084083
0.4237873630006186 -1.600231854228861 0.4668418874183927
0.4097359963660391 -1.764479333658787 0.4010093014360121
0.5423119810465843 -1.644141953061566 0.4342839898443399
1.065117683820456 -0.2099227759524206 -0.2804369739536415
1.030292163233764 -0.3643917400531886 -0.2895637208254641
1.129049055324804 -0.4133176391570536 -0.4021887751870574
1.153917851536635 -0.2867682468274507 -0.3910512504791382
1.015067341995631 -0.6142568911744276 -0.3957461328924872
1.165721165582942 -0.6647706791365707 -0.469072503091443
1.275969223534232 -0.5544698020282821 -0.4930731527773384
1.139361852510447 -0.5270815324874764 -0.4302924076188951
1.019806276493728 -0.616542503239579 -0.3873055301327748
1.007575396086517 -0.495421093891794 -0.3356219356725181
1.132127270127109 -0.4147548297239557 -0.398067224535517
1.13462291801235 -0.5247959204223249 -0.4387330103786074
1.405532634579251 -1.031317962742531 -0.4343601232011725
1.53794929142356 -0.9208804852162941 -0.4080601796918272
1.49485650358311 -0.7496046862656732 -0.4671111803165093
1.374539626391152 -0.8726441188794222 -0.4854782532596956
1.411436833624568 -1.035595332589647 -0.4425851558879051
1.537798872584554 -1.072453962002137 -0.317255723798601
1.516745394013389 -1.217083992050977 -0.2468800618501963
1.418527700597288 -1.165717138462449 -0.3580454389514254
1.405879181332206 -1.031429372849326 -0.4354760527122827
1.29558728922469 -1.127420946715684 -0.4513349964204854
1.328970321766728 -1.24372904805669 -0.3827523969728558
1.42408535288965 -1.16988309820277 -0.3651545421270476
-1.681640379998044 0.4431445089125043 -0.4396621644601748
-1.696472576825432 0.2608555081570731 -0.4502467219424697
-1.829038990531513 0.1736143591193367 -0.3697313967731873
-1.810385386881848 0.3485797223209823 -0.3625851027502248
-1.680627476147728 0.4428232435617188 -0.4374253000164165
-1.6734517902327 0.616294563138036 -0.4143995298949345
-1.4946712154741 0.7002482784061155 -0.4746669458022036
-1.524606335525628 0.5177584693274146 -0.4897707714631937
-1.687358113962637 0.4446152090795207 -0.4455186153445311
-1.798306027849824 0.5210009246876309 -0.3205820818108524
-1.895026284342314 0.4244103710388146 -0.2513110677667936
-1.804667652917255 0.3471090221539659 -0.3567286518658685
-1.83075504594398 0.1739125535699145 -0.3709984411894438
-1.808669331469381 0.3482815278704046 -0.3613180583339686
-1.891024605790188 0.423237865322376 -0.2467216612986936
-1.900758525819952 0.2519722330552979 -0.2706083350408323
-1.829071165542339 0.1735844746336356 -0.3697872351661709
-1.833908299094113 0.001013035670096368 -0.3714809388425774
-1.718310943530347 -0.0464906419295489 -0.4500812719168145
-1.708103278254589 0.09692152214847707 -0.4528085977243612
-1.833387402529206 0.1739635190724232 -0.3725348266419087
-1.909913668395007 0.06864121950634247 -0.2745755485986361
-1.96404685539572 0.1567621028373781 -0.1852350626121689
-1.898126169234726 0.2519212675527891 -0.2690719495883671
-0.4763022899239846 1.041703805150394 -0.3469564240503726
-0.6109552663580957 0.9305111963325055 -0.3228892820380308
-0.732770974967811 0.9629180807183458 -0.4025216120907532
-0.6194878545777626 1.05275603082176 -0.4199420275359709
-0.4732716835437989 1.036471391863264 -0.355621257133569
-0.5358260291650615 1.180286504265706 -0.4493289650302348
-0.6606542740449828 1.17263925978473 -0.4824896832433524
-0.622518460957948 1.05798844410889 -0.4112771944527746
1.52312985268323 0.6631439341638918 -0.4765593907670743
1.648355518447041 0.7708583678617693 -0.3803572868650538
1.588469730819262 0.9201830019704915 -0.3746900339663916
1.48866655372197 0.8207223438663128 -0.4548645015323061
1.5216155241169 0.6624349376122537 -0.4737844348003059
1.697525711874158 0.620350635668933 -0.3944867046206456
1.730613240333165 0.4704225804679477 -0.4047727656399252
1.563922438012502 0.5271594327330432 -0.4769228887726559
1.521818803485693 0.6625054821838877 -0.4749936390575045
1.56371915864371 0.5270888881614092 -0.4757136845154571
1.424028708633494 0.4433906414039137 -0.5010708083825893
1.393688046330515 0.5753769483228073 -0.4987895757965513
-1.389389504614473 -0.4229335712936334 -0.5055327429867285
-1.507107366503462 -0.2864639265130819 -0.4907903711962374
-1.691439622894998 -0.3093071587311298 -0.4578851800465399
-1.579037224806629 -0.4380534922939994 -0.4720266840955426
-1.390146208042991 -0.4232870719083576 -0.5081857642108699
-1.461021659585528 -0.5743741833180289 -0.4841730181166634
-1.649252805063891 -0.5798000288555979 -0.4459208531049315
-1.57828052137811 -0.4376999916792751 -0.4693736628714012
-1.6886974094825 -0.3086108712147738 -0.4471760886956245
-1.752046060646203 -0.4483753846446206 -0.3973395247113649
-1.645753888222874 -0.5787502407245176 -0.4325587405298746
-1.581779438219127 -0.4387497798103554 -0.4827357754464582
-1.696382632615682 -0.3102859802097119 -0.4568930914438844
-1.840826820656921 -0.2945978080119365 -0.3285774125663103
-1.885934212591332 -0.448221106127243 -0.2586775634576864
-1.744360837513021 -0.4467002756496825 -0.3876225219631049
-1.688677101673473 -0.3088327902605557 -0.4470465840479725
-1.790309585942738 -0.1610461293648292 -0.4057527034402594
-1.716641501209631 -0.046358387114915 -0.4467639598209631
-1.623271340861 -0.161801839801222 -0.4857162328511855
-1.285740989183156 -1.114618688780373 0.4576212727530447
-1.245327185528952 -0.9291827394475942 0.4970320850425123
-1.357781821534386 -0.8218818282132196 0.4924141863260598
-1.381777830025041 -0.9776413523060574 0.4613192036619854
-1.284984753819795 -1.113848051945498 0.4554509844549199
-1.248523261849418 -1.299592804662855 0.4012850584215888
-1.113189294556754 -1.344581746546826 0.4328247601055716
-1.121081055422788 -1.203122708684475 0.4810932975758137
-1.291172447371927 -1.119783419676088 0.4659833937701955
-1.379139505220538 -1.249754573259784 0.3293341315765823
-1.323287372771688 -1.414831187369535 0.2640382577143872
-1.242335568297287 -1.293657436932266 0.3907526491063133
-1.285487274892702 -1.114419309168849 0.4570402267606224
-1.439236588313995 -1.110470719937716 0.3867417904977523
-1.492237600413388 -0.989640613313067 0.4061648043248727
-1.382031544315495 -0.9778407319175815 0.4619002496544078
-1.357050662518992 -0.8213927098371919 0.5010891730566857
-1.206577375419529 -0.7512391682249351 0.4848939607431905
-1.176757040027717 -0.5857790230405655 0.473395698592488
-1.339869537095344 -0.6671528840134965 0.4912426231918725
-1.357461933746882 -0.8217217948096742 0.4900216660612094
-1.339458265867453 -0.6668237990410142 0.5023101301873487
-1.482287022773988 -0.5919380351870268 0.4882825553330388
-1.470321162133324 -0.7433399107814007 0.4801671823901215
-1.359676517529903 -0.8230798363120019 0.4977191218942724
-1.379883134029523 -0.9764433442072752 0.4560142680937729
-1.494386010699359 -0.9910380010233732 0.4120507858855076
-1.472974846345031 -0.8756966548162874 0.4456237305657666
-1.358898455204917 -0.8225146331742179 0.4957604068686276
-1.468884640675288 -0.742547072416857 0.4744284415827034
-1.564115608775674 -0.8128738772116797 0.4296201843469818
-1.473752908670016 -0.8762618579540714 0.4475824455914114
0.095576159412069 1.718223979570672 0.4478575358379522
-0.02375258948889932 1.583617833608251 0.4935716825263266
-0.1760315260318971 1.623141167203474 0.4814160913422903
-0.07486609640011871 1.722978877394112 0.4474241650547173
0.09544934191802877 1.717579975702268 0.4468723458241834
0.2731368338307282 1.790843081779277 0.3933446083401955
0.4282184078678101 1.704784481113757 0.4263400910127089
0.2777001115326704 1.633383275112613 0.4766468364009723
0.09626551309520767 1.725037874340714 0.4556000063726691
0.2723206626535493 1.783385183140831 0.3846169477917097
0.290243291705801 1.916281502452661 0.259738074376074
0.1288107859711769 1.862961750791529 0.3246573792666123
0.09558021272663694 1.718723785804263 0.4489098612866531
-0.01610468346140003 1.831977983536428 0.3731159286058215
-0.1436106417471227 1.814128979267821 0.3850395274230483
-0.07487014971468665 1.722479071160521 0.4463718396060163
-0.1759956649816007 1.623470830019784 0.4890812254332572
-0.145368579278508 1.459974744811733 0.4918745022387931
-0.2695246380848344 1.361061468451075 0.4942062627401597
-0.2731705522617456 1.513540146858224 0.4914891257276119
-0.1763084567262133 1.624963136827179 0.4854301168133927
-0.2373254322571883 1.734027021022752 0.4285434481271668
-0.3913187802198537 1.75572026065074 0.4055197183471714
-0.3138600132933843 1.645720936343473 0.4642081992127797
-0.1762526213334053 1.625675986907909 0.4865088654460136
-0.07464500109861048 1.720444057689677 0.4423313909509938
-0.1438357903631988 1.816163992738665 0.3890799760780707
-0.2373812676499962 1.733314170942023 0.4274646994945457
-0.1759561546951548 1.622904913873433 0.4800316684682287
-0.2732100625481915 1.514106063004575 0.5005386826926403
-0.3732699283880536 1.553557639798506 0.4882655710101574
-0.3142123153244427 1.64777915929722 0.4696066475579436
-1.122897621930195 0.2242920964664653 0.3644203924953803
-1.252006031475457 0.1032003915364843 0.4261884567412185
-1.368876695482922 0.1618073258448059 0.4939793492597467
-1.271513514913831 0.2797416063778193 0.4492781718630809
-1.32288602330375 -1.018868349590514 -0.4701897388786619
-1.472547970014003 -1.040882017441849 -0.3976424839186821
-1.555300013930172 -0.8843182490530859 -0.4078041683553306
-1.412542034123299 -0.8771439217018149 -0.4728859610271048
-1.323055713120926 -1.019002318873569 -0.4705892217052429
-1.371943618446985 -1.166255155641912 -0.3990670980958078
-1.257417162302229 -1.259194357527257 -0.414997119301615
-1.235706548877084 -1.137226181702635 -0.4663480530904641
-1.322708391758551 -1.018724025875862 -0.4691062893763472
-1.165155973752671 -1.011402234800482 -0.4993539088687602
-1.120515422489209 -1.127805661599295 -0.4906440376187353
-1.236053870239458 -1.137504474700342 -0.4678309854193599
-1.554657152934403 -0.8840311931624069 -0.4066850648273156
-1.678118799343981 -0.7354424586075521 -0.3755638169253032
-1.64643573199278 -0.5788026862942491 -0.4341112937756859
-1.522976055758378 -0.7311043549089036 -0.4642675804466032
-1.560059348968577 -0.8870419726784475 -0.4124330501186775
-1.590661239859384 -1.023396526014474 -0.2995925307198532
-1.696000451143271 -0.9791583295168415 -0.2163426497543994
-1.688261095491898 -0.8661189136121689 -0.2915564265020872
1.278489073192284 -0.5556734417736406 -0.4980483642515153
1.442401854126826 -0.6026538402728049 -0.4863473557302858
1.49623663079451 -0.7503588579127035 -0.4786021385671834
1.327069129118803 -0.710990699038602 -0.4904092619670369
1.277979978731669 -0.5553538047422906 -0.4935273489891895
1.369856895934977 -0.4322289234580124 -0.4909207447933795
1.549984292425442 -0.50096333183602 -0.4881425621130067
1.442910948587441 -0.602973477304155 -0.4908683709926116
1.275778548538592 -0.554631414183125 -0.493363607837214
1.232059982469647 -0.4037859543813141 -0.4508590735146362
1.127197660633372 -0.4126308298136471 -0.406798282355105
1.139552527506087 -0.5269199203326335 -0.4300019525590194
1.498365507216703 -0.7513182410703949 -0.4734494774961552
1.650141076369271 -0.7962352007823104 -0.3666020997793455
1.749985856480319 -0.6653386347851489 -0.3415754252468253
1.602065669970418 -0.6400282548633009 -0.4404994406117468
1.494881105141578 -0.7497643493177472 -0.4664214996678815
1.605550072045544 -0.6415821466159486 -0.4475274184400204
1.549137861233125 -0.5006884602724138 -0.4804829384760306
1.443757379779758 -0.6032483488677612 -0.4985279946295876
1.75186947962737 -0.6657995345818716 -0.3453174266487868
1.600182046823367 -0.6395673550665781 -0.4367574392097852
1.554505886455302 -0.5027032518217842 -0.4912529177062659
1.690599946799849 -0.5405464030588575 -0.4062217732826689
1.749673609510616 -0.6648464522493315 -0.3388715715388012
1.83288832672813 -0.6230523584756229 -0.23869316808361
1.898656859472804 -0.46820780868108 -0.2133174795075033
1.807655152113078 -0.5299215344951781 -0.3157998660495475
1.746503617403427 -0.6638499506912379 -0.3363133395848877
1.810825144220267 -0.5309180360532717 -0.3183580980034611
1.762532077225262 -0.453335946040969 -0.3827499162330255
1.695965809023793 -0.5424959869494912 -0.4152258603465682
1.750961702883807 -0.6655478505678945 -0.3395039225898334
1.831600233354939 -0.6223509601570599 -0.2380608170325778
1.838554974222665 -0.7319260381427852 -0.1587294645878148
1.757520224392177 -0.7869024815347844 -0.2534649903196712
-1.499906726187079 0.7029573091750873 -0.4839072541875283
-1.647260195487163 0.801441409928058 -0.3620243615838408
-1.612391936654121 0.9991204048310326 -0.3180460996578177
-1.477505466028258 0.8789456752190828 -0.4395102683406535
0.9658296373808498 0.6270089430331711 -0.3678907579550164
0.9998672146667447 0.5013576687766669 -0.312432553792076
0.9130036829174958 0.4418145375813494 -0.1443164908863454
0.8821595275618843 0.5814577828275481 -0.2155677892840116
0.9737795941511085 0.6315297675575701 -0.3604620878203306
0.9919172578964859 0.496836844252268 -0.3198612239267619
1.134839249077286 0.4400743075872732 -0.4063737551370097
1.105497545008004 0.559201227782416 -0.4320946626041449
-0.1050087340913125 -1.719395457527415 -0.4565555719753154
-0.1256019211894187 -1.856517874817489 -0.3342415293366294
0.0098594461014556 -1.927900231307951 -0.2736207257011406
0.02907602495363636 -1.787349795748224 -0.3989530831895974
-0.1047954528210243 -1.713321359773591 -0.4493013715869946
-0.2615314729210044 -1.787450775532286 -0.3966177243122128
-0.395245142469371 -1.707706194493722 -0.4299073705483598
-0.2436087623011106 -1.654888053197099 -0.4705360469125323
-0.1049375952805748 -1.714652255215567 -0.4530861108280159
-0.1042111899263244 -1.575939817859365 -0.4908492627833706
-0.2288634597972393 -1.530801456623807 -0.50046873728081
-0.2434666198415601 -1.653557157755123 -0.4667513076715113
0.707249313198656 1.300179115009056 -0.4981076194841951
0.531973103389538 1.35047948913808 -0.4991301354815219
0.4822231375018811 1.517130951038163 -0.489958766149128
0.6423182596930935 1.480147102888461 -0.4884684532902809
0.7086018860136511 1.302941740554017 -0.5105288661213477
0.8122511362257916 1.418133494305138 -0.4698732022250583
0.7340314898287214 1.614756772316768 -0.4312463683039087
0.6409656868780984 1.4773844773435 -0.4760472066531282
0.4827601326524603 1.518339938500594 -0.4947124358410742
0.5588105121176196 1.620780564707939 -0.4478610912315442
0.7332159121643055 1.613203134234237 -0.4235787913587024
0.6417812645425144 1.47893811542603 -0.4837147835983347
0.4822750462142097 1.517234541443819 -0.4921817964920773
0.3193487656042828 1.526177040831018 -0.4957544429145923
0.2609465714926928 1.429132716302717 -0.4984854590878892
0.3832281811120374 1.393106428689049 -0.4962281809184702
0.4827792213139356 1.518994724755895 -0.495900028969417
0.5587914234561443 1.620125778452638 -0.4466734981032013
0.4589054792543231 1.724872607778337 -0.4166233245775876
0.3852303465945804 1.624705222320843 -0.4651917420066004
0.4822287668531556 1.517087916430476 -0.4908760291642725
0.3857808010553603 1.626612030646261 -0.4702157418117449
0.2143557560953202 1.629589067448637 -0.4783031311781499
0.3193950449653368 1.52632366584436 -0.4970602102423972
0.734298925833718 1.614767449398361 -0.4237349360132369
0.9384858575788174 1.515127430777986 -0.4071697153908408
1.077472744288764 1.577313133223593 -0.2937118773462755
0.8808524548515249 1.654776306562095 -0.3241912914284599
0.7346555607833838 1.617282137192957 -0.4255738417007923
0.5856497921345654 1.733482844261228 -0.3656760648185574
0.5637870638623016 1.85695857150284 -0.2515582986087934
0.7084361179185542 1.746114996438578 -0.3077653583575144
0.7325423588708704 1.611606337361487 -0.4195638173766059
0.5877629940470788 1.739158644092697 -0.3716860891427438
0.4582128372994128 1.722621024650285 -0.4114207574671483
0.5594840654110546 1.62237736158069 -0.4518760652136405
-0.8898145658266516 1.478719810911682 0.4571354808774105
-0.9440273562810937 1.611053026127032 0.3239658080674345
-0.8457497786177858 1.746162681076267 0.2572792241101567
-0.7898116754632791 1.628573918423846 0.3791130996737879
-0.8856274296395228 1.471447768994363 0.4470531802538804
-1.002850497194407 1.306774874025247 0.4808000484613432
-1.138449865708599 1.343962514260505 0.4228851235267301
-1.04568319451278 1.482151414551765 0.3928267688364004
-0.8861776570764732 1.472038832028341 0.4486483564432598
-0.7934485842134577 1.635254897307188 0.3876002241079388
-0.6348273852263827 1.658758065397446 0.415538506054894
-0.6954660286874905 1.526822682518257 0.4685069508764396
-0.8872533656899141 1.473696613979626 0.4575063464361357
-1.001224561144016 1.304526029039984 0.4703468822790879
-0.9698701002645758 1.085685874673326 0.5058121550940088
-0.8649982948790822 1.260415796997621 0.4911950671308627
-1.564953584564647 0.662418643079242 0.4575982003813546
-1.495132496408348 0.49533591850852 0.495195718331792
-1.592842510677563 0.3664036187259406 0.4806946946106034
-1.634469799487508 0.5107009060270312 0.4535843055684754
-1.564354021064053 0.6620541070435375 0.4565160021949522
-1.578421593645746 0.8682439949802311 0.4015199325928388
-1.45516429833691 0.9666890624369039 0.4322910983937556
-1.433825711086473 0.7947575721477872 0.482365460680732
-1.572162630728928 0.6659229886399372 0.4671684833466319
-1.689916772435376 0.7786328899676913 0.3292721271844575
-1.684511430627754 0.9584329097616999 0.2633318813694646
-1.57061298398087 0.8643751133838314 0.3908674514411591
-1.56535424302947 0.662567845042523 0.4587038376086274
-1.710402085414655 0.6267348416326772 0.3824069656470609
-1.734670180123983 0.4998094451969454 0.3964350104257
-1.634069141022684 0.5105517040637503 0.4524786683412025
-1.593172265065385 0.3665533905668885 0.4889047712645917
-1.427274955251609 0.3273985496015161 0.4913465623358307
-1.373283962032832 0.1624299223251204 0.4934475184332817
-1.523574643000417 0.2218458593658039 0.4910299635563588
-1.594886396803563 0.3669581963190011 0.485242848123598
-1.632425913361509 0.5101463284339707 0.4490361520554808
-1.736313407785159 0.5002148208267251 0.3998775267114217
-1.7028539551305 0.3762201156502198 0.4316927998274098
-1.594472658372487 0.3667377899275669 0.4844786663837878
-1.703267693561576 0.376440522041654 0.4324569815672198
-1.774997564043914 0.2612480539227171 0.4083308251199132
-1.657936601730921 0.2548846940181282 0.4639639139472057
-1.592649945361166 0.3664171823065524 0.4795938735568756
-1.524096962704636 0.2219820676261399 0.5003408612640748
-1.601202672861795 0.1363461725876117 0.4863994407667633
-1.659759314742242 0.2552053016391427 0.468848706774118
0.6014825628979998 1.469392064503257 0.494983967961778
0.7431910312050147 1.42476995338878 0.4856459156961311
0.8492955688266138 1.535480128006581 0.4333797714866146
0.7072721136022766 1.562836554610531 0.4481935875661198
0.6013638972934023 1.46964581281278 0.4954959132053525
0.4457540269972614 1.546023424513518 0.4846338562236573
0.4286558389396481 1.706695761014748 0.4310258217884668
0.5668939959661038 1.619963884542098 0.4471740092442456
0.6020229540426951 1.47099856792129 0.4983645659161627
0.7067317224575813 1.561230051192497 0.444812989611735
0.6680358659010933 1.676642226199979 0.4042820936403652
0.5662349392168111 1.618611129433588 0.4443053565334353
0.8484013838710759 1.533983607651656 0.4291850532547444
1.01735557040873 1.491277452051391 0.3982639340851574
1.090361188717634 1.306960240284064 0.4553682987052619
0.9085556808266753 1.373880236100872 0.4797344521914199
0.8514939233734405 1.538730972078366 0.4356939549929456
1.014263030906366 1.486530087624681 0.3917550323469561
1.091310540832007 1.60087179734712 0.255562288288243
0.932323556205338 1.631692880876792 0.3152160504272593
0.8515082766296603 1.539618363495989 0.4362631568744935
0.9323092029491182 1.63080548945917 0.3146468485457113
0.8498103465243673 1.745544412388635 0.2505473752142312
0.7892170905517131 1.653574969024924 0.3631148588247138
0.8485513439071757 1.533997495743304 0.4296974797506862
0.7921740232741977 1.659195836777609 0.3696805359485212
0.6667512498369599 1.673553090518669 0.3972192039500521
0.7080163385217147 1.564319186873808 0.4518758793020481
0.4291920088582173 1.710258290665333 0.4326514341515277
0.272163232840321 1.785369272227702 0.3870332652013766
0.2904007215190293 1.914297413365791 0.257321756966407
0.4312165860453741 1.82828637869548 0.3165270045321449
0.4281329990878922 1.704965629825615 0.4268965469164345
0.5674168358178598 1.62169401573123 0.451303284116278
0.6668539693000446 1.673559339902337 0.3972841660575227
0.5579371699329819 1.751335708404296 0.370073334198929
1.270324278195004 1.332461857705074 -0.3667776355820278
1.120035723718071 1.423494923648726 -0.3902679148434873
1.076248420118906 1.575089109768502 -0.2908386550355641
1.234924630917249 1.457723750698575 -0.2840949871121941
1.26994315207278 1.331986551363307 -0.3662033990909794
1.40075188703661 1.214568831061248 -0.3531808747602194
1.389631552651141 1.089652213949112 -0.4233771671539308
1.281430044164374 1.180122442979981 -0.4375572460781351
1.273189124811301 1.33543928546803 -0.3693917797960217
1.38126539922067 1.330256551904419 -0.264422376885653
1.342124168044089 1.446423640489742 -0.1778981506947025
1.232059784300952 1.454746322935619 -0.2814808428982001
1.062462308099125 0.2408504091986152 0.281420067753766
1.03271434088545 0.3443000971570381 0.2880732051440172
0.9497425988458815 0.3960361671694403 0.1610508850998447
0.980230423852797 0.2877008859013168 0.1528104878634022
1.060700988413017 0.2402808883817746 0.282263023405125
1.034475660571559 0.3448696179738787 0.2872302494926581
1.123367656378347 0.4083681041593703 0.3961286164971019
1.152719137180922 0.3028994775070409 0.3940547444696919
1.053492605052909 0.2500123733236263 -0.2695905070583781
1.018775616115343 0.3721300572042328 -0.2840747197652438
0.9208952152087114 0.4457880352227422 -0.1392166413511282
0.9693143110911557 0.3075035437372892 -0.1409931525981228
1.049766219393147 0.2487748913878312 -0.2719093647596056
1.022502001775105 0.373367539140028 -0.2817558620640163
1.131054438938481 0.438289498768472 -0.4110214334377058
1.149927555748739 0.3080597036034197 -0.3909969151208234
1.09543828803706 1.313714932804472 0.4654409872211364
1.171325663667271 1.448254682562657 0.3275584769450429
1.093295100649068 1.602879125440818 0.2591260750659163
1.012278471089305 1.484522759530982 0.3881912455692829
1.091021013797455 1.307854821891824 0.4574314067939118
1.253355019520107 1.324458593974716 0.3805717230159179
1.33151842333289 1.224533720856607 0.3937705324424691
1.221902817532447 1.19930201689598 0.4521922658944931
-1.60913613326409 0.9975292536934874 -0.3123784991185857
-1.432164496718335 1.037988204703687 -0.4189721868004737
-1.351303708156901 1.170356817651985 -0.4116953016502021
-1.495109037232546 1.127912340300582 -0.3297816749649114
-1.459941086648008 0.9694593324471815 0.4389000464959181
-1.573644805334647 0.8654737249699535 0.3949109844906762
-1.681479609273976 0.9573342981755779 0.2592883483199474
-1.55547107267403 1.04761027520004 0.3203442168710184
-1.455697633255569 0.9669044972317654 0.4336136644889148
-1.438744223876713 1.134529224814139 0.374565794822538
-1.324888390332551 1.212282416739805 0.402241256908458
-1.334039074999848 1.075570820131213 0.4528289773522739
0.009872588960557059 -1.921101896284948 -0.2666434963222393
0.1723774528717759 -1.863382402326532 -0.3371091637678656
0.3210500778163196 -1.906391158316409 -0.2464841261754202
0.1618682010788395 -1.961599835189937 -0.1796130733724818
-1.117013424334026 -1.348725119243928 0.4396466365754174
-1.244699132072146 -1.295449431965753 0.3944631819517432
-1.320923808996828 -1.413039192336048 0.2603277248689574
-1.174321592457147 -1.459450252466345 0.3227907255511388
-0.8145470494800502 -1.677892800148892 0.343082765912806
-0.7672881597689946 -1.594476986492013 0.4199151845734976
-0.6164994465066632 -1.644660238587368 0.4304633838920791
-0.6698730115496188 -1.730870716912718 0.3496214763177425
-0.8160424539823764 -1.680947389814025 0.3446955537829811
-0.9150667777468875 -1.692143084557066 0.256422969930776
-0.8491035376804932 -1.786264597124423 0.1623301619986536
-0.7458576828610819 -1.774347232380444 0.2547337550555837
1.076928721820741 1.575953760685986 -0.2911654038926041
1.230989274768691 1.54008827751223 -0.1603962900406491
1.339939623129627 1.44431086364427 -0.1756107553377484
1.234244329215414 1.456859099781091 -0.2837682382551542
0.780446215972307 -1.664205338524478 -0.3727227072296951
0.9353088178617844 -1.583003954616321 -0.3634086245577125
1.08590732565472 -1.600868312722209 -0.2539968134128308
0.9097017777137447 -1.685094693574208 -0.2730578323956437
0.779232764161759 -1.662172879746667 -0.3708311994433699
0.6115528550314292 -1.749232912969864 -0.353697091958226
0.4507149688832564 -1.699722030592942 -0.4283086054699882
0.6252404393331307 -1.611866053329483 -0.4442542589268675
0.7811974020605821 -1.666264054742366 -0.3738502634928633
0.9089505916254698 -1.683035977356321 -0.2719302761324758
0.8551107806284862 -1.775699910979336 -0.1839851865049575
0.744128757705217 -1.76814033777639 -0.2633240143838462
0.8502994072526459 -1.534361373333093 0.4397683359161294
0.928607411309355 -1.630842388514375 0.3161366997849231
0.8398166445005565 -1.750815584990378 0.2506615829354013
0.7762764912897521 -1.659111221379396 0.3630090879074269
0.8470444239563343 -1.528410380654715 0.43239950030396
1.018766949770006 -1.506852627143074 0.3873979967239941
1.099396563868799 -1.364000317874377 0.4298099738958779
0.938463722003498 -1.388386696089481 0.4699813495629184
0.84732391464941 -1.528671618191495 0.4331613950681923
0.7792519838929878 -1.664800976520995 0.3696160287553639
0.6393091385111892 -1.690052369982107 0.393480645785365
0.6895338603133544 -1.568104653936515 0.4534178817172341
1.58679389246541 0.9193557901573874 -0.3716675794714209
1.507192015624783 1.076460816026868 -0.3555077447615363
1.389460224964105 1.089542094711658 -0.4231047564977006
1.4465863799615 0.964687990957258 -0.4397540769301907
1.590922544491151 0.9217628190835342 -0.3751470768064704
1.608253143395945 1.038535701017682 -0.2697107150115685
1.705355505101472 0.984592529609384 -0.1878840202847861
1.701387101181409 0.8742764092140032 -0.2720861261138983
1.513541042234997 -1.214877850096761 -0.2426970256603505
1.393466497002575 -1.294642993622869 -0.2917183022052768
1.331323622280697 -1.245688865842796 -0.3856784639586324
1.421732052375681 -1.167923280416664 -0.3622284751412712
-1.652357272350447 -0.5806004793680565 -0.4408861832914734
-1.74544267651863 -0.4465251460010818 -0.3890120819497661
-1.884852373585722 -0.4483962357758436 -0.2572880034710253
-1.78339519151962 -0.5876714004387319 -0.3156560408218099
1.678700485937832 -0.9670451888257606 0.2519655876370046
1.56119517591791 -1.061061642662211 0.308123830825942
1.483477737308711 -1.002983684638353 0.412587667439179
1.58225968897888 -0.908493241573148 0.3740291423256695
1.681042140053349 -0.967987035834716 0.2548010468425773
1.689870268357385 -0.8101394362368094 0.318746500617957
1.577841349041986 -0.7517211550961002 0.4438132547662275
1.579918034863363 -0.9075513945641925 0.3711936831200963
1.47980011980574 -1.000780738977181 0.4081289168655928
1.585937306481849 -0.9106961872343202 0.3784878928992553
1.5718220774235 -0.7485763624259726 0.4365190449870685
1.451105892393047 -0.8825434632460328 0.4604425346117721
1.479735267755152 -1.000594971232101 0.4079410468424348
1.363062066590169 -1.029895899918933 0.4562729144234833
1.306921178720895 -1.187620801776864 0.4214948293731535
1.440807844786218 -1.137576364835123 0.3726672941786607
1.482409114913744 -1.002509159984231 0.4154974363767672
1.360388219431577 -1.027981711166803 0.4487165248891509
1.287684004047084 -0.8900310916389794 0.5022145461397952
1.448496897285043 -0.8808150422389828 0.453074015100598
1.5594912577666 -0.2478870650112119 0.4972473190341506
1.69380498786249 -0.3306221222218088 0.4421561069009908
1.690158366750146 -0.5032776189286707 0.4290376897921205
1.560483937991189 -0.4107660177400638 0.4832816819347067
1.558125993572338 -0.2475729412780748 0.4916810074316599
1.561849202185451 -0.4110801414732009 0.4888479935371974
1.428426765849376 -0.4800723678557298 0.4977268866281712
1.423029760700269 -0.3242080446692828 0.5005653758858092
1.694815198933722 -0.5045989546219156 0.4313238144836042
1.799386196039496 -0.5569321766818003 0.3076686220105342
1.89555048026688 -0.4563916724092311 0.2362243264585909
1.803041156383038 -0.3993099007765433 0.348683030998537
1.687902551425064 -0.5025938224606995 0.4237266967340216
1.569558054615435 -0.5796606148296396 0.4714355067889969
1.571404363062234 -0.7485374181261792 0.4357281325088195
1.697901094596744 -0.6569529755263868 0.3866259300819199
1.691169219141135 -0.5037218679716605 0.4336669513636974
1.566291386899363 -0.5785325693186786 0.4614952521593214
1.430802882434627 -0.4808307406318568 0.5079224598022387
1.5594730856002 -0.4103217686970739 0.4786524203631299
1.578045792103507 0.2360533471809391 -0.4951290078650625
1.579992403441925 0.3838609127747643 -0.4794036804248756
1.732278246603713 0.4708409186555891 -0.4088655456992707
1.715001206573292 0.317609459321005 -0.431355132531444
1.576238807082998 0.235603196260607 -0.4891218842118218
1.581799388462433 0.3843110636950964 -0.4854108040781164
1.423683450514743 0.443288284099589 -0.4979472605314955
1.428732400896397 0.3068865989348398 -0.5004644201213534
1.575788935331311 0.236098623933304 0.494569251976257
1.702198268891873 0.3234940607089914 0.4387839596487569
1.695885705131197 0.487912979127527 0.4280993684585617
1.583200814673518 0.4100715496557841 0.4778227551650789
1.574305173277375 0.2357883807198184 0.4892504415393638
1.450169381596247 0.3360334316035019 0.5020490072862518
1.475433885679837 0.505251663533132 0.4942224634395989
1.584684576727455 0.4103817928692697 0.483141565601972
1.69965562162328 0.4893155306953174 0.4299665426541419
1.806074427484599 0.5478766714813921 0.3046325324725058
1.809906926040618 0.7013760025971983 0.2500847356958719
1.711072143086475 0.640521171621124 0.3686240736912935
1.700748057593807 0.4893024085114906 0.4307139209148371
1.804981991514072 0.5478897936652188 0.3038851542118106
1.899624748281607 0.4507017071751204 0.2316222875780224
1.807417636918564 0.3941897414148343 0.345153397522462
1.693766356225969 0.4873294724334361 0.4234589366371758
1.602488040616708 0.5758614541063387 0.4589538849269094
1.619205104675946 0.7281596490601534 0.41517276823455
1.716961408483787 0.6425072298830051 0.3751316797082595
1.69627710421774 0.48817684036516 0.4297469182696129
1.599977292624937 0.5750140861746149 0.4526659032944723
1.477309046820317 0.5058257679842506 0.5011888236875433
1.582809415586974 0.4098076884181511 0.4761752053540277
1.582991878913568 -0.2332203671992418 -0.4865968130196645
1.47505317294831 -0.3257840643357866 -0.5030561869828991
1.549277505303456 -0.5008454185101456 -0.4799556401962757
1.637710172546012 -0.3973154766816865 -0.467837595711872
1.586625931411649 -0.2339642663598013 -0.4960837754934686
1.727532262538704 -0.3111316143225177 -0.4217204041793088
1.766303610795441 -0.4541715957805236 -0.3899436882607386
1.63407612004793 -0.396571577521127 -0.4583506332380677
1.520439383789854 1.206183961802787 0.2472525388844868
1.55986324433893 1.065530525119237 0.3052146911122778
1.476612434070435 1.018940185966135 0.4110358977033358
1.443793939332501 1.150937390785832 0.3528821883760204
1.519573433227428 1.20580251990472 0.2463211590845876
1.391731835955512 1.285537004747202 0.3001578861726818
1.333773919066045 1.226389855583065 0.3960738368175665
1.444659889894927 1.1513188326839 0.3538135681759195
-0.2941008331066008 1.918091759932045 0.2469483606031137
-0.4194382779363765 1.844028895166084 0.3032065247633956
-0.3917554196344398 1.757882331503141 0.4054931841448877
-0.2764597581139609 1.831360274554838 0.3477564521099515
-0.2937206167407245 1.91706208173949 0.2458884222114814
-0.1459544558856499 1.892175567957647 0.296926094144194
-0.1439480488047164 1.816583535317782 0.3869147548515336
-0.2768399744798373 1.832389952747393 0.3488163905015839
-0.5728342681260012 -1.853414687896913 -0.2529107635785049
-0.4167935748171239 -1.827929225048692 -0.3191831880644259
-0.3967609445435301 -1.7135945163451 -0.4364055202655262
-0.5457293013295792 -1.740300159691246 -0.370811759773252
-0.5727524115227952 -1.852040895359876 -0.251380234569588
-0.6948970245994588 -1.754660783565441 -0.3072778356619543
-0.6667634628258421 -1.654475916171337 -0.4183615420421022
-0.5458111579327852 -1.741673952228283 -0.372342288782169
-0.8439813055852503 1.743528677453918 0.2534918742833979
-0.7915801484958148 1.631207922046195 0.3829004495005469
-0.6366958209440257 1.662805040658439 0.4202382806622857
-0.6848094686831033 1.755537149153263 0.3112894675411786
-1.142726098962669 1.349019725742953 0.4304538253440149
-1.188775282416936 1.458197529745403 0.3120192374626461
-1.327637732510581 1.418376234454465 0.2470617639805935
-1.266040285389016 1.327006250511455 0.3622007973402879
-1.141021963445745 1.347231091948282 0.4374563851434001
-1.000278399457261 1.30350629633747 0.4662287868446732
-0.9708162619513305 1.086705607375841 0.5099302505284234
-1.106741321958384 1.156342629764441 0.4771693982648893
-1.138620996714674 1.344403985598355 0.4241178178232949
-1.228742975271418 1.202526055003809 0.4511169787223738
-1.324568640635938 1.211871054917362 0.4014999452259461
-1.270145387637011 1.331621990656053 0.3685368048610078
-1.326797118831976 1.417079154411829 0.2453868347410426
-1.39130455683083 1.281242777415839 0.303045227529366
-1.327833129205327 1.215189715019325 0.4061610235071152
-1.266880899067622 1.328303330554091 0.3638757265798389
1.321564120566856 -1.419934141601557 0.2528745388591583
1.173737648609076 -1.465540554747334 0.3161198986819957
1.10342554484513 -1.368808852236443 0.436689363095506
1.245670844416211 -1.326693875724618 0.3744796989344013
1.321408253764386 -1.419261951096298 0.2521619358658043
1.384384279503021 -1.274465870693347 0.3126465471771514
1.310992100513928 -1.191556832581654 0.4274559467393438
1.245826711218681 -1.327366066229877 0.3751923019277553
1.803679709644997 0.6993369154302832 0.2443720711377206
1.812301643880221 0.5499157586483072 0.310345197030657
1.892305095915459 0.448675742192032 0.225162244759176
1.885783057447569 0.5843614094970947 0.162964090853485
1.808813607025841 0.7013239803067626 0.249001776588348
1.70619344837903 0.8014946901532713 0.309882046434733
1.624001051058481 0.7300936850315988 0.4205974151439922
1.712165462101252 0.6405731939115598 0.3697070327988173
1.08803816789588 1.595691778282122 0.2499235440949845
0.9877643514137113 1.705607648823588 0.1721835172843836
0.8465236203320208 1.739477001906015 0.2443394291394248
0.9355959291414646 1.63687289994179 0.3208547946205176
0.8484997610896314 1.743498609309952 0.2479016053501447
0.6967599128967755 1.759658577740722 0.3027399295286892
0.6683975971247087 1.67712815519267 0.401139111209773
0.7905276759864489 1.655620772103607 0.3657606286888003
1.087595396709088 -1.602634097808316 -0.2567366626728216
1.188064750644124 -1.459519446489516 -0.311929981787944
1.139090815532996 -1.349972308830617 -0.4310490721900893
1.053513759837326 -1.475609248376204 -0.380994606824204
1.084886093246614 -1.599119315661135 -0.2521349459154151
0.9107230101218508 -1.686843690635282 -0.2749196998930595
0.8533383621321051 -1.771892197700374 -0.1809957627443737
0.9863987288962104 -1.713162302595647 -0.1486088560020833
-1.08660127578268 -1.600438617475708 -0.2444578965744791
-1.163373732535785 -1.483483048323859 -0.3210297425784628
-1.312937368923319 -1.421913322851597 -0.2428269720924694
-1.227254194236087 -1.543448923983874 -0.1696674188416659
-1.088916473849079 -1.603775230372436 -0.2476093607319615
-0.9469448384250776 -1.643287400181215 -0.2984386448257277
-0.9066271015027435 -1.569084956113005 -0.395167129029336
-1.021268620749153 -1.524726118960362 -0.3661193894720881
-1.316451744404439 -1.425821378997548 -0.2472318255830487
-1.364825246709445 -1.297699287997568 -0.3126371924607844
-1.259993828652314 -1.261978027050146 -0.4183486534544495
-1.214521505052503 -1.361849514181776 -0.3731059348736862
-0.02000527453228881 1.716173111013615 -0.4507196761540109
-0.1090836434684335 1.829100450032856 -0.3736489026612608
-0.2894685105024673 1.796815874688604 -0.3841095835017888
-0.1892315769608608 1.689112963375184 -0.458473803781364
-0.01997214133656112 1.717024147447874 -0.4519667092135424
0.06966823449289476 1.833301237521996 -0.3695975091823918
0.2432687280050717 1.813149741426923 -0.3780574052667762
0.1462035565153015 1.722976865779191 -0.4427817379331018
-0.02001985403786078 1.715874444508891 -0.4498364411283569
0.07125048292826654 1.597117684834593 -0.4911711385916341
0.2143743884059112 1.629388346270003 -0.4779424999268066
0.1462512692166012 1.724126568718174 -0.4449120060182873
-0.2895767840216765 1.79729489580337 -0.3849111485514565
-0.4615644038932058 1.763304593197584 -0.3807859883455136
-0.5068417166481575 1.616044990693459 -0.4619032695705888
-0.3518970607650947 1.654625178277807 -0.4608898589913336
-0.2902128706608483 1.801624810324982 -0.3877431233742433
-0.1995698235759986 1.897700672758297 -0.2782794729442229
-0.2929978647480213 1.943768368341178 -0.1974082738778374
-0.3885529223779244 1.865715215598903 -0.281793647454535
0.2439924769565548 1.815805252483629 -0.3797728950137587
0.3674043514199885 1.876646909424963 -0.2747501595304299
0.5626061434072924 1.85523203929106 -0.2492119681707265
0.4223930742446741 1.800789245926876 -0.3509892775210118
0.2439022964832307 1.817022190887947 -0.3802348884764836
0.3674945318933127 1.875429971020645 -0.2742881660677049
0.2933781580150466 1.94667655530684 -0.1898371341044483
0.1738576844080785 1.903831263760999 -0.2733020890384249
0.2431493929425383 1.811921917595015 -0.3763262272798159
0.4232361582586907 1.804672580815489 -0.3544359452549546
0.4583020347429004 1.722686957381361 -0.4116377836193251
0.306273023968345 1.726962944740644 -0.4315241064416091
0.2435533307315421 1.814785703918569 -0.3813444788744882
0.3058690861793412 1.72409915841709 -0.4265058548469367
0.2147067038336813 1.632174011700633 -0.4833598416197042
0.1459189537888312 1.721340903287544 -0.4394946643253898
0.8383252754044664 -1.748415680884989 0.2475572615831318
0.684010854760051 -1.766371233992253 0.3009371177677271
0.640793262018335 -1.693342221018316 0.3969832652810326
0.7777678603858421 -1.661511125484786 0.3661134092596965
-1.892299109881282 0.4270647413122325 0.2463640553772265
-1.804004540942705 0.3966517617057693 0.3539577245930611
-1.737637960247976 0.5005377257581671 0.3989456508116987
-1.813241583903806 0.5458781668812012 0.3013528975818648
-1.893197028436666 0.427022088618438 0.247213028453485
-1.803106622387321 0.3966944143995638 0.3531087515168027
-1.777633773493191 0.2617487125517988 0.4090121040362588
-1.869211309492218 0.2779682789266064 0.3043695694494193
0.5618698354175823 1.851870055197487 -0.2463620098327073
0.3681406594096985 1.880008893518536 -0.277600117868449
0.2927320304986607 1.942097632808949 -0.1865251823037042
0.4363579962784185 1.928499388656064 -0.148702907184049
0.5629239824182642 1.855367675783606 -0.2497772545616725
0.5865128735786027 1.735073739980462 -0.3674571088656783
0.4594629577678889 1.726705928762521 -0.4156497377442138
0.4220752352337023 1.80065360943433 -0.3504239911300658
0.2800992326896233 -1.918436585322466 0.2569804873821571
0.2618487679667156 -1.808060961487382 0.3666104894463924
0.09491382603770225 -1.743507898872226 0.4449633038027811
0.1250108512836882 -1.868832827053743 0.3196309222151519
0.2799553398312326 -1.91484094529441 0.2530005287002089
0.2619926608251063 -1.811656601515438 0.3705904481283404
0.4092651076400776 -1.764007074918865 0.3959604151106528
0.4208174325918541 -1.846031273214732 0.3029919181519976
-0.2846320347424234 -1.919623554910908 0.2470438149459719
-0.4135028655871723 -1.844794413425746 0.3036993942567994
-0.3833825826297185 -1.758352659017619 0.4066536302972562
-0.271409687503966 -1.832941806827474 0.346725504079081
-0.2842120218697467 -1.918265556344716 0.2456780172004544
-0.1437395012286277 -1.893672123898722 0.295663518916167
-0.1467946667041459 -1.820065691238729 0.3834097297307385
-0.2718297003766427 -1.834299805393667 0.3480913018245987
-0.8515246645463966 1.746256542413351 -0.2486999229039362
-0.9449536980603327 1.625085089073864 -0.3125127669105232
-0.8885173576574287 1.521926079224745 -0.4348713176430495
-0.8216306413347948 1.637684782178701 -0.3627174866455762
-0.8500755903490184 1.743985375677259 -0.2458683504774467
-0.720326596910863 1.748794062752965 -0.3043657188665514
-0.7274408408342252 1.647789521111294 -0.4042775540054868
-0.8230797155321731 1.639955948914793 -0.3655490590720658
-0.884901924003051 1.515634476432084 -0.4269017355699701
-0.967873112045134 1.369577360799452 -0.4704554284795218
-1.107835081835664 1.388449466365999 -0.4134975404890686
-1.034116014716771 1.510857730486601 -0.3784205092899809
-0.8863510280932448 1.51788817180533 -0.4331542813376443
-0.8290936486706796 1.361561040782408 -0.4868879895304097
-0.7055379782591227 1.384018106272403 -0.5011919728062095
-0.7742036843804269 1.518946613290742 -0.4515971750417644
-0.8851832248859141 1.515770645269462 -0.4275180948743315
-0.7753714875877576 1.52106413982661 -0.4572333615050773
-0.7255557822600889 1.643905253892102 -0.3997559036632582
-0.8249647741063094 1.643840216133985 -0.3700707094142945
-1.325790393873923 1.414216948897598 -0.2519354416249641
-1.264614441590461 1.327358823907939 -0.3647883654891915
-1.11144871227982 1.392820155341512 -0.4198379572786709
-1.177823597231156 1.471982001152703 -0.3095183217442912
-1.326004257342884 1.41396948200191 -0.2518536527090223
-1.264400578121499 1.327606290803627 -0.3648701544051329
-1.353118420869057 1.172496101124543 -0.4139186726787553
-1.399339487203079 1.265819771819793 -0.3075045627893997
-1.93234469843881 -0.1585849295457318 0.2612441260087263
-1.793844129331226 -0.176705533277878 0.3839495103105988
-1.68155950250353 -0.3549235269092246 0.4615570307292909
-1.837026239288936 -0.3155516193337695 0.326365831671935
-1.928688569162253 -0.1577393039520663 0.2567329733564241
-1.797500258607783 -0.1775511588715436 0.3884606629629008
-1.771132810632216 -0.01868478825845325 0.4262631576569985
-1.881238468296336 -0.01030556349992071 0.3151310735868886
-1.889326515778243 0.4229386875739434 -0.2452128392578159
-1.955673619383767 0.2945015688055778 -0.1465640904984568
-1.959716408798549 0.1564119595864368 -0.1821898551188263
-1.902456615831897 0.2522714108037304 -0.2721171570817098
-1.687296100460939 -0.9480075354826123 0.2536294079762847
-1.749241372503692 -0.7715128742212305 0.2766000301149276
-1.715204114383699 -0.6419126599950016 0.3795679582589456
-1.658907743186561 -0.8025861542215107 0.3585524407634546
-1.687579207437369 -0.9485474450628238 0.254321942290858
-1.568155031191443 -1.051024962636605 0.3080372271863021
-1.495488899802683 -0.9916540905755961 0.4098920176001259
-1.584556631508446 -0.9188174522253203 0.3677894083034171
-1.684569164480346 -0.9467226524401949 0.2511104565536899
-1.751968308484285 -0.7727977572636481 0.2791189815375226
-1.828123263981624 -0.7174855765696954 0.1865941977316465
-1.784634629954874 -0.8502287843863721 0.1504776287412991
-1.688908889087981 -0.9490660994578458 0.2559242415799635
-1.657294954559519 -0.8015275902462773 0.3562576071597758
-1.567326241854595 -0.8145738242967084 0.4310224303763505
-1.583226949857835 -0.9182987978302983 0.3661871090143115
-0.5068266112249443 1.615842425103045 -0.4622041421375123
-0.6476714966063387 1.552041900963863 -0.464651772018973
-0.7049721092946788 1.383147928227711 -0.4983111438800282
-0.5621500984484906 1.445782807768363 -0.4963001846428912
-0.5066078051786719 1.615252995865397 -0.4605151457746512
-0.6478903026526112 1.552631330201511 -0.4663407683818342
-0.7259389104567033 1.644563173145629 -0.4008222648375288
-0.6081045528383642 1.7123847570109 -0.3874924064227681
-1.674650774802834 -0.3539817027139042 0.4541881388638326
-1.627911461115078 -0.5304493999335683 0.4515614206936575
-1.713052679592655 -0.6407936681866551 0.3779645888950263
-1.767775798706866 -0.4777627638536002 0.3731291900271738
-1.673725850678129 -0.3537764946445844 0.4526404708854704
-1.801677781156627 -0.1778525655425182 0.3928660701544194
-1.766955288083372 -0.01838338158747866 0.4218577504654801
-1.663485480387858 -0.1488022937719344 0.4709249722719078
-1.674096072828215 -0.3538213901745197 0.4533448990806802
-1.628466163089697 -0.5306097124729527 0.4524046604768101
-1.482615251918239 -0.5920929523136348 0.4906820994190751
-1.515469426194909 -0.4297471268674903 0.4942327886392849
-1.715784346997065 -0.6418824295854649 0.3842814256689727
-1.625179793710668 -0.5293606385347585 0.4452445839197112
-1.485901621297269 -0.5933420262518291 0.497842175976174
-1.588237541128706 -0.6827684903146672 0.435521100112906
-1.716998797089065 -0.6423654393650566 0.3804960227290858
-1.747446689798327 -0.7710600948511757 0.2756719656447877
-1.832644882667582 -0.7192232389821678 0.1900412136243814
-1.814093399851042 -0.5977429352748546 0.2756221993663037
-1.712042395672962 -0.6404363276468283 0.376395853340703
-1.662069461897298 -0.804062486569684 0.3617245456816972
-1.562551734516816 -0.8120389279733017 0.4255554918544291
-1.591979492452809 -0.6842145922533038 0.4434066724411756
0.8140195923432499 0.6023054111889551 0.1393903876280042
0.8893074559917908 0.479325148046412 0.05510845720395632
0.9119465516464181 0.4410415633846337 -0.1405901534892352
0.8312614119327748 0.5728541423420243 -0.04816943508904174
0.8265613888861851 0.6097205963442439 0.1371106121307247
0.8767656594488555 0.4719099628911231 0.05738823270123587
0.9542090977205505 0.3990484991531289 0.1598063891633432
0.9093374012933026 0.5238454735600734 0.2336810653493584
-1.373139776014989 0.1624359191830722 0.491944075844769
-1.503391485563037 0.07523725742006969 0.4940881199003646
-1.601580806548171 0.1364883777058995 0.4942068958859666
-1.52371882901826 0.2218398625078521 0.4925334061448715
-0.3950128002359995 -1.707309020081512 -0.429299807705136
-0.5074027367226374 -1.609513444896307 -0.4655958050660851
-0.6650971751215176 -1.649564212444786 -0.4127863584906291
-0.5474774456371098 -1.746585655954834 -0.3779174723336421
-0.3956852703143081 -1.709844912863616 -0.4359985349828829
-0.2431686344561735 -1.652749334827205 -0.4644448824780092
-0.2291614451826259 -1.531609279551725 -0.5027751624743119
-0.3599265096650618 -1.563505127839686 -0.4836424792830271
-1.176659221314113 -0.5859918666356824 0.474303895110474
-1.347077838819808 -0.5063112014269625 0.486520800794116
-1.481777932832494 -0.5918217938096614 0.5002582588465011
-1.339967355808948 -0.6669400404183796 0.4903344266738865
1.551820137847942 -0.5015690164473879 -0.4869752451286385
1.635167540001525 -0.3965918787444442 -0.4608179907795092
1.765212190841846 -0.4541512945572064 -0.3874763307192973
1.693285695407209 -0.5416806384332538 -0.4104994458602964
1.09919922397807 -1.364006591124618 0.4296842951815366
1.24989716528327 -1.331496136836444 0.3814847668483708
1.306921646449338 -1.187426761975086 0.4211634818187284
1.171670816369062 -1.212823703675959 0.466084320913472
1.247744725983317 0.5587346169113134 0.485733122178345
1.368892195493457 0.6208133089392999 0.4963601625008418
1.475451196808372 0.505190928782739 0.5000400519140326
1.339996876500442 0.4433025335160093 0.4884084338977608
1.246172577142645 0.5581802619957207 0.4859455374580736
1.223849691101151 0.4114441376533116 0.4495518943519146
1.121373837552566 0.4076436856589964 0.4001363737642099
1.124034229020574 0.520254338666439 0.421182297593414
-0.2694790079827714 1.360894985684892 0.4922161056154881
-0.4004609249138169 1.449766821300785 0.4949180005646999
-0.3732638085724364 1.553957073178674 0.4953249708505143
-0.2732161823638087 1.513706629624407 0.4934792828522835
-0.1924640652313501 -1.334804309058528 -0.4816741295601281
-0.1333796974214398 -1.448632392986674 -0.4929244802753955
-0.2287395529180796 -1.529543013797805 -0.502754483936662
-0.2920414131178514 -1.438116934048841 -0.4939297313085168
-0.1926861022867951 -1.33602968446459 -0.4750715513339469
-0.3356272797630643 -1.323514636100242 -0.483370058008305
-0.3624784233109852 -1.198600250910654 -0.4322472216963912
-0.2248276095270483 -1.213165061756433 -0.4253359970897067
1.735817077644818 0.4717504480518958 -0.4092680213408639
1.817006831615563 0.5415661553524118 -0.293783408258482
1.907478439290644 0.4361849637689094 -0.219509552691754
1.822251137500147 0.3837527856613447 -0.3345420614836863
1.734267381988785 0.4714343579230547 -0.4168106070189981
1.578003268056853 0.3832674735072987 -0.4714586191051484
1.427479570920323 0.4443318742873867 -0.5118994455044635
1.560268296356882 0.5261476552779362 -0.4648850473935832
0.4516450072734967 -1.704385461121487 -0.4329302255484639
0.3188493727218189 -1.778992893449941 -0.3856920384416984
0.3221474857766889 -1.912517814536727 -0.2521279656068872
0.4575084531332616 -1.829173142082759 -0.307540152833357
0.9074367812439355 0.4403134550095853 -0.1489738765247025
1.032234050080119 0.3776046374173897 -0.2743174845916694
1.121322390633467 0.4340524004911103 -0.4184598109100526
1.005434116340305 0.5028587513484309 -0.3077751681537189
0.9069719215839531 0.4399294260495679 -0.1403261133916857
0.8942820860542559 0.4804372853814779 0.05484441710640681
0.9366926711151503 0.3905211766627741 0.1623502047581723
0.9458284230910204 0.3604718274636255 0.007024380569483235
1.889300853871283 -0.4547231959098801 0.2304064861113431
1.952066596573772 -0.3210349915930254 0.1472297710053333
1.948002687682991 -0.2035006457561759 0.1980984505865523
1.894922724056213 -0.3003666502145036 0.2742757542614794
1.573902045511056 -0.749582359262416 0.4437921757131723
1.567060372166612 -0.5786156736934028 0.4633714635846443
1.430033897167378 -0.4807476362571325 0.5060462483769158
1.437734155870379 -0.6248165409233718 0.4890899018947296
1.573367922167791 -0.7494158386846196 0.4410195337891118
1.390850958196859 -0.7615233570750021 0.4891008222892766
1.286620853683372 -0.8891421468905764 0.4993465154306641
1.449560047648756 -0.8817039869873859 0.4559420458097291
0.09434853423525075 -1.737411451927389 0.4387567459326799
0.262414059769167 -1.814157408432219 0.3728170473164933
0.4088437086960168 -1.761506268002084 0.3937338159224998
0.2642873260239693 -1.693346949044881 0.4518586903905126
0.0943407436924085 -1.737409613889973 0.4387496952690058
-0.01747381649465864 -1.83873506623942 0.3675814816887278
-0.1464872269507634 -1.817589382914732 0.3813729924823869
-0.08269494474934912 -1.729024667087394 0.4433421236423868
1.892905101147619 0.4489489585652215 0.2255703273021919
1.95238184179514 0.3245289010415507 0.1453062417309014
1.946212902182371 0.2198154302528263 0.1974220398551572
1.896729309184934 0.3058548645202053 0.2707068126377942
1.901621637761705 0.4347547128400163 -0.2147625356736624
1.95523197475878 0.314176865354239 -0.1416108766903542
1.947712385124666 0.203454954417665 -0.1979723460468789
1.900517747964456 0.2956684446819685 -0.2674027949851002
1.30899506400811 -1.189301166304792 0.4278916884849127
1.230255161020861 -1.050493262244686 0.4804747876875409
1.287084042175707 -0.8897972674147776 0.501055015717222
1.360988181302954 -1.028215535391005 0.449876055311724
1.895725036273792 -0.4673668805496634 -0.2113864347363965
1.952736066558512 -0.330608872049877 -0.1402246006796919
1.946346318214848 -0.219836767015365 -0.197491080965467
1.898358069427938 -0.3121372661664001 -0.2663081292984388
1.900177239341315 -0.4684261148502711 -0.2147439683598139
1.806134772244567 -0.529703228325987 -0.3143733771972368
1.767222449200962 -0.4545507537682536 -0.3867346370392496
1.831275257034491 -0.3891397660551378 -0.3262110039557108
1.896773578849323 -0.4676305799845607 -0.2118455724141333
1.834771607351611 -0.6236295871721421 -0.2401650751769799
1.835383600225993 -0.7306474111277029 -0.1566252064434126
1.890804962195987 -0.5989995742922036 -0.1253335436681507
-1.766902365527241 -0.01844928148517587 0.4219014636185072
-1.832228145401867 0.1296727885091963 0.3704922553137758
-1.773201863817409 0.2609732857910108 0.404780987905681
-1.718911043460805 0.1266783956372828 0.4480195600530266
-1.768368017550056 -0.01840671826033626 0.4251306555064693
-1.636655558315837 0.01505195833810509 0.4779980987027332
-1.602695337669427 0.1364345753017595 0.4909635882674054
-1.71744539143799 0.1266358324124432 0.4447903681650646
-0.6651691969795938 -1.650058307786222 -0.4137210889528388
-0.78123182721658 -1.550646275816583 -0.4416908919969844
-0.9048746685486676 -1.566263765362647 -0.3919924295272876
-0.8073105782471317 -1.662457619012766 -0.3602208029289005
-0.3908600865472311 1.753509654843075 0.4012262581680427
-0.4680380531247859 1.661265351492968 0.4472411621443765
-0.6348925991227464 1.658663509825818 0.4156106247981495
-0.5345619849841065 1.762091448463001 0.3667754399274461
-0.3909715086973407 1.753657224051829 0.4015353165480834
-0.2772436690510601 1.83558538200615 0.3517143197067557
-0.1435443542334937 1.813388106059025 0.3840168256463617
-0.2376727037797013 1.736090057621663 0.4325278499262547
-0.3915295425582221 1.756205620880796 0.406990264846888
-0.4673685971137949 1.658569385455246 0.4414771554655309
-0.3738329927574803 1.556101222982309 0.495134565855038
-0.3136492509550159 1.645235576113417 0.4627376527130629
-0.6355629752756378 1.660717677170602 0.4203342950136033
-0.5228233213048424 1.550940351117055 0.4766760158889263
-0.3738339128993807 1.55545942428937 0.4940942293916465
-0.4673676769718946 1.659211184148184 0.4425174919289226
-0.7312946675256665 0.9604378765967834 -0.4060286164991994
-0.620964162019907 1.055236234943323 -0.4164350231275247
-0.6622085729830239 1.175391468950297 -0.4773318545686022
-0.7602914079760789 1.102320557947659 -0.4727458436008147
1.61991438149751 0.7283801155053662 0.4163434063354196
1.597446910880533 0.9085467407362424 0.3692348794435117
1.473099933859354 1.016381200706924 0.4070166016249708
1.496433608764905 0.8502300304200923 0.4489053433196572
1.622131446654944 0.7293078831577042 0.4226137473476204
1.493673499277189 0.6777923003328766 0.4733489468394858
1.477724640807544 0.5061266341500776 0.5023418211681765
1.599561698637711 0.5747132200087879 0.4515129058138389
-0.3824502577058048 -1.753770620863582 0.4020707592131531
-0.5257185596265427 -1.758044290490561 0.3729753331362177
-0.6160349253340567 -1.64335307827851 0.4285332284359374
-0.4645901451422046 -1.644476162913999 0.4557380998828655
-0.3825830572385553 -1.753981194063106 0.4025468191148136
-0.2722092128951293 -1.837313271781986 0.3508323152615235
-0.1464151541856594 -1.817052224850409 0.3806687162938134
-0.2422876963595643 -1.735879975986318 0.4323594393779305
1.128816607262419 0.4374618477823806 -0.4204468949357576
1.263208788212355 0.5003526168099769 -0.4682760844265819
1.420691668401061 0.4422283024695979 -0.5102657687247384
1.280228082935663 0.3745240092979675 -0.4600654832047747
-1.108647243834881 1.389614266053806 -0.4158653578680155
-1.2674159100354 1.330564713195644 -0.3687609648998467
-1.350103088955157 1.169537678732526 -0.4100278621840417
-1.201181933570904 1.246208907975468 -0.4434603789989172
1.135594277743203 -1.34546759408253 -0.4251047513393568
1.205499834138041 -1.232924967305035 -0.4483494752123224
1.328859629922316 -1.243523775161245 -0.3824669630539151
1.271069699391394 -1.342155914512543 -0.3603919341727641
-0.4244403680327793 -1.193698900921853 0.4511836893154868
-0.4746431488264527 -1.370639458401824 0.4894134590317276
-0.6077230513606862 -1.398761570374076 0.5072443868765136
-0.5726542129382144 -1.251419708922004 0.476042645359651
-1.483640746350257 -0.5925414401712759 0.4934698932530843
-1.590498416075718 -0.6835690763952205 0.4398933828359956
-1.564032810893907 -0.8126844438313851 0.429068781459609
-1.468967438557055 -0.7427365057971517 0.474979844470076
0.260951400145547 1.429512745391858 -0.5018595605406981
0.3193439369514285 1.525797011741877 -0.4923803414617832
0.2144068641092285 1.63011572155112 -0.4829829999587636
0.1647439408186039 1.497804792042308 -0.4958503726451418
-1.491641982435078 -0.9893379771630024 0.4052339322103726
-1.588403548876051 -0.9211335656379139 0.3724474936931704
-1.562149642836378 -0.8117390564890928 0.4247620456974917
-1.475718874609312 -0.8773966786766583 0.4524405842409014
-1.258574236573982 -1.260392880849051 -0.4191858054744498
-1.147050732072461 -1.25995311424725 -0.451223939367134
-1.122019818123336 -1.129282477918796 -0.4963156561204658
-1.234549474605331 -1.136027658380841 -0.4621593669176295
0.6392697235274817 -1.689667273980052 0.3930467143905187
0.5434772327911769 -1.648041882579879 0.4428798688508354
0.4085707446214465 -1.760579404140475 0.3924134224295168
0.5416227734980638 -1.7737327560977 0.3546791225524642
0.9396132280782287 0.392317256071161 0.1683700863261207
1.024270856215117 0.4654656881978386 0.3142982380986981
1.114999605296803 0.4052187138779315 0.402604862072019
1.042843711653103 0.3480190082553175 0.280754003917741
1.472891650356762 1.016167945032229 0.4066546127814787
1.447514723046173 1.153709631719738 0.3572634732978777
1.330919085914799 1.223999056547227 0.3926239316956085
1.350998191563611 1.103163197526997 0.4373116706043018
-0.7046254662778499 1.382444701701751 -0.5025039912786492
-0.7536868002488248 1.246336664491229 -0.4928223181112725
-0.6620991990876652 1.17515955906622 -0.4820074930591299
-0.6134870453618864 1.297727456424318 -0.4905086227556183
-0.7062311534887199 1.385714055839343 -0.5052365932078461
-0.6464124524122977 1.54947577335223 -0.4577263226911554
-0.7274167606970169 1.64771872999491 -0.4094367105282076
-0.7735105091508298 1.517250663723802 -0.447552554640128
-1.733976399937765 0.499632195339195 0.3954320256959286
-1.807666101252916 0.3975572921247413 0.3574713497088311
-1.773074294627595 0.2608858348266213 0.4046495058442302
-1.705190962977894 0.3768027411377499 0.4361383008429029
-1.775546062175867 0.2612313333756805 0.4097433399169091
-1.716566845102346 0.1264203480526131 0.4430572080417983
-1.60357388400507 0.1366500596615896 0.4926967483906715
-1.657388103598967 0.2549014145651649 0.4625513991502098
0.4586107520846585 1.724187825434975 -0.4145281525116195
0.3855250737642451 1.625390004664204 -0.4672869140725684
0.2146114833864355 1.630811093430694 -0.4812319589173263
0.305964306626587 1.72546207668703 -0.4286337375493147
-0.6169523587901437 -1.645887185554759 0.4361486521150372
-0.6972868540544196 -1.499061947766192 0.4687756303723092
-0.6091841418777685 -1.402105370314716 0.5057899953235351
-0.53839272349984 -1.521263435282108 0.4799242630694897
$EndNodes
$Elements
1 1236 1 1236
2 1 3 1236
1 1 2 3 4 
2 5 6 7 8 
3 9 10 11 12 
4 13 14 15 16 
5 17 18 19 20 
6 21 22 23 24 
7 25 26 27 28 
8 29 30 31 32 
9 33 34 35 36 
10 37 38 39 40 
11 41 42 43 44 
12 45 46 47 48 
13 49 50 51 52 
14 53 54 55 56 
15 57 58 59 60 
16 61 62 63 64 
17 65 66 67 68 
18 69 70 71 72 
19 73 74 75 76 
20 77 78 79 80 
21 81 82 83 84 
22 85 86 87 88 
23 89 90 91 92 
24 93 94 95 96 
25 97 98 99 100 
26 101 102 103 104 
27 105 106 107 108 
28 109 110 111 112 
29 113 114 115 116 
30 117 118 119 120 
31 121 122 123 124 
32 125 126 127 128 
33 129 130 131 132 
34 133 134 135 136 
35 137 138 139 140 
36 141 142 143 144 
37 145 146 147 148 
38 149 150 151 152 
39 153 154 155 156 
40 157 158 159 160 
41 161 162 163 164 
42 165 166 167 168 
43 169 170 171 172 
44 173 174 175 176 
45 177 178 179 180 
46 181 182 183 184 
47 185 186 187 188 
48 189 190 191 192 
49 193 194 195 196 
50 197 198 199 200 
51 201 202 203 204 
52 205 206 207 208 
53 209 210 211 212 
54 213 214 215 216 
55 217 218 219 220 
56 221 222 223 224 
57 225 226 227 228 
58 229 230 231 232 
59 233 234 235 236 
60 237 238 239 240 
61 241 242 243 244 
62 245 246 247 248 
63 249 250 251 252 
64 253 254 255 256 
65 257 258 259 260 
66 261 262 263 264 
67 265 266 267 268 
68 269 270 271 272 
69 273 274 275 276 
70 277 278 279 280 
71 281 282 283 284 
72 285 286 287 288 
73 289 290 291 292 
74 293 294 295 296 
75 297 298 299 300 
76 301 302 303 304 
77 305 306 307 308 
78 309 310 311 312 
79 313 314 315 316 
80 317 318 319 320 
81 321 322 323 324 
82 325 326 327 328 
83 329 330 331 332 
84 333 334 335 336 
85 337 338 339 340 
86 341 342 343 344 
87 345 346 347 348 
88 349 350 351 352 
89 353 354 355 356 
90 357 358 359 360 
91 361 362 363 364 
92 365 366 367 368 
93 369 370 371 372 
94 373 374 375 376 
95 377 378 379 380 
96 381 382 383 384 
97 385 386 387 388 
98 389 390 391 392 
99 393 394 395 396 
100 397 398 399 400 
101 401 402 403 404 
102 405 406 407 408 
103 409 410 411 412 
104 413 414 415 416 
105 417 418 419 420 
106 421 422 423 424 
107 425 426 427 428 
108 429 430 431 432 
109 433 434 435 436 
110 437 438 439 440 
111 441 442 443 444 
112 445 446 447 448 
113 449 450 451 452 
114 453 454 455 456 
115 457 458 459 460 
116 461 462 463 464 
117 465 466 467 468 
118 469 470 471 472 
119 473 474 475 476 
120 477 478 479 480 
121 481 482 483 484 
122 485 486 487 488 
123 489 490 491 492 
124 493 494 495 496 
125 497 498 499 500 
126 501 502 503 504 
127 505 506 507 508 
128 509 510 511 512 
129 513 514 515 516 
130 517 518 519 520 
131 521 522 523 524 
132 525 526 527 528 
133 529 530 531 532 
134 533 534 535 536 
135 537 538 539 540 
136 541 542 543 544 
137 545 546 547 548 
138 549 550 551 552 
139 553 554 555 556 
140 557 558 559 560 
141 561 562 563 564 
142 565 566 567 568 
143 569 570 571 572 
144 573 574 575 576 
145 577 578 579 580 
146 581 582 583 584 
147 585 586 587 588 
148 589 590 591 592 
149 593 594 595 596 
150 597 598 599 600 
151 601 602 603 604 
152 605 606 607 608 
153 609 610 611 612 
154 613 614 615 616 
155 617 618 619 620 
156 621 622 623 624 
157 625 626 627 628 
158 629 630 631 632 
159 633 634 635 636 
160 637 638 639 640 
161 641 642 643 644 
162 645 646 647 648 
163 649 650 651 652 
164 653 654 655 656 
165 657 658 659 660 
166 661 662 663 664 
167 665 666 667 668 
168 669 670 671 672 
169 673 674 675 676 
170 677 678 679 680 
171 681 682 683 684 
172 685 686 687 688 
173 689 690 691 692 
174 693 694 695 696 
175 697 698 699 700 
176 701 702 703 704 
177 705 706 707 708 
178 709 710 711 712 
179 713 714 715 716 
180 717 718 719 720 
181 721 722 723 724 
182 725 726 727 728 
183 729 730 731 732 
184 733 734 735 736 
185 737 738 739 740 
186 741 742 743 744 
187 745 746 747 748 
188 749 750 751 752 
189 753 754 755 756 
190 757 758 759 760 
191 761 762 763 764 
192 765 766 767 768 
193 769 770 771 772 
194 773 774 775 776 
195 777 778 779 780 
196 781 782 783 784 
197 785 786 787 788 
198 789 790 791 792 
199 793 794 795 796 
200 797 798 799 800 
201 801 802 803 804 
202 805 806 807 808 
203 809 810 811 812 
204 813 814 815 816 
205 817 818 819 820 
206 821 822 823 824 
207 825 826 827 828 
208 829 830 831 832 
209 833 834 835 836 
210 837 838 839 840 
211 841 842 843 844 
212 845 846 847 848 
213 849 850 851 852 
214 853 854 855 856 
215 857 858 859 860 
216 861 862 863 864 
217 865 866 867 868 
218 869 870 871 872 
219 873 874 875 876 
220 877 878 879 880 
221 881 882 883 884 
222 885 886 887 888 
223 889 890 891 892 
224 893 894 895 896 
225 897 898 899 900 
226 901 902 903 904 
227 905 906 907 908 
228 909 910 911 912 
229 913 914 915 916 
230 917 918 919 920 
231 921 922 923 924 
232 925 926 927 928 
233 929 930 931 932 
234 933 934 935 936 
235 937 938 939 940 
236 941 942 943 944 
237 945 946 947 948 
238 949 950 951 952 
239 953 954 955 956 
240 957 958 959 960 
241 961 962 963 964 
242 965 966 967 968 
243 969 970 971 972 
244 973 974 975 976 
245 977 978 979 980 
246 981 982 983 984 
247 985 986 987 988 
248 989 990 991 992 
249 993 994 995 996 
250 997 998 999 1000 
251 1001 1002 1003 1004 
252 1005 1006 1007 1008 
253 1009 1010 1011 1012 
254 1013 1014 1015 1016 
255 1017 1018 1019 1020 
256 1021 1022 1023 1024 
257 1025 1026 1027 1028 
258 1029 1030 1031 1032 
259 1033 1034 1035 1036 
260 1037 1038 1039 1040 
261 1041 1042 1043 1044 
262 1045 1046 1047 1048 
263 1049 1050 1051 1052 
264 1053 1054 1055 1056 
265 1057 1058 1059 1060 
266 1061 1062 1063 1064 
267 1065 1066 1067 1068 
268 1069 1070 1071 1072 
269 1073 1074 1075 1076 
270 1077 1078 1079 1080 
271 1081 1082 1083 1084 
272 1085 1086 1087 1088 
273 1089 1090 1091 1092 
274 1093 1094 1095 1096 
275 1097 1098 1099 1100 
276 1101 1102 1103 1104 
277 1105 1106 1107 1108 
278 1109 1110 1111 1112 
279 1113 1114 1115 1116 
280 1117 1118 1119 1120 
281 1121 1122 1123 1124 
282 1125 1126 1127 1128 
283 1129 1130 1131 1132 
284 1133 1134 1135 1136 
285 1137 1138 1139 1140 
286 1141 1142 1143 1144 
287 1145 1146 1147 1148 
288 1149 1150 1151 1152 
289 1153 1154 1155 1156 
290 1157 1158 1159 1160 
291 1161 1162 1163 1164 
292 1165 1166 1167 1168 
293 1169 1170 1171 1172 
294 1173 1174 1175 1176 
295 1177 1178 1179 1180 
296 1181 1182 1183 1184 
297 1185 1186 1187 1188 
298 1189 1190 1191 1192 
299 1193 1194 1195 1196 
300 1197 1198 1199 1200 
301 1201 1202 1203 1204 
302 1205 1206 1207 1208 
303 1209 1210 1211 1212 
304 1213 1214 1215 1216 
305 1217 1218 1219 1220 
306 1221 1222 1223 1224 
307 1225 1226 1227 1228 
308 1229 1230 1231 1232 
309 1233 1234 1235 1236 
310 1237 1238 1239 1240 
311 1241 1242 1243 1244 
312 1245 1246 1247 1248 
313 1249 1250 1251 1252 
314 1253 1254 1255 1256 
315 1257 1258 1259 1260 
316 1261 1262 1263 1264 
317 1265 1266 1267 1268 
318 1269 1270 1271 1272 
319 1273 1274 1275 1276 
320 1277 1278 1279 1280 
321 1281 1282 1283 1284 
322 1285 1286 1287 1288 
323 1289 1290 1291 1292 
324 1293 1294 1295 1296 
325 1297 1298 1299 1300 
326 1301 1302 1303 1304 
327 1305 1306 1307 1308 
328 1309 1310 1311 1312 
329 1313 1314 1315 1316 
330 1317 1318 1319 1320 
331 1321 1322 1323 1324 
332 1325 1326 1327 1328 
333 1329 1330 1331 1332 
334 1333 1334 1335 1336 
335 1337 1338 1339 1340 
336 1341 1342 1343 1344 
337 1345 1346 1347 1348 
338 1349 1350 1351 1352 
339 1353 1354 1355 1356 
340 1357 1358 1359 1360 
341 1361 1362 1363 1364 
342 1365 1366 1367 1368 
343 1369 1370 1371 1372 
344 1373 1374 1375 1376 
345 1377 1378 1379 1380 
346 1381 1382 1383 1384 
347 1385 1386 1387 1388 
348 1389 1390 1391 1392 
349 1393 1394 1395 1396 
350 1397 1398 1399 1400 
351 1401 1402 1403 1404 
352 1405 1406 1407 1408 
353 1409 1410 1411 1412 
354 1413 1414 1415 1416 
355 1417 1418 1419 1420 
356 1421 1422 1423 1424 
357 1425 1426 1427 1428 
358 1429 1430 1431 1432 
359 1433 1434 1435 1436 
360 1437 1438 1439 1440 
361 1441 1442 1443 1444 
362 1445 1446 1447 1448 
363 1449 1450 1451 1452 
364 1453 1454 1455 1456 
365 1457 1458 1459 1460 
366 1461 1462 1463 1464 
367 1465 1466 1467 1468 
368 1469 1470 1471 1472 
369 1473 1474 1475 1476 
370 1477 1478 1479 1480 
371 1481 1482 1483 1484 
372 1485 1486 1487 1488 
373 1489 1490 1491 1492 
374 1493 1494 1495 1496 
375 1497 1498 1499 1500 
376 1501 1502 1503 1504 
377 1505 1506 1507 1508 
378 1509 1510 1511 1512 
379 1513 1514 1515 1516 
380 1517 1518 1519 1520 
381 1521 1522 1523 1524 
382 1525 1526 1527 1528 
383 1529 1530 1531 1532 
384 1533 1534 1535 1536 
385 1537 1538 1539 1540 
386 1541 1542 1543 1544 
387 1545 1546 1547 1548 
388 1549 1550 1551 1552 
389 1553 1554 1555 1556 
390 1557 1558 1559 1560 
391 1561 1562 1563 1564 
392 1565 1566 1567 1568 
393 1569 1570 1571 1572 
394 1573 1574 1575 1576 
395 1577 1578 1579 1580 
396 1581 1582 1583 1584 
397 1585 1586 1587 1588 
398 1589 1590 1591 1592 
399 1593 1594 1595 1596 
400 1597 1598 1599 1600 
401 1601 1602 1603 1604 
402 1605 1606 1607 1608 
403 1609 1610 1611 1612 
404 1613 1614 1615 1616 
405 1617 1618 1619 1620 
406 1621 1622 1623 1624 
407 1625 1626 1627 1628 
408 1629 1630 1631 1632 
409 1633 1634 1635 1636 
410 1637 1638 1639 1640 
411 1641 1642 1643 1644 
412 1645 1646 1647 1648 
413 1649 1650 1651 1652 
414 1653 1654 1655 1656 
415 1657 1658 1659 1660 
416 1661 1662 1663 1664 
417 1665 1666 1667 1668 
418 1669 1670 1671 1672 
419 1673 1674 1675 1676 
420 1677 1678 1679 1680 
421 1681 1682 1683 1684 
422 1685 1686 1687 1688 
423 1689 1690 1691 1692 
424 1693 1694 1695 1696 
425 1697 1698 1699 1700 
426 1701 1702 1703 1704 
427 1705 1706 1707 1708 
428 1709 1710 1711 1712 
429 1713 1714 1715 1716 
430 1717 1718 1719 1720 
431 1721 1722 1723 1724 
432 1725 1726 1727 1728 
433 1729 1730 1731 1732 
434 1733 1734 1735 1736 
435 1737 1738 1739 1740 
436 1741 1742 1743 1744 
437 1745 1746 1747 1748 
438 1749 1750 1751 1752 
439 1753 1754 1755 1756 
440 1757 1758 1759 1760 
441 1761 1762 1763 1764 
442 1765 1766 1767 1768 
443 1769 1770 1771 1772 
444 1773 1774 1775 1776 
445 1777 1778 1779 1780 
446 1781 1782 1783 1784 
447 1785 1786 1787 1788 
448 1789 1790 1791 1792 
449 1793 1794 1795 1796 
450 1797 1798 1799 1800 
451 1801 1802 1803 1804 
452 1805 1806 1807 1808 
453 1809 1810 1811 1812 
454 1813 1814 1815 1816 
455 1817 1818 1819 1820 
456 1821 1822 1823 1824 
457 1825 1826 1827 1828 
458 1829 1830 1831 1832 
459 1833 1834 1835 1836 
460 1837 1838 1839 1840 
461 1841 1842 1843 1844 
462 1845 1846 1847 1848 
463 1849 1850 1851 1852 
464 1853 1854 1855 1856 
465 1857 1858 1859 1860 
466 1861 1862 1863 1864 
467 1865 1866 1867 1868 
468 1869 1870 1871 1872 
469 1873 1874 1875 1876 
470 1877 1878 1879 1880 
471 1881 1882 1883 1884 
472 1885 1886 1887 1888 
473 1889 1890 1891 1892 
474 1893 1894 1895 1896 
475 1897 1898 1899 1900 
476 1901 1902 1903 1904 
477 1905 1906 1907 1908 
478 1909 1910 1911 1912 
479 1913 1914 1915 1916 
480 1917 1918 1919 1920 
481 1921 1922 1923 1924 
482 1925 1926 1927 1928 
483 1929 1930 1931 1932 
484 1933 1934 1935 1936 
485 1937 1938 1939 1940 
486 1941 1942 1943 1944 
487 1945 1946 1947 1948 
488 1949 1950 1951 1952 
489 1953 1954 1955 1956 
490 1957 1958 1959 1960 
491 1961 1962 1963 1964 
492 1965 1966 1967 1968 
493 1969 1970 1971 1972 
494 1973 1974 1975 1976 
495 1977 1978 1979 1980 
496 1981 1982 1983 1984 
497 1985 1986 1987 1988 
498 1989 1990 1991 1992 
499 1993 1994 1995 1996 
500 1997 1998 1999 2000 
501 2001 2002 2003 2004 
502 2005 2006 2007 2008 
503 2009 2010 2011 2012 
504 2013 2014 2015 2016 
505 2017 2018 2019 2020 
506 2021 2022 2023 2024 
507 2025 2026 2027 2028 
508 2029 2030 2031 2032 
509 2033 2034 2035 2036 
510 2037 2038 2039 2040 
511 2041 2042 2043 2044 
512 2045 2046 2047 2048 
513 2049 2050 2051 2052 
514 2053 2054 2055 2056 
515 2057 2058 2059 2060 
516 2061 2062 2063 2064 
517 2065 2066 2067 2068 
518 2069 2070 2071 2072 
519 2073 2074 2075 2076 
520 2077 2078 2079 2080 
521 2081 2082 2083 2084 
522 2085 2086 2087 2088 
523 2089 2090 2091 2092 
524 2093 2094 2095 2096 
525 2097 2098 2099 2100 
526 2101 2102 2103 2104 
527 2105 2106 2107 2108 
528 2109 2110 2111 2112 
529 2113 2114 2115 2116 
530 2117 2118 2119 2120 
531 2121 2122 2123 2124 
532 2125 2126 2127 2128 
533 2129 2130 2131 2132 
534 2133 2134 2135 2136 
535 2137 2138 2139 2140 
536 2141 2142 2143 2144 
537 2145 2146 2147 2148 
538 2149 2150 2151 2152 
539 2153 2154 2155 2156 
540 2157 2158 2159 2160 
541 2161 2162 2163 2164 
542 2165 2166 2167 2168 
543 2169 2170 2171 2172 
544 2173 2174 2175 2176 
545 2177 2178 2179 2180 
546 2181 2182 2183 2184 
547 2185 2186 2187 2188 
548 2189 2190 2191 2192 
549 2193 2194 2195 2196 
550 2197 2198 2199 2200 
551 2201 2202 2203 2204 
552 2205 2206 2207 2208 
553 2209 2210 2211 2212 
554 2213 2214 2215 2216 
555 2217 2218 2219 2220 
556 2221 2222 2223 2224 
557 2225 2226 2227 2228 
558 2229 2230 2231 2232 
559 2233 2234 2235 2236 
560 2237 2238 2239 2240 
561 2241 2242 2243 2244 
562 2245 2246 2247 2248 
563 2249 2250 2251 2252 
564 2253 2254 2255 2256 
565 2257 2258 2259 2260 
566 2261 2262 2263 2264 
567 2265 2266 2267 2268 
568 2269 2270 2271 2272 
569 2273 2274 2275 2276 
570 2277 2278 2279 2280 
571 2281 2282 2283 2284 
572 2285 2286 2287 2288 
573 2289 2290 2291 2292 
574 2293 2294 2295 2296 
575 2297 2298 2299 2300 
576 2301 2302 2303 2304 
577 2305 2306 2307 2308 
578 2309 2310 2311 2312 
579 2313 2314 2315 2316 
580 2317 2318 2319 2320 
581 2321 2322 2323 2324 
582 2325 2326 2327 2328 
583 2329 2330 2331 2332 
584 2333 2334 2335 2336 
585 2337 2338 2339 2340 
586 2341 2342 2343 2344 
587 2345 2346 2347 2348 
588 2349 2350 2351 2352 
589 2353 2354 2355 2356 
590 2357 2358 2359 2360 
591 2361 2362 2363 2364 
592 2365 2366 2367 2368 
593 2369 2370 2371 2372 
594 2373 2374 2375 2376 
595 2377 2378 2379 2380 
596 2381 2382 2383 2384 
597 2385 2386 2387 2388 
598 2389 2390 2391 2392 
599 2393 2394 2395 2396 
600 2397 2398 2399 2400 
601 2401 2402 2403 2404 
602 2405 2406 2407 2408 
603 2409 2410 2411 2412 
604 2413 2414 2415 2416 
605 2417 2418 2419 2420 
606 2421 2422 2423 2424 
607 2425 2426 2427 2428 
608 2429 2430 2431 2432 
609 2433 2434 2435 2436 
610 2437 2438 2439 2440 
611 2441 2442 2443 2444 
612 2445 2446 2447 2448 
613 2449 2450 2451 2452 
614 2453 2454 2455 2456 
615 2457 2458 2459 2460 
616 2461 2462 2463 2464 
617 2465 2466 2467 2468 
618 2469 2470 2471 2472 
619 2473 2474 2475 2476 
620 2477 2478 2479 2480 
621 2481 2482 2483 2484 
622 2485 2486 2487 2488 
623 2489 2490 2491 2492 
624 2493 2494 2495 2496 
625 2497 2498 2499 2500 
626 2501 2502 2503 2504 
627 2505 2506 2507 2508 
628 2509 2510 2511 2512 
629 2513 2514 2515 2516 
630 2517 2518 2519 2520 
631 2521 2522 2523 2524 
632 2525 2526 2527 2528 
633 2529 2530 2531 2532 
634 2533 2534 2535 2536 
635 2537 2538 2539 2540 
636 2541 2542 2543 2544 
637 2545 2546 2547 2548 
638 2549 2550 2551 2552 
639 2553 2554 2555 2556 
640 2557 2558 2559 2560 
641 2561 2562 2563 2564 
642 2565 2566 2567 2568 
643 2569 2570 2571 2572 
644 2573 2574 2575 2576 
645 2577 2578 2579 2580 
646 2581 2582 2583 2584 
647 2585 2586 2587 2588 
648 2589 2590 2591 2592 
649 2593 2594 2595 2596 
650 2597 2598 2599 2600 
651 2601 2602 2603 2604 
652 2605 2606 2607 2608 
653 2609 2610 2611 2612 
654 2613 2614 2615 2616 
655 2617 2618 2619 2620 
656 2621 2622 2623 2624 
657 2625 2626 2627 2628 
658 2629 2630 2631 2632 
659 2633 2634 2635 2636 
660 2637 2638 2639 2640 
661 2641 2642 2643 2644 
662 2645 2646 2647 2648 
663 2649 2650 2651 2652 
664 2653 2654 2655 2656 
665 2657 2658 2659 2660 
666 2661 2662 2663 2664 
667 2665 2666 2667 2668 
668 2669 2670 2671 2672 
669 2673 2674 2675 2676 
670 2677 2678 2679 2680 
671 2681 2682 2683 2684 
672 2685 2686 2687 2688 
673 2689 2690 2691 2692 
674 2693 2694 2695 2696 
675 2697 2698 2699 2700 
676 2701 2702 2703 2704 
677 2705 2706 2707 2708 
678 2709 2710 2711 2712 
679 2713 2714 2715 2716 
680 2717 2718 2719 2720 
681 2721 2722 2723 2724 
682 2725 2726 2727 2728 
683 2729 2730 2731 2732 
684 2733 2734 2735 2736 
685 2737 2738 2739 2740 
686 2741 2742 2743 2744 
687 2745 2746 2747 2748 
688 2749 2750 2751 2752 
689 2753 2754 2755 2756 
690 2757 2758 2759 2760 
691 2761 2762 2763 2764 
692 2765 2766 2767 2768 
693 2769 2770 2771 2772 
694 2773 2774 2775 2776 
695 2777 2778 2779 2780 
696 2781 2782 2783 2784 
697 2785 2786 2787 2788 
698 2789 2790 2791 2792 
699 2793 2794 2795 2796 
700 2797 2798 2799 2800 
701 2801 2802 2803 2804 
702 2805 2806 2807 2808 
703 2809 2810 2811 2812 
704 2813 2814 2815 2816 
705 2817 2818 2819 2820 
706 2821 2822 2823 2824 
707 2825 2826 2827 2828 
708 2829 2830 2831 2832 
709 2833 2834 2835 2836 
710 2837 2838 2839 2840 
711 2841 2842 2843 2844 
712 2845 2846 2847 2848 
713 2849 2850 2851 2852 
714 2853 2854 2855 2856 
715 2857 2858 2859 2860 
716 2861 2862 2863 2864 
717 2865 2866 2867 2868 
718 2869 2870 2871 2872 
719 2873 2874 2875 2876 
720 2877 2878 2879 2880 
721 2881 2882 2883 2884 
722 2885 2886 2887 2888 
723 2889 2890 2891 2892 
724 2893 2894 2895 2896 
725 2897 2898 2899 2900 
726 2901 2902 2903 2904 
727 2905 2906 2907 2908 
728 2909 2910 2911 2912 
729 2913 2914 2915 2916 
730 2917 2918 2919 2920 
731 2921 2922 2923 2924 
732 2925 2926 2927 2928 
733 2929 2930 2931 2932 
734 2933 2934 2935 2936 
735 2937 2938 2939 2940 
736 2941 2942 2943 2944 
737 2945 2946 2947 2948 
738 2949 2950 2951 2952 
739 2953 2954 2955 2956 
740 2957 2958 2959 2960 
741 2961 2962 2963 2964 
742 2965 2966 2967 2968 
743 2969 2970 2971 2972 
744 2973 2974 2975 2976 
745 2977 2978 2979 2980 
746 2981 2982 2983 2984 
747 2985 2986 2987 2988 
748 2989 2990 2991 2992 
749 2993 2994 2995 2996 
750 2997 2998 2999 3000 
751 3001 3002 3003 3004 
752 3005 3006 3007 3008 
753 3009 3010 3011 3012 
754 3013 3014 3015 3016 
755 3017 3018 3019 3020 
756 3021 3022 3023 3024 
757 3025 3026 3027 3028 
758 3029 3030 3031 3032 
759 3033 3034 3035 3036 
760 3037 3038 3039 3040 
761 3041 3042 3043 3044 
762 3045 3046 3047 3048 
763 3049 3050 3051 3052 
764 3053 3054 3055 3056 
765 3057 3058 3059 3060 
766 3061 3062 3063 3064 
767 3065 3066 3067 3068 
768 3069 3070 3071 3072 
769 3073 3074 3075 3076 
770 3077 3078 3079 3080 
771 3081 3082 3083 3084 
772 3085 3086 3087 3088 
773 3089 3090 3091 3092 
774 3093 3094 3095 3096 
775 3097 3098 3099 3100 
776 3101 3102 3103 3104 
777 3105 3106 3107 3108 
778 3109 3110 3111 3112 
779 3113 3114 3115 3116 
780 3117 3118 3119 3120 
781 3121 3122 3123 3124 
782 3125 3126 3127 3128 
783 3129 3130 3131 3132 
784 3133 3134 3135 3136 
785 3137 3138 3139 3140 
786 3141 3142 3143 3144 
787 3145 3146 3147 3148 
788 3149 3150 3151 3152 
789 3153 3154 3155 3156 
790 3157 3158 3159 3160 
791 3161 3162 3163 3164 
792 3165 3166 3167 3168 
793 3169 3170 3171 3172 
794 3173 3174 3175 3176 
795 3177 3178 3179 3180 
796 3181 3182 3183 3184 
797 3185 3186 3187 3188 
798 3189 3190 3191 3192 
799 3193 3194 3195 3196 
800 3197 3198 3199 3200 
801 3201 3202 3203 3204 
802 3205 3206 3207 3208 
803 3209 3210 3211 3212 
804 3213 3214 3215 3216 
805 3217 3218 3219 3220 
806 3221 3222 3223 3224 
807 3225 3226 3227 3228 
808 3229 3230 3231 3232 
809 3233 3234 3235 3236 
810 3237 3238 3239 3240 
811 3241 3242 3243 3244 
812 3245 3246 3247 3248 
813 3249 3250 3251 3252 
814 3253 3254 3255 3256 
815 3257 3258 3259 3260 
816 3261 3262 3263 3264 
817 3265 3266 3267 3268 
818 3269 3270 3271 3272 
819 3273 3274 3275 3276 
820 3277 3278 3279 3280 
821 3281 3282 3283 3284 
822 3285 3286 3287 3288 
823 3289 3290 3291 3292 
824 3293 3294 3295 3296 
825 3297 3298 3299 3300 
826 3301 3302 3303 3304 
827 3305 3306 3307 3308 
828 3309 3310 3311 3312 
829 3313 3314 3315 3316 
830 3317 3318 3319 3320 
831 3321 3322 3323 3324 
832 3325 3326 3327 3328 
833 3329 3330 3331 3332 
834 3333 3334 3335 3336 
835 3337 3338 3339 3340 
836 3341 3342 3343 3344 
837 3345 3346 3347 3348 
838 3349 3350 3351 3352 
839 3353 3354 3355 3356 
840 3357 3358 3359 3360 
841 3361 3362 3363 3364 
842 3365 3366 3367 3368 
843 3369 3370 3371 3372 
844 3373 3374 3375 3376 
845 3377 3378 3379 3380 
846 3381 3382 3383 3384 
847 3385 3386 3387 3388 
848 3389 3390 3391 3392 
849 3393 3394 3395 3396 
850 3397 3398 3399 3400 
851 3401 3402 3403 3404 
852 3405 3406 3407 3408 
853 3409 3410 3411 3412 
854 3413 3414 3415 3416 
855 3417 3418 3419 3420 
856 3421 3422 3423 3424 
857 3425 3426 3427 3428 
858 3429 3430 3431 3432 
859 3433 3434 3435 3436 
860 3437 3438 3439 3440 
861 3441 3442 3443 3444 
862 3445 3446 3447 3448 
863 3449 3450 3451 3452 
864 3453 3454 3455 3456 
865 3457 3458 3459 3460 
866 3461 3462 3463 3464 
867 3465 3466 3467 3468 
868 3469 3470 3471 3472 
869 3473 3474 3475 3476 
870 3477 3478 3479 3480 
871 3481 3482 3483 3484 
872 3485 3486 3487 3488 
873 3489 3490 3491 3492 
874 3493 3494 3495 3496 
875 3497 3498 3499 3500 
876 3501 3502 3503 3504 
877 3505 3506 3507 3508 
878 3509 3510 3511 3512 
879 3513 3514 3515 3516 
880 3517 3518 3519 3520 
881 3521 3522 3523 3524 
882 3525 3526 3527 3528 
883 3529 3530 3531 3532 
884 3533 3534 3535 3536 
885 3537 3538 3539 3540 
886 3541 3542 3543 3544 
887 3545 3546 3547 3548 
888 3549 3550 3551 3552 
889 3553 3554 3555 3556 
890 3557 3558 3559 3560 
891 3561 3562 3563 3564 
892 3565 3566 3567 3568 
893 3569 3570 3571 3572 
894 3573 3574 3575 3576 
895 3577 3578 3579 3580 
896 3581 3582 3583 3584 
897 3585 3586 3587 3588 
898 3589 3590 3591 3592 
899 3593 3594 3595 3596 
900 3597 3598 3599 3600 
901 3601 3602 3603 3604 
902 3605 3606 3607 3608 
903 3609 3610 3611 3612 
904 3613 3614 3615 3616 
905 3617 3618 3619 3620 
906 3621 3622 3623 3624 
907 3625 3626 3627 3628 
908 3629 3630 3631 3632 
909 3633 3634 3635 3636 
910 3637 3638 3639 3640 
911 3641 3642 3643 3644 
912 3645 3646 3647 3648 
913 3649 3650 3651 3652 
914 3653 3654 3655 3656 
915 3657 3658 3659 3660 
916 3661 3662 3663 3664 
917 3665 3666 3667 3668 
918 3669 3670 3671 3672 
919 3673 3674 3675 3676 
920 3677 3678 3679 3680 
921 3681 3682 3683 3684 
922 3685 3686 3687 3688 
923 3689 3690 3691 3692 
924 3693 3694 3695 3696 
925 3697 3698 3699 3700 
926 3701 3702 3703 3704 
927 3705 3706 3707 3708 
928 3709 3710 3711 3712 
929 3713 3714 3715 3716 
930 3717 3718 3719 3720 
931 3721 3722 3723 3724 
932 3725 3726 3727 3728 
933 3729 3730 3731 3732 
934 3733 3734 3735 3736 
935 3737 3738 3739 3740 
936 3741 3742 3743 3744 
937 3745 3746 3747 3748 
938 3749 3750 3751 3752 
939 3753 3754 3755 3756 
940 3757 3758 3759 3760 
941 3761 3762 3763 3764 
942 3765 3766 3767 3768 
943 3769 3770 3771 3772 
944 3773 3774 3775 3776 
945 3777 3778 3779 3780 
946 3781 3782 3783 3784 
947 3785 3786 3787 3788 
948 3789 3790 3791 3792 
949 3793 3794 3795 3796 
950 3797 3798 3799 3800 
951 3801 3802 3803 3804 
952 3805 3806 3807 3808 
953 3809 3810 3811 3812 
954 3813 3814 3815 3816 
955 3817 3818 3819 3820 
956 3821 3822 3823 3824 
957 3825 3826 3827 3828 
958 3829 3830 3831 3832 
959 3833 3834 3835 3836 
960 3837 3838 3839 3840 
961 3841 3842 3843 3844 
962 3845 3846 3847 3848 
963 3849 3850 3851 3852 
964 3853 3854 3855 3856 
965 3857 3858 3859 3860 
966 3861 3862 3863 3864 
967 3865 3866 3867 3868 
968 3869 3870 3871 3872 
969 3873 3874 3875 3876 
970 3877 3878 3879 3880 
971 3881 3882 3883 3884 
972 3885 3886 3887 3888 
973 3889 3890 3891 3892 
974 3893 3894 3895 3896 
975 3897 3898 3899 3900 
976 3901 3902 3903 3904 
977 3905 3906 3907 3908 
978 3909 3910 3911 3912 
979 3913 3914 3915 3916 
980 3917 3918 3919 3920 
981 3921 3922 3923 3924 
982 3925 3926 3927 3928 
983 3929 3930 3931 3932 
984 3933 3934 3935 3936 
985 3937 3938 3939 3940 
986 3941 3942 3943 3944 
987 3945 3946 3947 3948 
988 3949 3950 3951 3952 
989 3953 3954 3955 3956 
990 3957 3958 3959 3960 
991 3961 3962 3963 3964 
992 3965 3966 3967 3968 
993 3969 3970 3971 3972 
994 3973 3974 3975 3976 
995 3977 3978 3979 3980 
996 3981 3982 3983 3984 
997 3985 3986 3987 3988 
998 3989 3990 3991 3992 
999 3993 3994 3995 3996 
1000 3997 3998 3999 4000 
1001 4001 4002 4003 4004 
1002 4005 4006 4007 4008 
1003 4009 4010 4011 4012 
1004 4013 4014 4015 4016 
1005 4017 4018 4019 4020 
1006 4021 4022 4023 4024 
1007 4025 4026 4027 4028 
1008 4029 4030 4031 4032 
1009 4033 4034 4035 4036 
1010 4037 4038 4039 4040 
1011 4041 4042 4043 4044 
1012 4045 4046 4047 4048 
1013 4049 4050 4051 4052 
1014 4053 4054 4055 4056 
1015 4057 4058 4059 4060 
1016 4061 4062 4063 4064 
1017 4065 4066 4067 4068 
1018 4069 4070 4071 4072 
1019 4073 4074 4075 4076 
1020 4077 4078 4079 4080 
1021 4081 4082 4083 4084 
1022 4085 4086 4087 4088 
1023 4089 4090 4091 4092 
1024 4093 4094 4095 4096 
1025 4097 4098 4099 4100 
1026 4101 4102 4103 4104 
1027 4105 4106 4107 4108 
1028 4109 4110 4111 4112 
1029 4113 4114 4115 4116 
1030 4117 4118 4119 4120 
1031 4121 4122 4123 4124 
1032 4125 4126 4127 4128 
1033 4129 4130 4131 4132 
1034 4133 4134 4135 4136 
1035 4137 4138 4139 4140 
1036 4141 4142 4143 4144 
1037 4145 4146 4147 4148 
1038 4149 4150 4151 4152 
1039 4153 4154 4155 4156 
1040 4157 4158 4159 4160 
1041 4161 4162 4163 4164 
1042 4165 4166 4167 4168 
1043 4169 4170 4171 4172 
1044 4173 4174 4175 4176 
1045 4177 4178 4179 4180 
1046 4181 4182 4183 4184 
1047 4185 4186 4187 4188 
1048 4189 4190 4191 4192 
1049 4193 4194 4195 4196 
1050 4197 4198 4199 4200 
1051 4201 4202 4203 4204 
1052 4205 4206 4207 4208 
1053 4209 4210 4211 4212 
1054 4213 4214 4215 4216 
1055 4217 4218 4219 4220 
1056 4221 4222 4223 4224 
1057 4225 4226 4227 4228 
1058 4229 4230 4231 4232 
1059 4233 4234 4235 4236 
1060 4237 4238 4239 4240 
1061 4241 4242 4243 4244 
1062 4245 4246 4247 4248 
1063 4249 4250 4251 4252 
1064 4253 4254 4255 4256 
1065 4257 4258 4259 4260 
1066 4261 4262 4263 4264 
1067 4265 4266 4267 4268 
1068 4269 4270 4271 4272 
1069 4273 4274 4275 4276 
1070 4277 4278 4279 4280 
1071 4281 4282 4283 4284 
1072 4285 4286 4287 4288 
1073 4289 4290 4291 4292 
1074 4293 4294 4295 4296 
1075 4297 4298 4299 4300 
1076 4301 4302 4303 4304 
1077 4305 4306 4307 4308 
1078 4309 4310 4311 4312 
1079 4313 4314 4315 4316 
1080 4317 4318 4319 4320 
1081 4321 4322 4323 4324 
1082 4325 4326 4327 4328 
1083 4329 4330 4331 4332 
1084 4333 4334 4335 4336 
1085 4337 4338 4339 4340 
1086 4341 4342 4343 4344 
1087 4345 4346 4347 4348 
1088 4349 4350 4351 4352 
1089 4353 4354 4355 4356 
1090 4357 4358 4359 4360 
1091 4361 4362 4363 4364 
1092 4365 4366 4367 4368 
1093 4369 4370 4371 4372 
1094 4373 4374 4375 4376 
1095 4377 4378 4379 4380 
1096 4381 4382 4383 4384 
1097 4385 4386 4387 4388 
1098 4389 4390 4391 4392 
1099 4393 4394 4395 4396 
1100 4397 4398 4399 4400 
1101 4401 4402 4403 4404 
1102 4405 4406 4407 4408 
1103 4409 4410 4411 4412 
1104 4413 4414 4415 4416 
1105 4417 4418 4419 4420 
1106 4421 4422 4423 4424 
1107 4425 4426 4427 4428 
1108 4429 4430 4431 4432 
1109 4433 4434 4435 4436 
1110 4437 4438 4439 4440 
1111 4441 4442 4443 4444 
1112 4445 4446 4447 4448 
1113 4449 4450 4451 4452 
1114 4453 4454 4455 4456 
1115 4457 4458 4459 4460 
1116 4461 4462 4463 4464 
1117 4465 4466 4467 4468 
1118 4469 4470 4471 4472 
1119 4473 4474 4475 4476 
1120 4477 4478 4479 4480 
1121 4481 4482 4483 4484 
1122 4485 4486 4487 4488 
1123 4489 4490 4491 4492 
1124 4493 4494 4495 4496 
1125 4497 4498 4499 4500 
1126 4501 4502 4503 4504 
1127 4505 4506 4507 4508 
1128 4509 4510 4511 4512 
1129 4513 4514 4515 4516 
1130 4517 4518 4519 4520 
1131 4521 4522 4523 4524 
1132 4525 4526 4527 4528 
1133 4529 4530 4531 4532 
1134 4533 4534 4535 4536 
1135 4537 4538 4539 4540 
1136 4541 4542 4543 4544 
1137 4545 4546 4547 4548 
1138 4549 4550 4551 4552 
1139 4553 4554 4555 4556 
1140 4557 4558 4559 4560 
1141 4561 4562 4563 4564 
1142 4565 4566 4567 4568 
1143 4569 4570 4571 4572 
1144 4573 4574 4575 4576 
1145 4577 4578 4579 4580 
1146 4581 4582 4583 4584 
1147 4585 4586 4587 4588 
1148 4589 4590 4591 4592 
1149 4593 4594 4595 4596 
1150 4597 4598 4599 4600 
1151 4601 4602 4603 4604 
1152 4605 4606 4607 4608 
1153 4609 4610 4611 4612 
1154 4613 4614 4615 4616 
1155 4617 4618 4619 4620 
1156 4621 4622 4623 4624 
1157 4625 4626 4627 4628 
1158 4629 4630 4631 4632 
1159 4633 4634 4635 4636 
1160 4637 4638 4639 4640 
1161 4641 4642 4643 4644 
1162 4645 4646 4647 4648 
1163 4649 4650 4651 4652 
1164 4653 4654 4655 4656 
1165 4657 4658 4659 4660 
1166 4661 4662 4663 4664 
1167 4665 4666 4667 4668 
1168 4669 4670 4671 4672 
1169 4673 4674 4675 4676 
1170 4677 4678 4679 4680 
1171 4681 4682 4683 4684 
1172 4685 4686 4687 4688 
1173 4689 4690 4691 4692 
1174 4693 4694 4695 4696 
1175 4697 4698 4699 4700 
1176 4701 4702 4703 4704 
1177 4705 4706 4707 4708 
1178 4709 4710 4711 4712 
1179 4713 4714 4715 4716 
1180 4717 4718 4719 4720 
1181 4721 4722 4723 4724 
1182 4725 4726 4727 4728 
1183 4729 4730 4731 4732 
1184 4733 4734 4735 4736 
1185 4737 4738 4739 4740 
1186 4741 4742 4743 4744 
1187 4745 4746 4747 4748 
1188 4749 4750 4751 4752 
1189 4753 4754 4755 4756 
1190 4757 4758 4759 4760 
1191 4761 4762 4763 4764 
1192 4765 4766 4767 4768 
1193 4769 4770 4771 4772 
1194 4773 4774 4775 4776 
1195 4777 4778 4779 4780 
1196 4781 4782 4783 4784 
1197 4785 4786 4787 4788 
1198 4789 4790 4791 4792 
1199 4793 4794 4795 4796 
1200 4797 4798 4799 4800 
1201 4801 4802 4803 4804 
1202 4805 4806 4807 4808 
1203 4809 4810 4811 4812 
1204 4813 4814 4815 4816 
1205 4817 4818 4819 4820 
1206 4821 4822 4823 4824 
1207 4825 4826 4827 4828 
1208 4829 4830 4831 4832 
1209 4833 4834 4835 4836 
1210 4837 4838 4839 4840 
1211 4841 4842 4843 4844 
1212 4845 4846 4847 4848 
1213 4849 4850 4851 4852 
1214 4853 4854 4855 4856 
1215 4857 4858 4859 4860 
1216 4861 4862 4863 4864 
1217 4865 4866 4867 4868 
1218 4869 4870 4871 4872 
1219 4873 4874 4875 4876 
1220 4877 4878 4879 4880 
1221 4881 4882 4883 4884 
1222 4885 4886 4887 4888 
1223 4889 4890 4891 4892 
1224 4893 4894 4895 4896 
1225 4897 4898 4899 4900 
1226 4901 4902 4903 4904 
1227 4905 4906 4907 4908 
1228 4909 4910 4911 4912 
1229 4913 4914 4915 4916 
1230 4917 4918 4919 4920 
1231 4921 4922 4923 4924 
1232 4925 4926 4927 4928 
1233 4929 4930 4931 4932 
1234 4933 4934 4935 4936 
1235 4937 4938 4939 4940 
1236 4941 4942 4943 4944 
$EndElements
