diamond_tag,center_x,center_y,center_z,grad_x,grad_y,grad_z,error_to_exact_gradient
1,1.9884339746642863,0.1600500592113885,-4.559027693978174e-05,-0.08756905144739768,1.162338570858018,1.7478310715469734,0.5797998152219442
2,1.9884339746643351,-0.1600500592110689,4.5590277083701336e-05,0.08756905144618006,1.1623385708581089,1.7478310715489738,0.5797998152213458
3,1.9661114535911148,0.0013774755049027476,0.1483369759995105,-0.29811381321745145,0.9239671264743394,1.010963902130743,0.4690710960128297
4,1.9661114535911777,-0.0013774755045852273,-0.14833697599936135,0.2981138132169961,0.9239671264758486,1.010963902130862,0.4690710960134774
5,1.9771633707266367,-0.11006947673610176,0.10692681040596544,-0.30757460495330863,1.0455591778469109,1.6111734528502915,0.5893620795275317
6,1.9766240682683427,-0.11691076928801601,-0.10672282441443261,0.27862695682636934,1.0268051525402246,1.0628249475214169,0.4815825147932778
7,1.9771633707266312,0.11006947673608777,-0.10692681040598384,0.30757460495334454,1.0455591778468887,1.6111734528501676,0.5893620795274931
8,1.976624068267943,0.11691076928961157,0.10672282441514654,-0.2786269568265494,1.026805152535097,1.062824947509034,0.4815825147943702
9,1.9439889438925662,0.44517686508681625,0.0009756828291436655,-0.22040490045530087,0.9354587549930661,1.680424962385747,0.5192841821896007
10,1.941409310635712,0.38015914621999297,0.11215742494508912,-0.2403875730412947,0.7807239835407036,0.35070754446824154,0.43060273005342414
11,1.9447437823421587,0.3727636241997154,-0.10755595294867633,0.2846378065146344,1.0251502904381486,2.1412507025614476,0.6933324947296255
12,1.9672167543392547,0.24600667985105468,-0.10186339725749849,0.2561934886240938,1.018121778842344,1.8519058355509033,0.711347988937715
13,1.966017409402835,0.2540585502149914,0.10260407169276506,-0.3019292886402988,0.9487241197478171,0.8455916429440411,0.42773745899634685
14,1.8557860725908946,0.7282069191267938,-0.00021546601263088688,-0.21490313979518788,0.5514214681305042,1.6178906029360305,0.4071555268551858
15,1.8622946969480314,0.6540299456155272,-0.12312688668456945,0.4256004739198648,0.8434793314240524,2.607879191796928,0.8941069153235235
16,1.8641515563177617,0.6496804747668409,0.12302710956361786,-0.07739022102074185,0.510925917978048,-0.37286160802544416,0.4101854146695739
17,1.9079806030212851,0.5179054233579464,0.11646986658998104,-0.20649007953586343,0.6689723056424106,0.09010494525915455,0.41685555531392815
18,1.910880182907817,0.5130346962027795,-0.11209467069355578,0.3261836970677142,0.8262267856817677,2.317233126966794,0.888070386049398
19,1.727111504407218,0.9971482919900055,0.006008025087592989,-0.09252500524119389,0.09658066331722698,1.3094330358435606,0.37301374673392534
20,1.7441188534364835,0.9205297499941778,0.127544350638636,0.13761409261259294,0.22761907360031064,-0.8456931377831083,0.5211997346953816
21,1.808667695983897,0.792821174477522,-0.12040472764515368,0.4865188710248246,0.639127845080798,2.6891992379569274,1.0301078401733927
22,1.8096451233130466,0.7862615005883595,0.1254159094527842,0.007944177651941522,0.3643773340814823,-0.5816362242527044,0.5111396941145995
23,1.753065599008445,0.9271792919798969,-0.09907849766011512,0.3337971670085005,0.5387842321477936,2.7290576776706263,0.8662307740439119
24,1.5593739829444213,1.2422247136781803,0.00029722693208217646,0.20755071076647938,-0.2628509733412976,1.3460764265306011,0.33958917901561525
25,1.5922200787423022,1.1704124594003766,-0.1173270377660562,0.6415651590569186,0.31686472339572935,2.795874432912318,0.9752390994944143
26,1.6699159072719154,1.0493349109829275,0.12737824380570892,0.25233814403791865,0.07938308246820697,-0.9518064070949781,0.5577412610752098
27,1.5892634166500152,1.1700083115087896,0.12473165261084902,0.3367996957425892,-0.04887092350581204,-0.9299776572972719,0.5827778906250646
28,1.6796957150968228,1.0546705538637817,-0.09842512124652189,0.4770342559338868,0.25278332050176266,2.7156922380447583,0.8863721563890361
29,1.3565398073148853,1.4620022087665074,0.006884686770666804,0.503912842081371,-0.5048573495331149,0.9816266399106277,0.4657187484125034
30,1.3951583642336782,1.3939546106963177,0.12739815681401453,0.6030841881913143,-0.25856457660612875,-0.9043232118649649,0.5891871011638741
31,1.4995820654105212,1.2871362671351032,-0.11647888413128821,0.7523588451384862,0.16009556015590976,2.6965628619068074,0.9023144508102834
32,1.4968561106358762,1.285968046430734,0.1247515656189316,0.5058803600964396,-0.2028586486632281,-0.9579903407278139,0.5348195396105682
33,1.4037603785313642,1.4029360420683907,-0.09420851502466378,0.6364303949901237,-0.010504982921830552,2.365769052794557,0.7934528303522399
34,1.1226535889388938,1.6463431214725466,-0.0037426898087745304,0.7786921270461132,-0.5115533680150561,1.0485884314195377,0.46789340378939387
35,1.285983034813293,1.4949764024874583,0.12804190444089128,0.7377385751475334,-0.32547608093611247,-0.866785163932121,0.49696577994268926
36,1.169043071864588,1.5807909625172811,-0.1383416585744618,0.8773472035700551,0.12690606175938202,1.9658588989984533,0.8554830446405144
37,1.1713900550413405,1.5864916473514894,0.12782496821026088,0.7634187700151088,-0.35025741192472715,-0.6403013429992856,0.5509072268922073
38,1.2939587414777394,1.5028896939151914,-0.09888425440345225,0.866007085957479,-0.15709283355586667,2.1787506905222176,0.6902002120060089
39,0.864060605773869,1.7966572512698606,0.00031112426320805894,0.8564060199633883,-0.4134153253322518,0.7432706895996294,0.465366902718181
40,0.9141925848133102,1.7474855472892954,-0.12765935354396768,0.7505798983845143,0.012184330006492355,1.3763389783422244,0.57619799962305
41,1.0433128637868383,1.663704605861028,-0.14438106513487056,0.9489890944396898,0.04831799963684147,1.740799764160033,0.5874408501564122
42,1.049540646049062,1.669887525281247,0.12723531062721605,0.8552825354711849,-0.36204873903817836,-0.5557645893142176,0.44142633817110655
43,0.9253390876397171,1.7428433556945833,0.12532380567176757,0.820297124058357,-0.3551873034638616,-0.27549855618945746,0.4771988167824478
44,0.5868661124351688,1.9051216192532996,0.0004611783415641203,0.7360848933516962,-0.22803462413853925,0.5048760668009613,0.36764231039955175
45,0.6524103499521254,1.8610981518478384,0.1275443506391109,0.7364475246367796,-0.26810527440938636,0.035447785303726165,0.41675249951538984
46,0.7805517950825162,1.8132567896139213,-0.12344536392089878,0.8056758334933712,-0.04364563052870951,1.0756371296026868,0.35394836109091715
47,0.7917701075332877,1.8072417426716163,0.12541590945288025,0.8449118398982239,-0.31205486315288955,-0.195383514411671,0.41807484336872613
48,0.6469633018491049,1.864153191897346,-0.12502372080239033,0.6072806165156954,-0.005751439206904671,0.7361388386798512,0.37863315618998317
49,0.2973699444167378,1.9719598014989739,0.0059736323909633585,0.424109372779697,-0.07016049140635708,0.2550278052732408,0.21304031473690066
50,0.5101162795677271,1.90479740307164,0.1282173697227106,0.6768956682249682,-0.20228984335074093,0.07758133338015766,0.4165979046098205
51,0.36768024036737945,1.9371346144943766,0.12866385295283764,0.5003536059857147,-0.15807825701525263,0.22768165473734295,0.39063361121825263
52,0.5069379033271133,1.908815684878541,-0.12007223074218568,0.5737007280421984,-0.023615416177779,0.4984433079630334,0.24498852414062686
53,0.3679025010169553,1.9485227861823282,-0.0997213310797932,0.3911425496502326,-0.012394738332641556,0.3195334719120061,0.2771244079526352
54,-0.0013051670615619399,1.9935064860832712,0.0007135855127960861,4.085524507677768e-15,3.979490538241453e-06,-0.001392771730309844,0.0032288999968862857
55,0.06800087608792871,1.9740698850172194,-0.11892634014304404,-0.02997395532851518,-0.025364048996139543,-0.1022840368909312,0.3094484952945471
56,0.07428011459783712,1.9705080053681137,0.12822457550534105,0.16497357280779057,-0.06536256475355393,0.2181821774982307,0.3559550797185247
57,0.2210445322473656,1.9592552615376126,0.1286710587356481,0.38812376676352645,-0.0995421853167057,0.20483975473003538,0.40110313659317287
58,0.2207332964699478,1.970614048764847,-0.09951407748549822,0.21760009358050558,0.0011980689475764154,0.1163397985796322,0.2571984390437956
59,-0.29763577342257314,1.971980392586431,0.004487796137977326,-0.4257435816404654,-0.05931822404500545,-0.26413491953791624,0.19511012205559072
60,-0.08093145771925299,1.973691367994847,-0.11951969612877708,-0.17070222213766112,-0.05914409203953974,-0.2084405699342307,0.32980674608586236
61,-0.07459352651482239,1.9707897208415872,0.12739815681397848,0.03129854675629996,-0.028620675205279337,0.11053708138160315,0.3405489051266861
62,-0.22259276693482605,1.960802002369732,0.12475156561892366,-0.21304721690002398,-0.012101665353657195,-0.04414643835176434,0.29178734045494864
63,-0.22316661005206423,1.9694027162379268,-0.10259940796816412,-0.37961114755192227,-0.07683888053752197,-0.17725588038322698,0.35662250449012056
64,-0.588391935986394,1.9045186723498753,-0.0002559240938968567,-0.7362032300187118,-0.22765098608652037,-0.5080590149955843,0.3691676555534543
65,-0.5104059823822035,1.9050481951687317,0.12737824380579232,-0.5599923879602496,-0.013897240675753687,-0.4906741351399782,0.2506759960586518
66,-0.5142579550473444,1.9049129394178297,-0.12412974745572947,-0.6761911014804017,-0.20678394897334937,-0.06672333729357235,0.4302818226014927
67,-0.3692047659522895,1.9386504319499736,0.12473165261086636,-0.3322622733782876,-0.001468251619499511,-0.23511738124831835,0.2982438142196292
68,-0.3692562639324656,1.94689488823997,-0.10361654381709709,-0.5242948886073935,-0.15227323080104796,-0.22075223439002675,0.36824217729987574
69,-0.8659651783383424,1.7956364339135151,0.0006170694534681741,-0.8576167489462962,-0.41090122069378726,-0.7606820751146417,0.4626107161111321
70,-0.6520205932195705,1.861084952192351,0.12796578471559283,-0.6018481201914376,-4.507383986508684e-05,-0.7382227745308946,0.383996370683775
71,-0.6565518483710011,1.8592429594401312,-0.12853918590735938,-0.7412460007635472,-0.2681573203960781,-0.025995328741945378,0.41453254478134066
72,-0.7898354077112831,1.807155697530273,0.12743517741882163,-0.8063276761173355,-0.028766300012860735,-1.102172621721358,0.356482442242127
73,-0.7931731271076143,1.806973877517208,-0.12477321841573652,-0.8477117854202316,-0.3150482467203215,0.19088659416723208,0.4159191594711189
74,-1.1228886246075485,1.647074186588009,0.00021661100761318636,-0.7701706921620204,-0.5240520174298351,-0.9782003488121622,0.47946315913802173
75,-1.0491088135516198,1.6698087597626818,0.12794900372921164,-0.9299264176799664,-0.026669358951493805,-1.7503250510828896,0.5661021916730244
76,-1.0496097392092532,1.6703278563078812,-0.1263031582237391,-0.8539447006534487,-0.3659858260334331,0.5452406995164465,0.44138162445103496
77,-0.923419900919864,1.7427762120445174,0.12741839643231148,-0.7723950075533474,0.008132747309291512,-1.3785121921171493,0.5808989629893349
78,-0.925920776516705,1.7430475376184382,-0.12428407615648672,-0.8214244630421894,-0.35907227369395395,0.2677310192829371,0.4758322264710883
79,-1.357136487449244,1.4603308817748628,-0.0005412276552953128,-0.5207661380811186,-0.4866938162230325,-1.1633668278736498,0.4246199604177996
80,-1.1721027514887654,1.5861559732611177,0.12726676179801827,-0.823147210161564,0.0639193176943886,-2.005781116816356,0.7972615398354517
81,-1.1720857966676732,1.5864747436077489,-0.12679352587837095,-0.7639155861048135,-0.3565755921441962,0.6275806201912895,0.5459753032526742
82,-1.2898568028847315,1.4938299407419666,0.12410019680980654,-0.9113313045079536,0.014784654864158586,-2.327513685291406,0.7813929897221102
83,-1.2895414517381227,1.492707249704103,-0.12643891956052622,-0.7305516253520826,-0.33190457064848033,0.846962035057419,0.49136634676208046
84,-1.5584904746663946,1.242854680373159,-1.5278750487013326e-13,-0.2088135417083569,-0.26184389927049967,-1.3503971356235973,0.3420778162729709
85,-1.495123383830631,1.2863068759053444,0.12723100982470345,-0.8209687845095752,0.1689888275992273,-2.729121717941517,0.9759447044743871
86,-1.4950765358758735,1.2860685086411558,-0.12776800717030784,-0.5138083722249833,-0.17580932328490112,1.021505317670862,0.5524841494597992
87,-1.3984839003515188,1.3929089727317696,0.12406444483646249,-0.749004937433051,0.17431088534841066,-2.526000393672157,0.9499184219657594
88,-1.3981674276294829,1.3916648657047253,-0.12661152581171045,-0.5843379739107757,-0.25319454634731287,0.8889778122128292,0.596578718445959
89,-1.723252875547442,0.9995610201105946,-0.005382374574698309,0.09001373665437862,0.09803054491182461,-1.2885058206654827,0.4051446250904577
90,-1.5873221447146304,1.1697866966588615,0.1284298785087448,-0.6574126652626121,0.40426152499898815,-2.84118742815956,1.0611493416781537
91,-1.58208059007324,1.1737196638537986,-0.13364619123218255,-0.3045955295733478,0.08558952084193097,1.0745944720148848,0.7219257500469547
92,-1.644807940758153,1.0639466583444541,-0.15417606246991603,-0.46117752027223824,0.2547063187983085,1.5314029708531616,0.7312338328578174
93,-1.6714121972764104,1.044965171420813,0.12955518938054225,-0.6925689204323066,0.3792569813104243,-2.8753870419459364,1.0917906242803443
94,-1.8559696566930204,0.7269635827560811,-0.000663909577515328,0.22026789183344603,0.5493159581104919,-1.5892709497259248,0.4185531675215001
95,-1.807594298822284,0.7880078442691696,0.1283801393853926,-0.5391258165832148,0.5963527528436887,-2.7160425288366357,1.0776675512070761
96,-1.8042432535144555,0.7854306544225983,-0.13708421500426587,-0.12680710055103636,0.2663928122734515,0.7796194440706593,0.6588940568296155
97,-1.7198903186424253,0.934369696136931,-0.15516606868717447,-0.4190024107742594,0.26008174434167486,1.4253549109232513,0.7309382505951825
98,-1.7454508151815429,0.9164702335043216,0.12950545025721985,-0.5447050430763475,0.6467271963791336,-2.865830851057655,1.050740726173873
99,-1.9438643033294398,0.44256581332722367,-0.00013951876559254242,0.2147960749317383,0.9367389328178053,-1.6862265080107253,0.5259364754107227
100,-1.8618084906172996,0.6505731797715866,0.12739815681397798,-0.44281068809793067,0.8549814761192506,-2.601034029883434,0.9163976165908628
101,-1.8628621748969607,0.6434916404570374,-0.13062134651278323,0.0356479981995214,0.5218708998786453,0.4966271740886032,0.44131169591018227
102,-1.9065813797834927,0.5091556487477322,0.124751565618924,-0.4022683856732671,0.8069921638834533,-2.288466292598148,0.9495827202477379
103,-1.90679817695738,0.5063850054554736,-0.12604488777130946,0.16651252732919963,0.6640276899820874,0.04403322073885796,0.44722783513708997
104,-1.988689357278841,0.14983041467611102,0.006241681307577764,0.04239833984053909,1.1657236477252395,-1.7763118031711065,0.5837792310055349
105,-1.959831599230843,0.2208687289397515,0.12737824380579188,-0.3405213955025776,0.9207158519658946,-1.6391099808395624,0.7796516189492158
106,-1.9395244422939415,0.36458551019764757,0.1247316526108668,-0.36591366352369276,1.0047748293161045,-2.082014423090595,0.7255636697496963
107,-1.9415154517465363,0.3640781264210546,-0.11913730150488255,0.20930031843932378,0.761535164864828,-0.22822109722068137,0.4528109274638457
108,-1.970839455738698,0.2253364717762839,-0.09771398492622009,0.30897203660262207,0.9291111972791704,-0.9814942669012077,0.488734182141835
109,-1.9876729282675352,-0.14837705296090797,-0.0006748346604219142,-0.08234349425432673,1.1627301722329675,-1.7188515220366227,0.6046331878995835
110,-1.9705261848498745,0.07222188197163519,0.12828260258777258,-0.33573916546787075,1.0202316558820255,-1.373026751387647,0.5274550137802492
111,-1.9714618517321907,-0.06381435443577087,-0.125732946185745,0.3222499841416358,1.0882412017260805,-1.3394184466964867,0.49832657789392343
112,-1.969915761222862,-0.07879602090111508,0.12885108356927372,-0.27127881723250324,0.9018888866369744,-0.8652057745302935,0.563682512250178
113,-1.9814869673646598,0.0798974022614701,-0.09912714204781956,0.2750195803372738,1.055304509204085,-1.2353627400217129,0.5054457840090986
114,-1.9430701343492747,-0.4449991483519944,-3.9755668172807707e-05,-0.21350653425946045,0.937033262061225,-1.6860800351153753,0.5246030277736261
115,-1.9581888781701504,-0.21417331079131108,-0.1321056765477686,0.35078708714142115,0.8945136118731252,-1.5830893561906652,0.7947377057019204
116,-1.9374437798449045,-0.3672975250567006,0.12822671912376787,-0.1893001365583842,0.773869841109246,-0.1573783690177593,0.4139822683077164
117,-1.9359456437102773,-0.37163425632947994,-0.12919653364092726,0.3952860610437665,0.986529471887408,-2.0925062040133118,0.7338868763937944
118,-1.9586894479097263,-0.2266661527766977,0.1287952001051401,-0.2651262260076303,0.9147183758101262,-0.582933169265914,0.3950691794586772
119,-1.855952719899947,-0.7302793550591498,-0.004760860971871329,-0.18456448959048635,0.5633285109059982,-1.7582520271061368,0.3616857447064387
120,-1.85998621997684,-0.6612214187425749,-0.12304957198815693,0.4178069324340337,0.8413319652762296,-2.6186674923746174,0.8967398513704283
121,-1.9065144614531229,-0.5115587474079066,0.12226926130743704,-0.18866297466130721,0.7702719149267894,0.04045855355808109,0.3258140866515188
122,-1.9026689838961746,-0.5196519162208679,-0.12721239820432065,0.4214095369697425,0.8067338240672268,-2.294652677122788,0.96907967572445
123,-1.8714785738528987,-0.6549009453497874,0.10025011274021774,-0.23143069311401154,0.612598610878583,-0.11427786118995109,0.3050631546851245
124,-1.7277672086930584,-0.9953511613969943,0.0035821524724617554,-0.08251479987839928,0.10236005807809469,-1.3884918450256205,0.350775424734252
125,-1.807099328289808,-0.7984095119666974,-0.11937212926960394,0.47583092928846293,0.6142232434759605,-2.702085586107906,1.0205406039684268
126,-1.750085661969814,-0.9135927098144726,0.12214774648917373,0.14948165468586497,0.1699978042137348,0.8021461454992399,0.42548633425696925
127,-1.7492957467554868,-0.9262986297296447,-0.10991698030799765,0.4136062292328714,0.5660006970533731,-2.79699274971819,0.9276984042025115
128,-1.8181626176281513,-0.7911688449822795,0.10019297138577302,-0.10596447179695988,0.2737135387993526,0.07536302867583775,0.42176886608223096
129,-1.5585465742382398,-1.2424516458777606,-0.0011413646893965942,0.21384356895049694,-0.2578325863995172,-1.3856785075910811,0.3333850045595589
130,-1.5871693671544045,-1.168358205315251,-0.1298446102226016,0.697622284974006,0.3983533921745911,-2.8411029268498527,1.067338460181739
131,-1.5879238780436775,-1.1690963886712655,0.12813247663438798,0.3655279579540451,-0.039717464292569754,1.0012733750423388,0.600074699943884
132,-1.6742685253988834,-1.0414499184449442,0.12806810317056921,0.25787759688832906,0.07412211631331173,0.9530478599426728,0.5693873701666557
133,-1.6754898704027394,-1.0524332997282713,-0.11216746522333747,0.5735334081221739,0.29339384852857986,-2.8029978387832664,0.9764881491600278
134,-1.3560318809881007,-1.4611521552360571,0.0011135662648042027,0.5189904674322272,-0.4886075340488518,-1.1423048317516076,0.4319465765852748
135,-1.4934762075529902,-1.284212904627462,-0.13275105891585928,0.853267490536237,0.20133527055075184,-2.747989382365598,1.0095835759522385
136,-1.4947383448314016,-1.2860421182771398,0.12848443009261704,0.5249464441066756,-0.18330917286001336,1.028125703094037,0.5582974723390759
137,-1.3941257323405565,-1.3960599850900475,-0.12590074638567844,0.7480062053380888,0.1902212266770653,-2.5275928746072847,0.9597043376667351
138,-1.3962862683015191,-1.3913750051519624,0.12996163315938122,0.6064576146830098,-0.23985323700413438,0.9474522801647542,0.6083291244958914
139,-1.1216753007634088,-1.647863324929629,0.001067173661697545,0.7673551468976704,-0.5281816638625209,-0.9477997485706597,0.48606503854794647
140,-1.1662191977013214,-1.5883944340424883,0.13090826031190012,0.7660716029110177,-0.33295523024952295,0.669679174296153,0.565570829595093
141,-1.1705931045011737,-1.5886841564762972,-0.12473508568470923,0.8196783966372017,0.04737938764973515,-2.0009890485296506,0.7837241873817368
142,-1.2853688533994243,-1.4977472871747695,-0.12417724274243673,0.9120657704698274,0.012602612463677332,-2.314576137922287,0.7805754036089946
143,-1.2865870519132367,-1.4928750754102098,0.13052693044752034,0.747371931574624,-0.31181835336636327,0.9069956079531533,0.5046433507768213
144,-0.864623113182413,-1.7975346220407615,-0.007516950479190295,0.8681556846938079,-0.38901689511699156,-0.8626564811597629,0.44033710871346526
145,-0.921874168947179,-1.7450097136688478,-0.1244019815916878,0.7783687526282937,-0.005951175968580344,-1.3748154659046306,0.5733783446118283
146,-1.0436540263188472,-1.675222154995246,0.12228748350463489,0.8245189362363518,-0.34583907640246386,0.5639863052033436,0.4699296260153693
147,-1.0482104968927042,-1.6720045973939783,-0.12478013688904221,0.9250596951675234,-0.040347345832293824,-1.7427251735064662,0.5621447817047761
148,-0.9230785870000893,-1.7584604238404673,0.08939537345992214,0.7765919974692359,-0.43089422859789384,-0.04246741859457992,0.5206371360883797
149,-0.5876807139216613,-1.904850910170885,0.0003508866468383935,0.736148487673159,-0.2278284564120412,-0.507546087094886,0.36813867874018624
150,-0.7885542008777894,-1.809098467344838,-0.1246149211813535,0.8076531315349927,-0.03740347478041492,-1.1002781621498476,0.358452794848887
151,-0.6521423254326839,-1.8639066815599277,0.11991607335290011,0.7851543414385332,-0.2833082291269923,-0.06575176540819813,0.37949000327564664
152,-0.6524397988630244,-1.861952791772572,-0.1257818928933112,0.6095375277066052,-0.00482528305139588,-0.7441544278620855,0.38224652697727035
153,-0.7906442173707,-1.822172359622825,0.08888249623933149,0.8877876475440469,-0.3900681345058754,-0.10179901850932827,0.3926662928719137
154,-0.2960424622090492,-1.9712188224181868,-0.0017233298333971594,0.42529615240689966,-0.06228672304919759,-0.2562854436657429,0.1980134154009202
155,-0.3636340727964174,-1.9359647641070428,-0.13249837658874053,0.3017230474643954,-0.0020269255123310445,-0.18839854889577162,0.3037477129103175
156,-0.5096209224686401,-1.9052198910768783,0.12739815681397784,0.6756646048670076,-0.20287773862566622,-0.07794924144990284,0.41822363983233635
157,-0.5100311496009599,-1.905189668685141,-0.12747818061872127,0.5506699053422919,-0.00966234935978004,-0.4905852657567098,0.25983339979069897
158,-0.36525294134614283,-1.9392994408360056,0.12475156561892264,0.5027243874336322,-0.15598410299615723,-0.22604573489980934,0.3869270631660056
159,0.0008411430797694391,-1.9931070938223776,-0.0015085866818847077,2.3027315731311004e-14,-2.2406153961563952e-05,0.003642899862589323,0.004212912475076959
160,-0.21599537792909584,-1.9573490458295995,-0.13433925547111394,0.20230861333802735,-0.02288444366240418,0.0033406425265642,0.30365658344774593
161,-0.073792736353158,-1.97085705337257,0.12737824380595575,0.16266808649044973,-0.06436470597956262,-0.21705778214121213,0.35325461327648705
162,-0.06926843338652382,-1.9669733604619013,-0.1361670106926882,-0.05098746663826607,-0.03927689776053703,0.14159037635368435,0.36471383761532683
163,-0.2186252120805598,-1.96134664787854,0.12473165261090033,0.38418302314800756,-0.09461586024413342,-0.2001974048682753,0.39353869105123135
164,0.2991574001262764,-1.9708759461214709,0.00031109897982764187,-0.4250708729129932,-0.06378135483228328,0.2602289560608195,0.20590967398782845
165,0.07343050477772556,-1.9706449187100104,0.12802661820196892,0.03262378313467021,-0.028387002088748902,-0.10980669426276644,0.3457720811369063
166,0.08114138738283841,-1.967090458378188,-0.13483990893507689,-0.1685282136803844,-0.07871432269276701,0.24925487182839784,0.36285808339149705
167,0.21683410503541434,-1.960206353473791,0.12781910867026802,-0.2095462135606448,-0.016851822811322276,0.022911327928774122,0.29290660828496656
168,0.23510456453298506,-1.9577656633028484,-0.12792443314665408,-0.39507361813863856,-0.09858569856134437,0.19625771577910017,0.4117046903451557
169,0.5893308959709,-1.90466210726317,0.0022107939967755223,-0.7377416954423727,-0.22266340368210322,0.5264659135005393,0.3642757938717913
170,0.5223383263917887,-1.9061678744285744,-0.1172591710096536,-0.6905077998608928,-0.20959158968552455,0.09256260111079362,0.41764955634005096
171,0.5092794448243616,-1.905046765219811,0.12806291028627922,-0.5534894735794855,-0.011472827104332513,0.48645447403564224,0.2544549313933206
172,0.36348258823214885,-1.9381981552367453,0.12785540075457807,-0.3165573022580992,-0.0014230291519439636,0.21240162927763925,0.30072756607046175
173,0.38276004552014864,-1.9362690346416302,-0.12413517698986008,-0.5277418026866211,-0.16214472554775697,0.22229846564752367,0.38239090967131845
174,0.8651126445163508,-1.7970494931657466,0.0057616315367936335,-0.865258886445101,-0.3950321586619679,0.8371345410430321,0.4456583596742265
175,0.662135419737796,-1.8645507799146617,-0.11126879422135555,-0.7879554249987637,-0.2952322378779649,0.08370316328029492,0.39551470525439614
176,0.6515367224360226,-1.8614588382837736,0.1275001893772188,-0.6037346281837734,-0.0008389097599353773,0.7370615518760155,0.38287776447384414
177,0.7875171396517404,-1.8092726811668394,0.12529574932168414,-0.8068277345546282,-0.03587486757318417,1.0961531592642266,0.3571849216232771
178,0.7950574748975259,-1.8180497655995809,-0.09552048768413939,-0.8670987382786698,-0.37895578223579585,0.03255509326668049,0.4149925079466541
179,1.12260153926102,-1.6472117325027824,-5.552350789603602e-05,-0.7695607968127386,-0.5249465696096134,0.9714374078294687,0.4809902848630502
180,1.0486502110632079,-1.6702584194291596,0.12751361456332322,-0.9276918212742318,-0.026410280103336015,1.7493985406262993,0.5657887915568818
181,1.048093660538468,-1.672824984502745,-0.12200865381679082,-0.8238809494055584,-0.35532379368072053,-0.5454126374867925,0.4671780550540349
182,0.9211269011554464,-1.7449689692560915,0.12530917450775844,-0.7736448949310102,-0.0013500607726852215,1.3746480019607783,0.5756463350389933
183,0.9264623829686296,-1.7539015807798974,-0.09781203119710707,-0.7881051598949083,-0.42096305549654345,-0.03127677552949398,0.5075221573845216
184,1.3568672056184439,-1.46065251613236,0.0007832477196223,-0.5250926581496558,-0.48203093654758794,1.2021752672578918,0.41639124797667937
185,1.1716157510191878,-1.5863133060238548,0.1277622001747,-0.8197504718754189,0.0677119005135289,2.0084191618051785,0.7985456289911501
186,1.290552500835459,-1.4938885007374778,-0.1228681102120866,-0.7279098929597302,-0.3595889195374131,-0.7827991892253855,0.4758451931906975
187,1.2874445922128783,-1.494604482644156,0.12648253047455504,-0.9201832116779594,0.025975547030616886,2.3294445328184654,0.7901714285252083
188,1.1707298350884836,-1.5870804595931716,-0.1272659843673042,-0.7780762501892642,-0.3599242575358015,-0.6344204380943615,0.5346594542153366
189,1.558303828446764,-1.24336171673219,0.000987028231684034,-0.2131460675887879,-0.2583888251742225,1.3852405474566194,0.3313467765304019
190,1.3993995829602108,-1.3933327744575728,-0.1217626850622629,-0.5721035210315051,-0.2833786326420299,-0.8090552884331137,0.5631954952373585
191,1.4946856650367584,-1.2865009941243861,0.127748998917821,-0.8251414342338462,0.1686768203827539,2.7300554000080455,0.9792950328143434
192,1.4952849395269041,-1.2894898769426455,-0.12229130321127851,-0.48629053943605893,-0.20426397051009793,-0.9178021049123536,0.5193636603042371
193,1.3961209713553493,-1.393720300090244,0.1264693292177059,-0.7589902498970769,0.18997356000792426,2.5301453414195256,0.9626822572392897
194,1.726675823710965,-0.9960009675281806,-0.0006938392388013831,0.06855838069405323,0.11041780045107165,1.4731492698149813,0.3310252946319648
195,1.5870480110367255,-1.1705646805326597,0.12786271224045317,-0.6579364392965782,0.397858893013078,2.838902022310532,1.056089141155439
196,1.6701879449563921,-1.047055910970363,-0.12926183280337014,-0.26137464051664794,0.09726466674097928,-0.9938801781003634,0.5669993432046664
197,1.587100310187823,-1.173367439537849,-0.12393044681013568,-0.32575570689563293,-0.04549393687034206,-0.9099484634088975,0.5872060733447549
198,1.6703427209901347,-1.0490519118788169,0.12696583629680727,-0.6743260908664377,0.365821497316396,2.866819955287715,1.0742031917848809
199,1.8564128327458567,-0.729454903496992,0.008486192379744148,0.15691411517484194,0.5741804831823873,1.8580678789143195,0.3412128612897611
200,1.7466094916599553,-0.9196452965612233,-0.12171938379534886,-0.17853093666323672,0.14824528138403767,-0.8473233745540676,0.3891518899958053
201,1.8074063424012494,-0.7888503212665431,0.1278545816067154,-0.5359188140773905,0.6004535525663207,2.7134431431597252,1.0756606429585156
202,1.744467516152151,-0.9206214670859123,0.12695770566305992,-0.5304853191328689,0.6331242532617825,2.863985338500837,1.0325710145086215
203,1.819576092067996,-0.7973574827791848,-0.08784074387948108,0.13344899551374706,0.22546290427321422,0.1604338673080181,0.3998445061991741
204,1.943217992066034,-0.44840808077646277,0.001712981288157743,0.20235533206281564,0.9395784511942052,1.7297579197978006,0.5060248008489006
205,1.86155869141565,-0.6528785998245249,0.12615946818979362,-0.43464106550701226,0.8535629037903832,2.604032718727007,0.9113718140198056
206,1.9061342196578026,-0.5209013397436861,0.1190831000785564,-0.3674667344044243,0.813898370998744,2.3255146861172102,0.9213191409546795
207,1.910213993236627,-0.527763379706032,-0.10244941897381092,0.26233048975434464,0.7682170183416483,0.24579474079395397,0.2775810260251541
208,1.8738164759478995,-0.6629520074600033,-0.08377067497766136,0.2755201779761703,0.5960755670644239,0.3938890070943797,0.2542462425714915
209,1.940240496701998,-0.3812417865153482,0.11427668552056672,-0.32224246803803336,1.0149468593213964,2.156191969715995,0.7020459644104964
210,1.9420636439028698,-0.38774332516936044,-0.10605739880726195,0.25941272915115376,0.7994906724693851,0.43901912206791815,0.41784950205974836
211,1.9664979854325844,-0.2477326342453824,0.10329964697115773,-0.2574573321015706,1.0099926175379306,1.8555941861488514,0.7136345635044795
212,1.966139319601846,-0.25558387715738484,-0.10135092170739234,0.3032037914754876,0.9631114943376885,0.8510800441709178,0.41686766548721127
213,1.8200473881359753,0.000495336071545921,0.37009852109209157,1.023355471595397,-0.29668426554447114,-0.8866017388622717,0.4317064136326132
214,1.866465941764239,-0.11637389300160347,0.32739718841492443,0.2982620140355099,-0.008513295275648425,-0.3334993415202312,0.13601591704794486
215,1.8680162892527898,0.12020157931647991,0.32553112782734456,1.0366692227867942,0.18752487559080955,-1.1797792222369186,0.4552564737114377
216,1.9361897806409867,-0.10494937330813442,0.22927388395577097,-0.299351801751734,0.5918527575825538,0.633701654894566,0.38146376033670265
217,1.9359284175381164,0.11227616205645091,0.22866675697302924,0.06262779512116882,0.6313738100121105,-0.1836489569500941,0.3299835828019993
218,1.5689836499510517,-0.000979205683182792,0.4848393824003661,0.6617792769136467,-1.3547026003933345,-0.09534428467840522,0.6038977632174216
219,1.7623907817500883,-0.12002570667895104,0.4154456843263118,0.956055077789975,-0.6800821001989625,-0.6455793189513597,0.3006549504222711
220,1.7654403114029489,0.12150012389245396,0.41327698639083854,1.928990681496563,-0.47956054552187444,-1.2407694141097394,0.6307261845898102
221,1.6333136677171047,-0.12317089752678254,0.47464048592501795,0.9472407086745915,-1.2036545056278225,-0.2999124308065986,0.5593933040510347
222,1.6404483873080526,0.11875788498704307,0.47307707768038176,1.6193900573395834,-1.0145017193042523,-0.4789838186702374,0.6414945529945665
223,1.297027931211532,0.0017847302326688859,0.44647025251823774,-1.4044637249694014,-0.865220197191183,-0.6421599119153578,0.6262992920681008
224,1.356690516165451,-0.12281299388164668,0.4768017466911606,-0.868190451026519,-0.9848830882281248,-0.2158522133809129,0.5646144864509621
225,1.3646243282688184,0.13078028603333644,0.4796971421035063,-1.5453108292925528,-1.24934662488725,-0.44948031682040773,0.7061678699892919
226,1.4941022120281189,-0.12360898052977543,0.49483751696134987,0.03870258214410993,-1.3252200186139522,-0.0037965036504786433,0.6409079043451228
227,1.5022980296345883,0.12050691516181031,0.4943789759910376,0.09640758037322439,-1.2638132120810286,0.0022228899416540607,0.6580404030465378
228,1.0867080166488143,-0.00015747445513415032,0.2653019292413636,-0.12364809229562057,0.8354560884177211,-0.192815986505985,0.3733866830739831
229,1.2283352979974567,-0.1221695447278836,0.4189969342201914,-0.8991578718923264,-0.3479832817224403,-0.5436106148644358,0.2748455641738711
230,1.234770855802822,0.13090822391498658,0.4227412759962961,-2.0545189613889887,-0.6712932091492514,-1.277614387475095,0.7747322527066851
231,1.1182168130143222,-0.12097790754852127,0.3274381054960064,-0.14072883311264126,0.3706726388712871,-0.2062788607711394,0.27229461177025666
232,1.1201419242233546,0.12193781708070939,0.3294856970840022,-1.1660483725824136,0.1754146327228817,-1.2780537019586022,0.5677315642996067
233,1.008541829790318,-0.00022997765994711705,0.00022474707349739051,0.0008128134648362511,1.781224296157549,1.609504239397418,0.9976743559130815
234,0.998958984602656,-0.12043967482389938,0.07199501936975403,0.4365232286787687,1.4798548635556203,1.7229250516330497,0.9681835488963014
235,0.9992197784776401,0.11911648178908454,0.07113938729464213,0.0256749824960925,1.5144885535077721,1.3874384785060223,0.87547383933941
236,1.0409387251354572,-0.1205797464443755,0.2087879925360294,0.5380605841409825,1.0860424488012432,0.8946109390428815,0.6726302699526028
237,1.041710501449745,0.11954381888482632,0.20966725975757156,-0.14221404184855943,1.0214674354710616,-0.06659911253426654,0.6124210957021303
238,1.086298929845286,0.003255932446413874,-0.2644602155398183,0.12021009307219845,0.8506314747209929,-0.1950254544463777,0.36298196825579365
239,0.9992668291570775,-0.117743861215494,-0.06986649057920462,-0.026675597239112864,1.5189384793875027,1.4050725433104647,0.8781104925333704
240,0.998771228427527,0.11990370237414105,-0.07005645537601005,-0.42825515070968745,1.4821335612230544,1.7278294226622466,0.971463372142497
241,1.0433094022744696,-0.10717781224405798,-0.20869393654911858,0.10722822101098117,1.062747854507898,-0.011287498043938693,0.5978404018345159
242,1.0380783444643888,0.12327272034358215,-0.20468666723881704,-0.5531845746743297,1.0944234750105726,0.9370855166685401,0.6965701924206386
243,1.296312899864606,-5.585809592645319e-16,-0.44608764607298923,1.4047519753999038,-0.8468654152819071,-0.6415287315149399,0.6265290127128506
244,1.2303273918939714,-0.11812357413893199,-0.4197436816238492,1.9896992666433495,-0.6357637365307545,-1.273743129646837,0.7292347863667864
245,1.2290373686575693,0.12134761627348303,-0.4190207485262334,0.8937597487154981,-0.3472271814324984,-0.5410111867689518,0.28308477657017883
246,1.1210341139045266,-0.10732091627258808,-0.32799543384758745,1.092706889757495,0.21947211738318406,-1.2085957448085844,0.5285023247286658
247,1.1151947380796083,0.12356436562100398,-0.32396501937285466,0.10522279889236899,0.40391182207471527,-0.1732273366804319,0.2886863063931569
248,1.5713173837703367,0.00018844209556313773,-0.4845025609222594,-0.66183115737936,-1.3486031386696156,-0.0949834481132387,0.6142226265059194
249,1.3603389799982768,-0.12025890342275246,-0.4775328706023755,1.5648325963938894,-1.2072144521166908,-0.4637850120285335,0.7223996010068073
250,1.3597456655833242,0.1204484695695855,-0.47746366723941147,0.8592939870164457,-1.000078293173329,-0.20955306142661,0.568194389813575
251,1.5020052955577299,0.1183533015508709,-0.49413490246276437,-0.0862148227509365,-1.3316920256666025,-0.009310178325162052,0.6429091140717912
252,1.505017556086891,-0.11740780582303875,-0.4937733602793859,-0.11857163582140795,-1.2311209609282883,0.006787124424146368,0.6911563194411348
253,1.8204202611931535,1.7832957333041577e-15,-0.3697562615173944,-1.023285775783207,-0.2938382819333475,-0.8866821721172956,0.42463326668961837
254,1.7655801484148914,0.12148192793305214,-0.413211555025114,-0.9406697432955533,-0.6543592221281308,-0.6467738396671296,0.29430034097171043
255,1.7661302251178612,-0.1212872664083947,-0.41295768501186253,-1.9234578242718396,-0.4781620999913099,-1.2440872887453382,0.6306380913769901
256,1.6412042449918844,0.11867241657232047,-0.4729035372914414,-0.9816984345574652,-1.1833514379037198,-0.32419915239805314,0.5531892921209552
257,1.6441732678090704,-0.11772182546667365,-0.4722189217318427,-1.6419708290676884,-1.012034141517932,-0.498444019984134,0.638266893023383
258,1.8681100193837898,0.11882940394726077,-0.3255543188305321,-0.28027377360614214,0.00609512168878501,-0.3152323460140321,0.1532249589946348
259,1.8680162892528938,-0.12020157931619448,-0.32553112782722426,-1.036669222784655,0.18752487558895126,-1.1797792222350139,0.4552564737105948
260,1.9359284175385798,-0.11227616205486785,-0.22866675697233746,-0.06262779511559963,0.6313738100147509,-0.18364895693879635,0.329983582798551
261,1.936449509167872,0.10543643661699292,-0.22884834369011497,0.3023861567665807,0.5889570727748435,0.6407151208088839,0.38714433730936165
262,1.1640394984390516,-0.24504419812103395,0.3796462325346791,-0.023093369980134414,-0.028470731552664195,-0.013655992096830607,0.3022661998577204
263,1.206102016694241,-0.37443061763059765,0.43775714199313026,0.04246149278565289,-0.39203274194248683,0.08623765481182806,0.5365336108202918
264,1.4220953808958174,-0.24537282543521577,0.4873207273799883,-0.15877388522722943,-1.1837101644597643,0.0031954045774630103,0.5290919800701921
265,1.3524068135690377,-0.36513970675483326,0.48325132165775886,-0.04898145471668519,-0.8655572775706927,0.028287709610830783,0.5090240837346103
266,1.1689639442804407,-0.2221840685816236,-0.37920140641596667,2.0191430847133454,-0.4956182191769839,-1.6842069488556324,1.0654802746419083
267,1.2915900395163014,-0.40821036165668806,-0.4757840055145961,2.346904371984263,-1.3495013748913625,-0.752383692230197,1.027305104673248
268,1.4446596745519433,-0.23989775005423333,-0.48727280584610433,0.7448701581554256,-1.1971578052136413,-0.06454144892002273,0.6500451567070711
269,1.4207130763271831,-0.37526339022706134,-0.4854812919714273,0.5942204036822973,-1.0420415839220998,-0.05469293267313942,0.6424051931346233
270,1.2003725475649998,-0.3363361511027384,-0.42798198848550284,2.7278581366076793,-1.1573462717727698,-1.7707067403809655,1.1439612684778555
271,1.17098202982756,0.24453317022125126,0.38289308058730215,-2.150115634229912,-0.5652388234134169,-1.7261551643062183,1.1256312229350145
272,1.439530872654477,0.2515655939482273,0.48933538349137784,-0.723606092743215,-1.2689282607784746,-0.07251750299806349,0.5811385034340503
273,1.2775321830895463,0.4199473418411496,0.4742089698169686,-2.5400924812620724,-1.3696359592867935,-0.8994780495127628,0.994154536034067
274,1.391427432847618,0.38786251571304997,0.48940247954593435,-1.0787210134685767,-1.1683457610516481,-0.15610815193603603,0.6449452493675188
275,1.1996184808584236,0.3472549496509217,0.42821942103964056,-2.7412592009729333,-1.2083654162476483,-1.7757561811880973,1.163067376254098
276,1.1628384809902375,0.2404440037690201,-0.37633298718026353,-0.008657565775722175,-0.009884663437201993,0.008654734499572082,0.25772447905130125
277,1.4307978991663703,0.23595865711617153,-0.4871869285657935,0.12219978345499602,-1.2074589086304417,0.007578910396896576,0.5429335876807984
278,1.2116545688507556,0.34050083760947947,-0.4338467281217757,0.058402275218329275,-0.3996917250862434,0.031187571474011966,0.47688844646009987
279,1.3545130330317356,0.34145725777511376,-0.4829450611453557,0.12162668185319914,-0.889964764993146,0.015621015432384408,0.5088767255412083
280,-1.4187610339788397,-1.1057536050739933,-0.3826903161010166,1.024549010740996,0.8497400123252755,-1.0785423979585902,0.8492323871914478
281,-1.5326913482938525,-1.0370488611183537,-0.3432826313603866,1.3835712682083312,0.9453057084007971,-1.7065342521600337,1.184707203496881
282,-1.4077908440479756,-1.31485559575824,-0.2498097689079089,1.262424380428267,0.8679753217639147,-2.6296462996112027,1.0835740427290785
283,-1.6062367273784985,-1.077185783433728,-0.23591986082225616,1.340687987155579,0.8723317574854135,-2.9443467293162797,1.2391959480639558
284,-1.3761073044898413,-1.230735342077831,-0.3484787218804891,1.185146347426209,0.9380565719030676,-1.5104987532753866,0.99047254227215
285,-0.19284265776360565,-1.817042902834077,-0.3621164688904483,-0.24579036025632917,-1.2408601455957127,1.138658188194666,1.0253532405580896
286,-0.13400545600118746,-1.9124082039600427,-0.26352793909693784,-0.07939099721770718,-0.3911607625599879,0.6270850438643379,0.7294173914333374
287,-0.4262200726473547,-1.8763933164422057,-0.25274498436585463,0.14641114192545832,-0.14726005353320987,0.18823878115275358,0.5231258694500954
288,-0.33857862378358633,-1.8084455050962993,-0.3533143706449501,-0.31414507292848376,-0.9811312730659921,0.9917372138503351,0.8888492190546444
289,-1.4911386877921893,1.0890267155667606,0.34613251263133216,-1.364018672465031,0.9026867592623162,-1.632646219046492,1.165758486618525
290,-1.4187002910346667,1.3102468487488492,0.24257184556278566,-1.256421437071111,0.8418375379546814,-2.7105442494260847,1.0771767077796082
291,-1.594017852246882,1.0788086697430024,0.2515708399769664,-1.3979344527035888,0.913289531679952,-2.829728406986663,1.2609277804288233
292,-1.417070069470719,1.2088674367637462,0.3336230095487182,-1.290032539762421,1.0163017879690048,-1.8066557161740995,1.0580992421982147
293,0.4969181567986487,1.7839070222263231,0.3423789386926094,0.05529382690335091,-0.30209558239304385,0.2836749833713319,0.4814595290710356
294,0.4324454846318124,1.8770179739800015,0.2499123802677879,0.45286361507406125,-0.19002729225094783,0.1447208388206414,0.5216938093219061
295,0.7092401014166715,1.7954891532723607,0.24343755452925864,0.6974431569435026,0.026421405116186875,-0.5084249684101086,0.2751999243079715
296,0.6231053855781219,1.7584675381194679,0.33105408920630675,0.28495833020929673,0.06620643941390747,-0.17342130381414533,0.31094493896132896
297,-0.4307156383159306,1.8821529818362934,0.2431497853179425,-0.17447752437995545,-0.09590213169845185,0.09838581273571662,0.5182338143100342
298,-0.7047331197546013,1.794453113505985,0.24739394034225978,-0.4242640950865636,0.14813369456681516,-0.5144848679916728,0.23552183289303774
299,-0.47878031173823443,1.8024561513113744,0.33147210753116996,0.15086671320098805,-0.5439324098130026,0.6267922507663802,0.6862442438309123
300,-0.6063582097523126,1.7565638920969935,0.3371791173549653,0.1325587562637482,-0.38675259790378275,0.4352763739745896,0.48299498598736834
301,-1.9093208620147775,0.2853728627400943,0.24350671345204083,-0.5732322345797036,0.6118394825882162,-1.184571113173386,0.5393452906438553
302,-1.9263105356287995,-0.0070116598891923265,0.24948143449412383,0.017869929045677864,0.5269812415756153,0.034026967494263274,0.23399465053850665
303,-1.852763366604341,0.06126333219198894,0.3406500613858122,0.564296671811336,-0.045559616222720756,0.5887573068211698,0.13781841539285825
304,-1.8513818176185555,0.20344016800118375,0.33364692194626006,0.004835001468984346,-0.036469195801712505,0.00936419390953319,0.2077589265554288
305,1.0025221396004973,-0.2396889044008847,0.14370835201404872,0.7407828927289535,1.0112362873311176,1.56801056778331,0.8999148980498421
306,0.9439756037870397,-0.35375525067015345,0.07567138633998836,0.513316007269054,0.5741725147947103,1.8920923486330907,0.7049612414245461
307,0.9454922805191253,-0.353897785500598,-0.08193957900351946,0.058578660599659355,0.5862503783356444,0.9134110137776299,0.4280938752677075
308,1.005507187697684,-0.22703908735556372,-0.143034272732158,0.13862819715131575,1.0834696697938633,0.3540805161026327,0.5671767722733222
309,1.2086448410052788,1.3757705964610918,0.3563302221386819,1.4675108252655027,1.6855849503039309,-2.02614693991906,1.2814132655403936
310,1.4176713912176875,1.3115771917188572,0.24225073829881222,1.3324425352863214,0.6231033938016706,-2.5632377473970744,1.1423734567988797
311,1.2016059705661983,1.5017181819993308,0.25294586261411145,1.2787200548181488,0.634376329566875,-2.1275038596115103,0.7792111237685277
312,1.3233302918345855,1.3132599077018763,0.33213828684469915,1.9386186783846167,1.5149682702927119,-2.712557079552755,1.2767560905822872
313,0.68252708247285,-1.759137922662716,-0.3045621702875723,-0.4540660689953107,0.19224194897625152,-0.43090800311565475,0.24555656538268303
314,0.5284839076330898,-1.7839264753340884,-0.33038619541385006,-0.11795232036461835,-0.22883275080562676,0.2010543149958649,0.3679928120193382
315,0.4574065821804266,-1.878326801658433,-0.237619814786978,-0.5125654255794433,-0.1730857957209913,0.0845722126774884,0.4784691704860046
316,0.730689530177331,-1.8092741119473899,-0.20353970861081996,-0.7851946793092311,-0.0768387334075663,-0.48674522426243005,0.33458774216225734
317,0.7869296133875041,1.693869112580709,-0.3256581709058989,0.05700583135906096,-0.032915724167605985,-0.006604900325314363,0.04042057199272612
318,0.9391508857109949,1.6728470214079216,-0.2612532009350442,0.6274300903644443,0.44129033334774725,1.1285929802676586,0.33210900561410633
319,0.701314079457145,1.7989401233415976,-0.24239433335986846,0.4433326431196253,0.16212307400099354,0.5521235705521144,0.25290117750380386
320,-0.01872674946866263,1.8289976179013363,-0.35967941177178586,-0.08111221857393908,-1.195559050656378,-1.1234629186070377,1.0513125186196437
321,-0.15359644631695776,1.8662476424296885,-0.32079400625241894,-0.0486905133335348,-0.7172127951229573,-0.8247979457463104,0.8919908013367206
322,0.11798547525434525,1.8728925913019547,-0.31697151144669494,-0.19550446658292098,-0.7730428561544762,-0.9286807274855082,0.9132881386215405
323,-0.16540316594548268,1.9372442104993548,-0.2173880385175762,-0.2928665076234979,-0.21166250366636266,-0.38287265237820517,0.6264155324044307
324,0.14874995696206095,1.9398824220138184,-0.21365755161204641,-0.008609053935460131,-0.15401233044148752,-0.32275782652284873,0.6051158453067906
325,1.0056129699771874,0.23147857017992418,0.14448045659375475,-0.15979848145004666,1.1031019698274491,0.2759438124328248,0.5119779897211948
326,1.00019296597511,0.23950694625522656,-0.13748580068495742,-0.7351788821302304,1.0404411831808456,1.6118170348607994,0.8814366319157535
327,0.9489853311114196,0.3369592744813191,-0.06822310524182107,-0.5024072712438596,0.6586862135963859,1.9078899304480208,0.7002085466491849
328,0.9589262052111223,0.3195706430090005,0.08029468648630339,-0.0927844104018391,0.8066152266471188,0.9891845346681736,0.4707417437422077
329,0.9714120060845364,-1.5669529473062385,0.34825871321040064,-0.17371079786467797,0.4048467743963093,0.4315109123210681,0.20109672474938584
330,1.2031121090549124,-1.5052248275468443,0.24824362973046832,-1.0349915702120238,0.7088497094910128,2.0694148828463343,0.777150196788492
331,0.9601720416867948,-1.6711187995829104,0.24744600541388417,-0.7227513513124336,0.4346417878961477,1.2726057370151684,0.384265094299028
332,1.0959760998075878,-1.484239358590316,0.34748476972951314,-0.4585448164903913,0.670535113299263,0.8111032804967802,0.46672281559615986
333,1.420051966707012,-1.3159662466883852,-0.2347280869296603,-1.2658908180878279,0.5494962700163135,-2.4849678237143253,1.1089521639781386
334,1.2081490715967174,-1.5038507757642854,-0.24439634122826856,-1.2204146519644516,0.5355509449300218,-2.0781963438964515,0.784485637199552
335,1.231102586724012,-1.3913338126002275,-0.33532723157641076,-1.571138488929507,1.5261444270952929,-2.316082458002566,1.1816435513518282
336,1.3305112250005502,-1.3240438386366107,-0.3189316596228797,-1.878211669765726,1.3770750788891097,-2.76081908648948,1.2483926688767502
337,1.3938665092995883,1.2707212852229963,-0.30682273915522634,1.2875240105284298,1.0347774383898662,2.0866898374537723,1.0638166766975752
338,1.5566140004886542,1.0598174223372294,-0.3100972627755892,1.5036666143440673,0.9725227094216158,2.220857198829509,1.2298591626732314
339,1.4544159384388176,1.1457980535645156,-0.34302232529961685,1.3106212164733635,1.006929384024676,1.7538874118294996,1.0538550702119327
340,1.61754490846176,1.084372487084885,-0.21096939822200533,1.2157772343967506,0.7868682532250783,3.075427988977388,1.1884628816069147
341,1.423945576064899,1.331057945407737,-0.2063026926582375,1.1535532749724524,0.6674008464372936,2.838222030257149,1.046576298185263
342,0.05224288738686414,1.838133201846709,0.3512795889227893,0.1300905160315769,-1.153918674211413,1.0815147583589897,0.9588919820572026
343,0.14167858722386828,1.9186267503662506,0.25255625908650053,0.2469397275909917,-0.35781751553710484,0.562733871056817,0.6802574243939693
344,-0.14714724787820496,1.9264070649529605,0.2413346060733853,0.04834554773610228,-0.23877218918645404,0.4471736544556014,0.7111089638225896
345,-0.07650181355232359,1.868323071382505,0.32717545476190085,0.20681244829162138,-0.8483516709960224,0.9776147374498343,0.9608942832005002
346,-0.706708798770682,-1.7964322605593628,-0.24317749258095778,0.4439154061052429,0.1561715288628136,-0.5507567359671818,0.23772080964153564
347,-0.9647522480612455,-1.6748579172203386,-0.2398120368228288,0.7412547473641328,0.4375065889736586,-1.3865057948371156,0.3717463835586148
348,-0.7519945358089768,-1.7040339835504599,-0.332297365840755,-0.014042553596013203,-0.034486621071068535,0.04063087049431282,0.20997733491697843
349,-0.8749723989346068,-1.6548428976898204,-0.3242889648785068,0.21480685650459652,0.28640668845330547,-0.4099623811103004,0.07685711152289702
350,-1.6928337344459612,0.6943217172340943,0.35760820945810834,-1.0982722915361358,0.4404144991997938,-1.0591957506601737,1.0488568529838769
351,-1.7370578521846132,0.8233596518095523,0.2547639616943613,-1.3229518404273641,0.8369106440533036,-2.530293788951716,1.2552421698269105
352,-1.8467481977182574,0.5644585467813065,0.24256021522423887,-0.9995793083157979,0.7185466576156305,-2.12588326606427,0.9283503790644
353,-1.7650337696928304,0.5947867207420293,0.3335726939237269,-1.0730770946112196,0.47529615493884314,-1.2879293677940729,0.874214683161769
354,-0.9918030085647389,1.5418357213022789,0.3556685110344843,-0.11091882822564783,0.40958925437153604,-0.37800659024849065,0.26323716161635685
355,-0.9659689139474437,1.6645585733410706,0.2514930819440975,-0.7264428404131161,0.45180605386101563,-1.2603540529702861,0.3849712339632069
356,-1.1162178733827037,1.4711968259146895,0.34601145449993836,-0.4947527487457609,0.7245125863003458,-0.887212462720393,0.515468001425814
357,-1.2088769209623818,1.5028422617468533,0.24526983232931618,-1.0457503833004893,0.7076536757521916,-2.1166785859902735,0.7742503245041771
358,-1.6807328915739108,-0.8039733746087121,-0.32947483541743955,1.4015154581208482,0.6664532764081557,-1.7143313100481938,1.157849634875599
359,-1.7275908964263085,-0.6577511229877551,-0.3426130222905691,1.1692624381687025,0.3770761348743277,-1.2453340791558107,0.9907474591165378
360,-1.8360685354972555,-0.5891992274803317,-0.24559970732195777,1.05203825074279,0.7409471502946031,-2.1321487057073543,0.9794578014784594
361,-1.7394871081345409,-0.8591254400797359,-0.22566102259431764,1.2272407640362992,0.8429360792341838,-2.8532620176046013,1.1771085651822326
362,1.5944799635459113,-1.085377218144886,0.24611788702667758,-1.3685624865609467,0.8937390080591552,2.901758221655439,1.2346103345302084
363,1.4988694440071912,-1.101453492112235,0.33582907042508353,-1.3955869878158165,0.9874988806734485,1.8513865845444424,1.1556326030697086
364,1.4151852866419454,-1.3092924394583818,0.2471839398490478,-1.2723258267555215,0.8644331582407285,2.6563931354953905,1.0902205410121992
365,1.4115453107047733,-1.2019478361058442,0.3406768193379271,-1.2010926252949723,1.0319995399425423,1.6473447827061767,1.0855276951991069
366,0.7026355879451014,-1.7987572716649267,0.24285660438542145,-0.4355507988483587,0.1590443283498829,0.5593785471859827,0.25767132485453603
367,0.42639751610312415,-1.8818394427401297,0.24529384216981887,-0.16227882973142715,-0.09583533572912023,-0.10414925540739572,0.5462807593416936
368,0.6089261068545473,-1.76974613547738,0.3256648223467695,0.05307944761851491,-0.28269570902305674,-0.3266352933754981,0.4562583575712959
369,0.4852457127179339,-1.8073273587581369,0.32592280990024236,0.12293930529725039,-0.48417537255852816,-0.5741791285867714,0.6576281198002977
370,-1.875114866366037,0.02990442235169688,-0.3198048835763996,-0.6966844519253582,0.18815557787697007,0.8153717143726855,0.2349536775068252
371,-1.8122749230851123,-0.2224494369034796,-0.3621335288942696,-0.16722309071236055,-0.25743952688606053,0.1790707844129047,0.16755756714150213
372,-1.898792172680806,-0.28982789194113695,-0.25632330516545426,0.5629866057905859,0.5688797014541467,-1.0460971437103823,0.5331474648146651
373,-1.8160273704230765,-0.08259789141293061,-0.37115645558156896,-0.6178746645069013,-0.2992398654479853,0.5751736517844108,0.37080811926034873
374,-1.9432804319910288,0.028065490447041225,-0.21808948360013275,0.10483530221087155,0.651358142863004,-0.20616860875039641,0.32012987364234324
375,0.1373429789778492,-1.920770203491152,0.2504122907717843,0.06231884368205878,-0.3211920339771787,-0.5511887317957551,0.68651711183954
376,-0.14341557033453176,-1.927149405120519,0.24094644800559903,0.25629852640187406,-0.2693751116051162,-0.46462721797787115,0.7099978293232556
377,0.05061259087400837,-1.8458459937445952,0.34588720858045574,0.09085594987790518,-1.139547201917861,-1.1233246833161719,0.9397127374825504
378,-0.07700212043953267,-1.871195266047466,0.324506964237699,0.06316226113224244,-0.7770412886945645,-0.9029504823984591,0.9426759761420128
379,-0.4298851880365085,1.8182075668896216,-0.3262806184348383,-0.19942442166507882,-0.36102856546894047,-0.33795420953999233,0.6342620653692389
380,-0.7188355810265946,1.791344523804783,-0.2440745993199849,-0.7072778002043382,0.04631126658608997,0.547798858668914,0.2767782523561988
381,-0.5388718292810745,1.7332819986277246,-0.3708983137769986,0.1298358758057419,-0.2759154728321209,-0.2634111221400266,0.47190583316907875
382,-0.42573888287449435,1.894163458391136,-0.22190712386544859,-0.48692663932063923,-0.18248941809414193,-0.1361528536305054,0.4881561446401578
383,-0.6587121585820057,1.7375904986210287,-0.33738681751598254,-0.27292108153413297,0.15652792040538072,0.2531815792223213,0.23215511461858002
384,-0.7003941256506719,-1.7582970311944086,0.3002934327843442,0.5443739519846386,0.2149918685774837,0.5188091410548461,0.22271171478228136
385,-0.4260795257240154,-1.8828990060540791,0.24331677928515888,0.4592944625718357,-0.18752123923192263,-0.14638960684802407,0.5212362569301964
386,-0.4729857102201094,-1.801726747073879,0.33338028705380035,0.13515454877074795,-0.2864424236721128,-0.2649605540850455,0.5725631899619581
387,-0.5953574626799572,-1.7448227178380593,0.3508132459677419,0.09960004439073251,-0.035280106141449656,-0.0019231427817932023,0.35029064509280705
388,-0.7213974635360142,-1.8126613435979917,0.2024148727869475,0.7568218179132272,-0.07763632515627196,0.4504389821074851,0.35463833130946326
389,-0.9681697895116497,1.6685462301559073,-0.24505576185545516,-0.966681617928292,0.2979869355855063,1.3023080397432958,0.4137574802015061
390,-0.9888718243309613,1.563680441631579,-0.34310901571061614,-0.8173513976202776,1.096224701189366,1.3914621547083086,0.6066170430095359
391,-1.2056848531652902,1.505504407754751,-0.2456063978987859,-1.2032487507142182,0.5262787059246493,2.057728415109446,0.8130171153602062
392,-1.102822137779265,1.4931281886804801,-0.3386020643279634,-1.2714957301061984,1.2830437953896712,1.9004185348754508,0.8091516805923218
393,-1.8997690919186039,-0.3004750394274225,0.2533620287144213,0.7132612767084026,0.5638889664901336,1.3013357282661333,0.528935724614544
394,-1.792687664964994,-0.3945930419566269,0.3533174415599244,2.2358245476785434,0.29688501618910607,2.060503360485137,1.2221924765134988
395,-1.7958142787519047,-0.5370013490558561,0.32036628148346535,2.0748493202112064,0.7141513326115447,2.557188505297598,1.2266904046692528
396,-1.8548106199440357,-0.5825872140056443,0.21691793472559642,0.6718618629221322,0.6076457074164834,1.6929005995527382,0.8365622121645295
397,-0.972391375021866,-1.5284092598710433,0.3729706961418903,0.5934382496080546,1.1961260912169018,1.129188607162629,0.6196572680172401
398,-1.097845320932238,-1.4714187851071883,0.355383388937069,1.2341696000317797,1.4069669572541859,1.7848369334386995,0.8425423518789338
399,-0.932710175005439,-1.64062674475174,0.30672849867346963,0.9246476491849697,0.6954598779310337,1.329804944356788,0.3262539722504861
400,-1.1987395833685222,-1.503462702083064,0.25441694242455354,1.2475063879938317,0.6234971689380215,2.113396703793675,0.8095232250670577
401,-0.9551505414087655,-1.699673021597391,0.2047048359946217,0.8723338869507098,0.025228198817691005,1.0161886078135012,0.45530557910130465
402,-1.55559991974267,1.112865892092569,-0.2724190549233841,-1.6724396066361975,0.9934159316629518,3.0111139464715824,1.4564209212694985
403,-1.4204639603007196,1.305375311983186,-0.24584038121524068,-1.3826157515278776,0.680134167649947,2.6224644357498996,1.1355728741571889
404,-1.4398717162181334,1.1929525948347297,-0.32605317310225,-2.2293919657408297,1.5476551931332572,2.94651697735447,1.4946845760782468
405,-1.4050021684964702,-1.171140980215895,0.35821143001476696,2.2036317112881627,1.8678746503160282,2.602273224534521,1.6886580228871129
406,-1.414396552617787,-1.3015480483210609,0.25506034758584745,1.523562623878781,0.8203939324716552,2.729753606578769,1.1139365981176
407,-1.599315474746126,-1.0767753203363624,0.246955089174166,1.4341424118084372,0.7275609019760603,2.827536233190138,1.31562507380912
408,-1.5033351630968854,-1.0894262452849772,0.3388643598746795,2.5210123010919157,1.5032138374816404,3.1215928636362875,1.5708302579874385
409,-1.7397271410296944,0.5677644866875367,-0.35926793327251016,-2.7526987148033295,0.5455937225957137,2.5734254342535907,1.4206429806559804
410,-1.6551028359951396,0.702460133021535,-0.3792256629265066,-2.8460881590030347,1.10804769815916,2.4106726732177997,1.85358298506621
411,-1.7046320962020702,0.8379578853949285,-0.28467074090765326,-1.934402692123745,0.9371186029025635,3.0003727621499703,1.4362555163018957
412,-1.8443690936554278,0.5517955240245329,-0.2511635445001674,-1.0762808758508626,0.6306140006847325,2.0470103502316306,0.9743975223119744
413,1.595513436791273,1.0865584188204584,0.24372787147544067,1.4006922852153811,0.7071773798760675,-2.7970054930090695,1.285809578409883
414,1.741027442981651,0.8302474631892428,0.24549812656494688,1.307694879562531,0.6913880373172907,-2.6122012794956184,1.2363455520523272
415,1.6502065383658748,0.8515378525496088,0.337669857622712,2.6916786195590694,1.1723977231587652,-3.101661154835778,1.6281170840224415
416,1.5767768331088385,0.9897584365247343,0.3341126394319341,2.509439567979787,1.468313515502425,-3.161445719134896,1.6491398307676866
417,1.5402351460521764,-0.9967100033824203,-0.355531786047771,-2.636768284439438,1.708330349966031,-2.9858309144000117,1.7062624378488929
418,1.5900528653963895,-0.8565860401976508,-0.37558446044501986,-2.9636433645271234,1.2617368808507752,-2.655276125158382,1.840109751159708
419,1.708971898463718,-0.8020773303528286,-0.3050338486703118,-2.3191344569835044,0.9782046097884408,-3.110595407197881,1.3661595400647653
420,1.589109658004198,-1.0893066243117886,-0.24807700553682888,-1.5012292901045337,0.770175764365105,-2.8706956955541147,1.265561413398218
421,1.7635488909187733,-0.8339368107817948,-0.2025492238434797,-0.7629094214025636,0.4591964675840339,-1.989315358329401,1.0206569705615787
422,1.6924924931072955,-0.2447145240542508,0.44201420185801854,0.5552930361214836,-0.9657536686871668,-0.32616982561985475,0.3324091471838564
423,1.7522939926699062,-0.3681805174122117,0.39988085911125626,-0.08500822144145866,-0.3999110558847957,0.0018382926482900658,0.431214251583275
424,1.8523590484986208,-0.3484780436556877,0.30825297003118407,-0.5672016612666999,0.29269254070339723,0.7676953439034161,0.529952096875913
425,1.890745129670313,-0.22240223756131788,0.2833322979122189,-0.3020565251972517,0.4150403168418161,0.4844464568226997,0.40071020516359357
426,1.7013418893514967,0.2409644795485264,0.43867520991971376,2.244818331580503,-0.48756535243292554,-1.0722736971478315,0.9575615554038678
427,1.7579837285814592,0.3627601033950104,0.3968752316255005,2.622605518955752,0.11172734261743611,-1.928799355749788,1.0571635625074278
428,1.85587133765883,0.34860929920723754,0.30422368458366733,1.4606140120257005,0.3073147930912834,-1.9069303020898105,0.8523531355430478
429,1.8919268040087063,0.2311853375052364,0.28074715881056944,0.8923330838347012,0.435520904197672,-1.3189074285535103,0.4853177603084408
430,1.7052466749768447,0.23946381405402833,-0.43689251074686164,-0.5482203481880388,-0.920636553867531,-0.3386040128513114,0.3053720148438584
431,1.7737662067695126,0.35433103017793977,-0.38722803540570466,0.12839319568878624,-0.3076594680850587,0.05280635565063123,0.43436699623099867
432,1.8624811899068017,0.3398242250642875,-0.2977141985127167,0.5751012676941312,0.3468784680072448,0.83611313537881,0.5441752551360881
433,1.8933425145701617,0.22317643821765937,-0.2800819219485131,0.3226045354346852,0.44603447933812146,0.5259554019674721,0.40070791352112534
434,1.7110745504982048,-0.2371274210744664,-0.4344686505526765,-2.2583460254770977,-0.3964194110866349,-1.10639038766208,0.9852431986307596
435,1.8624144095213162,-0.3533538418892549,-0.29418609583058214,-1.3031170943849342,0.39271557855507266,-1.8324683425086066,0.8480947385106662
436,1.8923673480776833,-0.23276127210712771,-0.2796647482531854,-0.8908267867043771,0.44056422728344447,-1.3207154215180716,0.477887884273703
437,1.7873526014294203,-0.3498036077359993,-0.3776784779318851,-2.41388528206474,0.18242755089141038,-2.019724193083411,1.0025903730871273
438,1.73599094710048,-0.8344672968924589,0.24947428864233434,-1.3126887278264503,0.840322033696186,2.6387150959058454,1.2167419571019265
439,1.7474337098658195,-0.6060032555687171,0.3437382033443869,-1.076707238217977,0.3163665791214013,1.1449325386700782,0.8975469814952708
440,1.84384739414693,-0.5768592020586443,0.24036552547756024,-1.0094203683398189,0.7397839238158288,2.12721805076827,0.9825299332682185
441,1.690811265472358,-0.7310856205760156,0.34963003306689844,-1.2517823571422821,0.4910211758632754,1.3168048958295975,1.0438033343998914
442,1.6668351272904782,0.6917981984126822,-0.3746907005811357,1.0891454293907485,0.22810798560199086,0.9005650901017076,0.852974408269675
443,1.685127229710854,0.8201116121667699,-0.31943121645599004,1.4467331662590681,0.6757671369511664,1.8384764621409195,1.2266111578642849
444,1.762169761823006,0.5866267737573438,-0.33622438857294,1.038079511977743,0.43815894304462216,1.2013480106694696,0.8756967348130785
445,1.8521138376864483,0.5685809821573868,-0.23004159184368106,0.9631556237488373,0.757629071611845,2.1848434227438576,0.968415079094737
446,1.7463531395083431,0.8580873835915712,-0.21398872916637746,1.161100776920112,0.813573098283833,2.9265374095437897,1.1456162107079557
447,0.9905354204656156,-0.35690762802500625,0.21970087243956138,0.8605551544782631,0.29905869610337366,1.4175220625274403,0.9130557052806382
448,1.0858736826905064,-0.37154631150525885,0.34755795635047865,0.5696980704933128,0.08227884638693214,0.522627717209952,0.7439237534450294
449,0.8973443942936508,-0.46850167997050984,-0.001132071966435601,-0.04932040571466361,-0.04352211480808965,1.3124715962277782,0.553420527669521
450,0.8290346748073587,-0.5789720740424583,0.10721239786804306,-0.05999960660822256,-0.683182346225667,1.5848488101565812,0.675051542917283
451,0.8954134388202369,-0.5864929537735478,0.24673003294884416,0.5681427630090319,-0.3644675859168936,1.1616375846645965,0.9261684164807997
452,1.0022399739160117,-0.4842065279508751,0.2955488741853295,0.8611442050508626,-0.06229445067231863,1.0368710924135986,0.8991509230210449
453,0.821699488920353,-0.5828055597446155,-0.05323854333822271,-0.5039151899611611,-0.5091248022699598,1.0468413532269234,0.45527100099831025
454,0.8515776173936203,-0.6072452859511689,-0.20861558846724856,-0.1276436165605908,-0.5792366638077322,-0.49228121954252924,0.7638877443562982
455,0.9965902110333642,-0.33944349435861176,-0.22388933698533492,0.5552222451699895,0.27447024749633775,-0.8569015758798527,0.7688180227982498
456,0.9608747853155389,-0.5476928856968186,-0.2935704873234849,1.1745299043279156,-0.6040033501276676,-1.804018726243438,1.250660918672749
457,1.02101368074428,-0.4376865360783889,-0.2991520223527082,1.3298463445771196,-0.49055780644193625,-1.8515543906218634,1.2836614104302748
458,0.7499960122459333,-0.6971141734739124,-0.10470053007321795,-1.0939120319777855,-0.969946719678797,0.6740857579024057,0.5801718955352803
459,0.63819438373781,-0.7741633652466235,-0.02373665719524006,-1.5042500612497016,-1.1500782517771815,1.1965867066682057,1.0044373447939412
460,0.8008842355891046,-0.6887777433512713,0.20832002693110874,-0.002718933474457952,-0.658309885641689,0.9033919473224513,0.7555403996902539
461,0.6206831924913,-0.8041573053036923,0.1269735926239437,-1.1115864259932833,-0.9704416952088184,0.28548512895660283,0.8874176912257756
462,0.7148277435285827,-0.7748968355409047,0.20725975528874238,-0.5347410506031323,-0.7243510150164647,0.4183236822485148,0.5058279219395735
463,0.669845098459471,-0.7900066467396462,-0.17997842836982375,-1.263569488250216,-0.7091373935081338,0.6777365512169046,0.7500062869186785
464,0.7205306046509119,-0.842118326870721,-0.3079209200844523,-0.08870118917446951,-0.5947976190705031,-0.493411053882602,0.568771088035647
465,0.8494326130542759,-0.800026116645897,-0.3607018800518364,1.337043052328844,-1.064423039488984,-1.5660507074767276,1.0599010638292579
466,0.902946189547358,-0.6704824160579596,-0.3253113524966592,1.1933749355334609,-1.0688748231065608,-1.8208400570945074,1.1639461655551677
467,0.5960579772553438,-0.892985865313838,-0.24288860398658818,-1.2371232590717238,-0.29491203938229554,0.7797588742426593,0.5328212891320803
468,0.46557562100905187,-0.9295801587285454,-0.1882436352510269,-1.7981192407894717,-0.008086317637359484,1.9465718869949336,0.9006128110816204
469,0.42804235427418724,-0.9066484977844819,-0.04782168566172687,-1.9322034230405782,-0.7740618729415978,1.275191013812139,1.0484929299138794
470,0.5265479171562795,-0.8640169638352819,0.04163810943996624,-1.7796386701198845,-1.130527654749726,0.382057298827434,0.9742842194285594
471,0.5158691483176376,-0.9849132946395219,-0.31268113588080804,-0.818253833145928,0.5203503973446888,1.0350288185334797,0.4638079728277688
472,0.580262047493833,-1.0777605258910141,-0.4112430709057982,0.7301035170993527,0.07360319478663854,-0.18366175579073224,0.3376217268328195
473,0.7882972265967803,-0.9250213575203005,-0.40634657503308697,1.5152030978885422,-0.9660690126310394,-1.1840080220655256,0.8318338471826104
474,0.734823314789602,-1.07133894061954,-0.44216887390409576,1.8419970911318853,-0.5842086292101147,-0.667421729221629,0.8383544714633099
475,0.33765016170184614,-0.9699345454355038,-0.131638068906469,-1.797323980428129,-0.019754594749757493,2.0607101672734487,1.153320826579712
476,0.23695635363560347,-1.0253674884243633,-0.22141940147924938,-1.2820782134120372,1.292415590354877,3.1091743343004725,1.189589172037986
477,0.43305386374075583,-1.0977443949678054,-0.37161178518644994,-0.17725327273311203,1.0793603429108762,0.9230688356417918,0.6754532726201985
478,0.2679823968615348,-1.1142994344604262,-0.34582826315713755,-0.7437631769750193,1.965679462533604,2.126884705997469,1.218605360854397
479,0.20320109168561173,-0.9892943895834616,-0.08158350025498282,-1.2737088582756275,0.050844867618667,1.8466458649866442,0.8045060689130781
480,0.1772891273541576,-0.9881661615709216,0.062362474630050124,-0.9293012820443425,-0.049797763360388186,-0.9194124696480754,0.5859951384130286
481,0.29046505199652795,-0.991238093408209,0.1507207625943707,-1.2169762144427805,0.3012157383313479,-1.9367824167328886,0.9200040587775308
482,0.40745516684378125,-0.9282204904846701,0.10081664188875661,-1.5569820879498542,-0.5303930421604546,-0.6334420755758908,0.9147985803587104
483,0.07313038920829715,-1.0075496762819203,-0.030763900893034733,-0.5056654747723014,0.008105051760277433,0.7161707366763626,0.38645722950054223
484,-0.03240299592952275,-1.0153649669858456,-0.12519042145598658,0.010707179088198293,0.6224267850469916,2.4047294310514418,0.8427839932644945
485,-0.010598373088588312,-1.076551303529036,-0.25818308119668043,-0.29284354249633227,2.175438924411218,3.515248225269123,1.5185627588437252
486,0.12323168154043761,-1.1131540199651884,-0.3051659974116846,-0.58385593395897,2.3209696030699107,2.8710188085672153,1.7452850879053274
487,-0.059904921687246405,-1.0026773012671306,0.022459423514661257,0.5006211263230906,0.0032541984799775254,-0.6144135235338768,0.17947787489005004
488,-0.09036237552066947,-1.0322437769181017,0.18215816741877042,0.6795696963082183,1.1783961783464072,-3.172920438716627,1.2254036505207915
489,0.16587008826765628,-1.0330233867869665,0.20172415954347744,-0.4867209290839114,1.3037680191611338,-3.0361195988154277,1.217354654204736
490,0.03753958047350964,-1.081399325055223,0.25420573108374434,0.10823854334166794,2.0428432997127364,-3.3404912480776985,1.7184418116764815
491,-0.19857643580692558,-1.0020082850544427,0.08830695525519236,1.2867784346778242,0.09635111357047269,-1.7704312001239837,0.9651775049128255
492,-0.2984779433655095,-0.9558085387409765,-0.018944882097037694,1.5194557727907883,-0.48636566767561956,-0.21865186125157293,0.8276265157918181
493,-0.14412134360780895,-1.0475654912786396,-0.21274959988975295,0.4784999486815735,1.4305580661482185,3.0862557103463955,1.409150492765354
494,-0.28019404610770876,-0.9983817699176698,-0.17599797536194997,1.0416173776427307,0.6164956528390655,2.264547745665498,1.0439135041989436
495,-0.33245467232559833,-0.971473007111446,0.14368789881201305,1.700254785357232,0.1705681124614481,-2.3982980475243054,1.0606846870523319
496,-0.38099041577345877,-1.0154581987590399,0.2778231472901903,1.2818506344925573,1.0883154304700027,-2.179476035272139,0.9863710048797005
497,-0.09637595764114348,-1.1153845712963355,0.3194196481826597,0.6129964768297884,2.548391358143615,-3.0141804028741728,1.5550293655064047
498,-0.20771275061967442,-1.184004948441428,0.38220912656544787,0.2109628842166868,1.9830976769658077,-1.56209294759075,1.3413219148812245
499,-0.3331354440910945,-1.1217873652838724,0.36312970441254033,0.502862060999423,1.6914127027012484,-1.621651536307183,0.9120854260392643
500,-0.46417560998343244,-0.9345559180657557,0.18041767918129237,1.7801596260291948,-0.1211341158481235,-1.7842825832496736,1.0392007693181913
501,-0.552021141910199,-0.8457713188980809,0.0987473402679083,1.8682760899318493,-0.8722535919020019,-1.403384116474147,1.012377354925281
502,-0.5364473390881525,-0.849152480391747,-0.050124013606912696,1.5942495726093469,-1.0801734663572242,-0.518223018295612,1.0825019556149038
503,-0.4115018466248552,-0.9407345083168281,-0.1196242177572966,1.591476888264397,-0.40989429713167513,1.0303742426390206,0.761387214881036
504,-0.5897856749412129,-0.8818732786817538,0.23440102501877574,1.3195719807717352,-0.25231127186546404,-0.9764738280080296,0.6073720345261254
505,-0.6502553792871058,-0.9477277121939512,0.35300278000743807,-0.1262311200711488,-0.2323739315772214,0.2591176331559013,0.19198749498350293
506,-0.5965466515134845,-1.0656648472690302,0.4022683784164838,-0.6651722285814624,0.15763461349432628,0.1325080256682034,0.33002004654656086
507,-0.46444124716147606,-1.0875455852392086,0.3782145478938764,0.15395125234114998,0.8556798112107293,-0.7043717170277319,0.5681382186381438
508,-0.651481162048203,-0.7713530275715761,0.015227008596038517,1.537940508531838,-1.2597432382568121,-1.0237136533561046,0.9090220268699895
509,-0.7493848080022201,-0.6757160306299712,0.08438065892575594,0.9974205779790726,-0.8510404174224084,-0.9403663211993157,0.6941855188336911
510,-0.7248349012851454,-0.8342192090105206,0.29043165977045915,0.22334211029853274,-0.637240835240166,0.45091629820772355,0.5315833417951797
511,-0.7995755980299389,-0.6979365660251925,0.23624054396161548,0.23044527465953257,-0.7206812442957738,0.5747123941909011,0.7427649831342751
512,-0.7381760703309963,-0.6815794471278803,-0.0659658901733491,0.7282755059189399,-1.0413649072872577,-1.2572241611137436,0.7909150963953122
513,-0.7599693590638705,-0.7207681013278477,-0.20754217527762583,0.25673237863344506,-0.7264783131692847,-0.683236812541725,0.6885674104915024
514,-0.6784835925918998,-0.8519576926379551,-0.2669366623199081,0.4690569802721682,-0.1627455480425018,0.24801309970533222,0.27176961039160996
515,-0.5325934791401776,-0.8970686316131259,-0.20315313332314675,1.0797107458902495,-0.1343932018596951,0.9985960290424192,0.7306481141935706
516,-0.8352992388793523,-0.6048706123561192,-0.14443123908697014,-0.05112436206264906,-0.6819966472590928,-1.4326908796418567,0.7800952620081915
517,-0.8896853706702612,-0.47924705016906266,-0.08808799312506857,-0.2806981973023477,-0.1669756298121815,-1.7924605348527685,0.6564583748087709
518,-0.8947468015747666,-0.4562538283348841,0.06279265004911291,0.12694286490670353,0.04418053734045757,-1.018324433617084,0.14441906320217565
519,-0.8625625712016632,-0.5800825841356814,0.15859972704892844,0.2401562411082522,-0.5324151349190438,0.2766187799575716,0.27816104865360997
520,-0.9185684620596029,-0.5230422965455538,-0.2295339029020843,-0.7253399850640199,-0.1982050691292129,-1.3854076679761995,0.9218654389181165
521,-0.8049056154281484,-0.7968253273227676,-0.33561201321514395,-0.24099821804860166,0.0255687764712551,-0.16469381796261603,0.55700420368592
522,-0.9875237757369956,-0.6013768839281967,-0.3546948294471227,-0.7037751052455027,-0.20068976416361145,-0.678306522282649,0.9542256710052066
523,-0.948745946769843,-0.7598358394615614,-0.3933589422078891,-0.8256777506125841,-0.09607215949286119,-0.4993714711711553,0.6135875680350579
524,-0.9464231591212545,-0.35433165057219784,-0.030542617412949974,-0.3586301802094357,0.6642991019671226,-1.6604448303979693,0.6782206020534365
525,-0.9858281750010235,-0.25115352330127805,-0.12740226363471568,-0.7359780284413527,0.9652278290297098,-1.7333130856571266,0.8660630396398061
526,-1.0252104502283734,-0.4560847380225348,-0.30943820825961055,-0.8475610865541596,-0.05466762053749641,-0.9732622516839303,0.8261859807245026
527,-1.049852433960488,-0.29413621862967126,-0.2753327841063592,-0.6532967471326988,0.3079132663320658,-0.8013538013982017,0.8642377300278309
528,-0.5732181991377628,-0.9707052238098778,-0.33152187260723504,0.5156892530985508,0.9322155446898329,1.1757005285649234,0.3919964485543864
529,-0.6590570975305626,-1.0571103655689666,-0.4259032388565773,-0.37503319369971483,0.9846963235846328,0.36835656508926184,0.46839536201176224
530,-0.8136458214308339,-1.0395593847184026,-0.45502064750669047,-1.0972106383364522,0.4034912420446997,-0.14219234250175355,0.5362386863705111
531,-0.8852501667920813,-0.9057812526862566,-0.434870569161911,-0.8209689249163892,0.23834502882785455,-0.20037161746277282,0.6298987085414871
532,-0.9787454812614741,-0.22334778215002074,0.02356146753427761,-0.20010474693861574,1.2165222581851733,-1.5409557033523054,0.8173338574611472
533,-1.0087834087520045,-0.2068189509911895,0.16854548733773259,-0.14662983356005893,1.017590307611112,-0.17806672574922783,0.6330199396472416
534,-1.0256215682003162,-0.3313607159372945,0.25043217920529626,-0.8336801424310315,0.20230516042443072,1.235921698635403,0.8585654752075162
535,-0.9465303386422508,-0.46307169653121405,0.21549227965800744,-0.4020126343724984,-0.1455335530770553,0.8802511072566634,0.7822580364021299
536,-1.0114532347312652,-0.09466588831023912,0.07732033036136018,0.05089221555968579,1.6451853848631688,-1.261321570838064,0.833419771952919
537,-0.9996912353739758,0.02324924840871912,-0.01022300795931888,0.006106718852144585,1.6933755062265765,-1.7401074212915508,1.008571686062624
538,-1.0282093559614953,0.0031395381692872586,-0.157586785289642,-0.29123284193418736,1.3825334728846235,-0.9026573554489009,0.7940196544127757
539,-1.0580300341201698,-0.14825804946818782,-0.22408209685578206,-0.5481617721498473,1.0137291272299231,-0.756521043507701,0.6197655434167298
540,-1.021776328451793,0.043152333268425776,0.13913348533811043,0.4050230864542061,1.4149730329655092,-1.1920527128514757,0.885626563721401
541,-1.0818378582582553,-0.20417294807422987,0.2953313901328465,-1.0726850902707656,0.3118717100747797,1.336319584651062,0.7204915389805855
542,-1.1434450239000562,-0.07417914469232725,0.3386595185757899,-1.0514073157310109,0.15658844538356487,1.087173021487538,0.5502550021496125
543,-1.0894586079700748,0.06733298392997569,0.2847195210974918,0.005209935814552591,0.6985584836526555,0.04259187878620177,0.351297748160059
544,-1.008427230330882,0.14359361965682707,-0.09565896871542524,0.006424360744758717,1.4943578028131819,-1.0304429280864427,0.7407443906159596
545,-0.9655572442416457,0.27707477258923535,-0.04309758829581406,0.15928190300855244,0.9884838333359423,-1.3578656567054779,0.667249787291694
546,-0.9677968201405261,0.29691422324988975,0.10777143272930206,0.6879971555368475,0.8051581708752824,-1.8439227733494488,0.8228161204062765
547,-1.0411496185713958,0.18917179828419578,0.2043640125064018,0.6888931069043893,1.0058964175867213,-1.0474795279133635,0.7475327277577656
548,-1.0014449403670325,0.2623796160603116,-0.1850856318001046,0.27359258151217636,0.7553882384259714,0.17454716452633423,0.6291933266569375
549,-1.0812227353240862,0.25635113006798255,-0.3085399214728416,1.3550850162438368,0.0876622279746756,1.6183298902976329,0.8763808851774731
550,-1.1514194127384365,0.12423383466077603,-0.3508578991182961,1.3733447102532947,-0.036528813773311936,1.3365060270066784,0.7335861669684991
551,-1.1032788632353552,-0.024491179111905702,-0.3010536058706603,0.2858180600415003,0.5678066381357878,0.384653541007622,0.3011676607718852
552,-0.9241003108786143,0.40726608151675514,0.011912608902507844,0.20499619277936237,0.37648570191474795,-1.5255446229637852,0.5588874465816757
553,-0.8667428298809497,0.5117150585633149,-0.07943335909029768,-0.30109723458126114,-0.2354681938982216,-0.8661032524873997,0.0818807532029673
554,-1.0130122863854458,0.38914724441933574,-0.26331860603950963,1.014210021551374,-0.06930211093593339,1.5143019810718201,0.9403828760627018
555,-0.9156100572140351,0.5234576449051817,-0.2217412619481961,0.3292222437354184,-0.3474505839388467,0.922652636622329,0.8039723031538464
556,-0.859100607355327,0.5259953130823387,0.06927513700272042,0.0353322600865133,-0.4043365992449491,-1.7106824191644365,0.5695474501358354
557,-0.8820930226858641,0.5630206504306627,0.209646141205543,0.5362194357731214,-0.3638849868572067,-1.3917270660229368,0.8814884610723552
558,-0.9879409100655192,0.4877808151668587,0.28671182081147234,0.857954294420358,-0.10830965917633373,-1.1407110674713097,0.878214759205722
559,-1.0237456745926192,0.33197657205707304,0.25554839273377683,0.7568938107014841,0.25100068780782003,-1.0509312630840235,0.9605171003616438
560,-0.7957939015679205,0.6464416954748584,0.1240467884571636,-0.26770870954989423,-0.8687563853797826,-1.2979054659950222,0.7545452886869323
561,-0.6983201833812032,0.7186410606856014,0.041647599078645944,-1.051941946545687,-1.1601122048813122,-1.167157492885189,0.8505821844372933
562,-0.715530595112956,0.7177288084712214,-0.10502257480777692,-1.200234666029072,-0.9080624219076299,-0.9339150608846244,0.7719262507383282
563,-0.8243684789362486,0.6336115062905253,-0.16649458371606607,-0.4666638180058655,-0.7047687849676092,0.16234186845573,0.4129043901976744
564,-0.716301719139488,0.7527314072663949,0.18634714031353627,-0.549831562942153,-0.8121016043938297,-0.4990116811733752,0.6794261107526158
565,-0.9412093495386433,0.624572864630635,0.33009853754010043,0.6309487158659951,-0.2663486062366951,-0.7456977494484835,0.9495522902985227
566,-0.9018753798140295,0.7608228847976649,0.3705169576080519,0.6661359705440826,-0.052039335179139,-0.4692490227009022,0.620192111456526
567,-0.7683176875544753,0.8192880845248662,0.32333410707149235,0.062239849119622305,0.07265531868529308,0.010553227223450406,0.4802588029273726
568,-0.6148605366058417,0.8028256936570641,-0.04258344358870821,-1.7291046594600012,-1.2093086741620531,-1.0429827672371075,0.9636978208698663
569,-0.5002453511391247,0.8687282671573818,0.01726401053778004,-1.7709313042878652,-1.0491770958362947,-0.7463578657156581,1.0809603376746573
570,-0.5026758612144222,0.8974582191486364,0.16420490223300135,-1.352610541987866,-0.411388112895956,0.835940225449002,0.7704523408119524
571,-0.6440096341610633,0.8701789949062364,0.25041509089654596,-0.7115463281213795,-0.1942695691733676,0.4320715266001735,0.28971151053943844
572,-0.5197276687529632,0.8748401859161741,-0.12930016338376235,-1.8963437345339114,-0.6271485787749113,-1.595027530630321,0.9849911988142579
573,-0.7599789607812729,0.7460798100509206,-0.2447330435491396,-0.41247803009522405,-0.715655504728625,0.38095289863593074,0.6911741646550051
574,-0.5569876486444703,0.9261426723897411,-0.26622032878941215,-1.2133833033229888,0.06668410443911825,-1.0888767780305326,0.4639099685329887
575,-0.683600228182297,0.8795465772819738,-0.3045614013085984,-0.2873330377839517,-0.43726545138349837,0.21271231987247474,0.39232955866852537
576,-0.38635397955485523,0.9390711255087305,0.07720466560827857,-1.6762140115032524,-0.606558283001151,0.4751839205815959,0.8198429823710073
577,-0.26629137863880076,0.9641176258279714,-0.0034568922629851645,-1.446100526878582,-0.3954877743725252,-0.520623757730537,0.7794474189045032
578,-0.2862598026391419,0.9842411620613898,-0.1495561811736315,-1.6211577982072343,0.3682227157431193,-2.540121913657517,1.0466316854630076
579,-0.4286891361554598,0.9685230391979512,-0.2118743472332349,-1.716439764591739,0.28822640311856085,-1.9385858067325958,1.0522491460934291
580,-0.2604632368388771,0.9900196558721731,0.14462294791957614,-1.011620876470348,0.37821161767535943,2.032949575616842,0.9345069256544658
581,-0.5424374046318452,0.966176436221147,0.30324870727990144,-0.6614756369192103,0.8894581717802358,1.4126496624636844,0.49219351663990635
582,-0.4210838902308077,1.066234911947613,0.3396548830635415,-0.47319873529627154,1.7716006629772774,1.9291034281352883,1.0319421071067347
583,-0.2665172364150148,1.062446311886641,0.28871947135557335,-0.7013486983070627,1.9939162683342928,2.960992027825652,1.2682229473700832
584,-0.1520155331875983,1.0054637994390154,-0.08473218833189233,-1.0513428032636771,0.15053834152761952,-1.7530590091269944,0.8596776019096808
585,-0.01854605003413097,1.0030127836343974,-0.025661490593878122,-0.1594914689465639,0.027154472677309926,-0.5776239593186163,0.20626924964026558
586,-0.00206855549856072,1.0165753122527073,0.12446744794741285,0.1205487255188511,0.6464646321385266,2.4722539301778785,0.8198514042057706
587,-0.1327968119766581,1.0550607445027265,0.21509360323648438,-0.3988955023466472,1.5369613804498725,3.074034532060119,1.4940555689341335
588,-0.033698282232961674,1.0312327166378359,-0.17273276058054188,-0.3749855450037254,1.1549174620743472,-3.137209170693077,1.11778640623796
589,-0.036085115098409934,1.1122186270673895,-0.30932872450873156,-0.471856414125142,2.571101051622752,-3.230382141584109,1.6051957067769922
590,-0.19027324969963977,1.1340904257794746,-0.3433799555421333,-0.5224665520032051,2.2611439762643504,-2.37458779254182,1.4641649836613144
591,-0.3193076241653838,1.043793504399322,-0.28584721986793177,-1.075945605153076,1.512302766801958,-2.512371164454588,1.1555919188082182
592,0.11492224182830132,1.0042216733719744,0.03356539950992826,0.774365038327521,-0.030663016328813512,0.827251856459478,0.47875660243043444
593,0.22643975095673285,0.9771176130513086,-0.05350985970523671,1.1677774574495006,-0.20658175020106442,-0.6059009190776037,0.6753948561145345
594,0.2214310906354679,1.0189062237119875,-0.19523718742873195,0.7320163988175499,1.0796978492195113,-2.7920776078388734,1.118138970464072
595,0.0993438178338481,1.0820568860357576,-0.25762910518839033,0.1725262300088257,2.0725712860433037,-3.2296408730825847,1.7165256422463369
596,0.24387128436098926,0.9817946838213669,0.09346352739029568,1.4738020847429885,0.030878283955248418,1.9914214167539164,0.8969836142068098
597,0.26659032954698625,1.0255818130321552,0.23378765646247598,1.307528763274863,1.2876836737251753,2.9484900721684664,1.228159438470147
598,0.1617786056728437,1.101363198729762,0.30244041357808316,0.6757108711830724,2.189122438856146,2.9191166929349492,1.6065375616693254
599,0.0057947620324702125,1.0842431641,0.2697360754763928,0.37133455749359023,2.257789148348966,3.4899924758579197,1.567577326884264
600,0.37193811010198796,0.9645697498360903,0.15073860275675288,1.878375067314066,0.023664942523164756,2.1350875844471644,1.0932161603402004
601,0.3449344776299183,0.9682784504910451,-0.135324531302201,1.4101794386593371,-0.05576963335265822,-1.4628501743832565,0.8480415289243259
602,0.46130565120304845,0.8980590568837505,-0.08299614839625363,1.6302244926235225,-0.8050041380052488,-0.12978826830242218,0.9624988322333077
603,0.4779159540835269,0.8828159382553253,0.06408372813080568,1.9415676059074147,-0.8545890832626287,1.4050636782284043,1.0740953282123575
604,0.29918259299178573,1.106461048815287,0.3486484253893531,0.7056266040649078,1.85211221769267,1.9868593231763874,1.095096358105551
605,0.43790729699588093,1.117964335451181,0.38839431105282946,-0.03935085618942796,1.015425048435487,0.7158313568325816,0.5873051639529631
606,0.531573666502871,1.011908612466816,0.3447158733080458,0.3373580776173989,0.505690524846861,0.6228379323819374,0.36316904176578013
607,0.49973657966849633,0.922631085930937,0.21015528770261588,1.674415072830679,0.009801445409310328,1.6839964764044018,0.8138956846695036
608,0.4588146046160806,0.9457895863683974,-0.21972946240006272,1.1811926002832445,0.3381522268964598,-1.671549899734592,0.714641959460069
609,0.47562565719014416,1.0305235678398434,-0.33604749378844057,0.5835145140402567,1.5435115092759566,-1.7680963585510168,0.7071384581937391
610,0.3720494873403062,1.124026650218849,-0.37449122894285336,0.2234845316894491,2.1005713520897293,-1.7495248318840857,1.1456113053149655
611,0.23021171672843904,1.1041182018889744,-0.3288055320114428,0.4957383530799784,2.4681848190486164,-2.8511637036478676,1.375754174203772
612,0.5823669202074547,0.9423156639024797,-0.29502859558820194,0.6631929234983145,0.5315431758426036,-1.0648834387243857,0.4153603727709176
613,0.6823970564625648,0.8429837040256274,-0.2692265602361054,0.47424091504572896,-0.10687516088737758,-0.3304969465368091,0.3767503134558291
614,0.6697105718268197,0.7732250554104609,-0.15147700748520618,0.8535487875506964,-0.9418684150964554,0.4755967646208497,0.7503293198326126
615,0.579576837322025,0.8283526368607899,-0.03258867992853435,1.6784041259945799,-1.1983929386390733,0.6988523330057871,0.9872432107701186
616,-0.7335682994204602,-1.0384652799101146,0.4394517400125722,-1.7209802878145752,-0.7282280227451988,0.822526055161714,0.7310003027084176
617,-0.8709640550229113,-1.019765960675206,0.4627774191354583,-2.4505372483993195,-0.887191301266052,0.7842949756092471,1.0174988726540015
618,-0.9362932215863504,-0.8765645017942807,0.44409249877688733,-2.536719452251734,-1.404285655815799,1.3450875332518109,1.2021113823876235
619,-0.8617672636232432,-0.7658916495066086,0.3585091341219227,-1.3737395053454498,-1.072426528504404,1.6546812048656352,1.1046979014382203
620,0.3435415625531702,1.2129207021307502,0.4352810545197969,-0.49087647422589203,1.0041689237655422,0.45562768304853585,0.6996344965687447
621,0.2520768772621501,1.3210038348353264,0.46391025560781896,-0.7450015925648898,0.38173626814264167,0.07802460369585533,0.4469066722114969
622,0.10161189231724642,1.2945687097991307,0.45091046146805275,-0.1840030501801604,1.1667330380096352,0.5021056932432162,0.8685702907761503
623,0.03896614418227283,1.1753805399026176,0.38092725513294756,0.10993434220930165,2.6863516072863525,2.270594763569577,1.4379802449657322
624,0.4055163479338616,-0.9829324681179481,0.24085964167389717,-1.0986375322532693,0.8458810590257689,-2.1373519110027677,0.8478289202157934
625,0.43606732410428073,-1.0837004017848555,0.3648403792535963,-0.28857158720636755,1.9302878625802302,-1.721202591010096,0.8689178159666178
626,0.3039396670333556,-1.1675677070264543,0.3903503664668497,-0.11456326178441786,2.2388143133395424,-1.6501744398090605,1.2605783281860492
627,0.16301595427537643,-1.1159384983073595,0.3303924549962002,-0.2990555326249307,2.6521110274977664,-2.9892698933103383,1.4762397801565352
628,0.9936252877060168,-0.6097112208804012,0.3690887081270693,0.7072664950929513,-0.23175997213096972,0.6607920241831639,0.9072387315533055
629,0.9752953725658129,-0.7465064244233691,0.4110847269555188,0.8237785132225013,-0.017729091999295288,0.45044353269119525,0.7433400331309634
630,0.8713780906307065,-0.8354610358212118,0.39864808740337904,0.6087794733843771,0.1487271988410084,0.24664522987672313,0.587709529576902
631,0.7932189922468317,-0.7854336549056631,0.31830039975962393,0.16531374879604285,-0.0792658380446762,0.21350288410365972,0.5398375830917861
632,-0.8193969966284729,-1.15391375357543,0.4872695409228085,-2.3372836222051383,-0.7339354606336531,0.3294103350395994,0.8383242275667453
633,-0.7761220196459746,-1.2993709367576125,0.4850130608144673,-1.9184062352808433,-0.2530192796549384,-0.04933628662934611,0.8149055830765227
634,-0.5547536907164683,-1.1783405937978366,0.45609642536177575,-1.4258394207007419,-0.07390830474077689,0.2851384188219581,0.4597595592275283
635,-0.6464809849525448,-1.2874414353645682,0.48990813224088325,-2.08028274767269,-0.766545333577973,0.1693165933125367,0.7779481153852529
636,-0.2616363019529414,-1.0683991110574709,-0.30118729355489937,0.5994681685675886,2.1561038269573056,3.0042727987237106,1.2322166323266905
637,0.0012782118703470527,-1.1742646651267574,-0.3759866877943383,0.00638334939529317,2.7390609928911833,2.4000084607680385,1.4603746668167166
638,-0.14930973530964003,-1.224655431910816,-0.4139732481775449,-0.03343926427380561,2.3072212876832237,1.4695617028623662,1.2403101832671335
639,-0.251219297525309,-1.1605718886287972,-0.38669082116160536,0.1663949621212022,2.542080309789897,1.9930916834694217,1.2557587275408213
640,-1.0259942177502213,0.7011897891606582,0.42519102321773256,0.8355764299025051,-0.08981642130039902,-0.4478109346136934,0.7890843624402878
641,-1.1582199661231418,0.6512897642780897,0.458614765011215,0.7717280587776005,-0.3590183326105302,-0.31658339005257924,0.5993571031456745
642,-1.1868417877876747,0.5028963392269843,0.44593234071750987,0.4289413720888481,-0.3627994252252182,-0.24928829720822088,0.6342777773789267
643,-1.0946078468720366,0.4000168417154653,0.3717072420505827,0.5663537925354261,-0.017617213406133134,-0.4830076098489154,0.7104750667518197
644,-1.1904390501311632,0.2585365979420022,-0.4099069785444278,2.4291427549230002,-0.8329571470777065,1.744883054690038,1.0465822514403804
645,-1.2427593656590443,0.394470007549036,-0.4486192517007358,2.6318422325902993,-1.3378172082319248,1.2731355242617195,1.2753896218547833
646,-1.1504324834345856,0.5261000527238772,-0.4331724615811948,3.0445910794380078,-1.336689919415483,1.7638610327582116,1.4370446242559247
647,-1.0073250173479038,0.5241449149217721,-0.3427374656262502,1.9122176660032577,-1.0091888438122667,2.2509164865398774,1.2861717277275415
648,-1.3250683832889647,0.26887354202363745,-0.47196035202088327,2.108051032812044,-1.2040456199623282,0.7050061399632928,0.9179054394889132
649,-1.4114044570495237,0.1456794251289749,-0.482246766377601,1.0318512792648111,-1.3270906682852597,0.19763806734190448,0.6866045868026948
650,-1.3535292944110369,-0.000730038058895089,-0.47206742447387406,1.282866312361036,-1.0717102647980337,0.39810128235913833,0.6305524687307806
651,-1.2136800873946163,-0.02454822321579156,-0.4076645273904539,1.29683410371842,-0.315072109830403,0.8864732503124984,0.32795627444256004
652,-1.1864179803083361,-0.20500480776247576,0.3998966318830768,-2.176775196158429,-0.6268065738400354,1.6573517886520748,0.9233405353753599
653,-1.2404286583056718,-0.33486902923774314,0.43993724913053084,-2.5624680021721042,-1.2086087642719308,1.3393216769290066,1.2709190372264272
654,-1.0294414236329987,-0.4656376154200216,0.33720408384589345,-1.8513240739775705,-0.7549672349692366,2.1960015605378196,1.3020442456409378
655,-1.1456745782385207,-0.4602831200710401,0.4187088805791665,-2.934164844065611,-1.223584264903459,1.981096948899674,1.3944936084570554
656,-1.318116925671946,-0.2081980145461257,0.4663011064256265,-2.082886725680071,-1.1290112984621714,0.7757405779685083,0.8906836376422721
657,-1.3909371565081612,-0.07782208972036668,0.4780469999913276,-1.1371394885456074,-1.277686934963616,0.2657124493047296,0.6936470951273708
658,-1.1919789203645461,0.06790143724248826,0.3931948260541282,-0.9856314767535157,-0.15257739374629975,0.7494622846438652,0.14781272437912857
659,-1.3152871733399645,0.04762445740632596,0.46104340133220834,-1.265459063649893,-0.8548124844980656,0.4845460663797016,0.5664610716070213
660,0.508432740328124,1.139386379041994,-0.4282039168715749,-0.23193013695485665,1.504099375822607,-0.7441594408423517,0.6443996696813651
661,0.7046035915176789,0.935430368617636,-0.3753510926267332,-0.08197759419705691,0.7124093604044939,-0.4524128670969777,0.1626597151163942
662,0.7437511126967474,1.053213986506039,-0.4470059421971787,-0.7839463129896607,0.6303034050344457,-0.02984541843982816,0.544003146150345
663,0.6531089889784947,1.1648674656658153,-0.46074218795487787,-1.0601066492515965,0.5558850322374516,0.012368127231676837,0.5412401077264768
664,0.26511861714477936,1.2125865089279362,-0.4246614818473773,-0.12726918478677784,2.1399300972038042,-1.2525100461446947,1.0317291283129226
665,0.5545660134842122,1.2690405279238501,-0.48063935597346585,-1.192133195133919,0.13209065504644238,0.0764238880120651,0.5710433699152152
666,0.45130614674899194,1.3745585467164048,-0.48639485532409565,-1.2502224229005037,-0.5791291290071627,0.10412276190825204,0.5051305836589608
667,0.3275683198159631,1.3351640406007648,-0.47884381103109075,-0.6800312381258913,0.232100522817351,-0.014287803616861175,0.49641944437212016
668,0.8383879274377274,0.9440628402692715,-0.43016477186459146,-0.8207758090994257,0.3247496661011384,0.16486840507671793,0.48122754279317675
669,0.9290857718106044,0.8342446914958364,-0.4241544596429802,-0.7846485867857673,0.13682125348281782,0.29099210639032863,0.7167092668261813
670,0.7777216410330275,0.747355684881639,-0.2547869111383687,0.08523568702277791,-0.5165185136984257,0.4951325780477912,0.5619602800446934
671,0.8877911218844792,0.7309593723368817,-0.35600803527118285,-0.5624222463593465,-0.08532590765588596,0.48268146087487596,0.7375025582413828
672,0.9734775552599952,0.9548738154812839,-0.4785087112704267,-1.2835720232861114,-0.0039699891134615806,0.26292326470484706,0.6093864241764264
673,1.0264455459104809,1.0870957263299583,-0.4921369540577162,-1.4652976203624937,-0.3008801196391422,0.0065389861929885836,0.5976288001457573
674,0.938129982265379,1.2030480081417407,-0.4888921844556402,-1.6885459710878103,-0.37337493104099495,-0.07226114639247064,0.589324141470423
675,0.794770708595609,1.1839231102983072,-0.49050778187897864,-1.579414799971748,-0.17975562708094783,0.1599105838961949,0.6847804792122516
676,1.116199790164785,0.9723627817151463,-0.4906721780422406,-1.3059319330689054,-0.24112252297870013,0.04182209380362184,0.42479171591369597
677,1.2045422090620577,0.8580240922423887,-0.4908435926321568,-0.9771785268389132,-0.3683426419366442,0.040597156039944515,0.3624525480474035
678,1.1496097843055537,0.7330314432423949,-0.4785704081672899,-0.9190785942768942,-0.33199511989586755,0.2704667607212492,0.5579115118025957
679,1.0151570463106485,0.7316601657753216,-0.4259468901733785,-0.8544975773208884,-0.13026580404959215,0.4461615722577028,0.7386486819778818
680,-1.0805222813609827,-0.7076422616230517,-0.4498096729846889,-0.8691237868176627,-0.16714536485592657,-0.38501614230221876,0.7223197035996235
681,-1.2246506292606827,-0.6351997357660986,-0.47350644866652036,-0.662576027528014,-0.4770755896969387,-0.20746324041767,0.5072480794101871
682,-1.1343495626662057,-0.37267201447260473,-0.3941358444850178,-0.3567834305739828,-0.09058084441647107,-0.2836231364417583,0.6095804405746836
683,-1.2463329869945992,-0.4781041201793995,-0.46365942881188454,-0.30511462366322833,-0.5141662364700115,-0.16566973014312003,0.5351008250054282
684,0.32792396420414277,-1.2135059830696235,-0.4362575525871396,0.5008224845385034,1.1050824990899921,0.5288806480730935,0.7042388506712999
685,0.4105141800951655,-1.3216066902549186,-0.480790445060711,1.3849867212230982,-0.46609989397163226,-0.19892670533411244,0.570347282572398
686,0.5716761994310036,-1.3244535050161859,-0.48589333874201646,1.937189681213804,-0.6271996893307296,-0.1619017956890677,0.7476662217174926
687,0.6626801743088133,-1.2006510762561198,-0.4771032492096148,1.997546469634303,-0.6442081522665195,-0.39139880220816803,0.7680051920459189
688,0.8783088359165556,-1.0409329923297224,-0.4736178141902899,2.510886019963219,-0.9823460703041325,-0.7018441608562773,0.8999748017435779
689,1.0268047194355263,-0.9934232672209118,-0.48325612991130523,2.274542348392193,-0.6129153672144838,-0.31679897734996837,0.8560000617160483
690,1.0657739457755433,-0.8551874265024111,-0.47514848705928425,2.6479698438886556,-1.2737103067585012,-0.7852960398717432,1.0811595401823848
691,0.9719665283216615,-0.7529192891451113,-0.4176377375487206,2.6062838760314175,-1.4431952323155441,-1.884197027040397,1.3086073619496503
692,-1.0220398640561195,-0.9952542106683531,0.4899843088639516,-2.2998313048186882,-0.7086469351199599,0.30559239825376044,0.834048421386051
693,-0.9076442191730367,-1.287235497022868,0.48595699831644534,-1.447124049781795,0.231369795912148,-0.07606736062763021,0.5390509869494616
694,-1.1168137522990151,-1.1219630335240467,0.4840030951670292,-0.3761146813734023,0.6980119525147422,0.029046649271492822,0.5869630632800156
695,-1.0414764558997673,-1.2496867896136288,0.4735098261041664,-0.48502821582886635,0.8644572132980768,0.08568275346162017,0.6444310211526384
696,-1.003794747969934,-0.7282658755413156,0.41339944623244695,-2.669075454290412,-1.375193828371717,1.8553139293527723,1.4825889175535263
697,-1.1819204877275982,-0.9812018945389027,0.48487342987715926,-0.7498233143280766,0.41424889277679056,-0.023588535266592943,0.27158808674764107
698,-1.2241527419864768,-0.8373214226206263,0.4920437693405332,-1.2856171890280965,-0.34602986362434995,0.04069620874666818,0.40466834191739365
699,-1.1328179174723123,-0.7150268946637686,0.4701267681016181,-2.935205558802251,-1.3998347152315849,1.118803407721742,1.113269714982038
700,0.5769040148874386,1.120735424267143,0.43534510271037086,-1.0591485062957475,-0.005126901527172489,-0.27115951519331405,0.4661114712779652
701,0.6308976084031634,1.2448236816390366,0.4837775582407761,-1.9778979454579113,-0.6684950573460724,-0.3036331962205826,0.7720001487644702
702,0.3961781633046697,1.3401262972345587,0.4839470087173592,-1.3457561422467776,-0.5686047623994712,-0.20469690662594275,0.5988304454589336
703,0.542649163441169,1.3507109852098187,0.4890732653198493,-1.898841161403762,-0.734895539107141,-0.1323148942578292,0.7175211551377828
704,0.7201944081831363,1.134117923339691,0.4638929105122755,-2.112629680823709,-0.5984051361747756,-0.5500214475152396,0.7410732089890664
705,0.8071150610469423,1.0188053696365182,0.45139609855931234,-2.093262933666953,-0.97865831044581,-0.8998075033840633,0.9666802115043983
706,0.7590672231716857,0.8977142375918222,0.3778691241924834,-0.9896483096166591,-0.6915724918157068,-1.0221027118566754,0.7698479333412152
707,0.6308428846591145,0.9050819360893642,0.28070626292358747,0.713186544763575,-0.22454102146685137,0.31566393562306505,0.3745299855935133
708,0.8643840973292465,1.1490290699151195,0.4919366655594807,-2.2969199120618016,-0.6102596895549274,-0.2288932934267499,0.822341619138941
709,0.6854706601732282,1.3699396904358385,0.4946744203262114,-1.9371846761066236,-0.6306195220469184,0.0954759733911132,0.7170495676080321
710,0.8193080658229721,1.3996908680245042,0.47422746126759907,-1.2333913242457673,0.17382896049449104,0.12413080495257359,0.5311296230949034
711,0.928582134321722,1.2870066237126514,0.48356006793985284,-1.064221858209206,0.386355090885702,0.06814331507402988,0.6959674585052734
712,0.8959406513017448,0.905147997173423,0.43555402576548596,-2.4509428860197615,-1.2010973943332908,-1.3305331849248256,1.0813350499860475
713,1.0325623892442612,0.9129489404127373,0.48220441680495396,-2.6752724876384884,-1.0705034281885197,-0.6864415622603456,0.9305128559648528
714,1.0938808828253,1.0459664432363636,0.4915001877472459,-1.329512736781207,0.0752876000829773,0.024329781599095865,0.5351402409340593
715,1.0174912097444468,1.1685812970930631,0.48512516435426367,-1.2873954299040067,0.40429536819834855,0.05550304807264561,0.48124552771747936
716,0.683290859635847,0.7393573829543927,-0.009886627713445277,1.235311157095065,-1.1876544127739646,1.2492622450298163,0.8813750241582515
717,0.8627692265892735,0.6471418543328329,-0.25432352284519405,-0.3637854900365458,-0.4750199374940784,0.9423882141664792,0.8568316396339148
718,0.7833831281635446,0.6357385289740893,-0.0017455261361137165,0.6731594794780924,-0.827352269466443,1.2119476627027488,0.7164159369148211
719,0.8461934967699285,0.5668878500244328,-0.13699149220785525,-0.17847503304531692,-0.5511365711749711,1.6036124144994202,0.7334005286208789
720,-1.1287931297418086,0.792981310358174,0.4795302197174803,1.0194365277802915,-0.288228829701423,-0.2446634217114885,0.5625853370660394
721,-0.8562648748051318,0.8934827759260426,0.42224494606952295,0.6919965077381482,0.26542011964173473,-0.16941915000736368,0.5567460497283107
722,-1.1036080917391935,0.9341819018179373,0.4859823276794886,1.2381802100186805,-0.21006309441906368,-0.12035667235394161,0.5272141518047536
723,-0.9764799481700026,0.9665326556467275,0.47838195301601266,1.3039912648542058,-0.06187318993747634,-0.253831533321039,0.6197922316507057
724,-1.2942539291562973,0.6017309892657206,0.49062023213429884,0.5349444441539931,-0.6527845080790897,-0.10811281784657087,0.37435338271534996
725,-1.2356239895472343,0.8941609206258281,0.4942162734289208,0.9352128573386934,-0.35889421106447666,0.049948505235740535,0.21160835622003007
726,-1.41174545895672,0.7060953303591002,0.4844102660505861,0.32200550377869075,-0.5873691510153699,0.08915542206877168,0.15474175767307655
727,-1.3667510306118016,0.8566619496773957,0.47577385607997563,0.2596661432559678,-0.20468882795489002,0.07665841440505673,0.1271779604291279
728,-1.2188532456887455,0.3424120289937969,0.4313134308137021,-0.06750146727823486,-0.4005294430085544,-0.02432899209862603,0.48737453474427594
729,-1.440560997584372,0.5582898387916053,0.4853220496790604,0.20958872383083899,-0.7732745171474686,0.048431867163321596,0.36479148098972713
730,-1.4584875907556212,0.4108415213786749,0.49084893904631904,0.25632837223234717,-1.0793932273958222,0.02257369559005215,0.45726403673515964
731,-1.3465913915833319,0.305793870125716,0.48269071609142716,-0.25875278026009485,-0.9192942628135166,0.012534171871981107,0.4739587094629769
732,-1.2940416945661253,0.5371375903618506,-0.4868457282058424,2.0684616089596735,-1.2569597842243088,0.48547678395643223,0.7828000082150506
733,-1.4713114570341692,0.2844938682015915,-0.49483663227935604,0.1039149618576265,-1.1489818555562934,0.003034407371432761,0.5386059841062678
734,-1.5331360933765636,0.42579558821365626,-0.47934509819513477,-1.3391943224067233,-0.5320154660263916,0.22161621071880638,0.6408887536817223
735,-1.44092301758632,0.5535743594249056,-0.49019482786886764,-0.49182192271736475,-0.40124466171563833,0.0293900327351964,0.31012585121955516
736,-1.0437484087927709,0.6604547374977285,-0.40940115209486166,2.566019539013016,-1.477775211868622,1.898572180039821,1.703925728892478
737,-1.1045045372816316,0.7844442480953548,-0.47508312854964013,2.838853475397653,-1.3212842284634176,0.9691005959585918,1.03659123667167
738,-1.2580995720123367,0.7992534379502756,-0.49171268073051855,1.084684991938574,-0.30537848753457036,0.016422517659732173,0.3081112205561467
739,-1.3496612130457066,0.6817825633454122,-0.4897497275707394,0.3368678014712486,-0.3781126022746142,-0.01348590914191556,0.15047954119766668
740,-1.4992132358709425,0.021441991715579867,-0.4953067450972224,0.017195068949162395,-1.305842063736076,-0.008459588020158513,0.6893664743192557
741,-1.6197459317530147,0.3010073741761936,-0.4697803293037789,-2.0591407530215684,-0.5673593231211225,0.6062210899346356,0.7531591095515384
742,-1.6978252601709731,0.1734866016575868,-0.44221404973452627,-1.9591099006942758,-0.6895822068078313,0.8739915837239264,0.8988087401105265
743,-1.6397322294004713,0.052235521325144946,-0.47321457243504306,-1.4081847029504024,-1.0963218152191088,0.41104452317121815,0.6341851635945824
744,-1.3005966007307153,-0.15687319934396632,-0.4497052627341109,0.69522553528796,-0.7229087615405421,0.27071257423939776,0.49576585254768585
745,-1.4156826163869314,-0.2709166578117602,-0.4922950779777474,0.17099313861412943,-1.1397013108719296,-0.0059622680113313505,0.5267049307666241
746,-1.5660578069176447,-0.2213869642790821,-0.4822352061446986,-0.40549561564253045,-1.2241459130938268,0.10471379029651408,0.6256464506725348
747,-1.5897059206367636,-0.08507780648136858,-0.4810613707134354,-0.7211837777165347,-1.3785755044874681,0.15677742951737095,0.5456205676989329
748,0.15603527689578395,1.4319484034352936,0.4918372494514035,-0.7599806315910265,-1.0231435718910298,-0.12503462334123963,0.23901477872242377
749,0.20408761290611543,1.5837125062159183,0.48059123978144086,-0.8678838111520129,-2.153958145619687,0.458495239369909,0.7499740280220002
750,0.45425323806024887,1.4644494873866987,0.49460481634205883,-1.6551105511568722,-1.3301390039481387,0.128444834181622,0.6721711099054108
751,0.36451693915188116,1.585747063441846,0.4726506370812949,-1.1242554748829474,-1.6080540132716794,0.4858313720167206,0.8748587573343903
752,-0.058548959411720204,1.2723807384192993,0.4359912798347566,0.018864521451491423,1.7869578565504964,0.9155338413009468,1.0503654925824681
753,0.05456560859555187,1.5566245985346012,0.48249529633574545,-0.32389731543115485,-2.035474848605275,0.25993746819064323,0.8294320022062617
754,-0.08394859270793695,1.5163407530863418,0.49087870605058104,0.03530146396746414,-1.9088909137639687,0.07679076845276266,0.5138617141945584
755,-0.1343066297346118,1.3793796256377857,0.4839829706212142,0.21023561908130947,0.002015406177347169,-0.004379962106076971,0.3058112852617652
756,-1.4597720152078015,-0.2086526089103623,0.4949017340619929,-0.413871924037728,-1.2779914278346638,0.03194874558908259,0.5983790770659375
757,-1.5262927250557914,-0.34535012038949475,0.4847506058326236,0.9641549942335044,-0.8621714587450716,0.10915330632349735,0.5094919525382717
758,-1.281699824395128,-0.46292256486661953,0.4771551185284759,-2.4240962849613967,-1.3917399037503972,0.7876694937995703,0.9430894434211663
759,-1.4319004593492217,-0.4673463871345422,0.4938487947110279,-0.1504012776265181,-0.7718548986515847,-0.009067596317144481,0.4277662575319149
760,-1.6011207292584175,-0.20794772522407018,0.47983364200165396,1.5661154135437747,-0.8524249606573044,0.33973156453089254,0.6931757852917312
761,-1.4490814917601755,0.04213295773550327,0.4928134315280833,-0.46510240833779126,-1.2104796316450863,0.027069996631031306,0.7340646050454454
762,-1.6507704146052458,-0.056249433140519445,0.4680192545222046,1.4003394180136497,-1.0670517465451665,0.4502036085758131,0.6875043415562357
763,-1.5694032955152404,0.03847839448082612,0.4918973277844404,0.6839465851072561,-1.3600829273154296,0.10352134134893554,0.5925261086735978
764,0.9803909688571589,0.7922140512015734,0.43041442709146904,-2.5840928262962914,-1.4829940409052753,-1.6324791758882267,1.4004645313068749
765,0.9321421090091557,0.6903828734234019,0.36468087396046345,-1.8384119931064526,-1.2025548455395165,-2.0654045137568464,1.2724148351067741
766,0.7270689244956463,0.7972033387877709,0.25289044711926945,0.5639980663037025,-0.7052994627139464,-0.21418447665332913,0.5547432507577098
767,0.8268289902604938,0.6944239555095144,0.25479764929948917,-0.005469930380205018,-0.8610493212045895,-0.9049322605497588,0.7840175836116305
768,1.0576763989841171,0.6903368106719895,0.4327368952109053,-2.986453797578051,-1.4740898688804327,-1.7857705548481015,1.4005472040944822
769,1.1742592104492955,0.9242830182613054,0.4909836451177702,-1.3487278233479534,-0.09798566092732919,-0.008067995954381317,0.39209948330098576
770,1.2478964086789812,0.798044419925144,0.4922585521294156,-1.189956545707117,-0.4357007064695593,-0.043209304957460136,0.41662421669833327
771,1.183125327280264,0.6793078647039947,0.4792170447023889,-2.723016425953662,-1.3308413631748859,-0.8484520833038517,1.0059007180455277
772,0.9067191965175209,0.596753709518006,0.26211615647421943,-0.6140539624941397,-0.7017553871171828,-1.4115544326572078,0.9558239133060341
773,1.1243927563852196,0.580834901081889,0.43475006056564613,-2.9859224821163077,-1.5298808108402855,-1.804380625704697,1.4437834702530166
774,0.9716438827459298,0.49554229528063054,0.27256139135053886,-1.0211972139631609,-0.4406352375598151,-1.6505764761918034,1.076825727154999
775,1.0671092746357513,0.49679330818368883,0.37951919556176955,-2.4672964605243743,-1.0811753643212014,-2.3339651682424614,1.418673180320274
776,1.0935513728693804,-0.6545613374118298,0.44402562822087044,0.791356759087606,-0.20344660748146348,0.39418939495104094,0.7448685719765787
777,1.2189360368409106,-0.5866709143307498,0.46962655970233536,0.5609996959252199,-0.476058257413562,0.2417589191542684,0.5473079771649864
778,1.2757712019233294,-0.48628132622153636,0.47048343852085595,0.35726980757394355,-0.639565694120788,0.15727538494441748,0.43635591538838986
779,0.9683518433206764,-0.8832813338682574,0.4610668403138349,1.0924149784179211,0.051110568863671824,0.31500122063107155,0.6218763942382979
780,1.0809418031217188,-0.9316187417688792,0.488781545394093,1.3177960771583936,-0.23742239341189858,0.16889928287651304,0.4995328027442025
781,1.1920587754832905,-0.7149159079378539,0.4844939828695287,0.8568606638111753,-0.4067923537214377,0.2101936362074865,0.48816032698086476
782,1.1823831062059154,-0.8433008807434789,0.49090925387421325,1.03248837422462,-0.34487470602035697,0.1123542339620369,0.41115334864566083
783,0.9749807528410266,-1.0229282793598535,0.4850593467640497,1.406604925655337,-0.09107138669400222,0.18082022189702923,0.6485576906388383
784,0.8567738721130345,-1.1113949242250545,0.48338908295545535,1.5159579196990731,-0.09235377427743699,0.20132247302469186,0.6444396709434819
785,0.7387492323117095,-1.0469317737577084,0.4483892645249703,0.8377767421430317,0.6360369864821278,-0.020784728435846056,0.44986772870606057
786,0.7789326064699605,-0.9124406030464917,0.3916853471019066,0.4472209535089463,0.4756119639708901,-0.0602149423958601,0.2922079415962025
787,0.977105488976423,-1.1654050711004387,0.4963626180478222,1.6361814070461045,-0.3902046688604829,-0.061669192891918835,0.5637525365269052
788,1.0960739078418662,-1.2204513643664139,0.47117639783494364,1.065487613855895,-0.11235664322607827,-0.23838111673283413,0.31267039349890147
789,1.2011300956877726,-1.130930445407839,0.4679360231067862,0.5910625165078724,0.03230875922806642,-0.13257601648387582,0.3325298704458117
790,1.1904499432835882,-0.9823585747241804,0.4949214632254981,1.0675288452363483,-0.2644160654849813,-0.09164536959661812,0.2756738209098742
791,1.4283801869423178,-0.6952401170606383,0.4809281418698189,0.11463798707940084,-0.5446320651980646,-0.07063425547348223,0.11893638995143196
792,1.3651318910216501,-0.5734674324216212,0.49549656233977757,0.3977700552060551,-0.8115884590571523,0.02662800544077535,0.28781196450696933
793,1.3023477730402473,-0.7674946612550031,0.4960016342293835,0.6998152443865064,-0.5083257325809626,-0.02655894654642469,0.14186668733184477
794,0.7261546235323899,-1.1922825134554822,0.4797249519739036,1.3234632665221788,0.07386484805827442,0.14454921360427392,0.7386634069722469
795,0.7173893813607652,-1.3560253678094045,0.4945892796716813,1.7427066631828438,-0.981576441796521,-0.09395145866122674,0.7383664297585764
796,0.8511584469259178,-1.3983747590150997,0.4723434792356463,1.5376451892269771,-0.7685415836655694,-0.42467902767302323,0.5440781451346293
797,0.9787420193142287,-1.3105058330098942,0.4723192725651191,1.260136489595859,-0.3990658936172675,-0.3166914550956774,0.5181103476173249
798,1.3075494174212727,0.9250241175498054,0.4859284676262745,0.6264632285150535,0.8464954024426316,-0.20459398825260924,0.546015480413602
799,1.1605428102341666,1.1750000823406752,0.4718534793495974,0.30843519261189767,1.3739683183242808,-0.3769268107305438,0.7174354534538452
800,1.3566496993752009,1.03440765455132,0.4494218909991371,2.0293608041943676,1.8005172232935007,-1.2484206514617804,1.0866423040871618
801,1.2850137215454598,1.1463256485459596,0.4415167493207302,1.715500999719387,1.8984494036377269,-1.265677327190605,1.1030197514992026
802,1.2539170902390038,0.9861592713934547,-0.4875506963179197,-0.7660246686585473,-0.21277640589567204,-0.13429929373120172,0.24440295872192785
803,1.082175452130791,1.219290892713321,-0.47798018907907336,-1.120986341910256,-0.21775759701785186,-0.24406599794219533,0.3938026466264773
804,1.217584254058857,1.2200864797075432,-0.4366651235715616,-0.13069593683212807,0.4613991966030891,0.12532102456917885,0.3607244226152229
805,1.2864267337353683,1.0999786316631004,-0.4557160979456964,-0.20357418209890987,0.2501960120707,0.006669208791973108,0.4690290451368578
806,1.291472402290851,0.7478902946478517,-0.49225670585708114,-0.7257926726692008,-0.4803368281223216,0.010261687517917926,0.22697281845869058
807,1.4320442044851007,0.7694243041563855,-0.4794708321816413,-0.1374025293026783,-0.37788521212789505,-0.07735972014949206,0.27587117287330615
808,1.4676489948741345,0.8949154475761247,-0.43941564341087713,0.563825495621499,0.16490967828163938,0.2894437155622242,0.5871532107918617
809,1.3718599971157643,0.9882745540839224,-0.4564187632001426,0.09488717373730512,0.13744364826612002,0.06489629936283153,0.5207012353205706
810,0.8438266740216241,1.3234696466677183,-0.48799521476097635,-1.6969095177011082,-0.8004895395049374,-0.23805029524169274,0.6805388411451604
811,0.8699617686391585,1.4720383355942004,-0.4458278508014104,-1.0475384373686203,-0.5756046000547412,-0.4873970116926862,0.4407799166587557
812,1.1331250913183055,1.3390449273040772,-0.4209449817444574,-0.169066121509252,0.3805983218470586,0.1119157867387204,0.3843235644329257
813,1.0324621480847744,1.463461777293031,-0.3908246006389315,-0.09677524415354323,0.3720448926178946,0.18725916839321194,0.20571962825428142
814,-0.5779876599195208,1.0658607136527944,0.40797737968629233,0.061509120341368684,1.4099696785096518,0.8422729202243651,0.4173800789258113
815,-0.7208178349770028,1.0943445532902594,0.4530844526618275,0.9936194567588403,0.5621481407973579,-0.019756862519117235,0.5007357109203399
816,-0.8415327146737335,1.0201670975244506,0.4565254128919629,1.0210863058134279,0.384692681684467,-0.14926057574340287,0.658637334601346
817,-0.6035894653064021,1.1947003140089327,0.4674524215446056,0.9564743492576686,0.5849830727131082,0.03230266458762951,0.6035297514422685
818,-0.5067066544807008,1.2983538776678412,0.47769662844678107,1.162469666711579,0.10472495675254037,-0.07165290425193425,0.5037350618616
819,-0.30140738082898055,1.1584947106454218,0.3960359809677515,-0.0657389159947781,2.380265168040623,1.7733848595432493,1.1309716679329944
820,-0.3602409160387942,1.2674682925210663,0.4614495281814258,0.5049248520944385,1.0469116287247133,0.33500975435378183,0.7018677223899544
821,-0.6528864122895178,1.3277538305433683,0.4950507352114119,1.6584600908280966,-0.7662416790745351,-0.058303379385811455,0.687955081989692
822,-0.8053882781744209,1.3344704192212868,0.4850918015809089,1.7436544326883765,-0.7300083632779254,0.2552442173591162,0.7066684147906116
823,-0.8444350735742282,1.163871077370723,0.4922415357186952,1.6630508824174306,-0.21859397485449483,-0.14360995389869247,0.6357942834125421
824,-1.328005691721366,0.9998078952131018,0.4667427732117113,0.17573960212773426,0.009868369240625709,0.0486598879248204,0.4098973537229657
825,-1.1713517671530569,1.1858343721304943,0.46388635742344425,0.75917718041118,0.05423378084828942,0.16206121321147235,0.33645384175682885
826,-1.08583299778802,1.0667596790786649,0.49379823417812857,1.3860746959746224,-0.2970527311495076,0.05867996725824572,0.4559507645613437
827,-1.2741428121351241,1.1319042509200679,0.44899747013655494,0.12789053128921257,0.27067695041379913,-0.03708793859087743,0.5149341974600988
828,-0.7172430429660926,1.4529343884911445,0.4780154434818923,1.5732957993495065,-1.2737664524982568,0.47822924790373256,0.7289045050013285
829,-0.41387961042380267,1.3907078545945322,0.4930929556711781,1.2210560795659202,-0.7456446953129652,-0.09299567347584062,0.42531984245433385
830,-0.6029528343927396,1.543011613449068,0.4657608593960889,1.4603640398464641,-1.5529862084337391,0.6809604625415203,0.7713247537513948
831,-0.4638106642858346,1.497547400090007,0.49231023801705914,1.427999723750676,-1.8491199245498937,0.3159513338952452,0.6804560305241497
832,1.3800777137407645,0.6444510356061357,-0.4893916277042281,-0.4113120829418528,-0.7117367220051884,-0.03146906885242386,0.19289864378168978
833,1.100142615740788,0.6263144037976301,-0.4329342048214916,-0.7450857985600282,-0.2135575069572078,0.4069403514509181,0.7590841905062566
834,1.1839675599567447,0.5297034499778492,-0.4507684965113946,-0.4778628624490465,-0.38521834100492647,0.26595171238332316,0.6363915673299267
835,1.3283125501764246,0.5345764635671072,-0.49111648812089104,-0.37139888789375336,-0.7557492894033339,0.08995063757860564,0.3916901270175039
836,-0.055724111583557244,1.216898584615737,-0.41182311078259226,0.017603872070234283,2.3421477306195233,-1.5977037981071622,1.2461228096889518
837,0.05719133894783286,1.3139391868068546,-0.45511818852578073,-0.08621077646407849,1.229536772165226,-0.5039008914230502,0.6817232888587865
838,0.18928607963959532,1.3113305892049527,-0.4579802174677503,-0.17789910914798124,1.1434920872570438,-0.4281235556141799,0.6209745364788337
839,-0.0927061294886011,1.3413301382980087,-0.469597380170901,0.33008463671686755,0.44775376688353646,-0.1364903928345986,0.5946113906617106
840,-0.23277850572076333,1.3871897735662932,-0.4796098746284498,0.9298543105279273,-0.41493811698575606,0.10986060288770104,0.32890782654023526
841,-0.3460268289025012,1.2868120231458873,-0.46543357150518394,0.9607844115212524,0.2223516414009799,0.004659276410643176,0.5451901662735081
842,-0.3392929619860947,1.1460683756029186,-0.3932026397090347,-0.23878029256983546,1.5181190073382158,-1.1576191532886482,0.8871391199998306
843,-0.11812170901854764,1.4842001401036673,-0.49499053054777153,0.6571769176446494,-1.5788674370218843,0.030992373862304086,0.3493657446606909
844,-0.003915304351519759,1.5781418330838084,-0.4830932006600246,0.15154822293949385,-2.231198694072029,-0.3578845173992898,0.8625217896004108
845,0.14343631410897376,1.4272946895283807,-0.4928340623036134,-0.3068875966818857,-0.7296923203656683,0.10809537972877338,0.1725415948675654
846,0.11733166987321277,1.5400115627576694,-0.4912199407034096,-0.1719708040688348,-2.159350731221485,-0.19984945655192982,0.6187252959951619
847,-0.3638807616459164,1.4341136912608654,-0.49444567088534386,1.4325896430075233,-1.246888473405956,0.0714595070745708,0.5932308279674348
848,-0.13779005940087316,1.6262120991339337,-0.4753832052590723,0.5950167322809585,-2.321880582114222,-0.6638080041768045,0.8615825587151169
849,-0.2716992476047915,1.6690817189297318,-0.4502518540371785,0.719184480563111,-1.7720053516192282,-0.7968201442920425,0.9657797111778685
850,-0.38183810882085284,1.5757277782608285,-0.47919988194779917,1.2128040907326365,-1.6441358194820226,-0.484929857392721,0.7689993150827252
851,-0.4669214988033794,1.188118062967566,-0.43421047723542977,0.9146420866163085,0.38683013485539586,-0.020093332682407858,0.5063096804935143
852,-0.48876905543017635,1.4735436626801097,-0.48720010595020813,1.6901607887534558,-1.174472138351538,-0.1904087127602384,0.710399558022376
853,-0.588483300258217,1.3654584333645832,-0.4958593847273661,1.9647665828063454,-0.910538486952283,0.043624443134789,0.7362546561261982
854,-0.5708228241249358,1.246457190378174,-0.48016121466503303,1.7755875230094689,-0.45863709961350985,0.34569205910969575,0.667198777349439
855,-0.5049845067197085,-1.084452202673042,-0.3840606390039317,0.13797442051958253,1.6963074819764279,1.2588992558988077,0.6205748024234263
856,-0.3770670159191885,-1.1083495137866668,-0.367855793603995,0.3175637050655001,2.0835279155029616,1.8954783384938507,1.102743985999002
857,-0.7464797479599086,-1.164773728805211,-0.48133940422992383,-1.392959784183881,0.10294880771965753,-0.15201722379426932,0.6337697352970959
858,-0.6799884918531207,-1.2975118336092262,-0.48760532460465356,-1.6116202254529757,-0.450048161206855,-0.08415026581608613,0.7240954815704059
859,-0.5315930809721535,-1.3104920017477344,-0.485802173291601,-1.288163090870484,-0.2791715357821625,-0.1289995893877263,0.5849965725358278
860,-0.46964963365437545,-1.1908118457587693,-0.4456978621029085,-0.49713562463257754,1.4186400761467517,0.5673868631428545,0.587538303750207
861,-0.9642578933045374,-1.019445525222516,-0.48753180074002167,-1.4043511981886878,-0.10276348014392361,-0.2247272451986087,0.6388504017560687
862,-0.8315816363224119,-1.28561035046002,-0.4931410007288579,-1.7862568487696413,-0.7200767512265569,0.09930356286498307,0.6678713511469142
863,-0.973817314107833,-1.2720669419123787,-0.47812677311841884,-1.4110409894905436,-0.34294595084778057,0.25060225367502753,0.5529927578135986
864,-1.0172913506742067,-1.1399344994914424,-0.4948345841943823,-1.5761390236299866,-0.35691822138857165,0.0743477780178682,0.5034869563903743
865,-1.1999567002581513,-0.7985137928778112,-0.4909596057570014,-0.9792100011945153,-0.39176071693916453,-0.11635600836879066,0.3828119172506646
866,-1.1939147517798967,-0.9472576524419042,-0.4878109667660008,-0.9902006936333476,-0.2734801297216986,0.03998937139097133,0.35354418643221763
867,-1.0889124381580517,-1.019415234503314,-0.49302165526254993,-1.392588047270777,-0.2532661444433616,-0.015182583972356585,0.44711522791011393
868,-1.369156280426228,-0.5698922084416809,-0.4951603350246333,-0.4033094455246132,-0.8035072655483112,-0.019888639269752147,0.30066663719253756
869,-1.3306282747003977,-0.8728834119495371,-0.4854983969087316,-0.5353218169526416,-0.29644446579920963,0.11512837199779795,0.1563633443881984
870,-1.4593486825117186,-0.8032307521263105,-0.4607424053441632,0.1686938682851079,-0.17259662611832194,-0.023592912467294495,0.38130291348509443
871,-1.4949567866607056,-0.651408762480992,-0.4730933408039531,-0.0777035223620634,-0.6036407567062945,0.08319810938617328,0.35222270841186054
872,-0.6139830062215214,-1.4313983502702534,-0.49183087070445314,-1.684633526143323,-1.376370038201811,0.22960611420247934,0.7092601208693647
873,-0.9117008916701694,-1.3981070260651065,-0.4646127358662422,-1.2384417740454168,-0.6016468943641291,0.4341343568975879,0.5025287313639946
874,-0.7105370367919261,-1.5325533497315882,-0.45590270605016686,-1.3910988751396411,-1.1955216219559817,0.6883861216524733,0.5699735769476769
875,-0.8410159714378258,-1.4996079650365137,-0.4420365359436764,-1.0650634662012484,-0.67053617377632,0.5297293101451623,0.40490309186307855
876,-0.4293959979827985,-1.5826765610674451,-0.4707974959773303,-1.249344672444038,-2.0838415658951956,0.6973023890348362,0.8603265328079602
877,-0.318793712052665,-1.3864934100780077,-0.489250638492048,-0.9264386591473919,-0.46713771151575034,-0.09158823363188935,0.2727276426171297
878,-0.56438602945561,-1.554472203149947,-0.46478306360617216,-1.3202733281505605,-1.6779348632842104,0.6618754198568515,0.8887318420297174
879,-0.33398735525212203,-1.4953859317846525,-0.4962446465958198,-1.0944527690922132,-1.8624275352197273,0.15168729768965505,0.5374875768258148
880,-0.40572283659141817,-1.3103851655947558,-0.47342322757820343,-0.9234406044058305,0.2280357610676796,-0.010501809495766467,0.540678737641826
881,-1.0830013514095342,-1.4997948251122422,-0.3423022772111196,0.5258209066645135,0.5781416409897718,-0.7865083381701329,0.5082518941700003
882,-1.188198390124212,-1.4145872110738735,-0.3439545297742909,0.6498824795503699,0.8503736865767636,-1.0834633540306375,0.6975926508860774
883,-1.1705268569210467,-1.3183246170540848,-0.4205927873169539,-0.004385950723682697,0.5636481184120568,-0.27095019433892203,0.35350591933677544
884,-0.9748795104434715,-1.4860021762256026,-0.41096001851171315,-0.39264712016004155,0.07842406181475753,0.10498477417878171,0.18710381516018798
885,-1.0890951370382433,-1.2506417651973936,-0.4681927302265429,-1.0399752138423364,-0.12108152961738394,0.245763839463149,0.31475426196855905
886,-1.0613986871247079,-0.5934671935182119,0.40232169985786015,-2.640134104104711,-1.4252330397374013,2.1330862782193827,1.5785259666554938
887,0.2396310610722167,-1.334998291535801,-0.4708507034204831,0.7171230412623888,0.2342005312342307,0.028425908688212806,0.4434119292631884
888,0.08006191809137295,-1.3599489925727322,-0.4725862965550869,0.42025701243200086,0.2777983915382506,0.07811615159055407,0.3821141940801918
889,-0.028523115595675996,-1.284787394921198,-0.449650798597942,-0.05975165897009116,1.5833562421039187,0.7468568890185251,0.9180341894142489
890,0.17202775952422167,-1.461844886907711,-0.4960259617608439,0.8538965252800367,-1.3584191181410055,-0.08000548321956856,0.33114717076161715
891,0.251221183938389,-1.5786421736456528,-0.4806971640421064,1.0348402270026416,-1.9989346810656397,0.44569963490566733,0.7706623133700387
892,0.48156201343719707,-1.4479136266714963,-0.4943999476779654,1.7138519678044453,-1.2342733534913464,0.09979832176599375,0.6913477029728952
893,0.39265825722671127,-1.5740508271750004,-0.47309131042631025,1.2118080872988415,-1.511870188824684,0.44528667972752256,0.8467377853264877
894,0.10288175070401595,-1.5928509737861039,-0.48182197932213194,0.47030128985708397,-2.260097045572885,0.47140199109907704,0.8578594568224305
895,-0.03883191007128294,-1.6023601771736953,-0.4810038161976916,0.06490137286282538,-2.441726172615634,0.5164758685053606,0.8645855396982313
896,-0.07839988107443108,-1.4026544395176341,-0.4875217000072475,-0.006342563533870943,-0.37781831044074904,-0.0719436675841996,0.2272093880142082
897,-0.11128911815356815,-1.5088897961814518,-0.4972130856072711,-0.20995070645348374,-1.9142146008949354,0.06537589221866286,0.40149615233826674
898,0.03445975683769688,-1.713204343689555,-0.4465402839376119,0.13504184716943585,-2.2459976898347676,1.0958412985286397,1.0501390883370683
899,0.09809487179837478,-1.8213111856540614,-0.3647679773167033,-0.001263742147010083,-1.191242663968427,1.0619612071420834,1.0358215435931495
900,0.3180545258095498,-1.7031675730976865,-0.43623207130118324,0.5997306838275469,-1.48721288517942,0.8431671831294656,0.8831898226924627
901,0.2486102186592287,-1.8153763558866844,-0.3560795261061651,0.06412325216043391,-0.9355557335654953,0.8763852984397291,0.8485217767673832
902,0.7322367249118786,-1.3313360786665722,-0.4946976166027811,1.985114449583011,-0.5390096549338954,0.0505231811505902,0.7352540765842441
903,0.7886815408167633,-1.4585160840326643,-0.46767786303639636,0.9681752909839789,0.23935673882736805,0.08839312186410192,0.5065077185932554
904,0.7069897537330485,-1.5654419302087783,-0.4386926013754149,0.6736743015814965,0.06211612244188586,0.10726753499334461,0.37805216602286335
905,0.5467180007094604,-1.5750538048116056,-0.4633648912500285,1.18138184213113,-0.8786269177812579,0.43960418228761455,0.6215212735845016
906,0.8833525340318342,-1.349946146572651,-0.4760166252982766,1.080653479220353,0.3057699783869373,0.09137502955400655,0.6267017974720825
907,0.9918819906708276,-1.1450621257232796,-0.4945528315963533,1.6527456407653145,-0.004814076084291186,0.040623502608752596,0.6252181348178826
908,0.9938484629480857,-1.2794630191868188,-0.47228813580246215,0.7056521661838198,0.852323789228787,-0.06788671322600993,0.47575296427843217
909,0.8577299289923306,-1.5621198156584915,-0.4059230665429212,-0.16019870929669766,0.8813353685463535,-0.595257036417902,0.2297352583004145
910,1.0018719273434495,-1.5327450583969597,-0.3608320208803004,-0.7986766285281337,1.2377171772265319,-1.4206008167002468,0.6002007240035672
911,1.023059174867984,-1.4096968349384542,-0.4315692765441369,-0.4767650404957724,1.3951183847230169,-0.77956492017337,0.6800179697012766
912,1.1712961147617562,-0.9604920429543498,-0.4948689425687847,1.1272272611684644,0.05984115035723031,0.021330127807468274,0.3286832262674453
913,1.272561360109867,-1.0596104220486233,-0.4679770200782516,-1.1360549461137706,1.4805835191943824,-0.6060897535570237,0.7733522866882542
914,1.128569370967906,-1.2225450058510177,-0.4643553589842417,-0.2808037528837378,1.4976606057931117,-0.46729996928449935,0.6309809233830588
915,1.2414027568420716,-1.1742317448370203,-0.44384907057485057,-1.2791262705987598,1.755831997445373,-0.9680623698962616,1.1468598237927774
916,1.1086911643610629,-0.7200400017718365,-0.455450327094325,2.913009081832211,-1.3365863436527614,-1.2309466514365668,1.3629371643993773
917,1.3104416261525527,-0.9295573351673259,-0.47741764200665027,-0.7593470939811414,0.8980975687978865,-0.2552990781919997,0.581273725726597
918,1.2445931616337247,-0.6896517805819183,-0.49022748864338905,2.022204999640464,-0.9902355572229298,-0.3542723126515874,0.6868968028002983
919,1.3515195968479965,-0.7904038615769791,-0.487838433070245,-0.4539969759687711,0.28494302550407047,-0.0745372727802738,0.2529529216554351
920,0.543829911516085,-0.9964619314193934,0.32116514947847924,-0.5982622834701463,0.9597345562828368,-1.2247504918359053,0.7128199318085181
921,0.6202716580590958,-0.8798679438022176,0.2595938540945385,-0.7837445971906443,0.012324060944601561,-0.7441245614747974,0.30846179263214485
922,-0.9489910786625559,0.7852033455424587,-0.40893423639729737,2.4418079796851875,-1.2626692276049492,1.801660483737776,1.3493573211988525
923,-0.8095080389829454,0.8184566475127403,-0.3566546150470677,1.0492810532000543,-0.9398897815101652,1.3511207324315915,0.8898645654777473
924,-1.164328693220443,0.915256472521845,-0.49036503816559085,1.4418483377657607,-0.29202544689954546,0.04869910377748658,0.5637073852153694
925,-1.0796062899118049,1.0384547861241025,-0.48982788917332765,1.622964913530875,-0.15260798596649217,0.008332885186278692,0.5296814863548489
926,-0.9492689060671903,1.0432463730862258,-0.487603904666563,2.462065872063431,-0.8051321522718751,0.4159782345209372,0.8347263208993339
927,-0.8730790740921843,0.9267979061226443,-0.4407555015142515,2.3097089493306346,-1.2480155201913146,1.2554390242735405,1.0415172623991753
928,-1.2189112830702187,1.0485346836061862,-0.48441225507688934,-0.1762007067041702,0.9611750106067325,0.16111393333985347,0.6230161943827394
929,-1.4076499485382468,0.8197367777552849,-0.4773247720793185,-1.6277481631993498,0.9214748263493379,0.5287452124619569,0.61937640034852
930,-1.4593834046481466,0.961736515254741,-0.41649337668093966,-2.616420865316052,1.7341847220330795,1.9533270489937609,1.5634015858851997
931,-1.341790360433675,1.0576770534776687,-0.4467232580165639,-2.0871409013393425,1.675703595635437,1.240126700074724,1.1407879505549767
932,-1.0235474752981533,1.1713891627355344,-0.4909327628774344,1.2120799300747191,0.41317862022056884,-0.05421853124663533,0.49665243554424493
933,-1.1239842658895403,1.2643806439122764,-0.45592065074416066,-0.472077537284872,1.6651771218386162,0.6874224404622105,0.6817886435764926
934,-1.23937541992312,1.1698029010697943,-0.45104985593021807,-1.3943023002565011,1.8728878367241897,1.0627652075567346,0.8452167919554503
935,-0.8941283781377687,1.3571281404633877,-0.4719510330542768,0.9202524194468954,0.4351667935531653,-0.05095541242565768,0.615511292764904
936,-0.8155471088861745,1.0634250813156694,-0.46282549969123343,2.2958689088815563,-0.7674947734691817,0.6932458907400773,0.9542525749106374
937,-1.004757361369331,1.2973006383943921,-0.46643023348644785,0.5366371655329681,0.9606719283630178,0.13600563549003447,0.5282136942557866
938,-0.7955126857573912,1.293020522703749,-0.4964433193893843,1.9680871872170085,-0.34601569389281894,-0.07667809157298688,0.719351090517239
939,-0.7674797742647164,1.1760537426645357,-0.4869427533475836,2.294920622453602,-0.7700637206336296,0.3537393111792657,0.8143066664833855
940,-1.2686783443832343,-0.31099953438460876,-0.4480107213813559,0.27667452848045937,-0.5865818024660749,0.05094993753377073,0.4528435102035449
941,-0.20611014567045047,1.2581116970009067,0.43732768191375687,0.08105474084235209,1.8751751573250672,0.9622023796418547,0.8804667646286995
942,0.7255660159907619,0.7107306645856455,0.12954003217145232,1.200244852498039,-0.9485347757686429,0.6692973553625863,0.5796664768786671
943,1.3115818201863891,0.6734118053067795,0.4922622800423645,-1.069043029944618,-0.5429562364185839,-0.051259659016461664,0.477939361031008
944,1.4985196997527992,0.7637639497240949,0.4588169245640237,2.5476854463127956,1.0148379234183054,-1.1051026419715948,1.054350312621313
945,1.4295597513158416,0.9060298442949567,0.4542220922798945,2.340201228588376,1.4599381559409716,-1.1831457340721152,1.1021608856000467
946,1.4305185502626527,0.6506124726732401,0.491604790753973,0.8660490550345266,0.0018090890035799556,-0.11661716452986354,0.35109262263748753
947,0.4537043754604338,-1.2155781694034646,0.4540231170298895,0.5101981024908209,1.2316357669975004,-0.42413786123195024,0.6482481190391884
948,0.586581495873371,-1.2897288832257228,0.48038762943067537,1.4191375410993008,-0.23659520679819696,0.13539655509339232,0.5753453276764675
949,0.6606182685636041,-0.9754801884333153,0.37635945845970037,-0.07541881067690698,0.8988447198328042,-0.6644369944263377,0.22089387501363347
950,0.17462380177295397,-1.23610876967383,0.4262216374170344,0.16365513286430355,2.146117505738041,-1.2342858282532954,1.114408158727853
951,0.1789514849406561,-1.3705615258893888,0.48250263192219633,0.2820880594973989,0.07517985710879502,-0.006641269275307659,0.3909724285872037
952,0.3046515740069594,-1.4370675212964161,0.49067040681551494,0.9318720178351108,-1.0546604256146423,0.08058723455949876,0.4079815537587319
953,0.44609280805258644,-1.3765528992449616,0.4885545673671851,1.2545944316642619,-0.6702090489694206,0.08622224629114913,0.4813257172635825
954,0.04451124366476829,-1.3082364418162928,0.4506275745289898,-0.011701759691819504,1.3385061959069613,-0.5808581498359547,0.7136017996840938
955,-0.07804243520098866,-1.2497031515739658,0.42642878832534814,-0.19394720174676583,1.9261194277499292,-1.1082885849105846,1.0967818740152662
956,-0.07085321750886162,-1.3899670501897343,0.4842261442303972,-0.3365918430073555,-0.24539776626615828,0.05993914578829624,0.29143212123868223
957,-0.06977941707653419,-1.5326584963484948,0.49201654505660447,-0.4006428200438974,-2.053598445777399,-0.1550514361133177,0.5364363768272505
958,0.1732954343887487,-1.5079208026426791,0.4943750091949061,0.44148869203889074,-1.8946369211126495,-0.08111571405591296,0.4854109074426934
959,0.06604848098349556,-1.5924632588179906,0.4790723949215488,0.056980777996966436,-2.3245965242185123,-0.45869674250370324,0.9324986119522948
960,-0.18652832675739958,-1.4779993543061958,0.4896649603105812,-0.9403247608815944,-1.4083343602578091,0.03116247650049193,0.47722457685503555
961,-0.29042943678563565,-1.4230039463391735,0.4898235470222464,-1.1603904362775044,-1.03115825054458,0.10680233774119319,0.5069000921132807
962,-0.30515910293482024,-1.2648520508057006,0.4541852689243244,-0.5992255451197108,0.7626973968701047,-0.260334982184785,0.598956141997887
963,-0.2911864003069217,-1.5650529966866131,0.4875186632243038,-1.127714753521607,-1.926255892708027,-0.38483719173868414,0.7285652597694304
964,-0.050521401951841224,-1.6719259679510485,0.463539895729129,-0.25707488218734165,-2.4354569573636615,-0.8883118562452784,0.9610695769709441
965,-0.28587107808531365,-1.6854268248323117,0.44739700022744255,-0.6288853842414759,-1.7120211000555785,-0.8497224295277249,0.9209991484452102
966,-0.16666425210934716,-1.7250167950318103,0.4348249925424954,-0.3521132547376492,-1.896602296553469,-1.0084821178179246,1.0249405706569734
967,-0.3900600482620943,-1.6373016623221655,0.45629892875154104,-0.9856799303408599,-1.4528438406278688,-0.6625503961383369,0.782470962627193
968,-0.40523799877306205,-1.3569901806704256,0.4807933297692159,-1.5460531778767066,-0.6530542171373599,0.1809535418699621,0.4818403395473819
969,-0.5023939499335957,-1.5820257752303488,0.46656637083153235,-1.1534200321099708,-1.0688792984987805,-0.47504957387927677,0.730429524018708
970,-0.502829232361315,-1.4524187221261964,0.49466300022889187,-1.7255559676674639,-1.1764105215287763,-0.104621057793363,0.7119791780729857
971,-0.9957959667752467,-1.3958173312354663,0.4453540033205924,0.143077197165228,1.3728574654375303,0.5924176484672113,0.4593659777509453
972,-0.8428386105996825,-1.5771267643516498,0.39894613535803625,0.2816513068271328,0.7976361877106772,0.5870676918196464,0.2778222821449845
973,-0.7366255452588029,-1.5471428962110279,0.4473431655201937,-0.6973741235795434,0.15945853958524733,-0.07189686495510501,0.3505963368970705
974,-0.7227840317446389,-1.4218245056807768,0.48447871352351224,-1.4212337145201892,-0.38993743606121295,-0.21729794380761921,0.7844295329042251
975,0.4199993234138849,-1.520633761917052,0.48992919384675615,1.3255251886902273,-2.0065793025297527,-0.36756199147506635,0.688220072296209
976,0.19717620894470614,-1.6456465735431955,0.46836762180847796,0.5496829013922648,-2.531404287469699,-0.8680703552136259,0.9303602932692072
977,0.34629516025635876,-1.6561186092390834,0.45278911318638765,0.8150912287367102,-2.1226757580816886,-1.0096066436637747,1.0508787416744054
978,0.7180360832234816,-1.4962221063676115,0.4670482139202964,1.4521084471677523,-1.223997888605801,-0.5981184761896219,0.6775131644362655
979,0.6115500262801206,-1.5933109434064447,0.44567365928883684,1.1737170543181266,-1.4894041722038844,-0.7755324879484896,0.7406718969646175
980,0.48772011641564905,-1.6199494843987017,0.4509118246267882,1.1888257165032947,-1.827904961050734,-0.8972018437938096,0.8716439728468321
981,1.094594188478915,-0.3186001004975284,-0.34081018011132536,1.8919464960201648,-0.3313263716323088,-1.9852700549592153,1.1024418836867378
982,1.1490298959058132,-0.5901447262066892,-0.447046049095041,2.996626767637248,-1.544076795503206,-1.5671388670509492,1.365811153266728
983,1.0735329651799264,-0.5128785868194135,-0.3899319251798543,2.6074767469760123,-1.1743064310342746,-2.317925530280918,1.4316886939298938
984,1.4532195139942683,-0.89361181327598,-0.44875243411730115,-2.5811978737822607,1.5022557399722418,-1.4032791454672575,1.1400207374151643
985,1.4711272002049498,-1.1227126062763024,-0.34119159512203195,-2.4623236558585666,1.5468041006120767,-2.9437080812031318,1.6463417460323402
986,1.3636305363033183,-1.1431156164561176,-0.4086794970581679,-2.3400661872886444,2.0521648897888642,-2.1305773255090816,1.333403033527181
987,-1.754384333559209,0.3065485246274741,-0.4055563464815142,-2.5128231589656336,-0.05314232104382555,1.7079474060090338,0.9777319529062058
988,-1.593339204345039,0.5692811386083212,-0.4540656367941871,-2.80937109686644,0.4407814971279642,1.2103221905048949,1.0356705386940186
989,-1.7963395197680074,0.434283881739983,-0.34353510419701144,-2.208283870592642,0.4652222487794653,2.2303684066755123,1.2133755339757748
990,-1.8578018772558753,0.29935104495449827,-0.3124116239657346,-1.4476534819506697,0.2712428870706236,1.7969533876734918,0.7610397451427989
991,-1.772348421605347,0.05625709763066503,-0.41103951091248103,-1.6572362559863962,-0.5050665677678583,1.0929800731353188,0.537000394923041
992,-1.9013685238886646,0.16282202724223324,-0.27535434686027016,-0.6434590456729758,0.4292819892023154,0.985753794951993,0.3811157575065743
993,-0.6098790964569135,0.9969722782557513,-0.3730773364287818,0.26126219879653073,0.003349758070079409,0.11524264111035393,0.06084737081549738
994,-0.5730676119279479,1.1118464000056472,-0.42467927496498276,0.7741214506608023,0.18206917849046883,0.13534474939688226,0.5479430805325065
995,1.5621554139178757,0.7937269119656164,-0.4216178032827064,0.8162576222759808,0.08056767814738006,0.46715526885815073,0.7578728837855598
996,1.6284192285841814,0.5700918966205444,-0.4374916984583831,0.349837908069345,-0.36795722993967395,0.10725663000049974,0.5362896188413887
997,1.475813679273353,0.5520904900180045,-0.48764192693802555,-0.24963006722874714,-0.8401186755855554,-0.08113109444264234,0.33359192336336707
998,-1.5417434297048904,-0.3641895372079611,-0.48155874458126213,-0.3574049813251522,-1.1629463135840505,0.11024368597169827,0.4705951549412633
999,-1.51967529851763,-0.5037903189403149,-0.47691332457596647,-0.11700792190904591,-0.8377371982740158,0.07757322993746091,0.3991263922531071
1000,-1.6670691991426758,-0.44362156909856687,-0.43995253234583054,0.047193486112042854,-0.6744853916594696,0.06615328700816586,0.4262019926461213
1001,-1.791876125844239,-0.3749512924996435,-0.3579426473577465,0.40788179589311024,-0.04530071784808473,-0.3621498289026502,0.44283647442434604
1002,-1.7047248824217105,-0.1695097866353805,-0.44631987004009516,-0.9075091153402324,-0.9867555365081689,0.4839309182349118,0.3657949589099131
1003,-1.3176569565678835,-0.960831152186811,0.47709668694590057,0.9400698997007144,1.2100674302543284,0.39371409611079233,0.7736106517804041
1004,-1.191944591412189,-1.2402863279599132,0.44266352513947355,1.17121957366632,1.8370045902475998,1.0764755662372987,0.9092779814217801
1005,-1.3089837234153598,-1.2695066543094182,0.3625271080418696,2.086716037559144,1.7278989151830944,2.409252879552634,1.3995878556575558
1006,-1.3997482519838949,-1.0480928435843035,0.4279617678094138,2.444881728588733,2.040731734168504,1.8865398031144431,1.2501768462521958
1007,-1.2700636537653955,-0.7063909462790472,0.4876553638960591,-1.5266295203555134,-0.7794813105634366,0.16801341000222236,0.5351212645877153
1008,-1.4123820961304119,-0.705955884954779,0.49019538349292957,0.7638534769736742,0.09541552846603779,0.10676616171474385,0.5402434910160867
1009,-1.4267301271509543,-0.9165644590897345,0.4528519766098299,2.2813293969302313,1.4434500264062684,1.1354159751820485,1.2341316231767085
1010,-1.4664129033314741,-0.8135493601892064,0.46184786959743107,2.29683458424247,1.1879348766772249,0.9847977933985557,1.0795167863727724
1011,-0.044768513127211536,1.661990464444127,0.46756736869032156,0.06403517111471013,-2.549064646840337,0.849979203641393,0.9616555163194911
1012,0.26862617378730935,1.7116477034269788,0.43580097039451504,-0.5133774281901038,-1.624914865632927,0.9056759026636284,0.9523565527598961
1013,0.1969100633564337,1.8219165776814341,0.3561531019517663,-0.05889977031017135,-1.0182705061218698,0.9493061990429138,0.9011126841150253
1014,-0.0347513155491431,1.7718274549422584,0.4133592892303848,0.07174667179482919,-1.8399833389305837,1.2311258067397757,1.1268819313491587
1015,-0.2160148586516722,1.489511797535204,0.4916627790349555,0.6392990008130919,-1.6664084261563592,0.02699843390765997,0.47030011871998345
1016,-0.2797031706241599,1.6901078387110364,0.44592537062512766,0.6129686455215089,-2.2300201866626703,1.110774299063646,1.0212745568726507
1017,-0.15802867011130273,1.7238995520695686,0.43634623299240594,0.3493085705563923,-2.2162527528571334,1.1700359716001678,1.0811296593762372
1018,-0.2841621152389606,1.5845869439934335,0.4846106424322425,0.8195635393145615,-2.3983391169087787,0.5579763370190928,0.8197799280911073
1019,-1.2538234659506013,0.1922603550563937,0.4334665925898566,-0.5464680057009806,-0.5101971965438141,0.26160645904913277,0.33137564425793997
1020,-1.4408190103428062,-0.9553031344468159,-0.4371305880449448,0.4963121593559948,0.3559963001288319,-0.32490114886874627,0.6580721301019201
1021,-1.2970307606868061,-1.1454195034363432,-0.43775037304828246,0.25051057207177985,0.4140492463003993,-0.2485956802892248,0.5305547493284302
1022,-1.2111084145599724,-1.073859099243995,-0.4817338053208006,-0.7919094746917943,-0.15920739878154305,0.16988736115915565,0.35193088664386807
1023,-1.6005469350073853,-0.732345173243278,-0.42015693899372697,0.7924929319345619,0.04046840083075608,-0.45786522842991384,0.7543025670980459
1024,-1.6337455338657827,-0.938928935455483,-0.3049811642737543,1.4768766831064324,0.8635061769868907,-2.0487899405843737,1.3965466871370962
1025,1.3860491718081056,-0.6549192097494377,-0.4883517801290053,-0.10433834984230868,-0.2414403690314427,0.0005566041196660623,0.15965155007111007
1026,1.410183028919882,-0.5228798843351194,-0.4908647567220468,0.20245929375002744,-0.8414867217079786,-0.0026244134474069022,0.22313350163966192
1027,1.1936471797869248,-0.4744920296776799,-0.4452557290664937,2.9874787287417304,-1.3195957968786403,-1.5007212285659794,1.3458648334807677
1028,1.625139527509178,-0.7132300828752889,-0.40553161078351824,-3.136879397555246,1.2077278582146627,-2.28712605499201,1.5297163688178985
1029,1.5233316045500012,-0.6238208262684677,-0.47323996280338004,-2.20115205470507,0.380994003811725,-0.6771310489486954,0.84124049811832
1030,1.649289339926472,-0.5871541361322729,-0.41988738921187674,-3.097984737094068,0.5394676144489381,-1.8682996695958884,1.402221554329807
1031,1.822218486956157,-0.5715070384753032,-0.27667052129486547,-1.467582868130556,0.6976916544578946,-2.4004424017894035,1.0782889914879046
1032,1.753956661968187,-0.5476499799337424,-0.36316180354198563,-2.7270149811936832,0.6897690965159113,-2.5767136697506663,1.2925701272986094
1033,1.7946592837133968,-0.701681832600631,-0.24743979863247428,-1.239407599284153,0.6823332706308709,-2.397848468217981,1.1208308205692759
1034,-1.5592660810891554,0.8456161997883151,-0.4008719959424601,-3.1339571377630766,1.3467016974318942,2.345794180196788,1.611563566166693
1035,0.9402150156317437,0.5379097330546839,-0.26005189797936235,-0.7252596060164008,-0.2772249288157148,1.2245595151539903,0.9271845643343987
1036,1.051508411533221,0.5319105367948819,-0.37969793237206173,-0.7173590713578377,-0.20709401764241575,0.6332801117923501,0.8320644194020732
1037,-0.047918796056409814,-1.8227908398502697,-0.36584272755067065,-0.130252188719593,-1.319431616361382,1.1755231665605395,1.0468887450966595
1038,-0.25129520762812757,-1.7158415957491748,-0.4365906283400249,-0.5477287550331212,-2.1070855122056042,1.1952636050620682,1.0530388032538458
1039,-0.1703697162114246,-1.6187376718634654,-0.4777888546409269,-0.49122281966225745,-2.541139151735347,0.7020147710617481,0.8662151933302705
1040,0.5909409534457921,1.41198416451844,-0.4939162436012815,-1.664811483523263,-1.2918125742145479,-0.11959292762649756,0.675041335580383
1041,0.7239625497365656,1.4533041211298556,-0.47192391082586077,-1.6309685149310074,-1.1320599915641076,-0.47339491019136276,0.6983969300373045
1042,0.604141955369225,1.5578154382172,-0.46246677550741383,-1.2900270510947092,-1.5777060545625132,-0.7398703406931042,0.8203139124665971
1043,0.3614496411058057,1.466412681816651,-0.49566246985325724,-1.1941589323070814,-1.5742613955222369,-0.049909530862878984,0.48432351607084434
1044,0.47142661765474586,1.622174583326928,-0.4560971484142015,-1.1371041846157413,-1.928094322172424,-0.9019371264821147,0.8720240961488684
1045,0.3504400922422933,1.5749031700924339,-0.48411377809914113,-1.0614779819426245,-2.314122770560127,-0.595328323495273,0.7748347936563035
1046,0.907777495638206,1.5904960799905088,-0.36220195504470326,0.030515909892772877,0.18231490057810995,0.1574721313195141,0.10752803265851785
1047,0.6481321336747012,1.7384596373489005,-0.3376433908714144,-0.13057029122537023,-0.28380282663585144,-0.3291650044108255,0.44648352398017976
1048,0.5845005639071041,1.6739408419212898,-0.4136366823000346,-0.8042947500548265,-1.1628591318149588,-0.9166525541320285,0.6659626223819147
1049,-0.8673508440472026,1.616127359134707,0.3543734031821974,0.011584949839173804,0.08493855883958933,-0.0645600617215244,0.09193364899667435
1050,-1.0181527467638272,1.40108414295797,0.43589128026958857,0.6304407665581395,-0.005990905050065942,0.19818920109662447,0.2812482339485529
1051,-0.752479913800951,1.573218619312808,0.43007350937063304,0.9682218582296493,-0.8059405342536913,0.6620211320131121,0.48263044888848344
1052,-0.930836580494397,1.2810810786726394,0.48121511273502376,1.6380030273022006,-0.5671146012436084,0.2560784767667162,0.5330872028422194
1053,-1.5718495977845166,0.5087147715851834,0.4717682297230563,0.12502830599586237,-0.8076281199379789,0.1207464408425388,0.44126402341024906
1054,-1.5079414060332952,0.8229361841521149,0.4431731234655697,-0.5610310832779659,0.021147478930595653,-0.2511725768451966,0.591307792509318
1055,-1.629300954443232,0.81684097543829,0.3626599858354283,-1.2927104012612496,0.48249956801996063,-1.218914801170567,1.07686125796686
1056,-1.6611239123976984,0.574915958983974,0.42250612050564773,-0.5259763041661452,-0.22451985726827528,-0.2557142461795476,0.6093152269176593
1057,-1.4793264563375605,0.2695569304648322,0.49118220389751577,0.05696683803216884,-1.2034124461814075,0.011049822222522253,0.5956764719918363
1058,-1.6666199182701829,0.43838486530747917,0.44146233167947757,-0.011532363871364387,-0.6872947463687122,0.08076689500325526,0.4344071460822904
1059,-1.6826686294272242,0.3148277649775166,0.4473075967545317,0.4217536932593147,-0.9249040638494251,0.2758987463280519,0.36290274231116737
1060,-1.5944272239174595,0.24498768103986168,0.48379572059045794,0.5586583179581552,-1.263915082584195,0.1723626538170013,0.4925493931791007
1061,0.7253103191329763,1.4981196751272874,0.46555081067766085,-1.0027766338062614,-0.0399206045375306,0.17781316143327297,0.5625899722254788
1062,0.5106669397991039,1.585582220720786,0.46458240011543056,-1.225213308143843,-1.0462131427800585,0.48157088307325496,0.6216284561980334
1063,0.6357563704045452,1.5818704936868386,0.44794125142542457,-0.8666210537062868,-0.3731217204154316,0.29169268601580556,0.4768008952675088
1064,0.966168455956029,1.4265253840219958,0.4406379345591459,0.09434795166355725,1.227041167754098,-0.5486942557095884,0.4771830166217912
1065,0.9723477628292877,1.5644564344817395,0.349556831513851,0.7347881320908557,1.1249336688521612,-1.327457262315698,0.5419575108193351
1066,0.8557112291637147,1.6423858085921796,0.34114305986478743,0.6484220984219429,0.6595321571189233,-0.9105264572902441,0.24626710005143948
1067,0.7538732388850121,1.6077664024783473,0.4121182747378269,-0.17705184712529268,0.4404444952740128,-0.2172961553953491,0.17562997215870182
1068,0.35574313731573537,1.8095528387385764,0.34838336521286406,-0.03732925251396707,-0.6049612021311706,0.600018526515212,0.7721120873658041
1069,0.5550852435346947,1.6878886734658698,0.41138933282229107,-0.40171360515738647,-0.3583340716514995,0.31373591417470553,0.5543243299491781
1070,1.1753832632373076,1.4471924104552192,-0.33299479814331834,0.731789998107579,0.8333879611075099,1.1991506859694807,0.6879381009633672
1071,1.3354391589812264,1.204082509838412,-0.3950796717708162,0.740940071492603,0.8095801419162769,0.8290255911129032,0.7911049049269845
1072,1.3071596190942532,1.3917164501994526,-0.2732982875686443,1.1618536401645763,0.8780416635441688,2.1459560323023283,1.0026498820156107
1073,1.0062874179208134,0.3172218898566026,0.22083866146525752,-0.5541559553658375,0.41236161631470136,-0.8072816170691263,0.7111224964573719
1074,1.092815860635961,0.32410452200551615,0.3399191584661442,-1.8961753401531085,-0.35539006418407837,-2.022406860102715,1.0895012565774747
1075,0.9906194368670296,0.3438585023719726,-0.20846875519321825,-0.862291258446742,0.37634017737999703,1.4631610873269525,0.9048234838098891
1076,1.0883125539638676,0.3421229082249377,-0.3389208938455378,-0.5472627834571698,0.137694519128636,0.5120448879699261,0.6914515389317694
1077,1.093084380860676,1.4623428750847323,0.3600791962003446,1.2336137115804036,1.416546977486198,-1.6885362328851237,0.8781674606749118
1078,1.2244493185457248,1.2640372884047817,0.420991482036698,1.4906545846045605,2.1247440258107573,-1.62332167612854,0.9599284748727381
1079,-1.4719283438429678,1.0834466540874352,-0.36820691563354324,-2.699721840649757,1.8580113825533582,2.8428380102895447,1.5186684499871377
1080,-1.5676341434826653,0.9599694076981882,0.35336089904439005,-1.4127236549786069,0.759238955982898,-1.5577762994504747,1.1271598572610668
1081,-1.3883423306161702,1.0973217397292307,0.41581242339304614,-0.7089161532310191,0.6343592281745767,-0.6250888868131197,0.7539099141931156
1082,0.16629208018187303,-1.9131188230294562,-0.2574624649095017,-0.2631439384730264,-0.36512597651347345,0.5538328708880439,0.6966443295007265
1083,-1.214239489465037,-1.3791659990030185,0.3543070672368142,1.520264476674282,1.7015620701742096,2.2135256877178517,1.145920382621043
1084,-0.7170519168263316,-1.6619751855352478,0.3857707026740313,0.014741975918784067,0.3490456628855965,0.2635271056219208,0.16513627427466088
1085,-0.8315176130677097,-1.7334255759689896,0.2545456101919986,0.8008180340985888,0.19717244100960934,0.8743667906488402,0.2672922290154198
1086,1.2205254872336184,1.5043030004058942,-0.22773517188153897,1.010148712701167,0.6856055533894719,2.26569046424046,0.7875998133025285
1087,0.927841034300639,-1.633293074859304,-0.3157964943989705,-0.8446129786480454,0.7734328259557006,-1.3113692279363214,0.33427238774099377
1088,0.6166852568523938,-1.680748469159739,-0.3992727889496128,0.21138559497665627,-0.08343554176531805,0.11063008301061639,0.4213562933898524
1089,0.8223468830049387,-1.723285070213603,-0.27327243512853566,-0.7746485604925246,0.2724173265558626,-0.8420723646637588,0.23558001364766695
1090,0.8487499885880774,-1.6437826420543105,0.34239392663597024,-0.08301660250536591,0.08461377306414782,0.11522356832926448,0.06606221620477762
1091,0.9759179148996594,-1.4469125054404117,0.42989720512168755,0.6277538277858736,-0.06529420498110416,-0.2334942147147824,0.2565170942415773
1092,0.7388547243417353,-1.6129074046577776,0.41241898783153885,0.7546522253867471,-0.6815286871698087,-0.6248960770595243,0.44143104837975417
1093,1.4825081282539494,1.0125116729632928,-0.39750853941521214,1.049093168540883,0.6850402030863972,0.9368319302987447,0.9374607929812863
1094,1.6514795735424945,0.9547918647311507,-0.2762069845541808,1.4586374368781065,0.9078423045166848,2.4638494052783453,1.3500662168777209
1095,1.4150158034734877,-1.2307832474947724,-0.32058056674138274,-2.005879126710046,1.549716199080786,-3.009747991182789,1.3925817191929517
1096,-1.766511878493605,-0.5157983153959285,-0.35071057738351863,0.8335611509218055,0.11778361270899951,-0.8160271857399395,0.7520392511524544
1097,1.5764082720358332,-0.9848959394248682,0.33667655705694877,-1.479996101705029,0.8535484223912342,1.8480166974812886,1.1789894038503121
1098,1.6321679480790208,-0.8593497554329546,0.3471386213367145,-1.4029970172051902,0.6380838671651277,1.5237913186503687,1.1630223268739188
1099,1.522166349026034,-0.8856491879708766,0.42089459734092216,-0.8749591548221886,0.31699536259087757,0.5735523081696621,0.7959135989245829
1100,1.3976315894631082,-1.0889220094407555,0.41459402120443306,-0.709715589237586,0.659830725109845,0.6326344671129973,0.7899382655505338
1101,1.394744558919362,-0.9503342512572491,0.4548756306265779,-0.09152273283058049,0.0852988611563402,0.04789672866663762,0.5638290217133023
1102,1.6259846375926064,-0.3731382059754388,0.46293069941549214,0.2987398528010987,-0.9330343028750387,-0.18511853334095596,0.45139862505303086
1103,1.4928579305768586,-0.36573337381907206,0.49470531587070943,0.23223480757797454,-1.1538347496187997,-0.03536241277325157,0.4885231469175346
1104,1.7981982579057838,-0.4793081761223726,0.3309749484878166,-0.8181479415479204,0.2570534389626813,0.9241300941314236,0.7388146073222519
1105,1.631691515924869,-0.6219362077357262,0.4293790665284395,-0.5443689475700949,-0.24056441162612197,0.24287523318164772,0.6308148848848716
1106,1.5619341435188314,-0.49335173665481746,0.47043427092209683,0.0897189505190103,-0.9048871623970833,-0.10700027117031438,0.3368517932319388
1107,1.6513294121806092,0.3520911594830744,-0.4536883416301632,-0.30489057436869343,-0.8532038203081879,-0.20984344461117654,0.4608646803664651
1108,1.5026135117391428,0.3425222857475331,-0.49323609223569675,-0.24991138219874143,-1.177508926669618,-0.04737444991703986,0.5139581308673405
1109,1.6392684310069747,0.3643943033564016,0.4598188338121636,2.4849385311471024,-0.36084581504754576,-0.93070952418101,0.8282139581685906
1110,1.5211482543202282,0.37186381718143047,0.4921658694667966,0.9300640130464791,-0.8122893079319592,-0.09420491347210072,0.5191668944984881
1111,1.7566772795587433,0.594772344098758,0.3383269711284532,2.4831448391452864,0.6546408635701695,-2.6892561881260812,1.4162372729181651
1112,1.8031931085770128,0.47052091269166607,0.32784369005678304,2.060496370635557,0.5528528621630462,-2.334494662873629,1.2222437622513005
1113,1.6581052275006027,0.6084644513707334,0.41817931737672365,3.2175398942122686,0.746510154672804,-2.106749497770456,1.31259626188042
1114,1.589093214812492,0.49470609573554414,0.46494421265141406,2.393321653798572,0.05921803872124162,-0.8079626147267813,0.9810390280291017
1115,1.5612581824278362,-0.3642913316817151,-0.48436155897767785,-1.4505762530828683,-0.627401911937375,-0.25162696398287376,0.7267965617718237
1116,1.6786344811984313,-0.3489597634959924,-0.44152462529289593,-2.641319702792649,-0.3151490753879014,-1.2303092031380438,0.9524927646584553
1117,1.5001772503829298,1.110398015918498,0.3290963290190302,2.3938939455227386,1.468546313895057,-3.1284786896663768,1.551872471767459
1118,1.422434769535978,1.2172620532297218,0.32409161256268887,2.0643329245694293,1.5512605125967425,-2.9995249333229665,1.4395237125557898
1119,-0.3454385721978446,1.8378408152890269,0.32585113040533714,0.15269664798691301,-0.7016294645165595,0.8176259435876446,0.7879645747965179
1120,-0.21511577397773202,1.8645527844405778,0.31963641542719823,0.12413578080953458,-0.7217302711577369,0.8744649067234571,0.90809074253604
1121,-0.4830295222040586,-1.7838096472454876,-0.3448278079204272,-0.25983844683253987,-0.6811235847163336,0.7355356600370094,0.7023578381001104
1122,-0.6200560142202203,-1.7507128868312343,-0.3373404752639534,-0.16847125848728406,-0.33665669403720083,0.3990356398088899,0.47682082592790276
1123,-0.7392666859270486,1.6982696973279539,0.3419800179968523,0.03496575450084384,-0.10479007654191953,0.11467980827323931,0.3193975188643144
1124,-1.2312948498198004,1.3881499351135689,0.3379339060318856,-0.8098853037726336,0.9125440273421432,-1.285209052782662,0.7889427915275856
1125,-1.0547144867031801,1.2234464063565085,0.4726962051953465,1.1328139222321445,-0.20293651873290908,0.20454704882311622,0.491606411260951
1126,-1.2405195000647602,1.272605771543895,0.4113178866581557,-0.30313814527461075,0.6849843615251614,-0.4774045931783075,0.555654401037169
1127,-1.3282039259839384,1.310453744350271,0.32961720308934067,-1.0860789234351094,1.014165314022887,-1.6715271829208653,0.9471399671187297
1128,1.211099539609318,-1.3952443560774883,0.34504087489276536,-0.722911583465434,0.875048735958053,1.148325029702832,0.7280340928323392
1129,1.315652836250004,-1.303162680150294,0.3418641829275137,-1.0116195535899613,0.9824127417903206,1.4644096266642739,0.9148594105151509
1130,1.8485173767220613,0.5705724564419293,0.23571090094525965,0.9004381249632314,0.6377598330326244,-1.923017246668345,0.9009479016589007
1131,1.712793392141151,0.7183713873507982,0.3372970677414726,2.524217313325459,1.0348346317808081,-2.927063041651296,1.5799960782851712
1132,0.9644805171957691,1.6694123322383787,0.24682532128482765,0.9591442343791923,0.29939382870798575,-1.2850891764587409,0.4217981214933255
1133,0.7510462367743911,1.708976528586738,0.3293853186943518,0.4481798677755282,0.40143582574845393,-0.624778023597673,0.1143000154567023
1134,1.1170661806808833,-1.4719337753761632,-0.3451775808687647,-1.3382654138055545,1.3687415528673188,-1.9319115353497307,0.8470648935585351
1135,0.9588365485991951,-1.6927543766481095,-0.2141648161387329,-0.8978448095075938,0.07853563994467655,-1.0763601680378379,0.44813485503488976
1136,-1.1975416428694678,-1.5123209781587597,-0.2444955075217693,1.0316826688419398,0.6825166106853902,-2.0535159828999667,0.7855875410463027
1137,-0.9909392586315133,-1.5852184264067546,-0.3268336310147783,0.466139215271222,0.5056049714920803,-0.778949562015278,0.22355618922941353
1138,-1.2889480812046754,-1.3368370520567594,-0.33783090159299217,0.9493030674812083,0.9932003343408286,-1.4861089520496094,0.8555640971172712
1139,-0.15194725136601261,1.757800599777565,-0.41673799152460617,0.2136136896750629,-1.6951295533053332,-1.093729518669429,1.0331750434812468
1140,0.10979209441917673,1.771612998043996,-0.41060084039895306,-0.2225950471880601,-1.8283757371232667,-1.258704371534229,1.1196275471036876
1141,0.10296407162822956,1.6666267610829153,-0.46596552141627123,-0.23543265604226904,-2.5595723043277525,-0.9170758669886996,0.9618050912872296
1142,-0.4024699913320336,1.707817414493055,-0.4221225663647231,0.5551938985152363,-1.0506396668650086,-0.7029612724789134,0.7881121400664456
1143,-0.2928333703406981,1.8772022667558401,-0.28630612941270966,-0.26115563769130823,-0.451939094993651,-0.549174775503198,0.6282528174312165
1144,0.3990990115071275,1.8371183617816322,-0.3136810750589817,-0.06995740547933732,-0.516165274363958,-0.6350838730162962,0.7381060093816598
1145,0.26965816769991713,1.8857399952441076,-0.2794155694217654,-0.04256587310268187,-0.47485146919859555,-0.6697109841558564,0.6371200370854959
1146,0.35774015247811863,1.7665611001331276,-0.3934810156489262,-0.4786957766529132,-1.393928517756459,-1.1362162451764932,0.9371505022115889
1147,0.22751201863334897,1.7230999443309591,-0.4326762099166297,-0.4968359841644673,-2.102654947129737,-1.1864596550013322,1.0722944899298195
1148,0.7352243131421736,-1.717410065345086,0.327897763472897,-0.08655131467416252,-0.02898659618571512,0.01028735602759982,0.2974832431121557
1149,-1.8117957987439426,0.4675330989143425,0.3251550820909628,-0.819716553511689,0.25219500925118177,-0.9903493951390615,0.7269478381592371
1150,-1.8357871834523491,0.34085837362410176,0.32842586336399143,-0.45539116912201333,0.14077937535966478,-0.5327118126425592,0.48320053824784726
1151,0.41477513040109004,1.900618992545259,-0.21479755429722738,0.2288800791146468,-0.04857534968155186,0.00595561065277319,0.4391703243588791
1152,0.5077437622496145,1.7794502384902295,-0.3458270230754076,-0.21699065156009278,-0.5096775289593592,-0.5971288500531386,0.8202964073665182
1153,0.19046816949443235,-1.8347095681839543,0.3470463007116206,0.23997255755219238,-1.0780082198326357,-1.0763492855398438,0.9659825018241035
1154,0.3430076352220677,-1.834133973735861,0.33063582752279996,0.23905446301128364,-0.7137097277432416,-0.8347026899635512,0.8309876024615804
1155,-0.33823179261582004,-1.8389281085454368,0.3260305858947771,0.1453617001113147,-0.5214685188705209,-0.5525471181513879,0.7352520701585747
1156,-0.21164397254479078,-1.8665757942189583,0.31821064191798965,0.14276276623910883,-0.62549479072095,-0.728591350119032,0.8476290232501987
1157,-0.8766565903997382,1.6327381232226654,-0.33970037352577126,-0.7102952068391727,0.7210796224629803,1.013287482451713,0.2724882247512571
1158,-0.78023068590657,1.695131227114078,-0.33001517060538765,-0.4856236971403679,0.4757635174445672,0.7243623513634748,0.10168838114933741
1159,-0.9986815331501551,1.4461297585210338,-0.42231880345713535,-0.5010272409872432,1.387701810507514,0.8530245435332062,0.5669957515859165
1160,-0.7987965848508685,1.4456034830377207,-0.468207854679007,0.9969451202392536,0.2607331652629936,-0.09294687979649466,0.5111703187459398
1161,-0.8027688172100175,1.5811450637805398,-0.4136445173642404,0.0842164253432679,0.6320046088657778,0.3471678211889149,0.1809436187569688
1162,-1.21991928624384,1.4015944823249378,-0.33652002153427946,-1.5216900316032005,1.5279094092813004,2.2984354596660603,1.1387567039245712
1163,-1.33571568588413,1.2949729114374684,-0.3345367606455776,-1.9863214056031895,1.5785078513495734,2.72997347779928,1.313182558918549
1164,-1.8111936423906254,-0.251441402266651,0.3582791246801378,1.852277474612953,0.10949412223238864,1.688093783922936,0.9348800546059992
1165,-1.844640026674647,-0.09107020364549596,0.346646966890803,1.162490969717353,-0.17159269653095566,1.167546307125461,0.5121447994694811
1166,-1.926793289948114,0.28153090669242214,-0.21152098548920217,-0.19171427463771984,0.6323961336496284,0.6058137552469125,0.5228541746679963
1167,-1.7026623326337225,-0.7910048059800887,0.3170874592784031,2.4157919954878,0.9825723825962455,3.1168452748792883,1.460817442367427
1168,-1.5839449424849854,-0.9775109876250863,0.33501014884517577,2.5125268342048583,1.4826746749694513,3.197774103545708,1.6264375057286933
1169,-1.762323841725282,-0.8218086926649777,0.2168253161410395,0.9252245882916168,0.5558667955987067,2.203841993630764,1.0700492635841559
1170,-1.6241892588399822,-0.8708665779577824,0.35234784703260036,2.7424574827283115,1.2369328598360314,3.0748282338966653,1.7222732930317768
1171,-0.6054050788936132,1.4992037655157453,-0.48036681066985115,1.5051051235851423,-0.7752736328475885,-0.3068065316402258,0.6274559882602452
1172,-0.6221353927815876,1.6312080640558595,-0.42879264635419556,0.615712872267902,-0.19416608373459432,-0.22835491883162246,0.44035499450587073
1173,-1.6958476785543581,-0.500746883671932,0.41421083461992253,3.061260785642404,0.38825930825991706,1.9964789166034667,1.2184364815892448
1174,-1.7264611000764964,-0.17470368388662894,0.4345723159443194,2.142433721607312,-0.563144282549064,1.1477044080302299,0.7637504663018884
1175,-1.575161728507765,-0.4765677954571494,0.47266611190396257,2.225112894215706,-0.13565060596372525,0.6497358222792824,0.7994440396255411
1176,-1.603775825783427,-0.6118383961716799,0.44072232141944095,2.9184611492917654,0.6045852247560235,1.4396805058727375,1.3229283869163735
1177,-1.777795942351504,-0.6825979271183137,0.2804578503411397,1.7470771424463674,0.7804047096042899,2.685291671021632,1.2562161989069904
1178,-1.632160771134971,-0.7351880836107794,0.4017706408295012,3.2714006835366654,1.1681588761674153,2.516980868676367,1.4326161145521146
1179,0.8616337529785585,0.5238815662405063,0.0014348140634209052,0.22309442428367904,-0.35121610715733714,1.4757253781931894,0.3174712632508384
1180,0.8917183868372234,0.5011311329871423,0.14699657483616554,0.13624496592056953,-0.19468302939410836,0.0729072910545538,0.37970763612632613
1181,-1.5004577242861141,0.14900035420422336,0.4931931244439929,0.03293757919326423,-1.4048104871607408,0.016284341022090757,0.5496225698326201
1182,-0.5287475394293161,-1.6782430833443596,-0.42139986089887305,-0.8314455453016126,-1.4240557191933132,0.9882151134698577,0.7729693275117229
1183,-0.30698546490454226,-1.6144271637705583,-0.47171526480455783,-0.8308461454888884,-2.352498941473527,0.7841170716184253,0.943484369897927
1184,-1.3363705871938407,-0.5877662255726714,0.48785434535624445,-1.2503006512236428,-0.8724464521328444,0.12967631700703677,0.4563945795235346
1185,1.6613713910246306,-0.47349820704557305,-0.43644225312193535,-2.8887224764647894,0.2719518532888823,-1.4812296545923804,1.1856460246528129
1186,1.206922213019935,-1.273938298403027,0.42460421619052696,-0.05338061987186238,0.5132399854187135,0.2477266640862,0.47373869672727315
1187,1.3580212486963967,0.5320103470373404,0.492635442622745,-1.081320423688016,-1.0129218120112584,-0.11012943028266461,0.4910801004937311
1188,1.178857583704234,0.474380605993617,0.43920402579190304,-3.034188238432799,-1.3299578052413008,-1.6769799258269567,1.3271133888012197
1189,-0.3291049809582083,1.4695813774471898,0.49398458997074646,0.9004532477071283,-1.4238636003446405,-0.024990560758942473,0.7014469232050545
1190,-0.2116561821721802,-1.437774162472962,-0.4928207062701756,-0.5719412219983424,-0.9210179843345757,-0.10504284966430578,0.3106837083668572
1191,-0.2789048537219732,-1.26782740830798,-0.45400620703208744,-0.30263575001639265,1.4059140497250273,0.575347883522901,0.7924913056520938
1192,1.8206383715127932,0.45831358820864043,-0.3142757609436965,0.8111368092540062,0.33343755978634704,1.0456181602904513,0.7428756787151386
1193,1.5750046293307107,0.45629534024891905,-0.46626342975554824,-0.0761963997858624,-0.9664193540090996,-0.10381215985972275,0.30979325461409635
1194,0.38753757972631653,-1.8062673277977286,-0.3445725956076017,-0.008066787427639,-0.5285690196868217,0.5244267744033464,0.7119340390446292
1195,1.0166068345744566,0.4387073110666291,-0.28738158504503586,-0.8537877340051662,0.05563493535664156,1.0591835164986947,0.882027233647645
1196,0.920943775461095,0.4178399288893614,0.02097322226059417,-0.09434092350183829,0.2958113902049637,1.3617474480203142,0.3871248860594687
1197,1.9210732155460648,-0.31990637086839624,0.21250261549117705,-0.6016514422480177,0.7531191059965445,1.5306458007986212,0.6731762996591464
1198,1.5021826176788564,-0.6084405525340808,0.4755749473923655,0.09014642055854802,-0.5927233473489568,-0.0835824812634367,0.37362969161095044
1199,1.4250999454241944,-0.820446332409396,0.4713522293296954,0.06403773420846104,-0.2681400706746611,-0.055711529088934994,0.3638131185277709
1200,0.257473407181101,-1.7516055193516433,0.4142915748905464,0.4452779893085214,-1.8162322367993775,-1.2322845679990464,1.0521690413438787
1201,-0.03807881112559067,-1.7806896825328797,0.4077615732706268,-0.015249647858857629,-1.7040628002025682,-1.1839013904010285,1.1134497787491322
1202,1.922057288577516,0.32478703859495095,0.20975135538151118,0.22796516493442354,0.6437992876933171,-0.7248839307403229,0.5609514244190282
1203,1.9262709364024015,0.3120137443234722,-0.20543713834899893,0.5857191187693788,0.7884220341551096,1.5598190772002787,0.6644934170415334
1204,1.2968306121269082,-1.0394518078388153,0.46482438680034993,0.32174322169812614,0.11778578355223414,-0.06118011777630332,0.35335420576224497
1205,1.9232913726187726,-0.33248744644532635,-0.20385256141999852,-0.19191682143113475,0.6717850939816973,-0.6820969348226715,0.5360016580921197
1206,1.8262024294553336,-0.4604549657499124,-0.31051574663800274,-1.6354374509889953,0.47317899380713146,-2.2093215169596108,1.2393777966999027
1207,1.8644334371557285,-0.6052267881441523,-0.18349234942566914,-0.33047493272183726,0.5934631667412422,-1.2438368446691679,0.6708553814132899
1208,-1.7728108545518304,0.12471879711307853,0.4112985667227476,0.8815914707571554,-0.6582528725371695,0.6322797857132256,0.2460278259616824
1209,-1.681291076243327,0.06492891194799288,0.45972067766041813,1.3049045185495736,-1.064034230041846,0.532007779567643,0.4965909559027333
1210,-0.7896465677479932,-1.6073564919945547,-0.40190630335150285,-0.5613606428760392,-0.40206722732524214,0.44227224847165525,0.35280386876416686
1211,-0.5070881809447174,1.7088824911562155,0.4077133712595037,0.7087673603959206,-1.291390543744258,1.0019635059356462,0.7718053541745783
1212,-0.26235805894039893,1.7846801924346667,0.39244857795686383,0.4016105749194221,-1.5206813471072171,1.211924596000627,0.9912463887492711
1213,-0.38659509584612833,1.6540279513579421,0.45158490972012993,0.9635731641016217,-2.081632238930124,0.9955694253743886,0.9478614509553982
1214,-0.4998969716129389,1.6065821591813028,0.45840550805577474,1.1203914974129354,-1.9009949352351636,0.8687818230856069,0.8739526192657306
1215,-0.693689702626169,1.0733465346095157,-0.44313533444903525,1.6441512899351902,-0.598691979349903,0.6824363473719892,0.6354583265061495
1216,1.5467237087505754,0.875884521842156,0.41037505768088983,3.151304738161348,1.5752724290822233,-2.403562226422166,1.4552213661268285
1217,1.5482728213443466,0.6219850094123616,0.4624543552922804,2.523531243749413,0.4496412850392322,-0.9194616864945189,0.9859285980835675
1218,-0.49719847195215217,-1.699911038136663,0.4148293551670434,-0.48829990510092736,-0.6491450779211408,-0.49866345315854776,0.6009353280631694
1219,-0.26087378016972707,-1.7860566666704547,0.39160182251202025,-0.21254494767334167,-1.17808230120809,-0.931619126840866,0.886548431913195
1220,1.2732362867028741,0.43864169408998066,-0.4647635578229631,-0.21297697112886,-0.6349761193430233,0.13288226232708128,0.44934327338924646
1221,-1.2318370440990853,1.283981391489361,-0.40952864098770525,-1.7013064810322307,2.0291187266543944,1.8492173392523898,1.0031458178080073
1222,1.2352558602987382,-1.2910180627653385,-0.4040782809445896,-1.7274566471269748,2.0114862683371895,-1.8746162041942653,1.0640089947037865
1223,-0.5198651952895331,-1.3036299096549393,0.48097104514584477,-1.5860072230127105,-0.488605286266273,0.24156801016603552,0.8177231690454332
1224,-1.526784852969234,-0.7078828665487582,0.45935297550469123,2.676658207767211,0.7515669545644881,1.0991876500585063,1.0523570164650407
1225,0.23986153550620198,1.520807567681791,-0.4932683186515967,-0.7363535749467922,-2.080007243399459,-0.20205253060899164,0.5403042624245108
1226,-1.529478512189205,-0.8999018194916668,0.413721013960484,3.090786847893684,1.6556823988551272,2.3489147214066266,1.4435836784794926
1227,-1.1905485653437777,-1.1964140328489845,-0.4572211919699197,-0.471455164433522,0.1641786202660031,0.0872427061465943,0.3671023734598662
1228,0.5332351186095422,-1.7180053291995265,0.39575478205583375,0.5839436591741848,-1.1079393015376993,-0.9058866375157802,0.7247022154335045
1229,1.030431850310813,0.40275516660056215,0.29150679760364473,-1.2247029478413272,-0.3511134641022966,-1.7638233262883194,1.2226419845703993
1230,1.4005809127203364,1.1242599577065477,0.3984634220948167,2.5370788654901437,2.0097719297960346,-2.422249382235581,1.3789520113453508
1231,-0.6834746277440565,1.2754170954208797,-0.49196060630116745,2.20947577468306,-0.6950299015052352,0.17012366411055932,0.7143871286289114
1232,-0.7133927189372161,1.5250398057275714,-0.45498804526683423,0.9181748568662902,-0.04488939761046715,-0.17123020775660214,0.47030459592785606
1233,-1.7549769396990427,0.38371951585707686,0.3984227955229732,-0.20208453663014214,-0.3777527491001636,-0.08854327912319788,0.40696980279334705
1234,-1.6882687237205627,0.194800788913762,0.4520121738748972,0.756191109118973,-0.9992146614714206,0.38860584304551193,0.42713757999889734
1235,0.34117790396548153,1.6764627500542257,-0.4479201907627072,-0.7696799220025454,-2.1334860256453383,-1.0614564062934049,0.9977785497880338
1236,-0.6154540195555429,-1.5170794847294435,0.4726596352200928,-1.4167642169385712,-0.6335835472200648,-0.33404878700983975,0.5670095336262371
