$MeshFormat
4.1 0 8
$EndMeshFormat
$PhysicalNames
1
2 1 "dual_barycentric"
$EndPhysicalNames
$Entities
0 0 1 0
1 -2 -2 -0.5 2 2 0.5 1 1 0 
$EndEntities
$Nodes
1 1386 1 1386
2 1 0 1386
1
2
3
4
5
6
7
8
9
10
11
12
13
14
15
16
17
18
19
20
21
22
23
24
25
26
27
28
29
30
31
32
33
34
35
36
37
38
39
40
41
42
43
44
45
46
47
48
49
50
51
52
53
54
55
56
57
58
59
60
61
62
63
64
65
66
67
68
69
70
71
72
73
74
75
76
77
78
79
80
81
82
83
84
85
86
87
88
89
90
91
92
93
94
95
96
97
98
99
100
101
102
103
104
105
106
107
108
109
110
111
112
113
114
115
116
117
118
119
120
121
122
123
124
125
126
127
128
129
130
131
132
133
134
135
136
137
138
139
140
141
142
143
144
145
146
147
148
149
150
151
152
153
154
155
156
157
158
159
160
161
162
163
164
165
166
167
168
169
170
171
172
173
174
175
176
177
178
179
180
181
182
183
184
185
186
187
188
189
190
191
192
193
194
195
196
197
198
199
200
201
202
203
204
205
206
207
208
209
210
211
212
213
214
215
216
217
218
219
220
221
222
223
224
225
226
227
228
229
230
231
232
233
234
235
236
237
238
239
240
241
242
243
244
245
246
247
248
249
250
251
252
253
254
255
256
257
258
259
260
261
262
263
264
265
266
267
268
269
270
271
272
273
274
275
276
277
278
279
280
281
282
283
284
285
286
287
288
289
290
291
292
293
294
295
296
297
298
299
300
301
302
303
304
305
306
307
308
309
310
311
312
313
314
315
316
317
318
319
320
321
322
323
324
325
326
327
328
329
330
331
332
333
334
335
336
337
338
339
340
341
342
343
344
345
346
347
348
349
350
351
352
353
354
355
356
357
358
359
360
361
362
363
364
365
366
367
368
369
370
371
372
373
374
375
376
377
378
379
380
381
382
383
384
385
386
387
388
389
390
391
392
393
394
395
396
397
398
399
400
401
402
403
404
405
406
407
408
409
410
411
412
413
414
415
416
417
418
419
420
421
422
423
424
425
426
427
428
429
430
431
432
433
434
435
436
437
438
439
440
441
442
443
444
445
446
447
448
449
450
451
452
453
454
455
456
457
458
459
460
461
462
463
464
465
466
467
468
469
470
471
472
473
474
475
476
477
478
479
480
481
482
483
484
485
486
487
488
489
490
491
492
493
494
495
496
497
498
499
500
501
502
503
504
505
506
507
508
509
510
511
512
513
514
515
516
517
518
519
520
521
522
523
524
525
526
527
528
529
530
531
532
533
534
535
536
537
538
539
540
541
542
543
544
545
546
547
548
549
550
551
552
553
554
555
556
557
558
559
560
561
562
563
564
565
566
567
568
569
570
571
572
573
574
575
576
577
578
579
580
581
582
583
584
585
586
587
588
589
590
591
592
593
594
595
596
597
598
599
600
601
602
603
604
605
606
607
608
609
610
611
612
613
614
615
616
617
618
619
620
621
622
623
624
625
626
627
628
629
630
631
632
633
634
635
636
637
638
639
640
641
642
643
644
645
646
647
648
649
650
651
652
653
654
655
656
657
658
659
660
661
662
663
664
665
666
667
668
669
670
671
672
673
674
675
676
677
678
679
680
681
682
683
684
685
686
687
688
689
690
691
692
693
694
695
696
697
698
699
700
701
702
703
704
705
706
707
708
709
710
711
712
713
714
715
716
717
718
719
720
721
722
723
724
725
726
727
728
729
730
731
732
733
734
735
736
737
738
739
740
741
742
743
744
745
746
747
748
749
750
751
752
753
754
755
756
757
758
759
760
761
762
763
764
765
766
767
768
769
770
771
772
773
774
775
776
777
778
779
780
781
782
783
784
785
786
787
788
789
790
791
792
793
794
795
796
797
798
799
800
801
802
803
804
805
806
807
808
809
810
811
812
813
814
815
816
817
818
819
820
821
822
823
824
825
826
827
828
829
830
831
832
833
834
835
836
837
838
839
840
841
842
843
844
845
846
847
848
849
850
851
852
853
854
855
856
857
858
859
860
861
862
863
864
865
866
867
868
869
870
871
872
873
874
875
876
877
878
879
880
881
882
883
884
885
886
887
888
889
890
891
892
893
894
895
896
897
898
899
900
901
902
903
904
905
906
907
908
909
910
911
912
913
914
915
916
917
918
919
920
921
922
923
924
925
926
927
928
929
930
931
932
933
934
935
936
937
938
939
940
941
942
943
944
945
946
947
948
949
950
951
952
953
954
955
956
957
958
959
960
961
962
963
964
965
966
967
968
969
970
971
972
973
974
975
976
977
978
979
980
981
982
983
984
985
986
987
988
989
990
991
992
993
994
995
996
997
998
999
1000
1001
1002
1003
1004
1005
1006
1007
1008
1009
1010
1011
1012
1013
1014
1015
1016
1017
1018
1019
1020
1021
1022
1023
1024
1025
1026
1027
1028
1029
1030
1031
1032
1033
1034
1035
1036
1037
1038
1039
1040
1041
1042
1043
1044
1045
1046
1047
1048
1049
1050
1051
1052
1053
1054
1055
1056
1057
1058
1059
1060
1061
1062
1063
1064
1065
1066
1067
1068
1069
1070
1071
1072
1073
1074
1075
1076
1077
1078
1079
1080
1081
1082
1083
1084
1085
1086
1087
1088
1089
1090
1091
1092
1093
1094
1095
1096
1097
1098
1099
1100
1101
1102
1103
1104
1105
1106
1107
1108
1109
1110
1111
1112
1113
1114
1115
1116
1117
1118
1119
1120
1121
1122
1123
1124
1125
1126
1127
1128
1129
1130
1131
1132
1133
1134
1135
1136
1137
1138
1139
1140
1141
1142
1143
1144
1145
1146
1147
1148
1149
1150
1151
1152
1153
1154
1155
1156
1157
1158
1159
1160
1161
1162
1163
1164
1165
1166
1167
1168
1169
1170
1171
1172
1173
1174
1175
1176
1177
1178
1179
1180
1181
1182
1183
1184
1185
1186
1187
1188
1189
1190
1191
1192
1193
1194
1195
1196
1197
1198
1199
1200
1201
1202
1203
1204
1205
1206
1207
1208
1209
1210
1211
1212
1213
1214
1215
1216
1217
1218
1219
1220
1221
1222
1223
1224
1225
1226
1227
1228
1229
1230
1231
1232
1233
1234
1235
1236
1237
1238
1239
1240
1241
1242
1243
1244
1245
1246
1247
1248
1249
1250
1251
1252
1253
1254
1255
1256
1257
1258
1259
1260
1261
1262
1263
1264
1265
1266
1267
1268
1269
1270
1271
1272
1273
1274
1275
1276
1277
1278
1279
1280
1281
1282
1283
1284
1285
1286
1287
1288
1289
1290
1291
1292
1293
1294
1295
1296
1297
1298
1299
1300
1301
1302
1303
1304
1305
1306
1307
1308
1309
1310
1311
1312
1313
1314
1315
1316
1317
1318
1319
1320
1321
1322
1323
1324
1325
1326
1327
1328
1329
1330
1331
1332
1333
1334
1335
1336
1337
1338
1339
1340
1341
1342
1343
1344
1345
1346
1347
1348
1349
1350
1351
1352
1353
1354
1355
1356
1357
1358
1359
1360
1361
1362
1363
1364
1365
1366
1367
1368
1369
1370
1371
1372
1373
1374
1375
1376
1377
1378
1379
1380
1381
1382
1383
1384
1385
1386
2 -4.898587196589413e-16 -1.224646799147353e-16
1.961570560806461 0.3901806440322556 -1.224646799147353e-16
1.847759065022574 0.7653668647301777 -1.224646799147353e-16
1.662939224605092 1.111140466039202 -1.224646799147353e-16
1.414213562373098 1.414213562373092 -1.224646799147353e-16
1.111140466039208 1.662939224605088 -1.224646799147353e-16
0.7653668647301846 1.847759065022571 -1.224646799147353e-16
0.3901806440322627 1.96157056080646 -1.224646799147353e-16
6.783802827665674e-15 2 -1.224646799147353e-16
-0.3901806440322481 1.961570560806463 -1.224646799147353e-16
-0.7653668647301703 1.847759065022577 -1.224646799147353e-16
-1.111140466039196 1.662939224605096 -1.224646799147353e-16
-1.414213562373087 1.414213562373103 -1.224646799147353e-16
-1.662939224605084 1.111140466039215 -1.224646799147353e-16
-1.847759065022569 0.7653668647301912 -1.224646799147353e-16
-1.961570560806458 0.3901806440322694 -1.224646799147353e-16
-2 1.445578407503147e-14 -1.224646799147353e-16
-1.961570560806464 -0.3901806440322402 -1.224646799147353e-16
-1.84775906502258 -0.7653668647301645 -1.224646799147353e-16
-1.662939224605098 -1.111140466039193 -1.224646799147353e-16
-1.414213562373104 -1.414213562373086 -1.224646799147353e-16
-1.111140466039215 -1.662939224605084 -1.224646799147353e-16
-0.7653668647301889 -1.84775906502257 -1.224646799147353e-16
-0.390180644032266 -1.961570560806459 -1.224646799147353e-16
-9.249178236745458e-15 -2 -1.224646799147353e-16
0.3901806440322479 -1.961570560806463 -1.224646799147353e-16
0.7653668647301718 -1.847759065022577 -1.224646799147353e-16
1.111140466039201 -1.662939224605093 -1.224646799147353e-16
1.414213562373092 -1.414213562373098 -1.224646799147353e-16
1.662939224605088 -1.111140466039207 -1.224646799147353e-16
1.847759065022573 -0.7653668647301808 -1.224646799147353e-16
1.961570560806461 -0.3901806440322574 -1.224646799147353e-16
1.853553390593274 -4.539896453677554e-16 0.3535533905932731
1.500000000000002 -3.673940397442063e-16 0.5
1.146446609406728 -2.807984341206571e-16 0.3535533905932758
1 -2.449293598294706e-16 3.613946018757869e-15
1.146446609406724 -2.80798434120656e-16 -0.3535533905932715
1.499999999999998 -3.673940397442054e-16 -0.5
1.853553390593273 -4.539896453677551e-16 -0.3535533905932745
1.303267702758918 -0.3272853487409871 0.474953780156236
1.30326770275892 0.3272853487409871 0.4749537801562365
1.29841641604125 -0.3760065212986949 -0.4775207935172358
1.303267702758914 0.3272853487409889 -0.4749537801562348
0.9813598026833565 -0.3458892432801024 0.1972028777977682
0.9830820171509483 0.3304645747020427 0.1891020822294391
-1.873477106957983 -0.1845213894217975 0.3219651707192518
-0.5103115894329547 1.809824137179366 -0.3245003224407054
-0.1892453315530076 -1.903430297786486 -0.2821061683050584
0.839233183779634 -1.689528806677215 -0.3172231370113786
-1.191812187039811 -1.490823179210545 -0.2880968207238996
-1.430774171116634 1.218709792416257 -0.3255924329482444
0.546473114750643 1.801480432395306 -0.3219651707196788
1.194272040994748 -1.455224692463257 0.3219651707171248
1.194272040994756 1.455224692463252 0.3219651707171237
0.5464731147511301 1.801480432396913 0.3219651707176844
0.5464731147511163 -1.801480432396916 0.3219651707176855
1.21273420123431 1.429272519651084 -0.3313471260684879
-0.1845213894219506 -1.873477106959292 0.3219651707176854
-0.1845213894219341 1.873477106959295 0.3219651707176838
-1.660253875099393 -0.887424184746064 0.3219651707176855
-1.801480432396911 0.546473114751137 0.3219651707176845
-0.8751667784184907 1.646650091231666 0.3419672828672186
-1.657768203373328 -0.8939498429859856 -0.3208966837747136
-1.77860088761261 0.5794852488559009 -0.3356185450703398
-0.8613617986139094 -1.671209470516793 0.3248105690866483
-1.455224692462882 1.194272040994462 0.3219651707176845
-1.909475403437648 -0.1803705856433806 -0.2744021045516667
1.455224692461003 -1.194272040992911 -0.3219651707205802
1.067911450568448 0.6343685329750074 0.4283656361361965
0.7890915133784964 0.6635934206846085 0.1733971908524583
0.8134404896850993 0.9254872747263876 0.4222089527563964
0.5067543783372099 0.9035430201426452 0.186162607616901
1.067911450564629 -0.6343685329719218 0.428365636133271
1.801480432395704 -0.5464731147507581 0.3219651707191875
1.770893393239568 0.4207262671466203 0.3840331572710871
1.798983194424337 -0.5721939027134478 -0.3156261695476497
1.77089339323959 0.4207262671466184 -0.3840331572710696
0.6395835301984526 0.8045862496532074 -0.1644738269205407
0.2928803132389835 0.9743104360151441 -0.1306782908439085
0.1446537287817531 1.066953500936815 0.2661381727161866
-0.0903664034156212 1.001157096753941 -0.07210981214698611
-0.2484893200505051 1.05090771025376 0.2711167623754349
-0.4515879741741229 0.8922887015975276 0.007443661938032292
-0.6144079580113937 0.9590211690057103 0.3458996777215237
-0.7596111825416246 0.6731876936791807 0.1214852544843015
-0.7386147287908793 0.8080905516659556 -0.292922708892825
-0.9218989524818745 0.4453697014042884 -0.1525558388634414
0.1013122326226635 1.207419492410418 -0.4084868205681222
-1.007223209645691 0.3888820445660603 0.2708107630421834
-1.002798352001153 0.07024478706476914 -0.07230491065202731
-1.14682509779999 0.01941167643871138 0.3540953206441252
-0.9873509422289168 -0.2361942626791076 0.1223839416639814
-1.040378312545115 -0.2870067702037407 -0.270113660446228
-0.8464473910753191 -0.5505109558296324 -0.0981122665383198
-1.196063044797391 -0.366354422414913 0.4335383195884649
-0.3822831055526116 1.086285757027985 -0.35862200566323
-0.7647217369632229 1.12211522750684 -0.4793879124185621
1.482018457479736 0.6990950413743112 -0.4803970843089352
0.8741912561530695 0.5525132684011903 -0.1816330178090604
0.8967943488549304 0.8648811336760238 -0.4306178061196058
0.5389427745353784 1.08767170006444 -0.4100386145751374
0.4980167219728207 1.238485958242557 0.471943716634486
0.1197855854920099 1.373531054562725 0.4850743051971639
-0.2591430085415011 1.45826632697146 0.4996431546637139
-1.091503511715851 0.6420040576055326 -0.4420299543410122
-1.174517485110747 0.2855250519956103 -0.4063973606443564
1.64657444358249 0.8963933980637537 0.33098980317209
-1.097022519536776 -0.5867001842924169 -0.4295261419433183
-0.8354029328054295 -0.8941078345622627 -0.416692193677522
-0.5759232503139468 -0.8226308678771219 -0.06463869466973801
-0.5122182923313253 -1.076149853454377 -0.3937424897770448
-0.2322971225889449 -0.9823027989630284 -0.09647765232950407
-0.774973690027693 -0.7453848808137689 0.2638094914743703
-0.5049419577897306 -1.000549699454923 0.3258290001413199
-0.1244022049848664 -1.099167783367842 0.3080745254538654
0.1544852049663782 -0.9895780272403812 0.03951590002809872
0.1503836340870458 -1.124361983843489 -0.3410540505909164
0.4590111912603727 -0.9612997330477338 -0.2469919901599184
0.5312933119254766 -0.885274137336207 0.1772301556201828
0.6946662651070579 -0.7607365962266045 -0.1710964109368986
0.7541910167699568 -1.004655472932573 -0.4365554145541102
-0.90088208688942 -1.00738493277971 0.4774227054294005
-0.4181019877640275 -1.30290881035576 0.4823568941957018
0.4710475511932138 -1.267249221968634 -0.4775827813112968
0.1463071947044444 -1.492560234554128 -0.4999999181595913
-0.9609462488715728 0.7989200418115975 0.4328256687974495
-0.8590913886089262 1.247229145497836 0.4997905831321096
-1.270339397067194 0.5285328709547141 0.484355184625981
-1.247447539233926 1.045335862103425 0.4834627333452535
-1.503695403353065 0.1598149796126091 0.4998520093234475
-1.264592781975398 -0.923529386296014 -0.4956356752788061
-0.750387004642888 -1.241424679738388 -0.4975528179787796
-0.5196036665512107 -1.435427972882839 -0.4992930919938449
0.2646106475525846 -1.169564756776321 0.3993421734716759
0.6517602282401409 -1.118021237009625 0.4556490094735157
-0.2325452601554332 1.424832718000408 -0.4968184671474468
-1.357197784463827 -0.2994684996873125 -0.4877147979632739
1.021119040380939 -0.6944201594372467 -0.4239174251946883
0.1523949772362737 1.567672275972559 -0.4943335739468132
1.21127522658745 1.015438222892524 0.4934605647724382
0.4820728069993599 -1.646374892124643 -0.451175375045603
-0.07514982054160804 -1.402041362260928 0.4907080132767696
1.019772873308555 -0.2896053622832066 -0.2376685029349594
1.418351855520408 -0.7236581355175292 -0.4914078239394112
-0.8020574753362867 -1.558032361769071 -0.431642309752116
-0.1410615612994312 1.766410880510032 -0.4195203314967331
-1.177129178447229 1.376048406216072 0.3916354871246765
-1.436673067617609 0.4635035061195963 -0.4999080041533354
-1.477693942784897 0.118077440875488 -0.4996902854706777
0.8919981531553919 1.228224710473129 -0.4996774043356833
1.231669122222106 1.00897998569675 -0.4914286685730755
1.476010043298248 -0.6368787138801909 0.4882957989945731
1.231083121251398 -1.000708813765392 0.4924608273814076
0.2909564071431014 -1.547557913002124 0.4943926875762036
0.8891067199419102 1.637352428479184 -0.3436589193377338
-1.574919672809304 0.8551046111961991 0.4058142127270561
-1.117897371156225 1.027150949117198 -0.4996710168123447
-1.043466952152663 1.382892663696762 -0.4427069950407622
0.8072931062745355 -0.6526149042916238 0.1914106853316078
1.119453208340817 -1.066312652324949 -0.4978770478380411
1.682577953281356 -0.9035103007531123 -0.2864443352502795
-1.064718409382232 -0.7196217732925948 0.4514618318646179
-1.291807609352208 -1.013621332470387 0.4794093344332273
1.167192864124474 -1.46765302148946 -0.330501219115288
-0.6295194495468966 1.459394018804031 -0.4919465341438284
0.8891596521013132 1.29003852562448 0.4955201616334455
1.458748492028674 1.210328045248508 0.3059350520903779
1.661170269310823 -0.9080580908225099 0.308909256875101
1.478378883391209 1.170316705620966 -0.318374204982857
0.8926814898393004 1.661867220852437 0.3172673786295991
0.9024842181885484 -1.666842336884778 0.305935052090413
0.1724133009687541 1.893847836080708 -0.2977471361784168
0.189143942505681 1.882116439388734 0.3108892047604406
0.1834827589396138 -1.881053349485179 0.312913620566823
-1.806926525098343 -0.5417458015652263 0.3173354617089659
-1.867875111866568 0.2237686021586399 0.323516577963313
0.1804726567428829 -1.880300781072223 -0.31420410224985
-0.56616185820878 -1.803450248153546 -0.3126020017624482
-0.9080580908225084 1.661170269310852 -0.3089092568750701
-0.5310303599628985 1.796637819318804 0.3324424686530645
-1.441912456404928 -1.227247394379777 -0.308508344697261
-0.5400738435352856 -1.814790955122934 0.3085426041993687
-1.662268783969527 0.9316647099258111 -0.2924479893232774
-1.456051774240545 -1.19495080946764 0.3206896090553056
-1.154838514232172 -1.401780305272901 0.3873080627101833
-1.816180897958324 -0.5355624354398154 -0.3084771967831105
-1.865971716662183 0.1692942506371933 -0.3322594061274637
0.5269830014734083 1.455583063115412 -0.4976866424282782
-0.608399058712853 1.457096914408579 0.4937175376229391
0.6318602403707315 -1.464259156022116 0.4909358411808876
1.467899926465883 -1.203725752652329 0.302203749903053
-1.531978807012131 -0.2253425348580633 0.4976457745727915
-1.469979593368839 -0.6153509745973625 0.4911647447395493
-0.7623223973126368 -1.331424693929626 0.4988277033105556
1.414583710730411 0.6630768251704465 0.4961060727220132
-1.4998640267496 -0.5626637784334979 -0.489499837062996
0.8307556038902387 -1.358009489861215 -0.4914701373483188
0.9508621842100691 -1.248059346053419 0.4952147811985934
1.686047579551723 0.8833833758742564 -0.2953437716509509
-0.1835137920881382 -1.291387698074192 -0.4601365707070046
-0.22134557485417 -1.60175033321941 -0.4861250704839553
0.6327893047248224 1.52677374635389 0.4761078962578911
1.619906823883639 -0.2941288457906167 0.4780889988658772
1.619906823882342 -0.29412884579057 -0.4780889988662706
-1.404210024028647 0.8109540113403574 -0.484998467779406
1.141441405901404 0.6342054681485149 -0.460744054549107
-0.3122592353665982 -1.626247103829072 0.4750559737851546
0.0123055116702979 1.637934145842486 0.4805844541385212
0.881847896210509 -0.9142627201078476 0.444088267837254
1.018710049197174 0.2573724218847743 -0.2194235994302862
0.342316053810044 1.610703004624447 0.4780020076918696
0.5619763380547348 -1.852587710443458 -0.2448437198427331
-1.218696554673903 1.510984352174634 -0.2352318475476294
-0.4317929100290185 1.211172592254083 0.4518134988413398
0.01847234111830897 -1.677043108456952 0.4675678620163396
-1.628457100023557 -0.1859764004729324 -0.4802782854072292
-1.574347763620585 0.4639543201817405 0.4796226189424323
1.898444105636078 -0.2837826564380855 -0.2720085197707685
1.900559245343046 -0.2780114285904809 0.2700737162083199
-0.594381455796855 -1.583479866397153 0.4619322961922621
-0.9471597753443283 -1.697483782902428 -0.2302061938474978
-1.210224777960123 -0.04100375629416436 -0.4079611427640927
-1.070337960575426 -1.23256366237396 -0.4821426957112249
-1.675776931358274 0.3408613690519162 -0.4537194434215615
-1.222144994117201 0.2538622267871827 0.4319874240903379
0.8629637860083047 -0.5189293467399776 -0.08321149029969525
-0.9695984924490111 -0.4959661407437658 0.2848647469952188
1.925932142000001 0.2472255363853502 0.2342437364739454
1.921723913945298 0.2409628574120017 -0.2433725393962572
-0.08998876481225948 1.208142389721414 0.4083644225364601
-0.1735764153739023 1.946000932638325 -0.2100761591470608
1.98078528040323 0.1950903220161275 -1.224646799147353e-16
1.98078528040323 -0.195090322016129 -1.224646799147353e-16
1.926776695296637 -4.719241825133483e-16 0.1767766952966365
1.926776695296637 -4.719241825133481e-16 -0.1767766952966373
1.949222052818039 -0.141891328219043 -0.1360042598853843
1.950279622671523 -0.1390057142952407 0.1350368581041599
1.962966071000001 0.1236127681926748 0.1171218682369726
1.960861956972649 0.1204814287060006 -0.1216862696981287
1.904664812914518 0.5777737543812166 -1.224646799147353e-16
1.866231977023014 0.4054534555894379 0.1920165786355435
1.866231977023026 0.405453455589437 -0.1920165786355348
1.943751351403231 0.3187030902088029 0.1171218682369726
1.94164723737588 0.3155717507221286 -0.1216862696981287
1.755349144813833 0.9382536653846898 -1.224646799147353e-16
1.809326229131071 0.593046565938399 0.1920165786355435
1.809326229131082 0.5930465659383981 -0.1920165786355348
1.747166754302532 0.8308801313969657 0.165494901586045
1.766903322287149 0.824375120302217 -0.1476718858254755
1.538576393489095 1.262677014206147 -1.224646799147353e-16
1.654756834093791 1.003766932051478 0.165494901586045
1.560843858316883 1.160734255643855 0.1529675260451889
1.57065905399815 1.140728585830084 -0.1591871024914285
1.674493402078407 0.9972619209567292 -0.1476718858254755
1.262677014206153 1.53857639348909 -1.224646799147353e-16
1.304242801683927 1.434719127418172 0.1609825853585618
1.313473881803704 1.421743041012088 -0.165673563034244
1.436481027200886 1.3122708038108 0.1529675260451889
1.446296222882153 1.292265133997029 -0.1591871024914285
0.9382536653846965 1.75534914481383 -1.224646799147353e-16
1.152706253516982 1.55908195853417 0.1609825853585618
1.161937333636759 1.546105872128086 -0.165673563034244
1.000123592990559 1.650145826542136 -0.171829459668867
1.001910977939254 1.662403222728763 0.1586336893147995
0.5777737543812236 1.904664812914516 -1.224646799147353e-16
0.6559199897404138 1.824619748708939 -0.1609825853598394
0.6559199897406573 1.824619748709742 0.1609825853588421
0.8272367923360473 1.742555746750878 -0.171829459668867
0.8290241772847424 1.754813142937504 0.1586336893147995
0.1950903220161347 1.98078528040323 -1.224646799147353e-16
0.4683268793914528 1.881525496600883 -0.1609825853598394
0.4683268793916964 1.881525496601686 0.1609825853588421
0.2812969725005084 1.927709198443584 -0.1488735680892085
0.2896622932689719 1.921843500097597 0.1554446023802202
-0.1950903220161207 1.980785280403231 -1.224646799147353e-16
-0.09226069471096364 1.936738553479648 0.1609825853588419
0.08620665048438045 1.946923918040354 -0.1488735680892085
0.0945719712528439 1.941058219694367 0.1554446023802202
-0.08678820768694774 1.973000466319162 -0.1050380795735304
-0.5777737543812093 1.90466481291452 -1.224646799147353e-16
-0.4502461167326014 1.885697348992915 -0.1622501612203527
-0.2873510167270911 1.917523833882879 0.1609825853588419
-0.4606055019975733 1.879104190062634 0.1662212343265322
-0.2818785297030752 1.953785746722394 -0.1050380795735304
-0.9382536653846831 1.755349144813837 -1.224646799147353e-16
-0.6378392270815625 1.828791601100972 -0.1622501612203527
-0.8202668215743305 1.747204578127122 0.1709836414336093
-0.8367124777763394 1.754464667166714 -0.1544546284375351
-0.6481986123465344 1.822198442170691 0.1662212343265322
-1.262677014206141 1.5385763934891 -1.224646799147353e-16
-0.9931536222288433 1.654794657918381 0.1709836414336093
-1.144134822243213 1.519493815410584 0.1958177435623382
-1.009599278430852 1.662054746957974 -0.1544546284375351
-1.164918510356549 1.586961788389865 -0.1176159237738147
-1.538576393489085 1.262677014206159 -1.224646799147353e-16
-1.42249386674486 1.31646167739468 -0.1627962164741222
-1.434719127417984 1.304242801683783 0.1609825853588422
-1.295671370410158 1.395130984294588 0.1958177435623382
-1.316455058523495 1.462598957273868 -0.1176159237738147
-1.755349144813826 0.9382536653847029 -1.224646799147353e-16
-1.546856697860859 1.164925129227736 -0.1627962164741222
-1.559081958533983 1.152706253516838 0.1609825853588422
-1.618929448707194 0.9831225386177068 0.202907106363528
-1.662604004287306 1.021402587982513 -0.1462239946616388
-1.904664812914513 0.5777737543812302 -1.224646799147353e-16
-1.82461974870974 0.6559199897406641 0.1609825853588422
-1.81317997631759 0.672426056793046 -0.16780927253517
-1.711339368915936 0.8102357379631951 0.202907106363528
-1.755013924496048 0.8485157873280011 -0.1462239946616388
-1.980785280403229 0.1950903220161419 -1.224646799147353e-16
-1.881525496601685 0.4683268793917032 0.1609825853588422
-1.870085724209535 0.4848329464440851 -0.16780927253517
-1.914722836336513 0.3069746230954546 0.1617582889816564
-1.913771138734321 0.2797374473347314 -0.1661297030637319
-1.980785280403232 -0.1950903220161129 -1.224646799147353e-16
-1.936738553478991 -0.09226069471089152 0.1609825853596258
-1.954737701718824 -0.09018529282168306 -0.1372010522758334
-1.933937555933284 0.1118843010793272 0.1617582889816564
-1.932985858331092 0.0846471253186039 -0.1661297030637319
-1.904664812914522 -0.5777737543812023 -1.224646799147353e-16
-1.917523833882223 -0.2873510167270188 0.1609825853596258
-1.935522982122056 -0.2852756148378104 -0.1372010522758334
-1.884248542952404 -0.4659632227987333 0.1586677308544829
-1.888875729382394 -0.4628715397360278 -0.1542385983915553
-1.755349144813839 -0.9382536653846789 -1.224646799147353e-16
-1.754006470060986 -0.8263955247381143 0.1609825853588427
-1.752763634197954 -0.8296583538580751 -0.1604483418873569
-1.827342795060461 -0.6535563331476955 0.1586677308544829
-1.831969981490452 -0.65046465008499 -0.1542385983915553
-1.538576393489101 -1.26267701420614 -1.224646799147353e-16
-1.661596549852245 -0.9992823253926287 0.1609825853588427
-1.660353713989213 -1.002545154512589 -0.1604483418873569
-1.552425840505013 -1.169193930209485 -0.1542541723486305
-1.559495499422821 -1.153045637753417 0.1603448045276528
-1.262677014206159 -1.538576393489085 -1.224646799147353e-16
-1.303012874706457 -1.452518370791815 -0.1440484103619499
-1.428063009389016 -1.320730478376432 -0.1542541723486305
-1.435132668306824 -1.304582185920363 0.1603448045276528
-1.284526038302638 -1.407996933822993 0.1936540313550916
-0.9382536653847018 -1.755349144813827 -1.224646799147353e-16
-1.151476326539513 -1.576881201907814 -0.1440484103619499
-0.9862511323265621 -1.667074347560938 0.1624052845433241
-1.132989490135694 -1.532359764938992 0.1936540313550916
-1.029150120691771 -1.680211503753756 -0.115103096923749
-0.5777737543812275 -1.904664812914514 -1.224646799147353e-16
-0.8133643316720491 -1.759484267769681 0.1624052845433241
-0.6657643614694844 -1.825604656588058 -0.1563010008812241
-0.6527203541327373 -1.831275010072752 0.1542713020996843
-0.8562633200372586 -1.772621423962499 -0.115103096923749
-0.1950903220161377 -1.98078528040323 -1.224646799147353e-16
-0.2897129877926368 -1.932500429296472 -0.1410530841525292
-0.2873510167271083 -1.917523833882876 0.1609825853588427
-0.478171251120523 -1.882510404480003 -0.1563010008812241
-0.4651272437837758 -1.888180757964696 0.1542713020996843
0.1950903220161193 -1.980785280403231 -1.224646799147353e-16
-0.09462266577650841 -1.951715148893243 -0.1410530841525292
-0.09226069471097992 -1.936738553479646 0.1609825853588427
0.09174137946980228 -1.940526674742589 0.1564568102834115
0.09023632837143684 -1.940150390536111 -0.1571020511249251
0.5777737543812098 -1.90466481291452 -1.224646799147353e-16
0.468326879391682 -1.881525496601689 0.1609825853588427
0.2868317014859308 -1.921311955145821 0.1564568102834115
0.2853266503875654 -1.920935670939343 -0.1571020511249251
0.4760784910434913 -1.907079135624961 -0.1224218599213666
0.9382536653846862 -1.755349144813835 -1.224646799147353e-16
0.8023000242549029 -1.768643935849896 -0.1586115685056893
0.655919989740644 -1.824619748709746 0.1609825853588427
0.83392554145936 -1.757300700953677 0.1529675260452064
0.6636716013924533 -1.850173387733018 -0.1224218599213666
1.262677014206147 -1.538576393489095 -1.224646799147353e-16
0.9751868249094173 -1.676234015641154 -0.1586115685056893
1.152706253516975 -1.559081958534175 0.1609825853585623
1.139166665081837 -1.565296123047277 -0.1652506095576441
1.006812342113875 -1.664890780744936 0.1529675260452064
1.53857639348909 -1.262677014206153 -1.224646799147353e-16
1.30424280168392 -1.434719127418177 0.1609825853585623
1.434719127417047 -1.304242801683004 -0.1609825853602901
1.290703213248783 -1.440933291931279 -0.1652506095576441
1.441056744419488 -1.308969657512713 0.1511018749515264
1.755349144813831 -0.9382536653846941 -1.224646799147353e-16
1.559081958533046 -1.152706253516059 -0.1609825853602901
1.672758588943222 -1.00732538339616 -0.1432221676251398
1.662054746957956 -1.009599278430859 0.1544546284375505
1.565419575535486 -1.157433109345768 0.1511018749515264
1.904664812914517 -0.5777737543812191 -1.224646799147353e-16
1.824619748709138 -0.6559199897404695 0.1609825853595937
1.823371129723455 -0.6687803837218143 -0.1578130847738249
1.765168509151965 -0.8344385827416465 -0.1432221676251398
1.754464667166698 -0.8367124777763453 0.1544546284375505
1.881525496601082 -0.4683268793915077 0.1609825853595937
1.880276877615399 -0.4811872733728526 -0.1578130847738249
1.930007333221269 -0.3369816502351715 -0.1360042598853843
1.931064903074753 -0.3340960363113692 0.1350368581041599
1.676776695296638 -4.106918425559809e-16 0.4267766952966365
1.812223391916421 0.2103631335733099 0.3687932739321801
1.736730107238457 -0.1470644228953086 0.4158211947295751
1.87705631796816 -0.1390057142952407 0.3118135534007965
1.889742766296638 0.1236127681926749 0.2938985635336093
1.323223304703365 -3.240962369324317e-16 0.4267766952966379
1.40163385137946 -0.1636426743704937 0.487476890078118
1.401633851379461 0.1636426743704933 0.4874768900781182
1.635446696619785 0.2103631335733099 0.4420165786355436
1.55995341194182 -0.1470644228953085 0.4890444994329386
1.073223304703364 -2.628638969750638e-16 0.1767766952966397
1.224857156082823 -0.1636426743704937 0.4142535853747559
1.224857156082824 0.1636426743704934 0.4142535853747562
1.063903206045042 -0.1729446216400513 0.275378134195522
1.064764313278838 0.1652322873510212 0.2713277364113574
1.073223304703362 -2.628638969750633e-16 -0.176776695296634
0.9906799013416783 -0.1729446216400513 0.09860143889888588
0.9915410085754741 0.1652322873510212 0.09455104111472133
1.009886436654277 -0.1448026811416034 -0.1188342514674779
1.009355024598587 0.1286862109423871 -0.1097117997151413
1.323223304703361 -3.240962369324307e-16 -0.4267766952966358
1.222431512723987 -0.1880032606493476 -0.4155370920552536
1.224857156082819 0.1636426743704943 -0.4142535853747532
1.08310974135764 -0.1448026811416034 -0.2956109467641155
1.082578329301949 0.128686210942387 -0.2864884950117789
1.676776695296635 -4.106918425559803e-16 -0.4267766952966372
1.399208208020624 -0.1880032606493476 -0.4887603967586179
1.401633851379456 0.1636426743704942 -0.4874768900781174
1.635446696619794 0.210363133573309 -0.4420165786355348
1.55995341194117 -0.1470644228952852 -0.4890444994331353
1.812223391916432 0.210363133573309 -0.368793273932172
1.736730107237808 -0.1470644228952852 -0.4158211947297725
1.875998748114676 -0.141891328219043 -0.3127809551820215
1.887638652269285 0.1204814287060006 -0.2984629649947658
1.142313752721138 -0.3365872960105447 0.3360783289770021
1.185589576661774 -0.4808269408564544 0.4516597081447535
1.389638873028583 -0.482082031310589 0.4816247895754046
1.461587263321279 -0.3107070972658019 0.4765213895110566
1.143174859954934 0.3288749617215149 0.3320279311928378
1.185589576663684 0.4808269408579973 0.4516597081462165
1.537080547999244 0.3740058079438037 0.4294934687136618
1.358925706744666 0.4951810869557168 0.4855299264391248
1.159767728211095 -0.5352133403679707 -0.450719109355962
1.159094644674903 -0.3328059417909507 -0.3575946482260976
1.358384135780829 -0.549832328408112 -0.4844643087283235
1.459161619961796 -0.3350676835446325 -0.4778048961917531
1.537080547999252 0.3740058079438037 -0.4294934687136522
1.392643080119325 0.5131901950576501 -0.477675432232585
1.222354554330159 0.4807454084447519 -0.4678489173526709
1.160988875978044 0.2923288853128816 -0.3471886897932605
1.024635626623993 -0.4901288881260121 0.3127842569655196
1.000566337995956 -0.3177473027816545 -0.02023281256859565
0.894326454478946 -0.4992520737858631 0.1943067815646879
0.9221617943458307 -0.43240929501004 0.05699569374903645
1.025496733859698 0.482416553838525 0.3087338591828178
0.8860867652647224 0.4970289976933255 0.1812496365409487
0.9286366366520089 0.4414889215516165 0.003734532210189309
1.000896033174061 0.2939184982934085 -0.01516075860042357
-1.688586255155524 -0.01235320490459421 0.4109085900213497
-1.840201816028163 -0.3631335954935119 0.3196503162141088
-1.870676109412275 0.0196236063684212 0.3227408743412824
-1.702727956985056 -0.2049319621399304 0.4098054726460216
-0.371428424794194 1.617328427589887 -0.4106593947940761
-0.3256865753661929 1.788117508844699 -0.3720103269687192
-0.5699155194899257 1.634609077991699 -0.4082234282922669
-0.7091848401277316 1.735497203245109 -0.3167047896578877
-0.3419440024034285 1.877912534908845 -0.2672882407938831
-0.004386337405062321 -1.891865539429354 -0.2981551352774542
-0.3777035948808938 -1.853440272970016 -0.2973540850337533
-0.2052954532035888 -1.752590315502948 -0.3841156193945068
0.660652995389497 -1.667951849400929 -0.3841992560284908
1.003213023952054 -1.578590914083338 -0.3238621780633333
0.8349943938349363 -1.523769148269215 -0.4043466371798486
0.7006047609171844 -1.771058258560337 -0.2810334284270558
-0.9969348311880486 -1.524427770489808 -0.3598695652380078
-1.316862321722369 -1.359035286795161 -0.2983025827105803
-1.069485981192069 -1.594153481056487 -0.2591515072856987
-1.131075073807618 -1.361693420792253 -0.3851197582175623
-1.27433577113643 1.122930370766728 -0.4126317248802945
-1.237120561634648 1.30080122805651 -0.3841497139945033
-1.54652147754308 1.075187251171034 -0.3090202111357609
-1.41749209757264 1.014831901878307 -0.4052954503638252
-1.324735362895268 1.364847072295445 -0.2804121402479369
0.3494340459934583 1.684576354183933 -0.408149372333246
0.7177899173462765 1.719416430437245 -0.3328120450287063
0.3594432078596985 1.847664134238007 -0.3098561534490478
0.5367280581120256 1.628531747755359 -0.4098259065739785
1.212677581123073 -1.227966753114325 0.4072129990492662
1.048378129591649 -1.561033514674017 0.3139501114037689
1.331085983730316 -1.329475222557793 0.3120844603100889
1.072567112602409 -1.351642019258338 0.4085899759578591
1.202773633791103 1.235331457677888 0.407712867744781
1.041715846548034 1.372631609043866 0.4087426661752846
1.326510266511715 1.33277636885588 0.3139501114037508
1.043476765417028 1.558545956657845 0.3196162746733614
0.7195773022952152 1.731673826624675 0.3196162746736417
0.3678085286284056 1.841798435892823 0.3164271877390625
0.5896312097379763 1.664127089375401 0.3990365334877877
0.4443945842805871 1.70609171851068 0.399983589204777
0.4187147609471089 -1.67451917269952 0.4081789291469445
0.7244786664698324 -1.734161384640847 0.3139501114040493
0.3649779368453651 -1.841266890941047 0.3174393956422543
0.5891666775609239 -1.632869794209516 0.4064505059492866
1.052366177194851 1.328748615062107 -0.4155122652020856
1.222201661728208 1.219126252673917 -0.4113878973207817
1.05092046058811 1.533312474065134 -0.3375030227031109
1.345556542312759 1.299794612636025 -0.3248606655256724
-0.0005193152411683971 -1.877265228222235 0.3174393956422542
-0.3622976164786181 -1.844134031041113 0.3152538874585271
-0.2483903123942744 -1.749862105394182 0.3985105722514201
-0.08302452415182081 -1.775260107708122 0.3947665163670125
-0.2218321989817176 1.665871716965377 0.4108041626906989
0.002311276541873492 1.877796773174015 0.3164271877390622
-0.3577758746924163 1.83505746313905 0.3272038196853742
-0.08610793887581808 1.755705626400891 0.4012748124281025
-1.4760307422258 -0.9505227586082257 0.4006872525754563
-1.733590200098868 -0.7145849931556452 0.3196503162133257
-1.558152824669969 -1.041187497106852 0.3213273898864956
-1.565116734234116 -0.7513875796717133 0.4065649577286174
-1.688200052603107 0.700788862973668 0.3638896917223703
-1.83467777213174 0.3851208584548885 0.3227408743404988
-1.687914098008748 0.5052137174664387 0.4007938948300585
-0.8671290835137084 1.446939618364751 0.4208789329996641
-1.02614797843286 1.511349248723869 0.3668013849959476
-0.7030985691906946 1.721643955275235 0.3372048757601416
-0.7417829185656719 1.551873502820123 0.4178424102450788
-1.461180492674363 -0.9087396146409998 -0.4082661795267599
-1.549840329889128 -1.060598618682882 -0.3147025142359873
-1.736974550665826 -0.7147561392129005 -0.3146869402789121
-1.578816115061464 -0.7283068107097417 -0.4051982604188548
-1.60763697761511 0.5214943774877486 -0.4177632746118376
-1.720434835791069 0.7555749793908559 -0.3140332671968086
-1.822286302137397 0.3743897497465472 -0.3339389755989018
-1.591405455820629 0.6952196300981291 -0.4103085064248729
-1.727188909485442 0.4601733089539085 -0.3946689942459506
-0.7007178210745975 -1.743000212819863 0.3166765866430085
-1.008100156423041 -1.536494887894847 0.3560593158984158
-0.8118420979632731 -1.501317082223209 0.4118191361986019
-0.7278716272053822 -1.627344668456973 0.3933714326394552
-1.351336115848404 1.119803951548944 0.402713952031469
-1.316176935455056 1.285160223605267 0.3568003289211805
-1.515072182636093 1.024688326095331 0.3638896917223703
-1.862828150697986 -0.357966510541598 -0.2914396506673886
-1.887723560049916 -0.005538167503093619 -0.3033307553395652
-1.768966251730602 -0.1831734930581565 -0.3773401949794479
1.436788273990705 -0.9589650882552199 -0.4066864973299957
1.28733895040091 -1.13029234665893 -0.4099211092793106
1.568901322871179 -1.048891170873012 -0.3042047529854298
1.311208778292738 -1.330962531241185 -0.3262331949179341
0.9285014819734722 0.6489809768298079 0.3008814134943274
0.9406759701267736 0.7799279038506974 0.4252872944462964
1.139593338577949 0.8249033779337658 0.4609131004543173
1.241247580649429 0.648722679072727 0.4622358544291049
0.8012660015317978 0.794540347705498 0.2978030718044274
0.6479229458578531 0.7835682204136268 0.1797798992346797
0.7143375217884744 0.7340898351689079 0.004461681965958836
0.8316413847657829 0.6080533445428994 -0.004117913478301052
0.6600974340111546 0.9145151474345163 0.3041857801866487
0.65572860582896 1.081986616484472 0.4470763346954412
1.012357858136275 0.9704627488094558 0.4578347587644173
0.8513000708932063 1.107762900175434 0.4588645571949209
0.5731689542678313 0.8540646348979263 0.01084439034818016
0.3998173457880967 0.9389267280788947 0.02774215838649625
0.3257040535594815 0.9852482605397304 0.2261503901665438
0.5023855501550153 1.071014489192601 0.3290531621256935
1.271960746931438 -0.6356236234260564 0.4583307175639221
1.149497285908013 -0.817538673368657 0.4604132317573393
0.9376022784195821 -0.6434917186317728 0.3098881607324394
0.9748796733875689 -0.7743156265398847 0.4362269519852625
1.638745237846976 -0.5916759143154745 0.4051304848568803
1.731325350853264 -0.727265602786634 0.3154372137971442
1.710693628139671 -0.4203009802706874 0.4000270847925324
1.851019838869375 -0.4122422716706195 0.2960194434637536
1.708733918411029 0.658559832605187 0.3575114802215885
1.592738551984989 0.5419015461585334 0.4400696149965501
1.848412767619785 0.3339759017659852 0.3091384468725162
1.608667524972372 -0.6479260191154885 -0.4035169967435305
1.740780573852847 -0.7378521017332801 -0.3010352523989646
1.70944500915334 -0.4331613742520089 -0.3968575842069602
1.848713650030207 -0.4279882795757667 -0.2938173446592091
1.626455925359663 0.5599106542604648 -0.4322151207900024
1.728470486395656 0.6520548215104374 -0.3396884644610103
1.846308653592444 0.33084456227931 -0.3137028483336634
0.4662319217187181 0.8894483428341757 -0.1475760588822246
0.756887393175761 0.6785497590271988 -0.1730534223648005
0.7681889395266914 0.8347336916646155 -0.2975458165200732
0.5892631523669155 0.9461289748588237 -0.287256220747839
0.2187670210103683 1.02063196847598 0.06772994093613907
0.1012569549116812 0.9877337663845425 -0.1013940514954473
0.1970962729308235 1.090864964212781 -0.2695825557060153
0.415911543887181 1.030991068039792 -0.270358452709523
0.02714366268306594 1.034055298845378 0.09701418028460025
-0.05191779563437598 1.058930605595287 0.2686274675458108
0.3213352253772869 1.152719729589686 0.3690409446753363
0.1322196571368815 1.22024227774977 0.3756062389566752
0.0273324819847468 1.137547945329115 0.3372512976263233
-0.1694278617330631 1.02603240350385 0.0995034751142244
-0.2709771887948721 0.9467228991757342 -0.03233307510447691
0.005472914603521138 1.104288294582179 -0.2402983163575542
-0.2363247544841164 1.043721426890963 -0.2153659089051081
-0.350038647112314 0.9715982059256436 0.1392802121567336
-0.4314486390309494 1.004964439629735 0.3085082200484793
-0.3401411150397618 1.131040151253921 0.3614651306083874
-0.1692390424313823 1.129525049987587 0.3397405924559475
-0.5329979660927583 0.925654935301619 0.176671669829778
-0.6055995783578738 0.7827381976383542 0.06446445821116689
-0.5951013514825011 0.8501896266317416 -0.1427395234773964
-0.4169355398633673 0.9892872293127565 -0.1755891718625989
-0.6870095702765091 0.8161044313424455 0.2336924661029126
-0.7876771034414832 0.8789706054086539 0.3893626732594866
-0.7367496733101599 1.103125157251773 0.4228451304268167
-0.5231004340202061 1.085096880629897 0.3988565882814318
-0.7491129556662519 0.7406391226725682 -0.08571872720426177
-0.8407550675117496 0.5592786975417345 -0.01553529218956997
-0.8834171960936581 0.5310348691226205 0.1961480087632424
-0.8602787157065988 0.7360538677453892 0.2771554616408755
-0.8302568406363768 0.6267301265351219 -0.2227392738781332
-0.5604489171717455 0.9471881543469705 -0.3257723572780276
-0.7516682328770511 0.9651028895863979 -0.3861553106556935
-0.9150591202533652 0.7250473046357441 -0.3674763316169186
-0.9282560499735523 0.917620750391577 -0.3962968628525848
-0.964561081063783 0.4171258729851743 0.05912746208937097
-0.9623486522415139 0.2578072442345288 -0.1124303747577344
-1.006701232098863 0.5436868795049105 -0.2972928966022268
-1.048208218796311 0.3654473766999494 -0.2794765997538989
-0.1404854364649741 1.146852624719201 -0.3835544131156761
0.320127503579021 1.147545596237429 -0.4092627175716298
-0.06561651376638486 1.316126105205413 -0.4526526438577845
0.1268536049294686 1.387545884191488 -0.4514101972574677
0.3141476170480358 1.331501277762915 -0.4530867314982002
-1.005010780823422 0.2295634158154147 0.09925292619507803
-1.077024153722841 0.2041468605023859 0.3124530418431543
-0.9840847292586321 0.593901043188829 0.3518182159198164
-1.138781303356443 0.4587074577603872 0.3775829738340822
-1.114684101881446 0.3213721356766215 0.3513990935662606
-1.074811724900572 0.04482823175174026 0.1408952049960489
-0.9950746471150351 -0.08297473780716925 0.02503951550597702
-1.021588332273134 -0.1083809915694858 -0.1712092855491277
-1.08865791855595 0.1778849195301898 -0.2393511356481919
-1.106511564980638 0.01462051538530239 -0.24013302670806
-1.067088020014454 -0.1083912931201981 0.2382396311540533
-1.171444071298691 -0.1734713729881008 0.393816820116295
-1.325260250576528 0.08961332802566022 0.4269736649837864
-1.33940195240606 -0.102965429209676 0.4258705476084583
-1.184485045958596 0.136636951612947 0.3930413723672316
-1.013864627387016 -0.2616005164414242 -0.07386485939112333
-0.916899166652118 -0.39335260925437 0.01213583756283078
-1.091706993513154 -0.3012743425470104 0.2779611306262231
-0.978474717338964 -0.3660802017114367 0.2036243443296001
-0.9434128518102172 -0.4187588630166865 -0.1841129634922739
-1.068700416040945 -0.4368534772480788 -0.3498199011947732
-1.198788048504471 -0.2932376349455266 -0.378914229204751
-1.125301545252619 -0.1640052632489525 -0.3390374016051604
-0.9717349553060475 -0.5686055700610246 -0.2638192042408191
-0.8409251619403744 -0.7223093951959476 -0.2574022301079209
-0.7111853206946329 -0.6865709118533772 -0.08137548060402891
-0.810710540551506 -0.6479479183217006 0.08284861246802525
-0.908022941762165 -0.523238548286699 0.09337624022844951
-1.130390727089811 -0.5429880978537539 0.4425000757265414
-1.364020925904761 -0.2958484786364882 0.4655920470806282
-1.333021319083115 -0.4908526985061378 0.4623515321640071
-1.082830768623201 -0.4311602815793394 0.3592015332918418
-0.5735024212579173 1.104200492267413 -0.4190049590408961
-0.3074141828540224 1.255559237514197 -0.4277202364053384
-0.5059012775497541 1.272839887916008 -0.4252842699035292
-0.9413095540597241 1.074633088312019 -0.4895294646154534
-0.9040943445579428 1.252503945601801 -0.4610474537296622
-0.6971205932550597 1.290754623155436 -0.4856672232811953
1.356843789850921 0.8540375135355305 -0.4859128764410053
1.480198670435472 0.9347058734976388 -0.3993856446458961
1.584033018515729 0.7912392086242839 -0.3878704279799431
1.31172993169057 0.666650254761413 -0.4705705694290211
0.8854928025039999 0.708697201038607 -0.3061254119643331
1.007816331027237 0.5933593682748526 -0.3211885361790837
0.946450652675122 0.4049428451429823 -0.2005283086196733
0.7178685616951543 0.9762764168702319 -0.4203282103473716
0.8943962510051611 1.046552922074577 -0.4651476052276445
1.064231735538518 0.9369305596863867 -0.4610232373463407
1.019117877378167 0.7495433009122694 -0.4456809303343564
0.7154704638453852 1.157948205268785 -0.4548580094554103
0.5329628880043933 1.271627381589926 -0.4538626285017078
0.3089011537324153 1.306008506402641 0.478509010915825
0.6935881870370669 1.264262241933519 0.4837319391339657
0.5654030133488216 1.382629852298223 0.4740258064461885
0.4201663878914323 1.424594481433502 0.4749728621631778
-0.06967871152474561 1.415898690767093 0.4923587299304389
0.0660455485811539 1.505732600202605 0.4828293796678426
0.2310508196510269 1.492117029593586 0.4815381564445168
0.01489841033987521 1.290836722142069 0.446719363866812
-0.3950866842521998 1.627452073145132 0.4160428116583892
-0.4337710336271771 1.45768162069002 0.4966803461433265
-0.1234187484356016 1.548100236406973 0.4901138044011175
-0.3454679592852599 1.334719459612771 0.4757283267525269
-0.1745658866768803 1.333204358346437 0.454003788600087
-1.133010498413299 0.4637645548005714 -0.4242136574926843
-1.26408828966673 0.5527537818625644 -0.4709689792471737
-1.104700441436038 0.8345775033613655 -0.4708504855766784
-1.247856767872249 0.726479034472945 -0.4635142110602091
-1.305595276364178 0.3745142790576033 -0.4531526823988459
-1.326105713947822 0.2018012464355491 -0.4530438230575171
-1.192371131535435 0.122260647850723 -0.4071792517042245
1.42892483508497 0.9559158104781389 0.4122251839722642
1.552661467805582 1.053360721656131 0.318462427631234
1.53057907715645 0.7797351116171001 0.4135479379470516
-0.9662127261711028 -0.7404040094273399 -0.4231091678104202
-1.180807650756087 -0.7551147852942155 -0.4625809086110622
-1.227110152000302 -0.4430843419898647 -0.4586204699532961
-1.298443273143188 -0.5746819813629573 -0.4595129895031572
-0.7056630915596882 -0.8583693512196924 -0.24066544417363
-0.6738106125683774 -0.9851288440083199 -0.4052173417272834
-1.049997857390414 -0.9088186104291384 -0.4561639344781641
-0.7928949687241588 -1.067766257150325 -0.4571225058281508
-0.9528704466904278 -1.063335748468112 -0.4494174446943734
-0.544070771322636 -0.9493903606657496 -0.2291905922233914
-0.4041101864514458 -0.9024668334200752 -0.08055817349962105
-0.6754484701708199 -0.7840078743454454 0.09958539840231613
-0.5404326040518387 -0.9115902836660225 0.1305951527357909
-0.3722577074601351 -1.029226326208703 -0.2451100710532745
-0.6313026484871067 -1.158787266596383 -0.4456476538779122
-0.515910979441268 -1.255788913168608 -0.4465177908854449
-0.3478660422097317 -1.183768775764285 -0.4269395302420247
-0.3686195401893377 -0.9914262492089757 0.1146756739059079
-0.1783496637869056 -1.040735291165435 0.1057984365621807
-0.03890595881128332 -0.9859404131017049 -0.02848087615070267
-0.04095674425094954 -1.053332391403259 -0.2187658514602102
-0.2079054573385415 -1.13684524851861 -0.2783071115182543
-0.6399578239087118 -0.8729672901343459 0.2948192458078451
-0.8379278884585565 -0.8763849067967396 0.3706160984518854
-0.9198460497049623 -0.7325033270531818 0.3576356616694941
-0.8722860912383521 -0.6206755107787674 0.2743371192347945
-0.3146720813872985 -1.049858741411382 0.3169517627975926
-0.7029120223395753 -1.003967316117317 0.4016258527853602
-0.461521972776879 -1.151729254905342 0.4040929471685109
-0.6336321775511837 -1.165987196692274 0.4123283517259377
0.01504149999075591 -1.044372905304112 0.1737952127409821
-0.2712520963744469 -1.201038296861801 0.3952157098247836
0.07010422128385911 -1.134366270072082 0.3537083494627706
-0.09977601276323722 -1.250604572814385 0.3993912693653175
0.152434419526712 -1.056970005541935 -0.1507690752814088
0.3067481981133754 -0.9754388801440574 -0.1037380450659098
0.3428892584459274 -0.937426082288294 0.1083730278241408
0.2095479262594814 -1.079571392008351 0.2194290367498873
0.3046974126737093 -1.042830858445611 -0.2940230203754174
0.3107155926401298 -1.195805602906062 -0.4093184159511066
0.1483454143957451 -1.308461109198809 -0.4205269843752538
-0.0165650790005462 -1.20787484095884 -0.4005953106489605
0.4951522515929246 -0.9232869351919704 -0.03488091726986778
0.5768387281837153 -0.8610181646371691 -0.2090442005484085
0.6066011040151648 -0.9829776029901535 -0.3417737023570143
0.4650293712267932 -1.114274477508184 -0.3622873857356076
0.6129797885162672 -0.8230053667814057 0.003066872341642074
0.3979519797390306 -1.027419447056264 0.2882861645459294
0.5915267700828087 -1.001647687172916 0.3164395825468492
0.6692932091000061 -0.7689445208139154 0.1843204204758953
0.7065706040679928 -0.8997684287220273 0.3106592117287184
0.7244286409385073 -0.8826960345795889 -0.3038259127455044
0.8578926527439986 -0.7275783778319256 -0.2975069180657935
0.7509796856907967 -0.7066757502591141 0.01015713719735456
0.7788150255576813 -0.6398329714832911 -0.127153950618297
0.6126192839815853 -1.135952347450604 -0.4570690979327036
0.8876550285754481 -0.8495378161849099 -0.4302364198743993
0.9368221125553867 -1.035484062628761 -0.4672162311960757
0.7924733103300978 -1.181332481396894 -0.4640127759512145
-0.9828002481358258 -0.8635033530361527 0.4644422686470092
-1.096344848120814 -1.010503132625049 0.4784160199313139
-1.027860300560796 -1.204582619026306 0.4323653840697919
-0.8316022421010284 -1.169404813354668 0.488125204369978
-0.2466259041528178 -1.352475086308344 0.4865324537362357
-0.5902121925383321 -1.317166752142693 0.4905922987531287
-0.3651806115653128 -1.464577957092416 0.4787064339904282
-0.5062417217804412 -1.443194338376457 0.4721445951939819
0.3086773729488291 -1.379904728261381 -0.4887913497354441
0.4765601790962868 -1.456812057046639 -0.4643790781784499
0.6509015775417263 -1.312629355914925 -0.4845264593298078
0.3141900008519021 -1.569467563339385 -0.4755876466025972
0.1633899257236636 -1.686430507813175 -0.4071020102047207
-0.0186032986918469 -1.391973966314159 -0.480068244433298
-0.0375191900748628 -1.547155283886769 -0.4930624943217733
-0.9100188187402495 1.023074593654717 0.4663081259647796
-1.115642822969384 0.6637264563831557 0.4585904267117152
-1.10419689405275 0.9221279519575112 0.4581442010713515
-1.053269463921426 1.146282503800631 0.4916266582386816
-1.018110283528078 1.311638775856955 0.4457130351283931
-0.7337452236608897 1.352163029953208 0.4967540603775243
-0.6454421493189724 1.22920086887596 0.4758020409867247
-1.25889346815056 0.7869343665290696 0.4839089589856173
-1.38701740021013 0.3441739252836616 0.4921035969747143
-1.422629534938249 0.6918187410754566 0.4450846986765186
-1.42234358034389 0.4962435955682273 0.4819889017842066
-1.246242195592198 0.3911975488709484 0.4581713043581594
-1.212288358840578 1.210692134159749 0.437549110234965
-1.411183606021615 0.950220236649812 0.4446384730361548
-1.685785257609816 0.1917917908856245 0.4116842936433802
-1.517837105182598 -0.03276377762272713 0.4987488919481196
-1.539021583486825 0.3118846498971748 0.4897373141329399
-1.362920198735133 0.2068386031998959 0.4659197167068927
-1.353252619190163 -1.075388390337896 -0.4020720099880335
-1.382228404362499 -0.743096582364756 -0.492567756170901
-1.167465371275412 -1.078046524334987 -0.4888891854950155
-0.6349953355970493 -1.338426326310614 -0.4984229549863122
-0.7762222399895873 -1.399728520753729 -0.4645975638654478
-0.910362482609157 -1.236994171056174 -0.4898477568450023
-0.6608305709437488 -1.496730167325955 -0.4654677008729804
-0.5428827623799953 -1.619439110518193 -0.4059475468781465
-0.3515587293196745 -1.363407835478516 -0.4797148313504247
-0.3704746207026903 -1.518589153051125 -0.4927090812389001
0.4581854378963628 -1.143792996892973 0.4274955914725959
0.09473041350548829 -1.285803059518624 0.4450250933742228
0.2777835273478431 -1.358561334889222 0.4468674305239397
0.448235443961658 -1.316911956399219 0.4451390073262818
0.6418102343054362 -1.291140196515871 0.4732924253272016
0.801311206225105 -1.183040291531522 0.4754318953360546
0.7668040622253249 -1.016141978558736 0.4498686386553848
-0.04007514145957973 1.496252496986484 -0.49557602054713
-0.1868034107274322 1.59562179925522 -0.4581693993220899
-0.4310323548511649 1.44211336840222 -0.4943825006456376
-1.417445863624362 -0.09069552940591226 -0.4937025417169758
-1.428530905606714 -0.4310661390604052 -0.488607317513135
-1.492827442243692 -0.2427224500801224 -0.4839965416852516
-1.283711281211975 -0.1702361279907384 -0.4478379703636833
1.020445956844747 -0.4920127608602266 -0.3307929640648239
1.219735447950673 -0.7090391474773879 -0.4576626245670498
1.070286124360878 -0.8803664058810978 -0.4608972365163647
0.942041413194622 -0.6066747530886121 -0.2535644577471918
0.005666707968421267 1.667041578241296 -0.4569269527217731
0.1624041391025139 1.730760056026633 -0.396040355062615
0.339688989354841 1.511627669543985 -0.4960101081875457
1.050217439344382 1.152738374258502 0.4944903632029418
1.335011859308062 1.112883134070516 0.3996978084314081
1.312929468658931 0.8392575240314852 0.4947833187472257
0.3312727318711214 -1.763337836598433 -0.3826897386477265
0.6564142054447993 -1.502192190992929 -0.4713227561969609
0.5220245725270474 -1.749481301284051 -0.348009547444168
0.1079032933007467 -1.474799637631526 0.4925503504264866
-0.1937045279541031 -1.514144233045 0.4828819935309621
-0.02833873971164954 -1.53954223535894 0.4791379376465546
0.9413683296584299 -0.4042673545115921 -0.1604399966173274
1.268902531930612 -0.8949853939212391 -0.4946424358887261
1.550464904400882 -0.8135842181353208 -0.3889260795948454
1.519129339701375 -0.5088934906540497 -0.4847484114028409
-0.6841096667725333 -1.680741304961308 -0.3721221557572821
-0.8746086253403075 -1.627758072335749 -0.3309242517998069
-0.9361977179558563 -1.395298012071516 -0.4568925027316704
0.01567586983466146 1.83012935829537 -0.3586337338375749
-0.1573189883366667 1.856205906574178 -0.3147982453218969
-1.457183505201253 0.2907904734975421 -0.4997991448120065
-1.420441545823128 0.6372287587299769 -0.4924532359663707
-1.556224999487942 0.4021824375857562 -0.4768137237874484
-1.67183282972354 0.1436858457563406 -0.4159748457990707
-1.553075521404227 -0.03394947979872223 -0.4899842854389534
-1.34395936037251 0.0385368422906618 -0.4538257141173851
-1.576735437071585 0.2294694049637021 -0.4767048644461196
1.061833637688749 1.11860234808494 -0.4955530364543794
0.890552436548651 1.432788569476157 -0.4216681618367086
0.7094905773144 1.341903886794271 -0.4986820233819808
1.355024002806657 1.089648345658858 -0.4049014367779662
1.186555264061755 0.8215927269226322 -0.4760863615610912
1.353546582274823 -0.8187937638227916 0.4903783131879904
1.568590156304536 -0.7724684023513504 0.3986025279348371
1.547958433590944 -0.4655037798354038 0.4831923989302251
1.446126695281111 -0.9543834522939512 0.4006850421282543
1.349491523858641 -1.102217283208861 0.3973322886422302
1.090972652730734 -1.124384079909405 0.4938378042900005
1.056465508730954 -0.9574857669366199 0.4682745476093308
0.2372195830413576 -1.714305631243651 0.4036531540715133
0.4614083237569165 -1.50590853451212 0.4926642643785456
0.1547143741307052 -1.612300510729538 0.4809802747962716
0.7080448607076593 1.546467745797298 -0.420672780883006
-1.574633718214944 0.6595294656889698 0.4427184158347442
-1.080682161654444 1.20502180640698 -0.4711890059265534
-1.261053697592436 0.9190524802287778 -0.4923347422958754
-0.8364932008497796 1.421143341250396 -0.4673267645922953
-0.9757625214875856 1.522031466503807 -0.3758081259579162
-1.131081753413283 1.446938507935698 -0.3389694212941958
0.8445705012425222 -0.7834388121997358 0.3177494765844309
0.8351284461414201 -0.5857721255158007 0.05409959751595626
1.143323036232645 -1.266982836907205 -0.4141891334766645
0.9751044061155276 -1.212161071093082 -0.4946735925931799
-1.17826300936722 -0.8666215528814911 0.4654355831489226
-1.267349001375535 -0.6674863739449787 0.4713132883020836
-1.017158450915621 -0.6077939570181803 0.3681632894299184
-1.373929691796377 -1.104286070969014 0.4000494717442664
-1.22332306179219 -1.207700818871644 0.4333586985717053
-1.380893601360523 -0.814486153533875 0.4852870395863883
0.9989742340073562 -1.412831255675338 -0.4109856782318034
-0.7687887701847025 1.560282144057441 -0.4004278955094492
0.8909205709703067 1.475952873238459 0.4063937701315223
0.7609744784130679 1.408406135989185 0.4858140289456683
1.564535097888353 -1.055891921737419 0.305556503389077
1.582213231471466 1.026850040747612 -0.3068589883169039
0.7627353972820614 1.594320483603163 0.3966876374437451
0.7671722292796399 -1.565550746453447 0.3984354466356503
0.9266732011993087 -1.457450841469098 0.4005749166445032
-0.0005815572025740651 1.919924384359516 -0.2539116476627388
0.1007247270879895 1.76002529261561 0.3957368294494809
0.2657299981578625 1.746409722006591 0.3944456062261551
0.1009775500289614 -1.779048228971065 0.3902407412915813
-1.669452666055237 -0.3835441682116448 0.4074906181408787
-1.638453059233591 -0.5785483880812945 0.4042501032242576
-1.721111437743577 0.3438614611701902 0.4015695984528727
-0.02043645905564352 -1.741025557145816 -0.4001645863669027
0.3712244973988089 -1.866444245757841 -0.2795239110462915
-0.393753716531475 -1.702600290686478 -0.3993635361232017
-0.7566608167765541 -1.750467015527987 -0.271404097804973
-1.063377322748206 1.586077310742743 -0.2720705522113498
-0.5697147093378758 1.626867366863692 0.4130800031380019
-1.256125208490177 -1.229905528376869 -0.3953255202042429
-0.4261665394509419 -1.720519029476003 0.3917992889922617
-0.5672276496660703 -1.699135410760043 0.3852374501958153
-1.533239403999087 0.8713093606330842 -0.3887232285513417
-1.305445144236359 -1.29836555737027 0.3539988358827444
-0.9585804557724047 -1.366602499601263 0.4430678830103694
-1.658022462353962 -0.5491131069366566 -0.3989885169230533
-1.722318998990941 -0.3607694179563739 -0.3943777410951699
-1.74721440834287 -0.008341074917869548 -0.4062688457673465
-1.770874324010229 0.2550778098445547 -0.3929894247745126
-0.5200959843709358 1.334134753331331 0.4727655182321395
0.7913612122904004 -1.356159251037767 0.4930753111897405
-1.500979200190485 -0.4203467547277129 0.4944052596561704
-0.678351926554746 -1.457452280163389 0.4803799997514088
-1.564160563386579 -0.3743200894532152 -0.4848890612351126
0.916355040210289 -1.081161033080633 0.4696515245179237
-0.2024296834711541 -1.446569015646801 -0.47313082059548
0.4875526792674332 1.568738375489168 0.4770549519748803
1.760233034613343 -0.2860701371905488 0.3740813575370985
1.75917546475921 -0.2889557511143277 -0.3750487593185196
1.080075727549289 0.4457889450166446 -0.3400838269896966
-0.1468934471241446 -1.651645106143012 0.4713119179007471
-0.4533203455817266 -1.604863485113113 0.4684941349887083
0.177310782740171 1.624318575233467 0.4792932309151954
-0.260890837420639 1.209657490987748 0.4300889606889
1.524720365332834 0.249337205295869 -0.4529956458091015
1.52472036533283 0.249337205295869 0.4529956458091078
1.755075633948211 0.6941621766468505 0.2383409868143923
-1.64816734157716 -0.4280675381154153 -0.4260851064177786
1.768233345937962 0.6898255025836842 -0.2264589763073402
0.03514475886438578 -1.658203782948587 -0.4334430302977989
0.3890793362104834 1.250224751863423 -0.4387373591905126
-0.07670608322143153 -1.795160470692706 -0.3608117803462879
-0.3248982526421112 1.709460417749853 0.3846835980114874
0.921871350237101 1.716016906035615 -0.114552973112578
-1.748349207392539 0.06635406411648383 0.3817779193353374
-1.454757813917884 -1.014908874553926 -0.3750135679169269
-1.474013692606813 -0.8387988306046047 0.430846416630154
-1.474075004032776 -0.7933810025718325 -0.4353440653721719
0.5160770387211523 -1.250615049936021 0.4486423413753597
-1.695205987478985 0.910537313988535 0.135271404242352
0.2602300704441152 1.410224943832796 -0.4668356789810712
-1.636383772441059 -0.08334964822241726 0.4398209848718302
-1.495172970412328 -0.3493695595312476 -0.4858309734778331
1.708148927944287 0.1402420890488725 -0.4125288492881147
1.708148927944282 0.1402420890488731 0.4125288492881201
0.3958090983554725 -1.39379394193352 0.4615569007429224
1.860074339689535 0.5254245919696845 0.1280110524236956
1.860074339689542 0.5254245919696839 -0.1280110524236899
1.331009918774076 -0.9947476096117963 -0.4370833474993441
1.397355487697683 0.9594639108973424 -0.4300666526216226
-1.364235536370141 0.8096577814181126 0.4578773768994302
1.548814973474222 0.9175983742898448 -0.3647050203142477
1.424144460300117 0.8583028153755747 0.4401854802221805
-1.275501870701093 -0.7828646934534481 0.4740119703457982
-0.2946394702959397 1.667022578563269 -0.4136130403616284
1.438866054066205 1.040719888734929 0.3767951400116354
-0.4574587663784282 1.564683624661269 -0.4377551079106602
-1.159577728390898 0.7909295916232454 0.4668811955895613
-1.234161068953171 1.484400397731424 0.1305451623748921
-0.8737446123034425 0.9857855760966648 -0.4239938793745772
-1.394166436055062 -0.01537195960224763 0.4505310348467881
1.245962437314199 -0.5980282720844903 -0.4642820142171118
-0.4661908090724176 1.570667020232948 0.4419343869799059
-0.9826718705543186 0.8257485194628954 -0.4115412266820606
1.51872651782608 0.4823688857539728 -0.4464613405787465
-1.539827993086289 0.6179809221052849 -0.4401750056676937
0.4086170311534417 1.608245257161093 -0.43799512903159
1.113102776576915 -0.4533440143397161 -0.3797022405489612
-1.615026565203595 0.7740346567073564 -0.3710216673910078
-0.9704624484915487 1.423309214315192 0.4111311177080015
-0.7808857419134233 1.450325383712694 0.4451584678740891
1.610683849184156 0.6600654967936068 0.4037096777217301
-1.226730847548164 -1.492977697417023 0.129102687570061
1.098235639894506 1.253567146993419 0.4369819657076692
1.496248268909633 0.4703628136860179 0.451697670049779
1.154473052619164 0.4062877462580927 -0.3850404780452093
0.2904271309852236 1.754333514816191 -0.371348626948303
0.7336488998075792 1.762197308632354 -0.2218746966858043
-0.3093430690028028 -1.116613450163866 -0.3167855709378511
-0.2872137617878473 -1.027340093928598 0.179141957755227
1.612413957942362 -0.5299936280071824 -0.4283743307844438
0.7173538648897443 -1.564637729554358 -0.4199562164684335
1.011447570417216 0.4813637194781599 -0.2872668905961512
1.230848964178922 -1.514935269489217 -0.1101670730384294
-1.054478807634972 1.561879240684278 0.244534256663965
-1.741386390076261 0.7223148635591757 0.2425931278149135
1.518718167087589 -0.9404801590878508 -0.366605776636757
1.64631981009035 0.6677348947983953 -0.3865913377436519
1.297751696237343 -1.219886419626993 0.3722099160005284
1.456087811286823 -0.8485485394893644 0.4298886277503606
-1.079502951861486 0.572111652444124 0.395997205488538
-1.291622316536504 -0.1907617602780883 0.4284264716017939
-0.6285398571022379 1.005497178733594 -0.3769775423248724
1.453384439009368 -1.03749755241341 0.3678579447198538
1.070993795738476 1.576521390911785 -0.2250020151354073
-0.1711720443617938 1.239512655812937 -0.421309097792933
-1.19737949814184 1.209584468410072 -0.4226568149337837
-0.9393476661447431 -1.246863310660746 0.4545194904833798
0.4825547292394007 -1.057620043707384 0.3440737795217915
-0.4147826050849805 1.323504164610808 -0.4491290023181684
1.125405782152072 -1.234664284094023 0.4365469264323752
-1.1158427368246 -1.140928856840999 0.4480467008576037
0.2541520120821946 1.226323504580699 0.4077187315159456
1.28809858653696 1.226996986868095 0.3737869291933133
-0.08847576019667909 -1.13268416029357 -0.2992227578758084
-0.5921747640209104 1.222598334446286 -0.4433188174085402
0.2559127933282346 -1.294723813455417 -0.4395455833539348
-1.657374253156879 0.03379843034658295 -0.4374093256684569
-1.564361196625756 1.053505706076625 0.2425931278149135
0.7401447714701738 -0.8173839205785596 0.2709097029296815
-0.4377207768975408 -0.9351611220983577 0.05490421771402593
-1.234231354814736 0.4636775385735798 -0.449445106379568
-0.9092602136862963 0.6203299266856129 0.2750405621079781
-0.5241619361725379 0.9288883367638228 -0.2147003508726743
-0.1237790921151898 1.098287448730781 -0.2797395461261128
-0.1437862954310458 1.656559193257747 0.4340642598399729
1.445558365148 -0.4645978342022647 -0.4823392054409725
0.3167963881481465 -1.01480564045097 0.2053627430399858
-0.561788780955465 -1.211627734580103 0.4356711992158591
0.3110451067990085 1.089800542830001 -0.3164012419957227
0.3200394537582915 1.407573339143243 0.4783400098411731
-1.062639983102824 0.4576329370018105 -0.3336610512829367
1.00037755866397 -0.2118315351877698 -0.01348854171239589
0.7759117588485669 1.060259181404531 -0.4467779416768088
1.186308034747388 -0.8281303157599083 -0.4710674323240469
-0.7227154806639291 -1.113119775388086 0.434026469627092
-1.737460813022819 -0.3172032419483624 0.3789821356670031
0.6917735511962538 0.9190463611312237 -0.3350434158717613
0.3831416096972612 1.069660826440673 0.3080814989891912
0.882121595560838 0.5155237545959471 0.06028875175761231
-1.602961641826438 -0.4608131036735508 0.4353819936737689
-1.230979225981066 1.370862269429217 -0.3345104251788786
0.3601474588468774 -1.117636979619953 -0.3552096073540438
1.112133825537269 1.222159071940321 -0.4408177329924156
0.4910406935025624 1.458654236406965 0.4753512068614156
0.688300478792042 -0.9725193648178934 0.3589891443103175
-1.042446926295099 -1.578643000131592 0.2373728772656105
1.039188837981103 -1.606707017590589 -0.2159081187088889
0.5946253206942708 -1.423877867984831 -0.4734094312350729
0.9586611075003973 0.3801167549960024 -0.07065151166996918
-1.341701283615274 -1.336981559037876 0.2359992239218296
-1.801301406707796 -0.06568424515970656 -0.3623132653621199
0.2696175528155624 -1.673078635916998 -0.4217931318183481
-1.648639426280073 0.2825126339843299 0.4343304020763976
-1.469371086230715 -1.031998775561364 0.3740213714020728
1.6333043344087 -0.7331207796613631 -0.3644927762457801
1.345543706319523 -1.358712874951823 -0.2174887966119561
-1.673147530268452 0.2094110201881992 -0.428556378339901
1.015872814464455 -1.456708791800484 0.3743716680020437
-1.056777891785418 -1.016733627744079 -0.4648235215558509
-1.348855811094399 1.328178003194546 0.2378668859474536
1.632465766525864 -0.4924935581405219 0.4294499895265459
-0.8853759660079145 -1.122698725558204 -0.4654625691225089
0.8284022142564497 -1.459720279653437 0.430695224823298
-1.784704467139843 -0.3006364738520428 -0.3543858622473355
-0.06740470753581101 -1.023682869857084 0.08370425771748669
0.6526413097213929 1.257159824550994 -0.4691342204463663
-0.3491487168462081 -1.134208764392842 0.3720868065969623
1.285042995201082 0.7807601650731919 -0.4775232691437059
0.007053983234501339 1.399974828794462 -0.4665462872207941
1.117512985335635 -0.4358477083310037 0.3668407646957584
1.118087056826105 0.4307061521393458 0.3641404995072907
-1.317627188767169 1.018938250957938 -0.4367539725133318
1.307594068949208 1.202856403656267 -0.3803833332081401
-1.243587015849487 -0.56710905676829 0.4587216320642107
1.055406494238426 -0.09653512076106903 -0.1970739645094091
0.1601390780513593 -1.373054677346458 0.4614809581082164
-1.747901102628021 0.4113986790305058 0.3750347892078099
-1.129180205024008 0.1049220275887384 -0.2955544713534922
0.9920377276451231 1.469043479646723 0.3782509036600561
-0.633094452450266 1.305166217386833 0.4817738731987962
1.144265443105532 0.2192499744810098 0.3392030843263171
1.143691371616334 -0.2243915306736966 0.34190334951576
-1.08446714750213 -0.08592191314437865 -0.2501265712874494
-1.657937709360418 -0.6640586856197662 -0.3729579058736067
0.7693626248569033 1.440386734022575 -0.4470076553672317
0.9679518998992663 -0.5009849561534769 -0.2482658061431143
-0.6350974188831128 1.13914096891921 0.4325012532316577
-1.473202277832361 0.6158639341108846 0.4565973387651565
0.6277607762779095 -1.729497136415105 -0.3377474106332382
0.9712917894579544 1.076988007747797 0.47039655972076
0.3403040936112772 -1.743363898294739 0.376423826286904
0.3664758509656727 -1.468728116215802 -0.476252691505497
0.9979463581105374 1.431616552867799 -0.3915611499139683
-0.9261742367195729 -1.468138156573106 0.403648778369129
1.776440070909422 -0.7470236893989136 -0.2006901682659764
-0.4357036998713869 -1.613542851418599 -0.4326733880800828
0.09823121584469881 -1.086103522461515 0.2489775329845466
0.02419057215482638 -1.0320809366823 -0.1326719342974406
-0.8125693795542608 1.321467303335878 -0.4713471472010509
1.646220248334925 -0.6971366398178196 0.3730567421962872
0.4897632540883164 -1.604432500473719 0.4357645664915923
-1.021402540983841 -1.427139734451192 -0.4006272753957469
0.9521881198408403 -0.5442908935145493 0.2723263997542156
0.02168620734203673 -1.223591300801697 0.399374904067437
0.9546988206667387 -0.3848079841010956 -0.04122570514562885
-0.6292743333654257 -1.598970194268485 -0.4145124678361363
0.2546266767712655 -1.025079914710535 -0.182843380240912
0.9466949936992975 0.5428088427872195 0.2636216364060313
-1.287159776087258 -0.6909644496739763 -0.4715538847617068
1.869437606751124 -0.5759138038252953 -0.10520872318255
1.870270019408246 -0.5673402078377321 0.1073217235730624
-1.25894773298525 -1.127780147683251 -0.4287622385624306
0.5616569227643023 -0.8691034888701816 -0.08028608182554474
0.3815965693840758 -0.9453839658747739 -0.01008197817054561
1.510792493146395 -1.239875356468405 -0.1073217235735268
1.719090911070052 0.9243002429443777 0.1103299343906966
1.246029409882205 1.502141768876421 -0.1104490420228294
0.9052468381830021 -1.733409032101628 -0.1057410456704596
0.7676220999100062 0.673564312913002 -0.05756988462571425
0.8233254407526513 -0.8199374095321414 -0.3438564168952324
1.23987535646902 1.510792493147144 0.1073217235723745
1.239875356469014 -1.510792493147149 0.1073217235723748
0.5673402078376967 1.870270019408113 -0.1073217235732263
0.6359561577124625 -0.9088972674023038 -0.2848812718836424
1.282396398873932 -0.5328441985310333 0.4638717384280267
-0.4401462217447389 -0.9603611734315093 -0.1849529455920957
0.5673402078378453 -1.870270019408652 0.1073217235725618
0.5673402078378591 1.870270019408648 0.1073217235725614
-0.193141991861761 -1.955000286197648 -0.09403538943501953
-0.5552863660651244 1.873051254336136 -0.1081667741469019
0.8035230450688174 0.7406602172434739 -0.2589082169497356
-1.945015889254815 -0.1915673444846744 0.1073217235730839
-0.6411814918169005 -0.9309628519645873 -0.2916911260414349
-0.1915673444847251 1.945015889255252 0.1073217235725612
-1.23905540515071 -1.522658655396238 -0.09603227357463329
-1.502642319364935 1.248021273609525 -0.1085308109827482
-0.191567344484742 -1.94501588925525 0.1073217235725617
-0.6186129660437901 -0.8561884827152713 0.1749999323153174
-1.72365072157569 -0.9213105051718072 0.1073217235725618
-1.870270019408646 0.5673402078378659 0.1073217235725614
-1.510792493147018 1.239875356468927 0.1073217235725614
-0.7525911913982318 -0.7557498860896724 -0.1931477182951933
-0.9262909478058416 -0.6771063248947707 -0.3147768673863867
-0.9172247030626189 1.719116126953113 0.1139890942890728
-0.912623043127771 -1.727302586714815 0.1082701896955494
-1.722822164333669 -0.9234857245851146 -0.106965561258238
-1.957015321414704 -0.1901837432252021 -0.09146736818388897
-1.862643504480546 0.5783442525394538 -0.11187284835678
-0.9580588819497837 -0.3579039962374935 -0.08194732844018883
-0.7324481104723196 -0.7061755681735077 0.0336861767554375
-1.065672744772534 -0.8014458017168978 -0.4472846702998821
-0.9946160743857367 -0.47473930344193 -0.2659173563092887
-0.7269325782356145 -0.9177731710161341 0.3556870656816969
-1.110079694942099 -0.1943790028851031 0.3033391939655238
-1.045658130676687 -0.04884593305854237 0.1347247838853597
-1.164866205515239 -0.3910584847278233 -0.3957848667842734
-1.010175868925062 -0.1509854152726931 -0.07334487647809133
-1.052282219815612 0.1595128360231803 0.1842003910114271
-1.033071596531258 0.2670465134882227 -0.210419370053275
-0.9773068380429063 0.3014988443450393 0.01531667117557154
-0.8962444482230635 0.5024798132165098 0.07991339288768114
-0.917339064329535 0.6318214368919255 -0.2958361673657595
-0.8114818651639641 1.001723452105048 0.4261719765503609
-1.022495058904809 1.030495016470953 0.4720263284249375
-0.6499379618355422 0.7911889823142214 -0.05466459749016375
-0.8067082879381262 0.6422159822498082 -0.1079977644239883
-0.7783217964748638 0.8103763014988296 0.3000702003344249
-0.3080791610474519 0.9932438517931512 -0.1410960519573946
1.518510556789799 1.231890244677754 -0.1061247349942857
-0.6085357049090471 0.8414991880941395 0.1582761980479525
0.4904688726576049 0.9555227952442639 -0.2350635774465289
-0.4381617507453406 0.9674058602856658 0.208153367344997
0.1012753808153419 1.060962341726501 -0.2037583078530056
1.043176208852559 0.1101548582340141 0.1808851576075728
1.042602137363362 -0.115296414426701 0.1835854227970159
-0.2634812325467498 0.9814511695350759 0.06881687072216038
1.314954341815991 -0.1253355070995652 -0.4436913947035024
1.316571437388545 0.1090951162469961 -0.4428357235831687
1.31657143738855 0.1090951162469955 0.4428357235831708
1.316571437388549 -0.1090951162469959 0.4428357235831706
1.466394856646935 -0.4194309694705982 0.4804461926722288
0.645143140638053 0.7905742301601536 0.06502865718293956
-0.06473399822812438 1.039672769314839 0.1550483743148785
0.1157225462017051 1.014140344568633 0.02111668990843068
1.7701365889097 -0.739966023434483 0.2102914758647628
1.154878632918843 -0.2218706278606339 -0.3562475623484889
0.3147628067859822 0.9816023190315349 0.1072074964963931
1.030875722280333 0.8584313435313063 0.4480117178883437
0.4797394072582153 0.8941465686036656 -0.03632983671584938
0.5614165864078478 -1.077734809316314 -0.3870433953417751
-0.573903122323745 -1.870926624660858 -0.1042006672541495
-1.511068187072915 -1.24010161262664 0.1068965363517685
0.8901478178773479 0.7411497427953345 0.3413239265816837
0.6060705299983766 1.022505417703863 0.3601050923359279
-0.6826297099341199 1.643462808431416 -0.3751187044865347
0.7030954604669352 0.8308745718512137 0.2605895837419186
1.03913389211851 -1.297325054558542 -0.4399494681005494
1.258334871704758 -0.7573186868725017 0.4697074208364172
0.3696890199172199 1.885632943094158 -0.2065707689660319
-0.002924224936711297 -1.927910359619569 -0.1987700901849695
-0.7279121816618779 1.772917823837598 -0.2111365264385918
-0.6715320656980808 1.633461608319683 0.3893757630477407
1.731092080969673 -0.9266725438408336 -0.09548144508342656
1.848723565926053 0.2205630415195399 -0.3269863624202003
-1.290888498423419 0.1443629609461677 0.4286449180193035
1.231256795962103 0.770961193679326 0.4726440912102159
-0.759562832761099 -1.782897698692848 -0.1809360652033154
-1.499084326371603 0.9871095045608086 -0.367679630016976
-0.8603481641740226 1.501152317270548 -0.4145209286865536
1.589420720072085 1.072620636450488 0.2123082850874893
0.9014666096670041 -1.142992538372912 -0.4753008665801567
1.000597355449374 0.1959456655289389 -0.01010717240028117
1.368442215666205 1.337934262548381 -0.216573777017115
0.8595830304987674 -0.6580287008012763 -0.2260751088104274
0.7348404897735383 1.77036890609064 0.2130775164490945
0.7381080658899455 -1.772027278101423 0.2093000742693661
0.3752659004296913 1.881722477530702 0.2109514584927083
-1.880658064287597 -0.3721492783397546 0.2131002108094059
-1.913784072941517 0.01308240424561895 0.2151605828941882
-0.0003462101607820123 -1.918176818814824 0.2116262637615028
-0.3685774644723602 1.877228495694854 0.2181358797902494
-0.722267502293128 -1.777919830220765 0.2111177244286723
-1.587539961461118 -1.077445901134986 -0.2098016761573249
-1.762876245534902 0.7588389411706343 -0.2093555114645391
-1.773902722118078 -0.7316263810519885 -0.2097912935192748
-1.925149040033277 -0.003692111668724259 -0.2022205035597102
0.6541876120553205 1.631471974663301 -0.3877702441618969
-0.3818626112646845 -1.889483702248831 -0.1982360566891689
1.850126308610948 0.2226506011773234 0.3239434281127685
-1.593081624648345 -1.064505153417633 0.2142182599243303
1.723956186312828 -0.928188473863966 0.1029697522917003
0.9649210884972375 -0.9217960948982563 -0.4527832958622799
0.1875313150003412 1.951806132295722 -0.09924904539280567
0.1902177669250405 -1.947290447292895 -0.1047347007499501
1.886132032015343 0.352710815854742 0.2060922979150108
-0.9281884738639583 1.723956186312842 -0.1029697522916901
0.9190174843498911 -0.7337487191237978 0.3546215297673776
-0.2749831887020961 1.840745316775908 -0.3180322710281664
1.511967093002288 1.245227357886934 0.1019783506967926
-0.04235063712639778 1.489910509125557 0.488433971333133
-0.5940696545084746 -1.251000835358535 -0.4635294665832231
0.9230629402028977 1.724188503493366 0.105755792876533
0.926330516319307 -1.725846875504149 0.1019783506968043
0.1912211343239508 -1.947541303430547 0.1043045401889409
0.1931081955126502 1.947895666731731 0.1036297349201468
-1.872085383642462 -0.5657644367758771 0.1057784872363219
-1.943148557557675 0.2046497487303079 0.1078388593211042
-0.562192622908439 1.868655815049281 0.1108141562176881
-1.50635508112771 -1.250867140930686 -0.1028361148990871
-0.5652071174325802 -1.874706860317321 0.1028475347331228
-1.724322357865727 0.9360573468984056 -0.09748266310775922
-1.875170174595789 -0.5637033147340733 -0.1028257322610369
-1.942514092489547 0.1864916315564924 -0.1107531353758213
1.88472928933045 0.3506232561969586 -0.2091352322224423
0.8048768155551453 1.492893164276936 0.4296318121736453
1.156141453787604 0.194885923541921 -0.3493102567265975
0.7335389545864111 1.151337252864475 0.4632242770081093
1.358795176611242 -1.357721335829561 0.2080563068733926
1.308909188713351 0.5535286194212716 -0.4720316396714256
-0.9344656085844156 -0.4275571197508353 0.1030454740402935
-0.8636731911840076 -0.5972873257957223 0.1501873239770898
0.9457272172647823 -1.505063772675963 -0.3797314978249951
-0.9753620200907035 1.177386280106933 -0.473921974757223
-1.362961498504418 0.2890353329968982 -0.4686652167561232
1.515017571148021 -1.243026593688211 0.1007345833010176
-1.449460854680281 0.3841007235830212 0.4879432709639536
-1.332059931512487 0.3140700257848353 0.4720648726799221
1.247290254975431 -1.242745904935773 -0.3834478125579698
-1.234687534673388 -1.316878078654761 -0.3595826203774619
-0.6993360765932143 -1.070560789251676 -0.4359958338111155
-0.3580228829463684 1.905798543541384 -0.1781921605292554
-0.4051119169902247 -1.267655174803803 -0.451057384159298
1.657820071491871 -0.09804294859685693 -0.443880796486515
1.657820071492305 -0.09804294859687251 0.4438807964863834
-0.07644872928725023 1.346646590418533 0.4643606274657793
-1.354561429387874 1.381302568987998 -0.1869414268319579
-1.645719997855525 -0.681506986969551 0.3768217923887335
-1.487782942424094 -0.1224558197615856 -0.4892277896137269
1.609121895849341 1.054946849178142 -0.204572658877936
-1.348372168402949 -0.07413160503532963 -0.4651220753993481
1.355744698465509 1.359922100028284 0.2093000742691672
1.066031332291088 1.593343712640259 0.2130775164489076
1.069298908407499 -1.595002084651043 0.2093000742691792
-0.3255842548719858 -1.76954362638648 -0.3602777468504872
-0.07373728140619688 1.586305291494333 -0.4702241241969977
0.3733788392409927 -1.881368114229519 0.2116262637615028
0.001540851027917922 1.91853118211601 0.2109514584927081
-1.771646488406772 -0.7315122836804849 0.2131002108088837
-1.876975368356646 0.3868074536473488 0.2151605828936658
-1.349312735272614 -1.377428045321136 -0.1988683884737202
-0.3715919589965007 -1.883279540962895 0.2101692583056847
-1.585327393230415 1.087171656127094 -0.2060134740905073
-0.7238546677038532 1.763682325191016 0.224803250506761
-1.895742287400812 -0.3687045550384787 -0.1942931004449258
-1.868714388360417 0.3796533811751212 -0.2226259837326012
1.600247290115816 -1.06964093592841 -0.2028031686569532
1.00682054141081 1.034028609948634 -0.4739079596761215
-0.8742608135182003 -1.344006901293806 -0.4704459411473734
1.954043268716502 -0.2227306908742463 0.09002457206943988
-0.771793036296465 -1.686322130941682 -0.3248168351206873
1.261920954685926 0.5415769022954803 0.4664751630048154
1.918037545312107 -0.09267047619682728 0.2078757022671976
0.6936058577701321 -1.64419397510127 0.3729453546629953
-1.630350295529498 0.4612833746758045 -0.4297486642150789
-0.6906827155101286 -1.411628338130099 -0.4761627399082468
-0.205884671096834 -1.26803931866151 0.4270464776421122
-1.650249289608933 0.6218440153763588 0.4024673341290577
1.732248623059797 0.919963568881212 -0.09844792388365038
1.953338222147513 -0.2246544334901145 -0.09066950659025624
-1.08580270187462 -0.9135426795142308 0.4694312905757485
-1.094556035430027 1.222871137939111 0.4582962678673466
0.7221921288548468 -1.79662519404775 -0.1873556189513706
1.917332498743117 -0.09459421881269547 -0.2085206367880144
0.690647969771751 1.663373799867746 0.3717801485350582
-0.9803431459068085 -1.582113107960681 -0.3166484414411712
0.67775089443569 -0.7662085459514785 0.0658481433382973
0.03772567890111733 -1.302769972157269 -0.4337301798191708
1.089968292326147 0.8360221958404294 -0.4609301764139295
-1.39934048172612 -0.4023493106234463 0.4741162796336019
-1.318028110250068 -0.4829441541377424 -0.4689135923231961
1.597336473460598 -1.074308103171349 0.203704335592718
0.6853313906178031 -1.209971394920808 -0.468536111071242
0.06124890563519889 1.742643664187766 -0.4038670138739877
-1.166569200276696 0.3904257141026524 0.3957177905861675
-0.9135247287664482 -0.8241305289620247 0.3975646762561296
-1.310795534454036 0.6388205250218287 -0.4756454754245845
0.970809003636468 0.6838666234085764 -0.3576649594925911
0.0581501831538345 1.216208981740318 0.3865256334832702
0.7448275509403138 -1.276779913028387 0.4805998772843322
1.791339819939987 -0.1907134247936993 0.3672387018891567
0.1643038357336747 -1.701884790314751 0.4249580567197888
1.790634773370565 -0.1926371674095519 -0.3678836364101045
1.060280822675512 -0.8497800222817206 0.4549715771173108
0.883872231655399 -0.505811164770568 0.1018006909432269
1.961098158250586 0.2103811671480856 -0.08112417979875247
-1.204536968966908 0.8267030060210295 -0.4755664796442542
0.3775432129432885 -1.898153017440714 -0.1863492740308611
1.962500900935487 0.2124687268058685 0.07808124549131505
-1.083370809474451 -1.617082062239352 -0.1727676715237992
1.926495177531092 0.08240851212844975 0.1959323756890728
1.474391508880853 -0.2071380648438681 0.4843475930073711
1.472774413307864 -0.2233784556964218 -0.4852032641278354
0.359311037022285 1.764766625470031 0.3702854610566648
-1.300899299274975 -1.203450815736976 0.395802335399572
1.021264400557325 -1.054343626642219 0.4772546254724183
-0.3456181561079448 -1.771505055303766 0.3685212495674029
1.92509243484619 0.08032095247066691 -0.1989753099965106
0.005642688251348292 1.797842564063505 0.3711462765388818
0.4081739339323259 -1.793087794546775 -0.3367410657127287
0.5725079489390515 -1.887305778757499 -0.0816145732809111
-1.076793315542878 -0.5273141121504246 0.3899549661494339
-1.425863968168704 1.031570838098029 0.4037473722633313
-1.248016861028728 1.529379046384278 -0.07841061584920987
1.055052219534633 0.08579080729492461 -0.1909923300078513
-0.9412223687045773 -1.73606069084336 -0.07673539794916601
1.886332620288959 -0.415385734394597 -0.1958782297728061
0.6733218929329855 1.351766076740309 0.4811905915086075
-1.079298370511869 1.61169794869686 -0.1813803681408999
1.88787007951507 -0.4048883957911655 0.1973462956425024
-0.06460811869367049 1.108667866970663 0.3152064525426939
0.005811236878657394 -1.810524521633808 0.3674822177669494
-0.7393552172411337 -1.528704676947857 0.4285235228631554
-1.125397767187627 0.2207186492639848 0.3522978359255489
-0.0003877048017137821 1.946616256239677 -0.1692744317751592
-0.1594360945567466 -1.725589106415106 0.4215296688397266
-0.4315633960303057 1.073700490504518 0.3562766463127662
0.07809297590660079 -1.542214127906668 0.4842228542897709
-1.051004159825106 -0.3661716086125955 0.280262336082555
0.5071928244286655 1.646319061125083 0.4253583582224817
-0.1879190198020479 1.969190497814929 -0.07002538638235366
1.772444707980919 -0.3833684683140344 -0.3552412293948963
-0.08618405741262125 -1.461899421949243 -0.4820871864501837
-1.202600291656355 -0.2091596753950725 -0.3885965337245316
1.773982167207463 -0.3728711297106186 0.3567092952644615
0.1812551693286743 1.710251196618556 0.4231585555302771
-1.287478735285255 0.1208662455256447 -0.4380162629597089
-0.6652723659820167 -1.689826764012293 0.3650951564927596
-0.04740822523485979 1.868753216409688 -0.3091145422740702
-0.2685036812240779 -1.44373242548192 0.4827069604192087
-1.293267136714679 1.20521876977132 0.3990211303958715
-0.1229789049299657 -1.568443858182317 0.477777283026088
-0.5916019469578399 -1.405937790227513 0.4810389645661732
0.8281567695535731 -1.093447767723631 0.464984019503121
-1.530047980586927 0.3074807720156668 -0.4844392443485249
-1.056740532549691 1.518349095060749 -0.3289493664878206
-0.2603082277942597 1.292527102982319 0.4532736920138379
-0.4331116590944576 1.375511944544707 0.4817247303759976
-0.4415808929758269 -1.504211926860662 0.4731150547243728
-1.773449845211023 0.3632136228483367 -0.373865798206455
-0.3081543444978396 -1.44285533472548 -0.4818515777282683
0.1581357169907839 1.540722735009886 0.4812202556758516
-0.256756998297261 1.156740897409752 0.377098227917745
-0.4822381782329129 -1.67483930844972 0.4151769580589285
-0.9364301972863119 -0.6536575982833766 0.3333786901114024
0.788307719129966 -0.6440936157527353 -0.02096573863499538
$EndNodes
$Elements
1 1386 1 1386
2 1 3 1386
1 43 440 925 421 
2 77 422 925 440 
3 38 421 925 422 
4 34 402 926 401 
5 75 434 926 402 
6 41 401 926 434 
7 3 248 927 246 
8 107 567 927 248 
9 75 246 927 567 
10 186 907 928 906 
11 216 914 928 907 
12 196 906 928 914 
13 77 575 929 247 
14 199 249 929 575 
15 3 247 929 249 
16 177 894 930 769 
17 201 771 930 894 
18 125 769 930 771 
19 88 623 931 620 
20 188 674 931 623 
21 101 620 931 674 
22 48 463 932 461 
23 201 894 932 463 
24 177 461 932 894 
25 59 507 933 505 
26 180 683 933 507 
27 104 505 933 683 
28 6 263 934 260 
29 155 268 934 263 
30 7 260 934 268 
31 130 786 935 452 
32 176 454 935 786 
33 46 452 935 454 
34 131 790 936 520 
35 181 521 936 790 
36 63 520 936 521 
37 163 877 937 509 
38 193 512 937 877 
39 60 509 937 512 
40 63 523 938 520 
41 196 791 938 523 
42 131 520 938 791 
43 134 803 939 800 
44 190 804 939 803 
45 135 800 939 804 
46 15 308 940 300 
47 156 303 940 308 
48 14 300 940 303 
49 139 820 941 622 
50 188 623 941 820 
51 88 622 941 623 
52 46 455 942 452 
53 192 787 942 455 
54 130 452 942 787 
55 196 914 943 811 
56 216 812 943 914 
57 137 811 943 812 
58 38 422 944 419 
59 77 424 944 422 
60 39 419 944 424 
61 33 395 945 394 
62 75 402 945 395 
63 34 394 945 402 
64 154 859 946 802 
65 190 803 946 859 
66 134 802 946 803 
67 3 246 947 240 
68 75 241 947 246 
69 2 240 947 241 
70 2 242 948 240 
71 77 247 948 242 
72 3 240 948 247 
73 68 540 949 539 
74 160 831 949 540 
75 144 539 949 831 
76 151 849 950 662 
77 169 663 950 849 
78 98 662 950 663 
79 129 785 951 779 
80 156 781 951 785 
81 128 779 951 781 
82 169 883 952 663 
83 199 664 952 883 
84 98 663 952 664 
85 140 823 953 695 
86 195 697 953 823 
87 107 695 953 697 
88 162 873 954 872 
89 193 877 954 873 
90 163 872 954 877 
91 47 457 955 456 
92 146 808 955 457 
93 136 456 955 808 
94 107 696 956 695 
95 167 822 956 696 
96 140 695 956 822 
97 136 809 957 456 
98 165 458 957 809 
99 47 456 957 458 
100 126 774 958 773 
101 129 779 958 774 
102 128 773 958 779 
103 13 298 959 290 
104 147 292 959 298 
105 12 290 959 292 
106 86 614 960 612 
107 157 659 960 614 
108 97 612 960 659 
109 130 787 961 636 
110 192 637 961 787 
111 91 636 961 637 
112 42 438 962 436 
113 144 815 962 438 
114 138 436 962 815 
115 180 899 963 683 
116 189 684 963 899 
117 104 683 963 684 
118 105 690 964 613 
119 157 614 964 690 
120 86 613 964 614 
121 43 441 965 440 
122 98 574 965 441 
123 77 440 965 574 
124 64 527 966 524 
125 205 840 966 527 
126 148 524 966 840 
127 52 480 967 477 
128 188 820 967 480 
129 139 477 967 820 
130 138 814 968 436 
131 143 437 968 814 
132 42 436 968 437 
133 183 903 969 525 
134 205 527 969 903 
135 64 525 969 527 
136 62 517 970 516 
137 147 776 970 517 
138 127 516 970 776 
139 127 777 971 516 
140 189 519 971 777 
141 62 516 971 519 
142 107 697 972 567 
143 195 568 972 697 
144 75 567 972 568 
145 22 343 973 335 
146 185 339 973 343 
147 21 335 973 339 
148 54 486 974 485 
149 166 821 974 486 
150 140 485 974 821 
151 75 568 975 434 
152 195 435 975 568 
153 41 434 975 435 
154 43 443 976 442 
155 210 920 976 443 
156 206 442 976 920 
157 139 819 977 477 
158 172 479 977 819 
159 52 477 977 479 
160 7 268 978 266 
161 155 478 978 268 
162 52 266 978 478 
163 112 719 979 711 
164 200 714 979 719 
165 111 711 979 714 
166 114 724 980 715 
167 115 716 980 724 
168 112 715 980 716 
169 144 833 981 570 
170 204 572 981 833 
171 76 570 981 572 
172 141 825 982 464 
173 197 466 982 825 
174 49 464 982 466 
175 206 920 983 667 
176 210 668 983 920 
177 99 667 983 668 
178 28 373 984 370 
179 164 378 984 373 
180 29 370 984 378 
181 12 292 985 291 
182 147 517 985 292 
183 62 291 985 517 
184 61 513 986 306 
185 156 308 986 513 
186 15 306 986 308 
187 144 832 987 539 
188 161 541 987 832 
189 68 539 987 541 
190 98 664 988 574 
191 199 575 988 664 
192 77 574 988 575 
193 53 483 989 481 
194 191 855 989 483 
195 153 481 989 855 
196 153 854 990 851 
197 168 852 990 854 
198 152 851 990 852 
199 126 773 991 626 
200 128 627 991 773 
201 89 626 991 627 
202 91 637 992 635 
203 192 653 992 637 
204 95 635 992 653 
205 86 612 993 611 
206 97 656 993 612 
207 96 611 993 656 
208 153 855 994 854 
209 191 882 994 855 
210 168 854 994 882 
211 57 499 995 262 
212 155 263 995 499 
213 6 262 995 263 
214 96 657 996 619 
215 136 621 996 657 
216 88 619 996 621 
217 51 473 997 472 
218 158 863 997 473 
219 157 472 997 863 
220 185 905 998 759 
221 194 760 998 905 
222 122 759 998 760 
223 134 800 999 745 
224 135 746 999 800 
225 119 745 999 746 
226 96 658 1000 657 
227 165 809 1000 658 
228 136 657 1000 809 
229 153 856 1001 481 
230 198 484 1001 856 
231 53 481 1001 484 
232 163 876 1002 758 
233 185 759 1002 876 
234 122 758 1002 759 
235 102 675 1003 587 
236 103 588 1003 675 
237 80 587 1003 588 
238 140 822 1004 485 
239 167 487 1004 822 
240 54 485 1004 487 
241 117 739 1005 718 
242 200 719 1005 739 
243 112 718 1005 719 
244 97 661 1006 656 
245 165 658 1006 661 
246 96 656 1006 658 
247 124 765 1007 737 
248 125 738 1007 765 
249 117 737 1007 738 
250 149 843 1008 842 
251 216 908 1008 843 
252 187 842 1008 908 
253 14 303 1009 302 
254 156 535 1009 303 
255 66 302 1009 535 
256 119 748 1010 747 
257 209 868 1010 748 
258 159 747 1010 868 
259 110 710 1011 708 
260 114 715 1011 710 
261 112 708 1011 715 
262 106 692 1012 688 
263 148 689 1012 692 
264 105 688 1012 689 
265 85 609 1013 608 
266 126 626 1013 609 
267 89 608 1013 626 
268 86 611 1014 600 
269 96 601 1014 611 
270 83 600 1014 601 
271 81 593 1015 592 
272 96 619 1015 593 
273 88 592 1015 619 
274 104 685 1016 505 
275 208 508 1016 685 
276 59 505 1016 508 
277 42 439 1017 438 
278 204 833 1017 439 
279 144 438 1017 833 
280 116 735 1018 734 
281 134 745 1018 735 
282 119 734 1018 745 
283 114 727 1019 726 
284 194 762 1019 727 
285 123 726 1019 762 
286 88 620 1020 583 
287 101 584 1020 620 
288 79 583 1020 584 
289 102 678 1021 675 
290 211 681 1021 678 
291 103 675 1021 681 
292 87 618 1022 617 
293 106 688 1022 618 
294 105 617 1022 688 
295 36 412 1023 410 
296 143 445 1023 412 
297 44 410 1023 445 
298 101 673 1024 669 
299 150 670 1024 673 
300 100 669 1024 670 
301 144 831 1025 815 
302 160 816 1025 831 
303 138 815 1025 816 
304 122 760 1026 725 
305 194 727 1026 760 
306 114 725 1026 727 
307 175 891 1027 453 
308 192 455 1027 891 
309 46 453 1027 455 
310 78 580 1028 579 
311 101 669 1028 580 
312 100 579 1028 669 
313 72 558 1029 557 
314 102 587 1029 558 
315 80 557 1029 587 
316 70 550 1030 449 
317 99 450 1030 550 
318 45 449 1030 450 
319 175 892 1031 891 
320 193 912 1031 892 
321 192 891 1031 912 
322 51 476 1032 473 
323 213 867 1032 476 
324 158 473 1032 867 
325 118 743 1033 736 
326 124 737 1033 743 
327 117 736 1033 737 
328 57 498 1034 497 
329 151 846 1034 498 
330 150 497 1034 846 
331 202 917 1035 677 
332 211 678 1035 917 
333 102 677 1035 678 
334 135 806 1036 746 
335 209 748 1036 806 
336 119 746 1036 748 
337 65 530 1037 342 
338 185 343 1037 530 
339 22 342 1037 343 
340 49 465 1038 371 
341 164 373 1038 465 
342 28 371 1038 373 
343 124 767 1039 766 
344 197 825 1039 767 
345 141 766 1039 825 
346 99 668 1040 450 
347 210 451 1040 668 
348 45 450 1040 451 
349 21 339 1041 338 
350 185 904 1041 339 
351 184 338 1041 904 
352 187 908 1042 537 
353 216 538 1042 908 
354 67 537 1042 538 
355 141 824 1043 768 
356 177 769 1043 824 
357 125 768 1043 769 
358 130 788 1044 786 
359 217 893 1044 788 
360 176 786 1044 893 
361 60 511 1045 509 
362 184 875 1045 511 
363 163 509 1045 875 
364 76 571 1046 570 
365 161 832 1046 571 
366 144 570 1046 832 
367 29 378 1047 377 
368 164 542 1047 378 
369 68 377 1047 542 
370 187 909 1048 842 
371 224 845 1048 909 
372 149 842 1048 845 
373 53 484 1049 482 
374 198 886 1049 484 
375 171 482 1049 886 
376 109 706 1050 704 
377 223 792 1050 706 
378 131 704 1050 792 
379 66 534 1051 297 
380 147 298 1051 534 
381 13 297 1051 298 
382 74 565 1052 563 
383 203 853 1052 565 
384 152 563 1052 853 
385 132 795 1053 705 
386 223 706 1053 795 
387 109 705 1053 706 
388 171 886 1054 885 
389 198 911 1054 886 
390 190 885 1054 911 
391 67 538 1055 536 
392 216 907 1055 538 
393 186 536 1055 907 
394 115 728 1056 716 
395 116 717 1056 728 
396 112 716 1056 717 
397 101 674 1057 673 
398 188 848 1057 674 
399 150 673 1057 848 
400 114 726 1058 724 
401 123 729 1058 726 
402 115 724 1058 729 
403 98 665 1059 662 
404 206 850 1059 665 
405 151 662 1059 850 
406 136 807 1060 621 
407 139 622 1060 807 
408 88 621 1060 622 
409 44 444 1061 428 
410 73 429 1061 444 
411 40 428 1061 429 
412 41 433 1062 432 
413 69 448 1062 433 
414 45 432 1062 448 
415 157 864 1063 472 
416 205 475 1063 864 
417 51 472 1063 475 
418 57 500 1064 498 
419 169 849 1064 500 
420 151 498 1064 849 
421 95 654 1065 652 
422 193 873 1065 654 
423 162 652 1065 873 
424 37 417 1066 409 
425 143 412 1066 417 
426 36 409 1066 412 
427 142 827 1067 801 
428 154 802 1067 827 
429 134 801 1067 802 
430 176 893 1068 514 
431 217 515 1068 893 
432 61 514 1068 515 
433 90 633 1069 632 
434 222 694 1069 633 
435 106 632 1069 694 
436 54 488 1070 486 
437 170 880 1070 488 
438 166 486 1070 880 
439 127 778 1071 777 
440 214 910 1071 778 
441 189 777 1071 910 
442 41 432 1072 406 
443 45 408 1072 432 
444 35 406 1072 408 
445 35 407 1073 405 
446 44 428 1073 407 
447 40 405 1073 428 
448 93 646 1074 631 
449 222 633 1074 646 
450 90 631 1074 633 
451 186 906 1075 522 
452 196 523 1075 906 
453 63 522 1075 523 
454 150 848 1076 847 
455 188 861 1076 848 
456 155 847 1076 861 
457 138 817 1077 814 
458 226 830 1077 817 
459 143 814 1077 830 
460 84 605 1078 604 
461 214 778 1078 605 
462 127 604 1078 778 
463 156 862 1079 781 
464 217 782 1079 862 
465 128 781 1079 782 
466 49 467 1080 464 
467 212 826 1080 467 
468 141 464 1080 826 
469 140 821 1081 553 
470 166 554 1081 821 
471 71 553 1081 554 
472 154 858 1082 493 
473 174 495 1082 858 
474 56 493 1082 495 
475 124 766 1083 765 
476 141 768 1083 766 
477 125 765 1083 768 
478 150 847 1084 497 
479 155 499 1084 847 
480 57 497 1084 499 
481 65 531 1085 530 
482 194 905 1085 531 
483 185 530 1085 905 
484 31 388 1086 387 
485 161 571 1086 388 
486 76 387 1086 571 
487 133 799 1087 797 
488 201 896 1087 799 
489 178 797 1087 896 
490 115 730 1088 728 
491 134 735 1088 730 
492 116 728 1088 735 
493 116 732 1089 717 
494 117 718 1089 732 
495 112 717 1089 718 
496 158 865 1090 660 
497 165 661 1090 865 
498 97 660 1090 661 
499 152 852 1091 563 
500 168 564 1091 852 
501 74 563 1091 564 
502 56 496 1092 493 
503 190 859 1092 496 
504 154 493 1092 859 
505 50 471 1093 468 
506 223 836 1093 471 
507 145 468 1093 836 
508 44 446 1094 444 
509 159 561 1094 446 
510 73 444 1094 561 
511 115 731 1095 730 
512 142 801 1095 731 
513 134 730 1095 801 
514 143 830 1096 445 
515 226 447 1096 830 
516 44 445 1096 447 
517 133 797 1097 796 
518 178 834 1097 797 
519 145 796 1097 834 
520 116 733 1098 732 
521 118 736 1098 733 
522 117 732 1098 736 
523 69 543 1099 448 
524 70 449 1099 543 
525 45 448 1099 449 
526 131 791 1100 699 
527 196 701 1100 791 
528 108 699 1100 701 
529 31 387 1101 385 
530 76 391 1101 387 
531 32 385 1101 391 
532 32 390 1102 385 
533 74 386 1102 390 
534 31 385 1102 386 
535 131 792 1103 790 
536 223 900 1103 792 
537 181 790 1103 900 
538 119 744 1104 740 
539 120 741 1104 744 
540 118 740 1104 741 
541 116 734 1105 733 
542 119 740 1105 734 
543 118 733 1105 740 
544 29 377 1106 375 
545 68 381 1106 377 
546 30 375 1106 381 
547 4 251 1107 245 
548 107 248 1107 251 
549 3 245 1107 248 
550 5 257 1108 255 
551 57 262 1108 257 
552 6 255 1108 262 
553 27 366 1109 365 
554 49 371 1109 366 
555 28 365 1109 371 
556 78 578 1110 549 
557 99 550 1110 578 
558 70 549 1110 550 
559 120 750 1111 749 
560 138 754 1111 750 
561 121 749 1111 754 
562 6 261 1112 255 
563 54 256 1112 261 
564 5 255 1112 256 
565 29 376 1113 370 
566 53 372 1113 376 
567 28 370 1113 372 
568 7 266 1114 265 
569 52 271 1114 266 
570 8 265 1114 271 
571 120 749 1115 741 
572 121 742 1115 749 
573 118 741 1115 742 
574 73 559 1116 429 
575 152 430 1116 559 
576 40 429 1116 430 
577 110 708 1117 707 
578 112 711 1117 708 
579 111 707 1117 711 
580 27 367 1118 360 
581 56 361 1118 367 
582 26 360 1118 361 
583 8 272 1119 265 
584 55 267 1119 272 
585 7 265 1119 267 
586 24 351 1120 350 
587 48 356 1120 351 
588 25 350 1120 356 
589 10 281 1121 280 
590 47 286 1121 281 
591 11 280 1121 286 
592 78 579 1122 578 
593 100 666 1122 579 
594 99 578 1122 666 
595 18 321 1123 315 
596 46 316 1123 321 
597 17 315 1123 316 
598 110 707 1124 702 
599 111 703 1124 707 
600 109 702 1124 703 
601 10 282 1125 275 
602 59 276 1125 282 
603 9 275 1125 276 
604 21 336 1126 335 
605 50 341 1126 336 
606 22 335 1126 341 
607 13 296 1127 295 
608 51 301 1127 296 
609 14 295 1127 301 
610 25 357 1128 350 
611 58 352 1128 357 
612 24 350 1128 352 
613 113 720 1129 709 
614 114 710 1129 720 
615 110 709 1129 710 
616 20 331 1130 325 
617 60 326 1130 331 
618 19 325 1130 326 
619 16 311 1131 305 
620 61 306 1131 311 
621 15 305 1131 306 
622 14 302 1132 295 
623 66 297 1132 302 
624 13 295 1132 297 
625 94 649 1133 648 
626 110 702 1133 649 
627 109 648 1133 702 
628 94 648 1134 647 
629 109 698 1134 648 
630 108 647 1134 698 
631 12 291 1135 285 
632 62 287 1135 291 
633 11 285 1135 287 
634 23 346 1136 340 
635 65 342 1136 346 
636 22 340 1136 342 
637 19 327 1137 325 
638 63 332 1137 327 
639 20 325 1137 332 
640 17 317 1138 315 
641 67 322 1138 317 
642 18 315 1138 322 
643 15 307 1139 305 
644 64 312 1139 307 
645 16 305 1139 312 
646 92 640 1140 639 
647 94 643 1140 640 
648 93 639 1140 643 
649 94 650 1141 649 
650 113 709 1141 650 
651 110 649 1141 709 
652 109 704 1142 698 
653 131 699 1142 704 
654 108 698 1142 699 
655 94 647 1143 643 
656 108 644 1143 647 
657 93 643 1143 644 
658 113 721 1144 720 
659 122 725 1144 721 
660 114 720 1144 725 
661 91 635 1145 634 
662 95 641 1145 635 
663 92 634 1145 641 
664 91 634 1146 629 
665 92 630 1146 634 
666 90 629 1146 630 
667 108 700 1147 644 
668 137 645 1147 700 
669 93 644 1147 645 
670 92 639 1148 630 
671 93 631 1148 639 
672 90 630 1148 631 
673 89 625 1149 624 
674 91 629 1149 625 
675 90 624 1149 629 
676 90 632 1150 616 
677 106 618 1150 632 
678 87 616 1150 618 
679 89 624 1151 615 
680 90 616 1151 624 
681 87 615 1151 616 
682 85 608 1152 607 
683 89 615 1152 608 
684 87 607 1152 615 
685 87 617 1153 610 
686 105 613 1153 617 
687 86 610 1153 613 
688 84 604 1154 603 
689 127 772 1154 604 
690 126 603 1154 772 
691 127 775 1155 772 
692 129 774 1155 775 
693 126 772 1155 774 
694 85 606 1156 599 
695 86 600 1156 606 
696 83 599 1156 600 
697 85 607 1157 606 
698 87 610 1157 607 
699 86 606 1157 610 
700 84 603 1158 602 
701 126 609 1158 603 
702 85 602 1158 609 
703 83 601 1159 591 
704 96 593 1159 601 
705 81 591 1159 593 
706 4 253 1160 250 
707 169 259 1160 253 
708 5 250 1160 259 
709 84 602 1161 598 
710 85 599 1161 602 
711 83 598 1161 599 
712 79 584 1162 577 
713 101 580 1162 584 
714 78 577 1162 580 
715 82 595 1163 594 
716 84 598 1163 595 
717 83 594 1163 598 
718 81 592 1164 582 
719 88 583 1164 592 
720 79 582 1164 583 
721 35 408 1165 404 
722 45 411 1165 408 
723 36 404 1165 411 
724 36 410 1166 404 
725 44 407 1166 410 
726 35 404 1166 407 
727 82 594 1167 590 
728 83 591 1167 594 
729 81 590 1167 591 
730 38 420 1168 414 
731 42 415 1168 420 
732 37 414 1168 415 
733 37 416 1169 414 
734 43 421 1169 416 
735 38 414 1169 421 
736 34 401 1170 399 
737 41 406 1170 401 
738 35 399 1170 406 
739 35 405 1171 399 
740 40 400 1171 405 
741 34 399 1171 400 
742 152 853 1172 430 
743 203 431 1172 853 
744 40 430 1172 431 
745 72 555 1173 548 
746 78 549 1173 555 
747 70 548 1173 549 
748 80 586 1174 585 
749 82 590 1174 586 
750 81 585 1174 590 
751 80 585 1175 581 
752 81 582 1175 585 
753 79 581 1175 582 
754 74 564 1176 386 
755 168 389 1176 564 
756 31 386 1176 389 
757 42 437 1177 415 
758 143 417 1177 437 
759 37 415 1177 417 
760 72 557 1178 556 
761 80 581 1178 557 
762 79 556 1178 581 
763 69 545 1179 544 
764 140 553 1179 545 
765 71 544 1179 553 
766 72 556 1180 555 
767 79 577 1180 556 
768 78 555 1180 577 
769 121 753 1181 742 
770 124 743 1181 753 
771 118 742 1181 743 
772 23 347 1182 345 
773 178 353 1182 347 
774 24 345 1182 353 
775 21 338 1183 330 
776 184 334 1183 338 
777 20 330 1183 334 
778 69 544 1184 543 
779 71 547 1184 544 
780 70 543 1184 547 
781 71 552 1185 551 
782 102 558 1185 552 
783 72 551 1185 558 
784 165 879 1186 458 
785 179 459 1186 879 
786 47 458 1186 459 
787 71 551 1187 547 
788 72 548 1187 551 
789 70 547 1187 548 
790 164 878 1188 870 
791 197 871 1188 878 
792 160 870 1188 871 
793 73 560 1189 559 
794 153 851 1189 560 
795 152 559 1189 851 
796 52 479 1190 271 
797 172 273 1190 479 
798 8 271 1190 273 
799 48 461 1191 356 
800 177 359 1191 461 
801 25 356 1191 359 
802 47 459 1192 286 
803 179 288 1192 459 
804 11 286 1192 288 
805 62 519 1193 518 
806 189 899 1193 519 
807 180 518 1193 899 
808 30 382 1194 380 
809 161 388 1194 382 
810 31 380 1194 388 
811 77 576 1195 424 
812 229 427 1195 576 
813 39 424 1195 427 
814 91 638 1196 636 
815 225 789 1196 638 
816 130 636 1196 789 
817 69 546 1197 545 
818 195 823 1197 546 
819 140 545 1197 823 
820 23 349 1198 347 
821 221 897 1198 349 
822 178 347 1198 897 
823 51 475 1199 474 
824 205 903 1199 475 
825 183 474 1199 903 
826 158 866 1200 865 
827 179 879 1200 866 
828 165 865 1200 879 
829 4 252 1201 251 
830 167 696 1201 252 
831 107 251 1201 696 
832 160 871 1202 755 
833 197 756 1202 871 
834 121 755 1202 756 
835 45 451 1203 411 
836 210 413 1203 451 
837 36 411 1203 413 
838 5 259 1204 257 
839 169 500 1204 259 
840 57 257 1204 500 
841 120 752 1205 750 
842 226 817 1205 752 
843 138 750 1205 817 
844 55 489 1206 267 
845 170 269 1206 489 
846 7 267 1206 269 
847 27 368 1207 367 
848 171 494 1207 368 
849 56 367 1207 494 
850 8 274 1208 272 
851 173 490 1208 274 
852 55 272 1208 490 
853 18 323 1209 321 
854 175 453 1209 323 
855 46 321 1209 453 
856 46 454 1210 316 
857 176 318 1210 454 
858 17 316 1210 318 
859 25 358 1211 357 
860 174 501 1211 358 
861 58 357 1211 501 
862 10 283 1212 282 
863 180 507 1212 283 
864 59 282 1212 507 
865 23 348 1213 346 
866 182 529 1213 348 
867 65 346 1213 529 
868 63 521 1214 332 
869 181 333 1214 521 
870 20 332 1214 333 
871 15 309 1215 307 
872 183 525 1215 309 
873 64 307 1215 525 
874 19 329 1216 327 
875 186 522 1216 329 
876 63 327 1216 522 
877 17 319 1217 317 
878 187 537 1217 319 
879 67 317 1217 537 
880 155 861 1218 478 
881 188 480 1218 861 
882 52 478 1218 480 
883 24 353 1219 351 
884 178 462 1219 353 
885 48 351 1219 462 
886 33 398 1220 395 
887 228 569 1220 398 
888 75 395 1220 569 
889 20 334 1221 331 
890 184 511 1221 334 
891 60 331 1221 511 
892 31 389 1222 380 
893 168 383 1222 389 
894 30 380 1222 383 
895 138 816 1223 754 
896 160 755 1223 816 
897 121 754 1223 755 
898 8 273 1224 270 
899 172 277 1224 273 
900 9 270 1224 277 
901 25 359 1225 355 
902 177 363 1225 359 
903 26 355 1225 363 
904 75 569 1226 241 
905 228 243 1226 569 
906 2 241 1226 243 
907 11 288 1227 285 
908 179 293 1227 288 
909 12 285 1227 293 
910 159 868 1228 561 
911 209 562 1228 868 
912 73 561 1228 562 
913 47 460 1229 457 
914 231 838 1229 460 
915 146 457 1229 838 
916 5 258 1230 250 
917 167 252 1230 258 
918 4 250 1230 252 
919 103 680 1231 679 
920 208 685 1231 680 
921 104 679 1231 685 
922 111 713 1232 712 
923 133 793 1232 713 
924 132 712 1232 793 
925 7 269 1233 260 
926 170 264 1233 269 
927 6 260 1233 264 
928 28 374 1234 365 
929 171 368 1234 374 
930 27 365 1234 368 
931 26 362 1235 355 
932 174 358 1235 362 
933 25 355 1235 358 
934 9 278 1236 270 
935 173 274 1236 278 
936 8 270 1236 274 
937 19 328 1237 320 
938 175 323 1237 328 
939 18 320 1237 323 
940 17 318 1238 310 
941 176 313 1238 318 
942 16 310 1238 313 
943 11 289 1239 280 
944 180 283 1239 289 
945 10 280 1239 283 
946 20 333 1240 330 
947 181 337 1240 333 
948 21 330 1240 337 
949 24 354 1241 345 
950 182 348 1241 354 
951 23 345 1241 348 
952 14 304 1242 300 
953 183 309 1242 304 
954 15 300 1242 309 
955 18 324 1243 320 
956 186 329 1243 324 
957 19 320 1243 329 
958 16 314 1244 310 
959 187 319 1244 314 
960 17 310 1244 319 
961 2 244 1245 242 
962 229 576 1245 244 
963 77 242 1245 576 
964 170 884 1246 880 
965 202 881 1246 884 
966 166 880 1246 881 
967 37 418 1247 416 
968 210 443 1247 418 
969 43 416 1247 443 
970 71 554 1248 552 
971 166 676 1248 554 
972 102 552 1248 676 
973 29 379 1249 376 
974 191 483 1249 379 
975 53 376 1249 483 
976 43 442 1250 441 
977 206 665 1250 442 
978 98 441 1250 665 
979 92 642 1251 640 
980 227 651 1251 642 
981 94 640 1251 651 
982 94 651 1252 650 
983 227 723 1252 651 
984 113 650 1252 723 
985 49 466 1253 465 
986 197 878 1253 466 
987 164 465 1253 878 
988 157 863 1254 659 
989 158 660 1254 863 
990 97 659 1254 660 
991 106 693 1255 692 
992 149 839 1255 693 
993 148 692 1255 839 
994 30 384 1256 375 
995 191 379 1256 384 
996 29 375 1256 379 
997 128 782 1257 780 
998 217 788 1257 782 
999 130 780 1257 788 
1000 130 789 1258 780 
1001 225 783 1258 789 
1002 128 780 1258 783 
1003 68 542 1259 540 
1004 164 870 1259 542 
1005 160 540 1259 870 
1006 181 900 1260 469 
1007 223 471 1260 900 
1008 50 469 1260 471 
1009 111 712 1261 703 
1010 132 705 1261 712 
1011 109 703 1261 705 
1012 10 284 1262 281 
1013 231 460 1262 284 
1014 47 281 1262 460 
1015 111 714 1263 713 
1016 200 798 1263 714 
1017 133 713 1263 798 
1018 39 425 1264 419 
1019 204 423 1264 425 
1020 38 419 1264 423 
1021 34 403 1265 394 
1022 203 396 1265 403 
1023 33 394 1265 396 
1024 104 687 1266 679 
1025 230 682 1266 687 
1026 103 679 1266 682 
1027 13 299 1267 296 
1028 213 476 1267 299 
1029 51 296 1267 476 
1030 60 512 1268 510 
1031 193 892 1268 512 
1032 175 510 1268 892 
1033 137 812 1269 810 
1034 216 843 1269 812 
1035 149 810 1269 843 
1036 4 254 1270 253 
1037 199 883 1270 254 
1038 169 253 1270 883 
1039 149 844 1271 810 
1040 222 813 1271 844 
1041 137 810 1271 813 
1042 54 487 1272 256 
1043 167 258 1272 487 
1044 5 256 1272 258 
1045 6 264 1273 261 
1046 170 488 1273 264 
1047 54 261 1273 488 
1048 53 482 1274 372 
1049 171 374 1274 482 
1050 28 372 1274 374 
1051 178 896 1275 462 
1052 201 463 1275 896 
1053 48 462 1275 463 
1054 136 808 1276 807 
1055 146 818 1276 808 
1056 139 807 1276 818 
1057 56 495 1277 361 
1058 174 362 1277 495 
1059 26 361 1277 362 
1060 59 506 1278 276 
1061 173 278 1278 506 
1062 9 276 1278 278 
1063 60 510 1279 326 
1064 175 328 1279 510 
1065 19 326 1279 328 
1066 16 313 1280 311 
1067 176 514 1280 313 
1068 61 311 1280 514 
1069 21 337 1281 336 
1070 181 469 1281 337 
1071 50 336 1281 469 
1072 58 502 1282 352 
1073 182 354 1282 502 
1074 24 352 1282 354 
1075 51 474 1283 301 
1076 183 304 1283 474 
1077 14 301 1283 304 
1078 62 518 1284 287 
1079 180 289 1284 518 
1080 11 287 1284 289 
1081 67 536 1285 322 
1082 186 324 1285 536 
1083 18 322 1285 324 
1084 64 526 1286 312 
1085 187 314 1286 526 
1086 16 312 1286 314 
1087 68 541 1287 381 
1088 161 382 1287 541 
1089 30 381 1287 382 
1090 150 846 1288 670 
1091 151 671 1288 846 
1092 100 670 1288 671 
1093 145 836 1289 794 
1094 223 795 1289 836 
1095 132 794 1289 795 
1096 1 237 1290 233 
1097 219 393 1290 237 
1098 32 233 1290 393 
1099 178 897 1291 834 
1100 221 835 1291 897 
1101 145 834 1291 835 
1102 41 435 1292 433 
1103 195 546 1292 435 
1104 69 433 1292 546 
1105 33 397 1293 234 
1106 219 237 1293 397 
1107 1 234 1293 237 
1108 171 885 1294 494 
1109 190 496 1294 885 
1110 56 494 1294 496 
1111 148 841 1295 524 
1112 224 528 1295 841 
1113 64 524 1295 528 
1114 133 796 1296 793 
1115 145 794 1296 796 
1116 132 793 1296 794 
1117 123 761 1297 729 
1118 142 731 1297 761 
1119 115 729 1297 731 
1120 61 515 1298 513 
1121 217 862 1298 515 
1122 156 513 1298 862 
1123 3 249 1299 245 
1124 199 254 1299 249 
1125 4 245 1299 254 
1126 32 392 1300 233 
1127 218 236 1300 392 
1128 1 233 1300 236 
1129 162 872 1301 757 
1130 163 758 1301 872 
1131 122 757 1301 758 
1132 127 776 1302 775 
1133 147 784 1302 776 
1134 129 775 1302 784 
1135 27 369 1303 366 
1136 212 467 1303 369 
1137 49 366 1303 467 
1138 1 236 1304 235 
1139 218 426 1304 236 
1140 39 235 1304 426 
1141 55 491 1305 489 
1142 202 884 1305 491 
1143 170 489 1305 884 
1144 145 835 1306 468 
1145 221 470 1306 835 
1146 50 468 1306 470 
1147 119 747 1307 744 
1148 159 751 1307 747 
1149 120 744 1307 751 
1150 125 770 1308 738 
1151 200 739 1308 770 
1152 117 738 1308 739 
1153 151 850 1309 671 
1154 206 672 1309 850 
1155 100 671 1309 672 
1156 192 912 1310 653 
1157 193 654 1310 912 
1158 95 653 1310 654 
1159 108 701 1311 700 
1160 196 811 1311 701 
1161 137 700 1311 811 
1162 168 882 1312 383 
1163 191 384 1312 882 
1164 30 383 1312 384 
1165 121 756 1313 753 
1166 197 767 1313 756 
1167 124 753 1313 767 
1168 146 837 1314 818 
1169 172 819 1314 837 
1170 139 818 1314 819 
1171 128 783 1315 627 
1172 225 628 1315 783 
1173 89 627 1315 628 
1174 113 722 1316 721 
1175 162 757 1316 722 
1176 122 721 1316 757 
1177 148 840 1317 689 
1178 205 691 1317 840 
1179 105 689 1317 691 
1180 100 672 1318 666 
1181 206 667 1318 672 
1182 99 666 1318 667 
1183 103 682 1319 588 
1184 230 589 1319 682 
1185 80 588 1319 589 
1186 190 911 1320 804 
1187 198 805 1320 911 
1188 135 804 1320 805 
1189 203 918 1321 396 
1190 219 397 1321 918 
1191 33 396 1321 397 
1192 154 860 1322 858 
1193 215 890 1322 860 
1194 174 858 1322 890 
1195 39 426 1323 425 
1196 218 919 1323 426 
1197 204 425 1323 919 
1198 73 562 1324 560 
1199 209 857 1324 562 
1200 153 560 1324 857 
1201 44 447 1325 446 
1202 226 869 1325 447 
1203 159 446 1325 869 
1204 1 239 1326 232 
1205 229 244 1326 239 
1206 2 232 1326 244 
1207 105 691 1327 690 
1208 205 864 1327 691 
1209 157 690 1327 864 
1210 177 895 1328 363 
1211 212 364 1328 895 
1212 26 363 1328 364 
1213 2 243 1329 232 
1214 228 238 1329 243 
1215 1 232 1329 238 
1216 50 470 1330 341 
1217 221 344 1330 470 
1218 22 341 1330 344 
1219 1 238 1331 234 
1220 228 398 1331 238 
1221 33 234 1331 398 
1222 40 431 1332 400 
1223 203 403 1332 431 
1224 34 400 1332 403 
1225 38 423 1333 420 
1226 204 439 1333 423 
1227 42 420 1333 439 
1228 173 889 1334 490 
1229 211 492 1334 889 
1230 55 490 1334 492 
1231 184 904 1335 875 
1232 185 876 1335 904 
1233 163 875 1335 876 
1234 153 857 1336 856 
1235 209 915 1336 857 
1236 198 856 1336 915 
1237 58 503 1337 502 
1238 207 901 1337 503 
1239 182 502 1337 901 
1240 39 427 1338 235 
1241 229 239 1338 427 
1242 1 235 1338 239 
1243 59 508 1339 506 
1244 208 888 1339 508 
1245 173 506 1339 888 
1246 141 826 1340 824 
1247 212 895 1340 826 
1248 177 824 1340 895 
1249 26 364 1341 360 
1250 212 369 1341 364 
1251 27 360 1341 369 
1252 162 874 1342 652 
1253 227 655 1342 874 
1254 95 652 1342 655 
1255 66 535 1343 533 
1256 156 785 1343 535 
1257 129 533 1343 785 
1258 12 294 1344 290 
1259 213 299 1344 294 
1260 13 290 1344 299 
1261 36 413 1345 409 
1262 210 418 1345 413 
1263 37 409 1345 418 
1264 22 344 1346 340 
1265 221 349 1346 344 
1266 23 340 1346 349 
1267 76 573 1347 391 
1268 218 392 1347 573 
1269 32 391 1347 392 
1270 166 881 1348 676 
1271 202 677 1348 881 
1272 102 676 1348 677 
1273 179 898 1349 293 
1274 213 294 1349 898 
1275 12 293 1349 294 
1276 32 393 1350 390 
1277 219 566 1350 393 
1278 74 390 1350 566 
1279 80 589 1351 586 
1280 230 597 1351 589 
1281 82 586 1351 597 
1282 174 890 1352 501 
1283 215 504 1352 890 
1284 58 501 1352 504 
1285 65 532 1353 531 
1286 220 913 1353 532 
1287 194 531 1353 913 
1288 89 628 1354 625 
1289 225 638 1354 628 
1290 91 625 1354 638 
1291 172 887 1355 277 
1292 231 279 1355 887 
1293 9 277 1355 279 
1294 58 504 1356 503 
1295 215 921 1356 504 
1296 207 503 1356 921 
1297 82 596 1357 595 
1298 214 605 1357 596 
1299 84 595 1357 605 
1300 142 829 1358 827 
1301 215 860 1358 829 
1302 154 827 1358 860 
1303 95 655 1359 641 
1304 227 642 1359 655 
1305 92 641 1359 642 
1306 55 492 1360 491 
1307 211 917 1360 492 
1308 202 491 1360 917 
1309 9 279 1361 275 
1310 231 284 1361 279 
1311 10 275 1361 284 
1312 204 919 1362 572 
1313 218 573 1362 919 
1314 76 572 1362 573 
1315 125 771 1363 770 
1316 201 916 1363 771 
1317 200 770 1363 916 
1318 137 813 1364 645 
1319 222 646 1364 813 
1320 93 645 1364 646 
1321 74 566 1365 565 
1322 219 918 1365 566 
1323 203 565 1365 918 
1324 208 923 1366 888 
1325 211 889 1366 923 
1326 173 888 1366 889 
1327 106 694 1367 693 
1328 222 844 1367 694 
1329 149 693 1367 844 
1330 182 902 1368 529 
1331 220 532 1368 902 
1332 65 529 1368 532 
1333 146 838 1369 837 
1334 231 887 1369 838 
1335 172 837 1369 887 
1336 123 763 1370 761 
1337 207 828 1370 763 
1338 142 761 1370 828 
1339 129 784 1371 533 
1340 147 534 1371 784 
1341 66 533 1371 534 
1342 207 921 1372 828 
1343 215 829 1372 921 
1344 142 828 1372 829 
1345 194 913 1373 762 
1346 220 764 1373 913 
1347 123 762 1373 764 
1348 198 915 1374 805 
1349 209 806 1374 915 
1350 135 805 1374 806 
1351 149 845 1375 839 
1352 224 841 1375 845 
1353 148 839 1375 841 
1354 158 867 1376 866 
1355 213 898 1376 867 
1356 179 866 1376 898 
1357 214 924 1377 686 
1358 230 687 1377 924 
1359 104 686 1377 687 
1360 189 910 1378 684 
1361 214 686 1378 910 
1362 104 684 1378 686 
1363 123 764 1379 763 
1364 220 922 1379 764 
1365 207 763 1379 922 
1366 64 528 1380 526 
1367 224 909 1380 528 
1368 187 526 1380 909 
1369 200 916 1381 798 
1370 201 799 1381 916 
1371 133 798 1381 799 
1372 103 681 1382 680 
1373 211 923 1382 681 
1374 208 680 1382 923 
1375 82 597 1383 596 
1376 230 924 1383 597 
1377 214 596 1383 924 
1378 207 922 1384 901 
1379 220 902 1384 922 
1380 182 901 1384 902 
1381 113 723 1385 722 
1382 227 874 1385 723 
1383 162 722 1385 874 
1384 159 869 1386 751 
1385 226 752 1386 869 
1386 120 751 1386 752 
$EndElements
