0.07127915363411627 -1.015813223421827 0.29944065946279014
0.09294717334137768 -1.0187289830582897 0.2991200786034345
0.1147676729873206 -1.0211752251365476 0.2987273109936234
0.13673018589009048 -1.0231457542993851 0.2982624514200979
0.15882400723097503 -1.02463461968035 0.2977256120675773
0.1810382001741983 -1.0256361238452272 0.29711692249168536
0.2033616023180606 -1.0261448315661528 0.29643652958768474
0.2257828324723789 -1.0261555784161889 0.29568459755502674
0.24829029775676376 -1.0256634791723456 0.29486130785772496
0.2708722010138048 -1.024663936015211 0.29396685918056237

0.2708722010138048 -1.024663936015211 0.29396685918056237
0.26431498455037256 -1.0040594540791667 0.29754942031774323
0.25774900556464764 -0.9832454405664758 0.2995476956461224
0.25120421003928306 -0.9623341079255475 0.2999510454567013
0.24471019711162903 -0.9414382427313439 0.2987573221352109
0.23829606094644717 -0.9206706043973946 0.29597288159696705
0.231990236540364 -0.9001433237094841 0.29161254944514353
0.2258203502759419 -0.8799673043918257 0.28569954203264875
0.21981307601135638 -0.8602516309020417 0.27826534284790944
0.2139939974556146 -0.8411029856197109 0.2693495348827379

0.2139939974556146 -0.8411029856197109 0.2693495348827379
0.20078048922606684 -0.8604675031217064 0.27649022837170634
0.18695954843268378 -0.8800089160685868 0.28271861510478974
0.17250151802050387 -0.899659989312761 0.2880141439061714
0.1573810492540858 -0.9193507965091737 0.29235934165671107
0.14157730050174566 -0.9390090934810983 0.29573987094822307
0.1250741078767298 -0.9585607061772939 0.29814457739116806
0.10786012669395711 -0.9779299309547889 0.29956552641966006
0.0899289428773212 -0.9970399448476174 0.2999980294723489
0.07127915363411627 -1.015813223421827 0.29944065946279014

-0.7263486767061138 -0.2855915148350235 0.2044744767930424
-0.7409620174587827 -0.26459861091429276 0.21104768470555174
-0.7551555290210671 -0.24302523270090629 0.2174261531055193
-0.7689029035869582 -0.22086944953238685 0.22360399640444098
-0.7821768404221772 -0.1981306987799566 0.22957551413611996
-0.7949491245997206 -0.1748098741041179 0.23533519621664392
-0.8071907119856676 -0.1509094088980882 0.24087772802869148
-0.8188718201720431 -0.1264333545113995 0.24619799532547615
-0.8299620250279148 -0.10138745286533885 0.2512910889498024
-0.8404303625155187 -0.07577920309285117 0.2561523093638805

-0.8404303625155187 -0.07577920309285117 0.2561523093638805
-0.8500326216910122 -0.0998616243488214 0.26311396532769066
-0.8592449251758212 -0.124561608679537 0.2695102448739867
-0.8680132622265379 -0.14987914760674126 0.27532740374707787
-0.8762828089369183 -0.1758101896320866 0.2805529420994563
-0.8839982331752378 -0.20234656840059193 0.285175631351333
-0.8911040046424815 -0.22947595352024672 0.2891855383184879
-0.8975447083720419 -0.2571818243693977 0.2925740465565873
-0.9032653599713212 -0.2854434670994449 0.29533387487610563
-0.9082117208945132 -0.31423599491509613 0.297459092988066

-0.9082117208945132 -0.31423599491509613 0.297459092988066
-0.885345049682189 -0.3109047673637633 0.29359678882489293
-0.8628707016924747 -0.3074912179917252 0.28800647822377345
-0.8409119505808452 -0.30404515086311085 0.28072106376769396
-0.8195884629693609 -0.30061763942328695 0.27178342481897183
-0.7990155867069404 -0.29726068987534043 0.2612461651465557
-0.7793036676199998 -0.29402689265203974 0.2491713033189222
-0.7605573988594235 -0.29096906430899566 0.2356299076848056
-0.7428752067367903 -0.2881398822578375 0.22070167809013477
-0.7263486767061138 -0.2855915148350235 0.2044744767930424

1.0743516965573068 0.6387077681361661 0.16602454827421617
1.0637195391755039 0.656105935442366 0.16614786578456528
1.0528056355757711 0.6733271768961079 0.16627114281377642
1.0416129289717655 0.6903669299390254 0.1663943793318136
1.0301444364615242 0.7072206809593076 0.16651757530865097
1.0184032482136978 0.7238839664881335 0.16664073071427235
1.0063925266344054 0.7403523743825796 0.16676384551867152
0.9941155055149451 0.7566215449946884 0.16688691969185213
0.9815754891605825 0.7726871723263881 0.16700995320382775
0.9687758515006553 0.7885450051699544 0.16713294602462186

0.9687758515006553 0.7885450051699544 0.16713294602462186
0.9691370266260507 0.7681128415759294 0.1844232997357302
0.968184162131881 0.7470741807723369 0.2007801654181573
0.9659477912792339 0.7255139011885856 0.21612075018009835
0.9624662720089067 0.7035180154855664 0.23036740519817384
0.9577856140349281 0.6811730573437222 0.2434480187493684
0.9519592527049674 0.6585654709760131 0.2552963812160505
0.9450477708627179 0.6357810077194161 0.26585252021654193
0.9371185703140109 0.6129041339870802 0.27506300416491947
0.9282454948550044 0.5900174547613611 0.28288121272353334

0.9282454948550044 0.5900174547613611 0.28288121272353334
0.9471071558223437 0.5976075432896332 0.2750038609580171
0.9655077230996959 0.6047523445659048 0.2657151635778351
0.9833589095274242 0.6114042156940678 0.25506279104938673
1.0005748879120049 0.6175185853909461 0.24310141234786906
1.0170727515223803 0.6230541645642305 0.22989241439096725
1.0327729609612037 0.6279731370742775 0.2155035869954339
1.0475997749881962 0.6322413298012254 0.20000877497338956
1.0614816629496002 0.6358283612606571 0.18348749915381893
1.0743516965573068 0.6387077681361661 0.16602454827421617

0.7671435884688118 -0.7659322476995737 0.2879858035579631
0.7784754490763834 -0.7868824126647574 0.2803110558236625
0.7890956732742651 -0.8075074005868856 0.2708277414418738
0.7989125049413929 -0.8276934542870865 0.2595970467473571
0.8078405620248611 -0.8473283655254403 0.24669143217087525
0.8158013612601135 -0.8663022754435835 0.2321941647245688
0.8227237888399065 -0.8845084660770715 0.21619878076327775
0.8285445141585709 -0.9018441371769378 0.19880848248807526
0.8332083441938337 -0.9182111626414136 0.18013547208577121
0.8366685165388029 -0.9335168209622792 0.16030022780051684

0.8366685165388029 -0.9335168209622792 0.16030022780051684
0.8503234111731025 -0.9197620047952733 0.16183996231743072
0.8637467208310436 -0.9058014993976461 0.16337370697817546
0.876935275436925 -0.8916393028350568 0.1649014050173528
0.889885975784377 -0.8772794629656555 0.16642299989335574
0.9025957943319618 -0.862726076149213 0.16793843529046157
0.9150617759746205 -0.8479832859433225 0.1694476551209159
0.9272810387907491 -0.833055281787141 0.1709506035270085
0.9392507747646985 -0.817946297673133 0.17244722488314074
0.9509682504845074 -0.8026606108072902 0.17393746379788436

0.9509682504845074 -0.8026606108072902 0.17393746379788436
0.9331783494054604 -0.8026029368098028 0.19159326844570856
0.9145153920381712 -0.801446129501403 0.2081929437731952
0.8950672290550696 -0.7992197234249376 0.22364498654558207
0.874924999363339 -0.7959604060692514 0.23786421968142257
0.8541825069861594 -0.7917118707724016 0.25077226177854484
0.832935586706151 -0.7865246199578262 0.26229795917984217
0.8112814628271657 -0.7804557196031896 0.27237777819719705
0.7893181054279843 -0.77356850618731 0.28095615533146207
0.7671435884688118 -0.7659322476995737 0.2879858035579631

0.9687758515006553 0.7885450051699544 0.16713294602462186
0.9539889909817302 0.7879695324688318 0.1835032035682167
0.9384378650025479 0.7865329226375942 0.19904318605579333
0.9221834687079712 0.7842560450042018 0.21368258158227582
0.9052894319060718 0.7811642727697024 0.22735515302098486
0.8878216713905824 0.777287403585053 0.23999903771886338
0.8698480343621711 0.77265955528568 0.25155702739904384
0.8514379348978647 0.7673190371363486 0.2619768270043143
0.8326619854430066 0.7613081970766503 0.2712112913103259
0.813591625314358 0.7546732455932222 0.27921863823796567

0.813591625314358 0.7546732455932222 0.27921863823796567
0.8278459154491156 0.7373787496580239 0.2796425116401818
0.841732637837824 0.7198155410613417 0.28006216941044404
0.8552467504869724 0.7019914407218876 0.28047760522237997
0.8683833781798949 0.6839143633939252 0.28088881281326333
0.8811378142006784 0.6655923140997742 0.2812957859841086
0.8935055219814605 0.6470333845312644 0.2816985185997647
0.9054821366725788 0.6282457494217976 0.28209700458900694
0.917063466635064 0.6092376628906749 0.282491237944629
0.9282454948550044 0.5900174547613611 0.28288121272353334

0.2139939974556146 -0.8411029856197109 0.2693495348827379
0.18937159667129908 -0.8431517264833808 0.26748185023933774
0.164809548917656 -0.8445095936479623 0.26556218411065047
0.14032653435373 -0.8451824613034428 0.2635909095578634
0.1159409060543289 -0.8451766847550208 0.2615684096715639
0.09167067863438255 -0.8444990846946773 0.2594950774972915
0.0675335175835571 -0.8431569312520688 0.257371315959154
0.04354672931286564 -0.8411579278557967 0.25519753778152543
0.01972725191366818 -0.8385101949359526 0.2529741654088379
-0.00390835337185164 -0.8352222534986349 0.2507016309234855

-0.00390835337185164 -0.8352222534986349 0.2507016309234855
0.003093545830944822 -0.8535280374942886 0.2618159782228481
0.010408082423583388 -0.8725199800613562 0.27159651590067996
0.018051355397877503 -0.8920969789366704 0.2799934174515594
0.02603609900949578 -0.9121544008606715 0.2869639052415329
0.03437156205986792 -0.9325846643609504 0.29247246843683045
0.0430634145121948 -0.953277839154671 0.29649104391219655
0.052113682158245904 -0.974122258697546 0.29899915921720915
0.061520709853363914 -0.9950051423307283 0.2999840368722491
0.07127915363411627 -1.015813223421827 0.29944065946279014

0.9948358845478702 -0.18432428764922182 0.29976911318543475
1.0041654470886747 -0.20490578351053174 0.2989683306541834
1.0130254006213462 -0.22587389571249705 0.2975961658483926
1.0213808094039645 -0.24721159649988392 0.29565524122190595
1.0291975783136693 -0.2688998876704354 0.29314926623092347
1.0364425797802062 -0.2909178523646047 0.29008303024456383
1.0430837773738464 -0.3132427144751665 0.28646239339151797
1.049090345579271 -0.3358499054566541 0.28229427536028895
1.054432785301455 -0.35871313828614354 0.27758664217442175
1.059083034665778 -0.3818044882994232 0.2723484909679993

1.059083034665778 -0.3818044882994232 0.2723484909679993
1.0741261338257553 -0.3591287892743854 0.26911807009265154
1.0886050537450496 -0.3359332951965301 0.26571940046970743
1.1024991720875026 -0.31223279869525356 0.26215460689854375
1.115788299527849 -0.2880429853235421 0.25842591803684045
1.1284527204653816 -0.2633804187537685 0.2545356650072567
1.1404732331423608 -0.2382625240663735 0.2504862799400462
1.1518311890766606 -0.2127075691584999 0.24628029445252403
1.1625085317194628 -0.18673464430396952 0.24192033806633645
1.1724878342503418 -0.1603636399002455 0.23740913656352136

1.1724878342503418 -0.1603636399002455 0.23740913656352136
1.1550598037389528 -0.16416522129217506 0.24944317891933007
1.1368461852050507 -0.16767338785706665 0.26029953722935634
1.1179319953041444 -0.1708884106322749 0.2699269558928962
1.0984053953540407 -0.17381282725460237 0.27827998144270627
1.0783572537241102 -0.17645146011058252 0.28531917714226535
1.057880695412104 -0.1788114190986478 0.2910113091765362
1.0370706410850499 -0.1809020888675903 0.29532950355717297
1.0160233379111308 -0.1827351004927708 0.29825337300138566
0.9948358845478702 -0.18432428764922182 0.29976911318543475

0.2708722010138048 -1.024663936015211 0.29396685918056237
0.25697042840385126 -1.0452945659211617 0.29010407279940603
0.24237760373100203 -1.0655074128564148 0.2853097405431558
0.22709759281054726 -1.0852325657399935 0.279599257371262
0.21113846462685973 -1.1044007933696478 0.2729909600722855
0.1945124547331465 -1.1229438877586646 0.26550606838309815
0.17723590472658207 -1.1407950030943013 0.2571686168507207
0.1593291781536532 -1.1578889885069346 0.24800537765559455
0.14081655333148632 -1.174162712871559 0.23804577464410812
0.12172609369919869 -1.1895553799054808 0.22732178884642557

0.12172609369919869 -1.1895553799054808 0.22732178884642557
0.14449128870234798 -1.193869001800971 0.22127123916055613
0.16743115731900013 -1.197560110795976 0.21501653974915297
0.19052606615352752 -1.2006182664037486 0.20856346133584455
0.21375587699200074 -1.2030338192028125 0.20191795767310192
0.23709998244124528 -1.2047979352972904 0.19508616004917537
0.26053734272967954 -1.2059026190709121 0.18807437163123256
0.2840465235864301 -1.2063407341797638 0.18088906164991744
0.30760573511264044 -1.2061060227329652 0.17353685943069572
0.3311928715565076 -1.2051931226146948 0.16602454827749244

0.3311928715565076 -1.2051931226146948 0.16602454827749244
0.32582837564828876 -1.1907161072985786 0.18711972254730735
0.320028782697612 -1.1745155929577331 0.20679786113775442
0.31383369383882886 -1.1567155057743985 0.2249099438167244
0.30728542090302446 -1.1374519635627651 0.24131880990957344
0.30042864076416664 -1.116872250616737 0.2559001970008009
0.29331003409008344 -1.0951337072429366 0.26854368195872586
0.2859779114092074 -1.0724025423564734 0.2791535171568927
0.2784818294813013 -1.0488525781059315 0.28764935555959964
0.2708722010138048 -1.024663936015211 0.29396685918056237

-0.8404303625155187 -0.07577920309285117 0.2561523093638805
-0.8598994769266805 -0.08227054039372958 0.26731380865914733
-0.8801110182607509 -0.0890565159095077 0.27691885846240766
-0.9009415737981065 -0.09613689405118493 0.28491153283791587
-0.9222639917089861 -0.1035083481575055 0.2912452939953726
-0.9439481515766814 -0.1111644421964816 0.29588326325879205
-0.9658617521774022 -0.11909563898840862 0.2987984357946411
-0.9878711116630791 -0.12728933506470155 0.2999738378489812
-1.00984197522141 -0.13572992206922338 0.29940262557809344
-1.031640325246295 -0.1443988744009625 0.2970881248971384

-1.031640325246295 -0.1443988744009625 0.2970881248971384
-1.019482841057364 -0.1651786180745881 0.2982040232365197
-1.0068840753627033 -0.1854966316178129 0.29905218364426944
-0.9938662736782873 -0.2053446407997305 0.2996318446125085
-0.9804517858646863 -0.2247154609446688 0.29994248570148235
-0.966663011236193 -0.24360299452872086 0.2999838280068296
-0.952522344002369 -0.26200222598459233 0.2997558344099922
-0.9380521191846319 -0.2799092137385381 0.299258709611542
-0.923274559149032 -0.2973210795104111 0.2984928999473931
-0.9082117208945132 -0.31423599491509613 0.297459092988066

1.059083034665778 -0.3818044882994232 0.2723484909679993
1.0805096262770073 -0.37552326062292524 0.2632324743197328
1.101306876790011 -0.36858984232926845 0.25291494817940935
1.1213845202812602 -0.3610007384423399 0.24144300630179538
1.1406548802309715 -0.35275721751089667 0.2288690117059062
1.1590333649347409 -0.34386524725338113 0.21525035766701714
1.1764389474679215 -0.3343353981651248 0.2006492057483588
1.1927946273471097 -0.3241827159030403 0.1851322020682361
1.2080278711353218 -0.31342656346588815 0.16877017309765407
1.2220710293564776 -0.30209043438413097 0.15163780237696323

1.2220710293564776 -0.30209043438413097 0.15163780237696323
1.2190464502257943 -0.28609290383910563 0.16251634421823355
1.2153693252410456 -0.2701102099645374 0.1731004293751214
1.2110511753841997 -0.254163488475636 0.18337088097875567
1.206104841334351 -0.238273471937265 0.19330909042000913
1.200544451090008 -0.22246042719762915 0.20289705106567305
1.1943853840126988 -0.2067440944159662 0.21211739088393555
1.18764423139199 -0.19114362786923136 0.22095340392005205
1.180338753642132 -0.17567753871730385 0.2293890805651781
1.1724878342503418 -0.1603636399002455 0.23740913656352136

-0.6261180813586984 0.3479390552657536 -0.09754081292222812
-0.6395300484860094 0.3312113610543643 -0.1082426435888192
-0.6528601921992905 0.31416961935748194 -0.11878836012198163
-0.6661005743532454 0.2967908822122198 -0.1291627528470128
-0.6792408470550331 0.2790523953483453 -0.13935085918284093
-0.6922682602227533 0.2609317857932646 -0.14933798522197106
-0.7051676825158558 0.24240724885483125 -0.15910972692293357
-0.7179216355741074 0.22345773356109205 -0.16865199088466976
-0.7305103414392734 0.20406312564218265 -0.17795101467289395
-0.7429117829717237 0.18420442714990745 -0.18699338666911347

-0.7429117829717237 0.18420442714990745 -0.18699338666911347
-0.7437246475681496 0.20961755401977247 -0.1957929536999771
-0.7439806338784696 0.2353644670911239 -0.20430837468430565
-0.7436454223130186 0.26144130810477967 -0.21252729155117958
-0.7426839023750554 0.2878414316684115 -0.2204377765335862
-0.7410603823005614 0.3145553209987051 -0.22802834947868303
-0.738738805192928 0.3415705189260133 -0.23528799450845966
-0.7356829705581226 0.36887157461275566 -0.24220617600661568
-0.7318567601160059 0.39644000635892496 -0.2487728539084567
-0.7272243667390718 0.4242542807882809 -0.2549784982716151

-0.7272243667390718 0.4242542807882809 -0.2549784982716151
-0.7118414127896948 0.4130673488361454 -0.24222711375999004
-0.6972972861464083 0.402466031004374 -0.22807446228250378
-0.6836856000631617 0.39249585749439847 -0.21260241594127968
-0.6710947536615421 0.3831982725005482 -0.19590047944574368
-0.6596074015126915 0.3746104201928141 -0.17806527233412114
-0.6492999554895523 0.3667649579405134 -0.15919997003614342
-0.6402421218971887 0.35968989769946724 -0.13941370701038053
-0.6324964766888864 0.3534084763090409 -0.1188209454090062
-0.6261180813586984 0.3479390552657536 -0.09754081292222812

-0.6953051807235145 -0.18059635655779074 -0.1033829044400874
-0.6919458034750748 -0.20376416175907366 -0.11108504046865275
-0.6880124954918295 -0.22696831636459577 -0.11870322750832077
-0.6834947624158662 -0.2502013401663236 -0.12623170835635258
-0.6783817086187561 -0.2734548242904309 -0.13366479360261294
-0.6726621039977633 -0.2967193810726253 -0.14099686592916044
-0.6663244545381879 -0.3199845983690314 -0.14822238435535823
-0.6593570763582535 -0.34323899854819223 -0.15533588842529247
-0.6517481729378733 -0.36647000239200855 -0.16233200233433934
-0.6434859152186533 -0.38966389811473895 -0.16920543899175813

-0.6434859152186533 -0.38966389811473895 -0.16920543899175813
-0.6610745079910483 -0.37583010352805707 -0.18058411200414787
-0.6788448212645479 -0.3615655296497199 -0.19156913355233116
-0.6967756662920205 -0.34682840535861126 -0.2021365576215187
-0.7148418962887774 -0.331578130245254 -0.21226334850878226
-0.7330144944776343 -0.3157755885283421 -0.22192743103809293
-0.7512606858635714 -0.29938345591441407 -0.23110773868152829
-0.7695440721567318 -0.28236649764163824 -0.23978425948174836
-0.7878247891331065 -0.2646918559964081 -0.24793807967563591
-0.806059685596748 -0.24632932564867002 -0.25555142492400557

-0.806059685596748 -0.24632932564867002 -0.25555142492400557
-0.7894872435511046 -0.23719800707670885 -0.24320175678156492
-0.7737736353308023 -0.22850231844760688 -0.22951427646891384
-0.7590165368105936 -0.2202564621945795 -0.2145642765249884
-0.7453083840570562 -0.21247124464810793 -0.19843399439796464
-0.7327358346655346 -0.20515406937116892 -0.1812121600708163
-0.7213792608061682 -0.19830895407101248 -0.16299350797252585
-0.7113122769769923 -0.19193657068146008 -0.14387825585984165
-0.7026013052673671 -0.186034308055397 -0.12397155353616736
-0.6953051807235145 -0.18059635655779074 -0.1033829044400874

-0.8253787977011056 0.6410983280336954 0.29658892094677125
-0.8146269440654513 0.6180284152870582 0.29915248628797725
-0.803355702553661 0.5952106134763661 0.29999995070182617
-0.7916741146219244 0.572731266721682 0.2991264526727592
-0.7796948350841651 0.5506718594544877 0.29653700305927316
-0.7675333789519476 0.5291084926848263 0.29224645634891777
-0.7553073409467747 0.5081114079485266 0.28627942544489793
-0.7431355931829522 0.487744562162 0.2786701404731104
-0.7311374667102545 0.4680652561994758 0.2694622524195745
-0.7194319227552466 0.44912381957517483 0.25870858272469927

-0.7194319227552466 0.44912381957517483 0.25870858272469927
-0.7125374372338786 0.4736550720696086 0.26296365389398163
-0.7049206056487121 0.49822461372150945 0.2670018222303342
-0.6965665962990505 0.522809979820066 0.270819756892635
-0.6874613518277437 0.5473874899814231 0.27441430869721567
-0.6775916693254076 0.5719322793182559 0.27778251271543314
-0.6669452789469109 0.5964183344885016 0.28092159071926
-0.6555109207531229 0.6208185345421563 0.28382895347287707
-0.643278419495721 0.6451046964684249 0.28650220286837746
-0.6302387570685499 0.6692476253292432 0.2889391339038211

-0.6302387570685499 0.6692476253292432 0.2889391339038211
-0.6512171989592955 0.6680862316998257 0.2924145395364236
-0.6724450896674841 0.6665022292803887 0.29524310129497167
-0.6938937112438529 0.6644637209399661 0.2974185621792188
-0.7155323824919776 0.661940241406894 0.29893610989922753
-0.737328561464955 0.6589028895996119 0.2997923875205313
-0.7592479561138117 0.655324454424023 0.2999855008899368
-0.7812546426439795 0.6511795335207837 0.2995150228255392
-0.8033111911040793 0.6464446444751968 0.2983819940616821
-0.8253787977011056 0.6410983280336954 0.29658892094677125

-0.2492584590380293 -0.8126967202605863 0.259843520582043
-0.2392561788910612 -0.8315187788719693 0.26803713739680246
-0.22878807194735765 -0.8506654453055819 0.27534334166570945
-0.21781972432763871 -0.8700777725851359 0.2817379441387453
-0.20632007127793706 -0.8896939017241988 0.2871997736807628
-0.1942616038335509 -0.9094493637270727 0.29171074736450064
-0.18162055407289296 -0.9292773965678512 0.2952559303392144
-0.1683770579066188 -0.9491092754307524 0.29782358527671265
-0.15451529447612722 -0.968874654420327 0.29940521123109265
-0.14002360136943004 -0.9885019178856034 0.2999955717835194

-0.14002360136943004 -0.9885019178856034 0.2999955717835194
-0.12266363647680767 -0.9714729920019425 0.2992771239920609
-0.1058603796005215 -0.9542341794111121 0.29733322319610483
-0.08962230688370007 -0.936876385900574 0.29417182910549816
-0.07395286197034681 -0.9194902276042041 0.28980588671194313
-0.05885047312818266 -0.9021655272779049 0.2842532732830113
-0.04430860494836508 -0.8849908148960873 0.2775367251599189
-0.03031584424341083 -0.8680528355399744 0.2696837446588052
-0.016856019543254167 -0.8514360675056301 0.26072648745672633
-0.00390835337185164 -0.8352222534986349 0.2507016309234855

-0.00390835337185164 -0.8352222534986349 0.2507016309234855
-0.03114531546098076 -0.8362729508332379 0.2517597382589978
-0.0584552077549357 -0.836440739348833 0.25280736040458834
-0.08580957517115578 -0.8357218948757342 0.2538444537293046
-0.11317979201114284 -0.834113604995224 0.2548709750406945
-0.14053709099764855 -0.8316139764641713 0.25588688158660466
-0.1678525926260456 -0.8282220417209247 0.2568921310569615
-0.19509733480103197 -0.8239377644594064 0.25788668158553296
-0.22224230272926487 -0.8187620442592303 0.2588704917516722
-0.2492584590380293 -0.8126967202605863 0.259843520582043

-0.10151624941807658 -0.7198368126947022 0.12429425701152572
-0.11554183889215212 -0.7270433865088185 0.14280126768526963
-0.13006848835366253 -0.7352101695429238 0.16063031598843874
-0.14514602578809446 -0.7442687154373269 0.17769675684715813
-0.16081905971296512 -0.7541435320292862 0.1939195657377004
-0.17712651867821025 -0.7647526120975854 0.20922172335798872
-0.19410123544234642 -0.7760080088210425 0.22353058128393472
-0.2117695791710917 -0.7878164517708434 0.23677820687462464
-0.2301511386403714 -0.8000799989656598 0.248901705788884
-0.2492584590380293 -0.8126967202605863 0.259843520582043

-0.00390835337185164 -0.8352222534986349 0.2507016309234855
-0.016172718088798832 -0.8197438316687669 0.23992748346933582
-0.027996665950850538 -0.8047909254962338 0.22821753552724514
-0.0394122356386389 -0.7904296508389921 0.21561745995986137
-0.050454864226379806 -0.7767220516626686 0.2021764014366221
-0.06116311624732361 -0.7637257744287712 0.18794678475248036
-0.0715783918516298 -0.7514937673093638 0.17298411035300276
-0.08174461590487583 -0.740074005934653 0.15734673786336204
-0.09170790999444478 -0.729509247224987 0.14109565846553707
-0.10151624941807658 -0.7198368126947022 0.12429425701152572

-0.7194319227552466 0.44912381957517483 0.25870858272469927
-0.6978737452576634 0.46107958812395833 0.25148802189054836
-0.6764646290710806 0.47242292454227824 0.24374069111651428
-0.6552354816220206 0.48319075738052203 0.23548281805803523
-0.6342138677637417 0.4934215490300385 0.22673169975877117
-0.6134239188449334 0.5031550368404714 0.21750566642000063
-0.592886260925327 0.5124319687667787 0.20782404300595334
-0.5726179624726854 0.521293834939076 0.1977071087654995
-0.5526325017749246 0.529782596568543 0.18717605475498272
-0.5329397541992255 0.5379404136154945 0.17625293945116996

-0.5329397541992255 0.5379404136154945 0.17625293945116996
-0.54110115484056 0.5492628974212237 0.19383147145982463
-0.5500916758303915 0.5615427563839728 0.2103349204101444
-0.5598451391178655 0.5747274040069951 0.22567175019482455
-0.5702914216676258 0.5887588273766091 0.2397568953405141
-0.5813568736419609 0.6035738873474311 0.25251223282205987
-0.5929647543395724 0.6191046495247253 0.2638670153705767
-0.6050356833079567 0.6352787443034211 0.27375826387200736
-0.6174881039726554 0.6520197540476523 0.28213111667973895
-0.6302387570685499 0.6692476253292432 0.2889391339038211

-0.7022417544900457 -0.12662050009868978 0.0891935083508314
-0.7114001198646069 -0.12106410494462 0.11184321737852504
-0.7222816410921615 -0.11562235555726258 0.13377463961108335
-0.7348294201878555 -0.11023406886899653 0.1548469256402237
-0.7489742107603387 -0.10483886553193812 0.17492474365814578
-0.7646348770835049 -0.09937779616250264 0.19387914859428174
-0.7817189405649424 -0.09379394866440521 0.2115884102347269
-0.8001232097279649 -0.08803303110755095 0.22793879500594802
-0.8197344891895326 -0.08204392487748326 0.24282529640194642
-0.8404303625155187 -0.07577920309285117 0.2561523093638805

-0.7263486767061138 -0.2855915148350235 0.2044744767930424
-0.7231091727963517 -0.26626627313845175 0.19329719130498718
-0.7199143435545544 -0.24740442331752852 0.18164094918424778
-0.716808565993126 -0.22898992038255822 0.1695346325601415
-0.7138341557005956 -0.21100354997093534 0.15700823876788744
-0.7110311392164683 -0.19342308608279474 0.1440928060204567
-0.7084370387495964 -0.17622346467750394 0.13082033650130837
-0.7060866703465012 -0.159376972209146 0.1172237170685777
-0.7040119565469914 -0.14285344810241038 0.10333663776719161
-0.7022417544900457 -0.12662050009868978 0.0891935083508314

0.8315717411648943 0.9330957187038333 0.1660245482775931
0.8146939186553236 0.9332259426222902 0.18158293485137847
0.7972727844437902 0.9323740599986153 0.19640582317424382
0.7793656009128623 0.93056001143561 0.2104331734167637
0.7610308160225718 0.9278083962270323 0.22360816806149433
0.7423277413894749 0.9241483934705342 0.23587744204125566
0.7233162288548076 0.9196136585342319 0.24719129889332925
0.7040563473183683 0.9142421952729625 0.25750391205404216
0.6846080616042446 0.9080762045222616 0.2667735104783988
0.6650309151043411 0.9011619095276562 0.2749625478329102

0.6650309151043411 0.9011619095276562 0.2749625478329102
0.6829374628213274 0.8862384313247095 0.27545419957027606
0.7005099857206551 0.8709587759934714 0.2759411820900532
0.7177414032310673 0.8553304173724257 0.27642348713741255
0.7346248022423174 0.8393609697178444 0.27690110653681266
0.7511534398770459 0.8230581839413238 0.2773740321921385
0.7673207461778014 0.8064299437930091 0.2778422560868386
0.7831203267081543 0.7894842619924236 0.27830577028406067
0.7985459650668965 0.77222927630885 0.2787645669267867
0.813591625314358 0.7546732455932222 0.27921863823796567

0.813591625314358 0.7546732455932222 0.27921863823796567
0.8191223040586683 0.7760521006187213 0.2711479604958622
0.8238672031797301 0.7972205838861463 0.26183239072243053
0.827776795511824 0.8181017586951496 0.25131469847624305
0.8308065535260475 0.8386186265486236 0.23964317248955244
0.8329171491571082 0.8586945759244622 0.22687139896550668
0.8340746208778208 0.8782538332275739 0.21305801555366405
0.8342505072550607 0.8972219132026253 0.19826644213335404
0.8334219464286471 0.9155260660764122 0.18256458964090846
0.8315717411648943 0.9330957187038333 0.1660245482775931

1.165015224049372 -0.576835789227048 -7.347880794884118e-17
1.1596118659567902 -0.5854700693258545 0.024124541339247
1.1524226480716817 -0.5931687846062175 0.0480928260330837
1.143485594939477 -0.5998999900051012 0.07174960952328888
1.1328500414793172 -0.6056384495559919 0.09494166487064751
1.1205762105614474 -0.6103659687848466 0.11751877521848286
1.106734715965787 -0.6140716747620556 0.13933470675963552
1.0914059947504962 -0.6167522408806734 0.16024815590490202
1.074679673554705 -0.6184120538525575 0.18012366451804485
1.056653873819171 -0.6190633208590016 0.19883249728932104

1.056653873819171 -0.6190633208590016 0.19883249728932104
1.0639943156431741 -0.6366207390438985 0.18012366451804485
1.0697736087210388 -0.6535555049822609 0.16024815590490205
1.0739361792960418 -0.6697811852149679 0.13933470675963555
1.0764378818030162 -0.6852146715784428 0.11751877521848286
1.0772462155487654 -0.6997769209870666 0.09494166487064751
1.0763404535556549 -0.7133936724430753 0.0717496095232889
1.0737116832219742 -0.7259961350671221 0.04809282603308373
1.0693627591291963 -0.7375216411277723 0.024124541339247012
1.0633081689967325 -0.7479142582842074 -7.347880794884107e-17

1.0633081689967325 -0.7479142582842074 -7.347880794884107e-17
1.0758885966039728 -0.7297011221709434 -7.347880794884109e-17
1.0881570894202426 -0.7112764221766852 -7.34788079488411e-17
1.100110090413937 -0.6926455002159762 -7.347880794884112e-17
1.1117441340247007 -0.6738137579937562 -7.347880794884112e-17
1.1230558471682082 -0.6547866554392343 -7.347880794884113e-17
1.1340419502141272 -0.6355697091228776 -7.347880794884114e-17
1.1446992579369915 -0.6161684906569803 -7.347880794884114e-17
1.1550246804396986 -0.5965886250802743 -7.347880794884117e-17
1.165015224049372 -0.576835789227048 -7.347880794884118e-17

-0.7674646795155552 -0.47702117669356037 0.2841007851597427
-0.7773816305810602 -0.4968269273886201 0.28983890632243414
-0.7872015109406518 -0.5171405496584612 0.294314447192184
-0.7968411184952896 -0.5379191830884829 0.29750791166415913
-0.8062185656988243 -0.5591155641147376 0.29940538854417337
-0.8152537358796603 -0.5806782560410318 0.29999861214786644
-0.8238687260763617 -0.6025519079314873 0.2992849983072229
-0.8319882738200638 -0.624677540921651 0.2972676556275829
-0.839540165402767 -0.6469928603129835 0.2939553719461065
-0.8464556232915021 -0.669432591646974 0.2893625760506812

-0.8464556232915021 -0.669432591646974 0.2893625760506812
-0.8218199663543603 -0.6683090691167474 0.2940894864239518
-0.7971624026427485 -0.6664647104451777 0.29744648809099694
-0.7725717670269775 -0.663957244311439 0.2994179436828431
-0.7481342993698765 -0.6608491940249349 0.29999466989201445
-0.7239331408821044 -0.6572075114710709 0.29917398024962477
-0.7000478548642917 -0.6531031779847204 0.2969596976393137
-0.6765539748441156 -0.6486107746426208 0.29336213648973614
-0.6535225829231388 -0.6438080246819214 0.2883980547285553
-0.6310199209367585 -0.6387753109504444 0.282090575721743

-0.6310199209367585 -0.6387753109504444 0.282090575721743
-0.6479669040127742 -0.6224949413695313 0.28231966354422566
-0.6644940702772437 -0.6057651729211327 0.28254732122763815
-0.6805895053310678 -0.58859682312364 0.28277354761874124
-0.6962415732343151 -0.5710010253698937 0.2829983415715459
-0.7114389248826314 -0.5529892217682263 0.2832217019473196
-0.7261705061998764 -0.5345731557612803 0.2834436276145917
-0.7404255661410927 -0.5157648645273079 0.28366411744915926
-0.7541936645000288 -0.4965766711688122 0.28388317033409305
-0.7674646795155552 -0.47702117669356037 0.2841007851597427

-0.6310199209367585 -0.6387753109504444 0.282090575721743
-0.6288521980398555 -0.6136784568892523 0.27436907858825255
-0.6264030696444598 -0.5892765533924511 0.26533846841671865
-0.6237703284784328 -0.5656232581841647 0.25504183347925224
-0.6210532344984461 -0.5427642003097763 0.24352830270508252
-0.6183517563863228 -0.5207367593858425 0.23085281126885784
-0.6157658034000665 -0.49956990977951243 0.21707583847527315
-0.6133944533902296 -0.4792841306483741 0.20226311919066828
-0.6113351828339975 -0.45989138226564735 0.18648533019846275
-0.6096831047365158 -0.4413951485470772 0.16981775297493462

-0.6096831047365158 -0.4413951485470772 0.16981775297493462
-0.6234952067208993 -0.4439907470354975 0.18701376468064473
-0.638362222377581 -0.44708110866437334 0.20325840732496078
-0.6542396751833202 -0.4506019586292933 0.21846904180133583
-0.6710767346609986 -0.45448742613616894 0.2325682891688685
-0.6888164488187143 -0.45867047522407084 0.24548442429140455
-0.7073960141374634 -0.4630833375182247 0.2571517407148262
-0.7267470817592409 -0.46765794416019335 0.2675108849263391
-0.7467960983025047 -0.4723263541893035 0.27650915829532524
-0.7674646795155552 -0.47702117669356037 0.2841007851597427

0.1034480483515844 0.7596932356649813 0.18860822844552516
0.12127342473648048 0.7690470101085807 0.202385829591857
0.1396813846846715 0.7787813445546379 0.21542100679877083
0.15870335223938906 0.7888267871443262 0.227665942352781
0.17836547646982645 0.7991100667767956 0.23907571743071568
0.19868836240951038 0.8095545637956406 0.24960847687809928
0.21968684031725805 0.8200808027145939 0.2592255827488975
0.241369774880244 0.8306069637410819 0.2678917560433861
0.26373991571061134 0.8410494097327327 0.2755752061241968
0.28679379020987467 0.8513232251207392 0.2822477473357984

0.28679379020987467 0.8513232251207392 0.2822477473357984
0.26631857006312937 0.8617709158270919 0.2835362683707314
0.24550261512987526 0.8717408817647148 0.2847775668323408
0.22435650237237562 0.8812220721969939 0.28597143598408453
0.20289117714402943 0.890203647845063 0.28711767698870677
0.18111794991853658 0.8986749936079339 0.2882160989413537
0.1590484925656009 0.9066257312766551 0.2892665189013682
0.13669483417049136 0.9140457322259244 0.29026876192275897
0.1140693563953972 0.9209251300664062 0.291222661083337
0.09118478838114523 0.9272543332408619 0.2921280575125165

0.09118478838114523 0.9272543332408619 0.2921280575125165
0.0928599002981407 0.9057166643537347 0.2863274302764935
0.0944093005908815 0.8846619148154217 0.27898145618308834
0.09585137788089203 0.8642019966668933 0.2701297824221238
0.09720600203924785 0.844445370883098 0.2598201826428653
0.0984943858195321 0.8254964521866074 0.24810829911334278
0.09973893442604707 0.8074550368290343 0.23505734241170034
0.10096308403022411 0.7904157565146019 0.2207377502703807
0.10219113033333854 0.7744675614908308 0.2052268074144035
0.1034480483515844 0.7596932356649813 0.18860822844552516

0.28679379020987467 0.8513232251207392 0.2822477473357984
0.285161732926046 0.8700191345448843 0.28787136504246597
0.28333526921204205 0.8890380795385275 0.2924445492320471
0.2812876472580669 0.908317741028915 0.29595061249990245
0.27899386891605504 0.9277942070643393 0.29837676133192526
0.2764308051940599 0.9474022308619706 0.2997141427876705
0.2735773007700696 0.967075495458482 0.29995787680445435
0.2704142670516813 0.9867468838314428 0.2991070740045493
0.26692476336788334 1.0063487533325826 0.29716483894049495
0.2630940659409103 1.025813213252285 0.29413825876668426

0.2630940659409103 1.025813213252285 0.29413825876668426
0.2423583032549311 1.0164851784206779 0.2966090891562059
0.2219949112012189 1.0066534077852485 0.298410527611221
0.2020229927117203 0.9963588235433897 0.2995385086178381
0.18245933289625302 0.9856432316852264 0.2999904865312482
0.16331834960065844 0.9745491577490949 0.29976544132077504
0.14461205429395613 0.9631196798399627 0.2988638808718958
0.12635002343978746 0.9513982595939598 0.2972878398400375
0.10853938046342565 0.9394285717807165 0.29504087505873533
0.09118478838114523 0.9272543332408619 0.2921280575125165

0.9282454948550044 0.5900174547613611 0.28288121272353334
0.9399679762676078 0.5746634449111939 0.2822301907649359
0.9514331774457193 0.5590775011990935 0.28156739710153866
0.9626364656340134 0.5432639625025792 0.2808928593781918
0.9735732813411666 0.5272272618774412 0.2802066057295855
0.9842391402966999 0.5109719253244063 0.2795086647790762
0.9946296353872014 0.49450257051418794 0.278799065637493
1.0047404385710283 0.4778239054712619 0.27807783790192325
1.0145673027705844 0.4609407272167258 0.2773450116544782
1.024106063741282 0.4438579203706275 0.27660061746103837

1.024106063741282 0.4438579203706275 0.27660061746103837
1.0339269117883767 0.4656075202638974 0.2684455141082959
1.0428184742825104 0.48748163014488743 0.25914979435809066
1.0507170029027495 0.5094191386195484 0.2487529554261183
1.0575637622961167 0.5313565831261419 0.23729917314823504
1.063305334091863 0.5532285422463373 0.22483711427874495
1.0678938882048858 0.5749680441664512 0.21141972970691844
1.0712874199082598 0.5965069886894951 0.19710402947035857
1.073449951368362 0.6177765801038027 0.18195084052117597
1.0743516965573068 0.6387077681361661 0.16602454827421617

0.7671435884688118 -0.7659322476995737 0.2879858035579631
0.7612763044613198 -0.7834632378947253 0.2854131661083371
0.7549986819886872 -0.8009337388265599 0.28259791208169893
0.7483073621947056 -0.8183293290139063 0.2795424345957338
0.7411995489865246 -0.8356353981697107 0.2762493309710168
0.733673018291564 -0.8528371714508309 0.27272140052315097
0.7257261262487175 -0.8699197341074061 0.2689616421831977
0.7173578163168751 -0.8868680564844078 0.2649732519484241
0.7085676252858931 -0.903667019327267 0.26075962016553245
0.6993556881772879 -0.9203014393428551 0.2563243286486833

0.6993556881772879 -0.9203014393428551 0.2563243286486833
0.7155059411508715 -0.9241852872944712 0.248012801964588
0.7315081047984191 -0.9275050914691865 0.23905154001333323
0.747329787544486 -0.9302408731041857 0.22946401919566056
0.7629385826955479 -0.9323745526206494 0.21927535656339367
0.7783021838012559 -0.9338899959488389 0.20851224401866397
0.7933885005419722 -0.9347730538475442 0.1972028783873986
0.8081657747215356 -0.935011594112285 0.18537688755026208
0.8226026959422645 -0.9345955265923087 0.1730652528245698
0.8366685165388029 -0.9335168209622792 0.16030022780051684

0.4027302505911005 -0.7574902766827609 0.26420836501589884
0.4219503533461835 -0.7659673270727727 0.27248749296118213
0.4417472713840598 -0.7744542617867288 0.2797243838930795
0.46209839252926815 -0.7828758957952391 0.2858913574380477
0.4829764581597494 -0.7911572870529193 0.2909648255479922
0.5043496639712838 -0.7992241494986859 0.29492538272215774
0.5261817894105113 -0.8070032604318531 0.2977578802312001
0.5484323551108794 -0.814422859952206 0.2994514840595389
0.571056807496977 -0.8214130402030705 0.29999971634436745
0.5940067295585164 -0.82790612222037 0.2994004801528212

0.5940067295585164 -0.82790612222037 0.2994004801528212
0.5988168549060363 -0.8058340441288013 0.2999737677680714
0.6030516763439142 -0.7838278793171423 0.299797085276322
0.6067380267389065 -0.7619300879809249 0.29887087440482224
0.609904921777637 -0.7401814029514058 0.29719745079094123
0.6125834260233617 -0.7186206756923528 0.29478099819279924
0.6148065095457919 -0.6972847312625301 0.29162755802937457
0.6166088957550583 -0.6762082328685148 0.2877450142762374
0.6180269011105575 -0.6554235565893886 0.28314307375467285
0.619098267412112 -0.6349606768091695 0.27783324186347313

0.619098267412112 -0.6349606768091695 0.27783324186347313
0.5965327770749006 -0.6517609531858766 0.27647272726539696
0.5735365159956344 -0.6677843100069517 0.27507339520849644
0.5501358449473239 -0.6830210384915709 0.27363544216247415
0.5263572722454154 -0.6974623194744464 0.2721590700195159
0.5022274237261091 -0.711100221398237 0.2706444860659438
0.4777730130716655 -0.7239276972896608 0.26909190295311364
0.4530208125172626 -0.7359385807424308 0.26750153866755755
0.42799762397271757 -0.7471275809313176 0.26587361650037833
0.4027302505911005 -0.7574902766827609 0.26420836501589884

0.9325357547101031 -0.516792541368 0.2926137976975229
0.9487225766851105 -0.5290636235327807 0.2873281411637407
0.9644892176848602 -0.541221517537118 0.28066219088688743
0.9797545479555815 -0.5532165972382063 0.27264796938108743
0.9944400757434422 -0.5649995766542575 0.2633239761116392
1.0084703213755695 -0.5765217613195461 0.25273500254769077
1.0217731755590966 -0.5877352987486205 0.240931916988799
1.03428024018769 -0.5985934267198076 0.22797142019904465
1.045927150035772 -0.60905071808975 0.21391577302260933
1.056653873819171 -0.6190633208590016 0.19883249728932104

1.056653873819171 -0.6190633208590016 0.19883249728932104
1.060906012561561 -0.5927665152750029 0.20894163405651087
1.0641268862923534 -0.5663429247177179 0.21860967293869898
1.0663275195527175 -0.5398413503758169 0.22781620368341315
1.0675218651573561 -0.5133098004258801 0.23654179033066375
1.0677267360767204 -0.48679530639218066 0.24476801224431044
1.0669617253946526 -0.46034374435594205 0.2524775029999734
1.0652491146945045 -0.4339996617904638 0.25965398704739123
1.0626137712774677 -0.4078061107734397 0.26628231406982916
1.059083034665778 -0.3818044882994232 0.2723484909679993

1.059083034665778 -0.3818044882994232 0.2723484909679993
1.0461457929554299 -0.39829947433053503 0.2752142425973316
1.0328981849775163 -0.41443152996458893 0.2779296498541156
1.019352728011042 -0.43019517517698674 0.2804932293623589
1.0055220341337754 -0.44558539729436786 0.28290358068671695
0.9914187918421113 -0.4605976523520183 0.2851593870975247
0.9770557476685743 -0.4752278657108638 0.2872594162901012
0.9624456878271123 -0.48947243193524836 0.2892025210579345
0.9476014199162601 -0.5033282139339361 0.29098763991937887
0.9325357547101031 -0.516792541368 0.2926137976975229

1.056653873819171 -0.6190633208590016 0.19883249728932104
1.0692468515518307 -0.6032268421876507 0.19536318659146354
1.081556580299348 -0.5871182913033255 0.1918479050826879
1.093576510391638 -0.5707431615381768 0.18828747994207723
1.1053002102520113 -0.5541071199189033 0.18468274897143952
1.1167213713400088 -0.5372160043095512 0.1810345603981647
1.127833813017172 -0.520075820407257 0.17734377267562887
1.1386314873312713 -0.502692738593185 0.17361125428119206
1.1491084837145724 -0.485073090641056 0.1698378835118372
1.159259033591789 -0.4672233662857903 0.16602454827749852

1.159259033591789 -0.4672233662857903 0.16602454827749852
1.1512925072603302 -0.4585021210793767 0.18101804419799514
1.1424379091838857 -0.44952564582291543 0.19533174821678875
1.1327320455795464 -0.4403202706869685 0.20891190690770325
1.1222150649080456 -0.43091284078694264 0.22170752158747017
1.1109303114101197 -0.4213305891056471 0.23367053983526512
1.0989241656477788 -0.41160100922796194 0.24475603594790304
1.0862458726474489 -0.4017517284681136 0.25492237965301456
1.0729473582930582 -0.39181038196344553 0.2641313924466208
1.059083034665778 -0.3818044882994232 0.2723484909679993

0.3311928715565076 -1.2051931226146948 0.16602454827749244
0.35020515796642 -1.1928647254748723 0.17563920489168547
0.36877930032897827 -1.179888529138857 0.18498683949919104
0.3868958462792993 -1.1662882493836113 0.19405324101227267
0.40453660531030017 -1.1520885784865422 0.20282462589822214
0.4216846960283413 -1.1373151129061565 0.21128765913428577
0.43832458929974333 -1.121994278421522 0.21942947448072658
0.4544421471536482 -1.1061532529661264 0.22723769404120167
0.4700246573201792 -1.0898198873989322 0.23470044708071783
0.4850608632967023 -1.073022624461871 0.24180638807255594

0.4850608632967023 -1.073022624461871 0.24180638807255594
0.4605044092512402 -1.0709328972858916 0.25005713325952245
0.4360472659360205 -1.0679516590583502 0.2577305016980682
0.4117306887671687 -1.0641056827680908 0.2648087757391877
0.3875943250573493 -1.0594242088374208 0.2712756117945294
0.36367606067201913 -1.0539388199927358 0.2771160780734041
0.3400118750519069 -1.0476833062670396 0.2823166890599803
0.3166357052359592 -1.0406935207224524 0.2868654366510613
0.29357931947878757 -1.0330072265216408 0.2907518178825474
0.2708722010138048 -1.024663936015211 0.29396685918056237

0.07127915363411627 -1.015813223421827 0.29944065946279014
0.07646648320718055 -1.0370514549551033 0.2973392722118306
0.08178932226093551 -1.0580582368135123 0.29368819439998517
0.08723639039720288 -1.0787220350065043 0.2885064549324503
0.09279497151750693 -1.098933118567571 0.28182106030817267
0.09845099455414871 -1.1185841399957628 0.2736668538657667
0.10418912531734888 -1.1375707026935657 0.26408633418492333
0.1099928688779374 -1.155791912374075 0.2531294335897762
0.11584468182914602 -1.1731509094981096 0.24085325790863577
0.12172609369919869 -1.1895553799054808 0.22732178884642557

0.9509682504845074 -0.8026606108072902 0.17393746379788436
0.9493243317794541 -0.789571163100883 0.18677901871505817
0.9470198689804986 -0.7761207893907152 0.1990844167938197
0.9440695914669031 -0.762340824421631 0.210818334883985
0.9404903904310129 -0.7482632073365927 0.22194709029212992
0.9363012784720891 -0.7339203614921408 0.2324387374691445
0.9315233414717643 -0.7193450735553935 0.24226315971124224
0.926179682879649 -0.7045703723341332 0.25139215561119455
0.9202953605655263 -0.6896294077902149 0.2597995200116273
0.9138973164220295 -0.6745553306835501 0.2674611192280008

0.9138973164220295 -0.6745553306835501 0.2674611192280008
0.8982055675283974 -0.6861933733284482 0.2702136127333796
0.882336274870442 -0.6974633569765494 0.2728505676938687
0.8662997504878995 -0.7083634234099594 0.2753708565943292
0.8501062966414008 -0.7188920398406501 0.2777734018039589
0.8337661947020943 -0.7290479971351559 0.280057176037068
0.8172896941344376 -0.7388304076437238 0.2822212027923282
0.80068700158653 -0.7482387026379714 0.28426455677030743
0.7839682701021905 -0.7572726293616444 0.2861863642691115
0.7671435884688118 -0.7659322476995737 0.2879858035579631

-0.8464556232915021 -0.669432591646974 0.2893625760506812
-0.8383344478769336 -0.687275796896535 0.2879869915929795
-0.8298283070187075 -0.7050237961275025 0.2865295962322031
-0.8209373044920583 -0.7226673307965334 0.28499080398299187
-0.8116617940632648 -0.7401970911524709 0.2833710519830889
-0.8020023821720615 -0.7576037236745315 0.28167080036915915
-0.7919599303773209 -0.7748778386173301 0.27989053214607457
-0.7815355575621487 -0.792010017654885 0.27803075304970276
-0.7707306418947799 -0.8089908216156363 0.2760919914032383
-0.7595468225419432 -0.8258107983003595 0.2740747979671175

-0.7595468225419432 -0.8258107983003595 0.2740747979671175
-0.7466716391115111 -0.8053833268342441 0.2834541263198479
-0.7331609874338139 -0.7845513457939136 0.2907810184807345
-0.719130819023498 -0.7634503963929931 0.29600242184885034
-0.7047018392669065 -0.7422169422616214 0.29908052925806217
-0.689998638247079 -0.7209873495499352 0.29999305273136617
-0.675148785449645 -0.6998968747691606 0.298733384863794
-0.6602818949818589 -0.6790786679432959 0.2953106466653473
-0.6455286682094231 -0.6586627984801108 0.28974962151753775
-0.6310199209367585 -0.6387753109504444 0.282090575721743

1.024106063741282 0.4438579203706275 0.27660061746103837
1.0424467769927148 0.4475962294969538 0.26817155593432024
1.0602654030472494 0.4509768180934276 0.2585305963878939
1.0774851480210408 0.45397411361129913 0.24772130742373769
1.0940317026728066 0.4565647652851956 0.23579253745847234
1.109833592716411 0.4587277314359809 0.22279819397176356
1.1248225169065247 0.460444354021179 0.20879699989223857
1.1389336712857236 0.4616984201856872 0.1938522282218359
1.1521060580423246 0.4624762106348708 0.17803141609785286
1.1642827774966404 0.46276653472185975 0.16140605958487547

1.1642827774966404 0.46276653472185975 0.16140605958487547
1.155672660856435 0.4830125463909092 0.16192194403502674
1.1467096728377149 0.5030984940578206 0.16243715372483628
1.1373967881407803 0.5230182137823117 0.16295168650732472
1.1277370893703542 0.5427655969143488 0.1634655402383335
1.1177337660073994 0.5623345919870875 0.16397871277653395
1.107390113347657 0.5817192065906811 0.1644912019834358
1.096709531407266 0.6009135092263639 0.16500300572339666
1.0856955237958297 0.6199116311402348 0.16551412186363032
1.0743516965573068 0.6387077681361661 0.16602454827421617

1.056653873819171 -0.6190633208590016 0.19883249728932104
1.046682540902503 -0.6402482228583494 0.19617178933570037
1.0362603747045245 -0.6612603467731996 0.19348384604465546
1.0253904202869204 -0.6820895230844016 0.19076904059442337
1.0140759664372254 -0.7027256349922829 0.18802774989262536
1.00232054479875 -0.7231586246167953 0.18526035452393919
0.9901279288341535 -0.7433784991845636 0.18246723869726122
0.9775021326228196 -0.7633753371981771 0.1796487901923647
0.9644474094923361 -0.783139294583063 0.17680540030606307
0.9509682504845074 -0.8026606108072902 0.17393746379788436

0.9509682504845074 -0.8026606108072902 0.17393746379788436
0.9675312177741096 -0.8005666075979903 0.15674315025692212
0.9832055795674642 -0.7974640640600931 0.13880893526651986
0.9979283403205045 -0.7933496106548488 0.1202194767632077
1.0116405436206655 -0.7882254663365951 0.10106252574132481
1.0242876505502256 -0.7820993490137672 0.08142851202702127
1.0358198955820164 -0.7749843534216783 0.06141011740691242
1.0461926177342364 -0.7668987974333623 0.04110183812642019
1.055366564847453 -0.7578660380238835 0.020599538823014425
1.0633081689967325 -0.7479142582842074 -7.347880794884107e-17

0.28679379020987467 0.8513232251207392 0.2822477473357984
0.2988695423648796 0.8728603682290844 0.28984600250039677
0.3113482570753121 0.8948237628351057 0.2953603052375446
0.32417753585358056 0.9170406853677658 0.2987510084778477
0.33730069278371516 0.9393369692567409 0.2999937335368066
0.35065715196855196 0.9615382936891677 0.29907954539416587
0.364182885598848 0.9834714693387789 0.2960150169354668
0.3778108894278784 1.0049657114682715 0.29082218169391455
0.39147169207260013 1.0258538909298782 0.2835383754323405
0.4050938942272348 1.045973753784582 0.2742159677042626

0.4050938942272348 1.045973753784582 0.2742159677042626
0.38894763474874855 1.0449094547670723 0.27710329624344393
0.3728769146110434 1.0435379789250445 0.27982562172588993
0.356889173298578 1.041864677083154 0.28238132312423586
0.34099163677174676 1.0398951234217935 0.28476887862857
0.32519130992940737 1.0376351069553946 0.2869868665526052
0.30949496939838306 1.0350906227427978 0.2890339661802324
0.29390915665964595 1.0322678628422255 0.29090895855194954
0.27844017152041534 1.0291732070237227 0.2926107271906995
0.2630940659409103 1.025813213252285 0.29413825876668426

-0.7595468225419432 -0.8258107983003595 0.2740747979671175
-0.7411763201703031 -0.8282433282501719 0.2785284018508818
-0.722775695620907 -0.8302073969331571 0.28257667621485766
-0.704366059877776 -0.8317131212337262 0.2862137297923268
-0.6859680682992124 -0.8327715653271918 0.28943426974718983
-0.6676018717559813 -0.8333947111243837 0.2922336093763864
-0.6492870692824173 -0.8335954262769741 0.29460767493023765
-0.6310426623654483 -0.8333874298275661 0.29655301154078556
-0.6128870109920829 -0.8327852555949199 0.2980667882495035
-0.5948377915710951 -0.8318042133907991 0.29914680212705874

-0.5948377915710951 -0.8318042133907991 0.29914680212705874
-0.601008192199857 -0.8099016176977925 0.2998784432279982
-0.6065827951578636 -0.7880282376049395 0.29994866171760953
-0.6115837323515547 -0.7662227142251073 0.29935730271948247
-0.6160351409058218 -0.7445222030531612 0.2981056705561571
-0.6199630532746294 -0.7229622422615688 0.2961965258722633
-0.6233952793792065 -0.7015766282390927 0.29363407954554405
-0.6263612812641876 -0.6803972988783499 0.2904239833991934
-0.6288920407934692 -0.6594542250854566 0.28657331773599287
-0.6310199209367585 -0.6387753109504444 0.282090575721743

0.5048275257834252 0.8649003956642577 0.29999649237875314
0.4962079673933319 0.8856730532057402 0.29961448437230903
0.48699524465816185 0.9063789552996708 0.2986022934671869
0.47717639069917045 0.9269776858172495 0.2969620486171987
0.46674065568921064 0.9474280249400262 0.2946971997698872
0.45567956211446925 0.9676880968866857 0.2918125106102077
0.44398695078700834 0.9877155207843423 0.28831404854101056
0.43165901742199914 1.0074675640858017 0.28420917192139605
0.41869433963172564 1.0269012979237273 0.2795065145897859
0.4050938942272348 1.045973753784582 0.2742159677042626

0.28679379020987467 0.8513232251207392 0.2822477473357984
0.30972824545686545 0.8550318347089557 0.2859928415912688
0.33302457884615355 0.8582615264399993 0.28930405312492974
0.35666909000433455 0.8609809558421042 0.29217635846323986
0.38064604104381594 0.8631592349757807 0.2946054000018231
0.40493767970823963 0.8647660616333934 0.2965874926164356
0.4295242705050605 0.8657718470879264 0.2981196292537058
0.454384133725485 0.8661478418999972 0.2991994854931669
0.4794936922219087 0.8658662592991505 0.2998254230736592
0.5048275257834252 0.8649003956642577 0.29999649237875314

-0.2610605614444126 0.903498453398201 0.2940319749536634
-0.26324876330378727 0.9222539685430137 0.2971974343564837
-0.26536229370805137 0.9411891710140051 0.2991835834697948
-0.2673795025363916 0.9602320736019764 0.29998254104761307
-0.2692795775277742 0.9793100854205747 0.29959113674328175
-0.2710426297376127 0.9983503048593949 0.29801092368973586
-0.27264977343837155 1.0172798143024224 0.2952481723365089
-0.27408320014035076 1.0360259754084107 0.2913138455679384
-0.27532624643997144 1.0545167237455744 0.28622355520130155
-0.2763634554351271 1.072680861573735 0.2799975000375031

-0.2763634554351271 1.072680861573735 0.2799975000375031
-0.29619983433931696 1.0673455669001877 0.28000793243976485
-0.31593338431098555 1.0616434936984982 0.2800183622145555
-0.33555732433447377 1.0555766207832116 0.2800287893617771
-0.3550649114196736 1.0491470523218362 0.28003921388133185
-0.3744494429190155 1.0423570171051 0.2800496357731219
-0.393704258830463 1.0352088677743891 0.28006005503704956
-0.41282274408573394 1.02770508000663 0.2800704716730169
-0.4317983308229543 1.019848251656901 0.28008088568092626
-0.4506245006429676 1.011641101859071 0.28009129706068

-0.4506245006429676 1.011641101859071 0.28009129706068
-0.42808509592191657 1.0020327934286064 0.286293111693491
-0.4058127676933297 0.9916471353162406 0.2913623750534138
-0.3838572545058926 0.9805550884157561 0.2952790335644579
-0.3622645423355085 0.9688308502508471 0.29802759325767697
-0.3410766136260481 0.9565514547966489 0.29959718106399585
-0.32033122383301604 0.94379635468334 0.29998158782715006
-0.3000617068011395 0.9306469882005093 0.29917929286658135
-0.2802968101240451 0.9171863336154825 0.29719346999312096
-0.2610605614444126 0.903498453398201 0.2940319749536634

1.1642827774966404 0.46276653472185975 0.16140605958487547
1.160066290282065 0.4434238169996974 0.17740389978284035
1.1545950683866382 0.4239258445997292 0.1926607298563595
1.147907061377855 0.4043316218250671 0.2071128225392044
1.1400459514133172 0.3846992073937831 0.22069981192616933
1.1310609452120726 0.36508534231115036 0.2333649456194276
1.1210065343430018 0.345545088977861 0.24505532178138917
1.1099422251172824 0.3261314837978304 0.25572211010389734
1.0979322395522473 0.3068952054587466 0.26532075577078407
1.085045189045822 0.28788426095471553 0.2738111655618393

1.085045189045822 0.28788426095471553 0.2738111655618393
1.1040322510667484 0.29019119557779965 0.26451529550921576
1.1223578626137876 0.2922353531478147 0.25391038955330303
1.139933070874726 0.29399882296707686 0.24204892935729028
1.1566725283359287 0.29546547825421215 0.22898961503238324
1.1724949230734651 0.2966210382588323 0.21479707464211503
1.1873233893561714 0.29745311930615675 0.1995415443703478
1.2010858964792845 0.29795127461510035 0.1832985209357534
1.213715613854334 0.29810702279821655 0.1661483879729074
1.2251512504980755 0.2979138650167038 0.14817601822896534

1.2251512504980755 0.2979138650167038 0.14817601822896534
1.219551771874832 0.3166919627096078 0.1496660724421545
1.2136565420188585 0.3353657782070505 0.151151227121893
1.2074675137978093 0.35393053906602756 0.15263143364951318
1.2009867188892056 0.3723815098919626 0.15410664356833223
1.1942162670660332 0.3907139936705147 0.1555768085852386
1.1871583454592989 0.40892333308537404 0.1570418805722727
1.179815217797819 0.4270049118216363 0.15850181156820262
1.1721892236255342 0.44495415585435255 0.15995655378009416
1.1642827774966404 0.46276653472185975 0.16140605958487547

0.9072949016875165 -2.222231594468659e-16 0.2853169548885463
0.918376464454388 -0.018697008015648824 0.2887362617357761
0.9291935933702856 -0.03785015084118079 0.2917104442749407
0.9397145943660951 -0.05745779338465721 0.29423491741881597
0.9499075727783951 -0.07751646750816533 0.29630578936540025
0.959740544914602 -0.09802085705331239 0.2979198675976305
0.9691815504568797 -0.11896378952627505 0.2990746638050605
0.978198765305701 -0.14033623448318178 0.29976839771991326
0.9867606144621719 -0.1621273086327547 0.2999999998615944
0.9948358845478702 -0.18432428764922182 0.29976911318543475

0.9948358845478702 -0.18432428764922182 0.29976911318543475
1.007410706805863 -0.16552017195302948 0.299269850617537
1.0196091804845004 -0.14627713518832813 0.29849135424047296
1.0314101358679877 -0.12660213998174452 0.29743435043048233
1.0427925311463022 -0.10650317752372193 0.29609982542523516
1.0537355041209515 -0.08598926496446364 0.29448902440362223
1.0642184238172845 -0.06507044019369261 0.2926034503239407
1.0742209418705453 -0.04375775401020505 0.29044486252155843
1.0837230435532779 -0.022063259693939304 0.2880152750673658
1.092705098312484 -2.676355602120756e-16 0.28531695488854614

1.092705098312484 -2.676355602120756e-16 0.28531695488854614
1.0725765686799003 -2.6270549233485834e-16 0.29108871788279894
1.0520944533000791 -2.5768882092692534e-16 0.29544232590366243
1.0313585389802962 -2.5260998670710213e-16 0.298356568610482
1.0104698490107504 -2.47493733245185e-16 0.29981724810572874
0.98953015098925 -2.423649864137565e-16 0.29981724810572874
0.9686414610197044 -2.3724873295183935e-16 0.29835656861048204
0.9479055466999214 -2.321698987320161e-16 0.2954423259036625
0.9274234313201003 -2.2715322732408314e-16 0.2910887178827991
0.9072949016875165 -2.222231594468659e-16 0.2853169548885463

0.4404366578558302 0.6934251674595496 0.24109998304579877
0.4604975697380983 0.6969388348946872 0.25076858589776246
0.481121363899685 0.700381557458358 0.25964167961663936
0.5022930405556404 0.7036915718774855 0.2676911162305979
0.5239932330609058 0.7068072631489234 0.27489136064193176
0.5461982593845647 0.7096675071222999 0.28121957163163736
0.5688801983537651 0.7122120096555636 0.2866556743182443
0.5920069902980795 0.7143816404877044 0.2911824238410372
0.6155425615891884 0.7161187600038326 0.2947854600656488
0.6394469724376254 0.7173675371085693 0.29745335313848226

0.6394469724376254 0.7173675371085693 0.29745335313848226
0.6262753933364977 0.7347828242917751 0.2980058336438666
0.6126493403198506 0.7519711790083896 0.29849103905358565
0.5985716770179255 0.7689202836351676 0.2989088598320643
0.5840456234754224 0.7856178055841236 0.29925920165587105
0.5690747593581178 0.8020514083680773 0.2995419854350116
0.5536630267939319 0.8182087628425544 0.2997571473307831
0.5378147328406935 0.8340775586113839 0.29990463877018664
0.5215345515732982 0.8496455155830114 0.2999844264568916
0.5048275257834252 0.8649003956642577 0.29999649237875314

0.5048275257834252 0.8649003956642577 0.29999649237875314
0.49756991605609757 0.8443573379586965 0.2993365099411738
0.49020180415290004 0.8239774092410901 0.29715306453186946
0.4827805774453 0.8038538460494214 0.29345726872188116
0.47536461744190633 0.7840780256600128 0.28826793213810237
0.46801298588291895 0.7647389958174402 0.2816114657323235
0.46078510352262964 0.7459230189304379 0.27352174736359275
0.4537404233597599 0.7277131330993281 0.264039949378006
0.4469381001229123 0.7101887322402738 0.25321432906345387
0.4404366578558302 0.6934251674595496 0.24109998304579877

0.2708722010138048 -1.024663936015211 0.29396685918056237
0.2884643485450833 -1.0136298886839592 0.2951224208439085
0.3057312824857576 -1.0022773768295998 0.2961561449183
0.3226676567370354 -0.9906172118112962 0.29706760464372156
0.33926851024896754 -0.9786602772328632 0.2978564237354603
0.35552926713913957 -0.9664175146359005 0.29852227653945035
0.37144573626725663 -0.9538999092444932 0.2990648881667153
0.38701411026890475 -0.9411184757824204 0.29948403460685197
0.4022309640525769 -0.928084244383657 0.2997795428205112
0.4170932527648681 -0.9148082466167611 0.29995129081083427

0.4170932527648681 -0.9148082466167611 0.29995129081083427
0.3925869620603017 -0.9084052758005995 0.29981996834089136
0.3685125445146174 -0.9014223085790962 0.29885721733855136
0.34489845944791536 -0.8939150112314048 0.2970657076014844
0.32176942146015636 -0.8859403418234404 0.2944504071520663
0.2991463163240446 -0.8775562563141049 0.2910185684605927
0.27704613790975924 -0.8688214097667631 0.2867797083335076
0.2554819464470902 -0.8597948542210673 0.2817455815224172
0.2344628483176132 -0.8505357347979106 0.2759301481270761
0.2139939974556146 -0.8411029856197109 0.2693495348827379

0.33785069005414065 1.2058425210838164 0.1623452956487916
0.3267151800303051 1.2015635457724276 0.1728639270927144
0.3155537439621454 1.1967612407273003 0.18307355793844324
0.30438036025187265 1.1914471690565593 0.1929559380970688
0.29320881567997387 1.185633889772548 0.2024934024522654
0.28205266724678174 1.179334932641089 0.21166890243733347
0.2709252048166147 1.1725647707785163 0.22046603651013627
0.25983941466315885 1.165338791056954 0.2288690794714573
0.24880794401223233 1.1576732623835984 0.23686301057436937
0.23784306667531538 1.149585301924884 0.2444335403743698

0.23784306667531538 1.149585301924884 0.2444335403743698
0.2577267877563791 1.139656369880534 0.2482533762274984
0.27730622147041256 1.1293052923144093 0.25194961504111707
0.29657182497960427 1.1185429886529152 0.2555204165817448
0.31551447157066737 1.1073806238719996 0.25896400306691675
0.3341254578426131 1.0958295920419776 0.26227866005028244
0.3523965102319677 1.083901499638583 0.2654627372751712
0.37031979086728906 1.071608148647159 0.26851464949619974
0.3878879027459469 1.058961519487183 0.2714328772685125
0.4050938942272348 1.045973753784582 0.2742159677042626

0.4050938942272348 1.045973753784582 0.2742159677042626
0.4000024081529689 1.0665855481435054 0.2657896261740614
0.394317468430724 1.0866607936430288 0.2562546316711036
0.3880325803378454 1.106120728180998 0.24565075625178254
0.38114518522264257 1.124888539789854 0.2340222304535183
0.3736566297399877 1.1428897604615114 0.22141755880179062
0.3655721109423293 1.1600526495978034 0.20788931748965292
0.35690059769253385 1.1763085650192318 0.1934939350736397
0.3476547290046126 1.1915923195266818 0.1782914571008223
0.33785069005414065 1.2058425210838164 0.1623452956487916

-0.9082117208945132 -0.31423599491509613 0.297459092988066
-0.9175090932831056 -0.3356044995378391 0.29911405309962624
-0.9263926954221734 -0.3574183157822747 0.299917169714705
-0.9348071535672184 -0.3796533504036219 0.2998661556466643
-0.9426983705519563 -0.4022822017305668 0.298961156177886
-0.9500137832319331 -0.42527426428415027 0.2972047486460238
-0.9567026123070749 -0.4485958505442632 0.29460193510403276
-0.9627161032949764 -0.47221032926959766 0.2911601280748796
-0.9680077574714734 -0.4960782796925179 0.28688912944150347
-0.9725335516457299 -0.5201576608292409 0.2818011025321453

-0.9725335516457299 -0.5201576608292409 0.2818011025321453
-0.9498915255711881 -0.516902333904292 0.2887383350464842
-0.9269451299789154 -0.5131245802999337 0.2940419296737724
-0.9038105017335609 -0.5088778331741989 0.297681879476693
-0.8806037731750541 -0.5042196890113371 0.2996375901690593
-0.8574403643954337 -0.49921157770892605 0.29989799663517536
-0.8344342845144389 -0.4939184010278948 0.29846162553458905
-0.8116974463118303 -0.48840814159376483 0.2953366036380301
-0.7893389984662793 -0.4827514448646574 0.2905406118473685
-0.7674646795155552 -0.47702117669356037 0.2841007851597427

-0.7674646795155552 -0.47702117669356037 0.2841007851597427
-0.7844229734994294 -0.4610180520613799 0.28613974202397874
-0.8010938436344582 -0.44448642900458385 0.28804191377671035
-0.817459289985316 -0.42742846386211036 0.28980639111126993
-0.8335011381518391 -0.40984699551036674 0.2914323305438854
-0.8492010675448525 -0.39174556010138545 0.2929189548168957
-0.8645406405015906 -0.37312840455692065 0.2942655532703084
-0.8795013321839775 -0.3540004987761191 0.2954714821815202
-0.8940645612010013 -0.3343675465170489 0.2965361650730401
-0.9082117208945132 -0.31423599491509613 0.297459092988066

0.6650309151043411 0.9011619095276562 0.2749625478329102
0.664144720952754 0.8809124743514888 0.28168346190040106
0.6626860667123509 0.8604810192262728 0.28738369855244444
0.660686526322086 0.8399283309012345 0.29204260303432317
0.6581805852804035 0.8193146435915295 0.2956432938487945
0.6552055021477569 0.7986993711545128 0.2981727239260393
0.6518011548853037 0.7781408451794802 0.2996217278995983
0.6480098727045821 0.7576960602162083 0.29998505531699293
0.6438762541786854 0.7374204273278814 0.2992613896646913
0.6394469724376254 0.7173675371085693 0.29745335313848226

0.6394469724376254 0.7173675371085693 0.29745335313848226
0.6582441912859976 0.722958923761044 0.2991722344557796
0.6772769124434602 0.7282835343414527 0.2999502285031627
0.6965057182822754 0.7332982024456238 0.29978488851381657
0.7158894636882501 0.7379612955175743 0.29867673447680854
0.7353854322831128 0.742232878476853 0.2966292515017392
0.7549495008025653 0.746074868842803 0.2936488788581822
0.7745363109455344 0.7494511827200082 0.28974498972438395
0.7940994479745125 0.7523278710517342 0.28492986170891266
0.813591625314358 0.7546732455932222 0.27921863823796567

-0.2639074099832121 -1.10993020740689 0.2648672806141232
-0.28662393508761014 -1.1059695975374755 0.263992010616584
-0.3092863627461213 -1.1015383398069716 0.2631066668662518
-0.33188481484904886 -1.0966369831266947 0.26221128314723247
-0.3544094119266329 -1.0912662866990632 0.2613058936267505
-0.3768502776969896 -1.0854272203474 0.26039053285384456
-0.39919754362832277 -1.0791209647456486 0.25946523575804953
-0.42144135351315853 -1.0723489115475278 0.25853003764806354
-0.44357186805234394 -1.0651126634146866 0.2575849742104005
-0.4655792694465374 -1.057414033943485 0.2566300815080286

-0.4655792694465374 -1.057414033943485 0.2566300815080286
-0.4616197588053088 -1.0729647909476914 0.24851240324484009
-0.4572659705641442 -1.088133323282036 0.2397689068200889
-0.45251570684366854 -1.1028841673610414 0.2304216106070502
-0.44736826339876173 -1.1171826905046056 0.2204940535021945
-0.44182441775610704 -1.130995200280263 0.21001123564819094
-0.43588641190100413 -1.1442890513099235 0.19899955547711673
-0.4295579296016488 -1.1570327491882388 0.187486743232414
-0.42284406847806977 -1.1691960511684865 0.1755017911370033
-0.41575130694154255 -1.1807500632817272 0.16307488038340795

-0.41575130694154255 -1.1807500632817272 0.16307488038340795
-0.3988544312576126 -1.176446127326544 0.17700143165581042
-0.38187673235854896 -1.171178380818017 0.19036579910537185
-0.3648568262710008 -1.1649731067357323 0.20312553544162482
-0.3478326701061227 -1.1578599205320295 0.21524011377569124
-0.33084137491964427 -1.1498716609835453 0.2266710563399269
-0.3139190238754329 -1.141044266990726 0.2373820566992408
-0.29710049658699633 -1.131416640834128 0.2473390950659276
-0.28041930047995783 -1.1210304984575696 0.25651054635175624
-0.2639074099832121 -1.10993020740689 0.2648672806141232

1.024106063741282 0.4438579203706275 0.27660061746103837
1.0320066779585408 0.42704573288770264 0.27629810898535095
1.0396304434389623 0.4100931721724096 0.27599373802241084
1.0469748663251028 0.3930048100585574 0.27568750662394054
1.0540375284578696 0.3757852627431008 0.2753794168542033
1.0608160881675834 0.35843918952959636 0.2750694707899897
1.0673082810441323 0.34097129155750716 0.2747576705206032
1.07351192068596 0.3233863105177052 0.2744440181478461
1.0794248994276452 0.30568902735452314 0.27412851578600556
1.085045189045822 0.28788426095471553 0.2738111655618393

1.165015224049372 -0.576835789227048 -7.347880794884118e-17
1.1693110433296896 -0.5666186513344647 0.01953480125983407
1.1723692063195996 -0.5558258447139708 0.03898668513825743
1.1741830575398404 -0.5444909427629923 0.0582730862048235
1.1747514454830805 -0.532649715304743 0.07731214143712387
1.174078761655758 -0.5203398876646458 0.09602303769642219
1.172174952337708 -0.5076008911647363 0.1143263547469539
1.1690555028772978 -0.49447360654299793 0.13214440236291256
1.1647413944802856 -0.48100010183599556 0.149401550092239
1.159259033591789 -0.4672233662857903 0.16602454827749852

-0.4506245006429676 1.011641101859071 0.28009129706068
-0.4455281387030695 0.9915048315807045 0.2871068571335382
-0.4401188223344805 0.9710006668616042 0.29262975727018065
-0.4344379759986301 0.9502299331706365 0.29663128407849965
-0.42852907325967543 0.9292950125506001 0.2990906337406759
-0.422437416171086 0.9082987998722291 0.2999950201716033
-0.41620990163207683 0.8873441579064975 0.29933974149336157
-0.4098947759279115 0.8665333741234027 0.29712820448013866
-0.40354137874826207 0.845967622108275 0.29337190684651393
-0.397199878051129 0.8257464304540524 0.288090377471185

-0.397199878051129 0.8257464304540524 0.288090377471185
-0.3829116010402168 0.8353928768100243 0.2888491776145267
-0.36840444467812333 0.8447988903060277 0.28958346020418857
-0.3536822219199745 0.8539595011149979 0.2902931629141743
-0.33874886171008634 0.862869792585567 0.2909782255048306
-0.32360840847561784 0.8715249040498905 0.29163858982796065
-0.30826502154974933 0.8799200336352203 0.2922741998317596
-0.2927229745239608 0.888050441077395 0.2928850015655723
-0.2769866545290285 0.8959114505344092 0.2934709431844724
-0.2610605614444126 0.903498453398201 0.2940319749536634

0.9687758515006553 0.7885450051699544 0.16713294602462186
0.9546974156816292 0.8056604444111537 0.16700995320420198
0.9403165636934926 0.82252450461843 0.16688691969260086
0.9256377845418458 0.8391318416947908 0.16676384551979495
0.9106656616810388 0.8554771917142724 0.16664073071577076
0.8954048715822108 0.8715553725913796 0.16651757531052458
0.8798601822718192 0.8873612857249462 0.16639437933406268
0.8640364518411121 0.902889917615896 0.16627114281640118
0.8479386269270137 0.9181363414583862 0.16614786578756605
0.8315717411648943 0.9330957187038333 0.1660245482775931

-0.2525778619363875 0.7255457609628319 0.19050772669457558
-0.2661939861809036 0.7347242392899496 0.2055238397948383
-0.2804228931180394 0.7445816118505014 0.21962673542212804
-0.2952722365209773 0.7550407120199935 0.23275374926110726
-0.31074477687476243 0.7660210039500931 0.244846553195594
-0.3268382823449988 0.7774390553610849 0.2558514144816825
-0.3435454632730734 0.7892090249222338 0.2657194345019466
-0.36085394081033256 0.8012431612788222 0.2744067660398535
-0.3787462500824624 0.8134523107220691 0.28187480810895854
-0.397199878051129 0.8257464304540524 0.288090377471185

-0.397199878051129 0.8257464304540524 0.288090377471185
-0.4042324155581333 0.8105399384787108 0.2848095817695991
-0.41097152960519273 0.7954166871217152 0.281141645058241
-0.41742935383384655 0.7803935735667381 0.2770915531550506
-0.42361869199904434 0.7654867771594681 0.27266481134064136
-0.42955297867095066 0.7507117239782006 0.2678674368749853
-0.4352462382522914 0.7360830534708069 0.2627059508181654
-0.4407130424195274 0.7216145872427918 0.25718736916631313
-0.44596846610028446 0.707319300075517 0.25131919331478186
-0.45102804210332736 0.6932092932478104 0.24510939986151642

-0.45102804210332736 0.6932092932478104 0.24510939986151642
-0.4284645927574943 0.6989155270360881 0.23984656180441954
-0.4060028036659609 0.7040528867416875 0.2343707436550413
-0.3836560089632801 0.7086385413906918 0.22868680785646212
-0.3614362745861446 0.7126898787810277 0.2227998016570635
-0.3393544016831785 0.7162244261118698 0.2167149526286488
-0.3174199347029185 0.7192597713060079 0.2104376640244389
-0.2956411741031576 0.7218134852939543 0.20397350998106561
-0.27402519360955035 0.7239030455246491 0.19732823056882387
-0.2525778619363875 0.7255457609628319 0.19050772669457558

-0.5009922037175892 0.48931657021485425 -0.013473603017877608
-0.5022719105411322 0.4911049778321415 -0.038401279878598926
-0.5050289093606363 0.49434274214568774 -0.0630618215812148
-0.5092397744444653 0.49901167557363807 -0.08728367921570195
-0.5148709907346518 0.5050836024679871 -0.11089835553954015
-0.521879197836326 0.5125205441739127 -0.13374157711410137
-0.530211502251872 0.5212749725849886 -0.1556544370585147
-0.5398058556136701 0.5312901305041389 -0.17648450047154024
-0.5505914962123041 0.542500416652775 -0.19608686483167945
-0.5624894506794308 0.5548318327176548 -0.21432516799894288

-0.5624894506794308 0.5548318327176548 -0.21432516799894288
-0.5415459253944835 0.5624646483095062 -0.20481334140567456
-0.5208778120186587 0.5697084502276312 -0.1948991961474179
-0.5004940457468666 0.5766029578387866 -0.18460220676453926
-0.48040026347554365 0.583187755146954 -0.17394259982525698
-0.4605988349354075 0.5895020475021936 -0.16294131419421545
-0.44108891111300497 0.5955844215116585 -0.1516199599018841
-0.42186648968447066 0.601472609364322 -0.14000077569556998
-0.40292449710049916 0.6072032587583391 -0.12810658535543396
-0.3842528868789209 0.6128117095914611 -0.11596075286131159

-0.3842528868789209 0.6128117095914611 -0.11596075286131159
-0.39787208200791924 0.5988761507628869 -0.10505518349563549
-0.41127252342346143 0.5850023833951241 -0.09398898374377743
-0.4244795382802061 0.5711901162787175 -0.08277907393161364
-0.4375179302347899 0.5574368171424896 -0.07144259411908503
-0.450411819266757 0.5437377629699848 -0.05999687789287983
-0.46318448544566554 0.5300861010756618 -0.048459425863214715
-0.4758582173497733 0.5164729206514532 -0.03684787890523126
-0.48845416582104323 0.5028873344485408 -0.02517999118593016
-0.5009922037175892 0.48931657021485425 -0.013473603017877608

-0.672181159931532 0.19850158910882287 0.02293924837637159
-0.6723087529061856 0.19496276646951013 -0.0020219568615675344
-0.6744177188572049 0.19199680583724305 -0.026969147214286185
-0.6785083293795982 0.18957213157707622 -0.051729405041445034
-0.6845666802855674 0.18765345039416068 -0.07613110839696004
-0.6925647528690714 0.18620213452959852 -0.10000512060031386
-0.7024605765320265 0.18517662689282627 -0.12318596258162853
-0.71419849184525 0.18453286434326757 -0.14551295987456905
-0.7277095123858304 0.18422471522129485 -0.16683135630687046
-0.7429117829717237 0.18420442714990745 -0.1869933866691134

-0.6261180813586984 0.3479390552657536 -0.09754081292222812
-0.6307833776078873 0.33061139059661304 -0.0845937031880054
-0.6355074751497287 0.3135260338831472 -0.07147303396708664
-0.6403175337347257 0.29665956329434534 -0.05820572471717694
-0.6452382899846102 0.2799864265998538 -0.04481899575487776
-0.650291908828139 0.2634791275523726 -0.031340312408217545
-0.6554978487051878 0.2471084223356 -0.017797328666498934
-0.6608727412105937 0.2308435250857885 -0.004217830443069119
-0.6664302857781895 0.21465232145051097 0.00937032143257191
-0.672181159931532 0.19850158910882287 0.022939248376371513

-0.5060969149112713 -0.5729149729693831 -0.18577030191781863
-0.5241125353034092 -0.5545463882476325 -0.1839714322581437
-0.54147608280166 -0.5356250349760845 -0.18216189805393626
-0.5581711654792915 -0.516173664005928 -0.1803418042011462
-0.5741821734828054 -0.49621548764870926 -0.17851125620785013
-0.5894942909050835 -0.4757741531686117 -0.17667036018813506
-0.6040935067733064 -0.4548737160230388 -0.1748192228559475
-0.6179666251491596 -0.43353861288053963 -0.17295795151890722
-0.6311012743397589 -0.41179363444499056 -0.1710866540720871
-0.6434859152186533 -0.38966389811473895 -0.16920543899175813

-0.6434859152186533 -0.38966389811473895 -0.16920543899175813
-0.626907529608567 -0.39687621169357423 -0.1530425218473789
-0.6111786040864648 -0.40416625598248096 -0.136255026984405
-0.596308423125293 -0.411609299101411 -0.1189114653964865
-0.582298788828557 -0.41927937504242896 -0.10108261742622451
-0.5691440932185549 -0.42724868790742115 -0.08284124390541908
-0.556831441848763 -0.4355870271509754 -0.06426178921279674
-0.5453408277562489 -0.44436119801667845 -0.045420077461058826
-0.5346453544196055 -0.4536344712528284 -0.026393003053135047
-0.5247115060471159 -0.46346605606245495 -0.0072582168705044815

-0.5247115060471159 -0.46346605606245495 -0.0072582168705044815
-0.5192410319920163 -0.47150039536997757 -0.02866747608052488
-0.5147644117927366 -0.48051328787525616 -0.04993021018607676
-0.5112287003970203 -0.49053867566401105 -0.07093774117423239
-0.508574779976267 -0.5016033163943328 -0.09158269542535336
-0.5067378618326169 -0.5137264790748276 -0.11175955252076426
-0.5056480240145003 -0.5269196911267829 -0.13136518457835045
-0.5052307805522075 -0.5411865389030632 -0.15029938335943335
-0.5054076780148062 -0.5565225234579372 -0.16846537245277124
-0.5060969149112713 -0.5729149729693831 -0.18577030191781863

-0.7905917327337469 -0.03834747137264762 -0.21572341465522518
-0.7883368807300517 -0.012674628713122178 -0.21270130040796906
-0.7852956109617808 0.012812602079560345 -0.20963514608618528
-0.781478116321028 0.03809176978727988 -0.20652558654102252
-0.7768951571989007 0.06314092328997269 -0.2033732656107359
-0.7715580380313037 0.08793862205398777 -0.2001788359873797
-0.7654785838859842 0.1124639455431026 -0.19694295908166642
-0.7586691171398188 0.13669650157175411 -0.19366630488602124
-0.7511424342938174 0.1606164336222566 -0.19034955183585897
-0.7429117829717237 0.18420442714990726 -0.18699338666911347

-0.7429117829717237 0.18420442714990745 -0.18699338666911347
-0.7370675335214522 0.1638906260250702 -0.17323002134005336
-0.7314721792939701 0.1441258278081935 -0.1588962881559377
-0.7261829552971942 0.12487186378516982 -0.14403938159603658
-0.7212524089754255 0.10608614587866798 -0.12870821871215105
-0.7167280447762271 0.087722064088173 -0.11295327806695699
-0.7126520034302108 0.06972941140462804 -0.09682643353100441
-0.7090607780779513 0.05205483328707622 -0.08038078348559934
-0.7059849691326121 0.0346422986245937 -0.06367047599392875
-0.7034490795086773 0.01743358896323373 -0.04675053051605844

-0.7034490795086773 0.01743358896323373 -0.04675053051605844
-0.7076829139353276 0.011776675567329645 -0.06788221612503607
-0.7133758274682412 0.006064794015230143 -0.0886643172806735
-0.7204982145040628 0.00026156481346187175 -0.10898980890502778
-0.7290122772647621 -0.005668381476300216 -0.12875401739897424
-0.7388722369397009 -0.011759090024643011 -0.1478551596974264
-0.750024590452948 -0.01804297806220379 -0.16619486743868753
-0.762408411360409 -0.024550544022310238 -0.18367869354852925
-0.7759556931207181 -0.0313100916813194 -0.2002165986301583
-0.7905917327337469 -0.03834747137264742 -0.21572341465522518

-0.6318280346699815 -0.3063402418700457 0.03606676683582174
-0.6269001634545786 -0.31199575057682744 0.012158960955557933
-0.6236295635680328 -0.3184536178818522 -0.011826568488643809
-0.621989912158564 -0.3257662548289831 -0.035736499116840494
-0.6219430082020156 -0.3339797218478977 -0.05941799179839243
-0.6234391527308104 -0.34313319129276376 -0.08271966764349936
-0.6264176119753633 -0.35325846203036765 -0.10549257566045855
-0.6308071593813903 -0.3643795308021101 -0.12759114489310228
-0.6365266918776695 -0.37651222463788186 -0.14887411495207936
-0.6434859152186532 -0.3896638981147389 -0.16920543899175808

-0.6953051807235145 -0.18059635655779074 -0.1033829044400874
-0.6863338434623407 -0.19442429464005892 -0.08846719402195634
-0.6778473476993322 -0.20817808272561425 -0.07330787000193642
-0.6698500915133642 -0.22190573170131273 -0.05794667686585164
-0.6623419944190386 -0.23565501783942777 -0.04242591498990982
-0.6553185239490923 -0.24947315068050305 -0.026788324157444834
-0.6487707474585651 -0.2634064441238166 -0.011076965865655448
-0.6426854088469416 -0.2774999925859552 0.004664895253564779
-0.6370450297565425 -0.2917973540600473 0.020393910572172227
-0.6318280346699815 -0.3063402418700457 0.03606676683582166

-0.45102804210332736 0.6932092932478104 0.24510939986151642
-0.43923609101849126 0.6794135745239602 0.23136732410667643
-0.42811631797670435 0.6664700733625887 0.21630768441223405
-0.4177127613010632 0.6544654393783607 0.2000162406765735
-0.40806486995781927 0.6434811863920424 0.18258576753359368
-0.39920731076021215 0.6335932015094469 0.16411552603042845
-0.39116980553896635 0.6248712851578139 0.14471069836708939
-0.38397699901655724 0.6173787248720652 0.12448178891701003
-0.37764835793200785 0.6111719054352275 0.10354399493949143
-0.372198101770685 0.6062999577732157 0.08201655056764258

-0.372198101770685 0.6062999577732157 0.08201655056764258
-0.35960448457741423 0.6185381072619366 0.09510858853186624
-0.3469230069783039 0.6310390356985939 0.10800219388295491
-0.3341167422555026 0.6438033369512453 0.12067046566651513
-0.3211484245475843 0.6568283798552446 0.1330869730594979
-0.30798068553183733 0.6701082881028774 0.14522581051492758
-0.2945762921369995 0.6836339370177674 0.15706165181070497
-0.28089838410226464 0.6973929672473407 0.16856980288971876
-0.2669107101988199 0.7113698153239526 0.17972625338102158
-0.2525778619363875 0.7255457609628319 0.19050772669457558

-0.7194319227552466 0.44912381957517483 0.25870858272469927
-0.7034613124514061 0.4378487148288507 0.24621180261349557
-0.6883310448130864 0.4271564760760101 0.23224567559587203
-0.6741372267665998 0.4171017478074521 0.21689354895782464
-0.6609705098859217 0.40773511596931006 0.200247041377025
-0.6489155383270631 0.3991028214922293 0.182405496159346
-0.6380504318740153 0.39124650117132004 0.16347538837622233
-0.6284463072554368 0.384202957344783 0.14356968944094142
-0.6201668406665805 0.3780039576391118 0.12280719291595753
-0.6132678741882529 0.3726760658619143 0.10131180557468557

-0.6132678741882529 0.3726760658619143 0.10131180557468557
-0.6057380393143553 0.3909706952323493 0.11015488564106861
-0.5978934772482408 0.409286064771641 0.11888867400319085
-0.5897201761246139 0.42762242221979524 0.12750450531126561
-0.5812036254785103 0.44597882430472263 0.1359938312482414
-0.5723288970754183 0.4643530959647646 0.14434822901113203
-0.5630807283567546 0.4827417946578959 0.15255940966781936
-0.553443608190464 0.5011401799118671 0.1606192263810321
-0.5434018646077426 0.5195421882509107 0.1685196824913437
-0.5329397541992255 0.5379404136154945 0.17625293945116996

0.09118478838114523 0.9272543332408619 0.2921280575125165
0.09069581827759794 0.9495070389720015 0.29642573906517405
0.09010722864297045 0.9720230423597219 0.29905369577975477
0.08940554505512492 0.9946765691892638 0.29999712474267376
0.08857863035580253 1.0173409563562188 0.29925071175018697
0.08761575599975832 1.0398893720157205 0.2968186612425599
0.08650766145336354 1.0621955370463894 0.29271467262104167
0.08524660131273344 1.0841344437030467 0.28696186308104904
0.08382637990352731 1.1055830673464497 0.27959263739622947
0.08224237321785106 1.1264210671761727 0.270648505386891

0.08224237321785106 1.1264210671761727 0.270648505386891
0.06071964140579448 1.113758272958461 0.2769115836775409
0.039680632225642276 1.1003878450085263 0.28245029658283444
0.01915024500487981 1.0863606879440286 0.2872501555362238
-0.0008497135358468643 1.0717291751347917 0.291298604718865
-0.020300612374655184 1.0565469135409595 0.294585053904039
-0.0391870632829508 1.0408685032767275 0.297100906159834
-0.05749697160205928 1.0247492930424558 0.29883958033762276
-0.07522157046107746 1.008245132587608 0.2997965282875083
-0.09235543827586666 0.9914121233810186 0.29996924675570363

-0.09235543827586666 0.9914121233810186 0.29996924675570363
-0.07079242168321503 0.9859934224983791 0.29978071038045423
-0.049501390982010195 0.9801158403283978 0.29942067444804016
-0.028492022763495252 0.9737925816051738 0.29888934492902874
-0.007773381797631137 0.9670370459802645 0.2981870257881984
0.012646082296281209 0.9598628001372894 0.2973141188106456
0.03275853711683361 0.9522835498874348 0.2962711233719303
0.052556768288198406 0.9443131123028071 0.29505863615239136
0.07203417901343574 0.9359653879443701 0.29367735079579577
0.09118478838114523 0.9272543332408619 0.2921280575125165

-0.2921913014551148 -0.6690947544576168 0.1309979878948601
-0.28727768419436883 -0.6812722827437725 0.14855747032090938
-0.2825315284703501 -0.6944881840948812 0.1654666827082604
-0.2778956111522451 -0.7087114984737092 0.1816516095653347
-0.27331284480422074 -0.7239049159190037 0.19704140576404192
-0.2687266857062862 -0.7400249391763598 0.2115687066451152
-0.26408153503617565 -0.7570220827876081 0.22516992288863893
-0.2593231306077079 -0.7748411075932155 0.2377855188590511
-0.2543989266301261 -0.7934212893876759 0.2493602732062429
-0.2492584590380293 -0.8126967202605863 0.259843520582043

-0.10151624941807658 -0.7198368126947022 0.12429425701152572
-0.12325039598829385 -0.716782647907469 0.12504293372215775
-0.14489303443835713 -0.7130741147965538 0.1257906691109944
-0.16642451807531983 -0.7087139384575256 0.12653745754909237
-0.18782528068938054 -0.7037054322127079 0.12728329341463646
-0.20907585411585417 -0.6980524952599462 0.12802817109298292
-0.23015688572942447 -0.6917596097985651 0.12877208497670087
-0.25104915585515963 -0.6848318376344311 0.12951502946561483
-0.271733595080828 -0.6772748162664904 0.13025699896684723
-0.2921913014551148 -0.6690947544576168 0.1309979878948601

1.1724878342503418 -0.1603636399002455 0.23740913656352136
1.1656478516143716 -0.14152940209893872 0.24423639309927428
1.158256036877364 -0.12291180818230721 0.25070770691058625
1.1503307732666683 -0.104528267060284 0.25681364690064373
1.1418912816702695 -0.08639529682741133 0.2625453144573778
1.13295756900229 -0.06852848492773568 0.2678943564220315
1.1235503745157154 -0.05094245106153061 0.2728529772628012
1.1136911142128478 -0.0336508129380466 0.27741395043580813
1.1034018235093281 -0.016666154970361082 0.2815706289168446
1.092705098312484 -2.676355602120756e-16 0.28531695488854614

-0.6310199209367585 -0.6387753109504444 0.282090575721743
-0.6086353172554168 -0.629735920070254 0.2730775173437595
-0.587066089847881 -0.6208571056973454 0.26233473510652283
-0.5663914069310979 -0.6122605832899315 0.24993027579371288
-0.5466817036743971 -0.6040673991984601 0.23594271156111607
-0.5279982755257319 -0.5963969773469767 0.2204606422459555
-0.5103929492205759 -0.589366168023366 0.20358213415901902
-0.4939078333879346 -0.5830883064101182 0.18541409891438104
-0.47857515000667855 -0.5776722884613302 0.16607161623132416
-0.46441714729760414 -0.5732216716439416 0.14567720499796338

-0.46441714729760414 -0.5732216716439416 0.14567720499796338
-0.48199069104217185 -0.5605678378335125 0.14842799006756166
-0.4992399774656268 -0.5473968063640962 0.15116234912290968
-0.5161502372811643 -0.533716022703636 0.15387997956191232
-0.532706832458713 -0.5195333429106966 0.1565805806337724
-0.5488952673172265 -0.5048570333792449 0.15926385347227398
-0.5647011997559642 -0.48969577029427847 0.16192950112885782
-0.580110452617594 -0.474058638788298 0.16457722860548202
-0.5951090251754209 -0.45795513178879155 0.1672067428872695
-0.6096831047365158 -0.4413951485470772 0.16981775297493462

0.2762227015909748 0.6799822846358521 0.1386167418983874
0.27619082426627756 0.6933260641922838 0.1601332915210165
0.27662232123394587 0.7083172253909777 0.18055395261063625
0.2774494009965222 0.724876670508735 0.1997389742877637
0.2786026200643411 0.7429134197402625 0.21755706189741625
0.2800115138037026 0.7623252108144755 0.23388627553749033
0.28160522553754913 0.7829991838500988 0.24861486456693416
0.28331312849994894 0.8048126467347865 0.26164203238267114
0.2850654353623069 0.8276339156923012 0.2728786262314466
0.28679379020987467 0.8513232251207392 0.2822477473357984

0.1034480483515844 0.7596932356649813 0.18860822844552516
0.12388162146931694 0.752450181811431 0.18338931996851598
0.1440148465533224 0.744776056653451 0.178080249801622
0.16384323889515046 0.7366831247550768 0.1726836281008654
0.18336283089429303 0.7281833932743641 0.16720210806618355
0.20257014558981645 0.7192885894641996 0.16163838463700647
0.22146216918980902 0.7100101398838186 0.15599519316731522
0.24003632269538228 0.7003591513663576 0.15027530808082937
0.2582904327180339 0.6903463937826062 0.14448154150698705
0.2762227015909748 0.6799822846358521 0.1386167418983874

0.4170932527648681 -0.9148082466167611 0.29995129081083427
0.41609514847373463 -0.8965038179755856 0.29977407495547986
0.41488488228593107 -0.878289443055124 0.29862887781550934
0.4134876542473358 -0.8602165419544656 0.2965193972737328
0.4119298857970926 -0.8423356016347603 0.2934524449187941
0.41023912094101156 -0.8246959997759272 0.2894379240503059
0.40844392150463216 -0.8073458335477327 0.2844887977007384
0.40657375687012726 -0.7903317539176544 0.278621046777321
0.40465888862705696 -0.7736988060946921 0.27185361845911665
0.4027302505911005 -0.7574902766827609 0.26420836501589884

0.4027302505911005 -0.7574902766827609 0.26420836501589884
0.3829217408240974 -0.7689252227117198 0.26479808268572713
0.3627905676185041 -0.7798439482464211 0.26538320462711223
0.34235012644000407 -0.7902373780663803 0.2659637206849142
0.32161406778140167 -0.8000967827144372 0.26653962078393123
0.3005962882960712 -0.8094137856710444 0.26711089492907397
0.279310921729048 -0.8181803703030335 0.26767753320553933
0.25777232965142927 -0.8263888865811277 0.26823952577898263
0.2359950920039335 -0.8340320575606114 0.26879686289568805
0.2139939974556146 -0.8411029856197109 0.2693495348827379

-0.7343021653452251 0.06103492545202214 0.1440273122248714
-0.7441223834664191 0.047482082485115804 0.15905605193880187
-0.7545460897076491 0.0336125082916918 0.17354872545334024
-0.7655324542678449 0.019380793951362777 0.18745648814852242
-0.7770360233028477 0.004744219711223925 0.200732466727802
-0.7890069640959462 -0.010336919974098214 0.21333191719499958
-0.8013913359551578 -0.025899010352175827 0.22521237565487814
-0.814131385259953 -0.04197483111803659 0.2363338014290982
-0.8271658629374397 -0.058593293754764 0.24665871200521247
-0.8404303625155187 -0.07577920309285098 0.2561523093638805

-0.7022417544900457 -0.12662050009868978 0.0891935083508314
-0.7076398108527049 -0.10648359117036556 0.09550086049751387
-0.7125968171992625 -0.08615640907144209 0.10176157907802648
-0.7171055192516375 -0.06564351583226367 0.10797260695097075
-0.7211583689393433 -0.04494978806846233 0.1141309112391792
-0.7247475396102275 -0.024080447225624316 0.12023348481068422
-0.727864943222067 -0.0030410890368760043 0.12627734774711685
-0.7305022494728705 0.018162287920039533 0.13225954879881624
-0.7326509068216265 0.03952325467734666 0.13817716682593983
-0.7343021653452251 0.061034925452021965 0.1440273122248714

0.23784306667531538 1.149585301924884 0.2444335403743698
0.2414385577908069 1.136974874520903 0.2522893001036907
0.24483339301750653 1.1240124995694194 0.2595945682454113
0.2480278735228358 1.1107258047749275 0.26633340481057616
0.2510230116404423 1.097143051527011 0.2724911057557012
0.2538205346526694 1.0832930666180927 0.27805423506678223
0.2564228863125072 1.069205172716778 0.283010654076483
0.25883322608965026 1.0549091177703138 0.28734954795053064
0.2610554261320259 1.0404350035121135 0.2910614492855267
0.2630940659409103 1.025813213252285 0.29413825876668426

0.4050938942272348 1.045973753784582 0.2742159677042626
0.4173587927623917 1.0594489766036828 0.2660157970577932
0.4295880476320412 1.072306660579407 0.2567612435666347
0.441747385136418 1.0844884349353752 0.2464889886705522
0.4538021005779279 1.0959388609962823 0.23523974758066651
0.46571722907813945 1.1066056543564997 0.22305810790024094
0.4774577199000214 1.1164398926636965 0.20999235289681548
0.48898861341935634 1.1253962081652922 0.19609427012617023
0.500275219869434 1.1334329642354288 0.18141894616665694
0.5112832989675433 1.1405124151733161 0.16602454827749233

0.5112832989675433 1.1405124151733161 0.16602454827749233
0.49253319619958447 1.1490279403943011 0.16561748855134692
0.4736410120879933 1.157234553773936 0.16520998977010623
0.4546118467395835 1.16512988021008 0.16480205301405712
0.4354508400435823 1.1727116289784798 0.16439367936464766
0.416163170272757 1.179977594400508 0.16398486990448413
0.39675405267331243 1.186925656487665 0.16357562571732817
0.3772287380439416 1.1935537815626465 0.16316594788809388
0.3575925113044206 1.199860022856804 0.16275583750284492
0.33785069005414065 1.2058425210838164 0.1623452956487916

-0.14002360136943004 -0.9885019178856034 0.2999955717835194
-0.1170970527902147 -0.9937114573986393 0.29999942587835166
-0.09400316924634937 -0.9983881406746697 0.299986897491357
-0.07075435343704209 -1.0025268640303109 0.29995798730669015
-0.04736316104365818 -1.0061228128383943 0.2999126969030896
-0.023842293982387994 -1.0091714661008386 0.2998510287537906
-0.00020459351978261036 -1.0116686008636435 0.29977298622639076
0.02353696674514151 -1.0136102964698772 0.2996785735826659
0.047369288028390015 -1.0149929386466081 0.2995677959783374
0.07127915363411627 -1.015813223421827 0.29944065946279014

-0.2492584590380293 -0.8126967202605863 0.259843520582043
-0.2583047095230274 -0.83068955940153 0.2703332018676311
-0.26771333560354155 -0.8493196007519868 0.27930753043126944
-0.27745697966375266 -0.8684734957992404 0.2867162006755595
-0.28750549612593257 -0.8880351100019463 0.29251768330057387
-0.2978261006643961 -0.9078861931798015 0.2966794580963405
-0.3083835394110925 -0.9279070604974001 0.2991781962348747
-0.3191402772736891 -0.9479772800836272 0.299999891039921
-0.33005670434934753 -0.9679763632981816 0.29913993650137466
-0.3410913592852787 -0.9877844536504268 0.29660315309427077

-0.3410913592852787 -0.9877844536504268 0.29660315309427077
-0.3183908613803129 -0.9899254158908921 0.2973391286788696
-0.29575128312015175 -0.9915382526672903 0.29798570339014613
-0.27318543437958126 -0.9926279778825153 0.2985426828226612
-0.250705876583086 -0.9931999350539656 0.2990098995095636
-0.22832491360866594 -0.9932597865478046 0.2993872129729415
-0.2060545831332081 -0.9928135025436041 0.2996745097660607
-0.183906648427933 -0.9918673497470158 0.299871703507474
-0.1618925906117202 -0.9904278798684018 0.29997873490699395
-0.14002360136943004 -0.9885019178856034 0.2999955717835194

-0.7349483350500264 0.25119530713956373 0.2003318960378549
-0.7348929135544094 0.27222327008344754 0.2078721625691928
-0.7344755033980839 0.2935035218929252 0.21516788793546773
-0.7336728154019841 0.31503368483952954 0.22221048943296895
-0.732461220760296 0.33680977382084465 0.22899168213333476
-0.7308168534697408 0.35882616596587935 0.2355034886299564
-0.7287157147205054 0.381075576560825 0.24173824842261266
-0.7261337788641165 0.403549041409318 0.24768862692929525
-0.7230471005672137 0.4262359057180781 0.25334762411462386
-0.7194319227552466 0.44912381957517483 0.25870858272469927

-0.7194319227552466 0.44912381957517483 0.25870858272469927
-0.7389808279997229 0.4373398961277982 0.2646378360526065
-0.7585717633139707 0.4249916275845001 0.2701343453283908
-0.7781757687115235 0.41205737834423745 0.27518912248847055
-0.7977620809075535 0.39851710874771623 0.2797939018034118
-0.8172982345325915 0.3843524988047844 0.2839411533943067
-0.8367501713393214 0.36954706532878717 0.28762409554586704
-0.8560823569662234 0.3540862719726421 0.2908367057960965
-0.8752579047902189 0.33795763169029563 0.2935737307844087
-0.8942387063707247 0.321150801178143 0.2958306948420866

-0.8942387063707247 0.321150801178143 0.2958306948420866
-0.8741168455480636 0.31223140481626144 0.29128302712023724
-0.8543447946988139 0.30351625277612854 0.28510894032456885
-0.835036878867998 0.29504355556722167 0.277342908322739
-0.816304945582465 0.28684977688203994 0.26802829382867094
-0.7982577343240932 0.2789694397178188 0.2572171062808416
-0.78100026270475 0.2714349454647222 0.24496971144038815
-0.7646332328147243 0.26427640690681786 0.23135449433053024
-0.7492524611068557 0.25752149599278884 0.21644747739933337
-0.7349483350500264 0.25119530713956373 0.2003318960378549

-0.9725335516457299 -0.5201576608292409 0.2818011025321453
-0.9597848182121448 -0.5380173048265185 0.2827381716892521
-0.9467036200860921 -0.5555723309279811 0.2836511885108024
-0.9332972883748434 -0.572816565678064 0.2845400753271034
-0.91957326660283 -0.5897440158797939 0.2854047565211846
-0.9055391061592248 -0.6063488705528144 0.28624515853523064
-0.8912024617145186 -0.622625502773298 0.28706120987683875
-0.876571086609232 -0.6385684713953561 0.2878528411251006
-0.8616528282179056 -0.6541725226536461 0.288619984936508
-0.8464556232915021 -0.669432591646974 0.2893625760506812

0.6650309151043411 0.9011619095276562 0.2749625478329102
0.6469020565069505 0.8988564294500951 0.28010082466073516
0.6287980673539599 0.8960685397743078 0.28466746359355166
0.6107447353027922 0.8928185466031309 0.2886531449020444
0.5927670851868841 0.8891280018539013 0.2920497344920846
0.5748893053574196 0.8850196412756538 0.2948503005050252
0.5571346771631793 0.8805173185320294 0.2970491274644394
0.5395255077934739 0.8756459355529141 0.2986417279404309
0.5220830666977556 0.8704313693701476 0.29962485170771114
0.5048275257834252 0.8649003956642577 0.29999649237875314

-0.453892824713527 -0.8815651822441891 0.29988103564632623
-0.4726617708127563 -0.8935538091829952 0.29980319716096826
-0.4917294651076936 -0.9051931086402254 0.29848291097621205
-0.5110511232539425 -0.9164084528872507 0.29592564863655196
-0.5305790683351537 -0.9271274966364189 0.2921420079766367
-0.5502629721791363 -0.9372805321332491 0.2871476692016067
-0.5700501150569929 -0.9468008281447943 0.28096332990501616
-0.5898856623451418 -0.9556249510889009 0.27361461929363834
-0.6097129566241511 -0.9636930666535639 0.2651319919746259
-0.6294738235908861 -0.9709492203689182 0.2555506017451937

-0.6294738235908861 -0.9709492203689182 0.2555506017451937
-0.6119636235534696 -0.981848345924748 0.25567114715580114
-0.5942648736592053 -0.9924317315406438 0.2557915419279289
-0.5763832666087647 -1.0026961185370522 0.2559117859906418
-0.5583245513620578 -1.0126383508619294 0.25603187927309334
-0.5400945312882365 -1.0222553760608777 0.2561518217045261
-0.5216990622989857 -1.031544246213939 0.2562716132142712
-0.5031440509657106 -1.0405021188387524 0.2563912537317491
-0.48443545262122284 -1.0491262577598006 0.25651074318646877
-0.4655792694465374 -1.057414033943485 0.2566300815080286

-0.4655792694465374 -1.057414033943485 0.2566300815080286
-0.4658983111536582 -1.0390747587117026 0.26598898448945657
-0.46575829049140316 -1.0202693271872287 0.27427169002640683
-0.4651788194664041 -1.001067782464861 0.28144468610502893
-0.4641821444007884 -0.9815413024277475 0.28747895062102835
-0.46279306896259326 -0.9617618804881185 0.2923500688037563
-0.4610388626468567 -0.941802004209681 0.29603833199892365
-0.45894915505496064 -0.9217343332913313 0.298528817410262
-0.456555816396575 -0.9016313783891633 0.29981144847749436
-0.453892824713527 -0.8815651822441891 0.29988103564632623

0.5940067295585164 -0.82790612222037 0.2994004801528212
0.6133625138894981 -0.8228390805516883 0.2988455584389789
0.6327195212556038 -0.8173272755587451 0.29811088554206977
0.6520649573994465 -0.8113657607203834 0.2971969033569744
0.6713857369905043 -0.8049500245422777 0.29610416163045805
0.6906685004016953 -0.798076004315483 0.29483331763050613
0.7098996310897944 -0.7907400991833803 0.2933851357509871
0.7290652735502771 -0.7829391824912746 0.2917604870518809
0.748151351816088 -0.7746706133941722 0.2899603487353493
0.7671435884688118 -0.7659322476995737 0.2879858035579631

0.7671435884688118 -0.7659322476995737 0.2879858035579631
0.7506814225242335 -0.7517376368531372 0.29344482002841604
0.7340190480739173 -0.7372501891797144 0.29727449022669444
0.717243821069697 -0.7225557001623542 0.29945354998851487
0.7004434567861346 -0.7077413670511101 0.2999699001297804
0.6837055395274586 -0.6928953052239185 0.29882067362704967
0.6671170345155207 -0.6781060579907461 0.2960122515366246
0.65076380468342 -0.6634621025723043 0.2915602275638678
0.6347301350640124 -0.6490513550139386 0.28548932147947736
0.619098267412112 -0.6349606768091695 0.27783324186347313

-0.8253787977011056 0.6410983280336954 0.29658892094677125
-0.8346606436359115 0.6246797797957031 0.2969690403668957
-0.8436172541427868 0.6081329904503305 0.2973268179497374
-0.8522471481368962 0.5914644882933517 0.29766222677865695
-0.8605489787207061 0.5746808083043251 0.29797524161988104
-0.868521532792933 0.5577884893039063 0.29826583892440034
-0.8761637305952309 0.540794071131631 0.29853399682974185
-0.8834746251973485 0.5237040918455599 0.2987796951616129
-0.8904534019215047 0.5065250849451913 0.2990029154354195
-0.8970993777067807 0.48926357661898606 0.2992036408576568

-0.8970993777067807 0.48926357661898606 0.2992036408576568
-0.8762962951626719 0.48537083327699093 0.2999949625951547
-0.8555762728101532 0.4812237852847321 0.29943671964211166
-0.8350203420083048 0.4768681847485368 0.2975314233239568
-0.8147080256288176 0.4723516677235858 0.2942876448533991
-0.7947169612428309 0.46772351868656 0.28971997677175954
-0.7751225358723626 0.46303442281984586 0.2838489673026076
-0.7559975340848306 0.45833620737387104 0.2767010279130188
-0.7374118011326862 0.45368157344554516 0.2683083144983016
-0.7194319227552466 0.44912381957517483 0.25870858272469927

0.2630940659409103 1.025813213252285 0.29413825876668426
0.24458774973610156 1.0386882124813623 0.2924003587337591
0.2256633698356955 1.051179640231029 0.2904403855779185
0.20632875137439463 1.0632698057241725 0.2882598278655973
0.18659250477165157 1.0749412000286402 0.285860341693467
0.16646402042229383 1.0861765323064052 0.28324374943065866
0.14595346169130968 1.0969587658532782 0.28041203833470413
0.12507175622296215 1.1072711538493794 0.2773673590422475
0.10383058557817329 1.1170972747411214 0.2741120239356733
0.08224237321785106 1.1264210671761727 0.270648505386891

0.08224237321785106 1.1264210671761727 0.270648505386891
0.06278303805079591 1.129656019378615 0.2696928205610188
0.04323586338836232 1.132547191027724 0.26872265217515406
0.023607051117899826 1.1350923993086963 0.2677380523311363
0.003902856100516565 1.1372895758051513 0.26673907390583057
-0.01587041599320045 1.1391367677804562 0.2657257705482882
-0.03570641087854429 1.140632139416891 0.2646981966768654
-0.05559872788227367 1.1417739730118999 0.26365640747630065
-0.07554092219755615 1.1425606701306872 0.2626004588947516
-0.09552650716738874 1.1429907527144412 0.2615304076407897

-0.09552650716738874 1.1429907527144412 0.2615304076407897
-0.0954232748089146 1.1274078857664858 0.2696735011669959
-0.09524886304947501 1.1113787968130227 0.27689461440833985
-0.09500658091093969 1.0949581099022476 0.28316905927342767
-0.09470008583709398 1.0782017763140799 0.2884753842127411
-0.09433337379010222 1.0611668826068181 0.29279544755882697
-0.09391076778045937 1.0439114548062567 0.2961144795504101
-0.09343690486220277 1.0264942594097808 0.2984211328283773
-0.09291672163182071 1.008974601888759 0.2997075212309919
-0.09235543827586666 0.9914121233810186 0.29996924675570363

-0.2525778619363875 0.7255457609628319 0.19050772669457558
-0.25312523199337833 0.7413393516878021 0.20752851857925725
-0.25388874891344826 0.7583471929741632 0.22335485566846738
-0.2548175085697461 0.776485278076923 0.23789564761780274
-0.2558606427187437 0.7956623332764262 0.2510672031891013
-0.2569676947508336 0.8157803422588059 0.26279371194520623
-0.25808898657227014 0.8367351135041514 0.2730076805858534
-0.25917597402651554 0.8584168873155512 0.28165032141329827
-0.260181588370336 0.8807109788651223 0.2886718906918242
-0.2610605614444126 0.903498453398201 0.2940319749536634

-0.3410913592852787 -0.9877844536504268 0.29660315309427077
-0.3544381439405771 -0.9968083211794923 0.294350250600552
-0.36793992346155235 -1.0055655440883455 0.29153394224372836
-0.38158333999980226 -1.0140314427781874 0.2881596186244103
-0.3953542760684225 -1.0221819719025986 0.2842337384213563
-0.4092378911411635 -1.0299937784466535 0.2797638160291346
-0.4232186606239122 -1.0374442578603562 0.27475840717507427
-0.43728041709037846 -1.0445116081012333 0.269227092543037
-0.4514063936671094 -1.0511748814467514 0.263180459435354
-0.4655792694465374 -1.057414033943485 0.2566300815080286

-0.2639074099832121 -1.10993020740689 0.2648672806141232
-0.27367504238386087 -1.0972073828265771 0.26997255280809007
-0.283148215687646 -1.0842264820667702 0.2746966764871764
-0.2923242916309973 -1.0710069275658372 0.27903298211143945
-0.3012014018782092 -1.0575683339282536 0.2829753476642833
-0.3097784523841693 -1.0439304660961353 0.2865182072955502
-0.3180551258396054 -1.0301131972717796 0.2896565591794146
-0.3260318821915046 -1.0161364666877488 0.2923859725759835
-0.33370995723595326 -1.0020202373213487 0.29470259408663624
-0.3410913592852787 -0.9877844536504268 0.29660315309427077

0.8815695884728612 -0.3333922023243791 0.29443896157082333
0.9014138889481165 -0.33911749156748083 0.29772110428847826
0.9214474828155003 -0.344837637011495 0.29956546351559227
0.9415765336906993 -0.35051672541272083 0.2999631322945828
0.9617066077428511 -0.3561193619900677 0.2989121901650025
0.9817431315428904 -0.3616108425485867 0.2964177124380121
1.0015918511721016 -0.36695732068536946 0.2924917456861984
1.02115929035668 -0.37212596927033065 0.28715324956710275
1.0403532053960767 -0.37708513542974 0.2804280052614134
1.059083034665778 -0.3818044882994232 0.2723484909679993

0.9948358845478702 -0.18432428764922182 0.29976911318543475
0.9834137858890754 -0.20244218588917307 0.29997286854408917
0.9716646799694681 -0.22017981510743345 0.2999771682961326
0.9596041453854667 -0.23753257368192685 0.29978200958260753
0.9472477600543047 -0.25449652456975047 0.299387522166915
0.9346110719136769 -0.27106839073568695 0.2987939683485328
0.9217095699362754 -0.28724554927046164 0.29800174278860964
0.9085586555181994 -0.3030260242159678 0.2970113722475503
0.8951736142993418 -0.31840847811734013 0.29582351523476597
0.8815695884728612 -0.3333922023243791 0.29443896157082333

-0.8404303625155187 -0.07577920309285117 0.2561523093638805
-0.858475738701087 -0.06546757734261877 0.2658387031841671
-0.8769903486631359 -0.054708965353259816 0.2743813587693351
-0.8958894511084706 -0.043476532015906906 0.28174352239727724
-0.9150852224082316 -0.031747722940520924 0.28789351926694445
-0.9344872378748043 -0.019504447016242533 0.2928048897752713
-0.9540029684937676 -0.006733227118031733 0.2964565033563547
-0.9735382901745507 0.006574682048645638 0.298832649393108
-0.9929980025071112 0.020423209756029733 0.29992310481025314
-1.0122863539540419 0.034811419283719655 0.29972317805784143

-1.0122863539540419 0.034811419283719905 0.29972317805784143
-1.0159810495279507 0.015346565252749194 0.29956783577041884
-1.0192984572020596 -0.00424776570937459 0.2993780684243852
-1.0222345912417206 -0.023964194262184463 0.2991538978269948
-1.0247856121910057 -0.043795221385398694 0.2988953497389772
-1.0269478304554909 -0.06373323134060738 0.2986024538715763
-1.0287177098230913 -0.08377049474031711 0.29827524388313664
-1.0300918709197322 -0.10389917172297207 0.2979137573752352
-1.0310670945966687 -0.12411131523252145 0.2975180358883603
-1.031640325246295 -0.14439887440096227 0.2970881248971384

0.8539018322078696 -0.920318886559346 -0.15731899856003206
0.8530192830097371 -0.9073547050958759 -0.1726149565492756
0.8513727848910015 -0.8937797229132739 -0.18726741931740437
0.8489784387218832 -0.8796370703342944 -0.20122176361532493
0.8458555678752828 -0.8649716209037115 -0.21442596872566122
0.8420266677804327 -0.8498297848048162 -0.22683081039197014
0.8375173410494811 -0.8342592973750614 -0.23839004432296584
0.832356218358139 -0.8183090036882595 -0.24906057858766475
0.8265748653267838 -0.8020286401824225 -0.25880263425877503
0.8202076757128884 -0.7854686143195739 -0.26757989370546365

0.8202076757128884 -0.7854686143195739 -0.26757989370546365
0.838864440716498 -0.7893100328054579 -0.25874459940141686
0.8572304704717324 -0.7924941525719537 -0.2489326116702703
0.8752486695745941 -0.7949905387704095 -0.23818096820844722
0.8928625084458236 -0.7967721005753943 -0.22653025366785515
0.9100162902249553 -0.7978151809474603 -0.2140244464594026
0.9266554160282461 -0.7980996290344492 -0.20071075274595956
0.9427266472824293 -0.7976088549835927 -0.18663942825139593
0.9581783638538215 -0.7963298670242864 -0.17186358855832176
0.9729608167061695 -0.7942532907693669 -0.15643900861060642

0.9729608167061695 -0.7942532907693669 -0.15643900861060642
0.9606047762987613 -0.8090606909198841 -0.1565368769519787
0.9480233974714661 -0.8236758986160351 -0.15663472240663787
0.9352196692760669 -0.8380954848951643 -0.15673254496027825
0.9221966329389762 -0.8523160672754446 -0.15683034459859754
0.9089573811385342 -0.8663343105496994 -0.1569281213072968
0.8955050572702249 -0.8801469275679891 -0.1570258750720804
0.8818428546999941 -0.8937506800087774 -0.15712360587865623
0.8679740160058419 -0.9071423791384986 -0.1572213137127353
0.8539018322078696 -0.920318886559346 -0.15731899856003206

0.74485473834991 -0.4740053810223188 0.2761966245926917
0.7644682436975072 -0.4792751092685941 0.2836398658944351
0.7845846736159128 -0.4845476588471427 0.28972277513263595
0.8051251908920352 -0.48976427162730274 0.2944161787760975
0.8260079739568562 -0.49486742399703876 0.29769756733926767
0.8471486235738358 -0.49980113889621103 0.29955120333735613
0.8684605859023647 -0.5045112849126171 0.2999681967630489
0.889855589741032 -0.508945860813815 0.2989465477228351
0.9112440956668377 -0.5130552639871283 0.2964911560284626
0.9325357547101031 -0.516792541368 0.2926137976975229

0.9325357547101031 -0.516792541368 0.2926137976975229
0.928743157398125 -0.4953712027753666 0.29535360779367725
0.9244066251466296 -0.4741554006310148 0.29746491636940803
0.9195571302812824 -0.4531715124104892 0.2989432306383909
0.9142269362711213 -0.43244421614663353 0.29978540480270355
0.9084494776030992 -0.4119964126058002 0.2999896467469672
0.9022592352114985 -0.391849154779683 0.2995555218519014
0.895691607935375 -0.37202158495775595 0.29848395391917765
0.8887827804926315 -0.3525308796156655 0.2967772232056042
0.8815695884728612 -0.3333922023243791 0.29443896157082333

0.8815695884728612 -0.3333922023243791 0.29443896157082333
0.8674410909854755 -0.3508536985298808 0.29303026837836793
0.8530095257965643 -0.36785927069014207 0.29146477196414805
0.8382912587149226 -0.3844064682559469 0.289743310039854
0.8233025016936452 -0.4004934804081262 0.2878668037757709
0.8080592862893675 -0.41611912266965817 0.28583625730785195
0.7925774378922779 -0.4312828223756116 0.28365275720039607
0.7768725507770736 -0.44598460304042925 0.2813174718646172
0.7609599640231037 -0.4602250676642766 0.27883165093341633
0.74485473834991 -0.4740053810223188 0.2761966245926917

-0.09235543827586666 0.9914121233810186 0.29996924675570363
-0.11128786581551248 1.002262023799485 0.2998817707067539
-0.13063082616360908 1.0127333852918265 0.29925540139103657
-0.1503731964022927 1.02279254326669 0.2980912644061693
-0.17050200573786933 1.0324063130944177 0.29639145172853765
-0.1910024639177064 1.0415421056230107 0.2941590179539731
-0.2118579964293791 1.0501680408588376 0.29139797480858615
-0.23305028636075795 1.0582530594049666 0.288113283939618
-0.25455932277554505 1.0657670312579992 0.28431084799926565
-0.2763634554351271 1.072680861573735 0.2799975000375031

-0.2610605614444126 0.903498453398201 0.2940319749536634
-0.2436549539311735 0.9146321164190114 0.2951965332174348
-0.22590235041690104 0.92545250959904 0.2962357184104229
-0.20780726622210727 0.9359475427270056 0.2971490891797523
-0.18937467387576215 0.9461051390223096 0.29793625760725584
-0.17061000603430804 0.9559132532934562 0.2985968893742276
-0.15151915766030877 0.9653598902832449 0.29913070390341157
-0.13210848745191633 0.9744331231701442 0.2995374744781656
-0.11238481851559803 0.9831211121948893 0.29981702833875074
-0.09235543827586666 0.9914121233810186 0.29996924675570363

0.4850608632967023 -1.073022624461871 0.24180638807255594
0.49011785702614946 -1.0852131405844456 0.2315418583936936
0.49492290478455053 -1.0968675576096845 0.22055858835087186
0.4994604939560979 -1.1079499630140863 0.20889067164776412
0.5037159662966094 -1.1184262089973098 0.19657432723309948
0.5076755621707355 -1.1282640190865327 0.18364778687165983
0.511326461927832 -1.1374330889618869 0.1701511764671957
0.5146568242921951 -1.1459051811879701 0.15612639150565336
0.517655821652822 -1.153654213555273 0.1416169670053558
0.5203136721476989 -1.1606563407551183 0.12666794237783124

0.5203136721476989 -1.1606563407551183 0.12666794237783124
0.5390847582822655 -1.1496759015644566 0.13119934658227073
0.5575998303003924 -1.1383255159689198 0.13569403528667962
0.5758508864864768 -1.1266118652448727 0.14015075067425037
0.5938301176002657 -1.114541823377986 0.1445682455548238
0.611529912024401 -1.1021224511078758 0.1489452837139091
0.6289428607192957 -1.0893609898235381 0.15328064025863267
0.646061761980771 -1.0762648553159744 0.15757310196051807
0.6628796259961067 -1.0628416313945446 0.16182146759500252
0.6793896791943652 -1.049099063373719 0.16602454827759341

0.6793896791943652 -1.049099063373719 0.16602454827759341
0.6582690551824358 -1.0546334704235372 0.17563920489177287
0.6369632952178895 -1.0594398869636776 0.1849868394992653
0.6155015016843178 -1.0635199001159712 0.19405324101233432
0.5939126746861958 -1.0668766060618728 0.20282462589827174
0.5722256319569161 -1.0695145978623546 0.21128765913432404
0.5504689295323925 -1.0714399488607895 0.21942947448075412
0.5286707834335715 -1.0726601917200276 0.22723769404121924
0.5068589925980085 -1.0731842931583 0.23470044708072624
0.4850608632967023 -1.073022624461871 0.24180638807255594

1.2394153096714098 0.3922367781737494 -7.347880794884118e-17
1.2354256447452798 0.4025773073566505 -0.019534801260031934
1.230145034330808 0.41247438719218515 -0.038986685138650494
1.2235919638964086 0.4218992121969083 -0.05827308620540675
1.2157904077141484 0.43082521094818593 -0.0773121414378898
1.2067696899259968 0.4392282467477167 -0.09602303769736091
1.1965643200016016 0.4470868055502093 -0.11432635474805318
1.1852138035012196 0.4543821699450277 -0.13214440236415786
1.1727624291804608 0.46109857805340565 -0.14940155009361364
1.159259033590874 0.46722336628542027 -0.16602454827898394

1.159259033590874 0.46722336628542027 -0.16602454827898394
1.1647413944795562 0.481000101835693 -0.14940155009361364
1.1690555028767353 0.4944736065427588 -0.1321444023641579
1.172174952337293 0.5076008911645553 -0.11432635474805318
1.1740787616554684 0.520339887664516 -0.09602303769736091
1.1747514454828951 0.5326497153046573 -0.0773121414378898
1.1741830575397363 0.5444909427629424 -0.058273086205406756
1.1723692063195537 0.5558258447139474 -0.038986685138650515
1.1693110433296787 0.5666186513344577 -0.01953480126003194
1.165015224049373 0.5768357892270466 -7.347880794884112e-17

1.165015224049373 0.5768357892270466 -7.347880794884112e-17
1.1746679921853234 0.5569157100812483 -7.347880794884112e-17
1.1839801861988617 0.536834163116049 -7.347880794884113e-17
1.1929491061847168 0.5165969706193461 -7.347880794884114e-17
1.2015721517638251 0.49621000000569404 -7.347880794884114e-17
1.2098468228372654 0.47567916211515343 -7.347880794884114e-17
1.2177707203111166 0.45501040949954596 -7.347880794884117e-17
1.2253415467920332 0.43420973469661855 -7.347880794884117e-17
1.2325571072533337 0.4132831684926136 -7.347880794884117e-17
1.2394153096714098 0.3922367781737494 -7.347880794884118e-17

1.2394153096714098 -0.39223677817374997 -7.347880794884112e-17
1.2354256447452918 -0.4025773073566552 0.01953480125983407
1.2301450343308566 -0.41247438719220225 0.03898668513825743
1.2235919638965174 -0.4218992121969466 0.0582730862048235
1.2157904077143407 -0.4308252109482549 0.07731214143712387
1.2067696899262947 -0.43922824674782607 0.09602303769642219
1.1965643200020255 -0.4470868055503687 0.1143263547469539
1.1852138035017898 -0.4543821699452474 0.13214440236291256
1.1727624291811953 -0.46109857805369553 0.149401550092239
1.159259033591789 -0.4672233662857903 0.16602454827749852

1.165015224049372 -0.576835789227048 -7.347880794884118e-17
1.174667992185323 -0.5569157100812497 -7.347880794884117e-17
1.183980186198861 -0.5368341631160504 -7.347880794884117e-17
1.1929491061847162 -0.5165969706193471 -7.347880794884117e-17
1.201572151763825 -0.4962100000056952 -7.347880794884114e-17
1.2098468228372652 -0.47567916211515443 -7.347880794884114e-17
1.2177707203111163 -0.45501040949954685 -7.347880794884113e-17
1.2253415467920328 -0.4342097346966193 -7.347880794884113e-17
1.2325571072533337 -0.4132831684926143 -7.347880794884112e-17
1.2394153096714098 -0.39223677817374997 -7.347880794884112e-17

1.0803947166103218 -0.6389082404169867 -0.15775710614727545
1.0909940660925148 -0.6207922213441398 -0.15763168541503683
1.1012895974376589 -0.6025003445010729 -0.15750622661264763
1.1112783926432022 -0.5840377059527052 -0.15738072977040782
1.120957619198754 -0.5654094501869565 -0.15725519491862652
1.1303245308897234 -0.5466207686802909 -0.15712962208762213
1.1393764685768824 -0.5276768984499202 -0.1570040113077221
1.1481108609516377 -0.5085831205930743 -0.15687836260926313
1.1565252252667932 -0.48934475881374445 -0.1567526760225911
1.1646171680425947 -0.46996717793730947 -0.15662695157806092

1.1646171680425947 -0.46996717793730947 -0.15662695157806092
1.1689853248658295 -0.48327764883715046 -0.14072860477170276
1.172302425188687 -0.49631086268267066 -0.1243061981922364
1.1745491888463933 -0.5090303417603584 -0.10742088730041469
1.175710610432384 -0.5214003599109099 -0.09013555136807566
1.1757760005649873 -0.5333861436672255 -0.072514559321789
1.1747390080271223 -0.5449540704572362 -0.05462353003917172
1.1725976227566512 -0.5560718628237484 -0.03652908799050634
1.1693541597525876 -0.5667087776284094 -0.01829861513562914
1.165015224049372 -0.576835789227048 -7.347880794884118e-17

1.165015224049372 -0.576835789227048 -7.347880794884118e-17
1.159706820107685 -0.5861779731225332 -0.018445770422241128
1.1533166143299078 -0.5949523739486118 -0.03682174027993469
1.145863705876601 -0.6031365042481116 -0.055058373140564595
1.1373712650596202 -0.6107103007761518 -0.07308665983617642
1.1278664070493782 -0.6176562633473971 -0.09083837960068819
1.117380048742628 -0.623959581942663 -0.1082463582238127
1.1059467495225785 -0.6296082513306518 -0.12524472224471264
1.0936045367148393 -0.6345931725196762 -0.14176914822349462
1.0803947166103218 -0.6389082404169867 -0.15775710614727545

1.1642827774966404 0.46276653472185975 0.16140605958487547
1.1690092105568168 0.47693645344073443 0.1451332785455379
1.1726091733644664 0.49082569072507526 0.128282445472529
1.175060312638513 0.5043927792332007 0.11092067563000135
1.1763451995398835 0.51759702260545 0.09311711929462595
1.1764513826435228 0.530398741098148 0.07494268633662267
1.1753714171014233 0.5427595140051458 0.0564697637924968
1.173102869953375 0.554642417490219 0.03777192755436276
1.1696483016599544 0.5660122564717891 0.018923649324169404
1.165015224049373 0.5768357892270466 -7.347880794884112e-17

1.165015224049373 0.5768357892270466 -7.347880794884112e-17
1.1594938419272582 0.586446112294809 0.019534801259397126
1.1527643358763835 0.5954211211489085 0.038986685137389114
1.1448493718597343 0.6037351696874819 0.0582730862035349
1.1357766992897127 0.61136565754918 0.07731214143543154
1.1255789830914862 0.6182932072168594 0.09602303769434802
1.1142936124019533 0.6245018246265627 0.11432635474452493
1.1019624869922793 0.6299790422232704 0.13214440236016084
1.0886317826121328 0.6347160434975979 0.14940155008920128
1.0743516965573068 0.6387077681361661 0.16602454827421617

1.0633081689967325 -0.7479142582842074 -7.347880794884107e-17
1.0693607003710999 -0.7382358818698469 -0.018445770422241128
1.0743872179685645 -0.7278733722442788 -0.03682174027993469
1.078376078607277 -0.7168558490306696 -0.055058373140564595
1.081319777159887 -0.7052148648322089 -0.07308665983617642
1.083215013989246 -0.6929842171875349 -0.09083837960068819
1.0840627434308607 -0.6801997511990844 -0.1082463582238127
1.08386820298819 -0.6668991539013601 -0.12524472224471264
1.082640922997416 -0.6531217414718089 -0.14176914822349462
1.0803947166103218 -0.6389082404169867 -0.15775710614727545

1.0633081689967339 0.7479142582842058 -7.347880794884112e-17
1.056619776230613 0.7563240907943337 -0.018774157275545003
1.0489162696271395 0.763983454333421 -0.03747471677679161
1.0402209336948143 0.7708725135023642 -0.05602836924478222
1.0305609585282645 0.7769746596264786 -0.07436238132021301
1.019967282063758 0.7822766361383126 -0.0924048806701262
1.0084744159710928 0.7867686483189547 -0.11008513773923768
0.9961202561163581 0.7904444567127598 -0.12733384302138903
0.9829458786001778 0.7933014536093161 -0.14408337876417404
0.9689953224409157 0.795340722068825 -0.16026808404161305

0.9689953224409157 0.795340722068825 -0.16026808404161305
0.9692960157095942 0.8099228546505126 -0.14408337876417404
0.9686291381794403 0.823902662007475 -0.12733384302138906
0.9669860442171648 0.8372356561536963 -0.1100851377392377
0.9643623718011518 0.8498795254519671 -0.0924048806701262
0.9607580207579942 0.8617943701913807 -0.07436238132021301
0.9561771105895676 0.8729429283492421 -0.056028369244782224
0.9506279182355335 0.8832907903147844 -0.03747471677679162
0.9441227962143074 0.8928066014014365 -0.01877415727554501
0.9366780716810243 0.9014622510299131 -7.347880794884118e-17

0.9366780716810243 0.9014622510299131 -7.347880794884118e-17
0.9518912841991163 0.8853829584229399 -7.347880794884117e-17
0.9668285127447968 0.8690469647514365 -7.347880794884117e-17
0.9814854265339316 0.8524590063466435 -7.347880794884117e-17
0.9958577760546725 0.8356238925925 -7.347880794884114e-17
1.0099413942995266 0.8185465045312506 -7.347880794884114e-17
1.0237321979735063 0.8012317934482717 -7.347880794884113e-17
1.0372261886780092 0.7836847794365353 -7.347880794884113e-17
1.0504194540700817 0.7659105499411217 -7.347880794884112e-17
1.0633081689967339 0.7479142582842058 -7.347880794884112e-17

1.0633081689967339 0.7479142582842058 -7.347880794884112e-17
1.0691132818816615 0.7384726146561916 0.019534801259397126
1.0737831187027211 0.7282731215469926 0.038986685137389114
1.0773059770249613 0.7173479429338977 0.0582730862035349
1.0796752585983183 0.7057322536561795 0.07731214143543154
1.0808895447187121 0.6934640072747463 0.09602303769434802
1.0809526459367083 0.6805836912857449 0.11432635474452493
1.0798736257035595 0.6671340711495756 0.13214440236016084
1.0776667976785126 0.653159924649281 0.14940155008920128
1.0743516965573068 0.6387077681361661 0.16602454827421617

1.165015224049373 0.5768357892270466 -7.347880794884112e-17
1.1550246804396995 0.5965886250802729 -7.347880794884112e-17
1.1446992579369921 0.6161684906569789 -7.347880794884112e-17
1.1340419502141281 0.635569709122876 -7.347880794884112e-17
1.123055847168209 0.6547866554392328 -7.347880794884112e-17
1.1117441340247018 0.6738137579937545 -7.347880794884112e-17
1.100110090413938 0.6926455002159744 -7.347880794884112e-17
1.0881570894202437 0.7112764221766834 -7.347880794884112e-17
1.0758885966039737 0.7297011221709417 -7.347880794884112e-17
1.0633081689967339 0.7479142582842058 -7.347880794884112e-17

0.9509682504845074 -0.8026606108072902 0.17393746379788436
0.9537598873110675 -0.8169244934048593 0.15674315025692212
0.9554829418880703 -0.8304784722801382 0.13880893526651986
0.9561176974748389 -0.8432695451138084 0.1202194767632077
0.955650075814742 -0.8552478634138386 0.10106252574132481
0.954071656060532 -0.8663670457140976 0.08142851202702127
0.951379662877979 -0.8765844746481304 0.06141011740691242
0.947576924030235 -0.88586157606691 0.04110183812642019
0.9426717979137078 -0.8941640784587968 0.020599538823014425
0.936678071681022 -0.9014622510299153 -7.347880794884118e-17

0.936678071681022 -0.9014622510299153 -7.347880794884118e-17
0.9518912841991141 -0.8853829584229422 -7.347880794884117e-17
0.9668285127447946 -0.8690469647514388 -7.347880794884114e-17
0.9814854265339298 -0.8524590063466454 -7.347880794884114e-17
0.9958577760546707 -0.835623892592502 -7.347880794884113e-17
1.009941394299525 -0.8185465045312526 -7.347880794884112e-17
1.0237321979735048 -0.8012317934482737 -7.34788079488411e-17
1.0372261886780079 -0.7836847794365372 -7.347880794884109e-17
1.0504194540700804 -0.7659105499411235 -7.347880794884109e-17
1.0633081689967325 -0.7479142582842074 -7.347880794884107e-17

0.7880930342566288 -1.0338807326554549 -7.347880794884112e-17
0.7988062237820845 -1.0249108584140278 -0.01838867823924683
0.8087159444632999 -1.0149494811134645 -0.03670820244197773
0.817796808178469 -1.0040254447646406 -0.05488967863826266
0.8260268372030035 -0.9921712721914907 -0.07286473201331442
0.8333876176892434 -0.9794229744744685 -0.09056576404366654
0.839864435922051 -0.9658198446039752 -0.10792620671396361
0.8454463965268899 -0.9514042364745438 -0.12488077285833472
0.8501265218978311 -0.9362213304207179 -0.14136570168489454
0.8539018322078696 -0.920318886559346 -0.15731899856003206

0.8539018322078696 -0.920318886559346 -0.15731899856003206
0.8659441166436291 -0.9216106930907036 -0.14136570168489454
0.8773501915819445 -0.922066305594743 -0.12488077285833472
0.8880842155861678 -0.9216760108542549 -0.10792620671396362
0.8981126453940336 -0.9204335719808892 -0.09056576404366654
0.9074044037317237 -0.918336222322714 -0.07286473201331442
0.9159310377848225 -0.9153846444113773 -0.05488967863826267
0.9236668675496543 -0.9115829341495306 -0.03670820244197774
0.9305891233290895 -0.9069385505035995 -0.01838867823924684
0.936678071681022 -0.9014622510299153 -7.347880794884118e-17

0.936678071681022 -0.9014622510299153 -7.347880794884118e-17
0.9211932859913041 -0.9172801806670323 -7.347880794884117e-17
0.905441416668563 -0.9328321612065194 -7.347880794884117e-17
0.8894270306875587 -0.9481136836278192 -7.347880794884117e-17
0.873154771135093 -0.9631203173249039 -7.347880794884114e-17
0.8566293558638303 -0.977847711390848 -7.347880794884114e-17
0.83985557612444 -0.9922915958792986 -7.347880794884113e-17
0.8228382951764575 -1.0064477830424692 -7.347880794884113e-17
0.8055824468782695 -1.0203121685453036 -7.347880794884112e-17
0.7880930342566288 -1.0338807326554549 -7.347880794884112e-17

0.9689953224409157 0.795340722068825 -0.16026808404161305
0.9554907752264229 0.8112719401755166 -0.1605165043755876
0.9417242189096781 0.8269738210994143 -0.16076477059042057
0.9276995488695943 0.8424420544741966 -0.1610128824477404
0.913420731415495 0.8576723961122377 -0.1612608397093236
0.8988918026625305 0.8726606691721192 -0.16150864213709532
0.8841168673878729 0.8874027653070252 -0.16175628949312917
0.8691000978680137 0.9018946457937074 -0.16200378153964776
0.853845732697496 0.9161323426417057 -0.16225111803902284
0.8383580755894142 0.9301119596825209 -0.16249829875377544

0.8383580755894142 0.9301119596825209 -0.16249829875377544
0.8522995591597651 0.9307109254284741 -0.1461416347714548
0.8655805911205363 0.9303717027528031 -0.12919400854596394
0.8781568541103852 0.9290847760402413 -0.11172395227366351
0.8899865490807336 0.9268448982051652 -0.09380211073459263
0.9010306274679497 0.9236510713798043 -0.07550095562166921
0.9112530119585418 0.9195065071219751 -0.05689449248228603
0.9206208046480794 0.9144185664901244 -0.03805796145736192
0.9291044814510003 0.9083986804320902 -0.019067533027988325
0.9366780716810243 0.9014622510299131 -7.347880794884118e-17

1.159259033590874 0.46722336628542027 -0.16602454827898394
1.1514850144805597 0.4865538252455463 -0.16573932647926487
1.1433883393104614 0.5057547913661816 -0.16545388889123294
1.134971167352466 0.5248208735742187 -0.16516823588652044
1.1262357480461676 0.5437467168389667 -0.16488236783704016
1.117184420396654 0.562527003681783 -0.16459628511498492
1.1078196123469919 0.5811564556756318 -0.16430998809282704
1.0981438401255805 0.599629834934147 -0.16402347714331786
1.0881597075685472 0.6179419455897784 -0.1637367526394872
1.07786990541737 0.6360876352605992 -0.16344981495464286

1.07786990541737 0.6360876352605992 -0.16344981495464286
1.0916237396338693 0.632260110489132 -0.14702060407279616
1.1044547274264493 0.6277208125182744 -0.12998900605860542
1.1163162059755325 0.6224744900068302 -0.11242480443358256
1.1271652891763564 0.6165293371865991 -0.09439996495460592
1.136963094842857 0.6098968993211942 -0.07598834074881489
1.1456749541068525 0.6025919611056249 -0.05726536971538743
1.1532706018964134 0.5946324187558479 -0.038307765434035135
1.1597243474664767 0.5860391366207074 -0.01919320284665593
1.165015224049373 0.5768357892270466 -7.347880794884112e-17

-0.04177699374468358 1.2514037737631016 0.16261956972629754
-0.04837418037093857 1.242016397411403 0.17598684767848105
-0.054836856444509516 1.2318873040372589 0.18884126930826844
-0.061154491308608845 1.2210465775015427 0.20114537459242193
-0.06731731437574605 1.2095263764627333 0.2128633072253729
-0.07331636529497161 1.1973608329503056 0.22396091911074092
-0.07914354062126988 1.1845859447128977 0.23440586987483336
-0.08479163678531901 1.171239461691637 0.24416772111212648
-0.09025438917648969 1.1573607669881267 0.25321802508808
-0.09552650716738874 1.1429907527144412 0.2615304076407897

0.08224237321785106 1.1264210671761727 0.270648505386891
0.06993585687001261 1.1436250215043646 0.2622090972639188
0.05720746905289915 1.160145917662831 0.2527841200524508
0.04407589168989702 1.1759166629709121 0.24240899954928943
0.030562793048639802 1.1908728330863967 0.23112273286843263
0.016692688919322806 1.2049529738049036 0.2189677418620635
0.002492786529623207 1.2180988886997268 0.20598971366892674
-0.012007187888336816 1.2302559111641926 0.19223742898942617
-0.026775176871363254 1.2413731594977395 0.17776257873290757
-0.04177699374468358 1.2514037737631016 0.16261956972629754

0.8202076757128884 -0.7854686143195739 -0.26757989370546365
0.8359538871381544 -0.7745039063340176 -0.2655436447603903
0.8515380656932412 -0.7632122736389796 -0.26344926635942156
0.8669527226895979 -0.7515959136322823 -0.26129721697738545
0.8821903916188679 -0.7396572133871655 -0.2590879677137119
0.89724363336502 -0.7273987497004184 -0.2568220021893052
0.9121050414293156 -0.7148232889890244 -0.2544998164406762
0.9267672471635565 -0.7019337870347591 -0.25212191881135604
0.9412229250070333 -0.6887333885763229 -0.24968882984061613
0.9554647977225879 -0.6752254267487314 -0.24720108214951825

0.9554647977225879 -0.6752254267487314 -0.24720108214951825
0.959441954813817 -0.6891918922929569 -0.23900514370791834
0.9629412960616872 -0.7030268100514324 -0.23028910607724173
0.9659477785034774 -0.716707002553662 -0.22107193623047208
0.9684476551465715 -0.7302093214762062 -0.21137369165460948
0.9704285036810788 -0.7435107160478045 -0.20121547670356507
0.9718792513379491 -0.7565883016657508 -0.19061939667296776
0.9727901958382454 -0.7694194285184595 -0.1796085096968218
0.9731530223906959 -0.7819817500083923 -0.16820677657069186
0.9729608167061695 -0.7942532907693669 -0.15643900861060642

0.7880930342566311 1.033880732655453 -7.347880794884118e-17
0.796476346303742 1.026630625819966 0.019534801259846662
0.8040059490466458 1.0183154518497899 0.038986685138282455
0.8106609808916005 1.008962344899149 0.05827308620486064
0.8164245381172409 0.9986028497049404 0.07731214143717265
0.8212838167650991 0.9872727230029572 0.09602303769648197
0.8252302338887629 0.9750117151475497 0.11432635474702392
0.8282595273296469 0.9618633332043083 0.13214440236299188
0.8303718332993311 0.9478745868758691 0.14940155009232653
0.8315717411648943 0.9330957187038333 0.1660245482775931

0.8315717411648943 0.9330957187038333 0.1660245482775931
0.8463907092354628 0.9335986189481441 0.14940155009232653
0.8605294055553453 0.9331045271296226 0.13214440236299188
0.8739384454030571 0.9316031221746507 0.11432635474702393
0.8865711448629714 0.9290888775366342 0.09602303769648197
0.8983837951262649 0.9255610377135087 0.07731214143717265
0.9093359237861631 0.9210235703153781 0.058273086204860644
0.9193905416247905 0.9154850941163999 0.038986685138282476
0.9285143734579242 0.9089587836502223 0.01953480125984667
0.9366780716810243 0.9014622510299131 -7.347880794884118e-17

0.9366780716810243 0.9014622510299131 -7.347880794884118e-17
0.9211932859913063 0.9172801806670302 -7.347880794884118e-17
0.9054414166685654 0.932832161206517 -7.347880794884118e-17
0.8894270306875609 0.9481136836278173 -7.347880794884118e-17
0.8731547711350952 0.9631203173249019 -7.347880794884118e-17
0.8566293558638326 0.977847711390846 -7.347880794884118e-17
0.8398555761244421 0.9922915958792967 -7.347880794884118e-17
0.8228382951764598 1.0064477830424672 -7.347880794884118e-17
0.8055824468782719 1.0203121685453018 -7.347880794884118e-17
0.7880930342566311 1.033880732655453 -7.347880794884118e-17

-0.05234407055906915 0.7095474667284315 0.08218066950655509
-0.0360556995473506 0.7145278669459749 0.09499417414639695
-0.019579643232121666 0.7197008503198381 0.10761781855242497
-0.00288497871192873 0.7250512300517264 0.1200263724607834
0.014058157865813945 0.7305610712502747 0.13219503549852818
0.03127837688751987 0.7362097704297118 0.1440994867509266
0.04880284668683059 0.7419741483803106 0.15571593337048487
0.06665711168869218 0.7478285559832216 0.1670211581305569
0.08486491815299932 0.7537449924819847 0.17799256582848333
0.1034480483515844 0.7596932356649813 0.18860822844552516

0.1034480483515844 0.7596932356649813 0.18860822844552516
0.08384617018647969 0.7681050213092683 0.19575511090678924
0.06388741949756209 0.7762255344754636 0.2027135412066053
0.04356737667403802 0.7840360334971012 0.20947682050975902
0.022882677358126862 0.7915169689842947 0.2160384378516211
0.0018310727604029969 0.7986480453343417 0.2223920764062093
-0.019588513657333228 0.8054082860284019 0.22853161956735665
-0.04137593335472838 0.8117761024988553 0.23445115683712675
-0.0635297639513998 0.8177293663391695 0.24014498951581192
-0.08604726472810366 0.8232454846160637 0.2456076361880345

-0.08604726472810366 0.8232454846160637 0.2456076361880345
-0.08143672829262671 0.8055338375047777 0.23186853468392019
-0.07705337156825434 0.7888868771168713 0.21679999495848787
-0.07289538515310609 0.7734033155056393 0.2004884137825532
-0.06895901730804643 0.7591751231928228 0.18302731501218833
-0.06523864317665584 0.7462869899471962 0.16451681336163484
-0.061726848235996445 0.7348158277428123 0.1450630403869644
-0.05841452520475427 0.7248303188348945 0.12477753597165694
-0.055290983539308655 0.7163905116276276 0.1037766088030695
-0.05234407055906915 0.7095474667284315 0.08218066950655509

0.7880930342566288 -1.0338807326554549 -7.347880794884112e-17
0.7788806707784748 -1.0400432264000021 0.0195348012598467
0.7688675297666726 -1.045100304874577 0.03898668513828253
0.7580853033607272 -1.04903904226344 0.05827308620486074
0.7465688878569349 -1.051851497865947 0.0773121414371728
0.7343561546249191 -1.0535348002939555 0.09602303769648214
0.7214877074048409 -1.0540912065199937 0.11432635474702413
0.7080066274299575 -1.0535281353103434 0.1321444023629921
0.6939582078768066 -1.0518581747091202 0.14940155009232678
0.6793896791943652 -1.049099063373719 0.16602454827759341

0.6793896791943652 -1.049099063373719 0.16602454827759341
0.6759478500924627 -1.0635215643969655 0.14940155009232678
0.6717249273394336 -1.0770239265522676 0.1321444023629921
0.6667240448416496 -1.0895557955557207 0.11432635474702414
0.6609522439813311 -1.1010706918458804 0.09602303769648214
0.654420378288792 -1.1115262688569856 0.0773121414371728
0.6471429979850889 -1.12088455227262 0.058273086204860755
0.6391382152118474 -1.1291121589258764 0.03898668513828255
0.6304275508674897 -1.1361804941117726 0.019534801259846708
0.6210357640659406 -1.1420659261842259 -7.347880794884107e-17

0.6210357640659406 -1.1420659261842259 -7.347880794884107e-17
0.6403914397826178 -1.1313261262134566 -7.347880794884107e-17
0.6595614453745826 -1.1202583183245691 -7.347880794884109e-17
0.6785402228391706 -1.1088657114318978 -7.347880794884109e-17
0.6973222696169158 -1.0971516086194804 -7.347880794884109e-17
0.7159021401869212 -1.0851194061833869 -7.347880794884109e-17
0.7342744476456906 -1.072772592647023 -7.34788079488411e-17
0.7524338652689662 -1.0601147477496968 -7.34788079488411e-17
0.7703751280561157 -1.0471495414087348 -7.347880794884112e-17
0.7880930342566288 -1.0338807326554549 -7.347880794884112e-17

-0.21801529672805758 0.6666347743043209 -0.028732156133509747
-0.19971441838664025 0.671369035898599 -0.016321413243646596
-0.18145053304033754 0.6760997558168373 -0.0038825793327945755
-0.16319714599633045 0.6808361259619263 0.008562936941643201
-0.14492700463867364 0.6855846778791775 0.02099371542115063
-0.12661230289595904 0.6903492326338803 0.03338836131264523
-0.10822488877685799 0.6951308653706781 0.0457255420113647
-0.08973647394706728 0.6999278847330954 0.057984023816723546
-0.071118844311309 0.7047358272505226 0.07014270847794274
-0.05234407055906915 0.7095474667284315 0.08218066950655502

-0.05234407055906915 0.7095474667284315 0.08218066950655509
-0.07333943634094299 0.7117548481833438 0.0952524259404822
-0.09458451758534253 0.713924687629793 0.10812599906047175
-0.11611013434955866 0.716031828341042 0.12077460395938971
-0.13794496886730168 0.7180477226848601 0.13317192380161977
-0.16011528770003766 0.7199406071607929 0.1452921645781795
-0.18264467789978103 0.7216756986144361 0.15711010877403872
-0.20555379875033988 0.7232154105187943 0.1686011678359767
-0.22886015056667602 0.7245195880982365 0.17974143333181378
-0.2525778619363875 0.7255457609628319 0.19050772669457558

-0.2525778619363875 0.7255457609628319 0.19050772669457558
-0.2459227792155771 0.7112420191387676 0.1696241472821389
-0.23993840830329216 0.6986881489853458 0.14745433714826095
-0.23464744943557933 0.6879873523956228 0.12416640614840566
-0.23006693237793693 0.6792288397205936 0.09993694265616658
-0.22620814774912287 0.6724871296801084 0.0749496745240171
-0.22307662454930197 0.6678214604216532 0.04939407590661881
-0.22067215358559203 0.6652753163839139 0.023463930510909347
-0.21898885612250432 0.6648760747423677 -0.0026441378324021073
-0.21801529672805753 0.6666347743043208 -0.02873215613350967

0.5112832989675433 1.1405124151733161 0.16602454827749233
0.5313709487829061 1.131526665752926 0.16570593946958412
0.5513004807246767 1.1221867195495183 0.16538706147592122
0.5710656423628655 1.1124953621877707 0.16506791481451408
0.5906602303991833 1.1024554897880452 0.16474850000380956
0.6100780926220012 1.0920701080988606 0.16442881756269023
0.6293131298459834 1.0813423315947375 0.1641088680104734
0.6483592978357647 1.0702753825396862 0.16378865186691022
0.6672106092130728 1.0588725900166187 0.163468169652185
0.6858611353466891 1.0471373889229798 0.16314742188691422

0.6858611353466891 1.0471373889229798 0.16314742188691422
0.6816639710190069 1.0616615758011603 0.14674121272967425
0.6766903333900718 1.0752916952802498 0.12973626538521152
0.670945500004309 1.0879790868156625 0.11220196398329738
0.6644385037448814 1.0996787033656137 0.09420985254105083
0.6571820313897109 1.110349357213787 0.07583334304675284
0.6491923032636286 1.119953948370789 0.05714741592190483
0.6404889347956726 1.128459674305082 0.03822831408371587
0.6310947808847648 1.1358382198442822 0.01915323185631453
0.6210357640659442 1.1420659261842239 -7.347880794884112e-17

0.6210357640659442 1.1420659261842239 -7.347880794884112e-17
0.6109906653246276 1.146749937422725 0.01953480125983324
0.6003229146727301 1.1502192502724367 0.03898668513825579
0.5890658059478325 1.1524659281851122 0.05827308620482106
0.5772550386186968 1.1534874504164059 0.07731214143712066
0.5649284785338877 1.153286760267092 0.09602303769641828
0.5521259090496979 1.1518722863908102 0.11432635474694933
0.538888774036225 1.1492579369284652 0.13214440236290736
0.5252599142972484 1.145463066368608 0.1494015500922332
0.5112832989675433 1.1405124151733161 0.16602454827749233

-0.08604726472810366 0.8232454846160637 0.2456076361880345
-0.08672962988112988 0.8399331111527119 0.25649235216348604
-0.08743991027462673 0.8573053783875817 0.2662475721430064
-0.08816788256964236 0.8752864318161101 0.2748303378012755
-0.08890343798504491 0.8937977047353677 0.2822028538615018
-0.0896366331569884 0.9127582644489841 0.2883326545316264
-0.09035773939100455 0.9320851690125485 0.29319274647148
-0.09105729006552028 0.9516938329447481 0.2967617276613159
-0.09172612595771529 0.9714984002894508 0.2990238816482673
-0.09235543827586666 0.9914121233810186 0.29996924675570363

-0.2610605614444126 0.903498453398201 0.2940319749536634
-0.23976564777332088 0.8955280947776882 0.2910002816595463
-0.21892351476531471 0.887222795062379 0.28735926349469665
-0.19854216785788534 0.8786249816615439 0.2831165443793044
-0.17862696179780915 0.8697770565984964 0.2782810081339
-0.15918061158712277 0.8607212163234292 0.2728627798775412
-0.14020321507194655 0.8514992728437982 0.2668732048268479
-0.12169228706266973 0.8421524769350356 0.2603248245402775
-0.10364280482444854 0.8327213441853438 0.25323135065738184
-0.08604726472810366 0.8232454846160637 0.2456076361880345

0.7880930342566311 1.033880732655453 -7.347880794884118e-17
0.7795393443887123 1.0395694282894437 -0.019290468849386674
0.7702094256219209 1.0441903452873935 -0.0385010949544167
0.7601320502458977 1.0477321112382392 -0.05755236603775729
0.7493390274954387 1.0501880239100074 -0.0763654293883286
0.7378650012455789 1.0515561236984972 -0.09486241823060587
0.7257472351948893 1.0518392434629829 -0.11296677401315977
0.7130253867725611 1.0510450353581624 -0.13060356328249198
0.6997412710560919 1.0491859743852567 -0.14769978783063273
0.6859386160305729 1.0462793385007285 -0.16418468683280804

0.6859386160305729 1.0462793385007285 -0.16418468683280804
0.6817755738895905 1.0609482183940246 -0.14769978783063273
0.6768253228260277 1.074713148200321 -0.13060356328249198
0.6710930028920192 1.087524264074682 -0.11296677401315978
0.6645876192280143 1.0993354072892345 -0.09486241823060587
0.6573219381716372 1.1101043794572194 -0.0763654293883286
0.6493123636285328 1.1197931796407308 -0.0575523660377573
0.6405787945494941 1.12836822202762 -0.03850109495441672
0.6311444644579371 1.1358005329581986 -0.019290468849386684
0.6210357640659442 1.1420659261842239 -7.347880794884112e-17

0.6210357640659442 1.1420659261842239 -7.347880794884112e-17
0.640391439782621 1.1313261262134546 -7.347880794884112e-17
0.6595614453745859 1.1202583183245671 -7.347880794884113e-17
0.6785402228391735 1.108865711431896 -7.347880794884114e-17
0.6973222696169187 1.0971516086194786 -7.347880794884114e-17
0.7159021401869241 1.0851194061833849 -7.347880794884114e-17
0.7342744476456934 1.0727725926470213 -7.347880794884117e-17
0.7524338652689684 1.0601147477496953 -7.347880794884117e-17
0.7703751280561182 1.0471495414087328 -7.347880794884117e-17
0.7880930342566311 1.033880732655453 -7.347880794884118e-17

0.24750844191406698 -1.2762208159959119 -7.347880794884112e-17
0.25823829365350404 -1.2734433618279881 -0.019534801259910608
0.2686756719351734 -1.2693326234240492 -0.03898668513840939
0.27878984135478696 -1.2639036607755343 -0.058273086205048924
0.2885516563539314 -1.257177242672651 -0.07731214143741987
0.2979337764930251 -1.2491797317000721 -0.09602303769678494
0.3069108720103298 -1.2399429423326522 -0.11432635474737869
0.31545981835803216 -1.229503972899742 -0.13214440236339378
0.32355987846662704 -1.2179050123174675 -0.14940155009277015
0.33119287155640553 -1.2051931226143233 -0.1660245482780725

0.33119287155640553 -1.2051931226143233 -0.1660245482780725
0.34424997351610054 -1.212219274601552 -0.14940155009277015
0.35713982451993104 -1.2180501065705813 -0.13214440236339378
0.3698227473465745 -1.2226544561501125 -0.1143263547473787
0.3822593577171409 -1.2260066560599654 -0.09602303769678494
0.3944108205338796 -1.2280866347796473 -0.07731214143741987
0.4062391053125201 -1.2288799895349045 -0.05827308620504894
0.41770723926895137 -1.2283780313245214 -0.03898668513840941
0.42877955652723604 -1.2265778018524338 -0.019534801259910615
0.43942194193105216 -1.2234820623734306 -7.347880794884107e-17

0.43942194193105216 -1.2234820623734306 -7.347880794884107e-17
0.41852628116503077 -1.230786639501002 -7.347880794884107e-17
0.39750927613674736 -1.2377343719010307 -7.347880794884109e-17
0.37637702035355164 -1.244323245201898 -7.347880794884109e-17
0.35513564073770204 -1.250551349076807 -7.347880794884109e-17
0.33379129584997447 -1.2564168777976499 -7.347880794884109e-17
0.31235017410409716 -1.261918130758545 -7.34788079488411e-17
0.29081849197252924 -1.2670535129688976 -7.34788079488411e-17
0.2692024921841053 -1.271821535515839 -7.347880794884112e-17
0.24750844191406698 -1.2762208159959119 -7.347880794884112e-17

-0.08604726472810366 0.8232454846160637 0.2456076361880345
-0.10618620288491804 0.8135106441667375 0.24030809659592525
-0.1259082442501656 0.803450125407151 0.2347905499204678
-0.1452153275468873 0.7930844707851155 0.2290600016703196
-0.16411044019725837 0.7824335825867789 0.22312165058879294
-0.18259756822178952 0.7715166680125635 0.2169808839375633
-0.20068164322420276 0.7603521874584039 0.21064327260935603
-0.21836848665355918 0.7489578061578613 0.20411456607404183
-0.2356647515435298 0.7373503493295626 0.19740068716272796
-0.2525778619363875 0.7255457609628319 0.19050772669457558

0.4394219419310565 1.223482062373429 -7.347880794884118e-17
0.4496020679645249 1.219099254603528 0.01953480125983324
0.45928962332092227 1.2134434339878286 0.03898668513825579
0.4684565316987866 1.2065341757585175 0.05827308620482106
0.4770771594542572 1.198396454353012 0.07731214143712066
0.4851285107957993 1.1890604968961958 0.09602303769641828
0.49259040927256215 1.1785616115807598 0.11432635474694933
0.4994456643800538 1.166939991905027 0.13214440236290736
0.5056802221862852 1.1542404978477214 0.1494015500922332
0.5112832989675433 1.1405124151733161 0.16602454827749233

0.6210357640659442 1.1420659261842239 -7.347880794884112e-17
0.6015000300589756 1.1524746044226102 -7.347880794884112e-17
0.5817899018008388 1.1625491431172148 -7.347880794884113e-17
0.5619110938931736 1.1722866213344658 -7.347880794884114e-17
0.5418693698432884 1.1816842158654899 -7.347880794884114e-17
0.5216705403931332 1.1907392020446528 -7.347880794884114e-17
0.5013204618345791 1.199448954539527 -7.347880794884117e-17
0.4808250343114901 1.2078109481120605 -7.347880794884117e-17
0.46019020010908074 1.2158227583507246 -7.347880794884117e-17
0.4394219419310565 1.223482062373429 -7.347880794884118e-17

-0.7263486767061138 -0.2855915148350235 0.2044744767930424
-0.7310987420927904 -0.30462054505160646 0.21620639140832956
-0.7359453435830217 -0.3242078751994328 0.22728747825395385
-0.7408292719122896 -0.3443610061786248 0.23768438087365978
-0.7456898859628036 -0.3650830546026465 0.24736580235296082
-0.7504654593551656 -0.38637267141966947 0.25630259952958717
-0.7550935330771327 -0.4082239864754348 0.26446787072067696
-0.7595112721732377 -0.43062657937470417 0.2718370367026311
-0.7636558244968799 -0.4535654768496441 0.27838791469986596
-0.7674646795155552 -0.47702117669356037 0.2841007851597427

-0.6096831047365158 -0.4413951485470772 0.16981775297493462
-0.6241400436331566 -0.4257467960093252 0.17386702538481305
-0.6382527114561176 -0.4096695435558147 0.17786915186172772
-0.6520086565513702 -0.39316844217235514 0.18182304718560227
-0.665395358475764 -0.37624890993316445 0.18572763921476146
-0.6784002393086994 -0.3589167433737788 0.18958186917665393
-0.6910106757037235 -0.3411781284898741 0.19338469195495
-0.7032140116665262 -0.3230396513225368 0.1971350763729365
-0.7149975720438736 -0.3045083080910701 0.20083200547313126
-0.7263486767061138 -0.2855915148350235 0.2044744767930424

-0.3842528868789209 0.6128117095914611 -0.11596075286131159
-0.3707465043309126 0.6270521322442256 -0.12752865953223808
-0.3569919261028272 0.6414243797373208 -0.13886954658186576
-0.3429572562407933 0.6559219866637851 -0.14996322557653113
-0.32861072917887346 0.6705356284504613 -0.16078994814897787
-0.3139209215809349 0.6852531289195768 -0.17133044115333138
-0.2988569634050325 0.7000594827564366 -0.18156594097411205
-0.28338874716298057 0.7149368928008609 -0.19147822692820685
-0.26748713435567056 0.7298648220097637 -0.20104965370034528
-0.251124158077333 0.7448200598687331 -0.2102631827543342

-0.251124158077333 0.7448200598687331 -0.2102631827543342
-0.2455036446323242 0.7305936245426414 -0.19349298683041902
-0.240328505250885 0.717599585102853 -0.17561644213149422
-0.23562025892199165 0.7059149914291417 -0.1567357626636229
-0.23139760511005208 0.6956094428055024 -0.13695890384649648
-0.22767633236377355 0.6867446842318838 -0.11639894524896285
-0.22446924433853907 0.6793742474693848 -0.09517344402583786
-0.22178610356246248 0.6735431389065766 -0.07340376275290209
-0.21963359317089992 0.669287576067521 -0.05121437550336704
-0.21801529672805758 0.6666347743043209 -0.028732156133509747

-0.21801529672805758 0.6666347743043209 -0.028732156133509747
-0.23638447304689808 0.6615420662921293 -0.03869983983915363
-0.25475786850234744 0.6562527114077471 -0.04862425451912856
-0.2731459408163052 0.6507576363485074 -0.05849430400985078
-0.29155831915887026 0.64504653575965 -0.06829895293167686
-0.31000371459767617 0.6391079318914358 -0.07802723902720098
-0.3284898345243253 0.6329292400113119 -0.08766828541779716
-0.34702330141088317 0.6264968393142598 -0.09721131276470117
-0.3656095762330372 0.6197961490532379 -0.10664565132103702
-0.3842528868789209 0.6128117095914611 -0.11596075286131159

-0.21801529672805758 0.6666347743043209 -0.028732156133509747
-0.23499498908157743 0.6598492495971329 -0.016340344319452724
-0.2519543346057204 0.6531116898670641 -0.003920494501194243
-0.26891995519223755 0.6464139005927015 0.008506082399379607
-0.28591755481573405 0.6397451953001831 0.020918063917543295
-0.3029717367615803 0.6330924705494562 0.03329415263243808
-0.3201058265366281 0.6264402935363536 0.04561311271080354
-0.3373417013120423 0.6197710018931203 0.0578538063450336
-0.35469962671733235 0.6130648152133978 0.06999523002303398
-0.372198101770685 0.6062999577732157 0.08201655056764251

-0.372198101770685 0.6062999577732157 0.08201655056764258
-0.3700461772180484 0.6013708729241444 0.060203065995461026
-0.3687486097558699 0.5978483507652971 0.038052313259160565
-0.36832068134047236 0.595747203106348 0.01568838477140669
-0.36877282256581817 0.5950742481164519 -0.006763432807082861
-0.3701105373422304 0.5958282824528415 -0.029177360445446283
-0.3723343551585229 0.5980000984482595 -0.05142783137892983
-0.37543981128982873 0.6015725462023809 -0.07339019455598993
-0.379417455156283 0.6065206401702747 -0.0949414129554053
-0.3842528868789209 0.6128117095914611 -0.11596075286131152

0.43942194193105216 -1.2234820623734306 -7.347880794884107e-17
0.4287795565272377 -1.2265778018524387 0.019534801259833257
0.41770723926895786 -1.2283780313245407 0.038986685138255824
0.4062391053125343 -1.2288799895349476 0.0582730862048211
0.3944108205339041 -1.2280866347797235 0.07731214143712072
0.3822593577171778 -1.2260066560600835 0.09602303769641833
0.36982274734662596 -1.2226544561502817 0.1143263547469494
0.3571398245199985 -1.2180501065708105 0.13214440236290745
0.34424997351618475 -1.2122192746018485 0.14940155009223333
0.3311928715565076 -1.2051931226146948 0.16602454827749244

0.3311928715565076 -1.2051931226146948 0.16602454827749244
0.32355987846670636 -1.2179050123177655 0.14940155009223333
0.31545981835809145 -1.229503972899973 0.13214440236290748
0.306910872010372 -1.2399429423328239 0.11432635474694941
0.29793377649305375 -1.2491797317001923 0.09602303769641833
0.28855165635394925 -1.257177242672729 0.07731214143712072
0.278789841354797 -1.2639036607755785 0.058273086204821106
0.2686756719351776 -1.269332623424069 0.03898668513825584
0.2582382936535051 -1.273443361827993 0.019534801259833263
0.24750844191406698 -1.2762208159959119 -7.347880794884112e-17

0.09118478838114523 0.9272543332408619 0.2921280575125165
0.06940333981053769 0.9167671963375755 0.28896731760910466
0.04814718494733267 0.9059207089600599 0.2852858586062224
0.02741874590401601 0.8947552077431281 0.2810903144929056
0.007217909143996752 0.8833105870161243 0.27638824563954684
-0.012457930365970482 0.8716261332307242 0.2711881251741082
-0.03161381439414052 0.859740362858562 0.26549932371354484
-0.05025715632551028 0.8476908644402931 0.2593320924779538
-0.06839766598319283 0.835514145449744 0.25269754481787504
-0.08604726472810366 0.8232454846160637 0.2456076361880345

-0.8694126895719283 0.1254329894073641 0.27425707297951984
-0.8684436237347309 0.10240207186406151 0.2724697047945741
-0.8668936496739443 0.07950829499026234 0.2706253269414109
-0.8647700862488193 0.056765602865865315 0.2687243253248395
-0.8620805614376051 0.034187609195511004 0.26676709769723206
-0.858832998304654 0.011787591572748241 0.2647540535753009
-0.855035600915796 -0.010421513676258435 0.2626856141544136
-0.8506968402255686 -0.032427116072247235 0.2605622122204656
-0.845825439959645 -0.05421697498929789 0.2583842920593263
-0.8404303625155187 -0.07577920309285098 0.2561523093638805

-0.7343021653452251 0.06103492545202214 0.1440273122248714
-0.7449602977117795 0.06695405482091457 0.16271866682221278
-0.7568906121113005 0.07314630706280893 0.18055445914167814
-0.7700238472864654 0.07963110919441597 0.19744090995435312
-0.7842839920488646 0.08642536616681633 0.21328923159619986
-0.7995887167049766 0.09354328352037079 0.22801609480678836
-0.8158498396753978 0.10099621013548309 0.2415440668681616
-0.8329738265967267 0.10879250235287148 0.25380201874013064
-0.8508623190100757 0.11693741058803808 0.2647254990513163
-0.8694126895719283 0.1254329894073641 0.27425707297951984

1.159259033591789 -0.4672233662857903 0.16602454827749852
1.167394351595786 -0.4494060530079473 0.16445140091062674
1.175246394067378 -0.4314450535649968 0.16287176218557473
1.1828125668459206 -0.413345007293565 0.16128569445511487
1.1900903539379701 -0.3951106016062621 0.15969326032579031
1.1970773184329233 -0.3767465706359658 0.15809452265544388
1.2037711033944236 -0.3582576938622035 0.1564895445507369
1.2101694327271748 -0.3396487947200829 0.1548783893646581
1.2162701120188102 -0.32092473919221975 0.15326112069402292
1.2220710293564776 -0.30209043438413097 0.15163780237696323

-0.372198101770685 0.6062999577732157 0.08201655056764258
-0.38716915908765726 0.5935730124844405 0.07164697630112152
-0.4019353708221523 0.5807889483520842 0.0611857906212937
-0.4165148445047702 0.5679456993179626 0.05064636972425928
-0.4309250789199068 0.5550394648819784 0.04004218984158705
-0.445182839835319 0.5420647641567965 0.029386810008928285
-0.4593040397323542 0.5290144980939502 0.018693854728756287
-0.47330362205644244 0.5158800196030565 0.007976996549393475
-0.48719545048857343 0.502651211253278 -0.002750061417393052
-0.5009922037175892 0.48931657021485425 -0.013473603017877535

-0.5247115060471159 -0.46346605606245495 -0.0072582168705044815
-0.529836031980537 -0.45793633072417855 0.01360021021930014
-0.5360086396980904 -0.45328557286812393 0.03439288442512993
-0.5432525002457269 -0.4494733674759815 0.055019279485071515
-0.5515843805612305 -0.4464545507958516 0.07537967304635781
-0.5610144621085786 -0.44417956790647484 0.09537562879264297
-0.5715461985979463 -0.44259485452875014 0.11491047235368192
-0.5831762139565904 -0.4416432404282745 0.13388975869653594
-0.5958942414673886 -0.44126437162834214 0.1522217287386098
-0.6096831047365158 -0.4413951485470772 0.16981775297493457

-0.46441714729760414 -0.5732216716439416 0.14567720499796338
-0.4696954901506481 -0.5583122973752246 0.12995254043865292
-0.4752026404444175 -0.5441151503351258 0.11377524177896425
-0.48099639860308624 -0.5306233959328244 0.09720165572055228
-0.4871325323862965 -0.5178249869962571 0.08028950926275291
-0.49366439498033005 -0.5057027984730238 0.06309770863526752
-0.5006425564866048 -0.4942347922607379 0.045686134123503905
-0.5081144510653228 -0.48339421110672004 0.02811543150120887
-0.5161240419004075 -0.47314980034369625 0.010446800796851586
-0.5247115060471159 -0.46346605606245495 -0.007258216870504408

-0.6261180813586984 0.3479390552657536 -0.09754081292222812
-0.6199943166608665 0.3694240683262284 -0.11205069716196331
-0.613765404527218 0.3912522046075233 -0.12626200361852213
-0.6073787505698176 0.4134456041770961 -0.1401368638940697
-0.6007788161125353 0.43602120217486373 -0.15363830610777085
-0.5939075775402908 0.4589904743450299 -0.16673035341353756
-0.5867050060009891 0.48235922171599804 -0.17937811986633959
-0.5791095641710676 0.5061273959892737 -0.19154790338162722
-0.5710587166781182 0.5302889669236472 -0.2032072755401601
-0.5624894506794308 0.5548318327176548 -0.21432516799894288

-0.5009922037175892 0.48931657021485425 -0.013473603017877608
-0.515680787266069 0.4746681798897832 -0.02299650445706141
-0.5301693991530941 0.4597768956097548 -0.03249614824601729
-0.5444613945417223 0.44463414340297125 -0.04196292686404831
-0.5585589568024408 0.42923063861414784 -0.05138726602884165
-0.5724630409758319 0.4135564782965987 -0.060759634379475284
-0.5861733235846074 0.3976012373391066 -0.07007055311601618
-0.5996881590249933 0.3813540679137516 -0.07931060558596077
-0.6130045427410894 0.3648038018171812 -0.08847044680782115
-0.6261180813586984 0.3479390552657536 -0.09754081292222812

-0.2379644527649984 -1.2270094132433782 0.16602454827749263
-0.24181573519983332 -1.2165564921192134 0.17952352084940473
-0.24542960489478757 -1.205380706656083 0.19247842080199526
-0.2488024387124407 -1.1935151300396776 0.2048499863921961
-0.2519316429643514 -1.180994875697676 0.21660072375812264
-0.2548156793655208 -1.167856982003623 0.22769502054977533
-0.2574540867125507 -1.1541402909683516 0.238099253857541
-0.2598474981661967 -1.1398853213243167 0.2477818921114002
-0.26199765403612557 -1.125134136426109 0.25671359064202054
-0.2639074099832121 -1.10993020740689 0.2648672806141232

-0.41575130694154255 -1.1807500632817272 0.16307488038340795
-0.3963447940256105 -1.1871801607824486 0.16340374227921767
-0.3768390392834989 -1.1932909759040016 0.16373232522750894
-0.3572393009875334 -1.1990809809363037 0.1640606286673558
-0.3375508608515664 -1.2045487348565695 0.1643886520383094
-0.31777902260038365 -1.209692883687572 0.16471639478039912
-0.2979291105336611 -1.2145121608322675 0.16504385633413332
-0.278006468084865 -1.2190053873847095 0.1653710361405004
-0.25801645637548487 -1.223171472417166 0.16569793364096974
-0.2379644527649984 -1.2270094132433782 0.16602454827749263

-0.7272243667390718 0.4242542807882809 -0.2549784982716151
-0.7098843904611547 0.4410578645538653 -0.25103772187184537
-0.6922584234387362 0.45728169757337506 -0.24694687055970763
-0.674366607611157 0.47292729443649206 -0.24270838992046168
-0.6562285465152031 0.48799691872148254 -0.23832481379486148
-0.6378632754438605 0.5024935419439402 -0.23379876276437994
-0.6192892341184972 0.5164208012451037 -0.22913294258457703
-0.6005242419300247 0.5297829559618269 -0.2243301425675507
-0.5815854757968326 0.5425848432227923 -0.21939323391443472
-0.5624894506794308 0.5548318327176548 -0.21432516799894288

-0.5009922037175892 0.48931657021485425 -0.013473603017877608
-0.5129810424859851 0.4762888079675909 -0.0004979434680743344
-0.525052596091327 0.4633393302087522 0.01247864811642115
-0.5372271074155254 0.4504443109555586 0.025431882565618173
-0.5495225437291108 0.4375780988301019 0.038337514428667015
-0.5619544668524323 0.4247133900072247 0.05117138735571888
-0.5745359158383446 0.4118214099417174 0.06390947931301211
-0.5872773027548839 0.3988721029878426 0.07652794754654658
-0.6001863220840793 0.38583432898649117 0.08900317321019129
-0.6132678741882529 0.3726760658619143 0.1013118055746855

-0.6132678741882529 0.3726760658619143 0.10131180557468557
-0.6090414334669499 0.3665182557519447 0.07984830784297889
-0.6061726697808847 0.3612378133542425 0.05793503020768033
-0.6046977377147142 0.35683165610180456 0.035695408620890046
-0.60464482705042 0.35329146150147434 0.013254717307240302
-0.6060339595475094 0.3506037838688961 -0.009260636897003339
-0.6088768327214645 0.34875020137903806 -0.03172382658476235
-0.6131767117538347 0.3477074921961672 -0.054008318188012196
-0.6189283703857408 0.34744783827530595 -0.07598858473247237
-0.6261180813586984 0.3479390552657536 -0.09754081292222805

-0.3709639425335887 -0.5953874886053632 -0.029950106061507848
-0.378388936272187 -0.5891046888733398 -0.009763723402573404
-0.38646405244144555 -0.5838675242680894 0.010467060894691559
-0.39523479893155605 -0.5796461758858723 0.030650245046697694
-0.40474227005180485 -0.5764044896472268 0.050694043736909375
-0.4150227874032946 -0.5741002667685945 0.07050730551996966
-0.426107570128306 -0.5726855901875135 0.08999992734322501
-0.4380224369329155 -0.5721071846765692 0.10908326430056524
-0.45078754207583066 -0.5723068081713059 0.12767053275517692
-0.4644171472976041 -0.5732216716439414 0.14567720499796333

-0.46441714729760414 -0.5732216716439416 0.14567720499796338
-0.4465291319099491 -0.5861474965468144 0.144067255285558
-0.42828968113177646 -0.5985248601030208 0.1424518947131425
-0.4097153486442256 -0.6103445079363793 0.1408311839502282
-0.39082292049544803 -0.6215976776585528 0.13920518386726738
-0.3716294007178591 -0.6322761042578177 0.13757395553336887
-0.3521519968389238 -0.6423720250754117 0.13593756021400252
-0.33240810529701903 -0.6518781843681927 0.1342960593687001
-0.31241529677388175 -0.6607878374566487 0.13264951464874555
-0.2921913014551148 -0.6690947544576168 0.1309979878948601

-0.2921913014551148 -0.6690947544576168 0.1309979878948601
-0.2998466954570846 -0.6574422990112422 0.11421252840035345
-0.3076505612227825 -0.6466606121737767 0.09699774359274264
-0.31565893407585704 -0.6367560437476 0.07941834391125052
-0.323926824320554 -0.6277291932725815 0.06154041038374828
-0.3325078253384064 -0.6195749543375153 0.043431146227928895
-0.34145372871748936 -0.6122825916383872 0.025158624234165088
-0.35081414881429046 -0.6058358502458856 0.006791530879642068
-0.3606361590947896 -0.6002130963550951 -0.011601091864364112
-0.3709639425335887 -0.5953874886053632 -0.02995010606150778

-0.45102804210332736 0.6932092932478104 0.24510939986151642
-0.4616382987323649 0.675529122845146 0.23863859000272536
-0.47182248617017397 0.6579242883113485 0.2318503431077336
-0.4816007519891708 0.6404107394041487 0.22475368890209957
-0.49099386502342773 0.6230028691427646 0.21735806735476534
-0.5000231147306129 0.6057134853305166 0.20967331612101028
-0.5087102091883431 0.5885537882448022 0.20170965745640335
-0.51707717209563 0.5715333545612875 0.19347768461915868
-0.5251462391533026 0.5546601275570958 0.18498834777898504
-0.5329397541992255 0.5379404136154945 0.17625293945116996

-0.5329397541992255 0.5379404136154945 0.17625293945116996
-0.5144254653212579 0.5465217293852243 0.16665169949614247
-0.49607680563165957 0.5547940851150094 0.15679692185005495
-0.47789611621112554 0.5627851464871071 0.14670359920471832
-0.4598835247900078 0.5705221444883096 0.13638708716542422
-0.44203699096300103 0.5780317229865813 0.12586308088949852
-0.4243523614126434 0.5853397898823839 0.11514759120827357
-0.4068234348815213 0.5924713724798206 0.10425692026880577
-0.3894420365917954 0.5994504777043999 0.09320763673239534
-0.372198101770685 0.6062999577732157 0.08201655056764258

-0.5329397541992255 0.5379404136154945 0.17625293945116996
-0.5251177996578178 0.5281098825323233 0.15762655662511535
-0.5182691792615025 0.5193193087109395 0.1381194295125205
-0.5124432500873354 0.5116069186613197 0.11784055491645645
-0.5076837735665263 0.5050047345768508 0.09690324180795183
-0.5040286481062973 0.49953841649544717 0.07542447820787444
-0.5015096739414423 0.49522714090728975 0.05352427751198566
-0.5001523516630366 0.49208351636652653 0.031325007911597424
-0.4999757156853243 0.49011353645270345 0.008950708656722997
-0.5009922037175892 0.48931657021485425 -0.013473603017877535

-0.6310199209367585 -0.6387753109504444 0.282090575721743
-0.6092402950959702 -0.6517623964310734 0.27995137009968585
-0.587257178431768 -0.6640706901810943 0.27769590055240945
-0.5650919109761645 -0.6757015251736124 0.27532510377739344
-0.5427654671590053 -0.6866569307208464 0.272839964367565
-0.5202984319643087 -0.6969396066369877 0.27024151440239713
-0.4977109785565925 -0.7065528965424157 0.2675308330192854
-0.47502284740955625 -0.7155007603862749 0.2647090459653819
-0.45225332696561443 -0.7237877462656782 0.261777325130072
-0.42942123585082465 -0.7314189616208899 0.25873688805828804

-0.42942123585082465 -0.7314189616208899 0.25873688805828804
-0.4337194437776408 -0.7113095489511128 0.24929508628967958
-0.4377817156010364 -0.6917582474424535 0.23897898418369704
-0.4416638645631022 -0.6728042808673876 0.22782476124024892
-0.4454229949761112 -0.6544822375400192 0.2158715363245635
-0.4491171472360187 -0.6368219302809376 0.20316123047380222
-0.45280493575223224 -0.6198482839866037 0.18973841987620355
-0.45654518189659976 -0.6035812513650003 0.17565017953837397
-0.4603965441066121 -0.5880357572376111 0.16094591818899592
-0.46441714729760414 -0.5732216716439416 0.14567720499796338

-0.6132678741882529 0.3726760658619143 0.10131180557468557
-0.6212211440583382 0.353452777399201 0.092861527626811
-0.6288013660239427 0.33420018849709443 0.08432895093988478
-0.6360186997420542 0.31491826054274974 0.07572163752930901
-0.6428826499770077 0.29560604647041455 0.06704721564607692
-0.6494020058007165 0.2762617490330511 0.05831337301621674
-0.6555847838391305 0.256882782775944 0.04952785002752837
-0.6614381757813969 0.23746583945380761 0.040698432869646486
-0.6669685003522519 0.21800695662047362 0.03183294663351308
-0.672181159931532 0.19850158910882287 0.02293924837637159

-0.42942123585082465 -0.7314189616208899 0.25873688805828804
-0.41149919623602943 -0.722636948870867 0.24826763863330303
-0.39423393310583404 -0.7141407168949518 0.23673825602610213
-0.377638211805487 -0.7060102698466052 0.22419797211055995
-0.36171960052908453 -0.6983237278656323 0.2107003354327797
-0.3464805040340293 -0.6911568652577155 0.19630298255225168
-0.33191823064503795 -0.6845826597297908 0.1810673919266949
-0.318025091942997 -0.6786708554015357 0.1650586213915232
-0.30478853432907604 -0.6734875422380685 0.14834503035493127
-0.2921913014551148 -0.6690947544576168 0.1309979878948601

-0.3709639425335887 -0.5953874886053632 -0.029950106061507848
-0.3898243814235669 -0.582922343188846 -0.027434901821476645
-0.40827924985166464 -0.5698775214743179 -0.02491775133244978
-0.4263113306442147 -0.5562657978884282 -0.022398833162648756
-0.4439037938068189 -0.5421004357329898 -0.01987832600569451
-0.4610402094842264 -0.5273951760582408 -0.017356408667932244
-0.4777045606270035 -0.5121642262332637 -0.014833260055746398
-0.4938812553598761 -0.4964222482200332 -0.012309059162867989
-0.5095551390467046 -0.4801843465575445 -0.009783985057678279
-0.5247115060471159 -0.46346605606245495 -0.0072582168705044815

-0.42942123585082465 -0.7314189616208899 0.25873688805828804
-0.4104220723281907 -0.7424875800120483 0.25886053558311206
-0.39113764282003927 -0.7530627310149112 0.25898401120997777
-0.3715807628210791 -0.7631370633467942 0.25910731485689037
-0.3517644372535457 -0.772703558509194 0.2592304464419695
-0.3317018518267195 -0.7817555356686958 0.2593534058834488
-0.31140636427068 -0.7902866563135668 0.2594761930996761
-0.2908914954501266 -0.7982909286827907 0.25959880800911406
-0.270170920364161 -0.80576271196446 0.25972125053033923
-0.2492584590380293 -0.8126967202605863 0.259843520582043

-0.45102804210332736 0.6932092932478104 0.24510939986151642
-0.46999698518918137 0.6919347887255689 0.25150697921905146
-0.4892274602289179 0.6903702544302249 0.25754108191898295
-0.5087107991241392 0.6884907799487197 0.26320298750556953
-0.5284367550441869 0.6862716972007114 0.2684845134205192
-0.5483935155594666 0.6836886753953301 0.273378026828383
-0.568567721307018 0.680717815182329 0.27787645564749186
-0.5889444901339225 0.6773357416774565 0.28197329877049376
-0.6095074466456885 0.6735196960455105 0.28566263545972304
-0.6302387570685499 0.6692476253292432 0.2889391339038211

-0.7490683027976873 0.8279339079941141 0.2764546304898128
-0.7597751462383054 0.807637695055547 0.2795582173126553
-0.7699202277543914 0.7871812024326312 0.28244973734574413
-0.7795044745546956 0.7665838344937814 0.2851269971448056
-0.7885295774990758 0.7458647933171835 0.28758796579872437
-0.7969979780023864 0.7250430458753748 0.2898307764701485
-0.8049128534674724 0.7041372919232106 0.29185372781163166
-0.8122781012829244 0.6831659326564333 0.29365528525623846
-0.819098321424377 0.6621470402062827 0.2952340821816335
-0.8253787977011056 0.6410983280336954 0.29658892094677125

-0.6302387570685499 0.6692476253292432 0.2889391339038211
-0.6436315273677045 0.6865133300759847 0.2941497622772862
-0.6571744019444138 0.7040812670378291 0.29772502533382383
-0.670782006221351 0.7218627500854552 0.2996450459157702
-0.6843689842675049 0.7397675082959626 0.2998991494094755
-0.6978504788862748 0.7577041884895803 0.2984859230922596
-0.7111426066864188 0.7755808658963033 0.2954132239866346
-0.7241629254672692 0.7933055600876585 0.2906981351781274
-0.7368308913050996 0.8107867532678682 0.2843668708395593
-0.7490683027976873 0.8279339079941141 0.2764546304898128

-0.7349483350500264 0.25119530713956373 0.2003318960378549
-0.7491702969512861 0.23887852657774292 0.21058555634902157
-0.7636441609444852 0.22621345703857781 0.22037567307956754
-0.7783425837343132 0.21316921481826068 0.229680696101162
-0.7932356772415704 0.19971650501757868 0.2384801430798598
-0.8082911255868359 0.18582779503490948 0.2467546445620728
-0.82347431377614 0.17147747995930132 0.254485986610856
-0.838748467511499 0.15664203909019334 0.2616571508986542
-0.8540748034981231 0.14130018285095045 0.2682523521682599
-0.8694126895719283 0.1254329894073641 0.27425707297951984

-0.7343021653452251 0.06103492545202214 0.1440273122248714
-0.736107007227349 0.0815293470027936 0.1507179923485706
-0.7375058065086431 0.10219136491104089 0.15730985664941757
-0.7384873705371214 0.12301819328828242 0.16379858327781174
-0.7390401515582559 0.14400637149312398 0.17017991800470553
-0.7391522854936917 0.16515173211298453 0.17644967701082084
-0.7388116327478893 0.18644937111947427 0.182603749629703
-0.7380058209225313 0.20789362031231762 0.1886381010428127
-0.7367222893123301 0.229478022160147 0.19454877492488995
-0.7349483350500264 0.25119530713956373 0.2003318960378549

-0.5247115060471159 -0.46346605606245495 -0.0072582168705044815
-0.5384191227390427 -0.4473462706954522 -0.0024352157927670015
-0.5516929375157373 -0.4308691373910492 0.002388414853537348
-0.564525234315186 -0.41404423574871785 0.00721142803057241
-0.5769084034985585 -0.3968812353876999 0.012032576860134918
-0.588834938168389 -0.3793899016551088 0.016850614946005277
-0.6002974310853098 -0.3615801017290137 0.02166429669617453
-0.6112885722078311 -0.3434618110782435 0.02647237764486328
-0.6218011468775475 -0.32504512023935717 0.031273614774249336
-0.6318280346699815 -0.3063402418700457 0.03606676683582166

-0.6318280346699815 -0.3063402418700457 0.03606676683582174
-0.6278427963894803 -0.31964745650205534 0.05193141677612248
-0.6243230814400929 -0.33331290864572855 0.06764764440769383
-0.6212373020532689 -0.3473695594561453 0.0831705320499795
-0.6185506097207553 -0.36184759665411415 0.0984557145967482
-0.616225103907527 -0.37677421827999535 0.11345950631354909
-0.6142200567977721 -0.3921734324994079 0.12813902569349198
-0.6124921528662085 -0.40806587456488735 0.14245231801450953
-0.6109957419889065 -0.4244686419464039 0.15635847524782684
-0.6096831047365158 -0.4413951485470772 0.16981775297493462

-0.45102804210332736 0.6932092932478104 0.24510939986151642
-0.46112070011892403 0.7088729149953588 0.25725037285248065
-0.47167274862434133 0.7252495869633637 0.2679775911876052
-0.48262561615256816 0.7422496862971056 0.2772321019693792
-0.4939185463248186 0.7597801523014013 0.28496304576634596
-0.5054889323675045 0.777744997472803 0.2911279361180748
-0.5172726616967394 0.7960458346828668 0.29569289302532276
-0.5292044686737827 0.8145824176170803 0.29863282914221045
-0.5412182935905174 0.833253191500797 0.29993158764716743
-0.5532476459103886 0.8519558510866266 0.29958203103495773

-0.5532476459103886 0.8519558510866266 0.29958203103495773
-0.564043657267191 0.8317909502972071 0.2999583600212169
-0.5742541891684394 0.8115324807378653 0.29994313956374696
-0.5838881701612468 0.7912071854014383 0.2995363895305111
-0.5929558042244264 0.7708410627664778 0.2987386408710359
-0.6014685220785234 0.750459299355967 0.29755093492333856
-0.6094389288729422 0.7300862052134102 0.29597482205462033
-0.6168807484212592 0.7097451524934734 0.29401235963750105
-0.6238087641665235 0.689458517354443 0.2916661093644361
-0.6302387570685499 0.6692476253292432 0.2889391339038211

-0.6132678741882529 0.3726760658619143 0.10131180557468557
-0.6260615433025261 0.36010217883818024 0.11334836053219571
-0.6390535160863234 0.3473718647138216 0.125175654299882
-0.6522407306494581 0.3344529619315061 0.13677185159442276
-0.6656173864789587 0.3213132499259774 0.1481155437776
-0.6791749416162987 0.3079206447200035 0.15918578838044334
-0.692902123279393 0.2942433944427234 0.16996214776674579
-0.7067849518969687 0.28025027386249984 0.18042472686456668
-0.7208067784619557 0.2659107770305187 0.19055420989606522
-0.7349483350500264 0.25119530713956373 0.2003318960378549

-0.7349483350500264 0.25119530713956373 0.2003318960378549
-0.7228784716889706 0.2432914040676542 0.18357255802190203
-0.7119422195164609 0.23590100898058688 0.16584230436631092
-0.7022098698312781 0.2290285721193656 0.14723491041939313
-0.6937452883593925 0.22267515012373243 0.12784879072627833
-0.6866055471468503 0.21683846295475923 0.10778647851418059
-0.6808405928694373 0.21151297167337185 0.08715408339394762
-0.6764929534981377 0.20668997631460137 0.06606073014610907
-0.6735974850496841 0.2023577329743167 0.044617981559686756
-0.672181159931532 0.19850158910882287 0.02293924837637159

-0.8942387063707247 0.321150801178143 0.2958306948420866
-0.9135794228485491 0.3126209815945842 0.29801976536874397
-0.9329512650748099 0.30360836451754714 0.2994046656999815
-0.9523044357377316 0.29409641948418813 0.2999816588502046
-0.9715881396402393 0.2840711774179467 0.2997491878733707
-0.990750784764184 0.2735213010516698 0.29870788006421845
-1.0097401873719523 0.2624381427611525 0.29686054526558947
-1.0285037802555717 0.2508157895557565 0.294212168286408
-1.0469888232288518 0.2386510950316024 0.29076989545077875
-1.065142614947569 0.2259436981524518 0.28654301531449744

-1.065142614947569 0.2259436981524518 0.28654301531449744
-1.0441170996723679 0.2135256903777652 0.2927114278404319
-1.02255805384897 0.20134639168633214 0.29701816012277854
-1.0006143559733913 0.18944377170623353 0.29943582082098186
-0.9784375030037733 0.17785179531482778 0.29994903331927125
-0.9561805941291388 0.16660018002721494 0.29855453352380573
-0.9339973012111781 0.15571419512003276 0.29526119062270695
-0.9120408330124767 0.1452145039001099 0.29008995067694565
-0.8904629003816275 0.13511705015104788 0.28307370340084853
-0.8694126895719283 0.1254329894073641 0.27425707297951984

-0.8694126895719283 0.1254329894073641 0.27425707297951984
-0.8739573964697201 0.14613131784370634 0.2775329961252643
-0.8780939446530469 0.16711185534412332 0.2805941395649312
-0.8818056815282886 0.1883672882566704 0.2834381343135802
-0.8850760366851189 0.2098894114605289 0.2860627794352337
-0.8878885680951365 0.23166912680340057 0.28846604374615614
-0.890227008482895 0.25369644389597534 0.29064606738676485
-0.8920753117499574 0.27596048327255124 0.2926011632609549
-0.8934176993322269 0.2984494819208637 0.29432981834172384
-0.8942387063707247 0.321150801178143 0.2958306948420866

-0.672181159931532 0.19850158910882287 0.02293924837637159
-0.6772042471203017 0.17869849242495833 0.015188108657021856
-0.6818400948595793 0.15881691766802486 0.007426788888825188
-0.6860896706186005 0.13885687892609397 -0.00033950879172208506
-0.6899533130479671 0.11881820884110797 -0.0081055789116057
-0.6934307194787594 0.09870061184803675 -0.015866216150337738
-0.6965209369064661 0.07850371811450654 -0.02361621882889669
-0.699222356495484 0.05822713797244143 -0.03135039239622888
-0.7015327116279588 0.037870516631519704 -0.03906355291097006
-0.7034490795086773 0.01743358896323373 -0.04675053051605837

-0.7034490795086773 0.01743358896323373 -0.04675053051605844
-0.7007018658378921 0.021896468966999868 -0.025005093762774034
-0.6995188760471788 0.026384642958564596 -0.003126370263902767
-0.6999046530172313 0.030929038400325178 0.018769017988235496
-0.7018548227467071 0.035560278117216036 0.04056436017179079
-0.7053561232798307 0.04030840186098291 0.06214347874885228
-0.7103864842230867 0.045202591659291066 0.08339134873630813
-0.7169151563679587 0.05027090305290446 0.10419471083314792
-0.7249028906447396 0.05554000428490696 0.12444267513599985
-0.7343021653452251 0.06103492545202214 0.14402731222487133

-0.7022417544900457 -0.12662050009868978 0.0891935083508314
-0.7008024047603147 -0.11008986386760977 0.07449676077702727
-0.6997236013575081 -0.09378916972288609 0.05960683845729014
-0.6990254897891142 -0.07767771236515578 0.04456235188865458
-0.6987242426956518 -0.06171339653211666 0.029402312362890946
-0.6988319664985617 -0.04585303584920459 0.014166030807791778
-0.6993566308232104 -0.030052657729786495 -0.0011069841485131847
-0.7003020210806684 -0.014267812637211899 -0.01637712862589543
-0.7016677144665768 0.00154611400253916 -0.03160480618755622
-0.7034490795086774 0.01743358896323356 -0.04675053051605837

-0.5948377915710951 -0.8318042133907991 0.29914680212705874
-0.5749225749524174 -0.8211718268613228 0.29999018566640545
-0.5552741068223801 -0.8102171171188304 0.29947341060441474
-0.5359479178391066 -0.7990203416339575 0.2975988200045571
-0.5169962322678195 -0.78766353455738 0.2943749132799807
-0.49846770898322046 -0.7762300717535263 0.28981630765708444
-0.4804072071071555 -0.7648042249929927 0.2839436719008625
-0.4628555775122852 -0.7534707077853635 0.27678363260251027
-0.4458494812575835 -0.7423142153941413 0.2683686534541844
-0.42942123585082465 -0.7314189616208899 0.25873688805828804

-0.6953051807235145 -0.18059635655779074 -0.1033829044400874
-0.7046303077545951 -0.16592947536695277 -0.11734902172340621
-0.7143225469165487 -0.15107330044023567 -0.13102097749423597
-0.7243655212477222 -0.13598500232578303 -0.14436449994417858
-0.7347389425054752 -0.12062277944368016 -0.1573461405562531
-0.7454186991757108 -0.10494614717218305 -0.16993335795106865
-0.7563769657977597 -0.08891621993577191 -0.1820945994590548
-0.7675823330353082 -0.07249598475836833 -0.19379938021426854
-0.7789999578133171 -0.05565056479050967 -0.20501835957151582
-0.7905917327337469 -0.03834747137264762 -0.21572341465522518

-0.7034490795086773 0.01743358896323373 -0.04675053051605844
-0.7047359528844309 -0.004377091791684916 -0.053171131821281324
-0.7054846999426391 -0.026255943601059817 -0.05956668349832853
-0.7056913970807931 -0.04819479105432204 -0.06593417251764824
-0.7053519173640167 -0.07018522171077343 -0.07227059907038037
-0.7044619448782437 -0.09221855581641877 -0.07857297798160615
-0.7030169912754285 -0.11428581687740125 -0.08483834011670398
-0.7010124144605226 -0.13637770322342035 -0.0910637337801491
-0.6984434393623957 -0.1584845606915792 -0.09724622610609507
-0.6953051807235145 -0.18059635655779058 -0.1033829044400874

-0.806059685596748 -0.24632932564867002 -0.25555142492400557
-0.8066478020998775 -0.22239122870598102 -0.25168847990792276
-0.8066254354691182 -0.19863184286035027 -0.24767921086506905
-0.8060068583857396 -0.17506468442335044 -0.2435259486625186
-0.8048065294534805 -0.1517024060882079 -0.23923110788058904
-0.8030390455455191 -0.12855680212110898 -0.23479718540907724
-0.8007190948603765 -0.1056388160789965 -0.23022675899564463
-0.7978614108181525 -0.08295855100342107 -0.2255224857471921
-0.7944807269254275 -0.06052528203327926 -0.2206871005850996
-0.7905917327337469 -0.03834747137264762 -0.21572341465522518

-0.5532476459103886 0.8519558510866266 0.29958203103495773
-0.5746926665711221 0.8515542545376248 0.29875210715570244
-0.5962719716053146 0.8506241030227145 0.2974805915507523
-0.6179629646648092 0.8491472736372044 0.2957693636738644
-0.6397420295836661 0.8471067188373826 0.29362095292668344
-0.6615845903547707 0.8444865261549555 0.2910385349199805
-0.6834651743663103 0.8412719745241405 0.2880259267797163
-0.7053574787033298 0.8374495870422027 0.2845875815048677
-0.7272344393098182 0.8330071799954105 0.28072858138535683
-0.7490683027976873 0.8279339079941141 0.2764546304898128

-0.6318280346699815 -0.3063402418700457 0.03606676683582174
-0.6373549879992039 -0.3023274051716843 0.05678972139526033
-0.644165641061754 -0.29884849820692616 0.07723504239720447
-0.6522536695020349 -0.29586062623537873 0.09730277676802702
-0.6616055213742986 -0.2933185493830401 0.11689481737940764
-0.6722004440357082 -0.29117502646250815 0.1359153826744045
-0.68401055168826 -0.2893811676362342 0.15427148492427625
-0.6970009333749417 -0.2878867935317691 0.1718733848268367
-0.7111298009996307 -0.2866407983922167 0.18863503022390396
-0.7263486767061138 -0.2855915148350235 0.2044744767930424

-0.7022417544900457 -0.12662050009868978 0.0891935083508314
-0.6955334532340334 -0.1314630043733796 0.0681719989873642
-0.69030510536077 -0.1365005069451209 0.04679100080539383
-0.6865718494233106 -0.14177539876553516 0.025163261412281233
-0.6843399753493964 -0.14732894361877794 0.0034028295464650173
-0.6836069143949526 -0.15320091136211395 -0.01837554633142957
-0.6843612813165221 -0.15942921921453418 -0.04005702313729807
-0.6865829683846665 -0.1660495838355023 -0.061527268761240025
-0.6902432905450545 -0.1730951868707616 -0.08267306497074109
-0.6953051807235145 -0.18059635655779074 -0.10338290444008733

-0.672181159931532 0.19850158910882287 0.02293924837637159
-0.6778758903840091 0.1835686786867041 0.03700780506208374
-0.6838804506307261 0.16863769262165804 0.050994154632687236
-0.6901964545387933 0.15367120711191307 0.06486722857581859
-0.6968221702180515 0.13863158774061 0.07859621000340182
-0.7037525129707397 0.12348123100968633 0.09215060210659713
-0.7109790555023229 0.10818280587726072 0.10550029589974644
-0.7184900553515565 0.09269949409062647 0.11861563710282745
-0.7262704994134755 0.07699522811276747 0.13146749201385058
-0.7343021653452251 0.06103492545202214 0.1440273122248714

-0.7022417544900457 -0.12662050009868978 0.0891935083508314
-0.6963761482056527 -0.14750460523865858 0.08340376878860688
-0.6900051175663552 -0.16817742840962838 0.07758016218613784
-0.6831357088022152 -0.18863116100659275 0.07172505328451523
-0.6757748156143996 -0.20885821619639558 0.06584081961669319
-0.6679291728534074 -0.2288512045833191 0.05992985054206545
-0.6596053519285665 -0.24860290973671587 0.0539945462762393
-0.6508097579487713 -0.2681062636831817 0.048037316916400306
-0.6415486285888033 -0.28735432246550596 0.042060581462665676
-0.6318280346699815 -0.3063402418700457 0.03606676683582174

-0.3709639425335887 -0.5953874886053632 -0.029950106061507848
-0.38325567614645606 -0.5905115648992096 -0.04870905644472886
-0.39615273774425874 -0.5863598204362757 -0.0672742215069118
-0.4096954070634379 -0.582883626319748 -0.08557174113385448
-0.4239189646369394 -0.5800293733093222 -0.10352882001860769
-0.43885336604856057 -0.577738871920571 -0.1210740172721338
-0.4545229511408694 -0.5759497809612983 -0.1381375306455164
-0.47094619023922557 -0.5745960616107378 -0.15465147423296183
-0.4881354692096619 -0.5736084539826982 -0.1705501485507752
-0.5060969149112713 -0.5729149729693831 -0.18577030191781863

-0.19190675456713627 -0.6760153082686995 -0.04035617526826579
-0.21284017619894605 -0.6695573180500055 -0.03920214484128734
-0.23355903485997948 -0.6624556623888059 -0.03804752393380293
-0.254043682496009 -0.6547173893360007 -0.03689232993723682
-0.274274700142034 -0.6463501420622056 -0.03573658025164578
-0.2942329157938774 -0.6373621514867024 -0.03458029228545623
-0.3138994220450187 -0.6277622283749265 -0.03342348345520254
-0.33325559347303824 -0.6175597549118925 -0.03226617118526445
-0.3522831037602806 -0.6067646757594064 -0.031108372907605143
-0.3709639425335887 -0.5953874886053632 -0.029950106061507848

-0.2921913014551148 -0.6690947544576168 0.1309979878948601
-0.27903602268124983 -0.6660630106793505 0.11313503724726588
-0.26647819420077745 -0.6638845308911479 0.09479129531463996
-0.25448293344195383 -0.6626097170549609 0.07604471771065126
-0.2430113076738249 -0.6622833365114249 0.05697497198441185
-0.23202067784261882 -0.6629442200739819 0.03766309905636517
-0.2214650659471548 -0.6646249948970671 0.018191168817743745
-0.2112955434011182 -0.6673518538632224 -0.0013580686428040815
-0.20146063769654862 -0.6711443630083413 -0.020901534703228197
-0.19190675456713627 -0.6760153082686995 -0.040356175268265716

-0.10151624941807658 -0.7198368126947022 0.12429425701152572
-0.11130421586593722 -0.7110756566184443 0.10700954219209818
-0.12103542382924529 -0.7032619454261155 0.08930752342507361
-0.13076157256576038 -0.6964157033429303 0.07125723308046866
-0.14053474404284116 -0.6905509456472336 0.05292906167918276
-0.15040701528561146 -0.6856756239126576 0.03439448339184847
-0.16043006963947753 -0.6817916054835322 0.015725777311787106
-0.17065480941631977 -0.6788946872537508 -0.003004254410986304
-0.18113097238767972 -0.6769746436185387 -0.021722570475514586
-0.19190675456713627 -0.6760153082686995 -0.040356175268265716

0.28679379020987467 0.8513232251207392 0.2822477473357984
0.30634678968977574 0.8348072869090786 0.2788058352019762
0.3252663490277753 0.8179688257765813 0.27507121407433865
0.34355593760522823 0.8008372473662967 0.2710478048076689
0.3612205093502945 0.7834411301380844 0.2667398314458336
0.37826643603765614 0.7658081458189671 0.2621518167870991
0.3947014361881905 0.7479649843412788 0.257288577635796
0.41053449985245155 0.7299372835157911 0.2521552197453158
0.4257758095757857 0.7117495636695133 0.24675713245775005
0.4404366578558302 0.6934251674595496 0.24109998304579877

0.9729608167061695 -0.7942532907693669 -0.15643900861060642
0.9726789853496227 -0.8088336278573944 -0.1405556266303332
0.9714610352506605 -0.8228375111258992 -0.12415022719010689
0.9693005736419138 -0.8362228440915056 -0.10728373922710777
0.9661951434494079 -0.848949499034263 -0.09001880414115641
0.9621461963564145 -0.8609795317763859 -0.07241954314728978
0.957159047872028 -0.8722773878952891 -0.05455131913236859
0.9512428147326092 -0.8828100992987106 -0.03648049390016945
0.9444103350474568 -0.8925474701314133 -0.018274181706543356
0.936678071681022 -0.9014622510299153 -7.347880794884118e-17

0.2762227015909748 0.6799822846358521 0.1386167418983874
0.2926546145860186 0.6810406808286106 0.15183041903916814
0.3095090931474858 0.6823082804444222 0.16465932060928704
0.32680409766112806 0.6837446309840912 0.17707093502144952
0.3445545719509313 0.6853073380300203 0.18903380819650292
0.36277231974535656 0.6869522874652217 0.2005176232757976
0.38146589708538126 0.6886338763527724 0.21149327745155327
0.4006405212348718 0.6903052513302742 0.22193295572052096
0.4202979965719599 0.6919185533369085 0.23181020137403271
0.4404366578558302 0.6934251674595496 0.24109998304579877

0.9687758515006553 0.7885450051699544 0.16713294602462186
0.9694853846737784 0.8041082397885225 0.15042768072128246
0.9691352394618725 0.8190291881535684 0.13307420383342333
0.9677137041044308 0.8332556456469951 0.11514729365116019
0.9652142524450459 0.8467379361630468 0.0967241994599906
0.9616355242376889 0.859429214892647 0.07788430866401576
0.9569812781829015 0.8712857585531744 0.05870880469574274
0.9512603181396996 0.8822672413387599 0.039280317186577436
0.944486393103504 0.8923369949360529 0.019682565905466267
0.9366780716810243 0.9014622510299131 -7.347880794884118e-17

0.7503307138289915 0.5605541715592728 0.2932239374530641
0.7589531007748197 0.5810771160798189 0.2967343843462835
0.7673413157414309 0.6019960324354577 0.29898153169042924
0.7754213077946319 0.6232580846856245 0.29995581261231
0.7831211173289799 0.6448069343685544 0.29965307926552087
0.7903712561435007 0.6665830208936026 0.29807462048924166
0.7971050705241769 0.688523864026413 0.295227156321208
0.8032590853354893 0.7105643867972473 0.2911228093882176
0.8087733272424455 0.7326372570329139 0.2857790532959705
0.813591625314358 0.7546732455932222 0.27921863823796567

0.6394469724376254 0.7173675371085693 0.29745335313848226
0.6534586889969832 0.7009044711281315 0.29708305795325585
0.6670573586845167 0.6841769641423229 0.2966877678548003
0.6802384006477361 0.6671953371234389 0.29626751610062196
0.6929974940175806 0.6499699743603518 0.2958223380483621
0.705330578130209 0.6325113168079997 0.2953522711528215
0.7172338525752822 0.6148298554690793 0.2948573549628096
0.7287037770726204 0.5969361248125659 0.29433763111781724
0.7397370711792526 0.5788406962336099 0.2937931433445129
0.7503307138289915 0.5605541715592728 0.2932239374530641

1.2427050983124843 -3.0437496418649626e-16 0.1763355756877419
1.2368650722860948 0.018682029096705223 0.18392412273611128
1.2305084480409896 0.03718051538285353 0.19132861484760239
1.2236455605028531 0.055480827114210915 0.1985416422637349
1.2162873425443348 0.07356880001675258 0.20555598682690096
1.208445302164848 0.09143076250444114 0.21236462920365698
1.2001314985325786 0.10905355981211123 0.2189607559090493
1.1913585169407277 0.1264245769920132 0.22533776612494508
1.1821394427323526 0.14353176072505233 0.2314892783055456
1.172487834250394 0.16036363990035152 0.23740913656347035

1.172487834250394 0.16036363990035152 0.23740913656347035
1.165647851614421 0.1415294020990317 0.24423639309923117
1.15825603687741 0.1229118081823874 0.25070770691055055
1.15033077326671 0.1045282670603516 0.25681364690061503
1.1418912816703062 0.08639529682746665 0.26254531445735535
1.1329575690023206 0.06852848492777905 0.2678943564220148
1.1235503745157394 0.05094245106156238 0.2728529772627897
1.1136911142128643 0.03365081293806719 0.2774139504358011
1.1034018235093368 0.016666154970370883 0.28157062891684137
1.092705098312484 -2.676355602120756e-16 0.28531695488854614

1.092705098312484 -2.676355602120756e-16 0.28531695488854614
1.1123819780247735 -2.7245500576344815e-16 0.2781551563700363
1.131511344036723 -2.771403491346986e-16 0.2696382138897502
1.15 -2.816687638038914e-16 0.2598076211353317
1.167757871041224 -2.860181877899526e-16 0.2487112717665126
1.1846984425976974 -2.90167431136425e-16 0.23640322608201664
1.2007391819076574 -2.9409627914680494e-16 0.22294344764321833
1.2158019401015954 -2.977855908685123e-16 0.2083975111376992
1.2298133329356933 -3.0121739234568714e-16 0.1928362829059618
1.2427050983124843 -3.0437496418649626e-16 0.1763355756877419

1.1724878342503418 -0.1603636399002455 0.23740913656352136
1.1821394427323062 -0.1435317607249585 0.2314892783055928
1.1913585169406873 -0.1264245769919315 0.22533776612498796
1.200131498532544 -0.10905355981204153 0.21896075590908734
1.2084453021648194 -0.09143076250438335 0.21236462920368973
1.2162873425443121 -0.07356880001670663 0.20555598682692797
1.2236455605028362 -0.05548082711417673 0.19854164226375576
1.2305084480409785 -0.03718051538283102 0.19132861484761668
1.2368650722860894 -0.01868202909669431 0.1839241227361186
1.2427050983124843 -3.0437496418649626e-16 0.1763355756877419

0.6858611353466891 1.0471373889229798 0.16314742188691422
0.6996418305435208 1.0499011286172217 0.14674121272967425
0.7129101743377331 1.0516278431878756 0.12973626538521152
0.7256231482355526 1.052301004498713 0.11220196398329738
0.7377395954665308 1.0519087722685336 0.09420985254105083
0.7492204591946884 1.0504440113450488 0.07583334304675284
0.7600290123974508 1.0479042863745767 0.05714741592190483
0.7701310781314463 1.044291834031332 0.03822831408371587
0.7794952389463344 1.0396135130802284 0.01915323185631453
0.7880930342566311 1.033880732655453 -7.347880794884118e-17

0.7880930342566288 -1.0338807326554549 -7.347880794884112e-17
0.7968267324025524 -1.0264199691805656 0.01877837411712611
0.8047619069392052 -1.017964435773212 0.03748310082419269
0.811877968027483 -1.0085395666103647 0.05604082155089661
0.8181577678607227 -0.9981746155707961 0.07437875427363953
0.8235877303804545 -0.9869024835529844 0.09242497896130195
0.8281579640858365 -0.9747595296511375 0.11010871964034587
0.831862357227423 -0.9617853672197877 0.12736062197300732
0.8346986547624347 -0.9480226459272465 0.14411302525993736
0.8366685165388029 -0.9335168209622792 0.16030022780051684

0.8366685165388029 -0.9335168209622792 0.16030022780051684
0.8200907677816973 -0.9475767517651534 0.1609404109191204
0.8032760481437426 -0.9613413257786128 0.16157956665735568
0.7862296376785531 -0.9748065386229324 0.1622176909351036
0.7689568842587496 -0.9879684806414408 0.16285477967882936
0.751463201870438 -1.0008233380512954 0.16349082882160865
0.7337540688881297 -1.0133673940634365 0.1641258343031536
0.7158350263306658 -1.0255970299713804 0.16475979206983857
0.6977116760987074 -1.0375087262085345 0.16539269807472634
0.6793896791943652 -1.049099063373719 0.16602454827759341

0.6793896791943652 -1.049099063373719 0.16602454827759341
0.6703435323943115 -1.0429068245063504 0.1803140658796167
0.6609086296511167 -1.035977146234773 0.19398980920794598
0.6511121391974157 -1.0283372366078853 0.20700522715528077
0.6409822403169866 -1.0200168683542263 0.21931601630769432
0.630548010698854 -1.0110482843217727 0.23088027174981723
0.619839311420022 -1.0014660937624562 0.24165862970572782
0.6088866700082803 -0.9913071597986102 0.2516144015300133
0.5977211620406502 -0.9806104784415568 0.2607136985929059
0.5863742917353577 -0.9694170495643115 0.2689255476343958

0.5863742917353577 -0.9694170495643115 0.2689255476343958
0.5760803616788435 -0.9815810818619676 0.2663014251757552
0.5655407873892543 -0.9935968549038683 0.26357751356608
0.5547573767101561 -1.0054579745785766 0.26075483351649426
0.5437321226743784 -1.0171580705789247 0.2578344427488843
0.5324672031640466 -1.0286908021501333 0.25481743559954667
0.5209649803870405 -1.04004986383078 0.2517049426091156
0.5092280001701073 -1.051228991180676 0.24849813009892374
0.49725899106906246 -1.0622219664897274 0.2451981997339555
0.4850608632967023 -1.073022624461871 0.24180638807255594

1.1646171680425947 -0.46996717793730947 -0.15662695157806092
1.1770445236315306 -0.4633035344202076 -0.14072860477170276
1.1885213992157808 -0.45610780756993907 -0.1243061981922364
1.199008448051103 -0.44839316158308357 -0.10742088730041469
1.208469928436651 -0.44017520019059564 -0.09013555136807566
1.216873874134711 -0.4314718486867602 -0.072514559321789
1.2241922489095136 -0.42230322470746645 -0.05462353003917172
1.2304010844347641 -0.41269149850775905 -0.03652908799050634
1.235480600893531 -0.4026607435391809 -0.01829861513562914
1.2394153096714098 -0.39223677817374997 -7.347880794884112e-17

1.1642827774966404 0.46276653472185975 0.16140605958487547
1.17696043572322 0.45696285158588795 0.1451332785455379
1.1886412069818073 0.4506153716852944 0.128282445472529
1.1992821084144933 0.443735550207102 0.11092067563000135
1.208844199553338 0.43633749265540356 0.09311711929462595
1.2172927755812566 0.42843783539743263 0.07494268633662267
1.2245975419978705 0.4200556133595692 0.0564697637924968
1.2307327698072477 0.4112121156955619 0.03777192755436276
1.2356774304344011 0.4019307303097607 0.018923649324169404
1.2394153096714098 0.3922367781737494 -7.347880794884118e-17

1.1646171680425947 -0.46996717793730947 -0.15662695157806092
1.1509129507701752 -0.47537603623315233 -0.1728153732008557
1.1362565269302674 -0.48019496129988437 -0.1882830778517991
1.120704591655739 -0.48442047185552867 -0.2029655583227012
1.1043172905002465 -0.48805236624558396 -0.21680158213945802
1.0871579196095316 -0.49109377497414985 -0.22973344692870457
1.0692926122750164 -0.4935511945702388 -0.24170722106237627
1.0507900134630295 -0.495434502441517 -0.2526729685765863
1.0317209439671808 -0.4967569524721515 -0.26258495742680554
1.012158055877062 -0.49753515122768294 -0.2714018502108294

1.012158055877062 -0.49753515122768294 -0.2714018502108294
1.0216067337546921 -0.4790442492985392 -0.27115939272901546
1.030717074622791 -0.460373833860374 -0.27091596367954723
1.0394856653272921 -0.44153010491399747 -0.2706715639346342
1.0479092064926443 -0.4225193274262697 -0.2704261943699638
1.0559845137600767 -0.40334782923918283 -0.2701798558646984
1.06370851898739 -0.3840219989553037 -0.26993254930147215
1.0710782714098128 -0.3645482838002836 -0.26968427556638763
1.0780909387614925 -0.34493318746315577 -0.26943503554901294
1.084743808357191 -0.3251832679151461 -0.26918483014237826

1.084743808357191 -0.3251832679151461 -0.26918483014237826
1.0972087315615862 -0.3412217790844498 -0.2603579279668123
1.1088996604747183 -0.3573699798422016 -0.25050790589403715
1.1197578738999892 -0.37358805253793653 -0.23967347122845215
1.1297282748673427 -0.3898346182101356 -0.22789719968790825
1.138759632338509 -0.406066967637832 -0.21522536809532447
1.1468048033271432 -0.42224130225069617 -0.2017077725261946
1.1538209343956323 -0.43831298356424714 -0.18739753262660439
1.1597696415971162 -0.45423678975402737 -0.17235088287072342
1.1646171680425947 -0.46996717793730947 -0.15662695157806092

0.8425174578886259 0.41812196178121064 0.29405343957823726
0.8511556574105169 0.40263500606813396 0.2942577105856793
0.8595096752498231 0.38697116422427924 0.2944584454334563
0.8675759044737498 0.3711356362706214 0.29465564170929326
0.8753508329200337 0.35513369571883396 0.2948492970434393
0.8828310446969112 0.33897068785342005 0.29503940910869564
0.8900132216521734 0.3226520279831165 0.29522597562044367
0.8968941448106685 0.3061831996621221 0.29540899433667256
0.9034706957796322 0.28956975288171416 0.29558846305800623
0.9097398581212318 0.2728173022328312 0.29576437962772945

0.9097398581212318 0.2728173022328312 0.29576437962772945
0.9239190715683432 0.2902825842526278 0.29833611159991524
0.9379125639184509 0.3082030318419991 0.2997290805757937
0.9516400523412131 0.326554154872882 0.2999377827620932
0.9650223099484976 0.34530753953801746 0.2989613935505784
0.9779815689705429 0.3644309802836649 0.2968037707761804
0.9904419147520525 0.38388863653385086 0.29347343947421206
1.0023296684413505 0.40364121334729774 0.2889835581968953
1.0135737563128013 0.4236461650029643 0.2833518670222888
1.024106063741282 0.4438579203706275 0.27660061746103837

1.024106063741282 0.4438579203706275 0.27660061746103837
1.004525445759617 0.4422420174289177 0.2836917892938649
0.9846059535460986 0.44024090446262093 0.28953508413901624
0.9644285670323328 0.43788298399950265 0.2941047990560315
0.9440749193518415 0.4351990910748261 0.2973808332090726
0.9236269135935087 0.4322223631544715 0.2993487762846068
0.903166339958047 0.4289880956079556 0.29999997187814975
0.8827744951511662 0.4255335833775136 0.29933155557125035
0.8625318058294708 0.4218979495706305 0.2973464675312278
0.8425174578886259 0.41812196178121064 0.29405343957823726

0.619098267412112 -0.6349606768091695 0.27783324186347313
0.6386647372244411 -0.634351634298681 0.2829005272009154
0.6585312271951805 -0.6334325168103452 0.2873277956751003
0.6786727782042257 -0.6321699971878225 0.2911050313044046
0.6990624091268837 -0.6305318665854074 0.2942236887017866
0.7196712025615183 -0.6284871693187157 0.2966767124073474
0.7404683987902584 -0.6260063324224413 0.2984585528501721
0.7614214976078474 -0.6230612893953622 0.2995651789033402
0.7824963676216137 -0.6196255976366388 0.2999940870037006
0.8036573625950415 -0.6156745491032852 0.2997443068157797

0.8036573625950415 -0.6156745491032852 0.2997443068157797
0.7977824350806572 -0.5990276338545788 0.299990738272433
0.7916664866288412 -0.5825559889359884 0.2995126860416018
0.7853412605676581 -0.5662834758041849 0.2983113046290719
0.7788392538957142 -0.5502327389836829 0.29638949539520143
0.7721936164031963 -0.5344251416612315 0.29375189954807696
0.7654380470973902 -0.5188807062435249 0.2904048869349026
0.7586066882710142 -0.5036180600649053 0.28635654065869015
0.7517340175606028 -0.48865438641315195 0.2816166375574023
0.74485473834991 -0.4740053810223188 0.2761966245926917

0.74485473834991 -0.4740053810223188 0.2761966245926917
0.7327895685142152 -0.49323400959352937 0.2763812324821184
0.7202280958685234 -0.5121556232739723 0.2765651510543365
0.7071781295232412 -0.530757413703111 0.27674837985063816
0.6936478091225717 -0.5490267710378153 0.276930918414036
0.6796455998015338 -0.5669512924822108 0.27711276628926396
0.6651802869228414 -0.5845187906895317 0.2772939230227786
0.6502609705968886 -0.6017173020302938 0.27747438816276054
0.6348970599882328 -0.6185350947211857 0.27765416125911496
0.619098267412112 -0.6349606768091695 0.27783324186347313

0.8383580755894142 0.9301119596825209 -0.16249829875377544
0.836328994761819 0.9450879206595236 -0.1461416347714548
0.8334008330100827 0.9593040792917684 -0.12919400854596394
0.8295717281720469 0.9727120485058451 -0.11172395227366351
0.8248440221762755 0.9852663913651172 -0.09380211073459263
0.8192241978563565 0.9969248752754426 -0.07550095562166921
0.8127227948652039 1.0076487121758557 -0.05689449248228603
0.8053543052905062 1.0174027833865882 -0.03805796145736192
0.7971370496764444 1.0261558478594899 -0.019067533027988325
0.7880930342566311 1.033880732655453 -7.347880794884118e-17

1.084743808357191 -0.3251832679151461 -0.26918483014237826
1.1037519231106285 -0.3241056009454043 -0.2596033143062835
1.1221190863640937 -0.3226330679190606 -0.24883107286701703
1.1397643430977926 -0.3207552140437147 -0.23691751499225283
1.1566097834749334 -0.3184642867563433 -0.2239172847393068
1.1725809279827955 -0.3157552352915546 -0.20989001041859046
1.1876070968549974 -0.3126256936870794 -0.19490003109573176
1.2016217619068592 -0.30907594749180817 -0.17901610148681918
1.2145628789994019 -0.3051088845365168 -0.16231107660032912
1.2263731994403348 -0.30072993021963834 -0.14486157757219403

1.2263731994403348 -0.30072993021963834 -0.14486157757219403
1.2207279426919504 -0.320001536644141 -0.14618401123243585
1.2147736741362376 -0.33916791832601684 -0.14750273027449903
1.208512360711443 -0.3582240280110533 -0.14881770118898888
1.201946053266444 -0.3771648555264487 -0.1501288905617528
1.1950768858535583 -0.3959854292005807 -0.15143626507472924
1.187907074996897 -0.41468081726911227 -0.15273979150679445
1.1804389189365279 -0.4332461292670065 -0.15403943673460652
1.172674796848726 -0.4516765174060276 -0.15533516773344722
1.1646171680425947 -0.46996717793730947 -0.15662695157806092

1.07786990541737 0.6360876352605992 -0.16344981495464286
1.0807001375979992 0.6507552910608018 -0.14702060407279616
1.0824413106919066 0.66496200817101 -0.12998900605860542
1.0830761180621726 0.6786622760373863 -0.11242480443358256
1.0825922178116845 0.6918121874246974 -0.09439996495460592
1.080982253109 0.7043697007251546 -0.07598834074881489
1.078243847912061 0.7162948949257237 -0.05726536971538743
1.0743795782500576 0.7275502157742615 -0.038307765434035135
1.069396919347541 0.7381007117241374 -0.01919320284665593
1.0633081689967339 0.7479142582842058 -7.347880794884112e-17

0.1433395639422573 1.2416251247363062 0.16602454827749255
0.16518214948995433 1.2391807836854258 0.16561748855134717
0.1869829854079569 1.236351480748103 0.16520998977010642
0.2087352744936459 1.2331379298912153 0.1648020530140573
0.23043223176427768 1.2295409653200475 0.1643936793646478
0.2520670865878775 1.2255615412690548 0.16398486990448427
0.2736330848105489 1.2212007317547902 0.16357562571732828
0.2951234908795259 1.216459730291061 0.16316594788809397
0.3165315899612986 1.211339849566382 0.16275583750284497
0.33785069005414065 1.2058425210838164 0.1623452956487916

0.33785069005414065 1.2058425210838164 0.1623452956487916
0.329460049680994 1.2183153296511358 0.14600034328599887
0.32060397775802896 1.2297110219983245 0.12906625026265986
0.3113020499255168 1.2399856777745224 0.11161134903967838
0.30157627651495506 1.2490998642550903 0.09370607364347396
0.2914509352697988 1.257018834118999 0.07542267545056242
0.2809523917186658 1.2637127015847822 0.05683493163876373
0.2701089083116196 1.2691565959949482 0.03801784748149636
0.2589504434900638 1.2733307920485857 0.019047353686459007
0.24750844191407234 1.2762208159959108 -7.347880794884112e-17

0.24750844191407234 1.2762208159959108 -7.347880794884112e-17
0.23651821834155812 1.2776557222058649 0.019534801259833274
0.22530086020896845 1.277744672447335 0.03898668513825585
0.21389050436101828 1.2764901454804618 0.05827308620482116
0.20232194710291573 1.273900509301766 0.07731214143712078
0.1906304015435933 1.2699899949500806 0.09602303769641841
0.1788512538929834 1.2647786417314515 0.11432635474694952
0.16701982021470999 1.2582922140865305 0.13214440236290756
0.15517110512865823 1.2505620904678332 0.14940155009223344
0.1433395639422573 1.2416251247363062 0.16602454827749255

-0.2492584590380293 -0.8126967202605863 0.259843520582043
-0.2698010535341685 -0.8214037747007781 0.2676959853918377
-0.290918967348637 -0.8299977268117102 0.2747382312017381
-0.31260742951376214 -0.8384140370375893 0.2809489436788127
-0.3348572148622144 -0.8465877949458489 0.2863093252410042
-0.3576546387334969 -0.8544540745082488 0.29080315195061696
-0.380981577648264 -0.8619482895518393 0.2944168226183129
-0.40481551587234343 -0.8690065474142997 0.29713939996899597
-0.4291296176465184 -0.8755659988487026 0.29896264374499115
-0.453892824713527 -0.8815651822441891 0.29988103564632623

-0.453892824713527 -0.8815651822441891 0.29988103564632623
-0.4424737191595982 -0.89400495488891 0.29998967319158765
-0.4307736811867795 -0.9063039514569828 0.29997992668957935
-0.41879333305696514 -0.9184542417416639 0.2998517999865349
-0.40653354685674103 -0.9304478504640769 0.2996053436447203
-0.3939954471060522 -0.9422767657197988 0.2992406549224809
-0.38118041307129846 -0.9539329475317306 0.29875787773586054
-0.3680900807789532 -0.9654083364987462 0.2981572026018081
-0.35472634472617687 -0.976694862529472 0.2974388665629949
-0.3410913592852787 -0.9877844536504268 0.29660315309427077

0.6210357640659406 -1.1420659261842259 -7.347880794884107e-17
0.6063850888162237 -1.149355088401137 -0.017181362617358236
0.591201542316935 -1.1555811623860819 -0.034306324227281144
0.5755228321047671 -1.1607308041546132 -0.051318668969094615
0.5593882632648794 -1.1647945394709982 -0.06816255066786811
0.5428385232536843 -1.1677668280102067 -0.08478267615983526
0.5259154610467598 -1.169646109814469 -0.10112448680245271
0.5086618617501074 -1.1704348337711832 -0.11713433757325711
0.49112121783295415 -1.1701394679240231 -0.13275967316959456
0.4733374981544937 -1.1687704915151842 -0.147949200531143

0.4733374981544937 -1.1687704915151842 -0.147949200531143
0.4888124151552105 -1.1583664158798865 -0.15429694587731127
0.5040232674395527 -1.147618743127882 -0.16055211572883246
0.5189622807126514 -1.136535992657533 -0.1667109570921537
0.5336219864437465 -1.1251269198453997 -0.17276977476914632
0.5479952297811531 -1.1134005043956021 -0.17872493357416078
0.5620751770137669 -1.1013659384028647 -0.18457286051507502
0.5758553225684973 -1.089032614147047 -0.1903100469370279
0.5893294955337204 -1.0764101116373628 -0.19593305062755126
0.6024918656995616 -1.0635081859248523 -0.20143849788183785

0.6024918656995616 -1.0635081859248523 -0.20143849788183785
0.6081574452637817 -1.078358083582297 -0.18260064878020077
0.612988677397622 -1.0918458278135739 -0.16254172410718093
0.6169474492487957 -1.1038843102657383 -0.14139586064197415
0.6200017847365702 -1.1143959515628985 -0.11930446367248951
0.6221260204618781 -1.1233132438138804 -0.09641526139880384
0.6233009374611919 -1.1305792264019845 -0.07288131705443543
0.6235138481876721 -1.1361478917052314 -0.048860005351517875
0.622758638414398 -1.139984517862033 -0.024511960094525217
0.6210357640659406 -1.1420659261842259 -7.347880794884107e-17

0.9729608167061695 -0.7942532907693669 -0.15643900861060642
0.9863098117996368 -0.7921547836385833 -0.1405556266303332
0.9989142442696255 -0.7892835012347543 -0.12415022719010689
1.010734211438929 -0.7856389761652329 -0.10728373922710777
1.02173250870007 -0.7812240317611907 -0.09001880414115641
1.0318748161382651 -0.7760447288144042 -0.07241954314728978
1.041129873670225 -0.7701102976250461 -0.05455131913236859
1.0494696438291482 -0.7634330557981736 -0.03648049390016945
1.0568694613788723 -0.7560283122920516 -0.018274181706543356
1.0633081689967325 -0.7479142582842074 -7.347880794884107e-17

0.9687758515006553 0.7885450051699544 0.16713294602462186
0.9830362159463195 0.7874844573258579 0.15042768072128246
0.9964601288775528 0.7855565765568037 0.13307420383342333
1.0089979049673452 0.7827566747627367 0.11514729365116019
1.0206033779892731 0.7790843539037282 0.0967241994599906
1.0312341622003665 0.7745434523626127 0.07788430866401576
1.0408518966676692 0.7691419693746248 0.05870880469574274
1.0494224711630595 0.7628919681218078 0.039280317186577436
1.0569162323393968 0.7558094582013819 0.019682565905466267
1.0633081689967339 0.7479142582842058 -7.347880794884112e-17

0.936678071681022 -0.9014622510299153 -7.347880794884118e-17
0.9288329065235879 -0.9087024960694816 0.01877837411712611
0.9200993961778405 -0.915046676685224 0.03748310082419269
0.9105034468004536 -0.9204788784929019 0.05604082155089661
0.9000743320481045 -0.9249869691346496 0.07437875427363953
0.8888445189160923 -0.9285626973280249 0.09242497896130195
0.8768494798020086 -0.9312017739971566 0.11010871964034587
0.8641274918170752 -0.9329039349557903 0.12736062197300732
0.8507194244248883 -0.9336729847003726 0.14411302525993736
0.8366685165388029 -0.9335168209622792 0.16030022780051684

1.159259033590874 0.46722336628542027 -0.16602454827898394
1.1679714069865392 0.44860300571974837 -0.1640687364474831
1.176370150654412 0.42981716039848683 -0.16210292455527442
1.1844520241324124 0.4108713269364737 -0.16012723241944612
1.192213887014759 0.39177106769830367 -0.15814178045929148
1.1996527003342556 0.37252200890415876 -0.15614668968896933
1.206765527907228 0.3531298387056341 -0.1541420817101282
1.2135495376404357 0.33360030523232825 -0.1521280787044946
1.220002002799307 0.3139392146099807 -0.150104803426426
1.2261203032368673 0.2941524289509528 -0.14807237919542884

1.2261203032368673 0.2941524289509528 -0.14807237919542884
1.2141628465990049 0.2998657335185803 -0.16485597587308393
1.201139334170063 0.30516720924091073 -0.18093051339113284
1.1871037815469563 0.3100482630702568 -0.196226853836902
1.1721144246698552 0.31450279342743886 -0.2106792063875591
1.156233438472141 0.31852726938256043 -0.22422541028187232
1.139526637813814 0.32212079502255125 -0.23680720217877488
1.1220631621723913 0.3252851585049364 -0.24837046675280472
1.1039151456405882 0.3280248653826543 -0.2588654694485856
1.085157373847568 0.3303471558728229 -0.26824707039325496

1.085157373847568 0.3303471558728229 -0.26824707039325496
1.0964528428651938 0.3454834473949427 -0.2600412814377795
1.1070802334126593 0.36071580149617566 -0.2509673594576575
1.1169935945855278 0.3760123017476315 -0.24105559722521527
1.1261496237113864 0.3913398567575194 -0.23033908459479746
1.1345078291273003 0.4066643577357333 -0.21885359803417148
1.1420306807375673 0.42195084241855574 -0.2066374811868245
1.14868374774701 0.43716366457821115 -0.19373151686389126
1.154435823022022 0.4522666683126582 -0.18017879089305927
1.159259033590874 0.46722336628542027 -0.16602454827898394

0.0497935537970447 -1.2990460353660531 -7.347880794884124e-17
0.060984374447149464 -1.2979671209681025 -0.01898008019345674
0.0720936242491239 -1.2955940943971889 -0.03788411255069051
0.08308990658404705 -1.2919361937538985 -0.05663635393774186
0.09394245774219571 -1.2870079480338623 -0.07516166940432188
0.10462135612037805 -1.2808291074093427 -0.09338583322839884
0.11509772669683203 -1.2734245494287482 -0.11123582631776303
0.12534393956775994 -1.2648241615950024 -0.128640128776966
0.13533380136188522 -1.2550627008972999 -0.1455290064674003
0.14504273838828538 -1.2441796309815156 -0.16183479041235457

0.14504273838828538 -1.2441796309815156 -0.16183479041235457
0.15668385859091016 -1.2525764605131886 -0.1455290064674003
0.16833678296185364 -1.2598229996483319 -0.12864012877696604
0.17996940207399248 -1.2658864815202502 -0.11123582631776305
0.1915491405370912 -1.2707390594858499 -0.09338583322839884
0.2030431664195384 -1.2743579231280766 -0.07516166940432188
0.2144186034334051 -1.2767253909158087 -0.05663635393774187
0.2256427446526785 -1.2778289791203876 -0.037884112550690525
0.23668326652272742 -1.2776614467021639 -0.01898008019345675
0.24750844191406698 -1.2762208159959119 -7.347880794884112e-17

0.24750844191406698 -1.2762208159959119 -7.347880794884112e-17
0.22574263096700786 -1.2802500789158708 -7.347880794884113e-17
0.20391136995325354 -1.2839081560624916 -7.347880794884114e-17
0.18202098845921594 -1.2871939868412725 -7.347880794884117e-17
0.1600778332122392 -1.290106618583935 -7.347880794884117e-17
0.13808826624048046 -1.292645206824633 -7.347880794884118e-17
0.11605866302835124 -1.2948090155447913 -7.347880794884119e-17
0.09399541066806087 -1.2965974173865005 -7.34788079488412e-17
0.07190490600779126 -1.298009893834408 -7.347880794884121e-17
0.0497935537970447 -1.2990460353660531 -7.347880794884124e-17

1.07786990541737 0.6360876352605992 -0.16344981495464286
1.0670119404861054 0.6545751314963718 -0.16309756084001173
1.055836430946016 0.6728769987987399 -0.1627449872260367
1.044346555044519 0.6909877751771994 -0.16239209480339062
1.032545585114606 0.7089020531361442 -0.16203888426337057
1.0204368866391476 0.7266144812979044 -0.16168535629789715
1.0080239172871621 0.7441197660096974 -0.16133151159951253
0.9953102259223156 0.7614126729340052 -0.1609773508613795
0.982299451583948 0.778488028621897 -0.16062287477727982
0.9689953224409157 0.795340722068825 -0.16026808404161305

0.33785069005414065 1.2058425210838164 0.1623452956487916
0.35015627578836234 1.2125290715379913 0.14600034328599887
0.36228805095745376 1.2180818840750747 0.12906625026265986
0.37421037931790296 1.2224729196937336 0.11161134903967838
0.3858879765756127 1.2256790734009817 0.09370607364347396
0.3972861278085988 1.2276822592390826 0.07542267545056242
0.4083709038004304 1.2284694719399287 0.05683493163876373
0.4191093750514495 1.2280328249891217 0.03801784748149636
0.4294698222414784 1.2263695649952555 0.019047353686459007
0.4394219419310565 1.223482062373429 -7.347880794884118e-17

0.4394219419310565 1.223482062373429 -7.347880794884118e-17
0.4185262811650351 1.2307866395010005 -7.347880794884117e-17
0.39750927613675197 1.2377343719010294 -7.347880794884117e-17
0.3763770203535563 1.2443232452018964 -7.347880794884117e-17
0.3551356407377068 1.2505513490768057 -7.347880794884114e-17
0.33379129584997946 1.2564168777976488 -7.347880794884114e-17
0.3123501741041022 1.2619181307585436 -7.347880794884113e-17
0.2908184919725343 1.2670535129688962 -7.347880794884113e-17
0.2692024921841104 1.271821535515838 -7.347880794884112e-17
0.24750844191407234 1.2762208159959108 -7.347880794884112e-17

-0.8694126895719283 0.1254329894073641 0.27425707297951984
-0.884923184119525 0.11675788883264326 0.2801136162517693
-0.9006278253903269 0.10775887103684097 0.2852377595505337
-0.9164837956313737 0.09842257369829903 0.28961610501794965
-0.9324472221704156 0.08873747064155456 0.29323720479886783
-0.9484733303159203 0.07869392857455178 0.296091590973024
-0.9645165998108235 0.06828425541577246 0.29817180031036816
-0.9805309242479416 0.057502740012458996 0.29947239378482254
-0.996469772843268 0.04634568308685304 0.29998997079544903
-1.0122863539540419 0.034811419283719905 0.29972317805784143

0.6024918656995616 -1.0635081859248523 -0.20143849788183785
0.6179096871501062 -1.0612113188189123 -0.1949779479220418
0.6332608866896018 -1.0585366688658524 -0.1883568997713998
0.6485344117372517 -1.0554828150830526 -0.18158080361677154
0.6637191747779418 -1.0520487585888711 -0.17465523727444546
0.6788040697885148 -1.0482339246274068 -0.16758590159869965
0.6937779887252585 -1.044038163927522 -0.1603786157890821
0.7086298380457098 -1.0394617533939716 -0.1530393126002746
0.7233485552378197 -1.034505396129563 -0.14557403345848147
0.7379231253295017 -1.0291702207883742 -0.1379889234883653

0.7379231253295017 -1.0291702207883742 -0.1379889234883653
0.7276457874826127 -1.0449411802009747 -0.12365459659468586
0.7166415679543473 -1.0599847703519782 -0.10897161567842976
0.7049279335177463 -1.0742636170482036 -0.09398138057834823
0.6925249181087324 -1.0877424306875254 -0.07872615746093196
0.6794550166539464 -1.1003881642607667 -0.06324895964757515
0.6657430682504245 -1.112170162468099 -0.04759342633507634
0.6514161292573599 -1.123060301272821 -0.031803699551433695
0.636503336904793 -1.1330331172565904 -0.01592429969386745
0.6210357640659406 -1.1420659261842259 -7.347880794884107e-17

0.9729608167061695 -0.7942532907693669 -0.15643900861060642
0.9860415158590862 -0.777809672429656 -0.15658567001423623
0.9988443085400329 -0.7611506596218144 -0.15673227999969486
1.0113656485531697 -0.7442809491432664 -0.1568788385188397
1.0236020690823568 -0.7272052961638966 -0.15702534552354533
1.035550183651799 -0.7099285128844455 -0.15717180096570307
1.0472066870640144 -0.6924554671791007 -0.15731820479722122
1.058568356314868 -0.6747910812226671 -0.15746455697002504
1.0696320514854172 -0.6569403301026977 -0.1576108574360567
1.0803947166103218 -0.6389082404169867 -0.15775710614727545

0.9097398581212318 0.2728173022328312 0.29576437962772945
0.9293600209346626 0.2751026287903951 0.29841702647353835
0.9491342723878099 0.277288762458081 0.2997912283632033
0.9689816522448785 0.27935094063499544 0.29988109809419
0.9888206636543934 0.28126549274286017 0.29868625065661586
1.0085696293431183 0.2830099440691833 0.29621180488266685
1.028147049292701 0.28456311196378437 0.292468361517067
1.04747195831537 0.28590519397286096 0.2874719578025498
1.0664642819426533 0.28701784754048565 0.28124399877489076
1.085045189045822 0.28788426095471553 0.2738111655618393

-0.06510343332090544 -1.156369872210504 0.2548968786416503
-0.04493542627695213 -1.1617123229616348 0.2521257621471346
-0.02459863822328349 -1.1666532081131797 0.24927939088388762
-0.0041018271096371515 -1.1711869557449948 0.2463586144398662
0.016546060600012152 -1.1753082086749649 0.2433643046115656
0.0373358958755436 -1.1790118309066038 0.2402973551438047
0.05825837329026309 -1.182292913894456 0.2371586814629603
0.07930401740598743 -1.1851467826196749 0.23394922040372929
0.10046318936740171 -1.187569001468364 0.23066992992950147
0.12172609369919869 -1.1895553799054808 0.22732178884642557

0.07127915363411627 -1.015813223421827 0.29944065946279014
0.05793690872876541 -1.0331006787983585 0.29798363340756034
0.04411895480046963 -1.050105829502369 0.2956276579428049
0.02983072736029235 -1.066769516990461 0.2923798405150928
0.015080615737877825 -1.0830331461192693 0.2882499790570337
-0.00012007153052667939 -1.0988389325206105 0.2832505324291252
-0.01575715643946332 -1.1141301466233442 0.2773965828341804
-0.03181365612876515 -1.1288513532127598 0.27070579031772474
-0.04826986205405756 -1.142948645438853 0.26319833949162136
-0.06510343332090544 -1.156369872210504 0.2548968786416503

-0.06510343332090544 -1.156369872210504 0.2548968786416503
-0.06024404586084184 -1.1715951098539212 0.24499287585314258
-0.055209291895302805 -1.1861825347162764 0.2342141134095162
-0.05000614048039223 -1.200079583703429 0.2225990774360716
-0.04464265363881503 -1.2132361311368307 0.21018924001572925
-0.03912793354277404 -1.2256046769054245 0.1970289111108262
-0.0334720642247442 -1.2371405247663 0.18316508035211812
-0.0276860481220581 -1.2478019501099291 0.16864724925988755
-0.02178173778599733 -1.2575503565462656 0.15352725449622134
-0.015771763109313944 -1.266350420710994 0.13785908277954478

-0.015771763109313944 -1.266350420710994 0.13785908277954478
0.00032814893844663085 -1.2603528035372469 0.14905165361824324
0.016266909409105752 -1.2536816457079707 0.15997521563294934
0.03202433902799656 -1.2463521126179427 0.17061005394965753
0.04758095482549969 -1.2383806641186874 0.18093697478366655
0.062918030784087 -1.2297850090639109 0.19093734008057323
0.07801765604207929 -1.2205840563384354 0.2005931011542831
0.09286279047147887 -1.2107978625155493 0.20988683126132748
0.10743731745539334 -1.2004475762977522 0.2188017570526967
0.12172609369919869 -1.1895553799054808 0.22732178884642557

-0.14002360136943004 -0.9885019178856034 0.2999955717835194
-0.133186465276566 -1.0082990596202568 0.2995146861686077
-0.1259817595137214 -1.0279875710165338 0.29787085837832955
-0.11840343348300371 -1.047490383566166 0.29507047099342165
-0.11044825698871125 -1.0667307067963185 0.29112439723228584
-0.10211582723528052 -1.085632372313066 0.28604795873294475
-0.09340855866259301 -1.1041201754844125 0.2798608660628737
-0.0843316557164293 -1.1221202131449812 0.2725871421876939
-0.0748930687468245 -1.1395602157223301 0.2642550291958808
-0.06510343332090544 -1.156369872210504 0.2548968786416503

0.1433395639422573 1.2416251247363062 0.16602454827749255
0.12288527051976646 1.2440672505994674 0.16564771479886126
0.10238936404371013 1.2461718053308828 0.16527050494955875
0.08185742571859471 1.2479380794705797 0.1648929195866492
0.06129504885541149 1.249365456000816 0.16451495956805004
0.040707837337750595 1.250453410552919 0.16413662575252988
0.020101404084371898 1.2512015115886286 0.16375791899970674
-0.000518630491335688 1.2516094205558799 0.16337884017004592
-0.021146640024585262 1.251676892018976 0.16299939012485812
-0.04177699374468358 1.2514037737631016 0.16261956972629754

0.08224237321785106 1.1264210671761727 0.270648505386891
0.08874029245116828 1.1419231348113859 0.262428513316471
0.09534215095979286 1.156870616943138 0.25327001328813037
0.10203569852434595 1.1712081358070583 0.24320575831734986
0.10880784540681233 1.1848825223079558 0.23227174061877576
0.11564473007285106 1.1978430125665198 0.22050706288933872
0.12253179145136202 1.2100414352644198 0.20795379846753348
0.1294538453851665 1.2214323890811074 0.194656840868965
0.13639516490536271 1.231973409554184 0.18066374323625742
0.1433395639422573 1.2416251247363062 0.16602454827749255

0.4170932527648681 -0.9148082466167611 0.29995129081083427
0.43742726592013154 -0.906934528854718 0.2999203508660035
0.45761541374708214 -0.8986084337222708 0.2998818426757464
0.47764760627995156 -0.889832562790033 0.2998357672117857
0.4975137966196294 -0.8806097436179099 0.2997821256367981
0.5172039860243892 -0.8709430291512971 0.29972091930438516
0.5367082289959119 -0.8608356970017664 0.29965214975903853
0.556016638357962 -0.850291248612118 0.2995758187361018
0.5751193903250631 -0.8393134083057534 0.29949192816172593
0.5940067295585164 -0.82790612222037 0.2994004801528212

0.7671435884688118 -0.7659322476995737 0.2879858035579631
0.772605520274142 -0.7492684099684944 0.2901471074274235
0.7777058612518277 -0.7325708411763967 0.29209747559342897
0.7824484728262984 -0.7158509677797807 0.29383549014668253
0.7868376182063218 -0.6991200041299451 0.2953598875580536
0.7908779522677174 -0.6823889367903135 0.2966695595971581
0.7945745108083996 -0.6656685092965728 0.29776355413803707
0.7979326991948577 -0.6489692073851104 0.2986410758513485
0.8009582804202184 -0.6323012447144205 0.2993014867825682
0.8036573625950415 -0.6156745491032852 0.2997443068157797

-0.42942123585082465 -0.7314189616208899 0.25873688805828804
-0.4322623312910754 -0.7467505800133305 0.26680747010275824
-0.43514253890117255 -0.7625157470235744 0.2740464317814857
-0.4380312514766226 -0.7786757765548336 0.28043120975335956
-0.4408982638600835 -0.7951902896594473 0.2859419031085961
-0.4437138866258558 -0.8120173441610645 0.29056133539849305
-0.446449056544285 -0.8291135704741097 0.2942751081732283
-0.44907544341245254 -0.846434313160138 0.29707164586082846
-0.4515655528545106 -0.8639337777380522 0.2989422318474233
-0.453892824713527 -0.8815651822441891 0.29988103564632623

-0.015771763109313944 -1.266350420710994 0.13785908277954478
0.0032680346005036745 -1.2679182386520256 0.13497244396201577
0.022350848408355342 -1.2691682060016412 0.13207005112314527
0.04147094474518165 -1.2700992344964022 0.12915224303103573
0.06062256260867232 -1.270710347457025 0.1262193602530623
0.07979991590286954 -1.27100068048127 0.1232717451161216
0.09899719579527425 -1.2709694820844422 0.12030974166667537
0.1182085730902101 -1.2706161142870709 0.11733369563059319
0.13742820061720695 -1.269940053149352 0.11434395437279922
0.156650215633145 -1.2689408892519762 0.11134086685672775

0.156650215633145 -1.2689408892519762 0.11134086685672775
0.15294901128977528 -1.2630203440998793 0.12602094994594
0.14918494374559604 -1.2563219358930997 0.14034324128547468
0.14536570735464302 -1.2488651562902826 0.15426707781351587
0.14149905565367057 -1.2406716666679785 0.16775292773923245
0.13759276951218724 -1.23176523693333 0.18076250277926464
0.13365462550278473 -1.222171678214636 0.19325886686371183
0.12969236460932623 -1.2119187696218148 0.20520654100299096
0.12571366138865364 -1.2010361792861564 0.21657160401783224
0.12172609369919869 -1.1895553799054808 0.22732178884642557

0.14504273838828538 -1.2441796309815156 -0.16183479041235457
0.16601220689833754 -1.2412526266209714 -0.1623025628816954
0.18692405075542912 -1.237971458616571 -0.16276977813267948
0.20777227593322664 -1.2343372420524525 -0.16323643456125989
0.2285509097172477 -1.2303511936660194 -0.16370253056530834
0.24925400243231075 -1.226014631444316 -0.16416806454462063
0.26987562916239666 -1.2213289741909854 -0.16463303490092202
0.2904098914624112 -1.2162957410639537 -0.1650974400378729
0.3108509190613555 -1.2109165510839934 -0.16556127836107415
0.33119287155640553 -1.2051931226143233 -0.1660245482780725

1.172487834250394 0.16036363990035152 0.23740913656347035
1.1556208239139918 0.15986663111302626 0.24947081949683395
1.137975290696781 0.1592086275431737 0.26034899811833234
1.1196343821586197 0.1583977062918212 0.2699920657056653
1.1006845056776016 0.15744292862192769 0.27835427497627596
1.0812149157605233 0.1563543063625735 0.28539595511516297
1.0613172879653383 0.1551427625165753 0.29108369997557165
1.0410852814735114 0.1538200862202854 0.2953905265597282
1.0206140924035174 0.15239888223746617 0.2982960030277762
1.000000000000004 0.15089251520154 0.29978634562763246

1.000000000000004 0.15089251520154 0.29978634562763246
1.0114914593096216 0.13545327378561312 0.2992973431465987
1.0227242590995986 0.11967080085807774 0.2985260405886166
1.0336815074878083 0.10354892905137557 0.2974731654535335
1.0443463769489956 0.08709224797222705 0.2961397108231072
1.0547021402298773 0.07030610272442325 0.29452693442432204
1.0647322061920883 0.05319659074117134 0.2926363574430884
1.0744201555030066 0.035770556931638574 0.2904697630894467
1.0837497760947963 0.018035587150118115 0.2880291949156258
1.092705098312484 -2.676355602120756e-16 0.28531695488854614

0.6858611353466891 1.0471373889229798 0.16314742188691422
0.7028768987978986 1.0355410296416132 0.16346816965219627
0.7196965469018799 1.0236679412475664 0.16378865186693273
0.7363155756489157 1.0115214414692562 0.16410886801050714
0.7527295371782461 0.9991049213970001 0.16442881756273522
0.7689340409738573 0.986421844532316 0.16474850000386573
0.784924755044167 0.9734757458177141 0.16506791481458144
0.800697407085282 0.9602702306472616 0.1653870614759998
0.816247785627522 0.9468089738581897 0.16570593946967385
0.8315717411648943 0.9330957187038333 0.1660245482775931

1.3 -3.184081677783119e-16 -7.347880794884118e-17
1.2995244680038909 0.016725040747562717 0.01485296302355209
1.2980991575081426 0.03341892916443644 0.029669495711351357
1.2957279203831027 0.050050645065104385 0.044413257081490326
1.2924171610721698 0.06658943201603972 0.059048084640591546
1.2881758136420727 0.083004927867939 0.07353808308070749
1.2830153097751162 0.09926729368139658 0.08784771232088627
1.276949537824682 0.11534734052039747 0.1019418746774608
1.269994793089128 0.13121665359644127 0.11578600094925615
1.2621697194924815 0.14684771325658905 0.12934613520657076

1.2621697194924815 0.14684771325658905 0.12934613520657076
1.2612901458604107 0.1303172840192546 0.13480943923519303
1.2600847847041496 0.11382394091582083 0.14021728430747804
1.2585554891179045 0.09737482974735413 0.1455674457020305
1.2567043070218078 0.08097702910656986 0.15085772242781556
1.25453347878004 0.06463754452762517 0.1560859381296194
1.2520454346333811 0.04836330271843768 0.16124994198337536
1.2492427919490314 0.03216114588154305 0.1663476095809864
1.2461283522907411 0.01603782612940647 0.17137684380428106
1.2427050983124843 -3.0437496418649626e-16 0.1763355756877419

1.2427050983124843 -3.0437496418649626e-16 0.1763355756877419
1.2544144288469279 -3.072429230183292e-16 0.15897577926996145
1.264884277857678 -3.098072964340435e-16 0.14084146883576718
1.2740636372927803 -3.120555910641277e-16 0.12202099292274005
1.2819077862357724 -3.139768534431417e-16 0.10260604299770056
1.2883785087814956 -3.155617233738998e-16 0.0826912067450997
1.2934442802201418 -3.1680247952940985e-16 0.06237350724532774
1.297080420622471 -3.176930770704024e-16 0.04175193028801958
1.2992692150779472 -3.182291770951805e-16 0.02092694212323753
1.3 -3.184081677783119e-16 -7.347880794884118e-17

1.3 -3.184081677783119e-16 -7.347880794884118e-17
1.2995244680039069 -0.016725040747076567 -0.014852963023354981
1.2980991575082066 -0.03341892916346531 -0.029669495710958452
1.2957279203832468 -0.050050645063651936 -0.044413257080904524
1.2924171610724249 -0.06658943201411135 -0.059048084639817165
1.2881758136424697 -0.08300492786554191 -0.0735380830797503
1.2830153097756853 -0.09926729367853959 -0.08784771231975336
1.2769495378254523 -0.11534734051709118 -0.10194187467616074
1.2699947930901279 -0.13121665359269774 -0.11578600094779873
1.2621697194937378 -0.14684771325242196 -0.12934613520496713

1.2621697194937378 -0.14684771325242196 -0.12934613520496713
1.2612901458615076 -0.13031728401554746 -0.13480943923378186
1.2600847847050916 -0.11382394091257461 -0.14021728430625627
1.2585554891186965 -0.09737482974456971 -0.1455674457009949
1.2567043070224546 -0.08097702910424803 -0.15085772242696266
1.2545334787805467 -0.06463754452576667 -0.15608593812894553
1.2520454346337533 -0.0483633027170432 -0.1612499419828766
1.249242791949274 -0.03216114588061313 -0.1663476095806586
1.2461283522908593 -0.01603782612894162 -0.17137684380412005
1.2427050983124834 -3.043749641864961e-16 -0.1763355756877431

1.2427050983124834 -3.043749641864961e-16 -0.1763355756877431
1.254414428846927 -3.07242923018329e-16 -0.15897577926996256
1.2648842778576777 -3.0980729643404346e-16 -0.14084146883576823
1.2740636372927798 -3.1205559106412765e-16 -0.12202099292274096
1.2819077862357722 -3.139768534431417e-16 -0.10260604299770139
1.2883785087814954 -3.155617233738998e-16 -0.0826912067451004
1.2934442802201416 -3.168024795294098e-16 -0.06237350724532832
1.297080420622471 -3.176930770704024e-16 -0.041751930288020024
1.2992692150779472 -3.182291770951805e-16 -0.020926942123237823
1.3 -3.184081677783119e-16 -7.347880794884118e-17

0.8383580755894142 0.9301119596825209 -0.16249829875377544
0.822318896044522 0.9441615105339428 -0.1626860370102988
0.8060442800295652 0.9579344586544152 -0.1628736850586043
0.7895389980348255 0.9714268589777609 -0.16306124279464268
0.772807886649517 0.9846348487201096 -0.1632487101144144
0.755855847142431 0.9975546484872451 -0.1634360869139703
0.7386878440240308 1.0101825633574664 -0.16362337308941127
0.7213089035904223 1.022514983939653 -0.1638105685368885
0.703724112449624 1.034548387406228 -0.16399767315260347
0.6859386160305729 1.0462793385007285 -0.16418468683280804

0.7503307138289915 0.5605541715592728 0.2932239374530641
0.7695968460043945 0.5649606753254275 0.2965607511817847
0.7891268535459472 0.5691826748002052 0.29878072289597013
0.8088636556942076 0.5731751017467867 0.29987549222537035
0.8287484514512916 0.5768945528247925 0.2998409362900074
0.8487209651024872 0.5802994785823211 0.29867718522686104
0.868719700278682 0.5833503614202051 0.2963886216997754
0.888682201429239 0.5860098817369455 0.2929838643944322
0.9085453215348296 0.5882430715257474 0.28847573556054834
0.9282454948550044 0.5900174547613611 0.28288121272353334

1.000000000000004 0.15089251520154 0.29978634562763246
0.9907487086994651 0.1326755207441965 0.2999997236683842
0.9811719027850015 0.11480868507910337 0.29975451174168943
0.971296517932377 0.09729951972117881 0.29905108468699176
0.9611496699248716 0.08015413969843198 0.2978905177872487
0.950758573377876 0.06337725825744703 0.2962745851252168
0.940150460354619 0.04697218604241759 0.29420575687152783
0.9293524991239583 0.03094083474626432 0.29168719550869965
0.918391713310685 0.015283725218423767 0.28872275099685646
0.9072949016875165 -2.222231594468659e-16 0.2853169548885463

0.6858611353466891 1.0471373889229798 0.16314742188691422
0.6862017171465559 1.0335975360134222 0.17913858975315936
0.6858346783799484 1.0192527954454396 0.19437482218429122
0.6847736478520345 1.0041572295003454 0.20879190983392767
0.6830357504553128 0.9883677099607151 0.22232909543947751
0.6806415679764947 0.9719436380178068 0.23492932986864926
0.6776150819313855 0.9549466542202458 0.24653951253895862
0.6739835985517295 0.9374403398975685 0.25711071519704576
0.6697776561405282 0.9194899115256995 0.26659838811474024
0.6650309151043411 0.9011619095276562 0.2749625478329102

1.0803947166103218 -0.6389082404169867 -0.15775710614727545
1.0766384046567323 -0.6242887250779151 -0.1737781385704551
1.0718383095393962 -0.6092846425128168 -0.18908542151602795
1.066025143682591 -0.5939436106135251 -0.20361608421500152
1.0592342657220193 -0.5783138906582854 -0.2173104456683965
1.0515055453135884 -0.5624441163643862 -0.23011225977176075
1.0428832051266832 -0.5463830239634493 -0.2419689463317289
1.0334156406895703 -0.5301791847736272 -0.25283180702578517
1.0231552188690214 -0.5138807417204375 -0.2626562254182288
1.012158055877062 -0.49753515122768294 -0.2714018502108294

1.2261203032368673 0.2941524289509528 -0.14807237919542884
1.2226876384929475 0.27906688564000576 -0.15942921117594885
1.2185892728446432 0.26398882362382287 -0.17047612529020892
1.2138377386777808 0.24893931137943545 -0.18119164720470513
1.2084469875580028 0.23393902215478743 -0.1915549467863452
1.2024323547997102 0.21900816788235122 -0.20154587859459122
1.1958105200994582 0.2041664347661662 -0.21114502104261387
1.1885994643448499 0.18943292074514737 -0.22033371415133246
1.180818422721338 0.17482607502950828 -0.22909409582294837
1.1724878342503808 0.16036363990053948 -0.23740913656346074

1.1724878342503808 0.16036363990053948 -0.23740913656346074
1.164374358853889 0.18033930302268755 -0.24129730300360386
1.155841554045904 0.20006386727775494 -0.2450739247120451
1.1468984300711091 0.21952779283906884 -0.2487372558663075
1.1375542469888145 0.23872187762809716 -0.2522856030148453
1.1278185016545703 0.25763726476906257 -0.2557173258598777
1.117700914456273 0.27626544953502363 -0.2590308380156504
1.10721141582475 0.294598285776838 -0.26222460774177586
1.0963601325391295 0.31262799182720996 -0.2652971586513124
1.085157373847568 0.3303471558728229 -0.26824707039325496

1.2847645509144532 0.19844406948453652 -7.347880794884124e-17
1.2824115617907257 0.21009102353431203 -0.017197071654354985
1.2789825030430362 0.22154344199311735 -0.03433758737125653
1.2744871716001924 0.23277466911537179 -0.05136517720852575
1.2689389908350361 0.24375892343189945 -0.0682238426028506
1.262354950671874 0.2544714436255281 -0.08485814053202637
1.2547555336602505 0.26488862991846046 -0.10121336585019029
1.2461646273404354 0.27498818026501815 -0.11723573119640558
1.2366094232826332 0.28474922066646635 -0.1328725438849296
1.2261203032368673 0.2941524289509528 -0.14807237919542884

1.2261203032368673 0.2941524289509528 -0.14807237919542884
1.231581794578958 0.3057634178302566 -0.1328725438849296
1.2360791043241346 0.31725892512778503 -0.1172357311964056
1.239593405936518 0.3286116605809996 -0.1012133658501903
1.2421092758038381 0.339794473275707 -0.08485814053202637
1.2436147401037685 0.35078049177620374 -0.0682238426028506
1.2441013083416874 0.36154326399164266 -0.05136517720852576
1.2435639934610274 0.37205689611623816 -0.03433758737125655
1.2420013184811334 0.3822961899827789 -0.01719707165435499
1.2394153096714098 0.3922367781737494 -7.347880794884118e-17

1.2394153096714098 0.3922367781737494 -7.347880794884118e-17
1.2459141656322712 0.3710766657671182 -7.347880794884118e-17
1.2520517909080504 0.3498089662715122 -7.347880794884119e-17
1.2578264060033018 0.32843984587868885 -7.34788079488412e-17
1.2632363366709352 0.3069755001855938 -7.34788079488412e-17
1.268280014397633 0.2854221523980573 -7.34788079488412e-17
1.2729559768586132 0.2637860515264864 -7.347880794884121e-17
1.2772628683416043 0.24207347057407486 -7.347880794884121e-17
1.2811994401399112 0.22029070471805776 -7.347880794884121e-17
1.2847645509144532 0.19844406948453652 -7.347880794884124e-17

1.284764550914453 -0.1984440694845376 -7.347880794884118e-17
1.2822243231422725 -0.21106729296731327 0.017653603537617236
1.2785376985198718 -0.22348096498696735 0.03524602361248035
1.2737158047831623 -0.23565451529865916 0.0527162888101065
1.2677738538957228 -0.24755838464114138 0.07000385107764365
1.2607310696490224 -0.2591642011261316 0.0870487955699525
1.2526105983468805 -0.2704449510338809 0.10379204830113152
1.2434394029946267 -0.28137514310929146 0.1201755808818108
1.2332481414866001 -0.29193096548387165 0.1361426116326412
1.2220710293564776 -0.30209043438413097 0.15163780237696323

1.2220710293564776 -0.30209043438413097 0.15163780237696323
1.228098718068454 -0.31288688973352446 0.1361426116326412
1.23313799283668 -0.3235493945321678 0.12017558088181082
1.2371675595127147 -0.33405121212173605 0.10379204830113153
1.2401697813712442 -0.3443658323604632 0.0870487955699525
1.2421307354222475 -0.35446711349169174 0.07000385107764365
1.2430402540304633 -0.3643294234548537 0.05271628881010651
1.2428919517128942 -0.3739277799459532 0.035246023612480366
1.2416832370455664 -0.3832379885374783 0.017653603537617243
1.2394153096714098 -0.39223677817374997 -7.347880794884112e-17

1.2394153096714098 -0.39223677817374997 -7.347880794884112e-17
1.245914165632271 -0.3710766657671189 -7.347880794884112e-17
1.2520517909080502 -0.3498089662715128 -7.347880794884113e-17
1.2578264060033018 -0.3284398458786896 -7.347880794884114e-17
1.2632363366709352 -0.3069755001855945 -7.347880794884114e-17
1.268280014397633 -0.2854221523980582 -7.347880794884114e-17
1.272955976858613 -0.2637860515264873 -7.347880794884117e-17
1.2772628683416043 -0.24207347057407583 -7.347880794884117e-17
1.281199440139911 -0.2202907047180588 -7.347880794884117e-17
1.284764550914453 -0.1984440694845376 -7.347880794884118e-17

0.3311928715565076 -1.2051931226146948 0.16602454827749244
0.35243699268957757 -1.20201077290107 0.16182146759491178
0.37364750090383064 -1.1983861581937851 0.15757310196043783
0.39481410727897 -1.194319182167273 0.1532806402585632
0.41592649959564465 -1.1898100173854658 0.14894528371385063
0.4369743500923164 -1.1848591063874787 0.1445682455547766
0.45794732326224985 -1.179467162533481 0.14015075067421465
0.47883508368289 -1.1736351706094041 0.1356940352866556
0.49962730386984966 -1.167364387189388 0.13119934658225862
0.5203136721476989 -1.1606563407551183 0.12666794237783124

1.170706868457713 -0.158113697734397 -0.23899223974741113
1.1795379954830436 -0.17350585278883324 -0.23032007804840166
1.1877583619410257 -0.18906317351600013 -0.22115169398022405
1.1953438995124643 -0.20476474269783843 -0.21150684073722545
1.2022720271136083 -0.22058875459167246 -0.20140629806195842
1.2085217170563598 -0.23651259127078458 -0.19087182747542744
1.2140735562797689 -0.25251290211254607 -0.1799261253921035
1.2189098024583003 -0.26856568615574633 -0.16859277422071983
1.2230144348093825 -0.28464637703858897 -0.15689619155620138
1.2263731994403348 -0.30072993021963834 -0.14486157757219403

1.084743808357191 -0.3251832679151461 -0.26918483014237826
1.095746597425242 -0.30775444005529756 -0.2663006508481146
1.106409039413391 -0.29002431335075035 -0.2632954588764792
1.1167212205749828 -0.2719999467315269 -0.2601706198505952
1.1266733984041999 -0.2536887511692584 -0.2569275537637508
1.1362560147044616 -0.23509848470071307 -0.25356773433412455
1.145459708487768 -0.21623724695612498 -0.25009268833509585
1.1542753286860445 -0.19711347319865982 -0.24650399490144714
1.1626939466558044 -0.17773592788208117 -0.24280328481177124
1.170706868457713 -0.158113697734397 -0.23899223974741113

-0.2379644527649984 -1.2270094132433782 0.16602454827749263
-0.2138408573560762 -1.2334647604512656 0.1629864263899741
-0.18954886781154737 -1.2394086537250233 0.15992440129859226
-0.16509999353468308 -1.2448365714298737 0.15683892207270586
-0.1405058705436739 -1.249744266485075 0.15373044122140167
-0.11577825451598368 -1.2541277700429188 0.1505994146271303
-0.0909290137228476 -1.2579833949808612 0.14744630147884794
-0.0659701218591952 -1.2613077392034495 0.14427156420467233
-0.04091365077439626 -1.2640976887508564 0.14107566840406444
-0.015771763109313944 -1.266350420710994 0.13785908277954478

-0.06510343332090544 -1.156369872210504 0.2548968786416503
-0.08333399722929 -1.1671923001068698 0.24707167340716227
-0.10187121301873887 -1.177340359051317 0.23868552938942098
-0.12069044859543379 -1.1867817623030663 0.22975748605724394
-0.1397655055787896 -1.1954859208213076 0.22030781317970052
-0.1590687178735487 -1.2034240521494133 0.21035796480667432
-0.17857105642911547 -1.2105692826635737 0.19993053056069443
-0.1982422397682963 -1.2168967427968271 0.18904918435062198
-0.21805084984447998 -1.2223836548767057 0.17773863062362835
-0.2379644527649984 -1.2270094132433782 0.16602454827749263

-0.5948377915710951 -0.8318042133907991 0.29914680212705874
-0.5997272910443551 -0.8476892621523052 0.2975337820571622
-0.6044092865119892 -0.8635570025024184 0.2950891018264522
-0.6088595930993785 -0.879369415325662 0.2918195947536186
-0.6130550125597282 -0.8950883357522367 0.28773439969596765
-0.6169733987113514 -0.910675568981662 0.2828449355046801
-0.6205937187845049 -0.926093006833428 0.2771648691070793
-0.6238961105023582 -0.9413027446595108 0.2707100773051238
-0.6268619347361857 -0.956267198250922 0.2634986023969046
-0.6294738235908861 -0.9709492203689182 0.2555506017451937

-0.453892824713527 -0.8815651822441891 0.29988103564632623
-0.46969771488952594 -0.8771649640478496 0.2999584084497439
-0.48547874845901867 -0.8724839902713339 0.2999960358772951
-0.5012307472846814 -0.8675214894176435 0.29999391294323446
-0.5169484894294902 -0.8622767916408013 0.29995203992885705
-0.5326267113101242 -0.8567493303149977 0.299870422382461
-0.5482601098994206 -0.8509386435544326 0.29974907111861243
-0.5638433449766708 -0.8448443756824098 0.2995880022167127
-0.5793710414245071 -0.8384662786482731 0.2993872370188674
-0.5948377915710951 -0.8318042133907991 0.29914680212705874

0.156650215633145 -1.2689408892519762 0.11134086685672775
0.17675968838604691 -1.2636466108483126 0.117694333192376
0.19671672568787268 -1.2578913219748251 0.12398600627454513
0.2165096379769901 -1.2516804138274595 0.13021258277554698
0.2361269378593208 -1.2450196370231976 0.13637079354546075
0.2555573524442924 -1.237915093709894 0.1424574053285403
0.2747898353680309 -1.23037322922498 0.1484692224607758
0.29381357848681083 -1.2224008233155164 0.15440308854771861
0.31261802322428045 -1.2140049809327156 0.16025588812168845
0.3311928715565076 -1.2051931226146948 0.16602454827749244

1.2847645509144532 0.19844406948453652 -7.347880794884124e-17
1.2852147809896752 0.1930454264013107 0.01485296302355209
1.2849151224627224 0.18754033063971545 0.029669495711351357
1.2838669535143505 0.18193833132557363 0.044413257081490326
1.282073513620232 0.17624918826348854 0.059048084640591546
1.2795398972259557 0.1704828328887349 0.07353808308070749
1.2762730425788635 0.16464932887399322 0.08784771232088627
1.2722817157416233 0.15875883252703912 0.1019418746774608
1.2675764898253028 0.15282155311574852 0.11578600094925615
1.2621697194924815 0.14684771325658905 0.12934613520657076

1.3 -3.184081677783119e-16 -7.347880794884118e-17
1.2998115440438995 0.022134813534653616 -7.347880794884118e-17
1.2992462308150556 0.044263209473234054 -7.347880794884119e-17
1.298304224215999 0.06637877208033548 -7.34788079488412e-17
1.2969857973648133 0.08847508934134891 -7.34788079488412e-17
1.2952913325159487 0.1105457548215118 -7.34788079488412e-17
1.2932213209493952 0.13258436952333966 -7.347880794884121e-17
1.290776362828243 0.15458454374190211 -7.347880794884121e-17
1.2879571670246774 0.1765398989174042 -7.347880794884121e-17
1.2847645509144532 0.19844406948453652 -7.347880794884124e-17

1.284764550914453 -0.1984440694845376 -7.347880794884118e-17
1.2852147809897572 -0.19304542640083164 -0.014852963023354981
1.2849151224629016 -0.1875403306387592 -0.029669495710958452
1.2838669535146416 -0.18193833132414378 -0.044413257080904524
1.28207351362065 -0.17624918826158906 -0.059048084639817165
1.279539897226515 -0.1704828328863705 -0.0735380830797503
1.2762730425795779 -0.16464932887116918 -0.08784771231975336
1.272281715742506 -0.1587588325237611 -0.10194187467616074
1.2675764898263664 -0.15282155311202264 -0.11578600094779873
1.2621697194937378 -0.14684771325242196 -0.12934613520496713

1.3 -3.184081677783119e-16 -7.347880794884118e-17
1.2998115440438995 -0.022134813534654307 -7.347880794884118e-17
1.2992462308150556 -0.04426320947323478 -7.347880794884118e-17
1.298304224215999 -0.06637877208033627 -7.347880794884118e-17
1.2969857973648133 -0.08847508934134976 -7.347880794884118e-17
1.2952913325159487 -0.11054575482151269 -7.347880794884118e-17
1.2932213209493952 -0.13258436952334057 -7.347880794884118e-17
1.290776362828243 -0.15458454374190309 -7.347880794884118e-17
1.2879571670246772 -0.17653989891740524 -7.347880794884118e-17
1.284764550914453 -0.1984440694845376 -7.347880794884118e-17

-0.8970993777067807 0.48926357661898606 0.2992036408576568
-0.8982968332098441 0.4700921883093832 0.29967939454194276
-0.8990937491909898 0.45102055294312177 0.29994242371043384
-0.899498961348272 0.43205934447474925 0.29999254165442235
-0.8995216398153701 0.4132187880581143 0.2998297127981711
-0.8991712681520417 0.3945086479020035 0.2994540527241667
-0.8984576218592795 0.3759382160734444 0.2988658280910744
-0.8973907464614173 0.35751630226795217 0.298065456444453
-0.8959809351982243 0.33925122456413054 0.2970535059203641
-0.8942387063707247 0.321150801178143 0.2958306948420866

-0.5532476459103886 0.8519558510866266 0.29958203103495773
-0.5351605829997655 0.8502546613431422 0.2999638969187947
-0.5172307818365851 0.8482082546133585 0.2999289484378724
-0.4994723487184931 0.8458340990872472 0.29947723415479793
-0.4818985378459958 0.843150201991054 0.2986093817484483
-0.46452172435814815 0.8401750616002367 0.2973265971417801
-0.44735337982038126 0.8369276179872073 0.29563066282614137
-0.43040405022696776 0.8334272026332309 0.2935239353844131
-0.4136833365739009 0.8296934870368752 0.2910093422164238
-0.397199878051129 0.8257464304540524 0.288090377471185

-0.4506245006429676 1.011641101859071 0.28009129706068
-0.4640378588696108 0.9947315370722875 0.28366473794001795
-0.4769479348110388 0.9775579480035272 0.28689388017428274
-0.489353292488623 0.9601444234391088 0.2897748043856056
-0.5012536319523659 0.9425149692528101 0.2923040138464422
-0.512649779890109 0.924693449982947 0.29447843872373264
-0.5235436772359138 0.9067035310176892 0.2962954398049173
-0.5339383638145406 0.8885686215443105 0.2977528117012867
-0.5438379600670387 0.8703118184159168 0.2988487855247763
-0.5532476459103886 0.8519558510866266 0.29958203103495773

1.2394153096714098 -0.39223677817374997 -7.347880794884112e-17
1.2418100746238463 -0.38299552488952227 -0.01678893644568342
1.2432368471524053 -0.3734701517880808 -0.03352525087510441
1.24369391752378 -0.36368222057887867 -0.050156486206605344
1.243182723663818 -0.35365405527153954 -0.06663051471077891
1.241707856725809 -0.34340862836755376 -0.08289570139581617
1.2392770552692427 -0.33296944505863574 -0.09890106584845394
1.2359011880415858 -0.32236042595558234 -0.11459644202325892
1.2315942253984578 -0.3116057888757871 -0.12993263547941658
1.2263731994403348 -0.30072993021963834 -0.14486157757219403

1.2263731994403348 -0.30072993021963834 -0.14486157757219403
1.2367213290644645 -0.29059053310930993 -0.12993263547941658
1.2461605132944864 -0.28009278093247875 -0.11459644202325892
1.2546621067179113 -0.26925688296798256 -0.09890106584845396
1.2622004336346817 -0.25810453855813664 -0.08289570139581617
1.2687528932161494 -0.24665881533374 -0.06663051471077891
1.2743000529224073 -0.2349440213599418 -0.05015648620660535
1.2788257297821641 -0.22298557182288903 -0.033525250875104426
1.2823170591884976 -0.21080985090086996 -0.016788936445683432
1.284764550914453 -0.1984440694845376 -7.347880794884118e-17

1.2394153096714098 0.3922367781737494 -7.347880794884118e-17
1.2418696797215119 0.3827210171079958 0.017210292016333263
1.2433061255945232 0.3729071536695715 0.034363897489865736
1.2437229074700056 0.36281854329833607 0.051404316589569385
1.2431217651445952 0.35247937678477215 0.06827542229297864
1.2415079236362376 0.34191455073417326 0.08492164525503842
1.2388900855441596 0.33114953576460276 0.10128815684009768
1.235280410159848 0.3202102430652265 0.11732104971418515
1.230694479376672 0.30912288994660814 0.13296751540274007
1.2251512504980755 0.2979138650167038 0.14817601822896534

1.2251512504980755 0.2979138650167038 0.14817601822896534
1.2357794377024283 0.28812331389360196 0.13296751540274007
1.245466884587792 0.2779649813982924 0.11732104971418517
1.2541827161233308 0.2674591065457135 0.10128815684009769
1.2618992805349172 0.2566275321176036 0.08492164525503842
1.268592266476469 0.24549357521306084 0.06827542229297864
1.2742408070061302 0.23408189098504906 0.05140431658956939
1.2788275699115965 0.22241833025361588 0.03436389748986575
1.2823388339859796 0.21052979171430186 0.017210292016333274
1.2847645509144532 0.19844406948453652 -7.347880794884124e-17

0.9282454948550044 0.5900174547613611 0.28288121272353334
0.9205565993124222 0.5700851938818771 0.28835183286047644
0.9122758131445685 0.550262383026933 0.2927889607093928
0.9034567024525323 0.5305947387554512 0.29617669299903443
0.894155314723426 0.5111259027535199 0.2985028876349311
0.8844299316671043 0.49189724107359256 0.2997592072183128
0.8743408098636083 0.4729476571918012 0.29994114892848345
0.8639499104505162 0.4543134197985392 0.29904806066154466
0.8533206191376623 0.4360280061571651 0.29708314336762476
0.8425174578886259 0.41812196178121064 0.29405343957823726

0.5940067295585164 -0.82790612222037 0.2994004801528212
0.6059186995247434 -0.8390920117764186 0.29795202634396484
0.6178450908662528 -0.8501312440066972 0.29564513649278895
0.6297577641017325 -0.8609869571851388 0.2924864570296542
0.6416283805250813 -0.8716229672362187 0.288485088494438
0.6534284879781298 -0.8820038726515098 0.2836525593167717
0.6651296075810434 -0.892095156632753 0.27800279260123223
0.6767033211534941 -0.9018632861630778 0.2715520660131833
0.688121359055923 -0.9112758077184641 0.26431896488084144
0.6993556881772879 -0.9203014393428551 0.2563243286486833

0.4850608632967023 -1.073022624461871 0.24180638807255594
0.4784631900365528 -1.0574194138578177 0.2533730180466721
0.4715447042214103 -1.0411372489644082 0.26375554749742103
0.4643388020585989 -1.0242517479270534 0.2729054552418792
0.4568802777857273 -1.0068413234686828 0.2807799805684582
0.4492051629378379 -0.988986815506833 0.28734232307263063
0.4413505595654504 -0.9707711125451136 0.292561814638061
0.4333544681755133 -0.9522787636124259 0.2964140627594148
0.4252556111932167 -0.9335955825669172 0.29888106453704705
0.4170932527648681 -0.9148082466167611 0.29995129081083427

-0.14908845301792226 -1.2914227166875774 -7.347880794884128e-17
-0.1343301249174757 -1.2926168033877556 0.015908077154608485
-0.11948636048222257 -1.292802909476085 0.03177139161975672
-0.10458806077145534 -1.2919820720436215 0.047545306660764924
-0.08966618137294517 -1.2901583722359968 0.06318543709809872
-0.07475158425256367 -1.2873389234942263 0.07864777419989936
-0.0598748902573441 -1.283533848336276 0.09388880951525276
-0.045066332927387015 -1.2787562437641002 0.10886565729975096
-0.030355614266075477 -1.2730221354262459 0.12353617518886079
-0.015771763109313944 -1.266350420710994 0.13785908277954478

-0.2379644527649984 -1.2270094132433782 0.16602454827749263
-0.22938077073557528 -1.2390997038167992 0.1494015500922335
-0.22041658604749526 -1.2500445771933513 0.13214440236290764
-0.21109362869756212 -1.259798501158992 0.11432635474694956
-0.20143580443860387 -1.2683209979954404 0.09602303769641846
-0.19146900981580617 -1.2755768483940777 0.07731214143712083
-0.1812209356426297 -1.281536270204379 0.05827308620482118
-0.17072086017252994 -1.286175071084959 0.038986685138255886
-0.15999943328042962 -1.2894747742560908 0.019534801259833295
-0.14908845301792226 -1.2914227166875774 -7.347880794884128e-17

0.5203136721476989 -1.1606563407551183 0.12666794237783124
0.532599553715492 -1.16146902007881 0.11335324501490329
0.5446602453206343 -1.1615664308161502 0.09977269688842579
0.5564742304567017 -1.1609439688439551 0.08595814886502694
0.5680204184976219 -1.1595988750908557 0.07194200061830786
0.5792782227361339 -1.1575302345122107 0.057757124640916875
0.5902276372179405 -1.1547389695662023 0.04343678914770705
0.6008493121036766 -1.151227828228692 0.02901458005079456
0.6111246272949795 -1.147001366601339 0.014524322189512238
0.6210357640659406 -1.1420659261842259 -7.347880794884107e-17

0.43942194193105216 -1.2234820623734306 -7.347880794884107e-17
0.44468537691631477 -1.221054835267049 -0.017181362617358236
0.4495953767277779 -1.2176826695508556 -0.034306324227281144
0.45414125793531157 -1.2133747351202924 -0.051318668969094615
0.45831359795411614 -1.208143283799693 -0.06816255066786811
0.46210429268034664 -1.2020035980044557 -0.08478267615983526
0.4655066093226821 -1.1949739290248331 -0.10112448680245271
0.4685152341663165 -1.187075425176574 -0.11713433757325711
0.47112631502471924 -1.1783320500989816 -0.13275967316959456
0.4733374981544937 -1.1687704915151842 -0.147949200531143

0.6210357640659406 -1.1420659261842259 -7.347880794884107e-17
0.6015000300589719 -1.152474604422612 -7.347880794884107e-17
0.5817899018008352 -1.1625491431172166 -7.347880794884107e-17
0.5619110938931697 -1.1722866213344676 -7.347880794884107e-17
0.5418693698432844 -1.1816842158654917 -7.347880794884107e-17
0.5216705403931292 -1.1907392020446546 -7.347880794884107e-17
0.5013204618345752 -1.1994489545395288 -7.347880794884107e-17
0.4808250343114861 -1.207810948112062 -7.347880794884107e-17
0.4601902001090764 -1.2158227583507262 -7.347880794884107e-17
0.43942194193105216 -1.2234820623734306 -7.347880794884107e-17

0.43942194193105216 -1.2234820623734306 -7.347880794884107e-17
0.4497006448860986 -1.219366546638374 0.014524322189512232
0.4596923547040936 -1.21450745052067 0.029014580050794547
0.46938048186143017 -1.2089138574845681 0.04343678914770704
0.4787492365557564 -1.2025966371329615 0.057757124640916875
0.48778369333141613 -1.1955684068518013 0.07194200061830786
0.4964698530487308 -1.1878434884155844 0.08595814886502691
0.504794701971804 -1.1794378596996542 0.09977269688842576
0.5127462677586951 -1.1703691016599427 0.11335324501490329
0.5203136721476989 -1.1606563407551183 0.12666794237783124

1.3 -3.184081677783119e-16 -7.347880794884118e-17
1.299540983863751 0.015267259028008297 -0.014881744304218104
1.2981651627972093 0.030506401726763593 -0.029726845996483932
1.2958762145996985 0.0456894307552647 -0.044498752688207834
1.2926802548611862 0.06078858627451823 -0.05916109221537234
1.2885858159027577 0.0757764635141241 -0.07367776219598365
1.283603817400742 0.09062612892266514 -0.08801301892325145
1.2777475288014652 0.10531123443832252 -0.10213156537562007
1.2710325236635003 0.11980612942337361 -0.11599863812694756
1.2634766260936463 0.13408596981521823 -0.1295800929428382

1.2634766260936463 0.13408596981521823 -0.1295800929428382
1.2688083544445952 0.14143035229191592 -0.11599863812694756
1.2734209596144055 0.14875571609824467 -0.10213156537562008
1.2773020055345266 0.1560494855702559 -0.08801301892325146
1.280440901947879 0.16329903241411062 -0.07367776219598365
1.282828930524579 0.17049172571828916 -0.05916109221537234
1.2844592658930438 0.1776149822213406 -0.04449875268820784
1.2853269915335206 0.1846563166588371 -0.029726845996483946
1.2854291104954372 0.19160339201252038 -0.01488174430421811
1.2847645509144532 0.19844406948453652 -7.347880794884124e-17

1.3 -3.184081677783119e-16 -7.347880794884118e-17
1.2995409838637517 -0.015267259028009381 0.014881744304205117
1.298165162797212 -0.03050640172676517 0.029726845996458195
1.2958762145997043 -0.04568943075526685 0.044498752688169545
1.292680254861196 -0.060788586274521085 0.05916109221532179
1.2885858159027732 -0.07577646351412784 0.0736777621959212
1.2836038174007645 -0.09062612892266994 0.08801301892317759
1.2777475288014954 -0.1053112344383287 0.10213156537553533
1.2710325236635396 -0.1198061294233814 0.11599863812685259
1.2634766260936956 -0.13408596981522794 0.12958009294273373

1.2634766260936956 -0.13408596981522794 0.12958009294273373
1.268808354444634 -0.14143035229192444 0.11599863812685259
1.2734209596144355 -0.14875571609825194 0.10213156537553535
1.2773020055345485 -0.15604948557026202 0.0880130189231776
1.2804409019478944 -0.1632990324141156 0.0736777621959212
1.2828289305245886 -0.17049172571829307 0.05916109221532179
1.2844592658930492 -0.17761498222134361 0.04449875268816956
1.285326991533523 -0.1846563166588393 0.029726845996458213
1.2854291104954376 -0.191603392012522 0.014881744304205125
1.284764550914453 -0.1984440694845376 -7.347880794884118e-17

-0.06510343332090544 -1.156369872210504 0.2548968786416503
-0.08771273408569433 -1.152977536165122 0.2560614514050256
-0.1102129373882557 -1.1491354064389303 0.2572119810970871
-0.132594955627687 -1.1448465870879738 0.2583484046198151
-0.15484978574950647 -1.1401143685482196 0.2594706596488086
-0.17696851312813197 -1.1349422253687755 0.2605786846367034
-0.19894231538885224 -1.129333813862872 0.2616724188165476
-0.22076246616751466 -1.1232929696782157 0.26275180220513394
-0.24242033880620273 -1.1168237052883752 0.2638167756062897
-0.2639074099832121 -1.10993020740689 0.2648672806141232

0.7379231253295017 -1.0291702207883742 -0.1379889234883653
0.7453322867101876 -1.0324002346514458 -0.12365459659468586
0.7523170645681581 -1.0349695090473687 -0.10897161567842976
0.7588609335724499 -1.0368682625409265 -0.09398138057834823
0.7649485321874707 -1.0380886767630917 -0.07872615746093196
0.7705657185547702 -1.0386249106821794 -0.06324895964757515
0.7756996230224779 -1.0384731089684476 -0.04759342633507634
0.7803386971364387 -1.0376314044510442 -0.031803699551433695
0.7844727589170782 -1.03609991468398 -0.01592429969386745
0.7880930342566288 -1.0338807326554549 -7.347880794884112e-17

0.7503307138289915 0.5605541715592728 0.2932239374530641
0.7618071052397888 0.545611271565057 0.2933187483568497
0.772985937672322 0.5304334873329992 0.2934128987498757
0.7838624044392039 0.5150267429964693 0.29350638842012927
0.7944318167622335 0.4993970610581638 0.29359921715708537
0.8046896057859821 0.48355056004426417 0.2936913847517073
0.8146313245447284 0.467493452117364 0.29378289099644717
0.8242526498819022 0.4512320406490879 0.29387373568524633
0.8335493843212087 0.43477271775334986 0.29396391861353593
0.8425174578886259 0.41812196178121064 0.29405343957823726

1.2427050983124834 -3.043749641864961e-16 -0.1763355756877431
1.2461290971400145 0.014639765843944606 -0.17140049494055037
1.249279849078725 0.02935761491475151 -0.1663955683761834
1.2521546520921982 0.04414791523071633 -0.16132283550558926
1.254750955591293 0.05900495225339866 -0.15618436347083064
1.2570663630282495 0.07392293335629209 -0.15098224620272394
1.2590986343510913 0.08889599237412463 -0.14571860356756094
1.260845688315816 0.10391819422834227 -0.14039558050326204
1.2623056046540058 0.11898353962425087 -0.1350153461453125
1.2634766260936463 0.13408596981521823 -0.1295800929428382

1.2427050983124843 -3.0437496418649626e-16 0.1763355756877419
1.2461290971400225 -0.014639765843945734 0.1714004949405388
1.24927984907874 -0.029357614914753322 0.166395568376161
1.2521546520922195 -0.04414791523071897 0.16132283550555587
1.2547509555913199 -0.05900495225340225 0.156184363470786
1.2570663630282817 -0.07392293335629675 0.15098224620266776
1.2590986343511288 -0.08889599237413043 0.145718603567493
1.2608456883158579 -0.10391819422834936 0.14039558050318215
1.2623056046540515 -0.11898353962425927 0.13501534614522037
1.2634766260936956 -0.13408596981522794 0.12958009294273373

1.056653873819171 -0.6190633208590016 0.19883249728932104
1.0420105083051148 -0.6270657937548654 0.20804648219826036
1.027004877236106 -0.6346115197879985 0.21689699579859495
1.0116612000879754 -0.6416976693809786 0.22536857564305743
0.9960040870844739 -0.6483225996838109 0.2334464213073413
0.9800584730889154 -0.6544858632222598 0.24111642024744545
0.9638495508391193 -0.6601882130777436 0.2483651724552452
0.9474027037147124 -0.6654316045775698 0.2551800138692151
0.9307434382269779 -0.6702191934843502 0.26154903849940286
0.9138973164220295 -0.6745553306835501 0.2674611192280008

0.156650215633145 -1.2689408892519762 0.11134086685672775
0.16691580836238765 -1.2721236762795431 0.0994758315641685
0.1771695827537039 -1.2747231290786738 0.08743326859908021
0.18739838788027605 -1.276733216292054 0.07523466949504307
0.19758901798858391 -1.2781490222110024 0.06290180425259888
0.20772825161974337 -1.278966755912846 0.050456682487829085
0.21780289087905605 -1.2791837578638328 0.03792151415330711
0.22779980074719808 -1.2787985039747398 0.025318669901524055
0.23770594832628392 -1.2778106071023354 0.012670641161524379
0.24750844191406698 -1.2762208159959119 -7.347880794884112e-17

0.0497935537970447 -1.2990460353660531 -7.347880794884124e-17
0.06197732644446326 -1.2982537796978422 0.012670641161524372
0.07412008845131131 -1.2968132384720885 0.025318669901524045
0.08620582323718241 -1.2947268984994134 0.037921514153307107
0.09821866032133861 -1.2919984845253907 0.050456682487829085
0.11014292393444428 -1.2886329498021558 0.06290180425259888
0.12196318109583608 -1.2846364636816765 0.07523466949504305
0.13366428901926117 -1.280016396263041 0.08743326859908021
0.14523144171183433 -1.274781300133694 0.0994758315641685
0.156650215633145 -1.2689408892519762 0.11134086685672775

-0.015771763109313944 -1.266350420710994 0.13785908277954478
-0.008675746351108737 -1.273354448701508 0.12353617518886079
-0.0015003136227900277 -1.2795492387509855 0.10886565729975098
0.005741213715792746 -1.2849167991637938 0.09388880951525279
0.013035140894348839 -1.2894415025092865 0.07864777419989936
0.020367464266110424 -1.2931101329476973 0.06318543709809872
0.02772393719305017 -1.2959119261140315 0.04754530666076493
0.03509013701441334 -1.2978386014352583 0.03177139161975674
0.04245153282633091 -1.2988843867802164 0.015908077154608492
0.0497935537970447 -1.2990460353660531 -7.347880794884124e-17

-1.065142614947569 0.2259436981524518 0.28654301531449744
-1.0612344102846034 0.20367952295266636 0.28896900082631666
-1.0568011834185636 0.18164149710083702 0.29115810379763407
-1.0518568009970308 0.159843845784453 0.29310852970975804
-1.046415590420908 0.1383000881461764 0.29481867969968334
-1.0404923047945365 0.11702302000124072 0.29628715187075966
-1.034102087164449 0.09602469826725982 0.29751274244189796
-1.0272604341299927 0.07531642713710182 0.29849444673437053
-1.0199831589103996 0.05490874602147126 0.2992314599953971
-1.0122863539540419 0.034811419283719905 0.29972317805784143

1.085045189045822 0.28788426095471553 0.2738111655618393
1.09583732400219 0.2747200082091321 0.2704911436321685
1.1063837329562276 0.26129294167305045 0.26698385239825706
1.1166741949457744 0.2476074876437466 0.2632917200652593
1.1266986179788552 0.23366845137433379 0.2594173028094842
1.1364470540581202 0.21948101264727693 0.2553632830086766
1.1459097140270256 0.2050507207546803 0.25113246738492456
1.1550769822141633 0.19038348889276366 0.24672778506147997
1.1639394308524702 0.17548558797887978 0.2421522855348366
1.172487834250394 0.16036363990035152 0.23740913656347035

1.172487834250394 0.16036363990035152 0.23740913656347035
1.1807485166253706 0.17522871370642035 0.22910264518446083
1.1884503120701497 0.19024339454486933 0.22035168732946905
1.195572704494551 0.20538938595264508 0.21117324013726235
1.2020964031692667 0.22064766006500616 0.20158511008962632
1.208003394108206 0.23599851775018985 0.19160589846621934
1.2132769877739946 0.2514216510944627 0.1812549652574935
1.2179018629688783 0.26689620803940156 0.17055239160569277
1.221864106784773 0.2824008589663479 0.15951894084679316
1.2251512504980755 0.2979138650167038 0.14817601822896534

-0.14908845301792226 -1.2914227166875774 -7.347880794884128e-17
-0.12707807022157372 -1.2937740003836686 -7.347880794884128e-17
-0.10503084339565161 -1.2957501772855748 -7.347880794884126e-17
-0.08295316474201847 -1.2973506744358996 -7.347880794884126e-17
-0.06085143529150375 -1.2985750277989192 -7.347880794884126e-17
-0.03873206304803806 -1.2994228823951204 -7.347880794884125e-17
-0.016601461130767044 -1.2998939924041206 -7.347880794884125e-17
0.005533954085318878 -1.2999882212359393 -7.347880794884125e-17
0.02766776482970022 -1.2997055415706007 -7.347880794884124e-17
0.0497935537970447 -1.2990460353660531 -7.347880794884124e-17

1.0803947166103218 -0.6389082404169867 -0.15775710614727545
1.0681360053185385 -0.6447297940998281 -0.16934377946652407
1.0554130654076261 -0.6501068083649133 -0.18057093930288462
1.0422499493342574 -0.655036494943637 -0.19141475061884683
1.0286715001733926 -0.6595173292920704 -0.20185219221820105
1.014703278785988 -0.663549065984725 -0.21186110561958085
1.0003714892908848 -0.6671327501752438 -0.22142024209847933
0.9857029030643758 -0.6702707250721559 -0.23050930779786924
0.9707247814947922 -0.6729666353900335 -0.23910900681165903
0.9554647977225879 -0.6752254267487314 -0.24720108214951825

0.9554647977225879 -0.6752254267487314 -0.24720108214951825
0.9634905768124721 -0.65579077072514 -0.25022355300825966
0.971084489248793 -0.6362540526385525 -0.2531647834501889
0.9782461901460417 -0.6166260214213592 -0.25602381854207057
0.9849756345360048 -0.5969173791718844 -0.25879973003714374
0.9912730746029282 -0.5771387719741383 -0.2614916166764976
0.9971390566195518 -0.557300780837563 -0.26409860448168376
1.0025744175887468 -0.5374139127668833 -0.2666198470384723
1.007580281595842 -0.5174885919720029 -0.2690545257716582
1.012158055877062 -0.49753515122768294 -0.2714018502108294

0.33119287155640553 -1.2051931226143233 -0.1660245482780725
0.34714033068625216 -1.2020469989261449 -0.1640555629627515
0.3630573068792022 -1.198674895625136 -0.16207644358503007
0.3789404036454967 -1.1950770617929043 -0.16008731239933785
0.3947862250501962 -1.191253800645273 -0.15808829227855528
0.41059137662795875 -1.1872054695780179 -0.15607950670642323
0.4263524662994764 -1.182932480196275 -0.15406107976991545
0.4420661052892601 -1.1784352983275952 -0.15203313615157352
0.4577289090444717 -1.1737144440185963 -0.1499958011218044
0.4733374981544937 -1.1687704915151842 -0.147949200531143

-0.09552650716738874 1.1429907527144412 0.2615304076407897
-0.1165115372836523 1.1367949939515216 0.263860584888148
-0.13729349846265582 1.1301789807196618 0.2661224952493613
-0.1578635053355235 1.1231493417812974 0.2683155535154748
-0.17821289425957054 1.1157129062525784 0.2704391922911761
-0.19833322819472904 1.1078766960514395 0.27249286214159396
-0.2182163013198098 1.0996479182172432 0.2744760317344495
-0.23785414338497507 1.0910339571110215 0.2763881879775245
-0.2572390237971157 1.0820423665054424 0.2782288361514103
-0.2763634554351271 1.072680861573735 0.2799975000375031

-0.14002360136943004 -0.9885019178856034 0.2999955717835194
-0.15267725445454752 -1.003288322389676 0.29963279166467643
-0.16564297517175922 -1.017873038644521 0.29836660776036206
-0.1789090224370135 -1.032202498364531 0.29620083766118743
-0.19246163343393616 -1.0462238227196976 0.29314201124292205
-0.20628507661963932 -1.0598850178209738 0.2891993509786805
-0.22036171445296254 -1.0731351664724162 0.28438474413282977
-0.23467207557830275 -1.0859246154346385 0.27871270692045413
-0.24919493615531535 -1.0982051574631175 0.27220034074043753
-0.2639074099832121 -1.10993020740689 0.2648672806141232

1.2634766260936463 0.13408596981521823 -0.1295800929428382
1.2604104264199774 0.15216220344866857 -0.13166740433494947
1.2570698944096497 0.1701757703498628 -0.13374685063547725
1.2534562958383937 0.18812230062805757 -0.13581830762965721
1.24957096936724 0.20599745034628247 -0.13788165157996254
1.2454153259993723 0.22379690279460784 -0.13993675923349544
1.240990848513695 0.24151636975183058 -0.14198350782934938
1.236299090875374 0.25915159273513527 -0.14402177510594238
1.231341677623603 0.2766983442372912 -0.1460514393083201
1.2261203032368673 0.2941524289509528 -0.14807237919542884

1.2634766260936956 -0.13408596981522794 0.12958009294273373
1.2600941488945048 -0.15310173450881057 0.1320781572091092
1.2564029424120706 -0.1720426165151076 0.13456491285191854
1.2524046597846914 -0.19090329936982528 0.13704014695341618
1.2481010509840196 -0.20967850397937018 0.13950364758233896
1.2434939619484158 -0.22836299048683478 0.14195520381205182
1.23858533367835 -0.246951560117462 0.1443946057386074
1.2333772012943482 -0.2654390570027792 0.14682164449871832
1.2278716930579876 -0.2838203699826028 0.14923611228764003
1.2220710293564776 -0.30209043438413097 0.15163780237696323

0.6993556881772879 -0.9203014393428551 0.2563243286486833
0.6989985028813276 -0.9359501282060634 0.2484384683794867
0.6981926974733011 -0.9513353407087877 0.23996440865572347
0.6969288965109407 -0.9664259147211951 0.23092221254306933
0.6951991963701969 -0.9811910878790343 0.22133328821899473
0.6929971770569862 -0.9956005921386909 0.2112203382870622
0.6903179090455812 -1.0096247473613482 0.20060730602655866
0.6871579551465513 -1.0232345536282381 0.18951931870472113
0.6835153674235306 -1.0364017819920621 0.1779826280857691
0.6793896791943652 -1.049099063373719 0.16602454827759341

0.4170932527648681 -0.9148082466167611 0.29995129081083427
0.4351374037498493 -0.9226330507112221 0.2993261461637492
0.4534309785380573 -0.9300987898315235 0.2979819599290387
0.4719513091983439 -0.9371692103147287 0.29592196111230973
0.4906741235737344 -0.9438091883877081 0.2931510982449173
0.5095736256579083 -0.9499848513829672 0.2896760274965975
0.5286225824759446 -0.9556636940571982 0.28550509668600876
0.5477924171439011 -0.9608146895883362 0.2806483252275939
0.5670533077572932 -0.965408394847497 0.27511738006293135
0.5863742917353577 -0.9694170495643115 0.2689255476343958

0.5863742917353577 -0.9694170495643115 0.2689255476343958
0.5885163868304272 -0.9540987795206952 0.27451298485994213
0.5903119887782516 -0.9386192554191912 0.2795692005875708
0.5917694786671929 -0.9230043122880731 0.28408441032386694
0.5928982378443394 -0.9072797580789793 0.2880498764986179
0.5937086283597238 -0.8914713091151157 0.29145792537324855
0.5942119704735932 -0.8756045260853413 0.29430196189059205
0.594420517279624 -0.859704750753784 0.29657648243725976
0.5943474265052622 -0.8437970435523064 0.2982770854939119
0.5940067295585164 -0.82790612222037 0.2994004801528212

0.9325357547101031 -0.516792541368 0.2926137976975229
0.9319502990402476 -0.5341795925043231 0.29068227741830693
0.9310075107627129 -0.5516277732924172 0.288530574350954
0.9297007954837332 -0.5691265318990697 0.28616031834364347
0.9280239318468755 -0.5866650235322144 0.2835733047916119
0.9259710843593943 -0.6042321253996182 0.2807714932771976
0.9235368155953315 -0.621816452198452 0.2777570060855173
0.9207160977534743 -0.6394063721093453 0.27453212659690135
0.9175043235494036 -0.6569900232676187 0.27109929755730444
0.9138973164220295 -0.6745553306835501 0.2674611192280008

0.5112832989675433 1.1405124151733161 0.16602454827749233
0.5188100537057264 1.1282242967145584 0.17758195457112427
0.5259208281745051 1.115414185105898 0.1887470785058887
0.5326099998876186 1.102108294581664 0.19949525608276172
0.5388732640336595 1.0883338008756112 0.20980274434619617
0.5447076584722363 1.0741187590324348 0.21964677383282075
0.5501115842988444 1.059492018937771 0.2290055988696752
0.5550848218938936 1.0444831388311646 0.23785854561086928
0.559628542386006 1.0291222970722365 0.24618605770655336
0.5637453144746482 1.013440202435169 0.2539697395033162

0.5637453144746482 1.013440202435169 0.2539697395033162
0.5778126434095178 1.0193842607155492 0.24596734608263737
0.5918111409419843 1.0248205056007027 0.23739174558485204
0.605717005254544 1.0297286258272615 0.22826292275579751
0.6195062549974031 1.0340897604126997 0.21860215158136906
0.6331548062364512 1.0378865442666878 0.20843194571021037
0.6466385503336145 1.0411031491783576 0.19777600598746936
0.6599334325080982 1.0437253200736178 0.18665916522188905
0.673015530823901 1.0457404064514288 0.175107330314948
0.6858611353466891 1.0471373889229798 0.16314742188691422

0.23784306667531538 1.149585301924884 0.2444335403743698
0.2201807905543645 1.1482988706775927 0.24772039108508168
0.20259587765506804 1.146681648047135 0.2509163393681685
0.1850953773637291 1.144737210159175 0.2540202124519571
0.16768620565133566 1.1424693105261539 0.25703087135230046
0.15037514002245717 1.1398818753156383 0.2599472112905343
0.1331688146283583 1.1369789984634866 0.2627681620988817
0.11607371554928095 1.1337649366374736 0.26549268861315817
0.0990961762506617 1.1302441040571884 0.2681197910526302
0.08224237321785106 1.1264210671761727 0.270648505386891

0.7379231253295017 -1.0291702207883742 -0.1379889234883653
0.7515711811153173 -1.0178238973565472 -0.14017603654950248
0.7650354616666012 -1.0062830288725158 -0.14235365955370996
0.7783130491151402 -0.9945507530013338 -0.1445216450737471
0.7914010821089414 -0.9826302532073937 -0.1466798463348404
0.8042967565656169 -0.9705247576832599 -0.1488281172246205
0.8169973264045478 -0.9582375382654891 -0.15096631230301397
0.8295001042575818 -0.9457719093378716 -0.1530942868120899
0.8418024621580494 -0.9331312267225332 -0.15521189668585997
0.8539018322078696 -0.920318886559346 -0.15731899856003206

0.6650309151043411 0.9011619095276562 0.2749625478329102
0.6547918611889126 0.9142451428845925 0.27292688584485647
0.6442948585116138 0.9271903817523206 0.2708155679454608
0.6335414798805994 0.9399916137508278 0.26862917939652076
0.6225334561860804 0.9526428381404215 0.26636832626957707
0.6112726765356623 0.9651380703204416 0.26403363527790946
0.5997611882560173 0.977471346338162 0.26162575360281004
0.5880011967605164 0.9896367274038159 0.2591453487141838
0.5759950652825827 1.0016283044076852 0.2565931081855241
0.5637453144746482 1.013440202435169 0.2539697395033162

0.5637453144746482 1.013440202435169 0.2539697395033162
0.5582648372606301 0.9981789823897215 0.26335133566129815
0.552448068086814 0.9824697569990974 0.27172650771626267
0.546322940409496 0.9663696623173501 0.2790632490903738
0.5399188203882229 0.9499371767395068 0.2853335216750038
0.5332664004191591 0.9332318915086834 0.29051336298123737
0.5263975865433036 0.9163142774799344 0.2945829777149768
0.5193453801441376 0.8992454490581522 0.2975268134266865
0.512143754375319 0.882086926236154 0.29933361994667146
0.5048275257834252 0.8649003956642577 0.29999649237875314

1.2621697194924815 0.14684771325658905 0.12934613520657076
1.254810648469137 0.1488331709829203 0.14321898596931268
1.2467437776158938 0.150701239341129 0.15670587400424754
1.2379906198041084 0.15244975642389333 0.16977045331953372
1.2285745293390897 0.1540769805182308 0.18237751600864932
1.2185206372365924 0.15558160284290992 0.194493087132642
1.207855781666514 0.1569627588213615 0.2060845162796385
1.19660843375756 0.15822003783860936 0.21712056555486897
1.1848086189693283 0.15935349143571104 0.2275714937640801
1.172487834250394 0.16036363990035152 0.23740913656347035

1.2621697194937378 -0.14684771325242196 -0.12934613520496713
1.2547011528321876 -0.1485822995148932 -0.1434731728592745
1.2464994498724393 -0.15019880559303456 -0.15719906672523679
1.2375873160732722 -0.15169544625448342 -0.17048543989270357
1.2279894350484233 -0.15307086649831675 -0.18329514432933156
1.2177323978734236 -0.15432415326722276 -0.1955923647446182
1.2068446270224895 -0.15545484562549305 -0.20734271872765558
1.195356295154204 -0.15646294335288585 -0.2185133528786253
1.183299238979294 -0.15734891390975814 -0.2290730346652552
1.170706868457713 -0.158113697734397 -0.23899223974741113

1.170706868457713 -0.158113697734397 -0.23899223974741113
1.1805736791662322 -0.14155010486769437 -0.23295477855051985
1.1900053670114996 -0.12470621091036886 -0.2266697663969504
1.1989875869488447 -0.10759361150967621 -0.22014388209698943
1.2075064916613856 -0.09022452400578408 -0.21338406042532448
1.2155487610730988 -0.07261176538666589 -0.20639748475175906
1.2231016307932172 -0.05476872887926611 -0.19919157940775628
1.2301529194282006 -0.03670935922865811 -0.19177400179692358
1.2366910547000614 -0.018448126719883114 -0.18415263425782138
1.2427050983124834 -3.043749641864961e-16 -0.1763355756877431

0.8036573625950415 -0.6156745491032852 0.2997443068157797
0.8184952318613395 -0.6059924236347243 0.29943451655887343
0.8332243800702036 -0.5959838477586547 0.29900352602846364
0.8478360001824774 -0.5856485203037178 0.29845150967394507
0.8623212070136682 -0.5749864113112885 0.2977786909315932
0.8766710463747471 -0.5639977659171591 0.2969853421341255
0.8908765043685393 -0.5526831079100618 0.2960717844004708
0.9049285168300076 -0.5410432429612325 0.29503838750579225
0.9188179788985341 -0.5290792615196471 0.2938855697318154
0.9325357547101031 -0.516792541368 0.2926137976975229

1.085045189045822 0.28788426095471553 0.2738111655618393
1.077061608831735 0.27177333687520683 0.2787808988801173
1.0686529066739647 0.25585315512698453 0.28324531487601134
1.059843177474792 0.24013884092398835 0.2871963213640592
1.050657278435942 0.22464451818868492 0.2906267567631508
1.041120762094213 0.20938327148114308 0.29353040307758616
1.031259807352791 0.19436711132207748 0.2959019971677934
1.0211011487070614 0.17960694301349256 0.2977372402902782
1.0106720038691226 0.16511253904983358 0.2990328058895113
1.000000000000004 0.15089251520154 0.29978634562763246

1.2634766260936463 0.13408596981521823 -0.1295800929428382
1.2559862651420206 0.13755456666073743 -0.14342151067668898
1.2477839242244204 0.14089503272288284 -0.1568778484335123
1.2388914137429756 0.14410268588396 -0.16991297658247514
1.2293323891010453 0.14717334829989204 -0.18249189642063202
1.2191322840049537 0.1501033696279495 -0.19458083414278843
1.2083182388618043 0.1528896483800605 -0.2061473315225711
1.1969190244776986 0.1555296513123851 -0.21716033306123178
1.1849649612738224 0.15802143076850353 -0.2275902693701934
1.1724878342503808 0.16036363990053948 -0.23740913656346074

1.2634766260936956 -0.13408596981522794 0.12958009294273373
1.2559862651420675 -0.13755456666071245 0.14342151067660822
1.2477839242244633 -0.14089503272282328 0.15687784843345431
1.2388914137430116 -0.14410268588386596 0.16991297658243873
1.229332389101073 -0.1471733482997639 0.18249189642061592
1.2191322840049712 -0.15010336962778745 0.19458083414279118
1.20831823886181 -0.15288964837986488 0.2061473315225911
1.1969190244776908 -0.1555296513121563 0.21716033306126722
1.1849649612737996 -0.1580214307682419 0.2275902693702425
1.1724878342503418 -0.1603636399002455 0.23740913656352136

1.2427050983124834 -3.043749641864961e-16 -0.1763355756877431
1.2368650722860948 0.018682029096727063 -0.18392412273611092
1.2305084480409898 0.03718051538289702 -0.19132861484760064
1.223645560502853 0.055480827114275835 -0.19854164226373172
1.2162873425443337 0.07356880001683871 -0.20555598682689646
1.2084453021648456 0.09143076250454824 -0.2123646292036513
1.2001314985325744 0.109053559812239 -0.21896075590904246
1.1913585169407208 0.12642457699216136 -0.22533776612493722
1.1821394427323428 0.14353176072522056 -0.2314892783055368
1.1724878342503808 0.16036363990053948 -0.23740913656346074

-0.7595468225419432 -0.8258107983003595 0.2740747979671175
-0.7466263636205056 -0.8428918094247254 0.27224869614555386
-0.7333139539425516 -0.8597566269540111 0.2703635608189822
-0.719613028404891 -0.8763955556565959 0.2684198007538992
-0.7055272828553245 -0.8927989458320361 0.26641783742879555
-0.6910606738300464 -0.9089572008748186 0.2643581049427638
-0.6762174180593093 -0.9248607848515981 0.2622410499213702
-0.6610019917405392 -0.9405002300845481 0.2600671314198093
-0.645419129578317 -0.9558661447334243 0.2578368208233644
-0.6294738235908861 -0.9709492203689182 0.2555506017451937

0.1433395639422573 1.2416251247363062 0.16602454827749255
0.15475578331203266 1.233245503191665 0.17604290792517827
0.16596633149264584 1.2243644145287116 0.185770349928107
0.1769602295678736 1.2149977289732077 0.19519079931597533
0.18772713583244466 1.2051621222857967 0.20428868843552891
0.19825737584725225 1.1948750371483154 0.21304898267670527
0.2085419706777217 1.1841546427965144 0.2214572053179025
0.2185726632378698 1.1730197929986474 0.22949946144931593
0.22834194266752092 1.1614899824834597 0.23716246093480858
0.23784306667531538 1.149585301924884 0.2444335403743698

1.2263731994403348 -0.30072993021963834 -0.14486157757219403
1.2313273693717393 -0.2839255916601251 -0.14316088480597788
1.2360403808594813 -0.2670393479445034 -0.14145421356810597
1.2405108482236293 -0.25007480007948246 -0.13974163513004068
1.2447374416433565 -0.2330355732407158 -0.1380232210099321
1.2487188875917368 -0.21592531587203595 -0.1362990429696315
1.2524539692554315 -0.19874769877664952 -0.13456917301169422
1.2559415269391137 -0.181506414200556 -0.13283368337637314
1.2591804584544843 -0.16420517490845657 -0.13109264653860164
1.2621697194937378 -0.14684771325242196 -0.12934613520496713

1.2251512504980755 0.2979138650167038 0.14817601822896534
1.2302279140430745 0.2814405658584245 0.14611879867105196
1.2350670595986561 0.2648807664650366 0.1440525312507351
1.2396671602818081 0.2482380873971137 0.1419773439139292
1.2440267474340676 0.2315161773704269 0.1398933651588812
1.2481444111618836 0.21471871226683759 0.13780072402821397
1.2520188008592468 0.19784939413448385 0.1356995501009357
1.2556486257123636 0.18091195017759548 0.13358997348441629
1.2590326551861706 0.16391013173627497 0.13147212480633072
1.2621697194924815 0.14684771325658905 0.12934613520657076

0.9097398581212318 0.2728173022328312 0.29576437962772945
0.9204447922099334 0.26031763325818447 0.2968365123047657
0.9310019854774358 0.24755406888284961 0.29775316685101794
0.9414024029291187 0.23452697958998023 0.2985138631377636
0.9516369443651282 0.22123706069283844 0.2991182027246767
0.9616964566650221 0.20768533597636699 0.29956586906852406
0.9715717462253337 0.1938731608667888 0.29985662768896554
0.9812535915317958 0.17980222512334432 0.2999903262913712
0.9907327558477409 0.16547455504698252 0.29996689484659045
1.000000000000004 0.15089251520154 0.29978634562763246

0.4050938942272348 1.045973753784582 0.2742159677042626
0.4227378563478765 1.0436755189623745 0.2722387564433606
0.4403938080779188 1.041051557056605 0.27019217503238563
0.4580549978015195 1.0381001577784268 0.26807674496820844
0.47571460035036006 1.034819770246957 0.26589300529127624
0.49336572122258454 1.0312090055779872 0.2636415124482578
0.5110014008863986 1.027266639351699 0.26132284015025303
0.5286146191646899 1.0229916139566981 0.25893757922660376
0.5461982996969428 1.0183830408078096 0.2564863374743422
0.5637453144746482 1.013440202435169 0.2539697395033162

0.6993556881772879 -0.9203014393428551 0.2563243286486833
0.6870028075854854 -0.9264601947784961 0.25782253141482253
0.6745935529346289 -0.9324443071951436 0.2592965321622408
0.6621305945208266 -0.9382534000931101 0.2607461925252433
0.6496166009797613 -0.9438871414678662 0.26217137642298777
0.637054238484679 -0.9493452436580987 0.26357195007225825
0.6244461699490587 -0.9546274631783942 0.2649477820000238
0.6117950542342674 -0.9597336005366711 0.26629874305577955
0.5991035453625077 -0.9646635000364804 0.26762470642367053
0.5863742917353577 -0.9694170495643115 0.2689255476343958

0.8036573625950415 -0.6156745491032852 0.2997443068157797
0.816216403246792 -0.622727598231495 0.2988144439941114
0.8287584369810537 -0.6296965789381803 0.29720646932921924
0.8412574089469919 -0.6365622373125764 0.2949240318637978
0.8536872789070893 -0.6433056515511755 0.2919723112265692
0.8660220816218621 -0.649908274659415 0.28835800587794
0.8782359872321426 -0.6563519760644644 0.28408931790891084
0.8903033614976289 -0.6626190820451315 0.27917593442773564
0.9021988257503544 -0.6686924148881493 0.2736290055765707
0.9138973164220295 -0.6745553306835501 0.2674611192280008

