0.1853817840345119 -0.9605267150189163 0.28758568450869676
0.17107567732396056 -1.020238579718519 0.2967037593216762

0.1853817840345119 -0.9605267150189163 0.28758568450869676
0.24243309923470968 -0.932883460817461 0.28165819703165007

0.1853817840345119 -0.9605267150189163 0.28758568450869676
0.1426365755448654 -0.9284581045207689 0.2843950971727639

-0.8249969200387154 -0.2252022376143236 0.25269529304832966
-0.7833895196108163 -0.18068535896393748 0.23031339307846144

-0.8249969200387154 -0.2252022376143236 0.25269529304832966
-0.874321041705016 -0.19500759900397363 0.27680570117597325

-0.8249969200387154 -0.2252022376143236 0.25269529304832966
-0.8172801988003136 -0.2999137548750598 0.2509667848905542

0.990457680970989 0.6724234093558272 0.2053462356741238
1.0215637740289811 0.7136263866530603 0.16657874714941906

0.990457680970989 0.6724234093558272 0.2053462356741238
0.9485106731778299 0.6892812299656578 0.22500707937407755

0.990457680970989 0.6724234093558272 0.2053462356741238
1.0012985957061558 0.6143626114487637 0.2244528804988748

0.8515934518307073 -0.8340365598230477 0.2074078317187881
0.8019060525038073 -0.8497245343309264 0.22414301567924

0.8515934518307073 -0.8340365598230477 0.2074078317187881
0.8938183835116552 -0.8680887158847848 0.1671188457992006

0.8515934518307073 -0.8340365598230477 0.2074078317187881
0.8590559194766596 -0.784296429253432 0.23096163367792372

0.9035376572233392 0.7110785685081793 0.2430775989953736
0.9485106731778299 0.6892812299656578 0.22500707937407755

0.9035376572233392 0.7110785685081793 0.2430775989953736
0.8911837384075066 0.7716091253815883 0.22317579213129377

0.9035376572233392 0.7110785685081793 0.2430775989953736
0.8709185600846812 0.6723453501772917 0.2810499254807495

0.09378826590595972 -0.8973794875133909 0.2731639417563378
0.1426365755448654 -0.9284581045207689 0.2843950971727639

0.09378826590595972 -0.8973794875133909 0.2731639417563378
0.10504282204188142 -0.8381626195591728 0.2600255829031116

0.09378826590595972 -0.8973794875133909 0.2731639417563378
0.033685400131132304 -0.9255177384602309 0.2750711451931378

1.0754689178213301 -0.24216413861629682 0.2698422469056519
1.026959459606824 -0.2830643879743225 0.2860588020767171

1.0754689178213301 -0.24216413861629682 0.2698422469056519
1.11578543445806 -0.2710840640998343 0.2548788137657604

1.0754689178213301 -0.24216413861629682 0.2698422469056519
1.083661859399106 -0.17234396377473366 0.26858912487447817

0.24126372208983704 -1.1398041461784623 0.22910439876816016
0.19629914735650178 -1.107109657960346 0.260644324013494

0.24126372208983704 -1.1398041461784623 0.22910439876816016
0.22645948262785315 -1.197374251260088 0.19667316856195916

0.24126372208983704 -1.1398041461784623 0.22910439876816016
0.30103253628515625 -1.1149285293149531 0.2299957037290274

-0.9267608028854424 -0.17813802413630317 0.28356650908302833
-0.9360353438809068 -0.11008903874690681 0.27662021713050944

-0.9267608028854424 -0.17813802413630317 0.28356650908302833
-0.9699260230704041 -0.22931743465802912 0.29727360894260213

-0.9267608028854424 -0.17813802413630317 0.28356650908302833
-0.874321041705016 -0.19500759900397363 0.27680570117597325

1.151213966090866 -0.2814195208612666 0.22046514330282804
1.140577032011128 -0.3419474613417771 0.21199314667248131

1.151213966090866 -0.2814195208612666 0.22046514330282804
1.19727943180341 -0.23122703714218829 0.1945234694702424

1.151213966090866 -0.2814195208612666 0.22046514330282804
1.11578543445806 -0.2710840640998343 0.2548788137657604

-0.6987514103564979 0.318799254401314 -0.17983756595431888
-0.6845149321652111 0.26607174120783056 -0.14226709979567076

-0.6987514103564979 0.318799254401314 -0.17983756595431888
-0.7350680748553977 0.30422935396909423 -0.22098594247036424

-0.6987514103564979 0.318799254401314 -0.17983756595431888
-0.676671224048885 0.38609666802701725 -0.17625965559692164

-0.7149502605129717 -0.27219652677373324 -0.17604658945195037
-0.6693955479710838 -0.2851301273362648 -0.13629417171592276

-0.7149502605129717 -0.27219652677373324 -0.17604658945195037
-0.7247728004077005 -0.3179966118817046 -0.21237843195788186

-0.7149502605129717 -0.27219652677373324 -0.17604658945195037
-0.7506824331601312 -0.21346284110323038 -0.17946716468204651

-0.7250164925083006 0.5864899243127045 0.28141221252509724
-0.7724053602281761 0.5451110738044351 0.27764875183573534

-0.7250164925083006 0.5864899243127045 0.28141221252509724
-0.6748353399118983 0.559185722452209 0.2738238583142602

-0.7250164925083006 0.5864899243127045 0.28141221252509724
-0.7278087773848277 0.6551729766814693 0.29276402742529617

-0.1310634712597703 -0.8788069638816082 0.27018024109634936
-0.19464103020372964 -0.9005993190730949 0.27991954618278125

-0.1310634712597703 -0.8788069638816082 0.27018024109634936
-0.07196597737064088 -0.9118620856921191 0.2753486013535025

-0.1310634712597703 -0.8788069638816082 0.27018024109634936
-0.12658340620494044 -0.8239594868796105 0.2552725757527643

-0.11822768727598582 -0.7892519288179746 0.21161313617235145
-0.1753873542280529 -0.7662667664776444 0.19206888879678438

-0.11822768727598582 -0.7892519288179746 0.21161313617235145
-0.12658340620494044 -0.8239594868796105 0.2552725757527643

-0.11822768727598582 -0.7892519288179746 0.21161313617235145
-0.052712301394964134 -0.7775295330966685 0.1874979439675056

-0.6275368113410074 0.5521039528399708 0.24130021869323012
-0.6748353399118983 0.559185722452209 0.2738238583142602

-0.6275368113410074 0.5521039528399708 0.24130021869323012
-0.6261858384772361 0.49353211659533464 0.21748076108793465

-0.6275368113410074 0.5521039528399708 0.24130021869323012
-0.5815892556338877 0.6035940194723688 0.23259603667749554

-0.7563402645705594 -0.16266373934218828 0.18327343150258477
-0.7713360585027822 -0.1011998515957706 0.17267290885735595

-0.7563402645705594 -0.16266373934218828 0.18327343150258477
-0.7833895196108163 -0.18068535896393748 0.23031339307846144

-0.7563402645705594 -0.16266373934218828 0.18327343150258477
-0.7142952155980797 -0.20610600746685676 0.1468339925719369

0.7700647605278644 0.8629769579415706 0.24006857811615634
0.7483013281346177 0.9171288141157448 0.22049354805525165

0.7700647605278644 0.8629769579415706 0.24006857811615634
0.7393112702093496 0.8279175775604393 0.2770905930354379

0.7700647605278644 0.8629769579415706 0.24006857811615634
0.8225816832396262 0.8438844821485278 0.22262159325777942

1.0949924222884253 -0.6479377894567525 0.06627749909644035
1.1108345489342715 -0.5979495550430249 0.09941624864466056

1.0949924222884253 -0.6479377894567525 0.06627749909644035
1.059981021407952 -0.6834887895716046 0.09941624864466056

1.0949924222884253 -0.6479377894567525 0.06627749909644035
1.1141616965230525 -0.6623750237556278 -7.347880794884119e-17

-0.7483134079146052 -0.5950763597636596 0.28518464564405566
-0.8069601514035285 -0.5732268841702673 0.286731680605212

-0.7483134079146052 -0.5950763597636596 0.28518464564405566
-0.7387377721141304 -0.6541039512987092 0.28572657588621214

-0.7483134079146052 -0.5950763597636596 0.28518464564405566
-0.699242300226157 -0.5578982438220024 0.28309568044074285

-0.6693892350629432 -0.5190638787303606 0.24533637128547345
-0.699242300226157 -0.5578982438220024 0.28309568044074285

-0.6693892350629432 -0.5190638787303606 0.24533637128547345
-0.6203515128366373 -0.5400852297487606 0.22595416434833882

-0.6693892350629432 -0.5190638787303606 0.24533637128547345
-0.6885738921260355 -0.4592081626203187 0.22695926906733865

0.16047554231420144 0.8460902646755275 0.25432801109794667
0.19512091928072955 0.8055082303928602 0.23542798789066177

0.16047554231420144 0.8460902646755275 0.25432801109794667
0.18898928929550998 0.8892887791808006 0.2871879024241575

0.16047554231420144 0.8460902646755275 0.25432801109794667
0.09731641836636482 0.8434737844529216 0.24036814297902087

0.21369088151064344 0.9347969238712954 0.28950468787166633
0.2749439280753926 0.9385682191865121 0.28819300305124124

0.21369088151064344 0.9347969238712954 0.28950468787166633
0.17713942716102782 0.9765337732465735 0.2931331581396003

0.21369088151064344 0.9347969238712954 0.28950468787166633
0.18898928929550998 0.8892887791808006 0.2871879024241575

1.0089010850511977 0.5575277144227183 0.2418354594862627
0.9761757792981431 0.5169376875659943 0.2797409150922859

1.0089010850511977 0.5575277144227183 0.2418354594862627
1.0492288801492946 0.5412828442533968 0.2213125828676274

1.0089010850511977 0.5575277144227183 0.2418354594862627
1.0012985957061558 0.6143626114487637 0.2244528804988748

0.7677225977283008 -0.8732501693349026 0.23487012000238774
0.7332496383230498 -0.8431168435212144 0.2721550661033232

0.7677225977283008 -0.8732501693349026 0.23487012000238774
0.7680121023580454 -0.9269091301525672 0.2083122782246001

0.7677225977283008 -0.8732501693349026 0.23487012000238774
0.8019060525038073 -0.8497245343309264 0.22414301567924

0.538611749187243 -0.7401190252374334 0.28048069567739775
0.49836849007480855 -0.7926981994515654 0.28180442258436

0.538611749187243 -0.7401190252374334 0.28048069567739775
0.6065524984853143 -0.7314333995147697 0.2886168610081472

0.538611749187243 -0.7401190252374334 0.28048069567739775
0.5109142590016063 -0.6962254767459652 0.271020803439686

1.016090887731684 -0.5058867835088082 0.2545982619849478
0.994594814264637 -0.5679279311135008 0.24572314749342206

1.016090887731684 -0.5058867835088082 0.2545982619849478
1.0578684542424746 -0.5004339045792124 0.23559049412866023

1.016090887731684 -0.5058867835088082 0.2545982619849478
0.9958093946879405 -0.44929851483371164 0.28248114433276106

1.0916653140255794 -0.48936372514807175 0.21240184551160632
1.0578684542424746 -0.5004339045792124 0.23559049412866023

1.0916653140255794 -0.48936372514807175 0.21240184551160632
1.10795645370548 -0.543143343572396 0.18242852278340985

1.0916653140255794 -0.48936372514807175 0.21240184551160632
1.1091710341287835 -0.42451392729260673 0.21918651962274888

0.36237531195567163 -1.1009598943639258 0.23393259851020357
0.408126867426605 -1.1391078735382831 0.2039154681750242

0.36237531195567163 -1.1009598943639258 0.23393259851020357
0.37796653215525355 -1.048843280238541 0.26788662362655913

0.36237531195567163 -1.1009598943639258 0.23393259851020357
0.30103253628515625 -1.1149285293149531 0.2299957037290274

0.1546258161157066 -1.076677513114173 0.2735764358299261
0.09650262366665749 -1.102684301663654 0.26338122415460796

0.1546258161157066 -1.076677513114173 0.2735764358299261
0.19629914735650178 -1.107109657960346 0.260644324013494

0.1546258161157066 -1.076677513114173 0.2735764358299261
0.17107567732396056 -1.020238579718519 0.2967037593216762

0.8773363851251162 -0.7477160630634714 0.24312812886128274
0.9324327834532685 -0.7386079707454202 0.22069929151294254

0.8773363851251162 -0.7477160630634714 0.24312812886128274
0.8405204524454206 -0.7202437891915618 0.277723461392982

0.8773363851251162 -0.7477160630634714 0.24312812886128274
0.8590559194766596 -0.784296429253432 0.23096163367792372

-0.7456741222567346 -0.711339566965926 0.2818426499131806
-0.8030012229167225 -0.7476216949736669 0.28171868700889935

-0.7456741222567346 -0.711339566965926 0.2818426499131806
-0.6952833717393508 -0.732293054625402 0.27808268684443027

-0.7456741222567346 -0.711339566965926 0.2818426499131806
-0.7387377721141304 -0.6541039512987092 0.28572657588621214

1.0875801792650763 0.5151107410762178 0.20134374177337666
1.0941944206189609 0.45331222754624356 0.21900333852295684

1.0875801792650763 0.5151107410762178 0.20134374177337666
1.1193172370269735 0.5507371514290129 0.16371530392954575

1.0875801792650763 0.5151107410762178 0.20134374177337666
1.0492288801492946 0.5412828442533968 0.2213125828676274

1.023643431100137 -0.7232127299835 0.12425665369573513
1.059981021407952 -0.6834887895716046 0.09941624864466056

1.023643431100137 -0.7232127299835 0.12425665369573513
1.0038110621518392 -0.710861965833146 0.18638498054360275

1.023643431100137 -0.7232127299835 0.12425665369573513
1.0071382097406203 -0.775287434545749 0.08696873189894211

0.3183272501260066 0.9743700640525353 0.28353399126891493
0.3459438422185547 0.9486484894526606 0.2782318575200304

0.3183272501260066 0.9743700640525353 0.28353399126891493
0.33409398008407254 1.0358934835184335 0.28417711323547323

0.3183272501260066 0.9743700640525353 0.28353399126891493
0.2749439280753926 0.9385682191865121 0.28819300305124124

-0.6618015116832655 -0.7654634408805343 0.2851040586053064
-0.6952833717393508 -0.732293054625402 0.27808268684443027

-0.6618015116832655 -0.7654634408805343 0.2851040586053064
-0.6771923070565189 -0.8288075058455795 0.28661080004708805

-0.6618015116832655 -0.7654634408805343 0.2851040586053064
-0.6129288562539268 -0.7352897621706218 0.29061868892440085

0.3989050700735115 0.9207324581898596 0.28548673580627126
0.4549607100053299 0.9554370747244199 0.2871062300415077

0.3989050700735115 0.9207324581898596 0.28548673580627126
0.3459438422185547 0.9486484894526606 0.2782318575200304

0.3989050700735115 0.9207324581898596 0.28548673580627126
0.39581065799664994 0.8581118103924985 0.29112211985727576

-0.3293495058408358 0.9959401389436691 0.28470692401728215
-0.26871200843976983 0.9880896574859681 0.28701473749558326

-0.3293495058408358 0.9959401389436691 0.28470692401728215
-0.3634939780390473 1.042160981716403 0.2800443985490916

-0.3293495058408358 0.9959401389436691 0.28470692401728215
-0.3558425310436901 0.957569777628636 0.28706163600717166

1.1581597390135123 0.34952155356442627 0.1944644144585598
1.124663983271231 0.37532539783828756 0.2176086125733572

1.1581597390135123 0.34952155356442627 0.1944644144585598
1.1550982197719484 0.29289906298570967 0.21099359189540215

1.1581597390135123 0.34952155356442627 0.1944644144585598
1.1947170139973575 0.38034019986928164 0.15479103890692014

0.9982786281826236 -0.06144142921640743 0.29013434098750907
0.9510653931176933 -0.092162143824611 0.29254303403699056

0.9982786281826236 -0.06144142921640743 0.29013434098750907
1.043770491430177 -0.09216214382461103 0.29254303403699045

0.9982786281826236 -0.06144142921640743 0.29013434098750907
1.0000000000000002 -2.4492935982947074e-16 0.28531695488854614

0.5282370520256269 0.7585643667441255 0.27951660952101137
0.5399418151467278 0.7053963522840594 0.26927666809214057

0.5282370520256269 0.7585643667441255 0.27951660952101137
0.5721372491105252 0.7911339663864134 0.29872492275861773

0.5282370520256269 0.7585643667441255 0.27951660952101137
0.4726320918196277 0.7791627815619037 0.27054823771227593

0.3006531504114292 -0.9268583894172276 0.28775589495804477
0.3439827268893365 -0.969736091315986 0.2969590749956983

0.3006531504114292 -0.9268583894172276 0.28775589495804477
0.3155436251102413 -0.877955616118236 0.28465041284678605

0.3006531504114292 -0.9268583894172276 0.28775589495804477
0.24243309923470968 -0.932883460817461 0.28165819703165007

0.3269292169855635 1.1338005255977606 0.2269982679091412
0.2878468783647279 1.17771391150435 0.20338941801158064

0.3269292169855635 1.1338005255977606 0.2269982679091412
0.3214684804512751 1.0977795278547329 0.2593247540393161

0.3269292169855635 1.1338005255977606 0.2269982679091412
0.37147229214068755 1.125908137434199 0.21828063167652695

-0.8827366506852661 -0.4371382774792991 0.28778699355998466
-0.9403726362701215 -0.4171968278721685 0.2896300977601056

-0.8827366506852661 -0.4371382774792991 0.28778699355998466
-0.8699991155806424 -0.4985894187614008 0.282950943845944

-0.8827366506852661 -0.4371382774792991 0.28778699355998466
-0.8378382002050342 -0.3956285858043282 0.2907799390739043

0.7060231709521082 0.7910675640764825 0.28387817973645274
0.7393112702093496 0.8279175775604393 0.2770905930354379

0.7060231709521082 0.7910675640764825 0.28387817973645274
0.6522389437709832 0.8092647233181127 0.28620795048569625

0.7060231709521082 0.7910675640764825 0.28387817973645274
0.7265192988759916 0.7360203913508957 0.288335995688224

-0.38174599545709736 -1.1160314348773674 0.2281907475018532
-0.36474333971487466 -1.0836721206751876 0.26074868106107585

-0.38174599545709736 -1.1160314348773674 0.2281907475018532
-0.44066528819403994 -1.119082048612606 0.20985248094571815

-0.38174599545709736 -1.1160314348773674 0.2281907475018532
-0.3398293584623773 -1.1453401353443085 0.2139710804987656

1.091144676761248 0.3981695720157343 0.23727261420258428
1.054575626393552 0.36587109066267154 0.2752058915114388

1.091144676761248 0.3981695720157343 0.23727261420258428
1.124663983271231 0.37532539783828756 0.2176086125733572

1.091144676761248 0.3981695720157343 0.23727261420258428
1.0941944206189609 0.45331222754624356 0.21900333852295684

1.1269760438201109 -0.5543741587906134 0.12161901518893987
1.10795645370548 -0.543143343572396 0.18242852278340985

1.1269760438201109 -0.5543741587906134 0.12161901518893987
1.1108345489342715 -0.5979495550430249 0.09941624864466056

1.1269760438201109 -0.5543741587906134 0.12161901518893987
1.1621371288205804 -0.5220295777564192 0.0830122741387492

-0.3696283133795031 0.9136286619037749 0.28740454982850944
-0.42391218934704833 0.9186937661565617 0.2840908372659324

-0.3696283133795031 0.9136286619037749 0.28740454982850944
-0.3291302197477708 0.8646224419261267 0.2910611762124242

-0.3696283133795031 0.9136286619037749 0.28740454982850944
-0.3558425310436901 0.957569777628636 0.28706163600717166

0.8713130726599693 0.8254379898223366 0.20412537751339355
0.8911837384075066 0.7716091253815883 0.22317579213129377

0.8713130726599693 0.8254379898223366 0.20412537751339355
0.9001737963327747 0.8608203619368939 0.16657874715110746

0.8713130726599693 0.8254379898223366 0.20412537751339355
0.8225816832396262 0.8438844821485278 0.22262159325777942

-0.366935260696948 0.7481671615548983 0.24123583467575901
-0.3248888699937582 0.7756460957084421 0.23929905208288033

-0.366935260696948 0.7481671615548983 0.24123583467575901
-0.42411396007722824 0.7594778618509315 0.2665998886663507

-0.366935260696948 0.7481671615548983 0.24123583467575901
-0.35180295201985745 0.7093775271053211 0.21780856327804604

-0.4825781804253137 0.5523200375079901 -0.1145865079593774
-0.53174082719851 0.5220742014662546 -0.11389938550841029

-0.4825781804253137 0.5523200375079901 -0.1145865079593774
-0.4733711687791759 0.583821771154558 -0.16514296043012727

-0.4825781804253137 0.5523200375079901 -0.1145865079593774
-0.44262254529825507 0.5510641399031577 -0.06471717793959464

-0.6804036747539847 0.243548357174828 -0.08719831707165665
-0.7075464714516279 0.1913530081293652 -0.0820270691463709

-0.6804036747539847 0.243548357174828 -0.08719831707165665
-0.6845149321652111 0.26607174120783056 -0.14226709979567076

-0.6804036747539847 0.243548357174828 -0.08719831707165665
-0.6491496206451153 0.27322032218728826 -0.03730078227292828

-0.5580981120590135 -0.475348309048859 -0.12074465259336047
-0.5747914150649622 -0.481289435542061 -0.17748787045478842

-0.5580981120590135 -0.475348309048859 -0.12074465259336047
-0.5840987106328845 -0.426564977088597 -0.08823182793113132

-0.5580981120590135 -0.475348309048859 -0.12074465259336047
-0.5154042104791937 -0.5181905145159189 -0.09651425939416163

-0.7456508650713826 0.054430181580164494 -0.14982244394679903
-0.7667517578527353 0.07292847788862987 -0.2013584006621693

-0.7456508650713826 0.054430181580164494 -0.14982244394679903
-0.7231804312402005 0.10081900805657062 -0.11687195859258594

-0.7456508650713826 0.054430181580164494 -0.14982244394679903
-0.7470204061212121 -0.01045694120470702 -0.13123697258564185

-0.6568730435373831 -0.2922001655141918 -0.07884052553200792
-0.6376569749443173 -0.3480020699923924 -0.06656933607796818

-0.6568730435373831 -0.2922001655141918 -0.07884052553200792
-0.6693955479710838 -0.2851301273362648 -0.13629417171592276

-0.6568730435373831 -0.2922001655141918 -0.07884052553200792
-0.663566607696748 -0.24346829921391822 -0.03365806880213283

-0.3586013352701333 0.6750183373279527 0.17254455904124488
-0.35180295201985745 0.7093775271053211 0.21780856327804604

-0.3586013352701333 0.6750183373279527 0.17254455904124488
-0.41161307193700625 0.6497546255105131 0.1635629752145795

-0.3586013352701333 0.6750183373279527 0.17254455904124488
-0.3123879818535362 0.6659228593680238 0.13626213863110914

-0.6218798503809083 0.4532467663508612 0.17875777591685163
-0.6261858384772361 0.49353211659533464 0.21748076108793465

-0.6218798503809083 0.4532467663508612 0.17875777591685163
-0.6663498984717497 0.4108999427185446 0.18001019414969247

-0.6218798503809083 0.4532467663508612 0.17875777591685163
-0.5731038141937392 0.4553082397387044 0.1387823725129278

0.027023907774376552 1.0150291745993512 0.28758193655170367
0.08671358079949816 1.0268377002085174 0.28138828144970374

0.027023907774376552 1.0150291745993512 0.28758193655170367
-0.0050565325290077845 1.0589165952785957 0.28530887607129723

0.027023907774376552 1.0150291745993512 0.28758193655170367
-0.0005853249473607158 0.9593332283109403 0.29604865213411

-0.21432200330374018 -0.7338760958043018 0.17171192182947628
-0.270724880246572 -0.7408957373591015 0.1954207542384516

-0.21432200330374018 -0.7338760958043018 0.17171192182947628
-0.1753873542280529 -0.7662667664776444 0.19206888879678438

-0.21432200330374018 -0.7338760958043018 0.17171192182947628
-0.1968537754365957 -0.6944657835761594 0.1276461224531929

1.0866762723702321 -0.11489597584982252 0.2741650682125008
1.043770491430177 -0.09216214382461103 0.29254303403699045

1.0866762723702321 -0.11489597584982252 0.2741650682125008
1.083661859399106 -0.17234396377473366 0.26858912487447817

1.0866762723702321 -0.11489597584982252 0.2741650682125008
1.132596466281413 -0.08018181995012288 0.26136304572603375

-0.5683733909902928 -0.5511307103804876 0.1991951778982137
-0.6203515128366373 -0.5400852297487606 0.22595416434833882

-0.5683733909902928 -0.5511307103804876 0.1991951778982137
-0.5477185341171814 -0.605998491297193 0.21388389035985322

-0.5683733909902928 -0.5511307103804876 0.1991951778982137
-0.5370501260170599 -0.5073084100955093 0.157747478986449

0.22215484671747798 0.7636662484738576 0.20315757255990366
0.2815082459004248 0.7656527548782956 0.2104322446170929

0.22215484671747798 0.7636662484738576 0.20315757255990366
0.19512091928072955 0.8055082303928602 0.23542798789066177

0.22215484671747798 0.7636662484738576 0.20315757255990366
0.18983537497127959 0.7198377601504167 0.1636124851719563

0.34460583360386104 -0.8378005029730776 0.277836396903157
0.3155436251102413 -0.877955616118236 0.28465041284678605

0.34460583360386104 -0.8378005029730776 0.277836396903157
0.4099117516779843 -0.836149261649761 0.28207982791336655

0.34460583360386104 -0.8378005029730776 0.277836396903157
0.3083621240233575 -0.799296631151236 0.2667789499493183

-0.7589914274502632 -0.047121592579839694 0.16312437664652776
-0.7873662639303719 -0.007372138820414601 0.20008981079437593

-0.7589914274502632 -0.047121592579839694 0.16312437664652776
-0.7713360585027822 -0.1011998515957706 0.17267290885735595

-0.7589914274502632 -0.047121592579839694 0.16312437664652776
-0.7182719599176354 -0.03279278732333388 0.1166104102878514

0.30201034228115353 1.0737907563205835 0.27092925561510545
0.3214684804512751 1.0977795278547329 0.2593247540393161

0.30201034228115353 1.0737907563205835 0.27092925561510545
0.25046856630811287 1.0876992575885844 0.26928589957052695

0.30201034228115353 1.0737907563205835 0.27092925561510545
0.33409398008407254 1.0358934835184335 0.28417711323547323

0.4180759610829728 1.1307762300139046 0.200861937210182
0.37147229214068755 1.125908137434199 0.21828063167652695

0.4180759610829728 1.1307762300139046 0.200861937210182
0.458188596597389 1.093243084478949 0.22012025799087728

0.4180759610829728 1.1307762300139046 0.200861937210182
0.4245669945108419 1.173177468128566 0.16418492196314183

-0.024217600369055164 -0.946512464935355 0.2833792873899317
-0.03437222386765691 -1.0021575706537151 0.29971811562315476

-0.024217600369055164 -0.946512464935355 0.2833792873899317
0.033685400131132304 -0.9255177384602309 0.2750711451931378

-0.024217600369055164 -0.946512464935355 0.2833792873899317
-0.07196597737064088 -0.9118620856921191 0.2753486013535025

-0.243457806564246 -0.9296610305988722 0.2854807484866111
-0.29517490916165395 -0.9002405869555066 0.2782233368381569

-0.243457806564246 -0.9296610305988722 0.2854807484866111
-0.24055748032735438 -0.9881431857680151 0.2982993624388951

-0.243457806564246 -0.9296610305988722 0.2854807484866111
-0.19464103020372964 -0.9005993190730949 0.27991954618278125

-0.7828729880586659 0.3404899759642938 0.25162372453488024
-0.7271901289026366 0.3501595633573692 0.2295202393812771

-0.7828729880586659 0.3404899759642938 0.25162372453488024
-0.8068353145629856 0.3851373103766589 0.27726963878339295

-0.7828729880586659 0.3404899759642938 0.25162372453488024
-0.8145935207103756 0.2861730541588533 0.24808129543997073

-0.8621512848175956 -0.555537143056592 0.2850881545808564
-0.8699991155806424 -0.4985894187614008 0.282950943845944

-0.8621512848175956 -0.555537143056592 0.2850881545808564
-0.9094945874686159 -0.5947951262381077 0.2855818392914133

-0.8621512848175956 -0.555537143056592 0.2850881545808564
-0.8069601514035285 -0.5732268841702673 0.286731680605212

0.6031018044417972 0.8278099474334945 0.29080413111671516
0.6522389437709832 0.8092647233181127 0.28620795048569625

0.6031018044417972 0.8278099474334945 0.29080413111671516
0.5849292204438832 0.8830311525959569 0.28747952010583167

0.6031018044417972 0.8278099474334945 0.29080413111671516
0.5721372491105252 0.7911339663864134 0.29872492275861773

-0.5163153059169834 -0.9699761455188641 0.2706872396331828
-0.5416833241522064 -0.9262572013065538 0.27771581869576

-0.5163153059169834 -0.9699761455188641 0.2706872396331828
-0.5475265465187117 -1.0141816271562016 0.25609034162661104

-0.5163153059169834 -0.9699761455188641 0.2706872396331828
-0.4597360470800321 -0.9694896080938371 0.2782555585771773

0.6600828618131468 -0.742933015576371 0.2884065085247525
0.6805751590136642 -0.7969191849599718 0.2936931418553922

0.6600828618131468 -0.742933015576371 0.2884065085247525
0.6931209279404619 -0.7004464622543716 0.2829095227107181

0.6600828618131468 -0.742933015576371 0.2884065085247525
0.6065524984853143 -0.7314333995147697 0.2886168610081472

-0.8139700327210443 0.5264952414092854 0.2848337148430425
-0.8612390877039431 0.5651809523263407 0.2978962809022141

-0.8139700327210443 0.5264952414092854 0.2848337148430425
-0.8082656502310137 0.46919369809708045 0.2789561117911781

-0.8139700327210443 0.5264952414092854 0.2848337148430425
-0.7724053602281761 0.5451110738044351 0.27764875183573534

0.14550707584663558 1.02649620455644 0.28563827388869717
0.17266821957938075 1.076117140214229 0.2823933820767875

0.14550707584663558 1.02649620455644 0.28563827388869717
0.08671358079949816 1.0268377002085174 0.28138828144970374

0.14550707584663558 1.02649620455644 0.28563827388869717
0.17713942716102782 0.9765337732465735 0.2931331581396003

-0.03521319074180142 1.0869413144238775 0.2773827199277948
-0.0066420669747687955 1.134705909945307 0.2660894565138404

-0.03521319074180142 1.0869413144238775 0.2773827199277948
-0.09394097272162767 1.0672014380477297 0.2807498271982468

-0.03521319074180142 1.0869413144238775 0.2773827199277948
-0.0050565325290077845 1.0589165952785957 0.28530887607129723

-0.30361276714397634 0.8182635482716951 0.25754335970647474
-0.3291302197477708 0.8646224419261267 0.2910611762124242

-0.30361276714397634 0.8182635482716951 0.25754335970647474
-0.3248888699937582 0.7756460957084421 0.23929905208288033

-0.30361276714397634 0.8182635482716951 0.25754335970647474
-0.2568192116904 0.8145221071805164 0.24226985082411956

-0.35685934623834265 -1.0517095650002675 0.2727001717388075
-0.40333531436590797 -1.022599243796956 0.2766166173011496

-0.35685934623834265 -1.0517095650002675 0.2727001717388075
-0.36474333971487466 -1.0836721206751876 0.26074868106107585

-0.35685934623834265 -1.0517095650002675 0.2727001717388075
-0.3024993846342453 -1.0488573305286584 0.28073521685419706

0.9784961692288364 -0.299840326091008 0.2888521885747524
0.9703263115693196 -0.35759834531190116 0.2833937262694113

0.9784961692288364 -0.299840326091008 0.2888521885747524
1.026959459606824 -0.2830643879743225 0.2860588020767171

0.9784961692288364 -0.299840326091008 0.2888521885747524
0.9382027365103657 -0.25885824498680043 0.29710403737812907

-0.9614523472386186 -0.061788886070031246 0.28432120410628675
-0.9263583582347804 -0.02048389190456572 0.27793774371086094

-0.9614523472386186 -0.061788886070031246 0.28432120410628675
-1.0219633396001684 -0.054793727558621205 0.2984056514774899

-0.9614523472386186 -0.061788886070031246 0.28432120410628675
-0.9360353438809068 -0.11008903874690681 0.27662021713050944

0.8823567748756426 -0.8333469305494289 -0.19377930029203405
0.8370547539603791 -0.85289375043946 -0.21244944613274785

0.8823567748756426 -0.8333469305494289 -0.19377930029203405
0.896584246209529 -0.7898609525444704 -0.212009451158035

0.8823567748756426 -0.8333469305494289 -0.19377930029203405
0.9134313244570196 -0.8572860886643565 -0.15687900358531925

0.8529866938442915 -0.4413967082382326 0.28774979462034594
0.8386952465300066 -0.4953989611951594 0.2844052111451073

0.8529866938442915 -0.4413967082382326 0.28774979462034594
0.9070526715914822 -0.42509237184618953 0.29352637963417305

0.8529866938442915 -0.4413967082382326 0.28774979462034594
0.8132121634113856 -0.403698791673349 0.2853177930817575

-0.20992648505180211 0.9891971461176516 0.2913329072489567
-0.18435944685549685 1.032046492477377 0.2899833733966034

-0.20992648505180211 0.9891971461176516 0.2913329072489567
-0.26871200843976983 0.9880896574859681 0.28701473749558326

-0.20992648505180211 0.9891971461176516 0.2913329072489567
-0.17670799986013963 0.9474552883896098 0.2970006108546835

0.5615880715462555 -1.0942593428635694 0.17816629290932684
0.5026872677222005 -1.1168394826084946 0.1842371652251935

0.5615880715462555 -1.0942593428635694 0.17816629290932684
0.5998516756710321 -1.1048777020644185 0.1463462453277123

0.5615880715462555 -1.0942593428635694 0.17816629290932684
0.5822252712455338 -1.061060843917795 0.2039154681750747

1.187896522437219 0.47876531122873883 -0.055341516092994696
1.199337171631142 0.42973007222958487 -0.083012274139492

1.187896522437219 0.47876531122873883 -0.055341516092994696
1.1621371288201234 0.5220295777562335 -0.083012274139492

1.187896522437219 0.47876531122873883 -0.055341516092994696
1.2022152668603914 0.48453628370039803 -7.347880794884119e-17

1.1878965224375237 -0.4787653112288628 0.05534151609249944
1.1993371716315995 -0.4297300722297702 0.0830122741387492

1.1878965224375237 -0.4787653112288628 0.05534151609249944
1.1621371288205804 -0.5220295777564192 0.0830122741387492

1.1878965224375237 -0.4787653112288628 0.05534151609249944
1.202215266860391 -0.48453628370039903 -7.347880794884119e-17

1.136675702900763 -0.5619037358604482 -0.10479468590844553
1.1225059423264585 -0.5544377091771482 -0.15719202886266825

1.136675702900763 -0.5619037358604482 -0.10479468590844553
1.1648161960459835 -0.5234014835821788 -0.07831347578903049

1.136675702900763 -0.5619037358604482 -0.10479468590844553
1.122704970329847 -0.6078720148220175 -0.07887855307363784

1.1345498993677732 0.5594366973616909 0.10914353595303049
1.1193172370269735 0.5507371514290129 0.16371530392954575

1.1345498993677732 0.5594366973616909 0.10914353595303049
1.1646490007730064 0.5198011619744531 0.08070302979243756

1.1345498993677732 0.5594366973616909 0.10914353595303049
1.11968346030334 0.6077717786816064 0.08301227413710811

1.1029060365521424 -0.6545527626427475 -0.052585702049091916
1.0718514428035275 -0.6934112493505973 -0.07887855307363784

1.1029060365521424 -0.6545527626427475 -0.052585702049091916
1.122704970329847 -0.6078720148220175 -0.07887855307363784

1.1029060365521424 -0.6545527626427475 -0.052585702049091916
1.1141616965230525 -0.6623750237556278 -7.347880794884119e-17

0.989660521039558 0.8149057437943146 -0.05342269468053772
1.016151745718825 0.7716274901765154 -0.08013404202080654

0.989660521039558 0.8149057437943146 -0.05342269468053772
0.95283669706097 0.848401486549369 -0.08013404202080654

0.989660521039558 0.8149057437943146 -0.05342269468053772
0.9999931203388792 0.8246882546570594 -7.347880794884119e-17

1.1008916965344715 0.6544859385491395 0.055341516091405384
1.0688299327770205 0.693311013210186 0.08301227413710811

1.1008916965344715 0.6544859385491395 0.055341516091405384
1.11968346030334 0.6077717786816064 0.08301227413710811

1.1008916965344715 0.6544859385491395 0.055341516091405384
1.1141616965230536 0.6623750237556263 -7.347880794884119e-17

0.9836514970540876 -0.8173457067071377 0.05797915459929471
1.0071382097406203 -0.775287434545749 0.08696873189894211

0.9836514970540876 -0.8173457067071377 0.05797915459929471
0.9438231610827648 -0.8520614309186028 0.08696873189894211

0.9836514970540876 -0.8173457067071377 0.05797915459929471
0.9999931203388776 -0.8246882546570615 -7.347880794884119e-17

0.8595576460485069 -0.9518872900815722 -0.05243966618667742
0.8209974332322494 -0.9770998096074006 -0.07865949928001609

0.8595576460485069 -0.9518872900815722 -0.05243966618667742
0.8952899519444459 -0.9108905687946307 -0.07865949928001609

0.8595576460485069 -0.9518872900815722 -0.05243966618667742
0.8623855529688256 -0.9676714918426852 -7.347880794884119e-17

0.9146771565704515 0.8756383109270862 -0.10758879426512952
0.903676699015165 0.8627263408756729 -0.16138319139769425

0.9146771565704515 0.8756383109270862 -0.10758879426512952
0.8875180736352193 0.915787105356217 -0.08124914937688779

0.9146771565704515 0.8756383109270862 -0.10758879426512952
0.95283669706097 0.848401486549369 -0.08013404202080654

1.134048054352539 0.5600489302576888 -0.10982478774454225
1.118564469504122 0.5516555007730097 -0.16473718161681336

1.134048054352539 0.5600489302576888 -0.10982478774454225
1.1214425647333714 0.606461712243823 -0.08172490747732145

1.134048054352539 0.5600489302576888 -0.10982478774454225
1.1621371288201234 0.5220295777562335 -0.083012274139492

-0.01835370923140706 1.173605197884572 0.23159949425132623
-0.06865175045603614 1.1971972632387715 0.2120749886835439

-0.01835370923140706 1.173605197884572 0.23159949425132623
-0.0066420669747687955 1.134705909945307 0.2660894565138404

-0.01835370923140706 1.173605197884572 0.23159949425132623
0.020232689736583757 1.1889124204696375 0.21663403755659433

0.9162110967138819 -0.7516491106125575 -0.22373999482186271
0.8878362367177381 -0.7303470205341527 -0.25739048792749086

0.9162110967138819 -0.7516491106125575 -0.22373999482186271
0.9642128072143787 -0.7347393587590492 -0.2018200453800623

0.9162110967138819 -0.7516491106125575 -0.22373999482186271
0.896584246209529 -0.7898609525444704 -0.212009451158035

0.8521142823675166 0.9561462341297332 0.05534151609253098
0.8098323877107627 0.9834882256796432 0.08301227413879651

0.8521142823675166 0.9561462341297332 0.05534151609253098
0.8841249064229593 0.9172789848668732 0.08301227413879651

0.8521142823675166 0.9561462341297332 0.05534151609253098
0.8623855529688277 0.9676714918426831 -7.347880794884119e-17

-0.011647762311862804 0.7641620623364922 0.17213217804670491
0.025551988896257625 0.7346203511967064 0.13539444897604014

-0.011647762311862804 0.7641620623364922 0.17213217804670491
0.008700391811740371 0.7914693601405225 0.21710793231677983

-0.011647762311862804 0.7641620623364922 0.17213217804670491
-0.06919566764358641 0.7663964756722477 0.1638941528472948

0.6961728258389783 -1.0750152407378 0.05534151609253111
0.7337413567254971 -1.041489898014587 0.08301227413879671

0.6961728258389783 -1.0750152407378 0.05534151609253111
0.6502127216301532 -1.0955824947789725 0.08301227413879671

0.6961728258389783 -1.0750152407378 0.05534151609253111
0.7045643991612849 -1.0879733294198406 -7.347880794884119e-17

-0.17431240974117143 0.7005760006651948 0.081318746689207
-0.1351796836435634 0.6880911205163762 0.026724256686522646

-0.17431240974117143 0.7005760006651948 0.081318746689207
-0.1524609662477283 0.7175466138456317 0.1363441981005654

-0.17431240974117143 0.7005760006651948 0.081318746689207
-0.23529657933222253 0.6960902676335764 0.08088778528053295

0.6060600661267256 1.10990524342684 0.10972399005480217
0.5985722171571163 1.0938249020481479 0.1645859850822033

0.6060600661267256 1.10990524342684 0.10972399005480217
0.6534484497063167 1.0946016575536022 0.08157371094345715

0.6060600661267256 1.10990524342684 0.10972399005480217
0.5661595315167438 1.14128917067877 0.08301227413874605

-0.14648775481612764 0.9060520204650945 0.27986961929913384
-0.08920135150198516 0.9073288039985412 0.27278844147186904

-0.14648775481612764 0.9060520204650945 0.27986961929913384
-0.17670799986013963 0.9474552883896098 0.2970006108546835

-0.14648775481612764 0.9060520204650945 0.27986961929913384
-0.17355391308625812 0.8633719690071324 0.26981980557084895

0.6983558047843829 1.074075332446802 -0.054728228944269486
0.7370158251436021 1.040080035578091 -0.08209234341640419

0.6983558047843829 1.074075332446802 -0.054728228944269486
0.6534871900482586 1.0941726323424765 -0.08209234341640419

0.6983558047843829 1.074075332446802 -0.054728228944269486
0.7045643991612877 1.0879733294198386 -7.347880794884119e-17

0.3393744184671748 -1.234965333661222 -0.055341516092690855
0.2893506567352362 -1.2407069693051176 -0.08301227413903624

0.3393744184671748 -1.234965333661222 -0.055341516092690855
0.3853074067437289 -1.214337592493877 -0.08301227413903624

0.3393744184671748 -1.234965333661222 -0.055341516092690855
0.34346519192255953 -1.2498514391846716 -7.347880794884119e-17

-0.13032306574118677 0.7527795707691091 0.17276534412972178
-0.06919566764358641 0.7663964756722477 0.1638941528472948

-0.13032306574118677 0.7527795707691091 0.17276534412972178
-0.16931256333224556 0.7743956227894477 0.2180576814413051

-0.13032306574118677 0.7527795707691091 0.17276534412972178
-0.1524609662477283 0.7175466138456317 0.1363441981005654

0.5239136683215148 1.1686868012436564 0.05534151609249734
0.47535262044929993 1.1819972387733726 0.08301227413874605

0.5239136683215148 1.1686868012436564 0.05534151609249734
0.5661595315167438 1.14128917067877 0.08301227413874605

0.5239136683215148 1.1686868012436564 0.05534151609249734
0.5302288529985003 1.1827739942788265 -7.347880794884119e-17

-0.7011654869860616 -0.40133594669188705 0.21946433830923992
-0.7469066781108344 -0.381306345764292 0.24428763097639256

-0.7011654869860616 -0.40133594669188705 0.21946433830923992
-0.6885738921260355 -0.4592081626203187 0.22695926906733865

-0.7011654869860616 -0.40133594669188705 0.21946433830923992
-0.6680158907213148 -0.3634933316910503 0.1871461148839885

-0.2844641138947705 0.6747555145881717 -0.11831869724971854
-0.31768852247812696 0.6788158847300971 -0.1631119678078229

-0.2844641138947705 0.6747555145881717 -0.11831869724971854
-0.23456972740269533 0.7057274170865271 -0.119497669443922

-0.2844641138947705 0.6747555145881717 -0.11831869724971854
-0.30113409180348927 0.6397232419478911 -0.0723464544974107

-0.32482209512588783 0.6285821472229993 -0.020892119475726275
-0.30113409180348927 0.6397232419478911 -0.0723464544974107

-0.32482209512588783 0.6285821472229993 -0.020892119475726275
-0.29510669924937133 0.6364673660387683 0.026642197217066392

-0.32482209512588783 0.6285821472229993 -0.020892119475726275
-0.37822549432480296 0.6095558336823383 -0.016972101146834513

0.33937441846720895 -1.2349653336613462 0.05534151609249744
0.38530740674377995 -1.2143375924940631 0.0830122741387462

0.33937441846720895 -1.2349653336613462 0.05534151609249744
0.28935065673528726 -1.2407069693053034 0.0830122741387462

0.33937441846720895 -1.2349653336613462 0.05534151609249744
0.34346519192255953 -1.2498514391846716 -7.347880794884119e-17

0.03619519066820866 0.8367310178406356 0.24211464071535874
0.09731641836636482 0.8434737844529216 0.24036814297902087

0.03619519066820866 0.8367310178406356 0.24211464071535874
0.002568761826520785 0.8752499089284629 0.26886784685027554

0.03619519066820866 0.8367310178406356 0.24211464071535874
0.008700391811740371 0.7914693601405225 0.21710793231677983

-0.8147150724775574 0.03689623725551164 0.22481223152275723
-0.8549215260437235 0.024826893157256384 0.26520469117170015

-0.8147150724775574 0.03689623725551164 0.22481223152275723
-0.7873662639303719 -0.007372138820414601 0.20008981079437593

-0.8147150724775574 0.03689623725551164 0.22481223152275723
-0.8018574274585767 0.09323395742969312 0.20914219260219558

-0.2809304201450434 0.6661601643467895 0.08126404037623615
-0.23529657933222253 0.6960902676335764 0.08088778528053295

-0.2809304201450434 0.6661601643467895 0.08126404037623615
-0.3123879818535362 0.6659228593680238 0.13626213863110914

-0.2809304201450434 0.6661601643467895 0.08126404037623615
-0.29510669924937133 0.6364673660387683 0.026642197217066392

1.1468043658713485 -0.38370609632311486 0.19667028054082036
1.1906650314741336 -0.3846569003349607 0.1588311753272309

1.1468043658713485 -0.38370609632311486 0.19667028054082036
1.140577032011128 -0.3419474613417771 0.21199314667248131

1.1468043658713485 -0.38370609632311486 0.19667028054082036
1.1091710341287835 -0.42451392729260673 0.21918651962274888

-0.41914773078906503 0.5694760791931771 -0.0158059351038489
-0.44262254529825507 0.5510641399031577 -0.06471717793959464

-0.41914773078906503 0.5694760791931771 -0.0158059351038489
-0.37822549432480296 0.6095558336823383 -0.016972101146834513

-0.41914773078906503 0.5694760791931771 -0.0158059351038489
-0.4365951527441371 0.5478082639940349 0.034271473774882454

-0.5329372526937454 -0.49269429208449117 0.10274558036746449
-0.567197305391816 -0.45243060230476595 0.08127976805221503

-0.5329372526937454 -0.49269429208449117 0.10274558036746449
-0.5370501260170599 -0.5073084100955093 0.157747478986449

-0.5329372526937454 -0.49269429208449117 0.10274558036746449
-0.49456432667236006 -0.5183438638531983 0.06920949406372943

-0.5631999119185728 0.46402915273275425 -0.1084465279796829
-0.5943037660190646 0.4513854439917042 -0.15593299046058554

-0.5631999119185728 0.46402915273275425 -0.1084465279796829
-0.53174082719851 0.5220742014662546 -0.11389938550841029

-0.5631999119185728 0.46402915273275425 -0.1084465279796829
-0.5635551425381438 0.4186278127403039 -0.055507207970052916

-0.30587438989658433 -1.1725632279773317 0.19798890309167458
-0.2509359313741052 -1.168469810325134 0.2154459144458079

-0.30587438989658433 -1.1725632279773317 0.19798890309167458
-0.3398293584623773 -1.1453401353443085 0.2139710804987656

-0.30587438989658433 -1.1725632279773317 0.19798890309167458
-0.3268578798532705 -1.2038797382625526 0.16454971433045018

-0.6386106329257336 0.44234172292389645 -0.18894815973092874
-0.676671224048885 0.38609666802701725 -0.17625965559692164

-0.6386106329257336 0.44234172292389645 -0.18894815973092874
-0.6448569087092513 0.48954305675296794 -0.23465183313527901

-0.6386106329257336 0.44234172292389645 -0.18894815973092874
-0.5943037660190646 0.4513854439917042 -0.15593299046058554

-0.5801260530881801 0.40331056378084074 -0.0032342034551400786
-0.5635551425381438 0.4186278127403039 -0.055507207970052916

-0.5801260530881801 0.40331056378084074 -0.0032342034551400786
-0.557130038952921 0.43099631803838434 0.04391910127840396

-0.5801260530881801 0.40331056378084074 -0.0032342034551400786
-0.6196929777734757 0.36030756056383395 0.001885496326228718

-0.37585746376210244 -0.6125679715689739 0.08224169561043854
-0.4176905449155963 -0.5843045801246525 0.05786354946822775

-0.37585746376210244 -0.6125679715689739 0.08224169561043854
-0.37830422437635947 -0.6211582130507791 0.13833759644641175

-0.37585746376210244 -0.6125679715689739 0.08224169561043854
-0.3315776219943517 -0.63224112153149 0.0505239409166761

-0.45205529935774597 0.6124832215455069 0.16779296329344298
-0.41161307193700625 0.6497546255105131 0.1635629752145795

-0.45205529935774597 0.6124832215455069 0.16779296329344298
-0.4919838981512764 0.6155748534316525 0.2106811696563432

-0.45205529935774597 0.6124832215455069 0.16779296329344298
-0.45256892798495524 0.5721201856943551 0.12913474500940628

-0.4687100198958332 0.5445189805345215 0.08159862900031163
-0.4365951527441371 0.5478082639940349 0.034271473774882454

-0.4687100198958332 0.5445189805345215 0.08159862900031163
-0.45256892798495524 0.5721201856943551 0.12913474500940628

-0.4687100198958332 0.5445189805345215 0.08159862900031163
-0.5169659789584073 0.5136284919151743 0.08138966821664616

-0.5082861013617291 -0.6478053147384254 0.22883488959266482
-0.5477185341171814 -0.605998491297193 0.21388389035985322

-0.5082861013617291 -0.6478053147384254 0.22883488959266482
-0.5302205783937917 -0.6850971362856672 0.2704137318900155

-0.5082861013617291 -0.6478053147384254 0.22883488959266482
-0.4469191915742143 -0.6523203166324159 0.2022070465281257

-0.800675025705394 -0.35894956214789336 0.26201145164695033
-0.8172801988003136 -0.2999137548750598 0.2509667848905542

-0.800675025705394 -0.35894956214789336 0.26201145164695033
-0.8378382002050342 -0.3956285858043282 0.2907799390739043

-0.800675025705394 -0.35894956214789336 0.26201145164695033
-0.7469066781108344 -0.381306345764292 0.24428763097639256

-0.6371890384928278 0.3063722367454969 0.008903413676276345
-0.6491496206451153 0.27322032218728826 -0.03730078227292828

-0.6371890384928278 0.3063722367454969 0.008903413676276345
-0.6196929777734757 0.36030756056383395 0.001885496326228718

-0.6371890384928278 0.3063722367454969 0.008903413676276345
-0.6427245170598925 0.2855888274853686 0.06212552697552859

-0.3953432282011811 -0.6579117959074828 0.17847069365037052
-0.4469191915742143 -0.6523203166324159 0.2022070465281257

-0.3953432282011811 -0.6579117959074828 0.17847069365037052
-0.3608062686529696 -0.7002568580392534 0.19486743797657405

-0.3953432282011811 -0.6579117959074828 0.17847069365037052
-0.37830422437635947 -0.6211582130507791 0.13833759644641175

-0.5490666107016892 0.46664434989742104 0.08803038066932596
-0.5169659789584073 0.5136284919151743 0.08138966821664616

-0.5490666107016892 0.46664434989742104 0.08803038066932596
-0.5731038141937392 0.4553082397387044 0.1387823725129278

-0.5490666107016892 0.46664434989742104 0.08803038066932596
-0.557130038952921 0.43099631803838434 0.04391910127840396

-0.45336419862610294 -0.54402507210392 0.03615629402198365
-0.4478377242903523 -0.5294267723339091 -0.018604161466006228

-0.45336419862610294 -0.54402507210392 0.03615629402198365
-0.49456432667236006 -0.5183438638531983 0.06920949406372943

-0.45336419862610294 -0.54402507210392 0.03615629402198365
-0.4176905449155963 -0.5843045801246525 0.05786354946822775

-0.32362366544798954 -0.737736812113031 0.21652613217839703
-0.33933984744442686 -0.7720578409407381 0.25929020432016553

-0.32362366544798954 -0.737736812113031 0.21652613217839703
-0.270724880246572 -0.7408957373591015 0.1954207542384516

-0.32362366544798954 -0.737736812113031 0.21652613217839703
-0.3608062686529696 -0.7002568580392534 0.19486743797657405

-0.538068851123701 0.633465777397516 0.2367671577388358
-0.5406333995859387 0.6812284592885268 0.2670242668826687

-0.538068851123701 0.633465777397516 0.2367671577388358
-0.5815892556338877 0.6035940194723688 0.23259603667749554

-0.538068851123701 0.633465777397516 0.2367671577388358
-0.4919838981512764 0.6155748534316525 0.2106811696563432

-0.734895285855781 0.7127599537856844 0.2873275617801351
-0.7872235502493965 0.7345161180139048 0.28652177571829207

-0.734895285855781 0.7127599537856844 0.2873275617801351
-0.7278087773848277 0.6551729766814693 0.29276402742529617

-0.734895285855781 0.7127599537856844 0.2873275617801351
-0.6896535299331186 0.7485907666616787 0.28269688219681693

-0.7795543966557266 0.14588774066631663 0.2062054270807487
-0.8021805123109773 0.18831414827346388 0.23729448450868734

-0.7795543966557266 0.14588774066631663 0.2062054270807487
-0.8018574274585767 0.09323395742969312 0.20914219260219558

-0.7795543966557266 0.14588774066631663 0.2062054270807487
-0.7346252501976258 0.15611511629579292 0.17217960413136313

-0.5887408818178711 -0.4037338154931926 0.0662087676467506
-0.5782697703585488 -0.38490314896625033 0.014404274982658598

-0.5887408818178711 -0.4037338154931926 0.0662087676467506
-0.6207555697032487 -0.37386769520856145 0.10294225990537817

-0.5887408818178711 -0.4037338154931926 0.0662087676467506
-0.567197305391816 -0.45243060230476595 0.08127976805221503

-0.5448381483607553 0.7381375898878936 0.2778768549334317
-0.502137844006858 0.7725825721672186 0.27234571544823705

-0.5448381483607553 0.7381375898878936 0.2778768549334317
-0.5917432014894692 0.7606017382079349 0.29426058246938935

-0.5448381483607553 0.7381375898878936 0.2778768549334317
-0.5406333995859387 0.6812284592885268 0.2670242668826687

-0.6734657897232705 0.2741243207034336 0.10819431666297069
-0.6427245170598925 0.2855888274853686 0.06212552697552859

-0.6734657897232705 0.2741243207034336 0.10819431666297069
-0.6741081046191397 0.311935686500739 0.15082185080627025

-0.6734657897232705 0.2741243207034336 0.10819431666297069
-0.7035647474907792 0.2248484481241933 0.11163557220711325

-0.9429313369634073 0.22417582957931967 0.2855435943787012
-0.9796906606591468 0.2735472496652974 0.2911868550782919

-0.9429313369634073 0.22417582957931967 0.2855435943787012
-0.9672776522597486 0.175688343779908 0.28040004414700853

-0.9429313369634073 0.22417582957931967 0.2855435943787012
-0.8818256979713265 0.22329189529275356 0.28504388391080315

-0.689216043997842 0.3576650641922176 0.18678409477907995
-0.6663498984717497 0.4108999427185446 0.18001019414969247

-0.689216043997842 0.3576650641922176 0.18678409477907995
-0.7271901289026366 0.3501595633573692 0.2295202393812771

-0.689216043997842 0.3576650641922176 0.18678409477907995
-0.6741081046191397 0.311935686500739 0.15082185080627025

-0.706180674137311 0.13337986840732138 -0.07026822293626676
-0.7231804312402005 0.10081900805657062 -0.11687195859258594

-0.706180674137311 0.13337986840732138 -0.07026822293626676
-0.7075464714516279 0.1913530081293652 -0.0820270691463709

-0.706180674137311 0.13337986840732138 -0.07026822293626676
-0.6878151197201047 0.10796758903602832 -0.011905641069843452

-0.7133309997813161 -0.016050661894478003 0.06215676335321477
-0.7188756224269512 0.03923425720762794 0.04863839085440645

-0.7133309997813161 -0.016050661894478003 0.06215676335321477
-0.7182719599176354 -0.03279278732333388 0.1166104102878514

-0.7133309997813161 -0.016050661894478003 0.06215676335321477
-0.7028454169993614 -0.05459345556772808 0.02122148891738645

-0.5517596494528927 -0.7339994953207113 0.2799914219690299
-0.6129288562539268 -0.7352897621706218 0.29061868892440085

-0.5517596494528927 -0.7339994953207113 0.2799914219690299
-0.5121295137109597 -0.7816115875058447 0.27894184509267334

-0.5517596494528927 -0.7339994953207113 0.2799914219690299
-0.5302205783937917 -0.6850971362856672 0.2704137318900155

-0.7297819976553129 -0.06717007965573489 -0.12195228320379037
-0.7429484567286307 -0.10947191396521919 -0.1595531595476563

-0.7297819976553129 -0.06717007965573489 -0.12195228320379037
-0.7470204061212121 -0.01045694120470702 -0.13123697258564185

-0.7297819976553129 -0.06717007965573489 -0.12195228320379037
-0.6993771301160959 -0.08158138379727845 -0.07506671747807295

-0.7639855330180031 -0.15509105119303618 -0.19155258133977274
-0.7506824331601312 -0.21346284110323038 -0.17946716468204651

-0.7639855330180031 -0.15509105119303618 -0.19155258133977274
-0.7983257091652474 -0.142338398510659 -0.23563741978961542

-0.7639855330180031 -0.15509105119303618 -0.19155258133977274
-0.7429484567286307 -0.10947191396521919 -0.1595531595476563

-0.6441849019255419 0.7830457948033279 0.2883252651428639
-0.6511579743540379 0.8399448795403703 0.28801833076238526

-0.6441849019255419 0.7830457948033279 0.2883252651428639
-0.6896535299331186 0.7485907666616787 0.28269688219681693

-0.6441849019255419 0.7830457948033279 0.2883252651428639
-0.5917432014894692 0.7606017382079349 0.29426058246938935

-0.6559532720375371 -0.3444423017507155 0.13678633220126624
-0.6790883556880476 -0.29596587835253474 0.12027062181443207

-0.6559532720375371 -0.3444423017507155 0.13678633220126624
-0.6680158907213148 -0.3634933316910503 0.1871461148839885

-0.6559532720375371 -0.3444423017507155 0.13678633220126624
-0.6207555697032487 -0.37386769520856145 0.10294225990537817

-0.8328665769975597 0.2325930325750236 0.25680655461982044
-0.8145935207103756 0.2861730541588533 0.24808129543997073

-0.8328665769975597 0.2325930325750236 0.25680655461982044
-0.8818256979713265 0.22329189529275356 0.28504388391080315

-0.8328665769975597 0.2325930325750236 0.25680655461982044
-0.8021805123109773 0.18831414827346388 0.23729448450868734

-0.7003320049074125 -0.0965944225644156 -0.020313308868438167
-0.6993771301160959 -0.08158138379727845 -0.07506671747807295

-0.7003320049074125 -0.0965944225644156 -0.020313308868438167
-0.7028454169993614 -0.05459345556772808 0.02122148891738645

-0.7003320049074125 -0.0965944225644156 -0.020313308868438167
-0.69877346760678 -0.15360842832824023 -0.007094698044627999

-0.7033108015951447 0.0923233678413596 0.040072010028394826
-0.6878151197201047 0.10796758903602832 -0.011905641069843452

-0.7033108015951447 0.0923233678413596 0.040072010028394826
-0.7032416626383786 0.12976825728042252 0.08348328030062149

-0.7033108015951447 0.0923233678413596 0.040072010028394826
-0.7188756224269512 0.03923425720762794 0.04863839085440645

-0.6764583232945139 -0.20451903284217543 0.007292456915521911
-0.663566607696748 -0.24346829921391822 -0.03365806880213283

-0.6764583232945139 -0.20451903284217543 0.007292456915521911
-0.69877346760678 -0.15360842832824023 -0.007094698044627999

-0.6764583232945139 -0.20451903284217543 0.007292456915521911
-0.6670348945800135 -0.21648037098436784 0.06263013759332657

-0.7138105534422611 0.17024394056680292 0.1224328188796993
-0.7035647474907792 0.2248484481241933 0.11163557220711325

-0.7138105534422611 0.17024394056680292 0.1224328188796993
-0.7346252501976258 0.15611511629579292 0.17217960413136313

-0.7138105534422611 0.17024394056680292 0.1224328188796993
-0.7032416626383786 0.12976825728042252 0.08348328030062149

-0.4672574544973253 -0.5439228392124004 -0.07432620828327706
-0.43853042872243 -0.5841512307873731 -0.10786020398966331

-0.4672574544973253 -0.5439228392124004 -0.07432620828327706
-0.5154042104791937 -0.5181905145159189 -0.09651425939416163

-0.4672574544973253 -0.5439228392124004 -0.07432620828327706
-0.4478377242903523 -0.5294267723339091 -0.018604161466006228

-0.6000084853119169 -0.3864900653490799 -0.046798963008813636
-0.5840987106328845 -0.426564977088597 -0.08823182793113132

-0.6000084853119169 -0.3864900653490799 -0.046798963008813636
-0.6376569749443173 -0.3480020699923924 -0.06656933607796818

-0.6000084853119169 -0.3864900653490799 -0.046798963008813636
-0.5782697703585488 -0.38490314896625033 0.014404274982658598

-0.2850206661852799 -0.6468325171105599 0.020230568855028785
-0.28143534855036245 -0.6357013984370314 -0.03515314066488688

-0.2850206661852799 -0.6468325171105599 0.020230568855028785
-0.3315776219943517 -0.63224112153149 0.0505239409166761

-0.2850206661852799 -0.6468325171105599 0.020230568855028785
-0.24204902801112554 -0.6725550313631581 0.04532090631329713

-0.6868061552887136 -0.23951741893458642 0.10991158399323185
-0.6670348945800135 -0.21648037098436784 0.06263013759332657

-0.6868061552887136 -0.23951741893458642 0.10991158399323185
-0.7142952155980797 -0.20610600746685676 0.1468339925719369

-0.6868061552887136 -0.23951741893458642 0.10991158399323185
-0.6790883556880476 -0.29596587835253474 0.12027062181443207

-0.19520476848010923 -0.6883156251403394 0.07164535654603998
-0.24204902801112554 -0.6725550313631581 0.04532090631329713

-0.19520476848010923 -0.6883156251403394 0.07164535654603998
-0.1968537754365957 -0.6944657835761594 0.1276461224531929

-0.19520476848010923 -0.6883156251403394 0.07164535654603998
-0.14671150199260646 -0.6979260604817008 0.04196904087162993

-0.19989522936963455 0.8174298996590322 0.24338244594542455
-0.17355391308625812 0.8633719690071324 0.26981980557084895

-0.19989522936963455 0.8174298996590322 0.24338244594542455
-0.2568192116904 0.8145221071805164 0.24226985082411956

-0.19989522936963455 0.8174298996590322 0.24338244594542455
-0.16931256333224556 0.7743956227894477 0.2180576814413051

0.41068599128304334 0.8032162627481823 0.2744480742534501
0.4726320918196277 0.7791627815619037 0.27054823771227593

0.41068599128304334 0.8032162627481823 0.2744480742534501
0.39581065799664994 0.8581118103924985 0.29112211985727576

0.41068599128304334 0.8032162627481823 0.2744480742534501
0.36361522403285246 0.7723741962901445 0.2616738651907986

0.9211802401983538 -0.8720114761195429 -0.10458600239021286
0.9134313244570196 -0.8572860886643565 -0.15687900358531925

0.9211802401983538 -0.8720114761195429 -0.10458600239021286
0.9548194441935958 -0.8478577708996411 -0.07821950430530324

0.9211802401983538 -0.8720114761195429 -0.10458600239021286
0.8952899519444459 -0.9108905687946307 -0.07865949928001609

0.33448438321889323 0.7415768924053804 0.22065482409332823
0.36361522403285246 0.7723741962901445 0.2616738651907986

0.33448438321889323 0.7415768924053804 0.22065482409332823
0.2815082459004248 0.7656527548782956 0.2104322446170929

0.33448438321889323 0.7415768924053804 0.22065482409332823
0.35832967972340246 0.6867037260477009 0.1898583624720931

0.9123418881155246 0.8743676583012338 0.11105249810073829
0.9001737963327747 0.8608203619368939 0.16657874715110746

0.9123418881155246 0.8743676583012338 0.11105249810073829
0.9527269615908398 0.8450036280999338 0.08356647301231086

0.9123418881155246 0.8743676583012338 0.11105249810073829
0.8841249064229593 0.9172789848668732 0.08301227413879651

0.7344564371936584 0.6775316514203547 0.2899653096098374
0.7819611695716748 0.6576137085762475 0.2862212878455149

0.7344564371936584 0.6775316514203547 0.2899653096098374
0.7265192988759916 0.7360203913508957 0.288335995688224

0.7344564371936584 0.6775316514203547 0.2899653096098374
0.6948888431333085 0.6389608543339209 0.2953386452957732

1.1692993436251207 0.053454546633450305 0.23302055571325272
1.207596466281439 0.08018181995017559 0.20687235612560606

1.1692993436251207 0.053454546633450305 0.23302055571325272
1.132596466281439 0.0801818199501756 0.26136304572600816

1.1692993436251207 0.053454546633450305 0.23302055571325272
1.1677050983124841 -2.860052621992859e-16 0.23082626528814393

1.1692993436251033 -0.05345454663341536 0.23302055571326977
1.132596466281413 -0.08018181995012288 0.26136304572603375

1.1692993436251033 -0.05345454663341536 0.23302055571326977
1.2075964662814132 -0.0801818199501229 0.20687235612563165

1.1692993436251033 -0.05345454663341536 0.23302055571326977
1.1677050983124841 -2.860052621992859e-16 0.23082626528814393

0.6983299778897548 1.0743613492542192 0.05438247396230474
0.6534484497063167 1.0946016575536022 0.08157371094345715

0.6983299778897548 1.0743613492542192 0.05438247396230474
0.7369770848016601 1.0405090607892165 0.08157371094345715

0.6983299778897548 1.0743613492542192 0.05438247396230474
0.7045643991612877 1.0879733294198386 -7.347880794884119e-17

0.768050409996599 -1.0054988723304845 0.1087749253593701
0.8123807753977159 -0.9836987768088672 0.0801501139002584

0.768050409996599 -1.0054988723304845 0.1087749253593701
0.7580290978665842 -0.9913079421679991 0.1631623880390552

0.768050409996599 -1.0054988723304845 0.1087749253593701
0.7337413567254971 -1.041489898014587 0.08301227413879671

0.5836082780754751 -1.030512912466634 0.2255854946615151
0.6328819854648615 -1.0092580564690152 0.2174750479559947

0.5836082780754751 -1.030512912466634 0.2255854946615151
0.53571757751603 -1.0212198370130914 0.2553659678534759

0.5836082780754751 -1.030512912466634 0.2255854946615151
0.5822252712455338 -1.061060843917795 0.2039154681750747

1.189682567254459 -0.4796799151127025 -0.052208983859353686
1.1648161960459835 -0.5234014835821788 -0.07831347578903049

1.189682567254459 -0.4796799151127025 -0.052208983859353686
1.2020162388570026 -0.4311019780555298 -0.07831347578903049

1.189682567254459 -0.4796799151127025 -0.052208983859353686
1.202215266860391 -0.48453628370039903 -7.347880794884119e-17

1.189571103739141 0.47727970070755193 0.05380201986162501
1.1646490007730064 0.5198011619744531 0.08070302979243756

1.189571103739141 0.47727970070755193 0.05380201986162501
1.201849043584025 0.42750165644780447 0.08070302979243756

1.189571103739141 0.47727970070755193 0.05380201986162501
1.2022152668603914 0.48453628370039803 -7.347880794884119e-17

1.0871730107589495 -0.4308951990267129 -0.23240454397708957
1.0883876119598286 -0.48375116458249623 -0.21401440089444515

1.0871730107589495 -0.4308951990267129 -0.23240454397708957
1.0484509321171265 -0.4113592095714146 -0.2702933401766039

1.0871730107589495 -0.4308951990267129 -0.23240454397708957
1.124680488199893 -0.3975752229262278 -0.21290589086021963

0.9254544599170466 0.3782657281282231 0.28880614555566836
0.8761286580049288 0.34546963200702097 0.2949089096029833

0.9254544599170466 0.3782657281282231 0.28880614555566836
0.9669229609312568 0.35833761130172936 0.28618249854438393

0.9254544599170466 0.3782657281282231 0.28880614555566836
0.9333117608149539 0.4309899410759191 0.28532702851963787

0.7225367894523546 -0.5748802023115912 0.2845913910906482
0.7113778150035768 -0.6253176129562273 0.28878877433962646

0.7225367894523546 -0.5748802023115912 0.2845913910906482
0.7742560504724758 -0.544839965062802 0.2879704657042357

0.7225367894523546 -0.5748802023115912 0.2845913910906482
0.6819765028810111 -0.5544830289157441 0.27701493322808246

0.8543763938423566 0.9551516477892957 -0.05416609958459189
0.8875180736352193 0.915787105356217 -0.08124914937688779

0.8543763938423566 0.9551516477892957 -0.05416609958459189
0.8132255549230227 0.981996346168987 -0.08124914937688779

0.8543763938423566 0.9551516477892957 -0.05416609958459189
0.8623855529688277 0.9676714918426831 -7.347880794884119e-17

1.1585780586133738 -0.365293458690698 -0.19022445309754446
1.155558503898763 -0.31295659906739226 -0.20702320385728623

1.1585780586133738 -0.365293458690698 -0.19022445309754446
1.195495183741465 -0.38534855407847396 -0.1507442645751275

1.1585780586133738 -0.365293458690698 -0.19022445309754446
1.124680488199893 -0.3975752229262278 -0.21290589086021963

1.102064432821159 0.6536125609239506 -0.054483271651547656
1.1214425647333714 0.606461712243823 -0.08172490747732145

1.102064432821159 0.6536125609239506 -0.054483271651547656
1.0705890372070521 0.6920009467724024 -0.08172490747732145

1.102064432821159 0.6536125609239506 -0.054483271651547656
1.1141616965230536 0.6623750237556263 -7.347880794884119e-17

0.24289956530349 1.2412294872720109 0.10945661464209461
0.24059512699819885 1.223733822910061 0.16418492196314194

0.24289956530349 1.2412294872720109 0.10945661464209461
0.2926795659841064 1.2410316685398635 0.0811726478243957

0.24289956530349 1.2412294872720109 0.10945661464209461
0.1954240029281648 1.2589229703661085 0.08301227413874616

-0.3480808810122782 -0.8940154520517339 0.2854425697742134
-0.351575641875778 -0.8471309512523877 0.2798622781141847

-0.3480808810122782 -0.8940154520517339 0.2854425697742134
-0.3974920919994027 -0.9346748179473079 0.2982420943702986

-0.3480808810122782 -0.8940154520517339 0.2854425697742134
-0.29517490916165395 -0.9002405869555066 0.2782233368381569

0.5656217093066654 -1.1247815345414207 -0.11646256613766022
0.5471866311102173 -1.1554182088497051 -0.0739746002655715

0.5656217093066654 -1.1247815345414207 -0.11646256613766022
0.5379146819270276 -1.116139338720018 -0.1746938492064903

0.5656217093066654 -1.1247815345414207 -0.11646256613766022
0.6117638148827512 -1.102787056054539 -0.1007192489409189

0.9909823524613083 -0.8145432666944966 -0.052146336203535516
0.9548194441935958 -0.8478577708996411 -0.07821950430530324

0.9909823524613083 -0.8145432666944966 -0.052146336203535516
1.0181344928514513 -0.7710837745267873 -0.07821950430530324

0.9909823524613083 -0.8145432666944966 -0.052146336203535516
0.9999931203388776 -0.8246882546570615 -7.347880794884119e-17

0.9895873640594712 0.8126405048280244 0.05571098200820721
0.9527269615908398 0.8450036280999338 0.08356647301231086

0.9895873640594712 0.8126405048280244 0.05571098200820721
1.0160420102486947 0.76822963172708 0.08356647301231086

0.9895873640594712 0.8126405048280244 0.05571098200820721
0.9999931203388792 0.8246882546570594 -7.347880794884119e-17

0.8538132074921513 -0.9562866015492165 0.053433409266838906
0.8866732941099125 -0.9174895359960973 0.0801501139002584

0.8538132074921513 -0.9562866015492165 0.053433409266838906
0.8123807753977159 -0.9836987768088672 0.0801501139002584

0.8538132074921513 -0.9562866015492165 0.053433409266838906
0.8623855529688256 -0.9676714918426852 -7.347880794884119e-17

0.9577294592829141 -0.4106630773306008 0.28646708341211513
0.9958093946879405 -0.44929851483371164 0.28248114433276106

0.9577294592829141 -0.4106630773306008 0.28646708341211513
0.9703263115693196 -0.35759834531190116 0.2833937262694113

0.9577294592829141 -0.4106630773306008 0.28646708341211513
0.9070526715914822 -0.42509237184618953 0.29352637963417305

1.156845570225103 0.363907650369732 -0.19411466595588922
1.1926896684138706 0.38068789761818655 -0.15704846373720632

1.156845570225103 0.363907650369732 -0.19411466595588922
1.1556388385422176 0.31224979241188777 -0.20815972479434186

1.156845570225103 0.363907650369732 -0.19411466595588922
1.122208203719221 0.3987852610791216 -0.21713580933611948

0.147448244699799 -1.2731488274478269 -0.053944930137451656
0.09741814609266504 -1.2716128331737844 -0.08091739520617744

0.147448244699799 -1.2731488274478269 -0.053944930137451656
0.19627559015117615 -1.260200223488714 -0.08091739520617744

0.147448244699799 -1.2731488274478269 -0.053944930137451656
0.1486509978555558 -1.2876334256809825 -7.347880794884119e-17

1.03672446561834 0.7264475385378767 -0.10790596633208531
1.0705890372070521 0.6920009467724024 -0.08172490747732145

1.03672446561834 0.7264475385378767 -0.10790596633208531
1.0234326139291428 0.7157141786647121 -0.1618589494981279

1.03672446561834 0.7264475385378767 -0.10790596633208531
1.016151745718825 0.7716274901765154 -0.08013404202080654

0.3415936912997564 1.2351817998177186 0.05411509854959711
0.2926795659841064 1.2410316685398635 0.0811726478243957

0.3415936912997564 1.2351817998177186 0.05411509854959711
0.38863631599259846 1.2146622917286225 0.0811726478243957

0.3415936912997564 1.2351817998177186 0.05411509854959711
0.3434651919225644 1.24985143918467 -7.347880794884119e-17

-0.9073764686804964 0.02815506853274422 0.2767108534670806
-0.9408495217629852 0.080122204345542 0.2869901255186806

-0.9073764686804964 0.02815506853274422 0.2767108534670806
-0.9263583582347804 -0.02048389190456572 0.27793774371086094

-0.9073764686804964 0.02815506853274422 0.2767108534670806
-0.8549215260437235 0.024826893157256384 0.26520469117170015

0.6538169183650013 -1.0782481109658173 -0.11314247379006764
0.6702074955145316 -1.046339203356613 -0.16971371068510144

0.6538169183650013 -1.0782481109658173 -0.11314247379006764
0.6794794446977213 -1.0856180734863 -0.06899446174418264

0.6538169183650013 -1.0782481109658173 -0.11314247379006764
0.6117638148827512 -1.102787056054539 -0.1007192489409189

1.0388879007710747 -0.7270252631568539 -0.10473203825262735
1.0181344928514513 -0.7710837745267873 -0.07821950430530324

1.0388879007710747 -0.7270252631568539 -0.10473203825262735
1.0266777666582458 -0.7165807655931768 -0.157098057378941

1.0388879007710747 -0.7270252631568539 -0.10473203825262735
1.0718514428035275 -0.6934112493505973 -0.07887855307363784

1.0062970369694453 0.3348531611860581 0.2820587208835357
0.9669229609312568 0.35833761130172936 0.28618249854438393

1.0062970369694453 0.3348531611860581 0.2820587208835357
0.9973925235835268 0.28035078159377336 0.28478777259478427

1.0062970369694453 0.3348531611860581 0.2820587208835357
1.054575626393552 0.36587109066267154 0.2752058915114388

1.0354785723515654 0.7250556771967753 0.11105249809961266
1.0160420102486947 0.76822963172708 0.08356647301231086

1.0354785723515654 0.7250556771967753 0.11105249809961266
1.0215637740289811 0.7136263866530603 0.16657874714941906

1.0354785723515654 0.7250556771967753 0.11105249809961266
1.0688299327770205 0.693311013210186 0.08301227413710811

0.9081049462347774 -0.8792132275998282 0.11141256386613373
0.8938183835116552 -0.8680887158847848 0.1671188457992006

0.9081049462347774 -0.8792132275998282 0.11141256386613373
0.8866732941099125 -0.9174895359960973 0.0801501139002584

0.9081049462347774 -0.8792132275998282 0.11141256386613373
0.9438231610827648 -0.8520614309186028 0.08696873189894211

0.0426339380041365 -1.1205794918459373 0.260553108983622
0.02831133018914661 -1.1729626260579926 0.241109333744038

0.0426339380041365 -1.1205794918459373 0.260553108983622
0.09650262366665749 -1.102684301663654 0.26338122415460796

0.0426339380041365 -1.1205794918459373 0.260553108983622
0.003087860156605393 -1.0860915478161655 0.27716876905222015

0.013616965756326418 -1.2040918909423262 0.2066925834225403
-0.04043759821510973 -1.2113601464607489 0.19637798071059753

0.013616965756326418 -1.2040918909423262 0.2066925834225403
0.05297716529494237 -1.2279529003082374 0.18259043581298529

0.013616965756326418 -1.2040918909423262 0.2066925834225403
0.02831133018914661 -1.1729626260579926 0.241109333744038

-0.0446159603520731 -1.0535616711726448 0.28477770329598656
-0.10256351734516779 -1.0724358950480537 0.2774462252125848

-0.0446159603520731 -1.0535616711726448 0.28477770329598656
0.003087860156605393 -1.0860915478161655 0.27716876905222015

-0.0446159603520731 -1.0535616711726448 0.28477770329598656
-0.03437222386765691 -1.0021575706537151 0.29971811562315476

0.06126831447180827 1.2064833218918602 0.19976420779689372
0.05078128509878686 1.246514449249704 0.16432205900189512

0.06126831447180827 1.2064833218918602 0.19976420779689372
0.020232689736583757 1.1889124204696375 0.21663403755659433

0.06126831447180827 1.2064833218918602 0.19976420779689372
0.11279096858005419 1.1840230959562394 0.21833652683219165

0.4712767443048284 -0.8334015485066306 0.28785337865985144
0.4099117516779843 -0.836149261649761 0.28207982791336655

0.4712767443048284 -0.8334015485066306 0.28785337865985144
0.5055499911616923 -0.8713571844185655 0.2996758854818278

0.4712767443048284 -0.8334015485066306 0.28785337865985144
0.49836849007480855 -0.7926981994515654 0.28180442258436

0.7299664061586552 -0.6721891578706761 0.2885211174124053
0.7854004755319266 -0.6908033984014295 0.2938650551868714

0.7299664061586552 -0.6721891578706761 0.2885211174124053
0.7113778150035768 -0.6253176129562273 0.28878877433962646

0.7299664061586552 -0.6721891578706761 0.2885211174124053
0.6931209279404619 -0.7004464622543716 0.2829095227107181

-0.37752417320079346 -0.8085602880418885 0.27282048142888576
-0.4416570302821756 -0.8064920719325396 0.27930896185230714

-0.37752417320079346 -0.8085602880418885 0.27282048142888576
-0.351575641875778 -0.8471309512523877 0.2798622781141847

-0.37752417320079346 -0.8085602880418885 0.27282048142888576
-0.33933984744442686 -0.7720578409407381 0.25929020432016553

0.08753484874100992 -1.2416155632894836 0.15884057949423272
0.07043922626191551 -1.267645654981485 0.1245999748181362

0.08753484874100992 -1.2416155632894836 0.15884057949423272
0.13918815466617185 -1.2292481345787285 0.1693313278515767

0.08753484874100992 -1.2416155632894836 0.15884057949423272
0.05297716529494237 -1.2279529003082374 0.18259043581298529

0.2412480172862526 -1.2418645231972503 -0.10928644623014243
0.19627559015117615 -1.260200223488714 -0.08091739520617744

0.2412480172862526 -1.2418645231972503 -0.10928644623014243
0.23811780497234544 -1.2246863767979197 -0.16392966934521358

0.2412480172862526 -1.2418645231972503 -0.10928644623014243
0.2893506567352362 -1.2407069693051176 -0.08301227413903624

1.0883976441876273 0.10375205170063041 0.27417081235988294
1.086243917125199 0.15562807755094576 0.2685977410955514

1.0883976441876273 0.10375205170063041 0.27417081235988294
1.046352549156244 0.07544625760076987 0.29255165025808927

1.0883976441876273 0.10375205170063041 0.27417081235988294
1.132596466281439 0.0801818199501756 0.26136304572600816

0.7685086369227382 1.004704613427422 0.1097239900548358
0.7369770848016601 1.0405090607892165 0.08157371094345715

0.7685086369227382 1.004704613427422 0.1097239900548358
0.7587164382557918 0.9901165538134067 0.16458598508225375

0.7685086369227382 1.004704613427422 0.1097239900548358
0.8098323877107627 0.9834882256796432 0.08301227413879651

1.2682916059349882 0.048949237752196124 0.10189390363143741
1.2810848597462405 0.07342385662829434 0.06467306760328521

1.2682916059349882 0.048949237752196124 0.10189390363143741
1.2524374089024826 0.07342385662829434 0.15284085544715614

1.2682916059349882 0.048949237752196124 0.10189390363143741
1.271352549156242 -3.1139156598240406e-16 0.08816778784387086

1.268291605935407 -0.048949237750807534 -0.10189390363090338
1.2810848597468691 -0.07342385662621115 -0.06467306760248365

1.268291605935407 -0.048949237750807534 -0.10189390363090338
1.2524374089031105 -0.07342385662621115 -0.152840855446355

1.268291605935407 -0.048949237750807534 -0.10189390363090338
1.2713525491562416 -3.1139156598240397e-16 -0.08816778784387144

0.42951864365091347 1.189945666210187 0.10945661464209454
0.38863631599259846 1.2146622917286225 0.0811726478243957

0.42951864365091347 1.189945666210187 0.10945661464209454
0.4245669945108419 1.173177468128566 0.16418492196314183

0.42951864365091347 1.189945666210187 0.10945661464209454
0.47535262044929993 1.1819972387733726 0.08301227413874605

0.7707965752922061 1.0034240102795675 -0.10889432852886129
0.7621483458099937 0.9881956490916249 -0.1633414927932919

0.7707965752922061 1.0034240102795675 -0.10889432852886129
0.7370158251436021 1.040080035578091 -0.08209234341640419

0.7707965752922061 1.0034240102795675 -0.10889432852886129
0.8132255549230227 0.981996346168987 -0.08124914937688779

0.8307226113327847 0.6350816239712853 0.285107929471521
0.839288104341998 0.5752858131603169 0.2880525750882987

0.8307226113327847 0.6350816239712853 0.285107929471521
0.8709185600846812 0.6723453501772917 0.2810499254807495

0.8307226113327847 0.6350816239712853 0.285107929471521
0.7819611695716748 0.6576137085762475 0.2862212878455149

1.0000000000000016 0.05029750506717984 0.2901400851349083
1.046352549156244 0.07544625760076987 0.29255165025808927

1.0000000000000016 0.05029750506717984 0.2901400851349083
0.9536474508437602 0.0754462576007699 0.2925516502580894

1.0000000000000016 0.05029750506717984 0.2901400851349083
1.0000000000000002 -2.4492935982947074e-16 0.28531695488854614

0.7274879305386416 0.9604650057181564 0.2013781726658059
0.7587164382557918 0.9901165538134067 0.16458598508225375

0.7274879305386416 0.9604650057181564 0.2013781726658059
0.6754460252255152 0.9741496492253181 0.2190549848599123

0.7274879305386416 0.9604650057181564 0.2013781726658059
0.7483013281346177 0.9171288141157448 0.22049354805525165

1.0857233135099928 -0.5354701898606599 -0.19526196931205528
1.046276386243692 -0.568221695822335 -0.21457947817905249

1.0857233135099928 -0.5354701898606599 -0.19526196931205528
1.0883876119598286 -0.48375116458249623 -0.21401440089444515

1.0857233135099928 -0.5354701898606599 -0.19526196931205528
1.1225059423264585 -0.5544377091771482 -0.15719202886266825

1.1612551704449388 0.261621074908105 -0.21790952871738156
1.1556388385422176 0.31224979241188777 -0.20815972479434186

1.1612551704449388 0.261621074908105 -0.21790952871738156
1.199304068743624 0.2272580344257461 -0.19274075787944484

1.1612551704449388 0.261621074908105 -0.21790952871738156
1.1288226040489744 0.2453553978866812 -0.252828103478358

1.2501000546075767 0.29494442553641287 -0.049357459731809626
1.2554424270756601 0.24629824921774462 -0.0740361895977144

1.2501000546075767 0.29494442553641287 -0.049357459731809626
1.2327678064541385 0.3431946035623511 -0.0740361895977144

1.2501000546075767 0.29494442553641287 -0.049357459731809626
1.2620899302929316 0.29534042382914294 -7.347880794884119e-17

1.248750296647447 -0.29759042734747293 0.05054593412565438
1.2534177901354655 -0.25026725193433436 0.07581890118848161

1.248750296647447 -0.29759042734747293 0.05054593412565438
1.2307431695139441 -0.3471636062789406 0.07581890118848161

1.248750296647447 -0.29759042734747293 0.05054593412565438
1.2620899302929316 -0.2953404238291438 -7.347880794884119e-17

0.44552246900030285 -1.1462906959438948 0.17816629290929317
0.4257532718521032 -1.1829247316849065 0.1463462453276618

0.44552246900030285 -1.1462906959438948 0.17816629290929317
0.5026872677222005 -1.1168394826084946 0.1842371652251935

0.44552246900030285 -1.1462906959438948 0.17816629290929317
0.408126867426605 -1.1391078735382831 0.2039154681750242

1.1606079587517464 -0.2613422986230605 -0.21767954915399457
1.198540033949024 -0.22942181397701772 -0.19192690865980266

1.1606079587517464 -0.2613422986230605 -0.21767954915399457
1.155558503898763 -0.31295659906739226 -0.20702320385728623

1.1606079587517464 -0.2613422986230605 -0.21767954915399457
1.1277253384074521 -0.24164848282477158 -0.2540885349448948

-0.10627988306507263 -1.2165765687216255 0.1862601698995625
-0.1268681079371562 -1.246679916977186 0.15194181552851865

-0.10627988306507263 -1.2165765687216255 0.1862601698995625
-0.04043759821510973 -1.2113601464607489 0.19637798071059753

-0.10627988306507263 -1.2165765687216255 0.1862601698995625
-0.15153394304295192 -1.191689642726941 0.21046071345957135

-0.5594014799585026 -0.8947728720013023 0.2848594798395262
-0.6121558075809905 -0.9013767168798588 0.27734870193612615

-0.5594014799585026 -0.8947728720013023 0.2848594798395262
-0.5416833241522064 -0.9262572013065538 0.27771581869576

-0.5594014799585026 -0.8947728720013023 0.2848594798395262
-0.5243653081423109 -0.8566846978174942 0.2995139188866925

0.20318972696295043 -1.221229797257384 0.16822906799354864
0.13918815466617185 -1.2292481345787285 0.1693313278515767

0.20318972696295043 -1.221229797257384 0.16822906799354864
0.24392154359482632 -1.2370670059333355 0.13868270756711004

0.20318972696295043 -1.221229797257384 0.16822906799354864
0.22645948262785315 -1.197374251260088 0.19667316856195916

1.282311423468978 0.11509726091370838 0.04311537840219012
1.273467135203467 0.17264589137056274 0.06467306760328521

1.282311423468978 0.11509726091370838 0.04311537840219012
1.2810848597462405 0.07342385662829434 0.06467306760328521

1.282311423468978 0.11509726091370838 0.04311537840219012
1.2923822754572265 0.0992220347422681 -7.347880794884119e-17

1.282311423469397 -0.11509726091231998 -0.043115378401655795
1.2734671352040956 -0.1726458913684798 -0.06467306760248365

1.282311423469397 -0.11509726091231998 -0.043115378401655795
1.2810848597468691 -0.07342385662621115 -0.06467306760248365

1.282311423469397 -0.11509726091231998 -0.043115378401655795
1.2923822754572265 -0.09922203474226896 -7.347880794884119e-17

-0.8369233356109174 0.41984606579076794 0.2845809728081476
-0.8082656502310137 0.46919369809708045 0.2789561117911781

-0.8369233356109174 0.41984606579076794 0.2845809728081476
-0.8956690420387527 0.40520718889856455 0.2975171678498717

-0.8369233356109174 0.41984606579076794 0.2845809728081476
-0.8068353145629856 0.3851373103766589 0.27726963878339295

-0.4670240082014951 0.8964477944665834 0.2892545685222742
-0.4752237619807588 0.8388511407703395 0.29383620425307133

-0.4670240082014951 0.8964477944665834 0.2892545685222742
-0.42391218934704833 0.9186937661565617 0.2840908372659324

-0.4670240082014951 0.8964477944665834 0.2892545685222742
-0.5019360732766781 0.9317984764728489 0.2898366640478188

1.250184353342066 -0.2971369259593087 -0.04828719252406475
1.2328942545558725 -0.34648335419669424 -0.07243078878609709

1.250184353342066 -0.2971369259593087 -0.04828719252406475
1.255568875177394 -0.249586999852088 -0.07243078878609709

1.250184353342066 -0.2971369259593087 -0.04828719252406475
1.2620899302929316 -0.2953404238291438 -7.347880794884119e-17

1.2497770370279795 0.2961982375583299 0.04939200607632164
1.2322832800847425 0.3450753215952266 0.0740880091144825

1.2497770370279795 0.2961982375583299 0.04939200607632164
1.254957900706264 0.2481789672506201 0.0740880091144825

1.2497770370279795 0.2961982375583299 0.04939200607632164
1.2620899302929316 0.29534042382914294 -7.347880794884119e-17

0.9316230054949708 0.4839991123043998 0.284511756587603
0.9333117608149539 0.4309899410759191 0.28532702851963787

0.9316230054949708 0.4839991123043998 0.284511756587603
0.9761757792981431 0.5169376875659943 0.2797409150922859

0.9316230054949708 0.4839991123043998 0.284511756587603
0.8853814763718151 0.5040697082712859 0.28846732615088533

0.6868353354015387 -0.8380466030875996 0.28123687078648923
0.6466812088679021 -0.8741037807816125 0.27786240440075227

0.6868353354015387 -0.8380466030875996 0.28123687078648923
0.7332496383230498 -0.8431168435212144 0.2721550661033232

0.6868353354015387 -0.8380466030875996 0.28123687078648923
0.6805751590136642 -0.7969191849599718 0.2936931418553922

0.3910087723584584 -1.0041649356979476 0.2785748460213175
0.4510770580307852 -0.993915435539316 0.2708788394416951

0.3910087723584584 -1.0041649356979476 0.2785748460213175
0.3439827268893365 -0.969736091315986 0.2969590749956983

0.3910087723584584 -1.0041649356979476 0.2785748460213175
0.37796653215525355 -1.048843280238541 0.26788662362655913

-0.13427488963074488 -1.2615941835473163 0.10129454368567907
-0.08243010806361814 -1.2788865686992854 0.06892954138977236

-0.13427488963074488 -1.2615941835473163 0.10129454368567907
-0.1268681079371562 -1.246679916977186 0.15194181552851865

-0.13427488963074488 -1.2615941835473163 0.10129454368567907
-0.19352645289146037 -1.2592160649654773 0.0830122741387462

-0.029072638207608362 0.9139706470793149 0.27923498015208487
-0.0005853249473607158 0.9593332283109403 0.29604865213411

-0.029072638207608362 0.9139706470793149 0.27923498015208487
-0.08920135150198516 0.9073288039985412 0.27278844147186904

-0.029072638207608362 0.9139706470793149 0.27923498015208487
0.002568761826520785 0.8752499089284629 0.26886784685027554

0.606913038469335 -1.117273776771021 0.09756416355180818
0.5998516756710321 -1.1048777020644185 0.1463462453277123

0.606913038469335 -1.117273776771021 0.09756416355180818
0.5706747181068199 -1.151361133469672 0.06333397118891551

0.606913038469335 -1.117273776771021 0.09756416355180818
0.6502127216301532 -1.0955824947789725 0.08301227413879671

0.5112650680504957 -1.1781061600242804 -0.04931640017704769
0.45637972004277294 -1.1961262769443075 -0.0739746002655715

0.5112650680504957 -1.1781061600242804 -0.04931640017704769
0.5471866311102173 -1.1554182088497051 -0.0739746002655715

0.5112650680504957 -1.1781061600242804 -0.04931640017704769
0.5302288529984965 -1.1827739942788287 -7.347880794884119e-17

1.2082648821663835 0.38453752447004086 -0.10469897582480424
1.2327678064541385 0.3431946035623511 -0.0740361895977144

1.2082648821663835 0.38453752447004086 -0.10469897582480424
1.1926896684138706 0.38068789761818655 -0.15704846373720632

1.2082648821663835 0.38453752447004086 -0.10469897582480424
1.199337171631142 0.42973007222958487 -0.083012274139492

0.43030949521175293 -1.1964438419144148 0.09756416355177451
0.47986780703937554 -1.1920692015642746 0.06333397118891551

0.43030949521175293 -1.1964438419144148 0.09756416355177451
0.4257532718521032 -1.1829247316849065 0.1463462453276618

0.43030949521175293 -1.1964438419144148 0.09756416355177451
0.38530740674377995 -1.2143375924940631 0.0830122741387462

1.206915124206559 -0.3871835262812238 0.10588745021815389
1.2307431695139441 -0.3471636062789406 0.07581890118848161

1.206915124206559 -0.3871835262812238 0.10588745021815389
1.1906650314741336 -0.3846569003349607 0.1588311753272309

1.206915124206559 -0.3871835262812238 0.10588745021815389
1.1993371716315995 -0.4297300722297702 0.0830122741387492

1.2827470590026995 0.11084334643325146 -0.04319336431427942
1.281738313046823 0.06704298490760895 -0.06479004647141909

1.2827470590026995 0.11084334643325146 -0.04319336431427942
1.2741205885040494 0.16626501964987733 -0.06479004647141909

1.2827470590026995 0.11084334643325146 -0.04319336431427942
1.2923822754572265 0.0992220347422681 -7.347880794884119e-17

1.2827470590027163 -0.11084334643325529 0.043193364314244614
1.281738313046848 -0.06704298490761415 0.06479004647136696

1.2827470590027163 -0.11084334643325529 0.043193364314244614
1.2741205885040745 -0.1662650196498828 0.06479004647136696

1.2827470590027163 -0.11084334643325529 0.043193364314244614
1.2923822754572265 -0.09922203474226896 -7.347880794884119e-17

-0.18899176535637197 -1.1644364976202572 0.228596235844422
-0.16450542165205873 -1.1331500398086969 0.2598820796278868

-0.18899176535637197 -1.1644364976202572 0.228596235844422
-0.2509359313741052 -1.168469810325134 0.2154459144458079

-0.18899176535637197 -1.1644364976202572 0.228596235844422
-0.15153394304295192 -1.191689642726941 0.21046071345957135

0.7156839745506905 -1.0683722932093518 -0.04599630782945512
0.6794794446977213 -1.0856180734863 -0.06899446174418264

0.7156839745506905 -1.0683722932093518 -0.04599630782945512
0.7630080797930652 -1.0315254767219146 -0.06899446174418264

0.7156839745506905 -1.0683722932093518 -0.04599630782945512
0.7045643991612849 -1.0879733294198406 -7.347880794884119e-17

0.8403645555242072 0.5228978627006149 0.29005286325161156
0.8853814763718151 0.5040697082712859 0.28846732615088533

0.8403645555242072 0.5228978627006149 0.29005286325161156
0.839288104341998 0.5752858131603169 0.2880525750882987

0.8403645555242072 0.5228978627006149 0.29005286325161156
0.7964240858588088 0.4893380666702417 0.29363868851565067

1.2687272414687099 0.044695323271739196 -0.10197188954352698
1.2530908622030645 0.06704298490760895 -0.15295783431529045

1.2687272414687099 0.044695323271739196 -0.10197188954352698
1.281738313046823 0.06704298490760895 -0.06479004647141909

1.2687272414687099 0.044695323271739196 -0.10197188954352698
1.2713525491562416 -3.1139156598240397e-16 -0.08816778784387144

1.2687272414687267 -0.044695323271742866 0.10197188954349191
1.25309086220309 -0.06704298490761415 0.1529578343152379

1.2687272414687267 -0.044695323271742866 0.10197188954349191
1.281738313046848 -0.06704298490761415 0.06479004647136696

1.2687272414687267 -0.044695323271742866 0.10197188954349191
1.271352549156242 -3.1139156598240406e-16 0.08816778784387086

1.2101352257181133 -0.3876446287768993 -0.10049617638341835
1.195495183741465 -0.38534855407847396 -0.1507442645751275

1.2101352257181133 -0.3876446287768993 -0.10049617638341835
1.2328942545558725 -0.34648335419669424 -0.07243078878609709

1.2101352257181133 -0.3876446287768993 -0.10049617638341835
1.2020162388570026 -0.4311019780555298 -0.07831347578903049

1.2096164458887084 0.3843057259707709 0.10319402593794674
1.1947170139973575 0.38034019986928164 0.15479103890692014

1.2096164458887084 0.3843057259707709 0.10319402593794674
1.2322832800847425 0.3450753215952266 0.0740880091144825

1.2096164458887084 0.3843057259707709 0.10319402593794674
1.201849043584025 0.42750165644780447 0.08070302979243756

0.973839813575236 -0.6987597541166141 0.21341036010506878
0.9852755951206003 -0.6468093257712759 0.23314680825866102

0.973839813575236 -0.6987597541166141 0.21341036010506878
0.9324327834532685 -0.7386079707454202 0.22069929151294254

0.973839813575236 -0.6987597541166141 0.21341036010506878
1.0038110621518392 -0.710861965833146 0.18638498054360275

0.24511717636790653 -1.2501182759541944 0.09245513837807334
0.24392154359482632 -1.2370670059333355 0.13868270756711004

0.24511717636790653 -1.2501182759541944 0.09245513837807334
0.20207932877360596 -1.272580852623944 0.055670433428363766

0.24511717636790653 -1.2501182759541944 0.09245513837807334
0.28935065673528726 -1.2407069693053034 0.0830122741387462

0.06355733544029189 -1.2781124484430075 0.08306664987875745
0.10322188471509483 -1.2839934623090143 0.055670433428363766

0.06355733544029189 -1.2781124484430075 0.08306664987875745
0.07043922626191551 -1.267645654981485 0.1245999748181362

0.06355733544029189 -1.2781124484430075 0.08306664987875745
0.01701089534386535 -1.2826982280385235 0.06892954138977236

-0.982280552824513 0.12872936894784529 0.2868410887839528
-1.0387144844508054 0.1303775587180859 0.2931330966861693

-0.982280552824513 0.12872936894784529 0.2868410887839528
-0.9408495217629852 0.080122204345542 0.2869901255186806

-0.982280552824513 0.12872936894784529 0.2868410887839528
-0.9672776522597486 0.175688343779908 0.28040004414700853

1.1608947579314302 0.24872058862392363 0.21979877345142484
1.1550982197719484 0.29289906298570967 0.21099359189540215

1.1608947579314302 0.24872058862392363 0.21979877345142484
1.128766511648108 0.22412395042753352 0.2556101510626547

1.1608947579314302 0.24872058862392363 0.21979877345142484
1.1988195423742345 0.2291387524585276 0.1927925773962177

-0.03835555411006387 -1.2856063909215412 0.045953027593181546
0.01701089534386535 -1.2826982280385235 0.06892954138977236

-0.03835555411006387 -1.2856063909215412 0.045953027593181546
-0.08243010806361814 -1.2788865686992854 0.06892954138977236

-0.03835555411006387 -1.2856063909215412 0.045953027593181546
-0.04964744961043882 -1.2952343760268148 -7.347880794884119e-17

1.0160058567366572 -0.6038896061311337 -0.22545334616920773
1.017929757166455 -0.6570668335828591 -0.20247909414839688

1.0160058567366572 -0.6038896061311337 -0.22545334616920773
0.9838114267998249 -0.5863802889882073 -0.2593014661801738

1.0160058567366572 -0.6038896061311337 -0.22545334616920773
1.046276386243692 -0.568221695822335 -0.21457947817905249

0.4146507705473172 -1.1991485588343127 -0.10465791626973846
0.4022651848554496 -1.1869818070647535 -0.15698687440460765

0.4146507705473172 -1.1991485588343127 -0.10465791626973846
0.45637972004277294 -1.1961262769443075 -0.0739746002655715

0.4146507705473172 -1.1991485588343127 -0.10465791626973846
0.3853074067437289 -1.214337592493877 -0.08301227413903624

-0.1547484669594608 1.0690279125563982 0.280499051477999
-0.09394097272162767 1.0672014380477297 0.2807498271982468

-0.1547484669594608 1.0690279125563982 0.280499051477999
-0.18594498130125786 1.1078358071440881 0.2707639538391466

-0.1547484669594608 1.0690279125563982 0.280499051477999
-0.18435944685549685 1.032046492477377 0.2899833733966034

-0.15634481489118254 -1.0849339991676659 0.2732532436797643
-0.20196550567632104 -1.0492160626462468 0.28243142619882133

-0.15634481489118254 -1.0849339991676659 0.2732532436797643
-0.16450542165205873 -1.1331500398086969 0.2598820796278868

-0.15634481489118254 -1.0849339991676659 0.2732532436797643
-0.10256351734516779 -1.0724358950480537 0.2774462252125848

1.2581204934149885 0.20889415608356912 -0.09255082404608896
1.2741205885040494 0.16626501964987733 -0.06479004647141909

1.2581204934149885 0.20889415608356912 -0.09255082404608896
1.2447984646652566 0.21411919938308546 -0.1388262360691334

1.2581204934149885 0.20889415608356912 -0.09255082404608896
1.2554424270756601 0.24629824921774462 -0.0740361895977144

1.2567707354548758 -0.21154015789463224 0.09373929843989907
1.2741205885040745 -0.1662650196498828 0.06479004647136696

1.2567707354548758 -0.21154015789463224 0.09373929843989907
1.242773827725087 -0.21808820209967955 0.14060894765984866

1.2567707354548758 -0.21154015789463224 0.09373929843989907
1.2534177901354655 -0.25026725193433436 0.07581890118848161

0.5269237927148973 -1.1754014431042583 0.04222264745927698
0.5706747181068199 -1.151361133469672 0.06333397118891551

0.5269237927148973 -1.1754014431042583 0.04222264745927698
0.47986780703937554 -1.1920692015642746 0.06333397118891551

0.5269237927148973 -1.1754014431042583 0.04222264745927698
0.5302288529984965 -1.1827739942788287 -7.347880794884119e-17

-0.24834079021264022 -1.0287388596476401 0.2871553351639711
-0.3024993846342453 -1.0488573305286584 0.28073521685419706

-0.24834079021264022 -1.0287388596476401 0.2871553351639711
-0.20196550567632104 -1.0492160626462468 0.28243142619882133

-0.24834079021264022 -1.0287388596476401 0.2871553351639711
-0.24055748032735438 -0.9881431857680151 0.2982993624388951

0.7384712946368187 -0.967639107892951 0.19421636824226454
0.7680121023580454 -0.9269091301525672 0.2083122782246001

0.7384712946368187 -0.967639107892951 0.19421636824226454
0.6893726836858267 -0.984700251358287 0.2111744384631384

0.7384712946368187 -0.967639107892951 0.19421636824226454
0.7580290978665842 -0.9913079421679991 0.1631623880390552

0.5324914246862474 -0.9040438061338142 0.2894257728660172
0.501733772250113 -0.9421126480905364 0.28443841922261515

0.5324914246862474 -0.9040438061338142 0.2894257728660172
0.5901905106469372 -0.8986615858923408 0.28416301389360854

0.5324914246862474 -0.9040438061338142 0.2894257728660172
0.5055499911616923 -0.8713571844185655 0.2996758854818278

0.9676956483171013 -0.6034703976368506 0.252969138071615
0.9232165355660663 -0.595673936025775 0.28003745846276185

0.9676956483171013 -0.6034703976368506 0.252969138071615
0.9852755951206003 -0.6468093257712759 0.23314680825866102

0.9676956483171013 -0.6034703976368506 0.252969138071615
0.994594814264637 -0.5679279311135008 0.24572314749342206

0.5869632495962935 1.067030002177155 0.1943805698892409
0.5375143067210957 1.0769763088042423 0.2099971438904042

0.5869632495962935 1.067030002177155 0.1943805698892409
0.6248032249106688 1.0302887956790745 0.2085585806951153

0.5869632495962935 1.067030002177155 0.1943805698892409
0.5985722171571163 1.0938249020481479 0.1645859850822033

0.19439316861135894 1.1006065274511139 0.26974010150931493
0.25046856630811287 1.0876992575885844 0.26928589957052695

0.19439316861135894 1.1006065274511139 0.26974010150931493
0.16004271994658326 1.1380031845505285 0.25754102288063035

0.19439316861135894 1.1006065274511139 0.26974010150931493
0.17266821957938075 1.076117140214229 0.2823933820767875

0.7933059972646667 -0.9944566133343917 -0.09843597401613247
0.7630080797930652 -1.0315254767219146 -0.06899446174418264

0.7933059972646667 -0.9944566133343917 -0.09843597401613247
0.7959124787686856 -0.9747445536738599 -0.14765396102419864

0.7933059972646667 -0.9944566133343917 -0.09843597401613247
0.8209974332322494 -0.9770998096074006 -0.07865949928001609

0.15131740378141886 -1.281402580204647 0.03711362228557582
0.20207932877360596 -1.272580852623944 0.055670433428363766

0.15131740378141886 -1.281402580204647 0.03711362228557582
0.10322188471509483 -1.2839934623090143 0.055670433428363766

0.15131740378141886 -1.281402580204647 0.03711362228557582
0.1486509978555558 -1.2876334256809825 -7.347880794884119e-17

-0.467158522021615 0.7903038582628299 0.277593936122553
-0.42411396007722824 0.7594778618509315 0.2665998886663507

-0.467158522021615 0.7903038582628299 0.277593936122553
-0.4752237619807588 0.8388511407703395 0.29383620425307133

-0.467158522021615 0.7903038582628299 0.277593936122553
-0.502137844006858 0.7725825721672186 0.27234571544823705

0.5778679184541381 0.9265008358756943 0.27630959323832643
0.6143881147894946 0.9573010559814126 0.26446614366811316

0.5778679184541381 0.9265008358756943 0.27630959323832643
0.5342864201290367 0.9391702990497133 0.27698311594103464

0.5778679184541381 0.9265008358756943 0.27630959323832643
0.5849292204438832 0.8830311525959569 0.28747952010583167

-0.49271728404514875 -0.8149294524186262 0.28592157527722434
-0.5243653081423109 -0.8566846978174942 0.2995139188866925

-0.49271728404514875 -0.8149294524186262 0.28592157527722434
-0.4416570302821756 -0.8064920719325396 0.27930896185230714

-0.49271728404514875 -0.8149294524186262 0.28592157527722434
-0.5121295137109597 -0.7816115875058447 0.27894184509267334

1.2257875506851197 0.10240378438564672 0.18103028248592754
1.2524374089024826 0.07342385662829434 0.15284085544715614

1.2257875506851197 0.10240378438564672 0.18103028248592754
1.2173287768714376 0.15360567657847024 0.1833776358850204

1.2257875506851197 0.10240378438564672 0.18103028248592754
1.207596466281439 0.08018181995017559 0.20687235612560606

1.2251938954213113 -0.1016538036622731 -0.18155798354670707
1.2524374089031105 -0.07342385662621115 -0.152840855446355

1.2251938954213113 -0.1016538036622731 -0.18155798354670707
1.2164382939757257 -0.1524807054934095 -0.1841691874761892

1.2251938954213113 -0.1016538036622731 -0.18155798354670707
1.2067059833850982 -0.07905684886719866 -0.207663907717577

0.8270159518850182 -0.5354908238312013 0.2895182430353314
0.7742560504724758 -0.544839965062802 0.2879704657042357

0.8270159518850182 -0.5354908238312013 0.2895182430353314
0.8680965586525723 -0.5662335452356426 0.2961790522566513

0.8270159518850182 -0.5354908238312013 0.2895182430353314
0.8386952465300066 -0.4953989611951594 0.2844052111451073

1.08584434109874 0.19971347201886902 0.27033554925098063
1.128766511648108 0.22412395042753352 0.2556101510626547

1.08584434109874 0.19971347201886902 0.27033554925098063
1.042522594522913 0.2193883880781278 0.2867987555947359

1.08584434109874 0.19971347201886902 0.27033554925098063
1.086243917125199 0.15562807755094576 0.2685977410955514

-0.4201878178151142 -0.9755878899460336 0.2843714234162085
-0.3974920919994027 -0.9346748179473079 0.2982420943702986

-0.4201878178151142 -0.9755878899460336 0.2843714234162085
-0.4597360470800321 -0.9694896080938371 0.2782555585771773

-0.4201878178151142 -0.9755878899460336 0.2843714234162085
-0.40333531436590797 -1.022599243796956 0.2766166173011496

1.2206949211936313 0.19620067955557016 -0.17168720290057593
1.2447984646652566 0.21411919938308546 -0.1388262360691334

1.2206949211936313 0.19620067955557016 -0.17168720290057593
1.2179822301720136 0.14722480485787887 -0.18349461475314954

1.2206949211936313 0.19620067955557016 -0.17168720290057593
1.199304068743624 0.2272580344257461 -0.19274075787944484

1.2193451632335053 -0.19884668136653486 0.17287567729440625
1.242773827725087 -0.21808820209967955 0.14060894765984866

1.2193451632335053 -0.19884668136653486 0.17287567729440625
1.217982230172019 -0.14722480485773676 0.18349461475312775

1.2193451632335053 -0.19884668136653486 0.17287567729440625
1.19727943180341 -0.23122703714218829 0.1945234694702424

1.2262231862188366 0.09814986990525248 -0.18110826839801397
1.2179822301720136 0.14722480485787887 -0.18349461475314954

1.2262231862188366 0.09814986990525248 -0.18110826839801397
1.2530908622030645 0.06704298490760895 -0.15295783431529045

1.2262231862188366 0.09814986990525248 -0.18110826839801397
1.207596466281432 0.0801818199502696 -0.2068723561256019

1.2262231862188406 -0.09814986990515794 0.1811082683979991
1.217982230172019 -0.14722480485773676 0.18349461475312775

1.2262231862188406 -0.09814986990515794 0.1811082683979991
1.25309086220309 -0.06704298490761415 0.1529578343152379

1.2262231862188406 -0.09814986990515794 0.1811082683979991
1.2075964662814132 -0.0801818199501229 0.20687235612563165

-0.661286145901308 -0.8761880773533591 0.27625740061312326
-0.6945103230664145 -0.898380009334639 0.2648126998561556

-0.661286145901308 -0.8761880773533591 0.27625740061312326
-0.6121558075809905 -0.9013767168798588 0.27734870193612615

-0.661286145901308 -0.8761880773533591 0.27625740061312326
-0.6771923070565189 -0.8288075058455795 0.28661080004708805

0.23967777355723774 1.1990176492483353 0.19093446143355122
0.19059131530878637 1.195605213330595 0.2052290443259311

0.23967777355723774 1.1990176492483353 0.19093446143355122
0.2878468783647279 1.17771391150435 0.20338941801158064

0.23967777355723774 1.1990176492483353 0.19093446143355122
0.24059512699819885 1.223733822910061 0.16418492196314194

1.2577691566161755 -0.2153405709855327 -0.09140257092572045
1.2442714594670365 -0.2237888217360302 -0.13710385638858064

1.2577691566161755 -0.2153405709855327 -0.09140257092572045
1.2734671352040956 -0.1726458913684798 -0.06467306760248365

1.2577691566161755 -0.2153405709855327 -0.09140257092572045
1.255568875177394 -0.249586999852088 -0.07243078878609709

1.2573618403016695 0.21440188258594306 0.09250738447851185
1.243660484995278 0.22238078913664633 0.1387610767177678

1.2573618403016695 0.21440188258594306 0.09250738447851185
1.273467135203467 0.17264589137056274 0.06467306760328521

1.2573618403016695 0.21440188258594306 0.09250738447851185
1.254957900706264 0.2481789672506201 0.0740880091144825

1.00294011034636 -0.7027956526450284 -0.1871323989691334
0.9642128072143787 -0.7347393587590492 -0.2018200453800623

1.00294011034636 -0.7027956526450284 -0.1871323989691334
1.017929757166455 -0.6570668335828591 -0.20247909414839688

1.00294011034636 -0.7027956526450284 -0.1871323989691334
1.0266777666582458 -0.7165807655931768 -0.157098057378941

0.9982616823890192 0.23719802612969557 0.289787296939067
0.9973925235835268 0.28035078159377336 0.28478777259478427

0.9982616823890192 0.23719802612969557 0.289787296939067
0.954869929060618 0.2118549087171856 0.29777536262768095

0.9982616823890192 0.23719802612969557 0.289787296939067
1.042522594522913 0.2193883880781278 0.2867987555947359

0.6382124549752262 0.9872465002952685 0.23069323640771358
0.6248032249106688 1.0302887956790745 0.2085585806951153

0.6382124549752262 0.9872465002952685 0.23069323640771358
0.6143881147894946 0.9573010559814126 0.26446614366811316

0.6382124549752262 0.9872465002952685 0.23069323640771358
0.6754460252255152 0.9741496492253181 0.2190549848599123

0.4933741692231421 1.0666421237976889 0.23140341849502363
0.48441960435094145 1.0297069781098753 0.2640928536037893

0.4933741692231421 1.0666421237976889 0.23140341849502363
0.5375143067210957 1.0769763088042423 0.2099971438904042

0.4933741692231421 1.0666421237976889 0.23140341849502363
0.458188596597389 1.093243084478949 0.22012025799087728

0.49617613593230936 -0.9857493068809813 0.2702277421725954
0.53571757751603 -1.0212198370130914 0.2553659678534759

0.49617613593230936 -0.9857493068809813 0.2702277421725954
0.501733772250113 -0.9421126480905364 0.28443841922261515

0.49617613593230936 -0.9857493068809813 0.2702277421725954
0.4510770580307852 -0.993915435539316 0.2708788394416951

1.2197499291305955 -0.2018971137354858 -0.17106665084152417
1.2164382939757257 -0.1524807054934095 -0.1841691874761892

1.2197499291305955 -0.2018971137354858 -0.17106665084152417
1.2442714594670365 -0.2237888217360302 -0.13710385638858064

1.2197499291305955 -0.2018971137354858 -0.17106665084152417
1.198540033949024 -0.22942181397701772 -0.19192690865980266

1.2199362680803167 0.2017084060578814 0.171643763333002
1.2173287768714376 0.15360567657847024 0.1833776358850204

1.2199362680803167 0.2017084060578814 0.171643763333002
1.243660484995278 0.22238078913664633 0.1387610767177678

1.2199362680803167 0.2017084060578814 0.171643763333002
1.1988195423742345 0.2291387524585276 0.1927925773962177

0.491222244828436 0.9747714506280029 0.2760607331954439
0.5342864201290367 0.9391702990497133 0.27698311594103464

0.491222244828436 0.9747714506280029 0.2760607331954439
0.48441960435094145 1.0297069781098753 0.2640928536037893

0.491222244828436 0.9747714506280029 0.2760607331954439
0.4549607100053299 0.9554370747244199 0.2871062300415077

0.6550398863690037 -0.9796058507602953 0.23042480818689093
0.6428649899563228 -0.9448592444535834 0.26262493814153964

0.6550398863690037 -0.9796058507602953 0.23042480818689093
0.6328819854648615 -1.0092580564690152 0.2174750479559947

0.6550398863690037 -0.9796058507602953 0.23042480818689093
0.6893726836858267 -0.984700251358287 0.2111744384631384

0.8833634779090581 -0.6023408070516117 0.2866064079137678
0.8680965586525723 -0.5662335452356426 0.2961790522566513

0.8833634779090581 -0.6023408070516117 0.2866064079137678
0.8587773395085355 -0.6451149398934177 0.2836027130218902

0.8833634779090581 -0.6023408070516117 0.2866064079137678
0.9232165355660663 -0.595673936025775 0.28003745846276185

0.8282327558286275 -0.685387375828803 0.2850637432005812
0.8587773395085355 -0.6451149398934177 0.2836027130218902

0.8282327558286275 -0.685387375828803 0.2850637432005812
0.7854004755319266 -0.6908033984014295 0.2938650551868714

0.8282327558286275 -0.685387375828803 0.2850637432005812
0.8405204524454206 -0.7202437891915618 0.277723461392982

0.1544750012784746 1.172543831279121 0.227035531346251
0.16004271994658326 1.1380031845505285 0.25754102288063035

0.1544750012784746 1.172543831279121 0.227035531346251
0.19059131530878637 1.195605213330595 0.2052290443259311

0.1544750012784746 1.172543831279121 0.227035531346251
0.11279096858005419 1.1840230959562394 0.21833652683219165

0.626578903157054 -0.9058748703758456 0.27488345214530013
0.5901905106469372 -0.8986615858923408 0.28416301389360854

0.626578903157054 -0.9058748703758456 0.27488345214530013
0.6428649899563228 -0.9448592444535834 0.26262493814153964

0.626578903157054 -0.9058748703758456 0.27488345214530013
0.6466812088679021 -0.8741037807816125 0.27786240440075227

