x y z
-0.7577039642542767 0.9940140258162262 -0.1660245482784421
-0.6733794491002221 1.0475575310733523 -0.16685279912920026
-0.6349688829089889 1.0001387852720072 -0.20896711334582027
-0.6579258573903997 0.9496576597427717 -0.22961014502875116
-0.5890549339461675 1.101101036330478 -0.1676810499799584
-0.5736013422363451 1.0032011649998975 -0.23043839587950932
-0.6349688829089889 1.0001387852720072 -0.20896711334582027
-0.6733794491002221 1.0475575310733523 -0.16685279912920026
-0.5581477505265228 0.9053012936693172 -0.2931957417790602
-0.6579258573903997 0.9496576597427717 -0.22961014502875116
-0.6349688829089889 1.0001387852720072 -0.20896711334582027
-0.5736013422363451 1.0032011649998975 -0.23043839587950932
0.5687536560032879 0.6647377479455011 -0.2726475503803145
0.5290056467090135 0.59638448376282 -0.1899854598154358
0.4776661069616521 0.6318478391428858 -0.20015076736900758
0.47187034173510867 0.6837561489242592 -0.24656446642823282
0.4892576374147391 0.5280312195801391 -0.1073233692505571
0.43212233244083426 0.6154028847415782 -0.1639023758633541
0.4776661069616521 0.6318478391428858 -0.20015076736900758
0.5290056467090135 0.59638448376282 -0.1899854598154358
0.3749870274669294 0.7027745499030172 -0.2204813824761511
0.47187034173510867 0.6837561489242592 -0.24656446642823282
0.4776661069616521 0.6318478391428858 -0.20015076736900758
0.43212233244083426 0.6154028847415782 -0.1639023758633541
-0.1131313652419752 -0.7647215373819454 -0.1961916980755149
-0.004219698557715604 -0.7735493357508563 -0.2048980437797614
-0.019006111571014526 -0.8243564945841545 -0.23361335547707726
-0.08085515141979378 -0.8453461748163483 -0.24361783847361196
0.104691968126544 -0.7823771341197672 -0.2136043894840079
0.02805651526446581 -0.8541739731852592 -0.25232418417785846
-0.019006111571014526 -0.8243564945841545 -0.23361335547707726
-0.004219698557715604 -0.7735493357508563 -0.2048980437797614
-0.04857893759761237 -0.9259708122507513 -0.291043978871709
-0.08085515141979378 -0.8453461748163483 -0.24361783847361196
-0.019006111571014526 -0.8243564945841545 -0.23361335547707726
0.02805651526446581 -0.8541739731852592 -0.25232418417785846
0.3199511156124059 -0.694726749127105 -0.1863066011600608
0.4155022502210264 -0.6302946347587213 -0.1847834171675291
0.43752231098245625 -0.6803592979361047 -0.21929473621415588
0.40075677405886095 -0.7376076867089882 -0.23731198773373507
0.5110533848296469 -0.5658625203903375 -0.1832602331749974
0.4963079086674814 -0.6731755723406045 -0.2357888037412034
0.43752231098245625 -0.6803592979361047 -0.21929473621415588
0.4155022502210264 -0.6302946347587213 -0.1847834171675291
0.481562432505316 -0.7804886242908715 -0.2883173743074094
0.40075677405886095 -0.7376076867089882 -0.23731198773373507
0.43752231098245625 -0.6803592979361047 -0.21929473621415588
0.4963079086674814 -0.6731755723406045 -0.2357888037412034
-0.9015774240981834 0.3034374987560044 -0.2960159906578091
-0.8222446035349535 0.24382096295295597 -0.24150468866346125
-0.8579119588029908 0.19454985126330124 -0.25856761053766575
-0.9154120467186242 0.19972256331999805 -0.2943547224719419
-0.7429117829717237 0.1842044271499075 -0.1869933866691134
-0.8360792261553944 0.14010602751694962 -0.23984342047759405
-0.8579119588029908 0.19454985126330124 -0.25856761053766575
-0.8222446035349535 0.24382096295295597 -0.24150468866346125
-0.9292466693390651 0.09600762788399173 -0.2926934542860747
-0.9154120467186242 0.19972256331999805 -0.2943547224719419
-0.8579119588029908 0.19454985126330124 -0.25856761053766575
-0.8360792261553944 0.14010602751694962 -0.23984342047759405
-0.5581477505265228 0.9053012936693172 -0.2931957417790602
-0.6488780469494435 0.8585220457015079 -0.2883418085449322
-0.6851533527177213 0.9036860390730806 -0.24756938845610219
-0.6579258573903997 0.9496576597427717 -0.22961014502875116
-0.7396083433723641 0.8117427977336987 -0.2834878753108042
-0.7486561538133204 0.9028784117749624 -0.22475621179462316
-0.6851533527177213 0.9036860390730806 -0.24756938845610219
-0.6488780469494435 0.8585220457015079 -0.2883418085449322
-0.7577039642542767 0.9940140258162262 -0.1660245482784421
-0.6579258573903997 0.9496576597427717 -0.22961014502875116
-0.6851533527177213 0.9036860390730806 -0.24756938845610219
-0.7486561538133204 0.9028784117749624 -0.22475621179462316
0.07127915363411627 -1.015813223421827 0.2994406594627901
0.17107567732396056 -1.020238579718519 0.2967037593216762
0.1853817840345119 -0.9605267150189163 0.28758568450869676
0.1426365755448654 -0.9284581045207689 0.2843950971727639
0.2708722010138049 -1.024663936015211 0.2939668591805623
0.24243309923470968 -0.932883460817461 0.28165819703165007
0.1853817840345119 -0.9605267150189163 0.28758568450869676
0.17107567732396056 -1.020238579718519 0.2967037593216762
0.2139939974556145 -0.8411029856197109 0.2693495348827378
0.1426365755448654 -0.9284581045207689 0.2843950971727639
0.1853817840345119 -0.9605267150189163 0.28758568450869676
0.24243309923470968 -0.932883460817461 0.28165819703165007
-0.7272243667390718 0.4242542807882809 -0.2549784982716151
-0.7350680748553977 0.30422935396909423 -0.22098594247036424
-0.7905711912696596 0.3039654022313976 -0.24599595853284587
-0.8144008954186276 0.36384588977214266 -0.27549724446471213
-0.7429117829717237 0.1842044271499075 -0.1869933866691134
-0.8222446035349535 0.24382096295295597 -0.24150468866346125
-0.7905711912696596 0.3039654022313976 -0.24599595853284587
-0.7350680748553977 0.30422935396909423 -0.22098594247036424
-0.9015774240981834 0.3034374987560044 -0.2960159906578091
-0.8144008954186276 0.36384588977214266 -0.27549724446471213
-0.7905711912696596 0.3039654022313976 -0.24599595853284587
-0.8222446035349535 0.24382096295295597 -0.24150468866346125
-0.7263486767061138 -0.2855915148350236 0.2044744767930424
-0.7833895196108163 -0.18068535896393748 0.23031339307846144
-0.8249969200387154 -0.2252022376143236 0.25269529304832966
-0.8172801988003136 -0.2999137548750598 0.2509667848905542
-0.8404303625155187 -0.07577920309285134 0.2561523093638805
-0.874321041705016 -0.19500759900397363 0.27680570117597325
-0.8249969200387154 -0.2252022376143236 0.25269529304832966
-0.7833895196108163 -0.18068535896393748 0.23031339307846144
-0.9082117208945133 -0.3142359949150959 0.297459092988066
-0.8172801988003136 -0.2999137548750598 0.2509667848905542
-0.8249969200387154 -0.2252022376143236 0.25269529304832966
-0.874321041705016 -0.19500759900397363 0.27680570117597325
1.074351696557307 0.6387077681361661 0.1660245482742163
1.0215637740289811 0.7136263866530603 0.16657874714941906
0.990457680970989 0.6724234093558272 0.2053462356741238
1.0012985957061558 0.6143626114487637 0.2244528804988748
0.9687758515006553 0.7885450051699544 0.1671329460246218
0.9485106731778299 0.6892812299656578 0.22500707937407755
0.990457680970989 0.6724234093558272 0.2053462356741238
1.0215637740289811 0.7136263866530603 0.16657874714941906
0.9282454948550044 0.5900174547613611 0.2828812127235333
1.0012985957061558 0.6143626114487637 0.2244528804988748
0.990457680970989 0.6724234093558272 0.2053462356741238
0.9485106731778299 0.6892812299656578 0.22500707937407755
0.7671435884688117 -0.7659322476995737 0.2879858035579631
0.8019060525038073 -0.8497245343309264 0.22414301567924
0.8515934518307073 -0.8340365598230477 0.2074078317187881
0.8590559194766596 -0.784296429253432 0.23096163367792372
0.8366685165388029 -0.9335168209622792 0.1603002278005169
0.8938183835116552 -0.8680887158847848 0.1671188457992006
0.8515934518307073 -0.8340365598230477 0.2074078317187881
0.8019060525038073 -0.8497245343309264 0.22414301567924
0.9509682504845075 -0.8026606108072902 0.1739374637978843
0.8590559194766596 -0.784296429253432 0.23096163367792372
0.8515934518307073 -0.8340365598230477 0.2074078317187881
0.8938183835116552 -0.8680887158847848 0.1671188457992006
0.9282454948550044 0.5900174547613611 0.2828812127235333
0.9485106731778299 0.6892812299656578 0.22500707937407755
0.9035376572233392 0.7110785685081793 0.2430775989953736
0.8709185600846812 0.6723453501772917 0.2810499254807495
0.9687758515006553 0.7885450051699544 0.1671329460246218
0.8911837384075066 0.7716091253815883 0.22317579213129377
0.9035376572233392 0.7110785685081793 0.2430775989953736
0.9485106731778299 0.6892812299656578 0.22500707937407755
0.813591625314358 0.7546732455932222 0.2792186382379657
0.8709185600846812 0.6723453501772917 0.2810499254807495
0.9035376572233392 0.7110785685081793 0.2430775989953736
0.8911837384075066 0.7716091253815883 0.22317579213129377
-0.2421302948477621 -1.229975927365077 -0.1603002278043763
-0.2889124083143769 -1.1434781549918571 -0.21989747124333014
-0.25143156063438216 -1.1229278696454614 -0.24132588701980973
-0.2093000800610773 -1.1559016131588735 -0.2222414731885726
-0.3356945217809917 -1.056980382618637 -0.279494714682284
-0.2560821935276921 -1.0694038407856534 -0.28183871662752646
-0.25143156063438216 -1.1229278696454614 -0.24132588701980973
-0.2889124083143769 -1.1434781549918571 -0.21989747124333014
-0.1764698652743925 -1.08182729895267 -0.2841827185727689
-0.2093000800610773 -1.1559016131588735 -0.2222414731885726
-0.25143156063438216 -1.1229278696454614 -0.24132588701980973
-0.2560821935276921 -1.0694038407856534 -0.28183871662752646
0.07127915363411627 -1.015813223421827 0.2994406594627901
0.1426365755448654 -0.9284581045207689 0.2843950971727639
0.09378826590595972 -0.8973794875133909 0.2731639417563378
0.033685400131132304 -0.9255177384602309 0.2750711451931378
0.2139939974556145 -0.8411029856197109 0.2693495348827378
0.10504282204188142 -0.8381626195591728 0.2600255829031116
0.09378826590595972 -0.8973794875133909 0.2731639417563378
0.1426365755448654 -0.9284581045207689 0.2843950971727639
-0.003908353371851659 -0.8352222534986348 0.2507016309234855
0.033685400131132304 -0.9255177384602309 0.2750711451931378
0.09378826590595972 -0.8973794875133909 0.2731639417563378
0.10504282204188142 -0.8381626195591728 0.2600255829031116
0.5110533848296469 -0.5658625203903375 -0.1832602331749974
0.5795846782574565 -0.6256704646134819 -0.23893280070574086
0.5469105963400763 -0.6772765178392784 -0.2553943252396304
0.4963079086674814 -0.6731755723406045 -0.2357888037412034
0.6481159716852662 -0.6854784088366263 -0.2946053682364843
0.5648392020952911 -0.7329835165637488 -0.2914613712719468
0.5469105963400763 -0.6772765178392784 -0.2553943252396304
0.5795846782574565 -0.6256704646134819 -0.23893280070574086
0.481562432505316 -0.7804886242908715 -0.2883173743074094
0.4963079086674814 -0.6731755723406045 -0.2357888037412034
0.5469105963400763 -0.6772765178392784 -0.2553943252396304
0.5648392020952911 -0.7329835165637488 -0.2914613712719468
-1.132633725593948 -0.5132221897962764 0.1752564249128626
-1.0525836386198388 -0.5166899253127588 0.22852876372250397
-1.0675655793534649 -0.4551584266985443 0.2395859874972269
-1.1150815932073326 -0.4226588096331958 0.21847842997976769
-0.9725335516457297 -0.5201576608292411 0.2818011025321453
-1.0350315062332234 -0.4261265451496782 0.27175076878940907
-1.0675655793534649 -0.4551584266985443 0.2395859874972269
-1.0525836386198388 -0.5166899253127588 0.22852876372250397
-1.097529460820717 -0.3320954294701152 0.2617004350466728
-1.1150815932073326 -0.4226588096331958 0.21847842997976769
-1.0675655793534649 -0.4551584266985443 0.2395859874972269
-1.0350315062332234 -0.4261265451496782 0.27175076878940907
0.5687536560032879 0.6647377479455011 -0.2726475503803145
0.617561466716916 0.5743055366443259 -0.25762299119733356
0.5747935236161904 0.558880764289597 -0.20752311721507474
0.5290056467090135 0.59638448376282 -0.1899854598154358
0.6663692774305443 0.4838733253431507 -0.2425984320143526
0.5778134574226417 0.5059522724616449 -0.17496090063245484
0.5747935236161904 0.558880764289597 -0.20752311721507474
0.617561466716916 0.5743055366443259 -0.25762299119733356
0.4892576374147391 0.5280312195801391 -0.1073233692505571
0.5290056467090135 0.59638448376282 -0.1899854598154358
0.5747935236161904 0.558880764289597 -0.20752311721507474
0.5778134574226417 0.5059522724616449 -0.17496090063245484
-0.515073677065515 -0.7653832152667495 -0.2898321250698271
-0.561021281070593 -0.8627674398648315 -0.2786388780360296
-0.6199312316343001 -0.8548285654721887 -0.27781377962185666
-0.6264124049136146 -0.8021670159768263 -0.2829978539316689
-0.6069688850756709 -0.9601516644629136 -0.2674456310022321
-0.6723600089186925 -0.8995512405749083 -0.27180460689787145
-0.6199312316343001 -0.8548285654721887 -0.27781377962185666
-0.561021281070593 -0.8627674398648315 -0.2786388780360296
-0.7377511327617142 -0.8389508166869031 -0.2761635827935107
-0.6264124049136146 -0.8021670159768263 -0.2829978539316689
-0.6199312316343001 -0.8548285654721887 -0.27781377962185666
-0.6723600089186925 -0.8995512405749083 -0.27180460689787145
0.68825625929794 0.8533841185112631 -0.2841102383704719
0.6870974376642566 0.9498317285059961 -0.2241474626016401
0.7375176503059757 0.9432584722315044 -0.20359774131901856
0.7633071674436771 0.8917480390968919 -0.2233042685621237
0.6859386160305732 1.046279338500729 -0.1641846868328083
0.7621483458099937 0.9881956490916249 -0.1633414927932919
0.7375176503059757 0.9432584722315044 -0.20359774131901856
0.6870974376642566 0.9498317285059961 -0.2241474626016401
0.8383580755894142 0.9301119596825209 -0.1624982987537755
0.7633071674436771 0.8917480390968919 -0.2233042685621237
0.7375176503059757 0.9432584722315044 -0.20359774131901856
0.7621483458099937 0.9881956490916249 -0.1633414927932919
-0.422477718884639 -1.17630427951843 -0.1660245482776514
-0.3790861203328153 -1.1166423310685336 -0.2227596314799677
-0.3334341785044643 -1.1544201965007146 -0.20193983025477058
-0.33230400686620054 -1.2031401034417535 -0.16316238804101385
-0.3356945217809917 -1.056980382618637 -0.279494714682284
-0.2889124083143769 -1.1434781549918571 -0.21989747124333014
-0.3334341785044643 -1.1544201965007146 -0.20193983025477058
-0.3790861203328153 -1.1166423310685336 -0.2227596314799677
-0.2421302948477621 -1.229975927365077 -0.1603002278043763
-0.33230400686620054 -1.2031401034417535 -0.16316238804101385
-0.3334341785044643 -1.1544201965007146 -0.20193983025477058
-0.2889124083143769 -1.1434781549918571 -0.21989747124333014
0.9948358845478702 -0.1843242876492218 0.2997691131854348
1.026959459606824 -0.2830643879743225 0.2860588020767171
1.0754689178213301 -0.24216413861629682 0.2698422469056519
1.083661859399106 -0.17234396377473366 0.26858912487447817
1.059083034665778 -0.3818044882994232 0.2723484909679993
1.11578543445806 -0.2710840640998343 0.2548788137657604
1.0754689178213301 -0.24216413861629682 0.2698422469056519
1.026959459606824 -0.2830643879743225 0.2860588020767171
1.172487834250342 -0.1603636399002455 0.2374091365635215
1.083661859399106 -0.17234396377473366 0.26858912487447817
1.0754689178213301 -0.24216413861629682 0.2698422469056519
1.11578543445806 -0.2710840640998343 0.2548788137657604
-0.05234407055906915 0.7095474667284315 0.08218066950655509
-0.041946389599566536 0.7265246645001469 -0.03725421779157055
0.016069309508583946 0.7135103827649886 -0.022862057703844335
0.039878318582907885 0.6985146430115519 0.04405146598908159
-0.03154870864006391 0.7435018622718621 -0.1566891050896962
0.0502759995424105 0.7154918407832672 -0.07538342130904405
0.016069309508583946 0.7135103827649886 -0.022862057703844335
-0.041946389599566536 0.7265246645001469 -0.03725421779157055
0.1321007077248849 0.6874818192946723 0.005922262471608096
0.039878318582907885 0.6985146430115519 0.04405146598908159
0.016069309508583946 0.7135103827649886 -0.022862057703844335
0.0502759995424105 0.7154918407832672 -0.07538342130904405
-1.265804051041113 -0.2962095615740766 -7.347880794884119e-17
-1.2337832785984086 -0.23656367782016713 0.10475850935670711
-1.2545840329118934 -0.1908804614425921 0.06983900623780472
-1.280994796289988 -0.19786179513075935 -7.347880794884119e-17
-1.201762506155704 -0.1769177940662577 0.2095170187134143
-1.2489740238472835 -0.1382159113768499 0.10475850935670711
-1.2545840329118934 -0.1908804614425921 0.06983900623780472
-1.2337832785984086 -0.23656367782016713 0.10475850935670711
-1.296185541538863 -0.09951402868744211 -7.347880794884119e-17
-1.280994796289988 -0.19786179513075935 -7.347880794884119e-17
-1.2545840329118934 -0.1908804614425921 0.06983900623780472
-1.2489740238472835 -0.1382159113768499 0.10475850935670711
0.2708722010138049 -1.024663936015211 0.2939668591805623
0.19629914735650178 -1.107109657960346 0.260644324013494
0.24126372208983704 -1.1398041461784623 0.22910439876816016
0.30103253628515625 -1.1149285293149531 0.2299957037290274
0.1217260936991987 -1.189555379905481 0.2273217888464258
0.22645948262785315 -1.197374251260088 0.19667316856195916
0.24126372208983704 -1.1398041461784623 0.22910439876816016
0.19629914735650178 -1.107109657960346 0.260644324013494
0.3311928715565076 -1.205193122614695 0.1660245482774925
0.30103253628515625 -1.1149285293149531 0.2299957037290274
0.24126372208983704 -1.1398041461784623 0.22910439876816016
0.22645948262785315 -1.197374251260088 0.19667316856195916
-0.2180152967280576 0.6666347743043209 -0.0287321561335098
-0.12478200268406076 0.7050683182880915 -0.09271063061160299
-0.10063602530906356 0.7065613677682049 -0.034413530572216966
-0.1351796836435634 0.6880911205163762 0.026724256686522646
-0.03154870864006391 0.7435018622718621 -0.1566891050896962
-0.041946389599566536 0.7265246645001469 -0.03725421779157055
-0.10063602530906356 0.7065613677682049 -0.034413530572216966
-0.12478200268406076 0.7050683182880915 -0.09271063061160299
-0.05234407055906915 0.7095474667284315 0.08218066950655509
-0.1351796836435634 0.6880911205163762 0.026724256686522646
-0.10063602530906356 0.7065613677682049 -0.034413530572216966
-0.041946389599566536 0.7265246645001469 -0.03725421779157055
-1.191623136704618 0.3771120271720997 0.1660245482774925
-1.214108201402202 0.28408693509248945 0.16496532520743318
-1.1644530059173244 0.26470585611247693 0.20549122190978789
-1.1283828758260934 0.3015278626622758 0.2262837817959949
-1.236593266099786 0.1910618430128792 0.1639061021373739
-1.1508679405236775 0.20850277058266556 0.22522455872593558
-1.1644530059173244 0.26470585611247693 0.20549122190978789
-1.214108201402202 0.28408693509248945 0.16496532520743318
-1.065142614947569 0.2259436981524519 0.2865430153144973
-1.1283828758260934 0.3015278626622758 0.2262837817959949
-1.1644530059173244 0.26470585611247693 0.20549122190978789
-1.1508679405236775 0.20850277058266556 0.22522455872593558
-0.8404303625155187 -0.07577920309285134 0.2561523093638805
-0.9360353438809068 -0.11008903874690681 0.27662021713050944
-0.9267608028854424 -0.17813802413630317 0.28356650908302833
-0.874321041705016 -0.19500759900397363 0.27680570117597325
-1.031640325246295 -0.1443988744009623 0.2970881248971383
-0.9699260230704041 -0.22931743465802912 0.29727360894260213
-0.9267608028854424 -0.17813802413630317 0.28356650908302833
-0.9360353438809068 -0.11008903874690681 0.27662021713050944
-0.9082117208945133 -0.3142359949150959 0.297459092988066
-0.874321041705016 -0.19500759900397363 0.27680570117597325
-0.9267608028854424 -0.17813802413630317 0.28356650908302833
-0.9699260230704041 -0.22931743465802912 0.29727360894260213
-0.7377511327617142 -0.8389508166869031 -0.2761635827935107
-0.6909072351676452 -0.759217793548457 -0.2846532258310964
-0.6322960491336018 -0.7612729341212212 -0.28637952557734
-0.6264124049136146 -0.8021670159768263 -0.2829978539316689
-0.6440633375735761 -0.6794847704100109 -0.2931428688686821
-0.5795685073195456 -0.7224339928383802 -0.2914874969692546
-0.6322960491336018 -0.7612729341212212 -0.28637952557734
-0.6909072351676452 -0.759217793548457 -0.2846532258310964
-0.515073677065515 -0.7653832152667495 -0.2898321250698271
-0.6264124049136146 -0.8021670159768263 -0.2829978539316689
-0.6322960491336018 -0.7612729341212212 -0.28637952557734
-0.5795685073195456 -0.7224339928383802 -0.2914874969692546
-0.3288694532578648 -0.7147843079627243 -0.2110698878417289
-0.4219715651616899 -0.7400837616147369 -0.250451006455778
-0.45001334841155033 -0.6843608320662856 -0.22889077160979157
-0.4174831840845681 -0.6438496404660536 -0.1984200948797738
-0.515073677065515 -0.7653832152667495 -0.2898321250698271
-0.5105852959883932 -0.6691490941180662 -0.23780121349382288
-0.45001334841155033 -0.6843608320662856 -0.22889077160979157
-0.4219715651616899 -0.7400837616147369 -0.250451006455778
-0.5060969149112714 -0.572914972969383 -0.1857703019178187
-0.4174831840845681 -0.6438496404660536 -0.1984200948797738
-0.45001334841155033 -0.6843608320662856 -0.22889077160979157
-0.5105852959883932 -0.6691490941180662 -0.23780121349382288
-0.6434859152186531 -0.389663898114739 -0.1692054389917581
-0.7188672081741156 -0.41741245931129933 -0.227771017012831
-0.747931367314993 -0.360384748090423 -0.23703115298322253
-0.7247728004077005 -0.3179966118817046 -0.21237843195788186
-0.7942485011295782 -0.4451610205078597 -0.2863365950339039
-0.800154093363163 -0.34574517307826497 -0.27094400997895474
-0.747931367314993 -0.360384748090423 -0.23703115298322253
-0.7188672081741156 -0.41741245931129933 -0.227771017012831
-0.8060596855967479 -0.2463293256486702 -0.2555514249240056
-0.7247728004077005 -0.3179966118817046 -0.21237843195788186
-0.747931367314993 -0.360384748090423 -0.23703115298322253
-0.800154093363163 -0.34574517307826497 -0.27094400997895474
-1.065142614947569 0.2259436981524519 0.2865430153144973
-1.0521656402068285 0.32633316597241024 0.2799964928596268
-1.0986514723727583 0.34325945303897337 0.24200584466558203
-1.1283828758260934 0.3015278626622758 0.2262837817959949
-1.039188665466088 0.4267226337923686 0.2734499704047564
-1.115405901085353 0.4019173304822341 0.21973725934112442
-1.0986514723727583 0.34325945303897337 0.24200584466558203
-1.0521656402068285 0.32633316597241024 0.2799964928596268
-1.191623136704618 0.3771120271720997 0.1660245482774925
-1.1283828758260934 0.3015278626622758 0.2262837817959949
-1.0986514723727583 0.34325945303897337 0.24200584466558203
-1.115405901085353 0.4019173304822341 0.21973725934112442
-1.097529460820717 -0.3320954294701152 0.2617004350466728
-1.0350315062332234 -0.4261265451496782 0.27175076878940907
-0.9927582444536535 -0.38882969507148407 0.2803202101889614
-1.002870590857615 -0.3231657121926056 0.2795797640173694
-0.9725335516457297 -0.5201576608292411 0.2818011025321453
-0.9403726362701215 -0.4171968278721685 0.2896300977601056
-0.9927582444536535 -0.38882969507148407 0.2803202101889614
-1.0350315062332234 -0.4261265451496782 0.27175076878940907
-0.9082117208945133 -0.3142359949150959 0.297459092988066
-1.002870590857615 -0.3231657121926056 0.2795797640173694
-0.9927582444536535 -0.38882969507148407 0.2803202101889614
-0.9403726362701215 -0.4171968278721685 0.2896300977601056
-0.3709639425335886 -0.5953874886053633 -0.02995010606150791
-0.3499166978957267 -0.6550858982840437 -0.1205099969516184
-0.4019767702342416 -0.6276955898458235 -0.14226343194035185
-0.43853042872243 -0.5841512307873731 -0.10786020398966331
-0.3288694532578648 -0.7147843079627243 -0.2110698878417289
-0.4174831840845681 -0.6438496404660536 -0.1984200948797738
-0.4019767702342416 -0.6276955898458235 -0.14226343194035185
-0.3499166978957267 -0.6550858982840437 -0.1205099969516184
-0.5060969149112714 -0.572914972969383 -0.1857703019178187
-0.43853042872243 -0.5841512307873731 -0.10786020398966331
-0.4019767702342416 -0.6276955898458235 -0.14226343194035185
-0.4174831840845681 -0.6438496404660536 -0.1984200948797738
-0.846455623291502 -0.6694325916469742 0.2893625760506813
-0.9244007742731675 -0.6851682224763858 0.2449661599718358
-0.9114627887792613 -0.7474042834175595 0.2220677845696982
-0.8660212205414757 -0.7706544984734407 0.23281680490805212
-1.002345925254833 -0.7009038533057973 0.2005697438929903
-0.9439663715231412 -0.7863901293028521 0.18842038882920664
-0.9114627887792613 -0.7474042834175595 0.2220677845696982
-0.9244007742731675 -0.6851682224763858 0.2449661599718358
-0.8855868177914494 -0.8718764052999071 0.176271033765423
-0.8660212205414757 -0.7706544984734407 0.23281680490805212
-0.9114627887792613 -0.7474042834175595 0.2220677845696982
-0.9439663715231412 -0.7863901293028521 0.18842038882920664
0.3749870274669294 0.7027745499030172 -0.2204813824761511
0.43212233244083426 0.6154028847415782 -0.1639023758633541
0.3936205025685778 0.6196558343940214 -0.12437714562716078
0.3458019351454972 0.6654681418009625 -0.1329040338154626
0.4892576374147391 0.5280312195801391 -0.1073233692505571
0.402937240119402 0.5780964766395235 -0.0763250272026656
0.3936205025685778 0.6196558343940214 -0.12437714562716078
0.43212233244083426 0.6154028847415782 -0.1639023758633541
0.3166168428240649 0.6281617336989078 -0.04532668515477409
0.3458019351454972 0.6654681418009625 -0.1329040338154626
0.3936205025685778 0.6196558343940214 -0.12437714562716078
0.402937240119402 0.5780964766395235 -0.0763250272026656
1.059083034665778 -0.3818044882994232 0.2723484909679993
1.140577032011128 -0.3419474613417771 0.21199314667248131
1.151213966090866 -0.2814195208612666 0.22046514330282804
1.11578543445806 -0.2710840640998343 0.2548788137657604
1.222071029356478 -0.3020904343841311 0.1516378023769633
1.19727943180341 -0.23122703714218829 0.1945234694702424
1.151213966090866 -0.2814195208612666 0.22046514330282804
1.140577032011128 -0.3419474613417771 0.21199314667248131
1.172487834250342 -0.1603636399002455 0.2374091365635215
1.11578543445806 -0.2710840640998343 0.2548788137657604
1.151213966090866 -0.2814195208612666 0.22046514330282804
1.19727943180341 -0.23122703714218829 0.1945234694702424
-0.6261180813586984 0.3479390552657536 -0.09754081292222816
-0.6845149321652111 0.26607174120783056 -0.14226709979567076
-0.6987514103564979 0.318799254401314 -0.17983756595431888
-0.676671224048885 0.38609666802701725 -0.17625965559692164
-0.7429117829717237 0.1842044271499075 -0.1869933866691134
-0.7350680748553977 0.30422935396909423 -0.22098594247036424
-0.6987514103564979 0.318799254401314 -0.17983756595431888
-0.6845149321652111 0.26607174120783056 -0.14226709979567076
-0.7272243667390718 0.4242542807882809 -0.2549784982716151
-0.676671224048885 0.38609666802701725 -0.17625965559692164
-0.6987514103564979 0.318799254401314 -0.17983756595431888
-0.7350680748553977 0.30422935396909423 -0.22098594247036424
-0.6953051807235145 -0.1805963565577906 -0.1033829044400874
-0.6693955479710838 -0.2851301273362648 -0.13629417171592276
-0.7149502605129717 -0.27219652677373324 -0.17604658945195037
-0.7506824331601312 -0.21346284110323038 -0.17946716468204651
-0.6434859152186531 -0.389663898114739 -0.1692054389917581
-0.7247728004077005 -0.3179966118817046 -0.21237843195788186
-0.7149502605129717 -0.27219652677373324 -0.17604658945195037
-0.6693955479710838 -0.2851301273362648 -0.13629417171592276
-0.8060596855967479 -0.2463293256486702 -0.2555514249240056
-0.7506824331601312 -0.21346284110323038 -0.17946716468204651
-0.7149502605129717 -0.27219652677373324 -0.17604658945195037
-0.7247728004077005 -0.3179966118817046 -0.21237843195788186
-0.8253787977011056 0.6410983280336954 0.2965889209467713
-0.7724053602281761 0.5451110738044351 0.27764875183573534
-0.7250164925083006 0.5864899243127045 0.28141221252509724
-0.7278087773848277 0.6551729766814693 0.29276402742529617
-0.7194319227552466 0.4491238195751748 0.2587085827246993
-0.6748353399118983 0.559185722452209 0.2738238583142602
-0.7250164925083006 0.5864899243127045 0.28141221252509724
-0.7724053602281761 0.5451110738044351 0.27764875183573534
-0.6302387570685499 0.6692476253292432 0.2889391339038211
-0.7278087773848277 0.6551729766814693 0.29276402742529617
-0.7250164925083006 0.5864899243127045 0.28141221252509724
-0.6748353399118983 0.559185722452209 0.2738238583142602
-0.3842528868789209 0.6128117095914611 -0.1159607528613116
-0.4733711687791759 0.583821771154558 -0.16514296043012727
-0.4649048652965793 0.6314301188823285 -0.19738641237744112
-0.4161125726051535 0.6697292619646653 -0.18891703456669018
-0.5624894506794309 0.5548318327176549 -0.2143251679989429
-0.5052308545054085 0.6407393235277622 -0.23809924213550585
-0.4649048652965793 0.6314301188823285 -0.19738641237744112
-0.4733711687791759 0.583821771154558 -0.16514296043012727
-0.4479722583313861 0.7266468143378695 -0.2618733162720688
-0.4161125726051535 0.6697292619646653 -0.18891703456669018
-0.4649048652965793 0.6314301188823285 -0.19738641237744112
-0.5052308545054085 0.6407393235277622 -0.23809924213550585
0.002134031252227362 -0.7034067067897046 -0.04510364344013825
0.053412999689385676 -0.742891920454736 -0.12935401646207306
-0.0021017886210679495 -0.7501684594304724 -0.15163324366655367
-0.05549866699487392 -0.734064122085825 -0.12064767075782658
0.104691968126544 -0.7823771341197672 -0.2136043894840079
-0.004219698557715604 -0.7735493357508563 -0.2048980437797614
-0.0021017886210679495 -0.7501684594304724 -0.15163324366655367
0.053412999689385676 -0.742891920454736 -0.12935401646207306
-0.1131313652419752 -0.7647215373819454 -0.1961916980755149
-0.05549866699487392 -0.734064122085825 -0.12064767075782658
-0.0021017886210679495 -0.7501684594304724 -0.15163324366655367
-0.004219698557715604 -0.7735493357508563 -0.2048980437797614
0.5576167599981914 0.9931898577095422 -0.265845687850174
0.6217776880143823 1.0197345981051356 -0.21501518734149114
0.6439372117755682 0.9642844382405115 -0.23804687101781807
0.6229365096480657 0.9232869881104027 -0.27497796311032296
0.6859386160305732 1.046279338500729 -0.1641846868328083
0.6870974376642566 0.9498317285059961 -0.2241474626016401
0.6439372117755682 0.9642844382405115 -0.23804687101781807
0.6217776880143823 1.0197345981051356 -0.21501518734149114
0.68825625929794 0.8533841185112631 -0.2841102383704719
0.6229365096480657 0.9232869881104027 -0.27497796311032296
0.6439372117755682 0.9642844382405115 -0.23804687101781807
0.6870974376642566 0.9498317285059961 -0.2241474626016401
0.1321007077248849 0.6874818192946723 0.005922262471608096
0.0502759995424105 0.7154918407832672 -0.07538342130904405
0.0956722512592416 0.7225730259953388 -0.11024044978421872
0.15928273120889436 0.7121086078570771 -0.08701612213148
-0.03154870864006391 0.7435018622718621 -0.1566891050896962
0.07745802302641994 0.740118629345672 -0.16832180591213214
0.0956722512592416 0.7225730259953388 -0.11024044978421872
0.0502759995424105 0.7154918407832672 -0.07538342130904405
0.1864647546929038 0.7367353964194818 -0.1799545067345681
0.15928273120889436 0.7121086078570771 -0.08701612213148
0.0956722512592416 0.7225730259953388 -0.11024044978421872
0.07745802302641994 0.740118629345672 -0.16832180591213214
0.3713976577839098 -0.5945207129855099 -0.02438804121584415
0.4412255213067784 -0.5801916166879237 -0.10382413719542077
0.40080071940865425 -0.6183699941676508 -0.13131829185030078
0.34567438669815787 -0.6446237310563074 -0.10534732118795247
0.5110533848296469 -0.5658625203903375 -0.1832602331749974
0.4155022502210264 -0.6302946347587213 -0.1847834171675291
0.40080071940865425 -0.6183699941676508 -0.13131829185030078
0.4412255213067784 -0.5801916166879237 -0.10382413719542077
0.3199511156124059 -0.694726749127105 -0.1863066011600608
0.34567438669815787 -0.6446237310563074 -0.10534732118795247
0.40080071940865425 -0.6183699941676508 -0.13131829185030078
0.4155022502210264 -0.6302946347587213 -0.1847834171675291
0.7008789302085607 -0.491379970411555 -0.2631644202619469
0.7269898008978839 -0.4086322977068009 -0.2518014083679532
0.770809998339775 -0.41865637540999084 -0.26714714018742164
0.779664661716059 -0.46504225061396287 -0.28050151204415275
0.7531006715872071 -0.3258846250020467 -0.2404383964739594
0.8057755324053821 -0.38229457790920873 -0.26913850015015894
0.770809998339775 -0.41865637540999084 -0.26714714018742164
0.7269898008978839 -0.4086322977068009 -0.2518014083679532
0.8584503932235571 -0.4387045308163708 -0.2978386038263585
0.779664661716059 -0.46504225061396287 -0.28050151204415275
0.770809998339775 -0.41865637540999084 -0.26714714018742164
0.8057755324053821 -0.38229457790920873 -0.26913850015015894
-1.08175700398899 0.2214722606385171 -0.2813241064891501
-1.0955564581513695 0.1360612607750492 -0.28011382691144737
-1.1431535054091155 0.1556545654029877 -0.24017596054224702
-1.160052301956799 0.20815671764869087 -0.2208121671464982
-1.109355912313749 0.05065026091158129 -0.2789035473337447
-1.1738517561191786 0.12274571778522295 -0.2196018875687955
-1.1431535054091155 0.1556545654029877 -0.24017596054224702
-1.0955564581513695 0.1360612607750492 -0.28011382691144737
-1.238347599924608 0.1948411746588646 -0.1603002278038463
-1.160052301956799 0.20815671764869087 -0.2208121671464982
-1.1431535054091155 0.1556545654029877 -0.24017596054224702
-1.1738517561191786 0.12274571778522295 -0.2196018875687955
0.104691968126544 -0.7823771341197672 -0.2136043894840079
0.11339697001347344 -0.863748372446786 -0.2549478842315066
0.059405000809778175 -0.8844891857147745 -0.2669799157782407
0.02805651526446581 -0.8541739731852592 -0.25232418417785846
0.1221019719004029 -0.945119610773805 -0.2962913789790053
0.036761517151395265 -0.9355452115122782 -0.29366767892535717
0.059405000809778175 -0.8844891857147745 -0.2669799157782407
0.11339697001347344 -0.863748372446786 -0.2549478842315066
-0.04857893759761237 -0.9259708122507513 -0.291043978871709
0.02805651526446581 -0.8541739731852592 -0.25232418417785846
0.059405000809778175 -0.8844891857147745 -0.2669799157782407
0.036761517151395265 -0.9355452115122782 -0.29366767892535717
-0.417910810423314 1.178921681235852 -0.1646157045283788
-0.33002055263663643 1.204448804301514 -0.1624579661644127
-0.2988952501988336 1.1578082758377413 -0.20364527161417603
-0.327277727873271 1.1217244500730241 -0.2253177935210408
-0.2421302948499589 1.229975927367176 -0.1603002278004466
-0.2393874700865934 1.147251573138686 -0.2231600551570747
-0.2988952501988336 1.1578082758377413 -0.20364527161417603
-0.33002055263663643 1.204448804301514 -0.1624579661644127
-0.2366446453232279 1.064527218910196 -0.2860198825137028
-0.327277727873271 1.1217244500730241 -0.2253177935210408
-0.2988952501988336 1.1578082758377413 -0.20364527161417603
-0.2393874700865934 1.147251573138686 -0.2231600551570747
-0.2492584590380292 -0.8126967202605864 0.2598435205820431
-0.19464103020372964 -0.9005993190730949 0.27991954618278125
-0.1310634712597703 -0.8788069638816082 0.27018024109634936
-0.12658340620494044 -0.8239594868796105 0.2552725757527643
-0.1400236013694301 -0.9885019178856034 0.2999955717835194
-0.07196597737064088 -0.9118620856921191 0.2753486013535025
-0.1310634712597703 -0.8788069638816082 0.27018024109634936
-0.19464103020372964 -0.9005993190730949 0.27991954618278125
-0.003908353371851659 -0.8352222534986348 0.2507016309234855
-0.12658340620494044 -0.8239594868796105 0.2552725757527643
-0.1310634712597703 -0.8788069638816082 0.27018024109634936
-0.07196597737064088 -0.9118620856921191 0.2753486013535025
0.4892576374147391 0.5280312195801391 -0.1073233692505571
0.5778134574226417 0.5059522724616449 -0.17496090063245484
0.5918910601189779 0.4549707790214872 -0.14629337432626646
0.5546519514631947 0.44051950586065547 -0.0981408454822234
0.6663692774305443 0.4838733253431507 -0.2425984320143526
0.6432077714710973 0.4184405587421613 -0.16577837686412114
0.5918910601189779 0.4549707790214872 -0.14629337432626646
0.5778134574226417 0.5059522724616449 -0.17496090063245484
0.6200462655116502 0.3530077921411719 -0.08895832171388969
0.5546519514631947 0.44051950586065547 -0.0981408454822234
0.5918910601189779 0.4549707790214872 -0.14629337432626646
0.6432077714710973 0.4184405587421613 -0.16577837686412114
-0.1015162494180766 -0.7198368126947022 0.1242942570115257
-0.1753873542280529 -0.7662667664776444 0.19206888879678438
-0.11822768727598582 -0.7892519288179746 0.21161313617235145
-0.052712301394964134 -0.7775295330966685 0.1874979439675056
-0.2492584590380292 -0.8126967202605864 0.2598435205820431
-0.12658340620494044 -0.8239594868796105 0.2552725757527643
-0.11822768727598582 -0.7892519288179746 0.21161313617235145
-0.1753873542280529 -0.7662667664776444 0.19206888879678438
-0.003908353371851659 -0.8352222534986348 0.2507016309234855
-0.052712301394964134 -0.7775295330966685 0.1874979439675056
-0.11822768727598582 -0.7892519288179746 0.21161313617235145
-0.12658340620494044 -0.8239594868796105 0.2552725757527643
0.2972448834107241 -0.8932080782723325 -0.2942148547900374
0.33781987150965687 -0.9899767436950409 -0.27679745672504524
0.2916882575329081 -1.027719875696668 -0.2760242891027454
0.24833495649506734 -0.9982071089861273 -0.28434640432409153
0.3783948596085897 -1.086745409117749 -0.2593800586600531
0.28890994459400016 -1.0949757744088355 -0.26692900625909943
0.2916882575329081 -1.027719875696668 -0.2760242891027454
0.33781987150965687 -0.9899767436950409 -0.27679745672504524
0.1994250295794106 -1.103206139699922 -0.2744779538581457
0.24833495649506734 -0.9982071089861273 -0.28434640432409153
0.2916882575329081 -1.027719875696668 -0.2760242891027454
0.28890994459400016 -1.0949757744088355 -0.26692900625909943
-0.6302387570685499 0.6692476253292432 0.2889391339038211
-0.6748353399118983 0.559185722452209 0.2738238583142602
-0.6275368113410074 0.5521039528399708 0.24130021869323012
-0.5815892556338877 0.6035940194723688 0.23259603667749554
-0.7194319227552466 0.4491238195751748 0.2587085827246993
-0.6261858384772361 0.49353211659533464 0.21748076108793465
-0.6275368113410074 0.5521039528399708 0.24130021869323012
-0.6748353399118983 0.559185722452209 0.2738238583142602
-0.5329397541992255 0.5379404136154945 0.17625293945117
-0.5815892556338877 0.6035940194723688 0.23259603667749554
-0.6275368113410074 0.5521039528399708 0.24130021869323012
-0.6261858384772361 0.49353211659533464 0.21748076108793465
-0.251124158077333 0.7448200598687331 -0.2102631827543342
-0.14133643335869847 0.7441609610702976 -0.1834761439220152
-0.16689605448181818 0.7183188988149721 -0.13189481465918007
-0.23456972740269533 0.7057274170865271 -0.119497669443922
-0.03154870864006391 0.7435018622718621 -0.1566891050896962
-0.12478200268406076 0.7050683182880915 -0.09271063061160299
-0.16689605448181818 0.7183188988149721 -0.13189481465918007
-0.14133643335869847 0.7441609610702976 -0.1834761439220152
-0.2180152967280576 0.6666347743043209 -0.0287321561335098
-0.23456972740269533 0.7057274170865271 -0.119497669443922
-0.16689605448181818 0.7183188988149721 -0.13189481465918007
-0.12478200268406076 0.7050683182880915 -0.09271063061160299
-0.7022417544900457 -0.1266205000986899 0.0891935083508314
-0.7713360585027822 -0.1011998515957706 0.17267290885735595
-0.7563402645705594 -0.16266373934218828 0.18327343150258477
-0.7142952155980797 -0.20610600746685676 0.1468339925719369
-0.8404303625155187 -0.07577920309285134 0.2561523093638805
-0.7833895196108163 -0.18068535896393748 0.23031339307846144
-0.7563402645705594 -0.16266373934218828 0.18327343150258477
-0.7713360585027822 -0.1011998515957706 0.17267290885735595
-0.7263486767061138 -0.2855915148350236 0.2044744767930424
-0.7142952155980797 -0.20610600746685676 0.1468339925719369
-0.7563402645705594 -0.16266373934218828 0.18327343150258477
-0.7833895196108163 -0.18068535896393748 0.23031339307846144
-1.002935933768527 -0.8271151750245261 -7.347880794884119e-17
-1.00264092951168 -0.7640095141651617 0.1002848719464951
-1.0409074493689077 -0.7307811038705215 0.06685658129766338
-1.0601882114259449 -0.7457197291528836 -7.347880794884119e-17
-1.002345925254833 -0.7009038533057973 0.2005697438929903
-1.059893207169098 -0.6826140682935193 0.1002848719464951
-1.0409074493689077 -0.7307811038705215 0.06685658129766338
-1.00264092951168 -0.7640095141651617 0.1002848719464951
-1.117440489083363 -0.6643242832812413 -7.347880794884119e-17
-1.0601882114259449 -0.7457197291528836 -7.347880794884119e-17
-1.0409074493689077 -0.7307811038705215 0.06685658129766338
-1.059893207169098 -0.6826140682935193 0.1002848719464951
0.7572949016875148 -1.854837554724449e-16 -0.1763355756877406
0.7221224867368359 -0.09690571119032204 -0.13308617205760687
0.7147483244912239 -0.06460380746021475 -0.08872411470507087
0.7286474508437574 -1.784671536765372e-16 -0.08816778784386975
0.6869500717861571 -0.1938114223806439 -0.08983676842747311
0.6934750358930786 -0.09690571119032203 -0.04491838421373601
0.7147483244912239 -0.06460380746021475 -0.08872411470507087
0.7221224867368359 -0.09690571119032204 -0.13308617205760687
0.7 -1.714505518806295e-16 1.102553507614571e-15
0.7286474508437574 -1.784671536765372e-16 -0.08816778784386975
0.7147483244912239 -0.06460380746021475 -0.08872411470507087
0.6934750358930786 -0.09690571119032203 -0.04491838421373601
0.8315717411648943 0.9330957187038333 0.1660245482775931
0.7483013281346177 0.9171288141157448 0.22049354805525165
0.7700647605278644 0.8629769579415706 0.24006857811615634
0.8225816832396262 0.8438844821485278 0.22262159325777942
0.6650309151043411 0.9011619095276562 0.2749625478329102
0.7393112702093496 0.8279175775604393 0.2770905930354379
0.7700647605278644 0.8629769579415706 0.24006857811615634
0.7483013281346177 0.9171288141157448 0.22049354805525165
0.813591625314358 0.7546732455932222 0.2792186382379657
0.8225816832396262 0.8438844821485278 0.22262159325777942
0.7700647605278644 0.8629769579415706 0.24006857811615634
0.7393112702093496 0.8279175775604393 0.2770905930354379
1.165015224049372 -0.576835789227048 -7.347880794884119e-17
1.1108345489342715 -0.5979495550430249 0.09941624864466056
1.0949924222884253 -0.6479377894567525 0.06627749909644035
1.1141616965230525 -0.6623750237556278 -7.347880794884119e-17
1.056653873819171 -0.6190633208590017 0.1988324972893212
1.059981021407952 -0.6834887895716046 0.09941624864466056
1.0949924222884253 -0.6479377894567525 0.06627749909644035
1.1108345489342715 -0.5979495550430249 0.09941624864466056
1.063308168996733 -0.7479142582842077 -7.347880794884119e-17
1.1141616965230525 -0.6623750237556278 -7.347880794884119e-17
1.0949924222884253 -0.6479377894567525 0.06627749909644035
1.059981021407952 -0.6834887895716046 0.09941624864466056
0.4394219419310565 1.223482062373429 -7.347880794884119e-17
0.3713799258958448 1.2122365423981556 -0.09085606386053795
0.33008943123525397 1.2335646335974075 -0.06057070924035866
0.3434651919225644 1.24985143918467 -7.347880794884119e-17
0.3033379098606331 1.200991022422882 -0.1817121277210758
0.2754231758873527 1.2386059192093963 -0.09085606386053795
0.33008943123525397 1.2335646335974075 -0.06057070924035866
0.3713799258958448 1.2122365423981556 -0.09085606386053795
0.2475084419140723 1.276220815995911 -7.347880794884119e-17
0.3434651919225644 1.24985143918467 -7.347880794884119e-17
0.33008943123525397 1.2335646335974075 -0.06057070924035866
0.2754231758873527 1.2386059192093963 -0.09085606386053795
-0.04787350156178749 -1.248954486285696 -0.1660245482790884
-0.1450018982047748 -1.2394652068253866 -0.16316238804173236
-0.15549122056131404 -1.1869192375344813 -0.20350249821874455
-0.11217168341809 -1.165390892619183 -0.22510363342592865
-0.2421302948477621 -1.229975927365077 -0.1603002278043763
-0.2093000800610773 -1.1559016131588735 -0.2222414731885726
-0.15549122056131404 -1.1869192375344813 -0.20350249821874455
-0.1450018982047748 -1.2394652068253866 -0.16316238804173236
-0.1764698652743925 -1.08182729895267 -0.2841827185727689
-0.11217168341809 -1.165390892619183 -0.22510363342592865
-0.15549122056131404 -1.1869192375344813 -0.20350249821874455
-0.2093000800610773 -1.1559016131588735 -0.2222414731885726
-1.238347599924608 0.1948411746588646 -0.1603002278038463
-1.1738517561191786 0.12274571778522295 -0.2196018875687955
-1.1998558972232927 0.08133870826238057 -0.2007294761520705
-1.2451058896780647 0.09668293193778021 -0.16164244056123345
-1.109355912313749 0.05065026091158129 -0.2789035473337447
-1.1806100458726352 0.02458747506413856 -0.22094410032618264
-1.1998558972232927 0.08133870826238057 -0.2007294761520705
-1.1738517561191786 0.12274571778522295 -0.2196018875687955
-1.251864179431521 -0.001475310783304169 -0.1629846533186206
-1.2451058896780647 0.09668293193778021 -0.16164244056123345
-1.1998558972232927 0.08133870826238057 -0.2007294761520705
-1.1806100458726352 0.02458747506413856 -0.22094410032618264
0.8185376381780741 -0.1588549647128452 -0.2497615140618452
0.7527438549821156 -0.17633319354674454 -0.16979914124465917
0.7542608705505819 -0.11755546236449642 -0.1719779527256863
0.7879162699327944 -0.07942748235642269 -0.2130485448747929
0.6869500717861571 -0.1938114223806439 -0.08983676842747311
0.7221224867368359 -0.09690571119032204 -0.13308617205760687
0.7542608705505819 -0.11755546236449642 -0.1719779527256863
0.7527438549821156 -0.17633319354674454 -0.16979914124465917
0.7572949016875148 -1.854837554724449e-16 -0.1763355756877406
0.7879162699327944 -0.07942748235642269 -0.2130485448747929
0.7542608705505819 -0.11755546236449642 -0.1719779527256863
0.7221224867368359 -0.09690571119032204 -0.13308617205760687
-0.9292466693390651 0.09600762788399173 -0.2926934542860747
-0.8360792261553944 0.14010602751694962 -0.23984342047759405
-0.8209167283481786 0.08062152788708382 -0.23180341853680445
-0.8599192010364061 0.02883007825567198 -0.25420843447064995
-0.7429117829717237 0.1842044271499075 -0.1869933866691134
-0.7667517578527353 0.07292847788862987 -0.2013584006621693
-0.8209167283481786 0.08062152788708382 -0.23180341853680445
-0.8360792261553944 0.14010602751694962 -0.23984342047759405
-0.7905917327337469 -0.03834747137264777 -0.2157234146552252
-0.8599192010364061 0.02883007825567198 -0.25420843447064995
-0.8209167283481786 0.08062152788708382 -0.23180341853680445
-0.7667517578527353 0.07292847788862987 -0.2013584006621693
-0.7674646795155551 -0.4770211766935605 0.2841007851597427
-0.8069601514035285 -0.5732268841702673 0.286731680605212
-0.7483134079146052 -0.5950763597636596 0.28518464564405566
-0.699242300226157 -0.5578982438220024 0.28309568044074285
-0.846455623291502 -0.6694325916469742 0.2893625760506813
-0.7387377721141304 -0.6541039512987092 0.28572657588621214
-0.7483134079146052 -0.5950763597636596 0.28518464564405566
-0.8069601514035285 -0.5732268841702673 0.286731680605212
-0.6310199209367587 -0.6387753109504443 0.282090575721743
-0.699242300226157 -0.5578982438220024 0.28309568044074285
-0.7483134079146052 -0.5950763597636596 0.28518464564405566
-0.7387377721141304 -0.6541039512987092 0.28572657588621214
-0.7674646795155551 -0.4770211766935605 0.2841007851597427
-0.699242300226157 -0.5578982438220024 0.28309568044074285
-0.6693892350629432 -0.5190638787303606 0.24533637128547345
-0.6885738921260355 -0.4592081626203187 0.22695926906733865
-0.6310199209367587 -0.6387753109504443 0.282090575721743
-0.6203515128366373 -0.5400852297487606 0.22595416434833882
-0.6693892350629432 -0.5190638787303606 0.24533637128547345
-0.699242300226157 -0.5578982438220024 0.28309568044074285
-0.6096831047365159 -0.441395148547077 0.1698177529749346
-0.6885738921260355 -0.4592081626203187 0.22695926906733865
-0.6693892350629432 -0.5190638787303606 0.24533637128547345
-0.6203515128366373 -0.5400852297487606 0.22595416434833882
-3.081711504100568e-05 1.05988010484101 -0.2939632170707326
-0.0518220245513546 1.1109549567461872 -0.2717124164456795
-0.002801825724120984 1.1384390720039788 -0.25650117695199
0.04760387740765262 1.126643703680286 -0.26002095751767174
-0.1036132319876682 1.162029808651364 -0.2494616158206264
-0.004187330028660972 1.177718555585463 -0.23777015689261866
-0.002801825724120984 1.1384390720039788 -0.25650117695199
-0.0518220245513546 1.1109549567461872 -0.2717124164456795
0.09523857193034625 1.193407302519562 -0.2260786979646109
0.04760387740765262 1.126643703680286 -0.26002095751767174
-0.002801825724120984 1.1384390720039788 -0.25650117695199
-0.004187330028660972 1.177718555585463 -0.23777015689261866
0.1034480483515844 0.7596932356649813 0.1886082284455252
0.19512091928072955 0.8055082303928602 0.23542798789066177
0.16047554231420144 0.8460902646755275 0.25432801109794667
0.09731641836636482 0.8434737844529216 0.24036814297902087
0.2867937902098747 0.8513232251207392 0.2822477473357984
0.18898928929550998 0.8892887791808006 0.2871879024241575
0.16047554231420144 0.8460902646755275 0.25432801109794667
0.19512091928072955 0.8055082303928602 0.23542798789066177
0.09118478838114523 0.9272543332408619 0.2921280575125165
0.09731641836636482 0.8434737844529216 0.24036814297902087
0.16047554231420144 0.8460902646755275 0.25432801109794667
0.18898928929550998 0.8892887791808006 0.2871879024241575
0.2867937902098747 0.8513232251207392 0.2822477473357984
0.2749439280753926 0.9385682191865121 0.28819300305124124
0.21369088151064344 0.9347969238712954 0.28950468787166633
0.18898928929550998 0.8892887791808006 0.2871879024241575
0.2630940659409104 1.025813213252285 0.2941382587666841
0.17713942716102782 0.9765337732465735 0.2931331581396003
0.21369088151064344 0.9347969238712954 0.28950468787166633
0.2749439280753926 0.9385682191865121 0.28819300305124124
0.09118478838114523 0.9272543332408619 0.2921280575125165
0.18898928929550998 0.8892887791808006 0.2871879024241575
0.21369088151064344 0.9347969238712954 0.28950468787166633
0.17713942716102782 0.9765337732465735 0.2931331581396003
-0.1352671116825261 0.887627988822079 -0.2820826333528704
-0.06764896439878354 0.9737540468315445 -0.2880229252118015
-0.018884490579179753 0.9433998759550793 -0.2845396613792493
-0.028311327311249135 0.8851597615121138 -0.2798278835335076
-3.081711504100568e-05 1.05988010484101 -0.2939632170707326
0.039306819972493405 0.9712858195215794 -0.2857681753924387
-0.018884490579179753 0.9433998759550793 -0.2845396613792493
-0.06764896439878354 0.9737540468315445 -0.2880229252118015
0.07864445706002782 0.8826915342021487 -0.2775731337141448
-0.028311327311249135 0.8851597615121138 -0.2798278835335076
-0.018884490579179753 0.9433998759550793 -0.2845396613792493
0.039306819972493405 0.9712858195215794 -0.2857681753924387
-3.081711504100568e-05 1.05988010484101 -0.2939632170707326
0.04760387740765262 1.126643703680286 -0.26002095751767174
0.09906941421237796 1.0948418929937551 -0.271901118846312
0.10098483535339381 1.0455591882308515 -0.2948123292871626
0.09523857193034625 1.193407302519562 -0.2260786979646109
0.14861952987608743 1.1123227870701275 -0.26087006973410176
0.09906941421237796 1.0948418929937551 -0.271901118846312
0.04760387740765262 1.126643703680286 -0.26002095751767174
0.2020004878218286 1.031238271620693 -0.2956614415035926
0.10098483535339381 1.0455591882308515 -0.2948123292871626
0.09906941421237796 1.0948418929937551 -0.271901118846312
0.14861952987608743 1.1123227870701275 -0.26087006973410176
0.9282454948550044 0.5900174547613611 0.2828812127235333
0.9761757792981431 0.5169376875659943 0.2797409150922859
1.0089010850511977 0.5575277144227183 0.2418354594862627
1.0012985957061558 0.6143626114487637 0.2244528804988748
1.024106063741282 0.4438579203706275 0.2766006174610385
1.0492288801492946 0.5412828442533968 0.2213125828676274
1.0089010850511977 0.5575277144227183 0.2418354594862627
0.9761757792981431 0.5169376875659943 0.2797409150922859
1.074351696557307 0.6387077681361661 0.1660245482742163
1.0012985957061558 0.6143626114487637 0.2244528804988748
1.0089010850511977 0.5575277144227183 0.2418354594862627
1.0492288801492946 0.5412828442533968 0.2213125828676274
0.4557518992866467 -0.581280485942559 0.1472877853500713
0.42924107493887365 -0.66938538131266 0.20574807518298505
0.4925268057632864 -0.6579104798114965 0.22977646407648109
0.5374250833493794 -0.6081205813758642 0.21256051360677225
0.4027302505911005 -0.7574902766827609 0.2642083650158988
0.5109142590016063 -0.6962254767459652 0.271020803439686
0.4925268057632864 -0.6579104798114965 0.22977646407648109
0.42924107493887365 -0.66938538131266 0.20574807518298505
0.619098267412112 -0.6349606768091695 0.2778332418634732
0.5374250833493794 -0.6081205813758642 0.21256051360677225
0.4925268057632864 -0.6579104798114965 0.22977646407648109
0.5109142590016063 -0.6962254767459652 0.271020803439686
0.07864445706002782 0.8826915342021487 -0.2775731337141448
0.023547874209981952 0.8130966982370054 -0.2171311194019205
-0.02939045442085406 0.8379404617653633 -0.23878162405223713
-0.028311327311249135 0.8851597615121138 -0.2798278835335076
-0.03154870864006391 0.7435018622718621 -0.1566891050896962
-0.083407910161295 0.8155649255469706 -0.2193858692212833
-0.02939045442085406 0.8379404617653633 -0.23878162405223713
0.023547874209981952 0.8130966982370054 -0.2171311194019205
-0.1352671116825261 0.887627988822079 -0.2820826333528704
-0.028311327311249135 0.8851597615121138 -0.2798278835335076
-0.02939045442085406 0.8379404617653633 -0.23878162405223713
-0.083407910161295 0.8155649255469706 -0.2193858692212833
0.7671435884688117 -0.7659322476995737 0.2879858035579631
0.7332496383230498 -0.8431168435212144 0.2721550661033232
0.7677225977283008 -0.8732501693349026 0.23487012000238774
0.8019060525038073 -0.8497245343309264 0.22414301567924
0.6993556881772879 -0.9203014393428551 0.2563243286486833
0.7680121023580454 -0.9269091301525672 0.2083122782246001
0.7677225977283008 -0.8732501693349026 0.23487012000238774
0.7332496383230498 -0.8431168435212144 0.2721550661033232
0.8366685165388029 -0.9335168209622792 0.1603002278005169
0.8019060525038073 -0.8497245343309264 0.22414301567924
0.7677225977283008 -0.8732501693349026 0.23487012000238774
0.7680121023580454 -0.9269091301525672 0.2083122782246001
-0.2366446453232279 1.064527218910196 -0.2860198825137028
-0.33492173121483065 1.049932792771147 -0.2799766339863283
-0.3625847576176584 1.0929290889260488 -0.24152299083367848
-0.327277727873271 1.1217244500730241 -0.2253177935210408
-0.4331988171064334 1.035338366632098 -0.2739333854589539
-0.4255548137648737 1.107130023933975 -0.21927454499366633
-0.3625847576176584 1.0929290889260488 -0.24152299083367848
-0.33492173121483065 1.049932792771147 -0.2799766339863283
-0.417910810423314 1.178921681235852 -0.1646157045283788
-0.327277727873271 1.1217244500730241 -0.2253177935210408
-0.3625847576176584 1.0929290889260488 -0.24152299083367848
-0.4255548137648737 1.107130023933975 -0.21927454499366633
0.4027302505911005 -0.7574902766827609 0.2642083650158988
0.49836849007480855 -0.7926981994515654 0.28180442258436
0.538611749187243 -0.7401190252374334 0.28048069567739775
0.5109142590016063 -0.6962254767459652 0.271020803439686
0.5940067295585165 -0.82790612222037 0.2994004801528212
0.6065524984853143 -0.7314333995147697 0.2886168610081472
0.538611749187243 -0.7401190252374334 0.28048069567739775
0.49836849007480855 -0.7926981994515654 0.28180442258436
0.619098267412112 -0.6349606768091695 0.2778332418634732
0.5109142590016063 -0.6962254767459652 0.271020803439686
0.538611749187243 -0.7401190252374334 0.28048069567739775
0.6065524984853143 -0.7314333995147697 0.2886168610081472
0.9325357547101031 -0.516792541368 0.2926137976975229
0.994594814264637 -0.5679279311135008 0.24572314749342206
1.016090887731684 -0.5058867835088082 0.2545982619849478
0.9958093946879405 -0.44929851483371164 0.28248114433276106
1.056653873819171 -0.6190633208590017 0.1988324972893212
1.0578684542424746 -0.5004339045792124 0.23559049412866023
1.016090887731684 -0.5058867835088082 0.2545982619849478
0.994594814264637 -0.5679279311135008 0.24572314749342206
1.059083034665778 -0.3818044882994232 0.2723484909679993
0.9958093946879405 -0.44929851483371164 0.28248114433276106
1.016090887731684 -0.5058867835088082 0.2545982619849478
1.0578684542424746 -0.5004339045792124 0.23559049412866023
-0.8855868177914494 -0.8718764052999071 0.176271033765423
-0.8225668201666962 -0.8488436018001333 0.22517291586627025
-0.8305297545416316 -0.7890399317490803 0.24656946926107393
-0.8660212205414757 -0.7706544984734407 0.23281680490805212
-0.759546822541943 -0.8258107983003596 0.2740747979671175
-0.8030012229167225 -0.7476216949736669 0.28171868700889935
-0.8305297545416316 -0.7890399317490803 0.24656946926107393
-0.8225668201666962 -0.8488436018001333 0.22517291586627025
-0.846455623291502 -0.6694325916469742 0.2893625760506813
-0.8660212205414757 -0.7706544984734407 0.23281680490805212
-0.8305297545416316 -0.7890399317490803 0.24656946926107393
-0.8030012229167225 -0.7476216949736669 0.28171868700889935
0.07864445706002782 0.8826915342021487 -0.2775731337141448
0.039306819972493405 0.9712858195215794 -0.2857681753924387
0.09353804258893848 0.991269970221284 -0.28906593076282333
0.14032247244092821 0.9569649029114209 -0.28661728760886873
-3.081711504100568e-05 1.05988010484101 -0.2939632170707326
0.10098483535339381 1.0455591882308515 -0.2948123292871626
0.09353804258893848 0.991269970221284 -0.28906593076282333
0.039306819972493405 0.9712858195215794 -0.2857681753924387
0.2020004878218286 1.031238271620693 -0.2956614415035926
0.14032247244092821 0.9569649029114209 -0.28661728760886873
0.09353804258893848 0.991269970221284 -0.28906593076282333
0.10098483535339381 1.0455591882308515 -0.2948123292871626
0.09523857193034625 1.193407302519562 -0.2260786979646109
-0.004187330028660972 1.177718555585463 -0.23777015689261866
-0.018101354656970974 1.205546747231043 -0.20720233415841952
0.024654584008377636 1.2273052165208824 -0.18607269332731607
-0.1036132319876682 1.162029808651364 -0.2494616158206264
-0.07477131795062959 1.2116164695867835 -0.19776415225532384
-0.018101354656970974 1.205546747231043 -0.20720233415841952
-0.004187330028660972 1.177718555585463 -0.23777015689261866
-0.04592940391359098 1.261203130522203 -0.1460666886900213
0.024654584008377636 1.2273052165208824 -0.18607269332731607
-0.018101354656970974 1.205546747231043 -0.20720233415841952
-0.07477131795062959 1.2116164695867835 -0.19776415225532384
-0.1764698652743925 -1.08182729895267 -0.2841827185727689
-0.08104565880957572 -1.0942649808090836 -0.2822650023335635
-0.06998827306031298 -1.1458281493012878 -0.24351818431540515
-0.11217168341809 -1.165390892619183 -0.22510363342592865
0.01437854765524108 -1.106702662665497 -0.2803472860943581
-0.016747476953273204 -1.1778285744755965 -0.22318591718672326
-0.06998827306031298 -1.1458281493012878 -0.24351818431540515
-0.08104565880957572 -1.0942649808090836 -0.2822650023335635
-0.04787350156178749 -1.248954486285696 -0.1660245482790884
-0.11217168341809 -1.165390892619183 -0.22510363342592865
-0.06998827306031298 -1.1458281493012878 -0.24351818431540515
-0.016747476953273204 -1.1778285744755965 -0.22318591718672326
-0.5624894506794309 0.5548318327176549 -0.2143251679989429
-0.5855608053429842 0.6347236771533986 -0.2539950512337329
-0.5396979563391181 0.6653647228815556 -0.25662113957984484
-0.5052308545054085 0.6407393235277622 -0.23809924213550585
-0.6086321600065375 0.7146155215891422 -0.2936649344685228
-0.5283022091689618 0.7206311679635058 -0.2777691253702958
-0.5396979563391181 0.6653647228815556 -0.25662113957984484
-0.5855608053429842 0.6347236771533986 -0.2539950512337329
-0.4479722583313861 0.7266468143378695 -0.2618733162720688
-0.5052308545054085 0.6407393235277622 -0.23809924213550585
-0.5396979563391181 0.6653647228815556 -0.25662113957984484
-0.5283022091689618 0.7206311679635058 -0.2777691253702958
1.012158055877062 -0.497535151227683 -0.2714018502108294
0.9605337113042086 -0.38870939004443517 -0.28368874535112565
1.001937076988536 -0.3675340160013388 -0.2788541069482099
1.0484509321171265 -0.4113592095714146 -0.2702933401766039
0.9089093667313553 -0.2798836288611873 -0.2959756404914219
0.9968265875442731 -0.30253344838816676 -0.28258023531690013
1.001937076988536 -0.3675340160013388 -0.2788541069482099
0.9605337113042086 -0.38870939004443517 -0.28368874535112565
1.084743808357191 -0.3251832679151462 -0.2691848301423784
1.0484509321171265 -0.4113592095714146 -0.2702933401766039
1.001937076988536 -0.3675340160013388 -0.2788541069482099
0.9968265875442731 -0.30253344838816676 -0.28258023531690013
1.059083034665778 -0.3818044882994232 0.2723484909679993
1.0578684542424746 -0.5004339045792124 0.23559049412866023
1.0916653140255794 -0.48936372514807175 0.21240184551160632
1.1091710341287835 -0.42451392729260673 0.21918651962274888
1.056653873819171 -0.6190633208590017 0.1988324972893212
1.10795645370548 -0.543143343572396 0.18242852278340985
1.0916653140255794 -0.48936372514807175 0.21240184551160632
1.0578684542424746 -0.5004339045792124 0.23559049412866023
1.159259033591789 -0.4672233662857903 0.1660245482774985
1.1091710341287835 -0.42451392729260673 0.21918651962274888
1.0916653140255794 -0.48936372514807175 0.21240184551160632
1.10795645370548 -0.543143343572396 0.18242852278340985
0.3311928715565076 -1.205193122614695 0.1660245482774925
0.408126867426605 -1.1391078735382831 0.2039154681750242
0.36237531195567163 -1.1009598943639258 0.23393259851020357
0.30103253628515625 -1.1149285293149531 0.2299957037290274
0.4850608632967023 -1.073022624461871 0.2418063880725559
0.37796653215525355 -1.048843280238541 0.26788662362655913
0.36237531195567163 -1.1009598943639258 0.23393259851020357
0.408126867426605 -1.1391078735382831 0.2039154681750242
0.2708722010138049 -1.024663936015211 0.2939668591805623
0.30103253628515625 -1.1149285293149531 0.2299957037290274
0.36237531195567163 -1.1009598943639258 0.23393259851020357
0.37796653215525355 -1.048843280238541 0.26788662362655913
0.07127915363411627 -1.015813223421827 0.2994406594627901
0.09650262366665749 -1.102684301663654 0.26338122415460796
0.1546258161157066 -1.076677513114173 0.2735764358299261
0.17107567732396056 -1.020238579718519 0.2967037593216762
0.1217260936991987 -1.189555379905481 0.2273217888464258
0.19629914735650178 -1.107109657960346 0.260644324013494
0.1546258161157066 -1.076677513114173 0.2735764358299261
0.09650262366665749 -1.102684301663654 0.26338122415460796
0.2708722010138049 -1.024663936015211 0.2939668591805623
0.17107567732396056 -1.020238579718519 0.2967037593216762
0.1546258161157066 -1.076677513114173 0.2735764358299261
0.19629914735650178 -1.107109657960346 0.260644324013494
-1.196290972819851 -0.3722837089956724 0.1614060595848324
-1.1990267394877776 -0.2746007515309651 0.18546153914912333
-1.2212858433388893 -0.28180368821200225 0.12364102609941553
-1.231047511930482 -0.3342466352848745 0.08070302979241616
-1.201762506155704 -0.1769177940662577 0.2095170187134143
-1.2337832785984086 -0.23656367782016713 0.10475850935670711
-1.2212858433388893 -0.28180368821200225 0.12364102609941553
-1.1990267394877776 -0.2746007515309651 0.18546153914912333
-1.265804051041113 -0.2962095615740766 -7.347880794884119e-17
-1.231047511930482 -0.3342466352848745 0.08070302979241616
-1.2212858433388893 -0.28180368821200225 0.12364102609941553
-1.2337832785984086 -0.23656367782016713 0.10475850935670711
0.8584503932235571 -0.4387045308163708 -0.2978386038263585
0.8836798799774561 -0.35929407983877903 -0.2969071221588902
0.9265059386106581 -0.40537443696841374 -0.28840536484286994
0.9353042245503096 -0.46811984102202686 -0.28462022701859396
0.9089093667313553 -0.2798836288611873 -0.2959756404914219
0.9605337113042086 -0.38870939004443517 -0.28368874535112565
0.9265059386106581 -0.40537443696841374 -0.28840536484286994
0.8836798799774561 -0.35929407983877903 -0.2969071221588902
1.012158055877062 -0.497535151227683 -0.2714018502108294
0.9353042245503096 -0.46811984102202686 -0.28462022701859396
0.9265059386106581 -0.40537443696841374 -0.28840536484286994
0.9605337113042086 -0.38870939004443517 -0.28368874535112565
0.1994250295794106 -1.103206139699922 -0.2744779538581457
0.16076350073990675 -1.0241628752368634 -0.2853846664185755
0.20625729496351253 -0.9805112762486865 -0.2883280625423961
0.24833495649506734 -0.9982071089861273 -0.28434640432409153
0.1221019719004029 -0.945119610773805 -0.2962913789790053
0.2096734276555635 -0.9191638445230688 -0.2952531168845214
0.20625729496351253 -0.9805112762486865 -0.2883280625423961
0.16076350073990675 -1.0241628752368634 -0.2853846664185755
0.2972448834107241 -0.8932080782723325 -0.2942148547900374
0.24833495649506734 -0.9982071089861273 -0.28434640432409153
0.20625729496351253 -0.9805112762486865 -0.2883280625423961
0.2096734276555635 -0.9191638445230688 -0.2952531168845214
-0.8060596855967479 -0.2463293256486702 -0.2555514249240056
-0.8909360754690272 -0.28867436454006007 -0.2770021169948129
-0.9213439422298304 -0.23330689009082659 -0.2846100173921846
-0.8941096806740925 -0.1844506334205149 -0.2776886215554668
-0.9758124653413066 -0.3310194034314499 -0.2984528090656202
-0.9789860705463718 -0.22679567231190476 -0.2991393136262741
-0.9213439422298304 -0.23330689009082659 -0.2846100173921846
-0.8909360754690272 -0.28867436454006007 -0.2770021169948129
-0.982159675751437 -0.1225719411923596 -0.299825818186928
-0.8941096806740925 -0.1844506334205149 -0.2776886215554668
-0.9213439422298304 -0.23330689009082659 -0.2846100173921846
-0.9789860705463718 -0.22679567231190476 -0.2991393136262741
-0.5890549339461675 1.101101036330478 -0.1676810499799584
-0.5111268755263004 1.0682197014812882 -0.22080721771945616
-0.5268005005263746 1.0139135655439644 -0.24493672573932415
-0.5736013422363451 1.0032011649998975 -0.23043839587950932
-0.4331988171064334 1.035338366632098 -0.2739333854589539
-0.49567328381647807 0.9703198301507077 -0.28356456361900706
-0.5268005005263746 1.0139135655439644 -0.24493672573932415
-0.5111268755263004 1.0682197014812882 -0.22080721771945616
-0.5581477505265228 0.9053012936693172 -0.2931957417790602
-0.5736013422363451 1.0032011649998975 -0.23043839587950932
-0.5268005005263746 1.0139135655439644 -0.24493672573932415
-0.49567328381647807 0.9703198301507077 -0.28356456361900706
0.8539018322078697 -0.920318886559346 -0.1573189985600321
0.7959124787686856 -0.9747445536738599 -0.14765396102419864
0.7502283354107643 -0.9503736671655281 -0.19055863100530632
0.7563809404513956 -0.9109753903541051 -0.2168434847637769
0.7379231253295016 -1.029170220788374 -0.1379889234883652
0.6983915870122115 -0.9654010574686192 -0.20717844722794343
0.7502283354107643 -0.9503736671655281 -0.19055863100530632
0.7959124787686856 -0.9747445536738599 -0.14765396102419864
0.6588600486949214 -0.9016318941488642 -0.2763679709675217
0.7563809404513956 -0.9109753903541051 -0.2168434847637769
0.7502283354107643 -0.9503736671655281 -0.19055863100530632
0.6983915870122115 -0.9654010574686192 -0.20717844722794343
0.9509682504845075 -0.8026606108072902 0.1739374637978843
0.9324327834532685 -0.7386079707454202 0.22069929151294254
0.8773363851251162 -0.7477160630634714 0.24312812886128274
0.8590559194766596 -0.784296429253432 0.23096163367792372
0.9138973164220295 -0.6745553306835501 0.2674611192280008
0.8405204524454206 -0.7202437891915618 0.277723461392982
0.8773363851251162 -0.7477160630634714 0.24312812886128274
0.9324327834532685 -0.7386079707454202 0.22069929151294254
0.7671435884688117 -0.7659322476995737 0.2879858035579631
0.8590559194766596 -0.784296429253432 0.23096163367792372
0.8773363851251162 -0.7477160630634714 0.24312812886128274
0.8405204524454206 -0.7202437891915618 0.277723461392982
-0.846455623291502 -0.6694325916469742 0.2893625760506813
-0.8030012229167225 -0.7476216949736669 0.28171868700889935
-0.7456741222567346 -0.711339566965926 0.2818426499131806
-0.7387377721141304 -0.6541039512987092 0.28572657588621214
-0.759546822541943 -0.8258107983003596 0.2740747979671175
-0.6952833717393508 -0.732293054625402 0.27808268684443027
-0.7456741222567346 -0.711339566965926 0.2818426499131806
-0.8030012229167225 -0.7476216949736669 0.28171868700889935
-0.6310199209367587 -0.6387753109504443 0.282090575721743
-0.7387377721141304 -0.6541039512987092 0.28572657588621214
-0.7456741222567346 -0.711339566965926 0.2818426499131806
-0.6952833717393508 -0.732293054625402 0.27808268684443027
1.159259033590874 0.4672233662854203 -0.1660245482789839
1.0816290351835254 0.4729714980770934 -0.2221086505311583
1.0803759919281404 0.5273435438049286 -0.20255570533898648
1.118564469504122 0.5516555007730097 -0.16473718161681336
1.003999036776177 0.4787196298687664 -0.2781927527833327
1.0409344710967736 0.5574036325646828 -0.22082128386898775
1.0803759919281404 0.5273435438049286 -0.20255570533898648
1.0816290351835254 0.4729714980770934 -0.2221086505311583
1.07786990541737 0.6360876352605992 -0.1634498149546428
1.118564469504122 0.5516555007730097 -0.16473718161681336
1.0803759919281404 0.5273435438049286 -0.20255570533898648
1.0409344710967736 0.5574036325646828 -0.22082128386898775
1.024106063741282 0.4438579203706275 0.2766006174610385
1.0941944206189609 0.45331222754624356 0.21900333852295684
1.0875801792650763 0.5151107410762178 0.20134374177337666
1.0492288801492946 0.5412828442533968 0.2213125828676274
1.16428277749664 0.4627665347218596 0.1614060595848752
1.1193172370269735 0.5507371514290129 0.16371530392954575
1.0875801792650763 0.5151107410762178 0.20134374177337666
1.0941944206189609 0.45331222754624356 0.21900333852295684
1.074351696557307 0.6387077681361661 0.1660245482742163
1.0492288801492946 0.5412828442533968 0.2213125828676274
1.0875801792650763 0.5151107410762178 0.20134374177337666
1.1193172370269735 0.5507371514290129 0.16371530392954575
1.063308168996733 -0.7479142582842077 -7.347880794884119e-17
1.059981021407952 -0.6834887895716046 0.09941624864466056
1.023643431100137 -0.7232127299835 0.12425665369573513
1.0071382097406203 -0.775287434545749 0.08696873189894211
1.056653873819171 -0.6190633208590017 0.1988324972893212
1.0038110621518392 -0.710861965833146 0.18638498054360275
1.023643431100137 -0.7232127299835 0.12425665369573513
1.059981021407952 -0.6834887895716046 0.09941624864466056
0.9509682504845075 -0.8026606108072902 0.1739374637978843
1.0071382097406203 -0.775287434545749 0.08696873189894211
1.023643431100137 -0.7232127299835 0.12425665369573513
1.0038110621518392 -0.710861965833146 0.18638498054360275
0.2867937902098747 0.8513232251207392 0.2822477473357984
0.3459438422185547 0.9486484894526606 0.2782318575200304
0.3183272501260066 0.9743700640525353 0.28353399126891493
0.2749439280753926 0.9385682191865121 0.28819300305124124
0.4050938942272347 1.045973753784582 0.2742159677042624
0.33409398008407254 1.0358934835184335 0.28417711323547323
0.3183272501260066 0.9743700640525353 0.28353399126891493
0.3459438422185547 0.9486484894526606 0.2782318575200304
0.2630940659409104 1.025813213252285 0.2941382587666841
0.2749439280753926 0.9385682191865121 0.28819300305124124
0.3183272501260066 0.9743700640525353 0.28353399126891493
0.33409398008407254 1.0358934835184335 0.28417711323547323
0.6024918656995616 -1.063508185924852 -0.2014384978818377
0.4904433626540756 -1.0751267975213006 -0.2304092782709454
0.4879011782608383 -1.0371481674253975 -0.25037549153932287
0.5426543375869627 -1.0123495465792218 -0.24587320797895776
0.3783948596085897 -1.086745409117749 -0.2593800586600531
0.4306058345414767 -1.0239681581756703 -0.27484398836806545
0.4879011782608383 -1.0371481674253975 -0.25037549153932287
0.4904433626540756 -1.0751267975213006 -0.2304092782709454
0.4828168094743638 -0.9611909072335917 -0.2903079180760778
0.5426543375869627 -1.0123495465792218 -0.24587320797895776
0.4879011782608383 -1.0371481674253975 -0.25037549153932287
0.4306058345414767 -1.0239681581756703 -0.27484398836806545
0.5112832989675 1.14051241517322 -0.1660245482776514
0.4073106044140665 1.170751718798051 -0.1738683379993636
0.41801438358639653 1.1883284999898436 -0.11591222533290908
0.4753526204492783 1.1819972387733246 -0.08301227413882574
0.3033379098606331 1.200991022422882 -0.1817121277210758
0.3713799258958448 1.2122365423981556 -0.09085606386053795
0.41801438358639653 1.1883284999898436 -0.11591222533290908
0.4073106044140665 1.170751718798051 -0.1738683379993636
0.4394219419310565 1.223482062373429 -7.347880794884119e-17
0.4753526204492783 1.1819972387733246 -0.08301227413882574
0.41801438358639653 1.1883284999898436 -0.11591222533290908
0.3713799258958448 1.2122365423981556 -0.09085606386053795
0.4733374981544937 -1.168770491515184 -0.1479492005311429
0.4258661788815417 -1.1277579503164665 -0.203664629595598
0.48474140782088165 -1.1063413621859284 -0.2029225856910112
0.5379146819270276 -1.116139338720018 -0.1746938492064903
0.3783948596085897 -1.086745409117749 -0.2593800586600531
0.4904433626540756 -1.0751267975213006 -0.2304092782709454
0.48474140782088165 -1.1063413621859284 -0.2029225856910112
0.4258661788815417 -1.1277579503164665 -0.203664629595598
0.6024918656995616 -1.063508185924852 -0.2014384978818377
0.5379146819270276 -1.116139338720018 -0.1746938492064903
0.48474140782088165 -1.1063413621859284 -0.2029225856910112
0.4904433626540756 -1.0751267975213006 -0.2304092782709454
-0.6310199209367587 -0.6387753109504443 0.282090575721743
-0.6952833717393508 -0.732293054625402 0.27808268684443027
-0.6618015116832655 -0.7654634408805343 0.2851040586053064
-0.6129288562539268 -0.7352897621706218 0.29061868892440085
-0.759546822541943 -0.8258107983003596 0.2740747979671175
-0.6771923070565189 -0.8288075058455795 0.28661080004708805
-0.6618015116832655 -0.7654634408805343 0.2851040586053064
-0.6952833717393508 -0.732293054625402 0.27808268684443027
-0.594837791571095 -0.8318042133907992 0.2991468021270587
-0.6129288562539268 -0.7352897621706218 0.29061868892440085
-0.6618015116832655 -0.7654634408805343 0.2851040586053064
-0.6771923070565189 -0.8288075058455795 0.28661080004708805
0.5048275257834252 0.8649003956642577 0.2999964923787531
0.4549607100053299 0.9554370747244199 0.2871062300415077
0.3989050700735115 0.9207324581898596 0.28548673580627126
0.39581065799664994 0.8581118103924985 0.29112211985727576
0.4050938942272347 1.045973753784582 0.2742159677042624
0.3459438422185547 0.9486484894526606 0.2782318575200304
0.3989050700735115 0.9207324581898596 0.28548673580627126
0.4549607100053299 0.9554370747244199 0.2871062300415077
0.2867937902098747 0.8513232251207392 0.2822477473357984
0.39581065799664994 0.8581118103924985 0.29112211985727576
0.3989050700735115 0.9207324581898596 0.28548673580627126
0.3459438422185547 0.9486484894526606 0.2782318575200304
0.1864647546929038 0.7367353964194818 -0.1799545067345681
0.07745802302641994 0.740118629345672 -0.16832180591213214
0.07785350103762256 0.7876429309644976 -0.2047389151794697
0.1325546058764658 0.8097134653108153 -0.22876382022435646
-0.03154870864006391 0.7435018622718621 -0.1566891050896962
0.023547874209981952 0.8130966982370054 -0.2171311194019205
0.07785350103762256 0.7876429309644976 -0.2047389151794697
0.07745802302641994 0.740118629345672 -0.16832180591213214
0.07864445706002782 0.8826915342021487 -0.2775731337141448
0.1325546058764658 0.8097134653108153 -0.22876382022435646
0.07785350103762256 0.7876429309644976 -0.2047389151794697
0.023547874209981952 0.8130966982370054 -0.2171311194019205
-1.296185541538863 -0.09951402868744211 -7.347880794884119e-17
-1.2489740238472835 -0.1382159113768499 0.10475850935670711
-1.2490940793416765 -0.0894304653915365 0.12543600447085887
-1.2727598659346624 -0.0456868010541759 0.08339549734958115
-1.201762506155704 -0.1769177940662577 0.2095170187134143
-1.2255483482430831 -0.0843886837435837 0.18815400670628835
-1.2490940793416765 -0.0894304653915365 0.12543600447085887
-1.2489740238472835 -0.1382159113768499 0.10475850935670711
-1.249334190330462 0.008140426579090315 0.1667909946991624
-1.2727598659346624 -0.0456868010541759 0.08339549734958115
-1.2490940793416765 -0.0894304653915365 0.12543600447085887
-1.2255483482430831 -0.0843886837435837 0.18815400670628835
-0.8855868177914494 -0.8718764052999071 0.176271033765423
-0.9439663715231412 -0.7863901293028521 0.18842038882920664
-0.9636228922716032 -0.7999651445434101 0.1256135925528044
-0.9442613757799883 -0.8494957901622167 0.08813551688271146
-1.002345925254833 -0.7009038533057973 0.2005697438929903
-1.00264092951168 -0.7640095141651617 0.1002848719464951
-0.9636228922716032 -0.7999651445434101 0.1256135925528044
-0.9439663715231412 -0.7863901293028521 0.18842038882920664
-1.002935933768527 -0.8271151750245261 -7.347880794884119e-17
-0.9442613757799883 -0.8494957901622167 0.08813551688271146
-0.9636228922716032 -0.7999651445434101 0.1256135925528044
-1.00264092951168 -0.7640095141651617 0.1002848719464951
-0.9758124653413066 -0.3310194034314499 -0.2984528090656202
-1.0446925430371667 -0.28819112754407017 -0.28181645340151384
-1.0238482539419236 -0.23298473209349999 -0.2878195749966519
-0.9789860705463718 -0.22679567231190476 -0.2991393136262741
-1.113572620733027 -0.2453628516566904 -0.2651800977374074
-1.047866148242232 -0.183967396424525 -0.28250295796216773
-1.0238482539419236 -0.23298473209349999 -0.2878195749966519
-1.0446925430371667 -0.28819112754407017 -0.28181645340151384
-0.982159675751437 -0.1225719411923596 -0.299825818186928
-0.9789860705463718 -0.22679567231190476 -0.2991393136262741
-1.0238482539419236 -0.23298473209349999 -0.2878195749966519
-1.047866148242232 -0.183967396424525 -0.28250295796216773
0.6200462655116502 0.3530077921411719 -0.08895832171388969
0.659462106429388 0.2552486122960348 -0.09339940379544467
0.656734079263075 0.2648670087615162 -0.03598284221321168
0.6356621452210498 0.31855579691682545 -0.005054020381317692
0.6988779473471258 0.1574894324508977 -0.09784048587699964
0.6750779861387877 0.22079661707168835 -0.009495102462872669
0.656734079263075 0.2648670087615162 -0.03598284221321168
0.659462106429388 0.2552486122960348 -0.09339940379544467
0.6512780249304494 0.284103801692479 0.0788502809512543
0.6356621452210498 0.31855579691682545 -0.005054020381317692
0.656734079263075 0.2648670087615162 -0.03598284221321168
0.6750779861387877 0.22079661707168835 -0.009495102462872669
-0.2610605614444126 0.903498453398201 0.2940319749536634
-0.26871200843976983 0.9880896574859681 0.28701473749558326
-0.3293495058408358 0.9959401389436691 0.28470692401728215
-0.3558425310436901 0.957569777628636 0.28706163600717166
-0.276363455435127 1.072680861573735 0.2799975000375032
-0.3634939780390473 1.042160981716403 0.2800443985490916
-0.3293495058408358 0.9959401389436691 0.28470692401728215
-0.26871200843976983 0.9880896574859681 0.28701473749558326
-0.4506245006429676 1.011641101859071 0.2800912970606799
-0.3558425310436901 0.957569777628636 0.28706163600717166
-0.3293495058408358 0.9959401389436691 0.28470692401728215
-0.3634939780390473 1.042160981716403 0.2800443985490916
1.16428277749664 0.4627665347218596 0.1614060595848752
1.124663983271231 0.37532539783828756 0.2176086125733572
1.1581597390135123 0.34952155356442627 0.1944644144585598
1.1947170139973575 0.38034019986928164 0.15479103890692014
1.085045189045822 0.2878842609547156 0.2738111655618392
1.1550982197719484 0.29289906298570967 0.21099359189540215
1.1581597390135123 0.34952155356442627 0.1944644144585598
1.124663983271231 0.37532539783828756 0.2176086125733572
1.225151250498075 0.2979138650167037 0.1481760182289651
1.1947170139973575 0.38034019986928164 0.15479103890692014
1.1581597390135123 0.34952155356442627 0.1944644144585598
1.1550982197719484 0.29289906298570967 0.21099359189540215
-0.1352671116825261 0.887627988822079 -0.2820826333528704
-0.083407910161295 0.8155649255469706 -0.2193858692212833
-0.13931332613330769 0.7919833036542249 -0.2163449737323003
-0.19319563487992955 0.8162240243454061 -0.2461729080536023
-0.03154870864006391 0.7435018622718621 -0.1566891050896962
-0.14133643335869847 0.7441609610702976 -0.1834761439220152
-0.13931332613330769 0.7919833036542249 -0.2163449737323003
-0.083407910161295 0.8155649255469706 -0.2193858692212833
-0.251124158077333 0.7448200598687331 -0.2102631827543342
-0.19319563487992955 0.8162240243454061 -0.2461729080536023
-0.13931332613330769 0.7919833036542249 -0.2163449737323003
-0.14133643335869847 0.7441609610702976 -0.1834761439220152
0.481562432505316 -0.7804886242908715 -0.2883173743074094
0.5648392020952911 -0.7329835165637488 -0.2914613712719468
0.5961794842951679 -0.789199642425454 -0.28643023783713845
0.5702112406001187 -0.8410602592198679 -0.28234267263746554
0.6481159716852662 -0.6854784088366263 -0.2946053682364843
0.6534880101900938 -0.7935551514927452 -0.285486669602003
0.5961794842951679 -0.789199642425454 -0.28643023783713845
0.5648392020952911 -0.7329835165637488 -0.2914613712719468
0.6588600486949214 -0.9016318941488642 -0.2763679709675217
0.5702112406001187 -0.8410602592198679 -0.28234267263746554
0.5961794842951679 -0.789199642425454 -0.28643023783713845
0.6534880101900938 -0.7935551514927452 -0.285486669602003
0.9072949016875165 -2.222231594468659e-16 0.2853169548885463
0.9510653931176933 -0.092162143824611 0.29254303403699056
0.9982786281826236 -0.06144142921640743 0.29013434098750907
1.0000000000000002 -2.4492935982947074e-16 0.28531695488854614
0.9948358845478702 -0.1843242876492218 0.2997691131854348
1.043770491430177 -0.09216214382461103 0.29254303403699045
0.9982786281826236 -0.06144142921640743 0.29013434098750907
0.9510653931176933 -0.092162143824611 0.29254303403699056
1.092705098312484 -2.676355602120756e-16 0.285316954888546
1.0000000000000002 -2.4492935982947074e-16 0.28531695488854614
0.9982786281826236 -0.06144142921640743 0.29013434098750907
1.043770491430177 -0.09216214382461103 0.29254303403699045
0.6205886462500091 -0.3905626314291758 -0.137293425818477
0.6868446589186081 -0.35822362821561127 -0.1888659111462182
0.6915227493485924 -0.4026090756142591 -0.21363208085146113
0.660733788229285 -0.4409713009203654 -0.20022892304021195
0.7531006715872071 -0.3258846250020467 -0.2404383964739594
0.7269898008978839 -0.4086322977068009 -0.2518014083679532
0.6915227493485924 -0.4026090756142591 -0.21363208085146113
0.6868446589186081 -0.35822362821561127 -0.1888659111462182
0.7008789302085607 -0.491379970411555 -0.2631644202619469
0.660733788229285 -0.4409713009203654 -0.20022892304021195
0.6915227493485924 -0.4026090756142591 -0.21363208085146113
0.7269898008978839 -0.4086322977068009 -0.2518014083679532
0.4404366578558302 0.6934251674595496 0.2410999830457988
0.5399418151467278 0.7053963522840594 0.26927666809214057
0.5282370520256269 0.7585643667441255 0.27951660952101137
0.4726320918196277 0.7791627815619037 0.27054823771227593
0.6394469724376254 0.7173675371085692 0.2974533531384823
0.5721372491105252 0.7911339663864134 0.29872492275861773
0.5282370520256269 0.7585643667441255 0.27951660952101137
0.5399418151467278 0.7053963522840594 0.26927666809214057
0.5048275257834252 0.8649003956642577 0.2999964923787531
0.4726320918196277 0.7791627815619037 0.27054823771227593
0.5282370520256269 0.7585643667441255 0.27951660952101137
0.5721372491105252 0.7911339663864134 0.29872492275861773
0.2708722010138049 -1.024663936015211 0.2939668591805623
0.3439827268893365 -0.969736091315986 0.2969590749956983
0.3006531504114292 -0.9268583894172276 0.28775589495804477
0.24243309923470968 -0.932883460817461 0.28165819703165007
0.4170932527648681 -0.9148082466167611 0.2999512908108343
0.3155436251102413 -0.877955616118236 0.28465041284678605
0.3006531504114292 -0.9268583894172276 0.28775589495804477
0.3439827268893365 -0.969736091315986 0.2969590749956983
0.2139939974556145 -0.8411029856197109 0.2693495348827378
0.24243309923470968 -0.932883460817461 0.28165819703165007
0.3006531504114292 -0.9268583894172276 0.28775589495804477
0.3155436251102413 -0.877955616118236 0.28465041284678605
0.3378506900541404 1.205842521083816 0.1623452956487915
0.2878468783647279 1.17771391150435 0.20338941801158064
0.3269292169855635 1.1338005255977606 0.2269982679091412
0.37147229214068755 1.125908137434199 0.21828063167652695
0.2378430666753154 1.149585301924884 0.2444335403743698
0.3214684804512751 1.0977795278547329 0.2593247540393161
0.3269292169855635 1.1338005255977606 0.2269982679091412
0.2878468783647279 1.17771391150435 0.20338941801158064
0.4050938942272347 1.045973753784582 0.2742159677042624
0.37147229214068755 1.125908137434199 0.21828063167652695
0.3269292169855635 1.1338005255977606 0.2269982679091412
0.3214684804512751 1.0977795278547329 0.2593247540393161
-0.9082117208945133 -0.3142359949150959 0.297459092988066
-0.9403726362701215 -0.4171968278721685 0.2896300977601056
-0.8827366506852661 -0.4371382774792991 0.28778699355998466
-0.8378382002050342 -0.3956285858043282 0.2907799390739043
-0.9725335516457297 -0.5201576608292411 0.2818011025321453
-0.8699991155806424 -0.4985894187614008 0.282950943845944
-0.8827366506852661 -0.4371382774792991 0.28778699355998466
-0.9403726362701215 -0.4171968278721685 0.2896300977601056
-0.7674646795155551 -0.4770211766935605 0.2841007851597427
-0.8378382002050342 -0.3956285858043282 0.2907799390739043
-0.8827366506852661 -0.4371382774792991 0.28778699355998466
-0.8699991155806424 -0.4985894187614008 0.282950943845944
-0.9292466693390651 0.09600762788399173 -0.2926934542860747
-1.0055018366640276 0.15873994426125443 -0.2870087803876124
-0.9708603658087461 0.20697246242617107 -0.2900111838110113
-0.9154120467186242 0.19972256331999805 -0.2943547224719419
-1.08175700398899 0.2214722606385171 -0.2813241064891501
-0.9916672140435867 0.2624548796972608 -0.2886700485734796
-0.9708603658087461 0.20697246242617107 -0.2900111838110113
-1.0055018366640276 0.15873994426125443 -0.2870087803876124
-0.9015774240981834 0.3034374987560044 -0.2960159906578091
-0.9154120467186242 0.19972256331999805 -0.2943547224719419
-0.9708603658087461 0.20697246242617107 -0.2900111838110113
-0.9916672140435867 0.2624548796972608 -0.2886700485734796
0.813591625314358 0.7546732455932222 0.2792186382379657
0.7393112702093496 0.8279175775604393 0.2770905930354379
0.7060231709521082 0.7910675640764825 0.28387817973645274
0.7265192988759916 0.7360203913508957 0.288335995688224
0.6650309151043411 0.9011619095276562 0.2749625478329102
0.6522389437709832 0.8092647233181127 0.28620795048569625
0.7060231709521082 0.7910675640764825 0.28387817973645274
0.7393112702093496 0.8279175775604393 0.2770905930354379
0.6394469724376254 0.7173675371085692 0.2974533531384823
0.7265192988759916 0.7360203913508957 0.288335995688224
0.7060231709521082 0.7910675640764825 0.28387817973645274
0.6522389437709832 0.8092647233181127 0.28620795048569625
-1.117440489083363 -0.6643242832812413 -7.347880794884119e-17
-1.059893207169098 -0.6826140682935193 0.1002848719464951
-1.084140046644048 -0.6261501087944383 0.12527538960195095
-1.1250371073386556 -0.5887732365387588 0.08762821245643126
-1.002345925254833 -0.7009038533057973 0.2005697438929903
-1.0674898254243905 -0.6070630215510369 0.18791308440292645
-1.084140046644048 -0.6261501087944383 0.12527538960195095
-1.059893207169098 -0.6826140682935193 0.1002848719464951
-1.132633725593948 -0.5132221897962764 0.1752564249128626
-1.1250371073386556 -0.5887732365387588 0.08762821245643126
-1.084140046644048 -0.6261501087944383 0.12527538960195095
-1.0674898254243905 -0.6070630215510369 0.18791308440292645
-0.263907409983212 -1.10993020740689 0.2648672806141233
-0.36474333971487466 -1.0836721206751876 0.26074868106107585
-0.38174599545709736 -1.1160314348773674 0.2281907475018532
-0.3398293584623773 -1.1453401353443085 0.2139710804987656
-0.4655792694465373 -1.057414033943485 0.2566300815080284
-0.44066528819403994 -1.119082048612606 0.20985248094571815
-0.38174599545709736 -1.1160314348773674 0.2281907475018532
-0.36474333971487466 -1.0836721206751876 0.26074868106107585
-0.4157513069415426 -1.180750063281727 0.1630748803834079
-0.3398293584623773 -1.1453401353443085 0.2139710804987656
-0.38174599545709736 -1.1160314348773674 0.2281907475018532
-0.44066528819403994 -1.119082048612606 0.20985248094571815
-1.097529460820717 -0.3320954294701152 0.2617004350466728
-1.146910216820284 -0.3521895692328938 0.2115532473157526
-1.1421513864115054 -0.405867109420688 0.19945430651478926
-1.1150815932073326 -0.4226588096331958 0.21847842997976769
-1.196290972819851 -0.3722837089956724 0.1614060595848324
-1.1644623492068995 -0.4427529493959744 0.1683312422488475
-1.1421513864115054 -0.405867109420688 0.19945430651478926
-1.146910216820284 -0.3521895692328938 0.2115532473157526
-1.132633725593948 -0.5132221897962764 0.1752564249128626
-1.1150815932073326 -0.4226588096331958 0.21847842997976769
-1.1421513864115054 -0.405867109420688 0.19945430651478926
-1.1644623492068995 -0.4427529493959744 0.1683312422488475
0.6588600486949214 -0.9016318941488642 -0.2763679709675217
0.7395338622039049 -0.8435502542342191 -0.27197393233649264
0.7776565188718932 -0.8691397983425948 -0.23375562107767245
0.7563809404513956 -0.9109753903541051 -0.2168434847637769
0.8202076757128884 -0.785468614319574 -0.2675798937054636
0.8370547539603791 -0.85289375043946 -0.21244944613274785
0.7776565188718932 -0.8691397983425948 -0.23375562107767245
0.7395338622039049 -0.8435502542342191 -0.27197393233649264
0.8539018322078697 -0.920318886559346 -0.1573189985600321
0.7563809404513956 -0.9109753903541051 -0.2168434847637769
0.7776565188718932 -0.8691397983425948 -0.23375562107767245
0.8370547539603791 -0.85289375043946 -0.21244944613274785
1.024106063741282 0.4438579203706275 0.2766006174610385
1.054575626393552 0.36587109066267154 0.2752058915114388
1.091144676761248 0.3981695720157343 0.23727261420258428
1.0941944206189609 0.45331222754624356 0.21900333852295684
1.085045189045822 0.2878842609547156 0.2738111655618392
1.124663983271231 0.37532539783828756 0.2176086125733572
1.091144676761248 0.3981695720157343 0.23727261420258428
1.054575626393552 0.36587109066267154 0.2752058915114388
1.16428277749664 0.4627665347218596 0.1614060595848752
1.0941944206189609 0.45331222754624356 0.21900333852295684
1.091144676761248 0.3981695720157343 0.23727261420258428
1.124663983271231 0.37532539783828756 0.2176086125733572
0.7531006715872071 -0.3258846250020467 -0.2404383964739594
0.8310050191592812 -0.302884126931617 -0.26820701848269063
0.8401534771807064 -0.3481575948932016 -0.2780842135972466
0.8057755324053821 -0.38229457790920873 -0.26913850015015894
0.9089093667313553 -0.2798836288611873 -0.2959756404914219
0.8836798799774561 -0.35929407983877903 -0.2969071221588902
0.8401534771807064 -0.3481575948932016 -0.2780842135972466
0.8310050191592812 -0.302884126931617 -0.26820701848269063
0.8584503932235571 -0.4387045308163708 -0.2978386038263585
0.8057755324053821 -0.38229457790920873 -0.26913850015015894
0.8401534771807064 -0.3481575948932016 -0.2780842135972466
0.8836798799774561 -0.35929407983877903 -0.2969071221588902
0.1450427383882854 -1.244179630981516 -0.1618347904123548
0.07971064302176324 -1.1754411468235064 -0.22109103825335646
0.11961543854097904 -1.1513628111156449 -0.23888667678828623
0.172233883983848 -1.173692885340719 -0.21815637213525024
0.01437854765524108 -1.106702662665497 -0.2803472860943581
0.10690178861732584 -1.1049544011827095 -0.2774126199762519
0.11961543854097904 -1.1513628111156449 -0.23888667678828623
0.07971064302176324 -1.1754411468235064 -0.22109103825335646
0.1994250295794106 -1.103206139699922 -0.2744779538581457
0.172233883983848 -1.173692885340719 -0.21815637213525024
0.11961543854097904 -1.1513628111156449 -0.23888667678828623
0.10690178861732584 -1.1049544011827095 -0.2774126199762519
-0.515073677065515 -0.7653832152667495 -0.2898321250698271
-0.4593550191653345 -0.8341819311070715 -0.2948168150997375
-0.5085596411354466 -0.8761718422256856 -0.2856930870672357
-0.561021281070593 -0.8627674398648315 -0.2786388780360296
-0.403636361265154 -0.9029806469473934 -0.2998015051296479
-0.5053026231704125 -0.9315661557051536 -0.28362356806594
-0.5085596411354466 -0.8761718422256856 -0.2856930870672357
-0.4593550191653345 -0.8341819311070715 -0.2948168150997375
-0.6069688850756709 -0.9601516644629136 -0.2674456310022321
-0.561021281070593 -0.8627674398648315 -0.2786388780360296
-0.5085596411354466 -0.8761718422256856 -0.2856930870672357
-0.5053026231704125 -0.9315661557051536 -0.28362356806594
1.159259033591789 -0.4672233662857903 0.1660245482774985
1.10795645370548 -0.543143343572396 0.18242852278340985
1.1269760438201109 -0.5543741587906134 0.12161901518893987
1.1621371288205804 -0.5220295777564192 0.0830122741387492
1.056653873819171 -0.6190633208590017 0.1988324972893212
1.1108345489342715 -0.5979495550430249 0.09941624864466056
1.1269760438201109 -0.5543741587906134 0.12161901518893987
1.10795645370548 -0.543143343572396 0.18242852278340985
1.165015224049372 -0.576835789227048 -7.347880794884119e-17
1.1621371288205804 -0.5220295777564192 0.0830122741387492
1.1269760438201109 -0.5543741587906134 0.12161901518893987
1.1108345489342715 -0.5979495550430249 0.09941624864466056
-0.515073677065515 -0.7653832152667495 -0.2898321250698271
-0.5795685073195456 -0.7224339928383802 -0.2914874969692546
-0.5550779765167876 -0.6725943195487144 -0.2562484319521093
-0.5105852959883932 -0.6691490941180662 -0.23780121349382288
-0.6440633375735761 -0.6794847704100109 -0.2931428688686821
-0.5750801262424238 -0.6261998716896969 -0.23945658539325043
-0.5550779765167876 -0.6725943195487144 -0.2562484319521093
-0.5795685073195456 -0.7224339928383802 -0.2914874969692546
-0.5060969149112714 -0.572914972969383 -0.1857703019178187
-0.5105852959883932 -0.6691490941180662 -0.23780121349382288
-0.5550779765167876 -0.6725943195487144 -0.2562484319521093
-0.5750801262424238 -0.6261998716896969 -0.23945658539325043
-0.4506245006429676 1.011641101859071 0.2800912970606799
-0.42391218934704833 0.9186937661565617 0.2840908372659324
-0.3696283133795031 0.9136286619037749 0.28740454982850944
-0.3558425310436901 0.957569777628636 0.28706163600717166
-0.397199878051129 0.8257464304540524 0.288090377471185
-0.3291302197477708 0.8646224419261267 0.2910611762124242
-0.3696283133795031 0.9136286619037749 0.28740454982850944
-0.42391218934704833 0.9186937661565617 0.2840908372659324
-0.2610605614444126 0.903498453398201 0.2940319749536634
-0.3558425310436901 0.957569777628636 0.28706163600717166
-0.3696283133795031 0.9136286619037749 0.28740454982850944
-0.3291302197477708 0.8646224419261267 0.2910611762124242
0.7 -1.714505518806295e-16 1.102553507614571e-15
0.6934750358930786 -0.09690571119032203 -0.04491838421373601
0.6957350670030696 -0.11906494889943209 0.00513260970800183
0.7001275646115257 -0.08169171215882619 0.0526172987757393
0.6869500717861571 -0.1938114223806439 -0.08983676842747311
0.6936026005046043 -0.17859742334914805 0.007698914562002196
0.6957350670030696 -0.11906494889943209 0.00513260970800183
0.6934750358930786 -0.09690571119032203 -0.04491838421373601
0.7002551292230516 -0.1633834243176522 0.1052345975514775
0.7001275646115257 -0.08169171215882619 0.0526172987757393
0.6957350670030696 -0.11906494889943209 0.00513260970800183
0.6936026005046043 -0.17859742334914805 0.007698914562002196
0.3850086790258732 1.026802229343318 -0.2840183427303423
0.3441732944432532 1.1138966258831 -0.23286523522570907
0.39987662928466877 1.1227685556464733 -0.21058500624302315
0.4481459889966866 1.083657322258269 -0.22502144550399686
0.3033379098606331 1.200991022422882 -0.1817121277210758
0.4073106044140665 1.170751718798051 -0.1738683379993636
0.39987662928466877 1.1227685556464733 -0.21058500624302315
0.3441732944432532 1.1138966258831 -0.23286523522570907
0.5112832989675 1.14051241517322 -0.1660245482776514
0.4481459889966866 1.083657322258269 -0.22502144550399686
0.39987662928466877 1.1227685556464733 -0.21058500624302315
0.4073106044140665 1.170751718798051 -0.1738683379993636
-0.04787350156178749 -1.248954486285696 -0.1660245482790884
-0.016747476953273204 -1.1778285744755965 -0.22318591718672326
0.03718259482724633 -1.1999455933109031 -0.2027355415952671
0.04858461841324896 -1.2465670586336062 -0.16392966934572162
0.01437854765524108 -1.106702662665497 -0.2803472860943581
0.07971064302176324 -1.1754411468235064 -0.22109103825335646
0.03718259482724633 -1.1999455933109031 -0.2027355415952671
-0.016747476953273204 -1.1778285744755965 -0.22318591718672326
0.1450427383882854 -1.244179630981516 -0.1618347904123548
0.04858461841324896 -1.2465670586336062 -0.16392966934572162
0.03718259482724633 -1.1999455933109031 -0.2027355415952671
0.07971064302176324 -1.1754411468235064 -0.22109103825335646
0.813591625314358 0.7546732455932222 0.2792186382379657
0.8911837384075066 0.7716091253815883 0.22317579213129377
0.8713130726599693 0.8254379898223366 0.20412537751339355
0.8225816832396262 0.8438844821485278 0.22262159325777942
0.9687758515006553 0.7885450051699544 0.1671329460246218
0.9001737963327747 0.8608203619368939 0.16657874715110746
0.8713130726599693 0.8254379898223366 0.20412537751339355
0.8911837384075066 0.7716091253815883 0.22317579213129377
0.8315717411648943 0.9330957187038333 0.1660245482775931
0.8225816832396262 0.8438844821485278 0.22262159325777942
0.8713130726599693 0.8254379898223366 0.20412537751339355
0.9001737963327747 0.8608203619368939 0.16657874715110746
0.8584503932235571 -0.4387045308163708 -0.2978386038263585
0.9353042245503096 -0.46811984102202686 -0.28462022701859396
0.9045743765783363 -0.516065500885123 -0.2887716805722071
0.8507825369289734 -0.5253306757138431 -0.29745659575289596
1.012158055877062 -0.497535151227683 -0.2714018502108294
0.9276363682557258 -0.5547459859194992 -0.2842382189451314
0.9045743765783363 -0.516065500885123 -0.2887716805722071
0.9353042245503096 -0.46811984102202686 -0.28462022701859396
0.8431146806343897 -0.6119568206113154 -0.2970745876794334
0.8507825369289734 -0.5253306757138431 -0.29745659575289596
0.9045743765783363 -0.516065500885123 -0.2887716805722071
0.9276363682557258 -0.5547459859194992 -0.2842382189451314
-0.4198108415183267 1.17723320532473 0.1660606785421241
-0.34808714847672684 1.1249570334492325 0.22302908928981363
-0.3113795832394824 1.1589744933806145 0.20402757561903995
-0.3288876471416601 1.2021213092840546 0.16604261340980836
-0.276363455435127 1.072680861573735 0.2799975000375032
-0.25716395410006027 1.149845137408557 0.2230110241574979
-0.3113795832394824 1.1589744933806145 0.20402757561903995
-0.34808714847672684 1.1249570334492325 0.22302908928981363
-0.2379644527649935 1.227009413243379 0.1660245482774926
-0.3288876471416601 1.2021213092840546 0.16604261340980836
-0.3113795832394824 1.1589744933806145 0.20402757561903995
-0.25716395410006027 1.149845137408557 0.2230110241574979
-0.7396083433723641 0.8117427977336987 -0.2834878753108042
-0.8094998750419877 0.749204537559935 -0.2801346696391134
-0.8420593599100892 0.7866992006441244 -0.2414301622951649
-0.8233933365093282 0.8367156622731007 -0.2237545114590361
-0.8793914067116114 0.6866662773861711 -0.2767814639674225
-0.8932848681789518 0.7741774020993369 -0.22040130578734524
-0.8420593599100892 0.7866992006441244 -0.2414301622951649
-0.8094998750419877 0.749204537559935 -0.2801346696391134
-0.9071783296462923 0.8616885268125027 -0.164021147607268
-0.8233933365093282 0.8367156622731007 -0.2237545114590361
-0.8420593599100892 0.7866992006441244 -0.2414301622951649
-0.8932848681789518 0.7741774020993369 -0.22040130578734524
-0.2525778619363875 0.7255457609628319 0.1905077266945757
-0.3248888699937582 0.7756460957084421 0.23929905208288033
-0.366935260696948 0.7481671615548983 0.24123583467575901
-0.35180295201985745 0.7093775271053211 0.21780856327804604
-0.397199878051129 0.8257464304540524 0.288090377471185
-0.42411396007722824 0.7594778618509315 0.2665998886663507
-0.366935260696948 0.7481671615548983 0.24123583467575901
-0.3248888699937582 0.7756460957084421 0.23929905208288033
-0.4510280421033274 0.6932092932478104 0.2451093998615164
-0.35180295201985745 0.7093775271053211 0.21780856327804604
-0.366935260696948 0.7481671615548983 0.24123583467575901
-0.42411396007722824 0.7594778618509315 0.2665998886663507
-0.5009922037175892 0.4893165702148543 -0.01347360301787767
-0.53174082719851 0.5220742014662546 -0.11389938550841029
-0.4825781804253137 0.5523200375079901 -0.1145865079593774
-0.44262254529825507 0.5510641399031577 -0.06471717793959464
-0.5624894506794309 0.5548318327176549 -0.2143251679989429
-0.4733711687791759 0.583821771154558 -0.16514296043012727
-0.4825781804253137 0.5523200375079901 -0.1145865079593774
-0.53174082719851 0.5220742014662546 -0.11389938550841029
-0.3842528868789209 0.6128117095914611 -0.1159607528613116
-0.44262254529825507 0.5510641399031577 -0.06471717793959464
-0.4825781804253137 0.5523200375079901 -0.1145865079593774
-0.4733711687791759 0.583821771154558 -0.16514296043012727
-0.1919067545671363 -0.6760153082686995 -0.04035617526826585
-0.26038810391250056 -0.6953998081157119 -0.12571303155499736
-0.2972467167861966 -0.662062368278929 -0.09379205639050087
-0.28143534855036245 -0.6357013984370314 -0.03515314066488688
-0.3288694532578648 -0.7147843079627243 -0.2110698878417289
-0.3499166978957267 -0.6550858982840437 -0.1205099969516184
-0.2972467167861966 -0.662062368278929 -0.09379205639050087
-0.26038810391250056 -0.6953998081157119 -0.12571303155499736
-0.3709639425335886 -0.5953874886053633 -0.02995010606150791
-0.28143534855036245 -0.6357013984370314 -0.03515314066488688
-0.2972467167861966 -0.662062368278929 -0.09379205639050087
-0.3499166978957267 -0.6550858982840437 -0.1205099969516184
-0.672181159931532 0.1985015891088229 0.02293924837637159
-0.7075464714516279 0.1913530081293652 -0.0820270691463709
-0.6804036747539847 0.243548357174828 -0.08719831707165665
-0.6491496206451153 0.27322032218728826 -0.03730078227292828
-0.7429117829717237 0.1842044271499075 -0.1869933866691134
-0.6845149321652111 0.26607174120783056 -0.14226709979567076
-0.6804036747539847 0.243548357174828 -0.08719831707165665
-0.7075464714516279 0.1913530081293652 -0.0820270691463709
-0.6261180813586984 0.3479390552657536 -0.09754081292222816
-0.6491496206451153 0.27322032218728826 -0.03730078227292828
-0.6804036747539847 0.243548357174828 -0.08719831707165665
-0.6845149321652111 0.26607174120783056 -0.14226709979567076
-0.5060969149112714 -0.572914972969383 -0.1857703019178187
-0.5747914150649622 -0.481289435542061 -0.17748787045478842
-0.5580981120590135 -0.475348309048859 -0.12074465259336047
-0.5154042104791937 -0.5181905145159189 -0.09651425939416163
-0.6434859152186531 -0.389663898114739 -0.1692054389917581
-0.5840987106328845 -0.426564977088597 -0.08823182793113132
-0.5580981120590135 -0.475348309048859 -0.12074465259336047
-0.5747914150649622 -0.481289435542061 -0.17748787045478842
-0.524711506047116 -0.4634660560624549 -0.007258216870504541
-0.5154042104791937 -0.5181905145159189 -0.09651425939416163
-0.5580981120590135 -0.475348309048859 -0.12074465259336047
-0.5840987106328845 -0.426564977088597 -0.08823182793113132
-0.7905917327337469 -0.03834747137264777 -0.2157234146552252
-0.7667517578527353 0.07292847788862987 -0.2013584006621693
-0.7456508650713826 0.054430181580164494 -0.14982244394679903
-0.7470204061212121 -0.01045694120470702 -0.13123697258564185
-0.7429117829717237 0.1842044271499075 -0.1869933866691134
-0.7231804312402005 0.10081900805657062 -0.11687195859258594
-0.7456508650713826 0.054430181580164494 -0.14982244394679903
-0.7667517578527353 0.07292847788862987 -0.2013584006621693
-0.7034490795086773 0.01743358896323373 -0.04675053051605849
-0.7470204061212121 -0.01045694120470702 -0.13123697258564185
-0.7456508650713826 0.054430181580164494 -0.14982244394679903
-0.7231804312402005 0.10081900805657062 -0.11687195859258594
0.4828168094743638 -0.9611909072335917 -0.2903079180760778
0.4306058345414767 -1.0239681581756703 -0.27484398836806545
0.3861521841645592 -0.9803814648745578 -0.2813009438420561
0.39003084644254393 -0.9271994927529621 -0.2922613864330576
0.3783948596085897 -1.086745409117749 -0.2593800586600531
0.33781987150965687 -0.9899767436950409 -0.27679745672504524
0.3861521841645592 -0.9803814648745578 -0.2813009438420561
0.4306058345414767 -1.0239681581756703 -0.27484398836806545
0.2972448834107241 -0.8932080782723325 -0.2942148547900374
0.39003084644254393 -0.9271994927529621 -0.2922613864330576
0.3861521841645592 -0.9803814648745578 -0.2813009438420561
0.33781987150965687 -0.9899767436950409 -0.27679745672504524
-0.6318280346699815 -0.3063402418700458 0.03606676683582174
-0.6376569749443173 -0.3480020699923924 -0.06656933607796818
-0.6568730435373831 -0.2922001655141918 -0.07884052553200792
-0.663566607696748 -0.24346829921391822 -0.03365806880213283
-0.6434859152186531 -0.389663898114739 -0.1692054389917581
-0.6693955479710838 -0.2851301273362648 -0.13629417171592276
-0.6568730435373831 -0.2922001655141918 -0.07884052553200792
-0.6376569749443173 -0.3480020699923924 -0.06656933607796818
-0.6953051807235145 -0.1805963565577906 -0.1033829044400874
-0.663566607696748 -0.24346829921391822 -0.03365806880213283
-0.6568730435373831 -0.2922001655141918 -0.07884052553200792
-0.6693955479710838 -0.2851301273362648 -0.13629417171592276
-0.2525778619363875 0.7255457609628319 0.1905077266945757
-0.35180295201985745 0.7093775271053211 0.21780856327804604
-0.3586013352701333 0.6750183373279527 0.17254455904124488
-0.3123879818535362 0.6659228593680238 0.13626213863110914
-0.4510280421033274 0.6932092932478104 0.2451093998615164
-0.41161307193700625 0.6497546255105131 0.1635629752145795
-0.3586013352701333 0.6750183373279527 0.17254455904124488
-0.35180295201985745 0.7093775271053211 0.21780856327804604
-0.372198101770685 0.6062999577732157 0.08201655056764258
-0.3123879818535362 0.6659228593680238 0.13626213863110914
-0.3586013352701333 0.6750183373279527 0.17254455904124488
-0.41161307193700625 0.6497546255105131 0.1635629752145795
0.1950347785460649 -0.674716605258125 -0.03739450786902281
0.14986337333630445 -0.7285468696889461 -0.12549944867651536
0.10062025930827877 -0.720166815389199 -0.09870084693105631
0.09858440489914613 -0.6890616560239149 -0.04124907565458053
0.104691968126544 -0.7823771341197672 -0.2136043894840079
0.053412999689385676 -0.742891920454736 -0.12935401646207306
0.10062025930827877 -0.720166815389199 -0.09870084693105631
0.14986337333630445 -0.7285468696889461 -0.12549944867651536
0.002134031252227362 -0.7034067067897046 -0.04510364344013825
0.09858440489914613 -0.6890616560239149 -0.04124907565458053
0.10062025930827877 -0.720166815389199 -0.09870084693105631
0.053412999689385676 -0.742891920454736 -0.12935401646207306
-0.5329397541992255 0.5379404136154945 0.17625293945117
-0.6261858384772361 0.49353211659533464 0.21748076108793465
-0.6218798503809083 0.4532467663508612 0.17875777591685163
-0.5731038141937392 0.4553082397387044 0.1387823725129278
-0.7194319227552466 0.4491238195751748 0.2587085827246993
-0.6663498984717497 0.4108999427185446 0.18001019414969247
-0.6218798503809083 0.4532467663508612 0.17875777591685163
-0.6261858384772361 0.49353211659533464 0.21748076108793465
-0.6132678741882529 0.3726760658619143 0.1013118055746856
-0.5731038141937392 0.4553082397387044 0.1387823725129278
-0.6218798503809083 0.4532467663508612 0.17875777591685163
-0.6663498984717497 0.4108999427185446 0.18001019414969247
0.566013150509514 0.4312556468925192 0.08256164940005728
0.5276353939621266 0.4796434332363292 -0.012380859925249912
0.5584390178119678 0.4374315528712767 -0.03790668052146317
0.5930297080105821 0.39213171951684556 -0.0031983361569162053
0.4892576374147391 0.5280312195801391 -0.1073233692505571
0.5546519514631947 0.44051950586065547 -0.0981408454822234
0.5584390178119678 0.4374315528712767 -0.03790668052146317
0.5276353939621266 0.4796434332363292 -0.012380859925249912
0.6200462655116502 0.3530077921411719 -0.08895832171388969
0.5930297080105821 0.39213171951684556 -0.0031983361569162053
0.5584390178119678 0.4374315528712767 -0.03790668052146317
0.5546519514631947 0.44051950586065547 -0.0981408454822234
0.3166168428240649 0.6281617336989078 -0.04532668515477409
0.402937240119402 0.5780964766395235 -0.0763250272026656
0.4135652599336916 0.5751949354512668 -0.01824064700649883
0.37571907119316783 0.5987767933868304 0.026300714115530303
0.4892576374147391 0.5280312195801391 -0.1073233692505571
0.4620394684885049 0.5487115363274462 -0.004697627932361205
0.4135652599336916 0.5751949354512668 -0.01824064700649883
0.402937240119402 0.5780964766395235 -0.0763250272026656
0.4348212995622707 0.5693918530747532 0.0979281133858347
0.37571907119316783 0.5987767933868304 0.026300714115530303
0.4135652599336916 0.5751949354512668 -0.01824064700649883
0.4620394684885049 0.5487115363274462 -0.004697627932361205
0.4837611563308072 0.8442853828803522 -0.298787801935808
0.5206889581644993 0.9187376202949471 -0.28231674489299097
0.5765447252089796 0.8969531197003858 -0.28291457605215126
0.5860087078143736 0.8488347506958076 -0.29144902015313995
0.5576167599981914 0.9931898577095422 -0.265845687850174
0.6229365096480657 0.9232869881104027 -0.27497796311032296
0.5765447252089796 0.8969531197003858 -0.28291457605215126
0.5206889581644993 0.9187376202949471 -0.28231674489299097
0.68825625929794 0.8533841185112631 -0.2841102383704719
0.5860087078143736 0.8488347506958076 -0.29144902015313995
0.5765447252089796 0.8969531197003858 -0.28291457605215126
0.6229365096480657 0.9232869881104027 -0.27497796311032296
0.09118478838114523 0.9272543332408619 0.2921280575125165
0.08671358079949816 1.0268377002085174 0.28138828144970374
0.027023907774376552 1.0150291745993512 0.28758193655170367
-0.0005853249473607158 0.9593332283109403 0.29604865213411
0.08224237321785109 1.126421067176173 0.2706485053868909
-0.0050565325290077845 1.0589165952785957 0.28530887607129723
0.027023907774376552 1.0150291745993512 0.28758193655170367
0.08671358079949816 1.0268377002085174 0.28138828144970374
-0.09235543827586666 0.9914121233810186 0.2999692467557036
-0.0005853249473607158 0.9593332283109403 0.29604865213411
0.027023907774376552 1.0150291745993512 0.28758193655170367
-0.0050565325290077845 1.0589165952785957 0.28530887607129723
-0.2921913014551148 -0.6690947544576167 0.1309979878948601
-0.270724880246572 -0.7408957373591015 0.1954207542384516
-0.21432200330374018 -0.7338760958043018 0.17171192182947628
-0.1968537754365957 -0.6944657835761594 0.1276461224531929
-0.2492584590380292 -0.8126967202605864 0.2598435205820431
-0.1753873542280529 -0.7662667664776444 0.19206888879678438
-0.21432200330374018 -0.7338760958043018 0.17171192182947628
-0.270724880246572 -0.7408957373591015 0.1954207542384516
-0.1015162494180766 -0.7198368126947022 0.1242942570115257
-0.1968537754365957 -0.6944657835761594 0.1276461224531929
-0.21432200330374018 -0.7338760958043018 0.17171192182947628
-0.1753873542280529 -0.7662667664776444 0.19206888879678438
-0.7396083433723641 0.8117427977336987 -0.2834878753108042
-0.8233933365093282 0.8367156622731007 -0.2237545114590361
-0.8014968790909777 0.8891484501208092 -0.2045111903988381
-0.7486561538133204 0.9028784117749624 -0.22475621179462316
-0.9071783296462923 0.8616885268125027 -0.164021147607268
-0.8324411469502845 0.9278512763143645 -0.16502284794285504
-0.8014968790909777 0.8891484501208092 -0.2045111903988381
-0.8233933365093282 0.8367156622731007 -0.2237545114590361
-0.7577039642542767 0.9940140258162262 -0.1660245482784421
-0.7486561538133204 0.9028784117749624 -0.22475621179462316
-0.8014968790909777 0.8891484501208092 -0.2045111903988381
-0.8324411469502845 0.9278512763143645 -0.16502284794285504
0.2842120043953355 -0.6737733003853745 0.1333451177624471
0.343471127493218 -0.7156317885340677 0.19877674138917295
0.38089805142436095 -0.6708480210035649 0.18161375604280572
0.36998195184099114 -0.6275268931639668 0.14031645155625921
0.4027302505911005 -0.7574902766827609 0.2642083650158988
0.42924107493887365 -0.66938538131266 0.20574807518298505
0.38089805142436095 -0.6708480210035649 0.18161375604280572
0.343471127493218 -0.7156317885340677 0.19877674138917295
0.4557518992866467 -0.581280485942559 0.1472877853500713
0.36998195184099114 -0.6275268931639668 0.14031645155625921
0.38089805142436095 -0.6708480210035649 0.18161375604280572
0.42924107493887365 -0.66938538131266 0.20574807518298505
1.092705098312484 -2.676355602120756e-16 0.285316954888546
1.043770491430177 -0.09216214382461103 0.29254303403699045
1.0866762723702321 -0.11489597584982252 0.2741650682125008
1.132596466281413 -0.08018181995012288 0.26136304572603375
0.9948358845478702 -0.1843242876492218 0.2997691131854348
1.083661859399106 -0.17234396377473366 0.26858912487447817
1.0866762723702321 -0.11489597584982252 0.2741650682125008
1.043770491430177 -0.09216214382461103 0.29254303403699045
1.172487834250342 -0.1603636399002455 0.2374091365635215
1.132596466281413 -0.08018181995012288 0.26136304572603375
1.0866762723702321 -0.11489597584982252 0.2741650682125008
1.083661859399106 -0.17234396377473366 0.26858912487447817
-0.6096831047365159 -0.441395148547077 0.1698177529749346
-0.6203515128366373 -0.5400852297487606 0.22595416434833882
-0.5683733909902928 -0.5511307103804876 0.1991951778982137
-0.5370501260170599 -0.5073084100955093 0.157747478986449
-0.6310199209367587 -0.6387753109504443 0.282090575721743
-0.5477185341171814 -0.605998491297193 0.21388389035985322
-0.5683733909902928 -0.5511307103804876 0.1991951778982137
-0.6203515128366373 -0.5400852297487606 0.22595416434833882
-0.4644171472976041 -0.5732216716439417 0.1456772049979634
-0.5370501260170599 -0.5073084100955093 0.157747478986449
-0.5683733909902928 -0.5511307103804876 0.1991951778982137
-0.5477185341171814 -0.605998491297193 0.21388389035985322
0.2762227015909748 0.6799822846358521 0.1386167418983874
0.2815082459004248 0.7656527548782956 0.2104322446170929
0.22215484671747798 0.7636662484738576 0.20315757255990366
0.18983537497127959 0.7198377601504167 0.1636124851719563
0.2867937902098747 0.8513232251207392 0.2822477473357984
0.19512091928072955 0.8055082303928602 0.23542798789066177
0.22215484671747798 0.7636662484738576 0.20315757255990366
0.2815082459004248 0.7656527548782956 0.2104322446170929
0.1034480483515844 0.7596932356649813 0.1886082284455252
0.18983537497127959 0.7198377601504167 0.1636124851719563
0.22215484671747798 0.7636662484738576 0.20315757255990366
0.19512091928072955 0.8055082303928602 0.23542798789066177
0.623816736795696 -0.3246227636144778 0.04387919741689999
0.6553834042909266 -0.25921709299756085 -0.02297878550528656
0.6437851516106208 -0.3029989391414325 -0.061083665609683375
0.6222026915228526 -0.35759269752182676 -0.046707114200788505
0.6869500717861571 -0.1938114223806439 -0.08983676842747311
0.6537693590180831 -0.29218702690490983 -0.11356509712297505
0.6437851516106208 -0.3029989391414325 -0.061083665609683375
0.6553834042909266 -0.25921709299756085 -0.02297878550528656
0.6205886462500091 -0.3905626314291758 -0.137293425818477
0.6222026915228526 -0.35759269752182676 -0.046707114200788505
0.6437851516106208 -0.3029989391414325 -0.061083665609683375
0.6537693590180831 -0.29218702690490983 -0.11356509712297505
0.6200462655116502 0.3530077921411719 -0.08895832171388969
0.6801579398122108 0.3362198061668422 -0.15900006606555145
0.6863979423238492 0.27664301492819404 -0.13861353933603418
0.659462106429388 0.2552486122960348 -0.09339940379544467
0.7402696141127714 0.3194318201925125 -0.2290418104172132
0.7195737807299486 0.2384606263217051 -0.16344114814710642
0.6863979423238492 0.27664301492819404 -0.13861353933603418
0.6801579398122108 0.3362198061668422 -0.15900006606555145
0.6988779473471258 0.1574894324508977 -0.09784048587699964
0.659462106429388 0.2552486122960348 -0.09339940379544467
0.6863979423238492 0.27664301492819404 -0.13861353933603418
0.7195737807299486 0.2384606263217051 -0.16344114814710642
0.2139939974556145 -0.8411029856197109 0.2693495348827378
0.3155436251102413 -0.877955616118236 0.28465041284678605
0.34460583360386104 -0.8378005029730776 0.277836396903157
0.3083621240233575 -0.799296631151236 0.2667789499493183
0.4170932527648681 -0.9148082466167611 0.2999512908108343
0.4099117516779843 -0.836149261649761 0.28207982791336655
0.34460583360386104 -0.8378005029730776 0.277836396903157
0.3155436251102413 -0.877955616118236 0.28465041284678605
0.4027302505911005 -0.7574902766827609 0.2642083650158988
0.3083621240233575 -0.799296631151236 0.2667789499493183
0.34460583360386104 -0.8378005029730776 0.277836396903157
0.4099117516779843 -0.836149261649761 0.28207982791336655
-1.031640325246295 -0.1443988744009623 0.2970881248971383
-1.0645848930335058 -0.23824715193553875 0.2793942799719056
-1.0124605023205084 -0.2635767662620578 0.28541588431062576
-0.9699260230704041 -0.22931743465802912 0.29727360894260213
-1.097529460820717 -0.3320954294701152 0.2617004350466728
-1.002870590857615 -0.3231657121926056 0.2795797640173694
-1.0124605023205084 -0.2635767662620578 0.28541588431062576
-1.0645848930335058 -0.23824715193553875 0.2793942799719056
-0.9082117208945133 -0.3142359949150959 0.297459092988066
-0.9699260230704041 -0.22931743465802912 0.29727360894260213
-1.0124605023205084 -0.2635767662620578 0.28541588431062576
-1.002870590857615 -0.3231657121926056 0.2795797640173694
-0.003908353371851659 -0.8352222534986348 0.2507016309234855
0.10504282204188142 -0.8381626195591728 0.2600255829031116
0.10180543112654783 -0.7990567517305042 0.2148998864968443
0.04571114796201449 -0.7780336347859009 0.18767506230389755
0.2139939974556145 -0.8411029856197109 0.2693495348827378
0.1546623233757476 -0.780974000846439 0.19699901428352368
0.10180543112654783 -0.7990567517305042 0.2148998864968443
0.10504282204188142 -0.8381626195591728 0.2600255829031116
0.09533064929588064 -0.720845016073167 0.1246484936843096
0.04571114796201449 -0.7780336347859009 0.18767506230389755
0.10180543112654783 -0.7990567517305042 0.2148998864968443
0.1546623233757476 -0.780974000846439 0.19699901428352368
0.5159925862514265 -0.4730357317051016 0.00218622224952827
0.5135229855405368 -0.5194491260477195 -0.09053700546273456
0.46614787628832777 -0.5444729883603163 -0.06848735071377109
0.44369512201766814 -0.5337782223453058 -0.01110090948315794
0.5110533848296469 -0.5658625203903375 -0.1832602331749974
0.4412255213067784 -0.5801916166879237 -0.10382413719542077
0.46614787628832777 -0.5444729883603163 -0.06848735071377109
0.5135229855405368 -0.5194491260477195 -0.09053700546273456
0.3713976577839098 -0.5945207129855099 -0.02438804121584415
0.44369512201766814 -0.5337782223453058 -0.01110090948315794
0.46614787628832777 -0.5444729883603163 -0.06848735071377109
0.4412255213067784 -0.5801916166879237 -0.10382413719542077
-0.7343021653452251 0.06103492545202214 0.1440273122248714
-0.7873662639303719 -0.007372138820414601 0.20008981079437593
-0.7589914274502632 -0.047121592579839694 0.16312437664652776
-0.7182719599176354 -0.03279278732333388 0.1166104102878514
-0.8404303625155187 -0.07577920309285134 0.2561523093638805
-0.7713360585027822 -0.1011998515957706 0.17267290885735595
-0.7589914274502632 -0.047121592579839694 0.16312437664652776
-0.7873662639303719 -0.007372138820414601 0.20008981079437593
-0.7022417544900457 -0.1266205000986899 0.0891935083508314
-0.7182719599176354 -0.03279278732333388 0.1166104102878514
-0.7589914274502632 -0.047121592579839694 0.16312437664652776
-0.7713360585027822 -0.1011998515957706 0.17267290885735595
-0.5060969149112714 -0.572914972969383 -0.1857703019178187
-0.5750801262424238 -0.6261998716896969 -0.23945658539325043
-0.6039813887253674 -0.5969528011746043 -0.2468414256140827
-0.5839404143012631 -0.5556868165569009 -0.22369070398678298
-0.6440633375735761 -0.6794847704100109 -0.2931428688686821
-0.6529236256324155 -0.6089717152772147 -0.2773769874622147
-0.6039813887253674 -0.5969528011746043 -0.2468414256140827
-0.5750801262424238 -0.6261998716896969 -0.23945658539325043
-0.6617839136912548 -0.5384586601444187 -0.2616111060557472
-0.5839404143012631 -0.5556868165569009 -0.22369070398678298
-0.6039813887253674 -0.5969528011746043 -0.2468414256140827
-0.6529236256324155 -0.6089717152772147 -0.2773769874622147
0.4050938942272347 1.045973753784582 0.2742159677042624
0.3214684804512751 1.0977795278547329 0.2593247540393161
0.30201034228115353 1.0737907563205835 0.27092925561510545
0.33409398008407254 1.0358934835184335 0.28417711323547323
0.2378430666753154 1.149585301924884 0.2444335403743698
0.25046856630811287 1.0876992575885844 0.26928589957052695
0.30201034228115353 1.0737907563205835 0.27092925561510545
0.3214684804512751 1.0977795278547329 0.2593247540393161
0.2630940659409104 1.025813213252285 0.2941382587666841
0.33409398008407254 1.0358934835184335 0.28417711323547323
0.30201034228115353 1.0737907563205835 0.27092925561510545
0.25046856630811287 1.0876992575885844 0.26928589957052695
-0.7942485011295782 -0.4451610205078597 -0.2863365950339039
-0.8850304832354424 -0.3880902119696548 -0.29239470204976203
-0.8587068840225442 -0.34083658319599325 -0.2801136096745099
-0.800154093363163 -0.34574517307826497 -0.27094400997895474
-0.9758124653413066 -0.3310194034314499 -0.2984528090656202
-0.8909360754690272 -0.28867436454006007 -0.2770021169948129
-0.8587068840225442 -0.34083658319599325 -0.2801136096745099
-0.8850304832354424 -0.3880902119696548 -0.29239470204976203
-0.8060596855967479 -0.2463293256486702 -0.2555514249240056
-0.800154093363163 -0.34574517307826497 -0.27094400997895474
-0.8587068840225442 -0.34083658319599325 -0.2801136096745099
-0.8909360754690272 -0.28867436454006007 -0.2770021169948129
-1.08175700398899 0.2214722606385171 -0.2813241064891501
-1.160052301956799 0.20815671764869087 -0.2208121671464982
-1.170575913539376 0.2644751541564845 -0.20254962752354297
-1.1366900703467602 0.2992921439052944 -0.22367432738339132
-1.238347599924608 0.1948411746588646 -0.1603002278038463
-1.214985368314569 0.28597660091546817 -0.1631623880407394
-1.170575913539376 0.2644751541564845 -0.20254962752354297
-1.160052301956799 0.20815671764869087 -0.2208121671464982
-1.19162313670453 0.3771120271720717 -0.1660245482776325
-1.1366900703467602 0.2992921439052944 -0.22367432738339132
-1.170575913539376 0.2644751541564845 -0.20254962752354297
-1.214985368314569 0.28597660091546817 -0.1631623880407394
0.3378506900541404 1.205842521083816 0.1623452956487915
0.37147229214068755 1.125908137434199 0.21828063167652695
0.4180759610829728 1.1307762300139046 0.200861937210182
0.4245669945108419 1.173177468128566 0.16418492196314183
0.4050938942272347 1.045973753784582 0.2742159677042624
0.458188596597389 1.093243084478949 0.22012025799087728
0.4180759610829728 1.1307762300139046 0.200861937210182
0.37147229214068755 1.125908137434199 0.21828063167652695
0.5112832989675433 1.140512415173316 0.1660245482774922
0.4245669945108419 1.173177468128566 0.16418492196314183
0.4180759610829728 1.1307762300139046 0.200861937210182
0.458188596597389 1.093243084478949 0.22012025799087728
-0.9725335516457297 -0.5201576608292411 0.2818011025321453
-0.9874397384502813 -0.6105307570675191 0.2411854232125678
-0.940445033397355 -0.6301647019273374 0.25724447415860563
-0.9094945874686159 -0.5947951262381077 0.2855818392914133
-1.002345925254833 -0.7009038533057973 0.2005697438929903
-0.9244007742731675 -0.6851682224763858 0.2449661599718358
-0.940445033397355 -0.6301647019273374 0.25724447415860563
-0.9874397384502813 -0.6105307570675191 0.2411854232125678
-0.846455623291502 -0.6694325916469742 0.2893625760506813
-0.9094945874686159 -0.5947951262381077 0.2855818392914133
-0.940445033397355 -0.6301647019273374 0.25724447415860563
-0.9244007742731675 -0.6851682224763858 0.2449661599718358
0.6988779473471258 0.1574894324508977 -0.09784048587699964
0.7195737807299486 0.2384606263217051 -0.16344114814710642
0.752561733211954 0.2119254057855471 -0.19221460345157637
0.7587077927615454 0.15817219858206444 -0.17380099996875797
0.7402696141127714 0.3194318201925125 -0.2290418104172132
0.7794036261443682 0.23914339245287186 -0.23940166223886475
0.752561733211954 0.2119254057855471 -0.19221460345157637
0.7195737807299486 0.2384606263217051 -0.16344114814710642
0.818537638175965 0.1588549647132312 -0.2497615140605163
0.7587077927615454 0.15817219858206444 -0.17380099996875797
0.752561733211954 0.2119254057855471 -0.19221460345157637
0.7794036261443682 0.23914339245287186 -0.23940166223886475
-0.4506245006429676 1.011641101859071 0.2800912970606799
-0.3634939780390473 1.042160981716403 0.2800443985490916
-0.3822662658654738 1.087185056252512 0.24204982521343577
-0.43521767108064713 1.0944371535919006 0.22307598780140203
-0.276363455435127 1.072680861573735 0.2799975000375032
-0.34808714847672684 1.1249570334492325 0.22302908928981363
-0.3822662658654738 1.087185056252512 0.24204982521343577
-0.3634939780390473 1.042160981716403 0.2800443985490916
-0.4198108415183267 1.17723320532473 0.1660606785421241
-0.43521767108064713 1.0944371535919006 0.22307598780140203
-0.3822662658654738 1.087185056252512 0.24204982521343577
-0.34808714847672684 1.1249570334492325 0.22302908928981363
0.6588600486949214 -0.9016318941488642 -0.2763679709675217
0.6983915870122115 -0.9654010574686192 -0.20717844722794343
0.6664250132413282 -0.9981034336206968 -0.20526513077924155
0.6306759571972416 -0.9825700400368582 -0.2389032344246797
0.7379231253295016 -1.029170220788374 -0.1379889234883652
0.6702074955145316 -1.046339203356613 -0.16971371068510144
0.6664250132413282 -0.9981034336206968 -0.20526513077924155
0.6983915870122115 -0.9654010574686192 -0.20717844722794343
0.6024918656995616 -1.063508185924852 -0.2014384978818377
0.6306759571972416 -0.9825700400368582 -0.2389032344246797
0.6664250132413282 -0.9981034336206968 -0.20526513077924155
0.6702074955145316 -1.046339203356613 -0.16971371068510144
-0.1400236013694301 -0.9885019178856034 0.2999955717835194
-0.03437222386765691 -1.0021575706537151 0.29971811562315476
-0.024217600369055164 -0.946512464935355 0.2833792873899317
-0.07196597737064088 -0.9118620856921191 0.2753486013535025
0.07127915363411627 -1.015813223421827 0.2994406594627901
0.033685400131132304 -0.9255177384602309 0.2750711451931378
-0.024217600369055164 -0.946512464935355 0.2833792873899317
-0.03437222386765691 -1.0021575706537151 0.29971811562315476
-0.003908353371851659 -0.8352222534986348 0.2507016309234855
-0.07196597737064088 -0.9118620856921191 0.2753486013535025
-0.024217600369055164 -0.946512464935355 0.2833792873899317
0.033685400131132304 -0.9255177384602309 0.2750711451931378
-0.2492584590380292 -0.8126967202605864 0.2598435205820431
-0.29517490916165395 -0.9002405869555066 0.2782233368381569
-0.243457806564246 -0.9296610305988722 0.2854807484866111
-0.19464103020372964 -0.9005993190730949 0.27991954618278125
-0.3410913592852787 -0.9877844536504268 0.2966031530942708
-0.24055748032735438 -0.9881431857680151 0.2982993624388951
-0.243457806564246 -0.9296610305988722 0.2854807484866111
-0.29517490916165395 -0.9002405869555066 0.2782233368381569
-0.1400236013694301 -0.9885019178856034 0.2999955717835194
-0.19464103020372964 -0.9005993190730949 0.27991954618278125
-0.243457806564246 -0.9296610305988722 0.2854807484866111
-0.24055748032735438 -0.9881431857680151 0.2982993624388951
-0.7349483350500264 0.2511953071395637 0.2003318960378549
-0.7271901289026366 0.3501595633573692 0.2295202393812771
-0.7828729880586659 0.3404899759642938 0.25162372453488024
-0.8145935207103756 0.2861730541588533 0.24808129543997073
-0.7194319227552466 0.4491238195751748 0.2587085827246993
-0.8068353145629856 0.3851373103766589 0.27726963878339295
-0.7828729880586659 0.3404899759642938 0.25162372453488024
-0.7271901289026366 0.3501595633573692 0.2295202393812771
-0.8942387063707247 0.321150801178143 0.2958306948420866
-0.8145935207103756 0.2861730541588533 0.24808129543997073
-0.7828729880586659 0.3404899759642938 0.25162372453488024
-0.8068353145629856 0.3851373103766589 0.27726963878339295
-0.7674646795155551 -0.4770211766935605 0.2841007851597427
-0.8699991155806424 -0.4985894187614008 0.282950943845944
-0.8621512848175956 -0.555537143056592 0.2850881545808564
-0.8069601514035285 -0.5732268841702673 0.286731680605212
-0.9725335516457297 -0.5201576608292411 0.2818011025321453
-0.9094945874686159 -0.5947951262381077 0.2855818392914133
-0.8621512848175956 -0.555537143056592 0.2850881545808564
-0.8699991155806424 -0.4985894187614008 0.282950943845944
-0.846455623291502 -0.6694325916469742 0.2893625760506813
-0.8069601514035285 -0.5732268841702673 0.286731680605212
-0.8621512848175956 -0.555537143056592 0.2850881545808564
-0.9094945874686159 -0.5947951262381077 0.2855818392914133
-0.8942387063707247 0.321150801178143 0.2958306948420866
-0.9667136859184063 0.3739367174852558 0.2846403326234215
-0.9995233289281272 0.32460571104098784 0.2852745601871134
-0.9796906606591468 0.2735472496652974 0.2911868550782919
-1.039188665466088 0.4267226337923686 0.2734499704047564
-1.0521656402068285 0.32633316597241024 0.2799964928596268
-0.9995233289281272 0.32460571104098784 0.2852745601871134
-0.9667136859184063 0.3739367174852558 0.2846403326234215
-1.065142614947569 0.2259436981524519 0.2865430153144973
-0.9796906606591468 0.2735472496652974 0.2911868550782919
-0.9995233289281272 0.32460571104098784 0.2852745601871134
-1.0521656402068285 0.32633316597241024 0.2799964928596268
1.07786990541737 0.6360876352605992 -0.1634498149546428
1.0409344710967736 0.5574036325646828 -0.22082128386898775
1.004504330579685 0.5841031899061587 -0.2375161345746476
1.0047569774814389 0.636794969924855 -0.21717782547030506
1.003999036776177 0.4787196298687664 -0.2781927527833327
0.9678215431608426 0.5581109672289385 -0.27454929438465003
1.004504330579685 0.5841031899061587 -0.2375161345746476
1.0409344710967736 0.5574036325646828 -0.22082128386898775
0.9316440495455081 0.6375023045891106 -0.2709058359859673
1.0047569774814389 0.636794969924855 -0.21717782547030506
1.004504330579685 0.5841031899061587 -0.2375161345746476
0.9678215431608426 0.5581109672289385 -0.27454929438465003
0.8185376381782947 -0.1588549647123298 0.2497615140619239
0.9066867613630825 -0.17158962618077578 0.27476531362367934
0.9068894748045605 -0.11439308412051725 0.27828252737863496
0.8629162699329056 -0.07942748235616501 0.2675392344752351
0.9948358845478702 -0.1843242876492218 0.2997691131854348
0.9510653931176933 -0.092162143824611 0.29254303403699056
0.9068894748045605 -0.11439308412051725 0.27828252737863496
0.9066867613630825 -0.17158962618077578 0.27476531362367934
0.9072949016875165 -2.222231594468659e-16 0.2853169548885463
0.8629162699329056 -0.07942748235616501 0.2675392344752351
0.9068894748045605 -0.11439308412051725 0.27828252737863496
0.9510653931176933 -0.092162143824611 0.29254303403699056
0.6394469724376254 0.7173675371085692 0.2974533531384823
0.6522389437709832 0.8092647233181127 0.28620795048569625
0.6031018044417972 0.8278099474334945 0.29080413111671516
0.5721372491105252 0.7911339663864134 0.29872492275861773
0.6650309151043411 0.9011619095276562 0.2749625478329102
0.5849292204438832 0.8830311525959569 0.28747952010583167
0.6031018044417972 0.8278099474334945 0.29080413111671516
0.6522389437709832 0.8092647233181127 0.28620795048569625
0.5048275257834252 0.8649003956642577 0.2999964923787531
0.5721372491105252 0.7911339663864134 0.29872492275861773
0.6031018044417972 0.8278099474334945 0.29080413111671516
0.5849292204438832 0.8830311525959569 0.28747952010583167
-0.4538928247135268 -0.8815651822441891 0.2998810356463263
-0.5416833241522064 -0.9262572013065538 0.27771581869576
-0.5163153059169834 -0.9699761455188641 0.2706872396331828
-0.4597360470800321 -0.9694896080938371 0.2782555585771773
-0.629473823590886 -0.9709492203689184 0.2555506017451937
-0.5475265465187117 -1.0141816271562016 0.25609034162661104
-0.5163153059169834 -0.9699761455188641 0.2706872396331828
-0.5416833241522064 -0.9262572013065538 0.27771581869576
-0.4655792694465373 -1.057414033943485 0.2566300815080284
-0.4597360470800321 -0.9694896080938371 0.2782555585771773
-0.5163153059169834 -0.9699761455188641 0.2706872396331828
-0.5475265465187117 -1.0141816271562016 0.25609034162661104
0.5940067295585165 -0.82790612222037 0.2994004801528212
0.6805751590136642 -0.7969191849599718 0.2936931418553922
0.6600828618131468 -0.742933015576371 0.2884065085247525
0.6065524984853143 -0.7314333995147697 0.2886168610081472
0.7671435884688117 -0.7659322476995737 0.2879858035579631
0.6931209279404619 -0.7004464622543716 0.2829095227107181
0.6600828618131468 -0.742933015576371 0.2884065085247525
0.6805751590136642 -0.7969191849599718 0.2936931418553922
0.619098267412112 -0.6349606768091695 0.2778332418634732
0.6065524984853143 -0.7314333995147697 0.2886168610081472
0.6600828618131468 -0.742933015576371 0.2884065085247525
0.6931209279404619 -0.7004464622543716 0.2829095227107181
0.8383580755894142 0.9301119596825209 -0.1624982987537755
0.8344290932426623 0.855440183954703 -0.2139453977377599
0.7857048152610883 0.8547548288068897 -0.2373336779486639
0.7633071674436771 0.8917480390968919 -0.2233042685621237
0.8305001108959104 0.7807684082268851 -0.2653924967217443
0.7593781850969252 0.817076263369074 -0.27475136754610807
0.7857048152610883 0.8547548288068897 -0.2373336779486639
0.8344290932426623 0.855440183954703 -0.2139453977377599
0.68825625929794 0.8533841185112631 -0.2841102383704719
0.7633071674436771 0.8917480390968919 -0.2233042685621237
0.7857048152610883 0.8547548288068897 -0.2373336779486639
0.7593781850969252 0.817076263369074 -0.27475136754610807
-0.8253787977011056 0.6410983280336954 0.2965889209467713
-0.8612390877039431 0.5651809523263407 0.2978962809022141
-0.8139700327210443 0.5264952414092854 0.2848337148430425
-0.7724053602281761 0.5451110738044351 0.27764875183573534
-0.8970993777067807 0.4892635766189861 0.2992036408576568
-0.8082656502310137 0.46919369809708045 0.2789561117911781
-0.8139700327210443 0.5264952414092854 0.2848337148430425
-0.8612390877039431 0.5651809523263407 0.2978962809022141
-0.7194319227552466 0.4491238195751748 0.2587085827246993
-0.7724053602281761 0.5451110738044351 0.27764875183573534
-0.8139700327210443 0.5264952414092854 0.2848337148430425
-0.8082656502310137 0.46919369809708045 0.2789561117911781
0.2630940659409104 1.025813213252285 0.2941382587666841
0.17266821957938075 1.076117140214229 0.2823933820767875
0.14550707584663558 1.02649620455644 0.28563827388869717
0.17713942716102782 0.9765337732465735 0.2931331581396003
0.08224237321785109 1.126421067176173 0.2706485053868909
0.08671358079949816 1.0268377002085174 0.28138828144970374
0.14550707584663558 1.02649620455644 0.28563827388869717
0.17266821957938075 1.076117140214229 0.2823933820767875
0.09118478838114523 0.9272543332408619 0.2921280575125165
0.17713942716102782 0.9765337732465735 0.2931331581396003
0.14550707584663558 1.02649620455644 0.28563827388869717
0.08671358079949816 1.0268377002085174 0.28138828144970374
1.012158055877062 -0.497535151227683 -0.2714018502108294
0.9838114267998249 -0.5863802889882073 -0.2593014661801738
0.9369125114113466 -0.5949057995292434 -0.271892506679927
0.9276363682557258 -0.5547459859194992 -0.2842382189451314
0.9554647977225879 -0.6752254267487314 -0.2472010821495182
0.8992897391784888 -0.6435911236800234 -0.2721378349144758
0.9369125114113466 -0.5949057995292434 -0.271892506679927
0.9838114267998249 -0.5863802889882073 -0.2593014661801738
0.8431146806343897 -0.6119568206113154 -0.2970745876794334
0.9276363682557258 -0.5547459859194992 -0.2842382189451314
0.9369125114113466 -0.5949057995292434 -0.271892506679927
0.8992897391784888 -0.6435911236800234 -0.2721378349144758
0.6988779473471258 0.1574894324508977 -0.09784048587699964
0.7021312633537032 0.1428280020564913 0.000762568309895871
0.6851801838792854 0.1899199352684872 0.02679180585701535
0.6750779861387877 0.22079661707168835 -0.009495102462872669
0.7053845793602807 0.1281665716620849 0.09936562249679139
0.678331302145365 0.20613518667728195 0.08910795172402285
0.6851801838792854 0.1899199352684872 0.02679180585701535
0.7021312633537032 0.1428280020564913 0.000762568309895871
0.6512780249304494 0.284103801692479 0.0788502809512543
0.6750779861387877 0.22079661707168835 -0.009495102462872669
0.6851801838792854 0.1899199352684872 0.02679180585701535
0.678331302145365 0.20613518667728195 0.08910795172402285
0.6663692774305443 0.4838733253431507 -0.2425984320143526
0.7033194457716578 0.4016525727678316 -0.23582012121578289
0.675561719018322 0.38543764589227836 -0.18686618804848518
0.6432077714710973 0.4184405587421613 -0.16577837686412114
0.7402696141127714 0.3194318201925125 -0.2290418104172132
0.6801579398122108 0.3362198061668422 -0.15900006606555145
0.675561719018322 0.38543764589227836 -0.18686618804848518
0.7033194457716578 0.4016525727678316 -0.23582012121578289
0.6200462655116502 0.3530077921411719 -0.08895832171388969
0.6432077714710973 0.4184405587421613 -0.16577837686412114
0.675561719018322 0.38543764589227836 -0.18686618804848518
0.6801579398122108 0.3362198061668422 -0.15900006606555145
0.1994250295794106 -1.103206139699922 -0.2744779538581457
0.10690178861732584 -1.1049544011827095 -0.2774126199762519
0.11196851637835152 -1.0516761377130746 -0.2837055396438364
0.16076350073990675 -1.0241628752368634 -0.2853846664185755
0.01437854765524108 -1.106702662665497 -0.2803472860943581
0.06824025977782198 -1.025911136719651 -0.28831933253668174
0.11196851637835152 -1.0516761377130746 -0.2837055396438364
0.10690178861732584 -1.1049544011827095 -0.2774126199762519
0.1221019719004029 -0.945119610773805 -0.2962913789790053
0.16076350073990675 -1.0241628752368634 -0.2853846664185755
0.11196851637835152 -1.0516761377130746 -0.2837055396438364
0.06824025977782198 -1.025911136719651 -0.28831933253668174
0.08224237321785109 1.126421067176173 0.2706485053868909
-0.0066420669747687955 1.134705909945307 0.2660894565138404
-0.03521319074180142 1.0869413144238775 0.2773827199277948
-0.0050565325290077845 1.0589165952785957 0.28530887607129723
-0.09552650716738868 1.142990752714441 0.26153040764079
-0.09394097272162767 1.0672014380477297 0.2807498271982468
-0.03521319074180142 1.0869413144238775 0.2773827199277948
-0.0066420669747687955 1.134705909945307 0.2660894565138404
-0.09235543827586666 0.9914121233810186 0.2999692467557036
-0.0050565325290077845 1.0589165952785957 0.28530887607129723
-0.03521319074180142 1.0869413144238775 0.2773827199277948
-0.09394097272162767 1.0672014380477297 0.2807498271982468
-0.2610605614444126 0.903498453398201 0.2940319749536634
-0.3291302197477708 0.8646224419261267 0.2910611762124242
-0.30361276714397634 0.8182635482716951 0.25754335970647474
-0.2568192116904 0.8145221071805164 0.24226985082411956
-0.397199878051129 0.8257464304540524 0.288090377471185
-0.3248888699937582 0.7756460957084421 0.23929905208288033
-0.30361276714397634 0.8182635482716951 0.25754335970647474
-0.3291302197477708 0.8646224419261267 0.2910611762124242
-0.2525778619363875 0.7255457609628319 0.1905077266945757
-0.2568192116904 0.8145221071805164 0.24226985082411956
-0.30361276714397634 0.8182635482716951 0.25754335970647474
-0.3248888699937582 0.7756460957084421 0.23929905208288033
-1.025022002279302 -0.7217333373319552 -0.1602363239556137
-1.073434718025923 -0.6405652032941715 -0.16026862789953172
-1.0358295995074698 -0.6108453417683236 -0.2001888554711674
-0.9928206823749327 -0.6365694780242915 -0.22013281728502626
-1.121847433772544 -0.5593970692563878 -0.1603009318434497
-1.0412333981215536 -0.5554013439865078 -0.22016512122894427
-1.0358295995074698 -0.6108453417683236 -0.2001888554711674
-1.073434718025923 -0.6405652032941715 -0.16026862789953172
-0.9606193624705635 -0.5514056187166279 -0.2800293106144388
-0.9928206823749327 -0.6365694780242915 -0.22013281728502626
-1.0358295995074698 -0.6108453417683236 -0.2001888554711674
-1.0412333981215536 -0.5554013439865078 -0.22016512122894427
-0.3410913592852787 -0.9877844536504268 0.2966031530942708
-0.40333531436590797 -1.022599243796956 0.2766166173011496
-0.35685934623834265 -1.0517095650002675 0.2727001717388075
-0.3024993846342453 -1.0488573305286584 0.28073521685419706
-0.4655792694465373 -1.057414033943485 0.2566300815080284
-0.36474333971487466 -1.0836721206751876 0.26074868106107585
-0.35685934623834265 -1.0517095650002675 0.2727001717388075
-0.40333531436590797 -1.022599243796956 0.2766166173011496
-0.263907409983212 -1.10993020740689 0.2648672806141233
-0.3024993846342453 -1.0488573305286584 0.28073521685419706
-0.35685934623834265 -1.0517095650002675 0.2727001717388075
-0.36474333971487466 -1.0836721206751876 0.26074868106107585
0.8815695884728612 -0.3333922023243791 0.2944389615708233
0.9703263115693196 -0.35759834531190116 0.2833937262694113
0.9784961692288364 -0.299840326091008 0.2888521885747524
0.9382027365103657 -0.25885824498680043 0.29710403737812907
1.059083034665778 -0.3818044882994232 0.2723484909679993
1.026959459606824 -0.2830643879743225 0.2860588020767171
0.9784961692288364 -0.299840326091008 0.2888521885747524
0.9703263115693196 -0.35759834531190116 0.2833937262694113
0.9948358845478702 -0.1843242876492218 0.2997691131854348
0.9382027365103657 -0.25885824498680043 0.29710403737812907
0.9784961692288364 -0.299840326091008 0.2888521885747524
1.026959459606824 -0.2830643879743225 0.2860588020767171
0.3033379098606331 1.200991022422882 -0.1817121277210758
0.2294942029354297 1.2355397373816335 -0.14523706433801292
0.23549894926164391 1.249100096919726 -0.0968247095586753
0.2754231758873527 1.2386059192093963 -0.09085606386053795
0.1556504960102263 1.270088452340385 -0.10876200095495
0.2015794689621493 1.2731546341681481 -0.05438100047747504
0.23549894926164391 1.249100096919726 -0.0968247095586753
0.2294942029354297 1.2355397373816335 -0.14523706433801292
0.2475084419140723 1.276220815995911 -7.347880794884119e-17
0.2754231758873527 1.2386059192093963 -0.09085606386053795
0.23549894926164391 1.249100096919726 -0.0968247095586753
0.2015794689621493 1.2731546341681481 -0.05438100047747504
0.5734206268413365 0.5539097867683418 0.221127674512252
0.606433799639481 0.6356386619384555 0.25929051382536716
0.5511014190449307 0.654900830445487 0.25322700356551103
0.5069286423485834 0.6236674771139457 0.2311138287790254
0.6394469724376254 0.7173675371085692 0.2974533531384823
0.5399418151467278 0.7053963522840594 0.26927666809214057
0.5511014190449307 0.654900830445487 0.25322700356551103
0.606433799639481 0.6356386619384555 0.25929051382536716
0.4404366578558302 0.6934251674595496 0.2410999830457988
0.5069286423485834 0.6236674771139457 0.2311138287790254
0.5511014190449307 0.654900830445487 0.25322700356551103
0.5399418151467278 0.7053963522840594 0.26927666809214057
-0.8404303625155187 -0.07577920309285134 0.2561523093638805
-0.9263583582347804 -0.02048389190456572 0.27793774371086094
-0.9614523472386186 -0.061788886070031246 0.28432120410628675
-0.9360353438809068 -0.11008903874690681 0.27662021713050944
-1.012286353954042 0.0348114192837199 0.2997231780578414
-1.0219633396001684 -0.054793727558621205 0.2984056514774899
-0.9614523472386186 -0.061788886070031246 0.28432120410628675
-0.9263583582347804 -0.02048389190456572 0.27793774371086094
-1.031640325246295 -0.1443988744009623 0.2970881248971383
-0.9360353438809068 -0.11008903874690681 0.27662021713050944
-0.9614523472386186 -0.061788886070031246 0.28432120410628675
-1.0219633396001684 -0.054793727558621205 0.2984056514774899
-0.403636361265154 -0.9029806469473934 -0.2998015051296479
-0.4503016908935482 -0.9867712643872888 -0.26979274495006045
-0.5025240889542558 -0.9778980644124969 -0.26901037363411767
-0.5053026231704125 -0.9315661557051536 -0.28362356806594
-0.4969670205219424 -1.070561881827184 -0.239783984770473
-0.5519679527988066 -1.0153567731450488 -0.25361480788635254
-0.5025240889542558 -0.9778980644124969 -0.26901037363411767
-0.4503016908935482 -0.9867712643872888 -0.26979274495006045
-0.6069688850756709 -0.9601516644629136 -0.2674456310022321
-0.5053026231704125 -0.9315661557051536 -0.28362356806594
-0.5025240889542558 -0.9778980644124969 -0.26901037363411767
-0.5519679527988066 -1.0153567731450488 -0.25361480788635254
0.6481159716852662 -0.6854784088366263 -0.2946053682364843
0.7341618236990773 -0.7354735115781001 -0.2810926309709739
0.7090612320310253 -0.7908596391016882 -0.2795177443031565
0.6534880101900938 -0.7935551514927452 -0.285486669602003
0.8202076757128884 -0.785468614319574 -0.2675798937054636
0.7395338622039049 -0.8435502542342191 -0.27197393233649264
0.7090612320310253 -0.7908596391016882 -0.2795177443031565
0.7341618236990773 -0.7354735115781001 -0.2810926309709739
0.6588600486949214 -0.9016318941488642 -0.2763679709675217
0.6534880101900938 -0.7935551514927452 -0.285486669602003
0.7090612320310253 -0.7908596391016882 -0.2795177443031565
0.7395338622039049 -0.8435502542342191 -0.27197393233649264
0.8539018322078697 -0.920318886559346 -0.1573189985600321
0.8370547539603791 -0.85289375043946 -0.21244944613274785
0.8823567748756426 -0.8333469305494289 -0.19377930029203405
0.9134313244570196 -0.8572860886643565 -0.15687900358531925
0.8202076757128884 -0.785468614319574 -0.2675798937054636
0.896584246209529 -0.7898609525444704 -0.212009451158035
0.8823567748756426 -0.8333469305494289 -0.19377930029203405
0.8370547539603791 -0.85289375043946 -0.21244944613274785
0.9729608167061695 -0.7942532907693669 -0.1564390086106064
0.9134313244570196 -0.8572860886643565 -0.15687900358531925
0.8823567748756426 -0.8333469305494289 -0.19377930029203405
0.896584246209529 -0.7898609525444704 -0.212009451158035
0.991554814173652 0.1637109918094082 -0.2999586843119673
1.03835609401061 0.24702907384111555 -0.2841028773526112
1.0830666740905337 0.21814059586092352 -0.2685382970895611
1.0820213242120165 0.16203731585497386 -0.26868391043771417
1.085157373847568 0.3303471558728229 -0.268247070393255
1.1288226040489744 0.2453553978866812 -0.252828103478358
1.0830666740905337 0.21814059586092352 -0.2685382970895611
1.03835609401061 0.24702907384111555 -0.2841028773526112
1.172487834250381 0.1603636399005395 -0.237409136563461
1.0820213242120165 0.16203731585497386 -0.26868391043771417
1.0830666740905337 0.21814059586092352 -0.2685382970895611
1.1288226040489744 0.2453553978866812 -0.252828103478358
0.7448547383499101 -0.4740053810223188 0.2761966245926917
0.8386952465300066 -0.4953989611951594 0.2844052111451073
0.8529866938442915 -0.4413967082382326 0.28774979462034594
0.8132121634113856 -0.403698791673349 0.2853177930817575
0.9325357547101031 -0.516792541368 0.2926137976975229
0.9070526715914822 -0.42509237184618953 0.29352637963417305
0.8529866938442915 -0.4413967082382326 0.28774979462034594
0.8386952465300066 -0.4953989611951594 0.2844052111451073
0.8815695884728612 -0.3333922023243791 0.2944389615708233
0.8132121634113856 -0.403698791673349 0.2853177930817575
0.8529866938442915 -0.4413967082382326 0.28774979462034594
0.9070526715914822 -0.42509237184618953 0.29352637963417305
0.833540266974542 0.4666820235638303 -0.2966498492786622
0.7869049405436567 0.39305692187817143 -0.2628458298479377
0.7467263861726193 0.4233290563664978 -0.25609669723674267
0.7499547722025431 0.4752776744534905 -0.2696241406465074
0.7402696141127714 0.3194318201925125 -0.2290418104172132
0.7033194457716578 0.4016525727678316 -0.23582012121578289
0.7467263861726193 0.4233290563664978 -0.25609669723674267
0.7869049405436567 0.39305692187817143 -0.2628458298479377
0.6663692774305443 0.4838733253431507 -0.2425984320143526
0.7499547722025431 0.4752776744534905 -0.2696241406465074
0.7467263861726193 0.4233290563664978 -0.25609669723674267
0.7033194457716578 0.4016525727678316 -0.23582012121578289
1.092705098312482 -2.676355602120751e-16 -0.2853169548885466
1.042129956243067 0.08185549590470396 -0.2926378196002569
1.085582582245505 0.10802487723664915 -0.2742282585879916
1.1325964662814316 0.08018181995026961 -0.2613630457260038
0.991554814173652 0.1637109918094082 -0.2999586843119673
1.0820213242120165 0.16203731585497386 -0.26868391043771417
1.085582582245505 0.10802487723664915 -0.2742282585879916
1.042129956243067 0.08185549590470396 -0.2926378196002569
1.172487834250381 0.1603636399005395 -0.237409136563461
1.1325964662814316 0.08018181995026961 -0.2613630457260038
1.085582582245505 0.10802487723664915 -0.2742282585879916
1.0820213242120165 0.16203731585497386 -0.26868391043771417
0.8425174578886259 0.4181219617812107 0.2940534395782373
0.7885564929346427 0.344925438922372 0.25072789841995635
0.8289509479968391 0.3208893933591917 0.26574005882254736
0.8761286580049288 0.34546963200702097 0.2949089096029833
0.7345955279806594 0.2717289160635333 0.2074023572616754
0.8221676930509456 0.27227310914818226 0.2515833684447024
0.8289509479968391 0.3208893933591917 0.26574005882254736
0.7885564929346427 0.344925438922372 0.25072789841995635
0.9097398581212318 0.2728173022328312 0.2957643796277294
0.8761286580049288 0.34546963200702097 0.2949089096029833
0.8289509479968391 0.3208893933591917 0.26574005882254736
0.8221676930509456 0.27227310914818226 0.2515833684447024
-0.9071783296462923 0.8616885268125027 -0.164021147607268
-0.8932848681789518 0.7741774020993369 -0.22040130578734524
-0.9389057249886772 0.75497286807007 -0.19968902307714562
-0.9686628841272101 0.7891261634120195 -0.16114280263200714
-0.8793914067116114 0.6866662773861711 -0.2767814639674225
-0.9547694226598697 0.7016150386988538 -0.2175229608120844
-0.9389057249886772 0.75497286807007 -0.19968902307714562
-0.8932848681789518 0.7741774020993369 -0.22040130578734524
-1.030147438608128 0.7165638000115363 -0.1582644576567463
-0.9686628841272101 0.7891261634120195 -0.16114280263200714
-0.9389057249886772 0.75497286807007 -0.19968902307714562
-0.9547694226598697 0.7016150386988538 -0.2175229608120844
-0.09235543827586666 0.9914121233810186 0.2999692467557036
-0.18435944685549685 1.032046492477377 0.2899833733966034
-0.20992648505180211 0.9891971461176516 0.2913329072489567
-0.17670799986013963 0.9474552883896098 0.2970006108546835
-0.276363455435127 1.072680861573735 0.2799975000375032
-0.26871200843976983 0.9880896574859681 0.28701473749558326
-0.20992648505180211 0.9891971461176516 0.2913329072489567
-0.18435944685549685 1.032046492477377 0.2899833733966034
-0.2610605614444126 0.903498453398201 0.2940319749536634
-0.17670799986013963 0.9474552883896098 0.2970006108546835
-0.20992648505180211 0.9891971461176516 0.2913329072489567
-0.26871200843976983 0.9880896574859681 0.28701473749558326
0.7002551292230516 -0.1633834243176522 0.1052345975514775
0.7084990875003744 -0.23732846820775383 0.1553563694159613
0.7451786043930145 -0.21117063370927913 0.18682475096461548
0.7593963837006732 -0.16111919451499102 0.1774980558067007
0.7167430457776972 -0.3112735120978554 0.2054781412804451
0.767640341977996 -0.2350642384050926 0.2276198276711845
0.7451786043930145 -0.21117063370927913 0.18682475096461548
0.7084990875003744 -0.23732846820775383 0.1553563694159613
0.8185376381782947 -0.1588549647123298 0.2497615140619239
0.7593963837006732 -0.16111919451499102 0.1774980558067007
0.7451786043930145 -0.21117063370927913 0.18682475096461548
0.767640341977996 -0.2350642384050926 0.2276198276711845
0.4850608632967023 -1.073022624461871 0.2418063880725559
0.5026872677222005 -1.1168394826084946 0.1842371652251935
0.5615880715462555 -1.0942593428635694 0.17816629290932684
0.5822252712455338 -1.061060843917795 0.2039154681750747
0.5203136721476989 -1.160656340755118 0.1266679423778311
0.5998516756710321 -1.1048777020644185 0.1463462453277123
0.5615880715462555 -1.0942593428635694 0.17816629290932684
0.5026872677222005 -1.1168394826084946 0.1842371652251935
0.6793896791943654 -1.049099063373719 0.1660245482775935
0.5822252712455338 -1.061060843917795 0.2039154681750747
0.5615880715462555 -1.0942593428635694 0.17816629290932684
0.5998516756710321 -1.1048777020644185 0.1463462453277123
-0.7227884427904074 0.6124202916258691 -0.2953447441567809
-0.6657103013984724 0.6635179066075056 -0.29450483931265187
-0.6313033511587919 0.6272892153108888 -0.26777828220808225
-0.6426389467349192 0.5836260621717619 -0.2548349560778619
-0.6086321600065375 0.7146155215891422 -0.2936649344685228
-0.5855608053429842 0.6347236771533986 -0.2539950512337329
-0.6313033511587919 0.6272892153108888 -0.26777828220808225
-0.6657103013984724 0.6635179066075056 -0.29450483931265187
-0.5624894506794309 0.5548318327176549 -0.2143251679989429
-0.6426389467349192 0.5836260621717619 -0.2548349560778619
-0.6313033511587919 0.6272892153108888 -0.26777828220808225
-0.5855608053429842 0.6347236771533986 -0.2539950512337329
-0.3356945217809917 -1.056980382618637 -0.279494714682284
-0.41633077115146705 -1.0637711322229104 -0.2596393497263785
-0.4120993011893627 -1.010174303797738 -0.2730267348608016
-0.36966544152307285 -0.9799805147830152 -0.28964810990596596
-0.4969670205219424 -1.070561881827184 -0.239783984770473
-0.4503016908935482 -0.9867712643872888 -0.26979274495006045
-0.4120993011893627 -1.010174303797738 -0.2730267348608016
-0.41633077115146705 -1.0637711322229104 -0.2596393497263785
-0.403636361265154 -0.9029806469473934 -0.2998015051296479
-0.36966544152307285 -0.9799805147830152 -0.28964810990596596
-0.4120993011893627 -1.010174303797738 -0.2730267348608016
-0.4503016908935482 -0.9867712643872888 -0.26979274495006045
0.5112832989675 1.14051241517322 -0.1660245482776514
0.5344500294828457 1.066851136441381 -0.2159351180639127
0.4846362459971882 1.0535015007420268 -0.2386295262860559
0.4481459889966866 1.083657322258269 -0.22502144550399686
0.5576167599981914 0.9931898577095422 -0.265845687850174
0.4713127195120323 1.0099960435264301 -0.2749320152902581
0.4846362459971882 1.0535015007420268 -0.2386295262860559
0.5344500294828457 1.066851136441381 -0.2159351180639127
0.3850086790258732 1.026802229343318 -0.2840183427303423
0.4481459889966866 1.083657322258269 -0.22502144550399686
0.4846362459971882 1.0535015007420268 -0.2386295262860559
0.4713127195120323 1.0099960435264301 -0.2749320152902581
0.2020004878218286 1.031238271620693 -0.2956614415035926
0.25266919884123085 1.1161146470217873 -0.2386867846123342
0.2967823589027783 1.0863438411289643 -0.2537973039850036
0.2935045834238509 1.0290202504820054 -0.2898398921169675
0.3033379098606331 1.200991022422882 -0.1817121277210758
0.3441732944432532 1.1138966258831 -0.23286523522570907
0.2967823589027783 1.0863438411289643 -0.2537973039850036
0.25266919884123085 1.1161146470217873 -0.2386867846123342
0.3850086790258732 1.026802229343318 -0.2840183427303423
0.2935045834238509 1.0290202504820054 -0.2898398921169675
0.2967823589027783 1.0863438411289643 -0.2537973039850036
0.3441732944432532 1.1138966258831 -0.23286523522570907
0.7572949016875148 -1.854837554724449e-16 -0.1763355756877406
0.7280864245173203 0.07874471622544875 -0.13708803078237014
0.758236829070202 0.1054481323880429 -0.17464585854175219
0.7879162699317399 0.07942748235661551 -0.21304854487412844
0.6988779473471258 0.1574894324508977 -0.09784048587699964
0.7587077927615454 0.15817219858206444 -0.17380099996875797
0.758236829070202 0.1054481323880429 -0.17464585854175219
0.7280864245173203 0.07874471622544875 -0.13708803078237014
0.818537638175965 0.1588549647132312 -0.2497615140605163
0.7879162699317399 0.07942748235661551 -0.21304854487412844
0.758236829070202 0.1054481323880429 -0.17464585854175219
0.7587077927615454 0.15817219858206444 -0.17380099996875797
0.7572949016875162 -1.854837554724452e-16 0.1763355756877425
0.7287750154552839 -0.0816917121588262 0.14078508661961
0.7586958896962875 -0.1074127963433274 0.17711056243371462
0.7879162699329054 -0.079427482356165 0.2130485448748332
0.7002551292230516 -0.1633834243176522 0.1052345975514775
0.7593963837006732 -0.16111919451499102 0.1774980558067007
0.7586958896962875 -0.1074127963433274 0.17711056243371462
0.7287750154552839 -0.0816917121588262 0.14078508661961
0.8185376381782947 -0.1588549647123298 0.2497615140619239
0.7879162699329054 -0.079427482356165 0.2130485448748332
0.7586958896962875 -0.1074127963433274 0.17711056243371462
0.7593963837006732 -0.16111919451499102 0.1774980558067007
-0.7942485011295782 -0.4451610205078597 -0.2863365950339039
-0.8774339318000708 -0.4982833196122438 -0.2831829528241714
-0.9102267763138161 -0.44252868088531255 -0.28827290490465435
-0.8850304832354424 -0.3880902119696548 -0.29239470204976203
-0.9606193624705635 -0.5514056187166279 -0.2800293106144388
-0.968215913905935 -0.4412125110740389 -0.2892410598400295
-0.9102267763138161 -0.44252868088531255 -0.28827290490465435
-0.8774339318000708 -0.4982833196122438 -0.2831829528241714
-0.9758124653413066 -0.3310194034314499 -0.2984528090656202
-0.8850304832354424 -0.3880902119696548 -0.29239470204976203
-0.9102267763138161 -0.44252868088531255 -0.28827290490465435
-0.968215913905935 -0.4412125110740389 -0.2892410598400295
0.619098267412112 -0.6349606768091695 0.2778332418634732
0.6819765028810111 -0.5544830289157441 0.27701493322808246
0.6546164754738899 -0.5218424947812244 0.24185213503998018
0.6094973440358799 -0.5457610516606772 0.2246798902636244
0.7448547383499101 -0.4740053810223188 0.2761966245926917
0.6723755795047789 -0.4652834037672519 0.22386158162823364
0.6546164754738899 -0.5218424947812244 0.24185213503998018
0.6819765028810111 -0.5544830289157441 0.27701493322808246
0.5998964206596477 -0.456561426512185 0.1715265386637756
0.6094973440358799 -0.5457610516606772 0.2246798902636244
0.6546164754738899 -0.5218424947812244 0.24185213503998018
0.6723755795047789 -0.4652834037672519 0.22386158162823364
1.23941530967141 0.3922367781737494 -7.347880794884119e-17
1.199337171631142 0.42973007222958487 -0.083012274139492
1.187896522437219 0.47876531122873883 -0.055341516092994696
1.2022152668603914 0.48453628370039803 -7.347880794884119e-17
1.159259033590874 0.4672233662854203 -0.1660245482789839
1.1621371288201234 0.5220295777562335 -0.083012274139492
1.187896522437219 0.47876531122873883 -0.055341516092994696
1.199337171631142 0.42973007222958487 -0.083012274139492
1.165015224049373 0.5768357892270467 -7.347880794884119e-17
1.2022152668603914 0.48453628370039803 -7.347880794884119e-17
1.187896522437219 0.47876531122873883 -0.055341516092994696
1.1621371288201234 0.5220295777562335 -0.083012274139492
1.23941530967141 -0.3922367781737501 -7.347880794884119e-17
1.1993371716315995 -0.4297300722297702 0.0830122741387492
1.1878965224375237 -0.4787653112288628 0.05534151609249944
1.202215266860391 -0.48453628370039903 -7.347880794884119e-17
1.159259033591789 -0.4672233662857903 0.1660245482774985
1.1621371288205804 -0.5220295777564192 0.0830122741387492
1.1878965224375237 -0.4787653112288628 0.05534151609249944
1.1993371716315995 -0.4297300722297702 0.0830122741387492
1.165015224049372 -0.576835789227048 -7.347880794884119e-17
1.202215266860391 -0.48453628370039903 -7.347880794884119e-17
1.1878965224375237 -0.4787653112288628 0.05534151609249944
1.1621371288205804 -0.5220295777564192 0.0830122741387492
0.3850086790258732 1.026802229343318 -0.2840183427303423
0.4713127195120323 1.0099960435264301 -0.2749320152902581
0.4754621984516239 0.9547591566444041 -0.2828839441721081
0.4343849176783402 0.9355438061118351 -0.29140307233307516
0.5576167599981914 0.9931898577095422 -0.265845687850174
0.5206889581644993 0.9187376202949471 -0.28231674489299097
0.4754621984516239 0.9547591566444041 -0.2828839441721081
0.4713127195120323 1.0099960435264301 -0.2749320152902581
0.4837611563308072 0.8442853828803522 -0.298787801935808
0.4343849176783402 0.9355438061118351 -0.29140307233307516
0.4754621984516239 0.9547591566444041 -0.2828839441721081
0.5206889581644993 0.9187376202949471 -0.28231674489299097
1.080394716610322 -0.6389082404169869 -0.1577571061472756
1.1225059423264585 -0.5544377091771482 -0.15719202886266825
1.136675702900763 -0.5619037358604482 -0.10479468590844553
1.122704970329847 -0.6078720148220175 -0.07887855307363784
1.164617168042595 -0.4699671779373095 -0.1566269515780609
1.1648161960459835 -0.5234014835821788 -0.07831347578903049
1.136675702900763 -0.5619037358604482 -0.10479468590844553
1.1225059423264585 -0.5544377091771482 -0.15719202886266825
1.165015224049372 -0.576835789227048 -7.347880794884119e-17
1.122704970329847 -0.6078720148220175 -0.07887855307363784
1.136675702900763 -0.5619037358604482 -0.10479468590844553
1.1648161960459835 -0.5234014835821788 -0.07831347578903049
0.566013150509514 0.4312556468925192 0.08256164940005728
0.6086455877199817 0.3576797242924991 0.08070596517565579
0.6307249019549319 0.37650712046570023 0.12581174761083624
0.6204483404671731 0.4227087798523109 0.14929248094062725
0.6512780249304494 0.284103801692479 0.0788502809512543
0.6630807776776408 0.3491328572522908 0.14743679671622575
0.6307249019549319 0.37650712046570023 0.12581174761083624
0.6086455877199817 0.3576797242924991 0.08070596517565579
0.6748835304248323 0.4141619128121026 0.2160233124811972
0.6204483404671731 0.4227087798523109 0.14929248094062725
0.6307249019549319 0.37650712046570023 0.12581174761083624
0.6630807776776408 0.3491328572522908 0.14743679671622575
0.3166168428240649 0.6281617336989078 -0.04532668515477409
0.37571907119316783 0.5987767933868304 0.026300714115530303
0.3425536146591035 0.6258452904698376 0.06373939004314934
0.2964197722075198 0.65407200916738 0.04664502837180666
0.4348212995622707 0.5693918530747532 0.0979281133858347
0.35552200057662275 0.6246870688553026 0.11827242764211104
0.3425536146591035 0.6258452904698376 0.06373939004314934
0.37571907119316783 0.5987767933868304 0.026300714115530303
0.2762227015909748 0.6799822846358521 0.1386167418983874
0.2964197722075198 0.65407200916738 0.04664502837180666
0.3425536146591035 0.6258452904698376 0.06373939004314934
0.35552200057662275 0.6246870688553026 0.11827242764211104
1.074351696557307 0.6387077681361661 0.1660245482742163
1.1193172370269735 0.5507371514290129 0.16371530392954575
1.1345498993677732 0.5594366973616909 0.10914353595303049
1.11968346030334 0.6077717786816064 0.08301227413710811
1.16428277749664 0.4627665347218596 0.1614060595848752
1.1646490007730064 0.5198011619744531 0.08070302979243756
1.1345498993677732 0.5594366973616909 0.10914353595303049
1.1193172370269735 0.5507371514290129 0.16371530392954575
1.165015224049373 0.5768357892270467 -7.347880794884119e-17
1.11968346030334 0.6077717786816064 0.08301227413710811
1.1345498993677732 0.5594366973616909 0.10914353595303049
1.1646490007730064 0.5198011619744531 0.08070302979243756
0.4348212995622707 0.5693918530747532 0.0979281133858347
0.5004172250358924 0.5003237499836362 0.09024488139294598
0.5247516923043737 0.5181857622452047 0.1338724790993813
0.5041209632018037 0.5616508199215475 0.15952789394904335
0.566013150509514 0.4312556468925192 0.08256164940005728
0.5697168886754252 0.49258271683043053 0.15184466195615465
0.5247516923043737 0.5181857622452047 0.1338724790993813
0.5004172250358924 0.5003237499836362 0.09024488139294598
0.5734206268413365 0.5539097867683418 0.221127674512252
0.5041209632018037 0.5616508199215475 0.15952789394904335
0.5247516923043737 0.5181857622452047 0.1338724790993813
0.5697168886754252 0.49258271683043053 0.15184466195615465
0.566013150509514 0.4312556468925192 0.08256164940005728
0.6204483404671731 0.4227087798523109 0.14929248094062725
0.6047724359252276 0.46644244882432123 0.17323754546450218
0.5697168886754252 0.49258271683043053 0.15184466195615465
0.6748835304248323 0.4141619128121026 0.2160233124811972
0.6241520786330844 0.4840358497902222 0.2185754934967246
0.6047724359252276 0.46644244882432123 0.17323754546450218
0.6204483404671731 0.4227087798523109 0.14929248094062725
0.5734206268413365 0.5539097867683418 0.221127674512252
0.5697168886754252 0.49258271683043053 0.15184466195615465
0.6047724359252276 0.46644244882432123 0.17323754546450218
0.6241520786330844 0.4840358497902222 0.2185754934967246
0.7579108953916528 0.6440733692061125 -0.2999516696305128
0.7121400864110985 0.5639733472746316 -0.2712750508224327
0.664344609608495 0.5975614808315881 -0.27173255067505997
0.6633322756974703 0.6544055585758068 -0.28629961000541365
0.6663692774305443 0.4838733253431507 -0.2425984320143526
0.617561466716916 0.5743055366443259 -0.25762299119733356
0.664344609608495 0.5975614808315881 -0.27173255067505997
0.7121400864110985 0.5639733472746316 -0.2712750508224327
0.5687536560032879 0.6647377479455011 -0.2726475503803145
0.6633322756974703 0.6544055585758068 -0.28629961000541365
0.664344609608495 0.5975614808315881 -0.27173255067505997
0.617561466716916 0.5743055366443259 -0.25762299119733356
0.7579108953916528 0.6440733692061125 -0.2999516696305128
0.7957255811830974 0.5553776963849714 -0.2983007594545875
0.7526068132655798 0.5315429060376978 -0.2797333169745092
0.7121400864110985 0.5639733472746316 -0.2712750508224327
0.833540266974542 0.4666820235638303 -0.2966498492786622
0.7499547722025431 0.4752776744534905 -0.2696241406465074
0.7526068132655798 0.5315429060376978 -0.2797333169745092
0.7957255811830974 0.5553776963849714 -0.2983007594545875
0.6663692774305443 0.4838733253431507 -0.2425984320143526
0.7121400864110985 0.5639733472746316 -0.2712750508224327
0.7526068132655798 0.5315429060376978 -0.2797333169745092
0.7499547722025431 0.4752776744534905 -0.2696241406465074
1.063308168996733 -0.7479142582842077 -7.347880794884119e-17
1.0718514428035275 -0.6934112493505973 -0.07887855307363784
1.1029060365521424 -0.6545527626427475 -0.052585702049091916
1.1141616965230525 -0.6623750237556278 -7.347880794884119e-17
1.080394716610322 -0.6389082404169869 -0.1577571061472756
1.122704970329847 -0.6078720148220175 -0.07887855307363784
1.1029060365521424 -0.6545527626427475 -0.052585702049091916
1.0718514428035275 -0.6934112493505973 -0.07887855307363784
1.165015224049372 -0.576835789227048 -7.347880794884119e-17
1.1141616965230525 -0.6623750237556278 -7.347880794884119e-17
1.1029060365521424 -0.6545527626427475 -0.052585702049091916
1.122704970329847 -0.6078720148220175 -0.07887855307363784
1.063308168996734 0.7479142582842058 -7.347880794884119e-17
1.016151745718825 0.7716274901765154 -0.08013404202080654
0.989660521039558 0.8149057437943146 -0.05342269468053772
0.9999931203388792 0.8246882546570594 -7.347880794884119e-17
0.9689953224409157 0.795340722068825 -0.160268084041613
0.95283669706097 0.848401486549369 -0.08013404202080654
0.989660521039558 0.8149057437943146 -0.05342269468053772
1.016151745718825 0.7716274901765154 -0.08013404202080654
0.9366780716810242 0.9014622510299131 -7.347880794884119e-17
0.9999931203388792 0.8246882546570594 -7.347880794884119e-17
0.989660521039558 0.8149057437943146 -0.05342269468053772
0.95283669706097 0.848401486549369 -0.08013404202080654
1.063308168996734 0.7479142582842058 -7.347880794884119e-17
1.0688299327770205 0.693311013210186 0.08301227413710811
1.1008916965344715 0.6544859385491395 0.055341516091405384
1.1141616965230536 0.6623750237556263 -7.347880794884119e-17
1.074351696557307 0.6387077681361661 0.1660245482742163
1.11968346030334 0.6077717786816064 0.08301227413710811
1.1008916965344715 0.6544859385491395 0.055341516091405384
1.0688299327770205 0.693311013210186 0.08301227413710811
1.165015224049373 0.5768357892270467 -7.347880794884119e-17
1.1141616965230536 0.6623750237556263 -7.347880794884119e-17
1.1008916965344715 0.6544859385491395 0.055341516091405384
1.11968346030334 0.6077717786816064 0.08301227413710811
0.1321007077248849 0.6874818192946723 0.005922262471608096
0.2243587752744749 0.6578217764967901 -0.019702211341582995
0.2416467507133082 0.6652086125431441 0.03307077307174047
0.20416170465792985 0.6837320519652622 0.07226950218499775
0.3166168428240649 0.6281617336989078 -0.04532668515477409
0.2964197722075198 0.65407200916738 0.04664502837180666
0.2416467507133082 0.6652086125431441 0.03307077307174047
0.2243587752744749 0.6578217764967901 -0.019702211341582995
0.2762227015909748 0.6799822846358521 0.1386167418983874
0.20416170465792985 0.6837320519652622 0.07226950218499775
0.2416467507133082 0.6652086125431441 0.03307077307174047
0.2964197722075198 0.65407200916738 0.04664502837180666
1.063308168996733 -0.7479142582842077 -7.347880794884119e-17
1.0071382097406203 -0.775287434545749 0.08696873189894211
0.9836514970540876 -0.8173457067071377 0.05797915459929471
0.9999931203388776 -0.8246882546570615 -7.347880794884119e-17
0.9509682504845075 -0.8026606108072902 0.1739374637978843
0.9438231610827648 -0.8520614309186028 0.08696873189894211
0.9836514970540876 -0.8173457067071377 0.05797915459929471
1.0071382097406203 -0.775287434545749 0.08696873189894211
0.9366780716810221 -0.9014622510299153 -7.347880794884119e-17
0.9999931203388776 -0.8246882546570615 -7.347880794884119e-17
0.9836514970540876 -0.8173457067071377 0.05797915459929471
0.9438231610827648 -0.8520614309186028 0.08696873189894211
-1.117440489083363 -0.6643242832812413 -7.347880794884119e-17
-1.1250371073386556 -0.5887732365387588 0.08762821245643126
-1.1519424670366785 -0.5545028888235051 0.05841880830428748
-1.1615968377580435 -0.5751432383371194 -7.347880794884119e-17
-1.132633725593948 -0.5132221897962764 0.1752564249128626
-1.169193456013336 -0.499592191594637 0.08762821245643126
-1.1519424670366785 -0.5545028888235051 0.05841880830428748
-1.1250371073386556 -0.5887732365387588 0.08762821245643126
-1.205753186432724 -0.4859621933929976 -7.347880794884119e-17
-1.1615968377580435 -0.5751432383371194 -7.347880794884119e-17
-1.1519424670366785 -0.5545028888235051 0.05841880830428748
-1.169193456013336 -0.499592191594637 0.08762821245643126
0.1321007077248849 0.6874818192946723 0.005922262471608096
0.20416170465792985 0.6837320519652622 0.07226950218499775
0.17059048588914805 0.7090524465318353 0.11104907760517357
0.11777437803823465 0.7235875274798268 0.09726524545856664
0.2762227015909748 0.6799822846358521 0.1386167418983874
0.18983537497127959 0.7198377601504167 0.1636124851719563
0.17059048588914805 0.7090524465318353 0.11104907760517357
0.20416170465792985 0.6837320519652622 0.07226950218499775
0.1034480483515844 0.7596932356649813 0.1886082284455252
0.11777437803823465 0.7235875274798268 0.09726524545856664
0.17059048588914805 0.7090524465318353 0.11104907760517357
0.18983537497127959 0.7198377601504167 0.1636124851719563
0.7880930342566289 -1.033880732655455 -7.347880794884119e-17
0.8209974332322494 -0.9770998096074006 -0.07865949928001609
0.8595576460485069 -0.9518872900815722 -0.05243966618667742
0.8623855529688256 -0.9676714918426852 -7.347880794884119e-17
0.8539018322078697 -0.920318886559346 -0.1573189985600321
0.8952899519444459 -0.9108905687946307 -0.07865949928001609
0.8595576460485069 -0.9518872900815722 -0.05243966618667742
0.8209974332322494 -0.9770998096074006 -0.07865949928001609
0.9366780716810221 -0.9014622510299153 -7.347880794884119e-17
0.8623855529688256 -0.9676714918426852 -7.347880794884119e-17
0.8595576460485069 -0.9518872900815722 -0.05243966618667742
0.8952899519444459 -0.9108905687946307 -0.07865949928001609
0.9689953224409157 0.795340722068825 -0.160268084041613
0.903676699015165 0.8627263408756729 -0.16138319139769425
0.9146771565704515 0.8756383109270862 -0.10758879426512952
0.95283669706097 0.848401486549369 -0.08013404202080654
0.8383580755894142 0.9301119596825209 -0.1624982987537755
0.8875180736352193 0.915787105356217 -0.08124914937688779
0.9146771565704515 0.8756383109270862 -0.10758879426512952
0.903676699015165 0.8627263408756729 -0.16138319139769425
0.9366780716810242 0.9014622510299131 -7.347880794884119e-17
0.95283669706097 0.848401486549369 -0.08013404202080654
0.9146771565704515 0.8756383109270862 -0.10758879426512952
0.8875180736352193 0.915787105356217 -0.08124914937688779
0.2020004878218286 1.031238271620693 -0.2956614415035926
0.14861952987608743 1.1123227870701275 -0.26087006973410176
0.2001923232042693 1.1418788655210457 -0.23448408906309312
0.25266919884123085 1.1161146470217873 -0.2386867846123342
0.09523857193034625 1.193407302519562 -0.2260786979646109
0.19928824089548966 1.197199162471222 -0.20389541284284335
0.2001923232042693 1.1418788655210457 -0.23448408906309312
0.14861952987608743 1.1123227870701275 -0.26087006973410176
0.3033379098606331 1.200991022422882 -0.1817121277210758
0.25266919884123085 1.1161146470217873 -0.2386867846123342
0.2001923232042693 1.1418788655210457 -0.23448408906309312
0.19928824089548966 1.197199162471222 -0.20389541284284335
0.6210357640659442 1.142065926184224 -7.347880794884119e-17
0.566159531516722 1.141289170678722 -0.08301227413882574
0.5239136683215002 1.1686868012436245 -0.05534151609255052
0.5302288529985003 1.1827739942788265 -7.347880794884119e-17
0.5112832989675 1.14051241517322 -0.1660245482776514
0.4753526204492783 1.1819972387733246 -0.08301227413882574
0.5239136683215002 1.1686868012436245 -0.05534151609255052
0.566159531516722 1.141289170678722 -0.08301227413882574
0.4394219419310565 1.223482062373429 -7.347880794884119e-17
0.5302288529985003 1.1827739942788265 -7.347880794884119e-17
0.5239136683215002 1.1686868012436245 -0.05534151609255052
0.4753526204492783 1.1819972387733246 -0.08301227413882574
1.085157373847568 0.3303471558728229 -0.268247070393255
1.0445782053118724 0.40453339287079465 -0.27321991158829384
1.0828051480715395 0.42543005067566986 -0.23748812381852388
1.122208203719221 0.3987852610791216 -0.21713580933611948
1.003999036776177 0.4787196298687664 -0.2781927527833327
1.0816290351835254 0.4729714980770934 -0.2221086505311583
1.0828051480715395 0.42543005067566986 -0.23748812381852388
1.0445782053118724 0.40453339287079465 -0.27321991158829384
1.159259033590874 0.4672233662854203 -0.1660245482789839
1.122208203719221 0.3987852610791216 -0.21713580933611948
1.0828051480715395 0.42543005067566986 -0.23748812381852388
1.0816290351835254 0.4729714980770934 -0.2221086505311583
0.4348212995622707 0.5693918530747532 0.0979281133858347
0.5041209632018037 0.5616508199215475 0.15952789394904335
0.48289286141981247 0.6055756024342149 0.18671859031462848
0.4376289787090505 0.6314085102671514 0.16951404821581675
0.5734206268413365 0.5539097867683418 0.221127674512252
0.5069286423485834 0.6236674771139457 0.2311138287790254
0.48289286141981247 0.6055756024342149 0.18671859031462848
0.5041209632018037 0.5616508199215475 0.15952789394904335
0.4404366578558302 0.6934251674595496 0.2410999830457988
0.4376289787090505 0.6314085102671514 0.16951404821581675
0.48289286141981247 0.6055756024342149 0.18671859031462848
0.5069286423485834 0.6236674771139457 0.2311138287790254
0.4837611563308072 0.8442853828803522 -0.298787801935808
0.5262574061670475 0.7545115654129266 -0.28571767615806126
0.47583394660034145 0.7372658935762901 -0.2639722449307579
0.4293740918988683 0.7735299663916847 -0.25963459220597956
0.5687536560032879 0.6647377479455011 -0.2726475503803145
0.47187034173510867 0.6837561489242592 -0.24656446642823282
0.47583394660034145 0.7372658935762901 -0.2639722449307579
0.5262574061670475 0.7545115654129266 -0.28571767615806126
0.3749870274669294 0.7027745499030172 -0.2204813824761511
0.4293740918988683 0.7735299663916847 -0.25963459220597956
0.47583394660034145 0.7372658935762901 -0.2639722449307579
0.47187034173510867 0.6837561489242592 -0.24656446642823282
-0.9292466693390651 0.09600762788399173 -0.2926934542860747
-1.019301290826407 0.0733289443977865 -0.28579850080990965
-1.0401198618806013 0.12271004981136337 -0.2843070360363231
-1.0055018366640276 0.15873994426125443 -0.2870087803876124
-1.109355912313749 0.05065026091158129 -0.2789035473337447
-1.0955564581513695 0.1360612607750492 -0.28011382691144737
-1.0401198618806013 0.12271004981136337 -0.2843070360363231
-1.019301290826407 0.0733289443977865 -0.28579850080990965
-1.08175700398899 0.2214722606385171 -0.2813241064891501
-1.0055018366640276 0.15873994426125443 -0.2870087803876124
-1.0401198618806013 0.12271004981136337 -0.2843070360363231
-1.0955564581513695 0.1360612607750492 -0.28011382691144737
1.159259033590874 0.4672233662854203 -0.1660245482789839
1.118564469504122 0.5516555007730097 -0.16473718161681336
1.134048054352539 0.5600489302576888 -0.10982478774454225
1.1621371288201234 0.5220295777562335 -0.083012274139492
1.07786990541737 0.6360876352605992 -0.1634498149546428
1.1214425647333714 0.606461712243823 -0.08172490747732145
1.134048054352539 0.5600489302576888 -0.10982478774454225
1.118564469504122 0.5516555007730097 -0.16473718161681336
1.165015224049373 0.5768357892270467 -7.347880794884119e-17
1.1621371288201234 0.5220295777562335 -0.083012274139492
1.134048054352539 0.5600489302576888 -0.10982478774454225
1.1214425647333714 0.606461712243823 -0.08172490747732145
-0.04177699374468358 1.251403773763102 0.1626195697262978
-0.06865175045603614 1.1971972632387715 0.2120749886835439
-0.01835370923140706 1.173605197884572 0.23159949425132623
0.020232689736583757 1.1889124204696375 0.21663403755659433
-0.09552650716738868 1.142990752714441 0.26153040764079
-0.0066420669747687955 1.134705909945307 0.2660894565138404
-0.01835370923140706 1.173605197884572 0.23159949425132623
-0.06865175045603614 1.1971972632387715 0.2120749886835439
0.08224237321785109 1.126421067176173 0.2706485053868909
0.020232689736583757 1.1889124204696375 0.21663403755659433
-0.01835370923140706 1.173605197884572 0.23159949425132623
-0.0066420669747687955 1.134705909945307 0.2660894565138404
0.8202076757128884 -0.785468614319574 -0.2675798937054636
0.8878362367177381 -0.7303470205341527 -0.25739048792749086
0.9162110967138819 -0.7516491106125575 -0.22373999482186271
0.896584246209529 -0.7898609525444704 -0.212009451158035
0.9554647977225879 -0.6752254267487314 -0.2472010821495182
0.9642128072143787 -0.7347393587590492 -0.2018200453800623
0.9162110967138819 -0.7516491106125575 -0.22373999482186271
0.8878362367177381 -0.7303470205341527 -0.25739048792749086
0.9729608167061695 -0.7942532907693669 -0.1564390086106064
0.896584246209529 -0.7898609525444704 -0.212009451158035
0.9162110967138819 -0.7516491106125575 -0.22373999482186271
0.9642128072143787 -0.7347393587590492 -0.2018200453800623
0.566013150509514 0.4312556468925192 0.08256164940005728
0.5930297080105821 0.39213171951684556 -0.0031983361569162053
0.6124458136505379 0.35612241357539004 0.024151202879140632
0.6086455877199817 0.3576797242924991 0.08070596517565579
0.6200462655116502 0.3530077921411719 -0.08895832171388969
0.6356621452210498 0.31855579691682545 -0.005054020381317692
0.6124458136505379 0.35612241357539004 0.024151202879140632
0.5930297080105821 0.39213171951684556 -0.0031983361569162053
0.6512780249304494 0.284103801692479 0.0788502809512543
0.6086455877199817 0.3576797242924991 0.08070596517565579
0.6124458136505379 0.35612241357539004 0.024151202879140632
0.6356621452210498 0.31855579691682545 -0.005054020381317692
0.7880930342566311 1.033880732655453 -7.347880794884119e-17
0.8098323877107627 0.9834882256796432 0.08301227413879651
0.8521142823675166 0.9561462341297332 0.05534151609253098
0.8623855529688277 0.9676714918426831 -7.347880794884119e-17
0.8315717411648943 0.9330957187038333 0.1660245482775931
0.8841249064229593 0.9172789848668732 0.08301227413879651
0.8521142823675166 0.9561462341297332 0.05534151609253098
0.8098323877107627 0.9834882256796432 0.08301227413879651
0.9366780716810242 0.9014622510299131 -7.347880794884119e-17
0.8623855529688277 0.9676714918426831 -7.347880794884119e-17
0.8521142823675166 0.9561462341297332 0.05534151609253098
0.8841249064229593 0.9172789848668732 0.08301227413879651
0.68825625929794 0.8533841185112631 -0.2841102383704719
0.7230835773447963 0.7487287438586878 -0.29203095400049234
0.6716402702309602 0.720731745220959 -0.2855698194604331
0.6285049576506139 0.7590609332283821 -0.2783788943753932
0.7579108953916528 0.6440733692061125 -0.2999516696305128
0.6633322756974703 0.6544055585758068 -0.28629961000541365
0.6716402702309602 0.720731745220959 -0.2855698194604331
0.7230835773447963 0.7487287438586878 -0.29203095400049234
0.5687536560032879 0.6647377479455011 -0.2726475503803145
0.6285049576506139 0.7590609332283821 -0.2783788943753932
0.6716402702309602 0.720731745220959 -0.2855698194604331
0.6633322756974703 0.6544055585758068 -0.28629961000541365
-0.8649234102152368 -0.9705191880955499 -7.347880794884119e-17
-0.8752551140033431 -0.9211977966977285 0.08813551688271146
-0.9178153872584044 -0.889836922806661 0.05875701125514094
-0.9339296719918819 -0.8988171815600381 -7.347880794884119e-17
-0.8855868177914494 -0.8718764052999071 0.176271033765423
-0.9442613757799883 -0.8494957901622167 0.08813551688271146
-0.9178153872584044 -0.889836922806661 0.05875701125514094
-0.8752551140033431 -0.9211977966977285 0.08813551688271146
-1.002935933768527 -0.8271151750245261 -7.347880794884119e-17
-0.9339296719918819 -0.8988171815600381 -7.347880794884119e-17
-0.9178153872584044 -0.889836922806661 0.05875701125514094
-0.9442613757799883 -0.8494957901622167 0.08813551688271146
-0.7942485011295782 -0.4451610205078597 -0.2863365950339039
-0.7884656430045704 -0.5426335142388958 -0.2930655431011727
-0.8458502161599014 -0.5455575490648065 -0.2887201322722614
-0.8774339318000708 -0.4982833196122438 -0.2831829528241714
-0.7826827848795628 -0.640106007969932 -0.2997944911684415
-0.8716510736750631 -0.5957558133432799 -0.28991190089144014
-0.8458502161599014 -0.5455575490648065 -0.2887201322722614
-0.7884656430045704 -0.5426335142388958 -0.2930655431011727
-0.9606193624705635 -0.5514056187166279 -0.2800293106144388
-0.8774339318000708 -0.4982833196122438 -0.2831829528241714
-0.8458502161599014 -0.5455575490648065 -0.2887201322722614
-0.8716510736750631 -0.5957558133432799 -0.28991190089144014
-0.05234407055906915 0.7095474667284315 0.08218066950655509
0.025551988896257625 0.7346203511967064 0.13539444897604014
-0.011647762311862804 0.7641620623364922 0.17213217804670491
-0.06919566764358641 0.7663964756722477 0.1638941528472948
0.1034480483515844 0.7596932356649813 0.1886082284455252
0.008700391811740371 0.7914693601405225 0.21710793231677983
-0.011647762311862804 0.7641620623364922 0.17213217804670491
0.025551988896257625 0.7346203511967064 0.13539444897604014
-0.08604726472810366 0.8232454846160637 0.2456076361880345
-0.06919566764358641 0.7663964756722477 0.1638941528472948
-0.011647762311862804 0.7641620623364922 0.17213217804670491
0.008700391811740371 0.7914693601405225 0.21710793231677983
-0.05234407055906915 0.7095474667284315 0.08218066950655509
0.039878318582907885 0.6985146430115519 0.04405146598908159
0.06106822850580005 0.7189075072293617 0.09223705347456279
0.025551988896257625 0.7346203511967064 0.13539444897604014
0.1321007077248849 0.6874818192946723 0.005922262471608096
0.11777437803823465 0.7235875274798268 0.09726524545856664
0.06106822850580005 0.7189075072293617 0.09223705347456279
0.039878318582907885 0.6985146430115519 0.04405146598908159
0.1034480483515844 0.7596932356649813 0.1886082284455252
0.025551988896257625 0.7346203511967064 0.13539444897604014
0.06106822850580005 0.7189075072293617 0.09223705347456279
0.11777437803823465 0.7235875274798268 0.09726524545856664
0.7880930342566289 -1.033880732655455 -7.347880794884119e-17
0.7337413567254971 -1.041489898014587 0.08301227413879671
0.6961728258389783 -1.0750152407378 0.05534151609253111
0.7045643991612849 -1.0879733294198406 -7.347880794884119e-17
0.6793896791943654 -1.049099063373719 0.1660245482775935
0.6502127216301532 -1.0955824947789725 0.08301227413879671
0.6961728258389783 -1.0750152407378 0.05534151609253111
0.7337413567254971 -1.041489898014587 0.08301227413879671
0.6210357640659409 -1.142065926184226 -7.347880794884119e-17
0.7045643991612849 -1.0879733294198406 -7.347880794884119e-17
0.6961728258389783 -1.0750152407378 0.05534151609253111
0.6502127216301532 -1.0955824947789725 0.08301227413879671
-0.2180152967280576 0.6666347743043209 -0.0287321561335098
-0.1351796836435634 0.6880911205163762 0.026724256686522646
-0.17431240974117143 0.7005760006651948 0.081318746689207
-0.23529657933222253 0.6960902676335764 0.08088778528053295
-0.05234407055906915 0.7095474667284315 0.08218066950655509
-0.1524609662477283 0.7175466138456317 0.1363441981005654
-0.17431240974117143 0.7005760006651948 0.081318746689207
-0.1351796836435634 0.6880911205163762 0.026724256686522646
-0.2525778619363875 0.7255457609628319 0.1905077266945757
-0.23529657933222253 0.6960902676335764 0.08088778528053295
-0.17431240974117143 0.7005760006651948 0.081318746689207
-0.1524609662477283 0.7175466138456317 0.1363441981005654
0.5112832989675433 1.140512415173316 0.1660245482774922
0.5985722171571163 1.0938249020481479 0.1645859850822033
0.6060600661267256 1.10990524342684 0.10972399005480217
0.5661595315167438 1.14128917067877 0.08301227413874605
0.6858611353466892 1.04713738892298 0.1631474218869144
0.6534484497063167 1.0946016575536022 0.08157371094345715
0.6060600661267256 1.10990524342684 0.10972399005480217
0.5985722171571163 1.0938249020481479 0.1645859850822033
0.6210357640659442 1.142065926184224 -7.347880794884119e-17
0.5661595315167438 1.14128917067877 0.08301227413874605
0.6060600661267256 1.10990524342684 0.10972399005480217
0.6534484497063167 1.0946016575536022 0.08157371094345715
-0.08604726472810366 0.8232454846160637 0.2456076361880345
-0.08920135150198516 0.9073288039985412 0.27278844147186904
-0.14648775481612764 0.9060520204650945 0.27986961929913384
-0.17355391308625812 0.8633719690071324 0.26981980557084895
-0.09235543827586666 0.9914121233810186 0.2999692467557036
-0.17670799986013963 0.9474552883896098 0.2970006108546835
-0.14648775481612764 0.9060520204650945 0.27986961929913384
-0.08920135150198516 0.9073288039985412 0.27278844147186904
-0.2610605614444126 0.903498453398201 0.2940319749536634
-0.17355391308625812 0.8633719690071324 0.26981980557084895
-0.14648775481612764 0.9060520204650945 0.27986961929913384
-0.17670799986013963 0.9474552883896098 0.2970006108546835
0.04979355379704932 1.299046035366053 -7.347880794884119e-17
0.0019320749417291692 1.280124582944128 -0.07303334434501069
-0.048408101044819685 1.283890627525278 -0.048688896230007155
-0.04964744961043404 1.2952343760268155 -7.347880794884119e-17
-0.04592940391359098 1.261203130522203 -0.1460666886900213
-0.0975089284657542 1.2763129236048905 -0.07303334434501069
-0.048408101044819685 1.283890627525278 -0.048688896230007155
0.0019320749417291692 1.280124582944128 -0.07303334434501069
-0.1490884530179174 1.291422716687578 -7.347880794884119e-17
-0.04964744961043404 1.2952343760268155 -7.347880794884119e-17
-0.048408101044819685 1.283890627525278 -0.048688896230007155
-0.0975089284657542 1.2763129236048905 -0.07303334434501069
-1.132633725593948 -0.5132221897962764 0.1752564249128626
-1.1644623492068995 -0.4427529493959744 0.1683312422488475
-1.1782259616155077 -0.4571560307283155 0.1122208281658983
-1.169193456013336 -0.499592191594637 0.08762821245643126
-1.196290972819851 -0.3722837089956724 0.1614060595848324
-1.2010220796262874 -0.429122951194335 0.08070302979241616
-1.1782259616155077 -0.4571560307283155 0.1122208281658983
-1.1644623492068995 -0.4427529493959744 0.1683312422488475
-1.205753186432724 -0.4859621933929976 -7.347880794884119e-17
-1.169193456013336 -0.499592191594637 0.08762821245643126
-1.1782259616155077 -0.4571560307283155 0.1122208281658983
-1.2010220796262874 -0.429122951194335 0.08070302979241616
0.4348212995622707 0.5693918530747532 0.0979281133858347
0.4376289787090505 0.6314085102671514 0.16951404821581675
0.3838268863363586 0.6475997683900516 0.15921494611000697
0.35552200057662275 0.6246870688553026 0.11827242764211104
0.4404366578558302 0.6934251674595496 0.2410999830457988
0.35832967972340246 0.6867037260477009 0.1898583624720931
0.3838268863363586 0.6475997683900516 0.15921494611000697
0.4376289787090505 0.6314085102671514 0.16951404821581675
0.2762227015909748 0.6799822846358521 0.1386167418983874
0.35552200057662275 0.6246870688553026 0.11827242764211104
0.3838268863363586 0.6475997683900516 0.15921494611000697
0.35832967972340246 0.6867037260477009 0.1898583624720931
0.4348212995622707 0.5693918530747532 0.0979281133858347
0.4620394684885049 0.5487115363274462 -0.004697627932361205
0.49669736249550794 0.5095595731824706 0.024388797845111623
0.5004172250358924 0.5003237499836362 0.09024488139294598
0.4892576374147391 0.5280312195801391 -0.1073233692505571
0.5276353939621266 0.4796434332363292 -0.012380859925249912
0.49669736249550794 0.5095595731824706 0.024388797845111623
0.4620394684885049 0.5487115363274462 -0.004697627932361205
0.566013150509514 0.4312556468925192 0.08256164940005728
0.5004172250358924 0.5003237499836362 0.09024488139294598
0.49669736249550794 0.5095595731824706 0.024388797845111623
0.5276353939621266 0.4796434332363292 -0.012380859925249912
-0.344475952855657 1.253529544089084 -7.347880794884119e-17
-0.3811933816394855 1.216225612662468 -0.08230785226418944
-0.43139199720057 1.2062353089148175 -0.05487190150945965
-0.43813259058919796 1.2198921227542998 -7.347880794884119e-17
-0.417910810423314 1.178921681235852 -0.1646157045283788
-0.47485001937302646 1.182588191327684 -0.08230785226418944
-0.43139199720057 1.2062353089148175 -0.05487190150945965
-0.3811933816394855 1.216225612662468 -0.08230785226418944
-0.5317892283227389 1.186254701419516 -7.347880794884119e-17
-0.43813259058919796 1.2198921227542998 -7.347880794884119e-17
-0.43139199720057 1.2062353089148175 -0.05487190150945965
-0.47485001937302646 1.182588191327684 -0.08230785226418944
0.7880930342566311 1.033880732655453 -7.347880794884119e-17
0.7370158251436021 1.040080035578091 -0.08209234341640419
0.6983558047843829 1.074075332446802 -0.054728228944269486
0.7045643991612877 1.0879733294198386 -7.347880794884119e-17
0.6859386160305732 1.046279338500729 -0.1641846868328083
0.6534871900482586 1.0941726323424765 -0.08209234341640419
0.6983558047843829 1.074075332446802 -0.054728228944269486
0.7370158251436021 1.040080035578091 -0.08209234341640419
0.6210357640659442 1.142065926184224 -7.347880794884119e-17
0.7045643991612877 1.0879733294198386 -7.347880794884119e-17
0.6983558047843829 1.074075332446802 -0.054728228944269486
0.6534871900482586 1.0941726323424765 -0.08209234341640419
0.2475084419140669 -1.276220815995912 -7.347880794884119e-17
0.2893506567352362 -1.2407069693051176 -0.08301227413903624
0.3393744184671748 -1.234965333661222 -0.055341516092690855
0.34346519192255953 -1.2498514391846716 -7.347880794884119e-17
0.3311928715564055 -1.205193122614323 -0.1660245482780724
0.3853074067437289 -1.214337592493877 -0.08301227413903624
0.3393744184671748 -1.234965333661222 -0.055341516092690855
0.2893506567352362 -1.2407069693051176 -0.08301227413903624
0.4394219419310522 -1.223482062373431 -7.347880794884119e-17
0.34346519192255953 -1.2498514391846716 -7.347880794884119e-17
0.3393744184671748 -1.234965333661222 -0.055341516092690855
0.3853074067437289 -1.214337592493877 -0.08301227413903624
0.1864647546929038 0.7367353964194818 -0.1799545067345681
0.28072589107991663 0.7197549731612496 -0.20021794460535958
0.2926895416612994 0.689223893340469 -0.14858752478849777
0.25154079875848434 0.6824485650591948 -0.11264059594467109
0.3749870274669294 0.7027745499030172 -0.2204813824761511
0.3458019351454972 0.6654681418009625 -0.1329040338154626
0.2926895416612994 0.689223893340469 -0.14858752478849777
0.28072589107991663 0.7197549731612496 -0.20021794460535958
0.3166168428240649 0.6281617336989078 -0.04532668515477409
0.25154079875848434 0.6824485650591948 -0.11264059594467109
0.2926895416612994 0.689223893340469 -0.14858752478849777
0.3458019351454972 0.6654681418009625 -0.1329040338154626
-0.3410139412596226 0.8928503142421993 -0.2967197189439788
-0.23814052647107434 0.8902391515321392 -0.28940117614842464
-0.24246840367316058 0.8417661209776705 -0.26302184501706116
-0.2960690496684778 0.8188351870554662 -0.2534914508491565
-0.1352671116825261 0.887627988822079 -0.2820826333528704
-0.19319563487992955 0.8162240243454061 -0.2461729080536023
-0.24246840367316058 0.8417661209776705 -0.26302184501706116
-0.23814052647107434 0.8902391515321392 -0.28940117614842464
-0.251124158077333 0.7448200598687331 -0.2102631827543342
-0.2960690496684778 0.8188351870554662 -0.2534914508491565
-0.24246840367316058 0.8417661209776705 -0.26302184501706116
-0.19319563487992955 0.8162240243454061 -0.2461729080536023
-0.706637815001585 1.091175053971537 -7.347880794884119e-17
-0.7321708896279309 1.0425945398938816 -0.08301227413922109
-0.7764217298236981 1.0185694226277724 -0.05534151609281409
-0.7857806126084088 1.0308471210335453 -7.347880794884119e-17
-0.7577039642542767 0.9940140258162262 -0.1660245482784421
-0.8113136872347546 0.9822666069558899 -0.08301227413922109
-0.7764217298236981 1.0185694226277724 -0.05534151609281409
-0.7321708896279309 1.0425945398938816 -0.08301227413922109
-0.8649234102152327 0.9705191880955536 -7.347880794884119e-17
-0.7857806126084088 1.0308471210335453 -7.347880794884119e-17
-0.7764217298236981 1.0185694226277724 -0.05534151609281409
-0.8113136872347546 0.9822666069558899 -0.08301227413922109
-0.05234407055906915 0.7095474667284315 0.08218066950655509
-0.06919566764358641 0.7663964756722477 0.1638941528472948
-0.13032306574118677 0.7527795707691091 0.17276534412972178
-0.1524609662477283 0.7175466138456317 0.1363441981005654
-0.08604726472810366 0.8232454846160637 0.2456076361880345
-0.16931256333224556 0.7743956227894477 0.2180576814413051
-0.13032306574118677 0.7527795707691091 0.17276534412972178
-0.06919566764358641 0.7663964756722477 0.1638941528472948
-0.2525778619363875 0.7255457609628319 0.1905077266945757
-0.1524609662477283 0.7175466138456317 0.1363441981005654
-0.13032306574118677 0.7527795707691091 0.17276534412972178
-0.16931256333224556 0.7743956227894477 0.2180576814413051
-0.2366446453232279 1.064527218910196 -0.2860198825137028
-0.11833773121913445 1.062203661875603 -0.2899915497922177
-0.123980858040265 1.0040117708577616 -0.28735524431243525
-0.18595587850287698 0.9760776038661375 -0.2840512579332866
-3.081711504100568e-05 1.05988010484101 -0.2939632170707326
-0.06764896439878354 0.9737540468315445 -0.2880229252118015
-0.123980858040265 1.0040117708577616 -0.28735524431243525
-0.11833773121913445 1.062203661875603 -0.2899915497922177
-0.1352671116825261 0.887627988822079 -0.2820826333528704
-0.18595587850287698 0.9760776038661375 -0.2840512579332866
-0.123980858040265 1.0040117708577616 -0.28735524431243525
-0.06764896439878354 0.9737540468315445 -0.2880229252118015
0.6748835304248323 0.4141619128121026 0.2160233124811972
0.758700494156729 0.4161419372966566 0.25503837602971724
0.7559105673808165 0.4642793487175287 0.2677668965041662
0.7126071221269119 0.4873580421856877 0.25462362496713065
0.8425174578886259 0.4181219617812107 0.2940534395782373
0.7964240858588088 0.4893380666702417 0.29363868851565067
0.7559105673808165 0.4642793487175287 0.2677668965041662
0.758700494156729 0.4161419372966566 0.25503837602971724
0.7503307138289915 0.5605541715592728 0.2932239374530641
0.7126071221269119 0.4873580421856877 0.25462362496713065
0.7559105673808165 0.4642793487175287 0.2677668965041662
0.7964240858588088 0.4893380666702417 0.29363868851565067
0.4837611563308072 0.8442853828803522 -0.298787801935808
0.5860087078143736 0.8488347506958076 -0.29144902015313995
0.580257023877345 0.7874690831123722 -0.28518186356219816
0.5262574061670475 0.7545115654129266 -0.28571767615806126
0.68825625929794 0.8533841185112631 -0.2841102383704719
0.6285049576506139 0.7590609332283821 -0.2783788943753932
0.580257023877345 0.7874690831123722 -0.28518186356219816
0.5860087078143736 0.8488347506958076 -0.29144902015313995
0.5687536560032879 0.6647377479455011 -0.2726475503803145
0.5262574061670475 0.7545115654129266 -0.28571767615806126
0.580257023877345 0.7874690831123722 -0.28518186356219816
0.6285049576506139 0.7590609332283821 -0.2783788943753932
-0.5317892283227432 -1.186254701419514 -7.347880794884119e-17
-0.5644388468360166 -1.142141135945358 0.08301227413860886
-0.6118385028912074 -1.1251524419540833 0.055341516092405875
-0.6192135216621661 -1.138714877695524 -7.347880794884119e-17
-0.5970884653492902 -1.098027570471202 0.1660245482772178
-0.6518631401754396 -1.0946013122213678 0.08301227413860886
-0.6118385028912074 -1.1251524419540833 0.055341516092405875
-0.5644388468360166 -1.142141135945358 0.08301227413860886
-0.7066378150015891 -1.091175053971534 -7.347880794884119e-17
-0.6192135216621661 -1.138714877695524 -7.347880794884119e-17
-0.6118385028912074 -1.1251524419540833 0.055341516092405875
-0.6518631401754396 -1.0946013122213678 0.08301227413860886
0.4394219419310565 1.223482062373429 -7.347880794884119e-17
0.47535262044929993 1.1819972387733726 0.08301227413874605
0.5239136683215148 1.1686868012436564 0.05534151609249734
0.5302288529985003 1.1827739942788265 -7.347880794884119e-17
0.5112832989675433 1.140512415173316 0.1660245482774922
0.5661595315167438 1.14128917067877 0.08301227413874605
0.5239136683215148 1.1686868012436564 0.05534151609249734
0.47535262044929993 1.1819972387733726 0.08301227413874605
0.6210357640659442 1.142065926184224 -7.347880794884119e-17
0.5302288529985003 1.1827739942788265 -7.347880794884119e-17
0.5239136683215148 1.1686868012436564 0.05534151609249734
0.5661595315167438 1.14128917067877 0.08301227413874605
-1.296185541538863 -0.09951402868744211 -7.347880794884119e-17
-1.2727598659346624 -0.0456868010541759 0.08339549734958115
-1.280568424469396 0.0027134755263648843 0.05559699823305408
-1.296185541538863 2.1718737919229625e-15 -7.347880794884119e-17
-1.249334190330462 0.008140426579090315 0.1667909946991624
-1.2727598659346624 0.05382722763326838 0.08339549734958115
-1.280568424469396 0.0027134755263648843 0.05559699823305408
-1.2727598659346624 -0.0456868010541759 0.08339549734958115
-1.296185541538863 0.09951402868744645 -7.347880794884119e-17
-1.296185541538863 2.1718737919229625e-15 -7.347880794884119e-17
-1.280568424469396 0.0027134755263648843 0.05559699823305408
-1.2727598659346624 0.05382722763326838 0.08339549734958115
-0.1490884530179223 -1.291422716687577 -7.347880794884119e-17
-0.19352645289146037 -1.2592160649654773 0.0830122741387462
-0.2438429528795277 -1.2573205580066793 0.05534151609249744
-0.24678220293679232 -1.27247613038833 -7.347880794884119e-17
-0.2379644527649984 -1.227009413243378 0.1660245482774925
-0.29122020281033034 -1.2402694786662305 0.0830122741387462
-0.2438429528795277 -1.2573205580066793 0.05534151609249744
-0.19352645289146037 -1.2592160649654773 0.0830122741387462
-0.3444759528556623 -1.253529544089083 -7.347880794884119e-17
-0.24678220293679232 -1.27247613038833 -7.347880794884119e-17
-0.2438429528795277 -1.2573205580066793 0.05534151609249744
-0.29122020281033034 -1.2402694786662305 0.0830122741387462
-1.002935933768524 0.8271151750245299 -7.347880794884119e-17
-1.0165416861883259 0.7718394875180331 -0.07913222882837319
-1.0501746204866704 0.7360010861057708 -0.052754819218915484
-1.060188211425942 0.7457197291528879 -7.347880794884119e-17
-1.030147438608128 0.7165638000115363 -0.1582644576567463
-1.0737939638457439 0.6904440416463911 -0.07913222882837319
-1.0501746204866704 0.7360010861057708 -0.052754819218915484
-1.0165416861883259 0.7718394875180331 -0.07913222882837319
-1.11744048908336 0.6643242832812459 -7.347880794884119e-17
-1.060188211425942 0.7457197291528879 -7.347880794884119e-17
-1.0501746204866704 0.7360010861057708 -0.052754819218915484
-1.0737939638457439 0.6904440416463911 -0.07913222882837319
-0.1490884530179223 -1.291422716687577 -7.347880794884119e-17
-0.0984809772898549 -1.2701886014866366 -0.08301227413954425
-0.04905613359422171 -1.2798077461131088 -0.05534151609302953
-0.04964744961043882 -1.2952343760268148 -7.347880794884119e-17
-0.04787350156178749 -1.248954486285696 -0.1660245482790884
0.0009600261176285901 -1.2740002608258745 -0.08301227413954425
-0.04905613359422171 -1.2798077461131088 -0.05534151609302953
-0.0984809772898549 -1.2701886014866366 -0.08301227413954425
0.04979355379704467 -1.299046035366053 -7.347880794884119e-17
-0.04964744961043882 -1.2952343760268148 -7.347880794884119e-17
-0.04905613359422171 -1.2798077461131088 -0.05534151609302953
0.0009600261176285901 -1.2740002608258745 -0.08301227413954425
0.2139939974556145 -0.8411029856197109 0.2693495348827378
0.3083621240233575 -0.799296631151236 0.2667789499493183
0.30031208414735017 -0.7574555208959488 0.22230100588702786
0.249103000925475 -0.7574381430025428 0.20134732632259245
0.4027302505911005 -0.7574902766827609 0.2642083650158988
0.343471127493218 -0.7156317885340677 0.19877674138917295
0.30031208414735017 -0.7574555208959488 0.22230100588702786
0.3083621240233575 -0.799296631151236 0.2667789499493183
0.2842120043953355 -0.6737733003853745 0.1333451177624471
0.249103000925475 -0.7574381430025428 0.20134732632259245
0.30031208414735017 -0.7574555208959488 0.22230100588702786
0.343471127493218 -0.7156317885340677 0.19877674138917295
-0.7263486767061138 -0.2855915148350236 0.2044744767930424
-0.7469066781108344 -0.381306345764292 0.24428763097639256
-0.7011654869860616 -0.40133594669188705 0.21946433830923992
-0.6680158907213148 -0.3634933316910503 0.1871461148839885
-0.7674646795155551 -0.4770211766935605 0.2841007851597427
-0.6885738921260355 -0.4592081626203187 0.22695926906733865
-0.7011654869860616 -0.40133594669188705 0.21946433830923992
-0.7469066781108344 -0.381306345764292 0.24428763097639256
-0.6096831047365159 -0.441395148547077 0.1698177529749346
-0.6680158907213148 -0.3634933316910503 0.1871461148839885
-0.7011654869860616 -0.40133594669188705 0.21946433830923992
-0.6885738921260355 -0.4592081626203187 0.22695926906733865
-0.3842528868789209 0.6128117095914611 -0.1159607528613116
-0.31768852247812696 0.6788158847300971 -0.1631119678078229
-0.2844641138947705 0.6747555145881717 -0.11831869724971854
-0.30113409180348927 0.6397232419478911 -0.0723464544974107
-0.251124158077333 0.7448200598687331 -0.2102631827543342
-0.23456972740269533 0.7057274170865271 -0.119497669443922
-0.2844641138947705 0.6747555145881717 -0.11831869724971854
-0.31768852247812696 0.6788158847300971 -0.1631119678078229
-0.2180152967280576 0.6666347743043209 -0.0287321561335098
-0.30113409180348927 0.6397232419478911 -0.0723464544974107
-0.2844641138947705 0.6747555145881717 -0.11831869724971854
-0.23456972740269533 0.7057274170865271 -0.119497669443922
-0.3842528868789209 0.6128117095914611 -0.1159607528613116
-0.30113409180348927 0.6397232419478911 -0.0723464544974107
-0.32482209512588783 0.6285821472229993 -0.020892119475726275
-0.37822549432480296 0.6095558336823383 -0.016972101146834513
-0.2180152967280576 0.6666347743043209 -0.0287321561335098
-0.29510669924937133 0.6364673660387683 0.026642197217066392
-0.32482209512588783 0.6285821472229993 -0.020892119475726275
-0.30113409180348927 0.6397232419478911 -0.0723464544974107
-0.372198101770685 0.6062999577732157 0.08201655056764258
-0.37822549432480296 0.6095558336823383 -0.016972101146834513
-0.32482209512588783 0.6285821472229993 -0.020892119475726275
-0.29510669924937133 0.6364673660387683 0.026642197217066392
0.4394219419310522 -1.223482062373431 -7.347880794884119e-17
0.38530740674377995 -1.2143375924940631 0.0830122741387462
0.33937441846720895 -1.2349653336613462 0.05534151609249744
0.34346519192255953 -1.2498514391846716 -7.347880794884119e-17
0.3311928715565076 -1.205193122614695 0.1660245482774925
0.28935065673528726 -1.2407069693053034 0.0830122741387462
0.33937441846720895 -1.2349653336613462 0.05534151609249744
0.38530740674377995 -1.2143375924940631 0.0830122741387462
0.2475084419140669 -1.276220815995912 -7.347880794884119e-17
0.34346519192255953 -1.2498514391846716 -7.347880794884119e-17
0.33937441846720895 -1.2349653336613462 0.05534151609249744
0.28935065673528726 -1.2407069693053034 0.0830122741387462
0.1321007077248849 0.6874818192946723 0.005922262471608096
0.15928273120889436 0.7121086078570771 -0.08701612213148
0.21172743508061787 0.6841263164710206 -0.0731196431392447
0.2243587752744749 0.6578217764967901 -0.019702211341582995
0.1864647546929038 0.7367353964194818 -0.1799545067345681
0.25154079875848434 0.6824485650591948 -0.11264059594467109
0.21172743508061787 0.6841263164710206 -0.0731196431392447
0.15928273120889436 0.7121086078570771 -0.08701612213148
0.3166168428240649 0.6281617336989078 -0.04532668515477409
0.2243587752744749 0.6578217764967901 -0.019702211341582995
0.21172743508061787 0.6841263164710206 -0.0731196431392447
0.25154079875848434 0.6824485650591948 -0.11264059594467109
0.3199511156124059 -0.694726749127105 -0.1863066011600608
0.40075677405886095 -0.7376076867089882 -0.23731198773373507
0.366252810509482 -0.7894744838967697 -0.25627961008583583
0.30859799951156497 -0.7939674136997188 -0.2402607279750491
0.481562432505316 -0.7804886242908715 -0.2883173743074094
0.38940365795802 -0.8368483512816021 -0.2912661145487234
0.366252810509482 -0.7894744838967697 -0.25627961008583583
0.40075677405886095 -0.7376076867089882 -0.23731198773373507
0.2972448834107241 -0.8932080782723325 -0.2942148547900374
0.30859799951156497 -0.7939674136997188 -0.2402607279750491
0.366252810509482 -0.7894744838967697 -0.25627961008583583
0.38940365795802 -0.8368483512816021 -0.2912661145487234
-0.3410139412596226 0.8928503142421993 -0.2967197189439788
-0.28882929329142526 0.9786887665761976 -0.2913698007288408
-0.23764189942179223 0.9483351739914915 -0.288274078270184
-0.23814052647107434 0.8902391515321392 -0.28940117614842464
-0.2366446453232279 1.064527218910196 -0.2860198825137028
-0.18595587850287698 0.9760776038661375 -0.2840512579332866
-0.23764189942179223 0.9483351739914915 -0.288274078270184
-0.28882929329142526 0.9786887665761976 -0.2913698007288408
-0.1352671116825261 0.887627988822079 -0.2820826333528704
-0.23814052647107434 0.8902391515321392 -0.28940117614842464
-0.23764189942179223 0.9483351739914915 -0.288274078270184
-0.18595587850287698 0.9760776038661375 -0.2840512579332866
0.7002551292230516 -0.1633834243176522 0.1052345975514775
0.6936026005046043 -0.17859742334914805 0.007698914562002196
0.6703406459349682 -0.22727253677092463 0.019759008846968126
0.6620359330093738 -0.244003093966065 0.07455689748418874
0.6869500717861571 -0.1938114223806439 -0.08983676842747311
0.6553834042909266 -0.25921709299756085 -0.02297878550528656
0.6703406459349682 -0.22727253677092463 0.019759008846968126
0.6936026005046043 -0.17859742334914805 0.007698914562002196
0.623816736795696 -0.3246227636144778 0.04387919741689999
0.6620359330093738 -0.244003093966065 0.07455689748418874
0.6703406459349682 -0.22727253677092463 0.019759008846968126
0.6553834042909266 -0.25921709299756085 -0.02297878550528656
-1.205753186432722 0.4859621933930017 -7.347880794884119e-17
-1.198688161568626 0.4315371102825367 -0.08301227413881629
-1.2210601247261212 0.3864279273797182 -0.05534151609254422
-1.235778618736917 0.3910858774835415 -7.347880794884119e-17
-1.19162313670453 0.3771120271720717 -0.1660245482776325
-1.228713593872821 0.3366607943730765 -0.08301227413881629
-1.2210601247261212 0.3864279273797182 -0.05534151609254422
-1.198688161568626 0.4315371102825367 -0.08301227413881629
-1.265804051041112 0.2962095615740813 -7.347880794884119e-17
-1.235778618736917 0.3910858774835415 -7.347880794884119e-17
-1.2210601247261212 0.3864279273797182 -0.05534151609254422
-1.228713593872821 0.3366607943730765 -0.08301227413881629
-1.002935933768527 -0.8271151750245261 -7.347880794884119e-17
-0.9522325056838865 -0.8486588889378559 -0.08060917100842044
-0.9231294738610032 -0.8892789886570872 -0.053739447338946984
-0.9339296719918819 -0.8988171815600381 -7.347880794884119e-17
-0.9015290775992459 -0.8702026028511858 -0.1612183420168408
-0.8832262439072414 -0.9203608954733679 -0.08060917100842044
-0.9231294738610032 -0.8892789886570872 -0.053739447338946984
-0.9522325056838865 -0.8486588889378559 -0.08060917100842044
-0.8649234102152368 -0.9705191880955499 -7.347880794884119e-17
-0.9339296719918819 -0.8988171815600381 -7.347880794884119e-17
-0.9231294738610032 -0.8892789886570872 -0.053739447338946984
-0.8832262439072414 -0.9203608954733679 -0.08060917100842044
0.1034480483515844 0.7596932356649813 0.1886082284455252
0.09731641836636482 0.8434737844529216 0.24036814297902087
0.03619519066820866 0.8367310178406356 0.24211464071535874
0.008700391811740371 0.7914693601405225 0.21710793231677983
0.09118478838114523 0.9272543332408619 0.2921280575125165
0.002568761826520785 0.8752499089284629 0.26886784685027554
0.03619519066820866 0.8367310178406356 0.24211464071535874
0.09731641836636482 0.8434737844529216 0.24036814297902087
-0.08604726472810366 0.8232454846160637 0.2456076361880345
0.008700391811740371 0.7914693601405225 0.21710793231677983
0.03619519066820866 0.8367310178406356 0.24211464071535874
0.002568761826520785 0.8752499089284629 0.26886784685027554
-0.8694126895719283 0.1254329894073641 0.2742570729795198
-0.8549215260437235 0.024826893157256384 0.26520469117170015
-0.8147150724775574 0.03689623725551164 0.22481223152275723
-0.8018574274585767 0.09323395742969312 0.20914219260219558
-0.8404303625155187 -0.07577920309285134 0.2561523093638805
-0.7873662639303719 -0.007372138820414601 0.20008981079437593
-0.8147150724775574 0.03689623725551164 0.22481223152275723
-0.8549215260437235 0.024826893157256384 0.26520469117170015
-0.7343021653452251 0.06103492545202214 0.1440273122248714
-0.8018574274585767 0.09323395742969312 0.20914219260219558
-0.8147150724775574 0.03689623725551164 0.22481223152275723
-0.7873662639303719 -0.007372138820414601 0.20008981079437593
0.04979355379704932 1.299046035366053 -7.347880794884119e-17
0.09656655886965332 1.2703355800511793 0.08301227413874616
0.14688051988445963 1.2722973253660899 0.05534151609249741
0.14865099785556082 1.287633425680982 -7.347880794884119e-17
0.1433395639422573 1.241625124736306 0.1660245482774924
0.1954240029281648 1.2589229703661085 0.08301227413874616
0.14688051988445963 1.2722973253660899 0.05534151609249741
0.09656655886965332 1.2703355800511793 0.08301227413874616
0.2475084419140723 1.276220815995911 -7.347880794884119e-17
0.14865099785556082 1.287633425680982 -7.347880794884119e-17
0.14688051988445963 1.2722973253660899 0.05534151609249741
0.1954240029281648 1.2589229703661085 0.08301227413874616
-1.296185541538863 0.09951402868744645 -7.347880794884119e-17
-1.274024860485192 0.04901935895207114 -0.08149232665931035
-1.281411754169749 -0.0004917702610999405 -0.05432821777287359
-1.296185541538863 2.1718737919229625e-15 -7.347880794884119e-17
-1.251864179431521 -0.001475310783304169 -0.1629846533186206
-1.274024860485192 -0.050494669735373136 -0.08149232665931035
-1.281411754169749 -0.0004917702610999405 -0.05432821777287359
-1.274024860485192 0.04901935895207114 -0.08149232665931035
-1.296185541538863 -0.09951402868744211 -7.347880794884119e-17
-1.296185541538863 2.1718737919229625e-15 -7.347880794884119e-17
-1.281411754169749 -0.0004917702610999405 -0.05432821777287359
-1.274024860485192 -0.050494669735373136 -0.08149232665931035
0.481562432505316 -0.7804886242908715 -0.2883173743074094
0.5702112406001187 -0.8410602592198679 -0.28234267263746554
0.5410797635582004 -0.8811038085577758 -0.2849977544503363
0.48218962098983986 -0.8708397657622315 -0.28931264619174357
0.6588600486949214 -0.9016318941488642 -0.2763679709675217
0.5708384290846427 -0.931411400691228 -0.2833379445217997
0.5410797635582004 -0.8811038085577758 -0.2849977544503363
0.5702112406001187 -0.8410602592198679 -0.28234267263746554
0.4828168094743638 -0.9611909072335917 -0.2903079180760778
0.48218962098983986 -0.8708397657622315 -0.28931264619174357
0.5410797635582004 -0.8811038085577758 -0.2849977544503363
0.5708384290846427 -0.931411400691228 -0.2833379445217997
-0.2180152967280576 0.6666347743043209 -0.0287321561335098
-0.23529657933222253 0.6960902676335764 0.08088778528053295
-0.2809304201450434 0.6661601643467895 0.08126404037623615
-0.29510669924937133 0.6364673660387683 0.026642197217066392
-0.2525778619363875 0.7255457609628319 0.1905077266945757
-0.3123879818535362 0.6659228593680238 0.13626213863110914
-0.2809304201450434 0.6661601643467895 0.08126404037623615
-0.23529657933222253 0.6960902676335764 0.08088778528053295
-0.372198101770685 0.6062999577732157 0.08201655056764258
-0.29510669924937133 0.6364673660387683 0.026642197217066392
-0.2809304201450434 0.6661601643467895 0.08126404037623615
-0.3123879818535362 0.6659228593680238 0.13626213863110914
-1.265804051041112 0.2962095615740813 -7.347880794884119e-17
-1.228713593872865 0.3366607943730905 0.0830122741387462
-1.2210601247261508 0.38642792737972753 0.05534151609249744
-1.235778618736917 0.3910858774835415 -7.347880794884119e-17
-1.191623136704618 0.3771120271720997 0.1660245482774925
-1.19868816156867 0.4315371102825507 0.0830122741387462
-1.2210601247261508 0.38642792737972753 0.05534151609249744
-1.228713593872865 0.3366607943730905 0.0830122741387462
-1.205753186432722 0.4859621933930017 -7.347880794884119e-17
-1.235778618736917 0.3910858774835415 -7.347880794884119e-17
-1.2210601247261508 0.38642792737972753 0.05534151609249744
-1.19868816156867 0.4315371102825507 0.0830122741387462
-0.344475952855657 1.253529544089084 -7.347880794884119e-17
-0.29122020281032523 1.2402694786662316 0.08301227413874626
-0.24384295287952262 1.2573205580066804 0.05534151609249748
-0.2467822029367872 1.272476130388331 -7.347880794884119e-17
-0.2379644527649935 1.227009413243379 0.1660245482774926
-0.19352645289145545 1.2592160649654787 0.08301227413874626
-0.24384295287952262 1.2573205580066804 0.05534151609249748
-0.29122020281032523 1.2402694786662316 0.08301227413874626
-0.1490884530179174 1.291422716687578 -7.347880794884119e-17
-0.2467822029367872 1.272476130388331 -7.347880794884119e-17
-0.24384295287952262 1.2573205580066804 0.05534151609249748
-0.19352645289145545 1.2592160649654787 0.08301227413874626
-0.4479722583313861 0.7266468143378695 -0.2618733162720688
-0.39449309979550434 0.8097485642900344 -0.27929651760802376
-0.3467034525561139 0.788105729482934 -0.2562854059901272
-0.34954820820435956 0.7357334371033013 -0.2360682495132015
-0.3410139412596226 0.8928503142421993 -0.2967197189439788
-0.2960690496684778 0.8188351870554662 -0.2534914508491565
-0.3467034525561139 0.788105729482934 -0.2562854059901272
-0.39449309979550434 0.8097485642900344 -0.27929651760802376
-0.251124158077333 0.7448200598687331 -0.2102631827543342
-0.34954820820435956 0.7357334371033013 -0.2360682495132015
-0.3467034525561139 0.788105729482934 -0.2562854059901272
-0.2960690496684778 0.8188351870554662 -0.2534914508491565
1.159259033591789 -0.4672233662857903 0.1660245482774985
1.1906650314741336 -0.3846569003349607 0.1588311753272309
1.1468043658713485 -0.38370609632311486 0.19667028054082036
1.1091710341287835 -0.42451392729260673 0.21918651962274888
1.222071029356478 -0.3020904343841311 0.1516378023769633
1.140577032011128 -0.3419474613417771 0.21199314667248131
1.1468043658713485 -0.38370609632311486 0.19667028054082036
1.1906650314741336 -0.3846569003349607 0.1588311753272309
1.059083034665778 -0.3818044882994232 0.2723484909679993
1.1091710341287835 -0.42451392729260673 0.21918651962274888
1.1468043658713485 -0.38370609632311486 0.19667028054082036
1.140577032011128 -0.3419474613417771 0.21199314667248131
-1.265804051041113 -0.2962095615740766 -7.347880794884119e-17
-1.2313647605710036 -0.33982248068814863 -0.07751110541459715
-1.222827569191577 -0.3885357182564316 -0.05167407027639812
-1.2357786187369184 -0.39108587748353707 -7.347880794884119e-17
-1.196925470100894 -0.3834353998022207 -0.1550222108291942
-1.201339328266809 -0.4346987965976091 -0.07751110541459715
-1.222827569191577 -0.3885357182564316 -0.05167407027639812
-1.2313647605710036 -0.33982248068814863 -0.07751110541459715
-1.205753186432724 -0.4859621933929976 -7.347880794884119e-17
-1.2357786187369184 -0.39108587748353707 -7.347880794884119e-17
-1.222827569191577 -0.3885357182564316 -0.05167407027639812
-1.201339328266809 -0.4346987965976091 -0.07751110541459715
-0.706637815001585 1.091175053971537 -7.347880794884119e-17
-0.6518631401753918 1.0946013122212905 0.0830122741387462
-0.6118385028911741 1.1251524419540324 0.05534151609249744
-0.6192135216621619 1.1387148776955265 -7.347880794884119e-17
-0.5970884653491988 1.098027570471044 0.1660245482774925
-0.5644388468359689 1.14214113594528 0.0830122741387462
-0.6118385028911741 1.1251524419540324 0.05534151609249744
-0.6518631401753918 1.0946013122212905 0.0830122741387462
-0.5317892283227389 1.186254701419516 -7.347880794884119e-17
-0.6192135216621619 1.1387148776955265 -7.347880794884119e-17
-0.6118385028911741 1.1251524419540324 0.05534151609249744
-0.5644388468359689 1.14214113594528 0.0830122741387462
-0.5009922037175892 0.4893165702148543 -0.01347360301787767
-0.44262254529825507 0.5510641399031577 -0.06471717793959464
-0.41914773078906503 0.5694760791931771 -0.0158059351038489
-0.4365951527441371 0.5478082639940349 0.034271473774882454
-0.3842528868789209 0.6128117095914611 -0.1159607528613116
-0.37822549432480296 0.6095558336823383 -0.016972101146834513
-0.41914773078906503 0.5694760791931771 -0.0158059351038489
-0.44262254529825507 0.5510641399031577 -0.06471717793959464
-0.372198101770685 0.6062999577732157 0.08201655056764258
-0.4365951527441371 0.5478082639940349 0.034271473774882454
-0.41914773078906503 0.5694760791931771 -0.0158059351038489
-0.37822549432480296 0.6095558336823383 -0.016972101146834513
-0.5317892283227432 -1.186254701419514 -7.347880794884119e-17
-0.47713347360369107 -1.181279490468972 -0.08301227413882574
-0.4329143000210148 -1.2053628416756756 -0.05534151609255052
-0.43813259058920273 -1.2198921227542985 -7.347880794884119e-17
-0.422477718884639 -1.17630427951843 -0.1660245482776514
-0.38347683587015063 -1.2149169118037566 -0.08301227413882574
-0.4329143000210148 -1.2053628416756756 -0.05534151609255052
-0.47713347360369107 -1.181279490468972 -0.08301227413882574
-0.3444759528556623 -1.253529544089083 -7.347880794884119e-17
-0.43813259058920273 -1.2198921227542985 -7.347880794884119e-17
-0.4329143000210148 -1.2053628416756756 -0.05534151609255052
-0.38347683587015063 -1.2149169118037566 -0.08301227413882574
-0.524711506047116 -0.4634660560624549 -0.007258216870504541
-0.567197305391816 -0.45243060230476595 0.08127976805221503
-0.5329372526937454 -0.49269429208449117 0.10274558036746449
-0.49456432667236006 -0.5183438638531983 0.06920949406372943
-0.6096831047365159 -0.441395148547077 0.1698177529749346
-0.5370501260170599 -0.5073084100955093 0.157747478986449
-0.5329372526937454 -0.49269429208449117 0.10274558036746449
-0.567197305391816 -0.45243060230476595 0.08127976805221503
-0.4644171472976041 -0.5732216716439417 0.1456772049979634
-0.49456432667236006 -0.5183438638531983 0.06920949406372943
-0.5329372526937454 -0.49269429208449117 0.10274558036746449
-0.5370501260170599 -0.5073084100955093 0.157747478986449
-1.11744048908336 0.6643242832812459 -7.347880794884119e-17
-1.069873610865455 0.6916993877470223 0.0830122741387463
-1.0475610518331446 0.7368379835061916 0.05534151609249751
-1.060188211425942 0.7457197291528879 -7.347880794884119e-17
-1.02230673264755 0.7190744922127988 0.1660245482774927
-1.012621333208037 0.7730948336186644 0.0830122741387463
-1.0475610518331446 0.7368379835061916 0.05534151609249751
-1.069873610865455 0.6916993877470223 0.0830122741387463
-1.002935933768524 0.8271151750245299 -7.347880794884119e-17
-1.060188211425942 0.7457197291528879 -7.347880794884119e-17
-1.0475610518331446 0.7368379835061916 0.05534151609249751
-1.012621333208037 0.7730948336186644 0.0830122741387463
-0.6261180813586984 0.3479390552657536 -0.09754081292222816
-0.5943037660190646 0.4513854439917042 -0.15593299046058554
-0.5631999119185728 0.46402915273275425 -0.1084465279796829
-0.5635551425381438 0.4186278127403039 -0.055507207970052916
-0.5624894506794309 0.5548318327176549 -0.2143251679989429
-0.53174082719851 0.5220742014662546 -0.11389938550841029
-0.5631999119185728 0.46402915273275425 -0.1084465279796829
-0.5943037660190646 0.4513854439917042 -0.15593299046058554
-0.5009922037175892 0.4893165702148543 -0.01347360301787767
-0.5635551425381438 0.4186278127403039 -0.055507207970052916
-0.5631999119185728 0.46402915273275425 -0.1084465279796829
-0.53174082719851 0.5220742014662546 -0.11389938550841029
-0.2379644527649984 -1.227009413243378 0.1660245482774925
-0.2509359313741052 -1.168469810325134 0.2154459144458079
-0.30587438989658433 -1.1725632279773317 0.19798890309167458
-0.3268578798532705 -1.2038797382625526 0.16454971433045018
-0.263907409983212 -1.10993020740689 0.2648672806141233
-0.3398293584623773 -1.1453401353443085 0.2139710804987656
-0.30587438989658433 -1.1725632279773317 0.19798890309167458
-0.2509359313741052 -1.168469810325134 0.2154459144458079
-0.4157513069415426 -1.180750063281727 0.1630748803834079
-0.3268578798532705 -1.2038797382625526 0.16454971433045018
-0.30587438989658433 -1.1725632279773317 0.19798890309167458
-0.3398293584623773 -1.1453401353443085 0.2139710804987656
-0.7272243667390718 0.4242542807882809 -0.2549784982716151
-0.7250064047647395 0.518337286207075 -0.275161621214198
-0.6708340867363033 0.530502135043935 -0.2548828034757797
-0.6448569087092513 0.48954305675296794 -0.23465183313527901
-0.7227884427904074 0.6124202916258691 -0.2953447441567809
-0.6426389467349192 0.5836260621717619 -0.2548349560778619
-0.6708340867363033 0.530502135043935 -0.2548828034757797
-0.7250064047647395 0.518337286207075 -0.275161621214198
-0.5624894506794309 0.5548318327176549 -0.2143251679989429
-0.6448569087092513 0.48954305675296794 -0.23465183313527901
-0.6708340867363033 0.530502135043935 -0.2548828034757797
-0.6426389467349192 0.5836260621717619 -0.2548349560778619
-0.6261180813586984 0.3479390552657536 -0.09754081292222816
-0.676671224048885 0.38609666802701725 -0.17625965559692164
-0.6386106329257336 0.44234172292389645 -0.18894815973092874
-0.5943037660190646 0.4513854439917042 -0.15593299046058554
-0.7272243667390718 0.4242542807882809 -0.2549784982716151
-0.6448569087092513 0.48954305675296794 -0.23465183313527901
-0.6386106329257336 0.44234172292389645 -0.18894815973092874
-0.676671224048885 0.38609666802701725 -0.17625965559692164
-0.5624894506794309 0.5548318327176549 -0.2143251679989429
-0.5943037660190646 0.4513854439917042 -0.15593299046058554
-0.6386106329257336 0.44234172292389645 -0.18894815973092874
-0.6448569087092513 0.48954305675296794 -0.23465183313527901
-0.6261180813586984 0.3479390552657536 -0.09754081292222816
-0.5635551425381438 0.4186278127403039 -0.055507207970052916
-0.5801260530881801 0.40331056378084074 -0.0032342034551400786
-0.6196929777734757 0.36030756056383395 0.001885496326228718
-0.5009922037175892 0.4893165702148543 -0.01347360301787767
-0.557130038952921 0.43099631803838434 0.04391910127840396
-0.5801260530881801 0.40331056378084074 -0.0032342034551400786
-0.5635551425381438 0.4186278127403039 -0.055507207970052916
-0.6132678741882529 0.3726760658619143 0.1013118055746856
-0.6196929777734757 0.36030756056383395 0.001885496326228718
-0.5801260530881801 0.40331056378084074 -0.0032342034551400786
-0.557130038952921 0.43099631803838434 0.04391910127840396
-0.3709639425335886 -0.5953874886053633 -0.02995010606150791
-0.4176905449155963 -0.5843045801246525 0.05786354946822775
-0.37585746376210244 -0.6125679715689739 0.08224169561043854
-0.3315776219943517 -0.63224112153149 0.0505239409166761
-0.4644171472976041 -0.5732216716439417 0.1456772049979634
-0.37830422437635947 -0.6211582130507791 0.13833759644641175
-0.37585746376210244 -0.6125679715689739 0.08224169561043854
-0.4176905449155963 -0.5843045801246525 0.05786354946822775
-0.2921913014551148 -0.6690947544576167 0.1309979878948601
-0.3315776219943517 -0.63224112153149 0.0505239409166761
-0.37585746376210244 -0.6125679715689739 0.08224169561043854
-0.37830422437635947 -0.6211582130507791 0.13833759644641175
-0.372198101770685 0.6062999577732157 0.08201655056764258
-0.41161307193700625 0.6497546255105131 0.1635629752145795
-0.45205529935774597 0.6124832215455069 0.16779296329344298
-0.45256892798495524 0.5721201856943551 0.12913474500940628
-0.4510280421033274 0.6932092932478104 0.2451093998615164
-0.4919838981512764 0.6155748534316525 0.2106811696563432
-0.45205529935774597 0.6124832215455069 0.16779296329344298
-0.41161307193700625 0.6497546255105131 0.1635629752145795
-0.5329397541992255 0.5379404136154945 0.17625293945117
-0.45256892798495524 0.5721201856943551 0.12913474500940628
-0.45205529935774597 0.6124832215455069 0.16779296329344298
-0.4919838981512764 0.6155748534316525 0.2106811696563432
-0.3842528868789209 0.6128117095914611 -0.1159607528613116
-0.4161125726051535 0.6697292619646653 -0.18891703456669018
-0.3611164344292133 0.6947595279326878 -0.19603241729590484
-0.31768852247812696 0.6788158847300971 -0.1631119678078229
-0.4479722583313861 0.7266468143378695 -0.2618733162720688
-0.34954820820435956 0.7357334371033013 -0.2360682495132015
-0.3611164344292133 0.6947595279326878 -0.19603241729590484
-0.4161125726051535 0.6697292619646653 -0.18891703456669018
-0.251124158077333 0.7448200598687331 -0.2102631827543342
-0.31768852247812696 0.6788158847300971 -0.1631119678078229
-0.3611164344292133 0.6947595279326878 -0.19603241729590484
-0.34954820820435956 0.7357334371033013 -0.2360682495132015
-0.5009922037175892 0.4893165702148543 -0.01347360301787767
-0.4365951527441371 0.5478082639940349 0.034271473774882454
-0.4687100198958332 0.5445189805345215 0.08159862900031163
-0.5169659789584073 0.5136284919151743 0.08138966821664616
-0.372198101770685 0.6062999577732157 0.08201655056764258
-0.45256892798495524 0.5721201856943551 0.12913474500940628
-0.4687100198958332 0.5445189805345215 0.08159862900031163
-0.4365951527441371 0.5478082639940349 0.034271473774882454
-0.5329397541992255 0.5379404136154945 0.17625293945117
-0.5169659789584073 0.5136284919151743 0.08138966821664616
-0.4687100198958332 0.5445189805345215 0.08159862900031163
-0.45256892798495524 0.5721201856943551 0.12913474500940628
-0.4644171472976041 -0.5732216716439417 0.1456772049979634
-0.5477185341171814 -0.605998491297193 0.21388389035985322
-0.5082861013617291 -0.6478053147384254 0.22883488959266482
-0.4469191915742143 -0.6523203166324159 0.2022070465281257
-0.6310199209367587 -0.6387753109504443 0.282090575721743
-0.5302205783937917 -0.6850971362856672 0.2704137318900155
-0.5082861013617291 -0.6478053147384254 0.22883488959266482
-0.5477185341171814 -0.605998491297193 0.21388389035985322
-0.4294212358508245 -0.73141896162089 0.258736888058288
-0.4469191915742143 -0.6523203166324159 0.2022070465281257
-0.5082861013617291 -0.6478053147384254 0.22883488959266482
-0.5302205783937917 -0.6850971362856672 0.2704137318900155
-0.7263486767061138 -0.2855915148350236 0.2044744767930424
-0.8172801988003136 -0.2999137548750598 0.2509667848905542
-0.800675025705394 -0.35894956214789336 0.26201145164695033
-0.7469066781108344 -0.381306345764292 0.24428763097639256
-0.9082117208945133 -0.3142359949150959 0.297459092988066
-0.8378382002050342 -0.3956285858043282 0.2907799390739043
-0.800675025705394 -0.35894956214789336 0.26201145164695033
-0.8172801988003136 -0.2999137548750598 0.2509667848905542
-0.7674646795155551 -0.4770211766935605 0.2841007851597427
-0.7469066781108344 -0.381306345764292 0.24428763097639256
-0.800675025705394 -0.35894956214789336 0.26201145164695033
-0.8378382002050342 -0.3956285858043282 0.2907799390739043
-0.4479722583313861 0.7266468143378695 -0.2618733162720688
-0.5030600044289544 0.8159740540035934 -0.2775345290255645
-0.4490446500391771 0.8415994740831287 -0.2839295923317026
-0.39449309979550434 0.8097485642900344 -0.27929651760802376
-0.5581477505265228 0.9053012936693172 -0.2931957417790602
-0.4495808458930727 0.8990758039557583 -0.2949577303615195
-0.4490446500391771 0.8415994740831287 -0.2839295923317026
-0.5030600044289544 0.8159740540035934 -0.2775345290255645
-0.3410139412596226 0.8928503142421993 -0.2967197189439788
-0.39449309979550434 0.8097485642900344 -0.27929651760802376
-0.4490446500391771 0.8415994740831287 -0.2839295923317026
-0.4495808458930727 0.8990758039557583 -0.2949577303615195
-0.672181159931532 0.1985015891088229 0.02293924837637159
-0.6491496206451153 0.27322032218728826 -0.03730078227292828
-0.6371890384928278 0.3063722367454969 0.008903413676276345
-0.6427245170598925 0.2855888274853686 0.06212552697552859
-0.6261180813586984 0.3479390552657536 -0.09754081292222816
-0.6196929777734757 0.36030756056383395 0.001885496326228718
-0.6371890384928278 0.3063722367454969 0.008903413676276345
-0.6491496206451153 0.27322032218728826 -0.03730078227292828
-0.6132678741882529 0.3726760658619143 0.1013118055746856
-0.6427245170598925 0.2855888274853686 0.06212552697552859
-0.6371890384928278 0.3063722367454969 0.008903413676276345
-0.6196929777734757 0.36030756056383395 0.001885496326228718
-0.4644171472976041 -0.5732216716439417 0.1456772049979634
-0.4469191915742143 -0.6523203166324159 0.2022070465281257
-0.3953432282011811 -0.6579117959074828 0.17847069365037052
-0.37830422437635947 -0.6211582130507791 0.13833759644641175
-0.4294212358508245 -0.73141896162089 0.258736888058288
-0.3608062686529696 -0.7002568580392534 0.19486743797657405
-0.3953432282011811 -0.6579117959074828 0.17847069365037052
-0.4469191915742143 -0.6523203166324159 0.2022070465281257
-0.2921913014551148 -0.6690947544576167 0.1309979878948601
-0.37830422437635947 -0.6211582130507791 0.13833759644641175
-0.3953432282011811 -0.6579117959074828 0.17847069365037052
-0.3608062686529696 -0.7002568580392534 0.19486743797657405
-0.7272243667390718 0.4242542807882809 -0.2549784982716151
-0.8144008954186276 0.36384588977214266 -0.27549724446471213
-0.8410175443119975 0.4115952853683593 -0.2832276376486365
-0.8107376044189044 0.46567417867453686 -0.2768334611440502
-0.9015774240981834 0.3034374987560044 -0.2960159906578091
-0.8979141330984602 0.4052657876583986 -0.2973522073371472
-0.8410175443119975 0.4115952853683593 -0.2832276376486365
-0.8144008954186276 0.36384588977214266 -0.27549724446471213
-0.8942508420987371 0.5070940765607928 -0.2986884240164853
-0.8107376044189044 0.46567417867453686 -0.2768334611440502
-0.8410175443119975 0.4115952853683593 -0.2832276376486365
-0.8979141330984602 0.4052657876583986 -0.2973522073371472
-0.5009922037175892 0.4893165702148543 -0.01347360301787767
-0.5169659789584073 0.5136284919151743 0.08138966821664616
-0.5490666107016892 0.46664434989742104 0.08803038066932596
-0.557130038952921 0.43099631803838434 0.04391910127840396
-0.5329397541992255 0.5379404136154945 0.17625293945117
-0.5731038141937392 0.4553082397387044 0.1387823725129278
-0.5490666107016892 0.46664434989742104 0.08803038066932596
-0.5169659789584073 0.5136284919151743 0.08138966821664616
-0.6132678741882529 0.3726760658619143 0.1013118055746856
-0.557130038952921 0.43099631803838434 0.04391910127840396
-0.5490666107016892 0.46664434989742104 0.08803038066932596
-0.5731038141937392 0.4553082397387044 0.1387823725129278
-0.3709639425335886 -0.5953874886053633 -0.02995010606150791
-0.4478377242903523 -0.5294267723339091 -0.018604161466006228
-0.45336419862610294 -0.54402507210392 0.03615629402198365
-0.4176905449155963 -0.5843045801246525 0.05786354946822775
-0.524711506047116 -0.4634660560624549 -0.007258216870504541
-0.49456432667236006 -0.5183438638531983 0.06920949406372943
-0.45336419862610294 -0.54402507210392 0.03615629402198365
-0.4478377242903523 -0.5294267723339091 -0.018604161466006228
-0.4644171472976041 -0.5732216716439417 0.1456772049979634
-0.4176905449155963 -0.5843045801246525 0.05786354946822775
-0.45336419862610294 -0.54402507210392 0.03615629402198365
-0.49456432667236006 -0.5183438638531983 0.06920949406372943
-0.4294212358508245 -0.73141896162089 0.258736888058288
-0.33933984744442686 -0.7720578409407381 0.25929020432016553
-0.32362366544798954 -0.737736812113031 0.21652613217839703
-0.3608062686529696 -0.7002568580392534 0.19486743797657405
-0.2492584590380292 -0.8126967202605864 0.2598435205820431
-0.270724880246572 -0.7408957373591015 0.1954207542384516
-0.32362366544798954 -0.737736812113031 0.21652613217839703
-0.33933984744442686 -0.7720578409407381 0.25929020432016553
-0.2921913014551148 -0.6690947544576167 0.1309979878948601
-0.3608062686529696 -0.7002568580392534 0.19486743797657405
-0.32362366544798954 -0.737736812113031 0.21652613217839703
-0.270724880246572 -0.7408957373591015 0.1954207542384516
-0.7272243667390718 0.4242542807882809 -0.2549784982716151
-0.8107376044189044 0.46567417867453686 -0.2768334611440502
-0.7814212172094054 0.5145895496583143 -0.28300388881496047
-0.7250064047647395 0.518337286207075 -0.275161621214198
-0.8942508420987371 0.5070940765607928 -0.2986884240164853
-0.8085196424445722 0.5597571840933309 -0.2970165840866331
-0.7814212172094054 0.5145895496583143 -0.28300388881496047
-0.8107376044189044 0.46567417867453686 -0.2768334611440502
-0.7227884427904074 0.6124202916258691 -0.2953447441567809
-0.7250064047647395 0.518337286207075 -0.275161621214198
-0.7814212172094054 0.5145895496583143 -0.28300388881496047
-0.8085196424445722 0.5597571840933309 -0.2970165840866331
-0.4510280421033274 0.6932092932478104 0.2451093998615164
-0.5406333995859387 0.6812284592885268 0.2670242668826687
-0.538068851123701 0.633465777397516 0.2367671577388358
-0.4919838981512764 0.6155748534316525 0.2106811696563432
-0.6302387570685499 0.6692476253292432 0.2889391339038211
-0.5815892556338877 0.6035940194723688 0.23259603667749554
-0.538068851123701 0.633465777397516 0.2367671577388358
-0.5406333995859387 0.6812284592885268 0.2670242668826687
-0.5329397541992255 0.5379404136154945 0.17625293945117
-0.4919838981512764 0.6155748534316525 0.2106811696563432
-0.538068851123701 0.633465777397516 0.2367671577388358
-0.5815892556338877 0.6035940194723688 0.23259603667749554
-0.7490683027976873 0.8279339079941141 0.2764546304898128
-0.7872235502493965 0.7345161180139048 0.28652177571829207
-0.734895285855781 0.7127599537856844 0.2873275617801351
-0.6896535299331186 0.7485907666616787 0.28269688219681693
-0.8253787977011056 0.6410983280336954 0.2965889209467713
-0.7278087773848277 0.6551729766814693 0.29276402742529617
-0.734895285855781 0.7127599537856844 0.2873275617801351
-0.7872235502493965 0.7345161180139048 0.28652177571829207
-0.6302387570685499 0.6692476253292432 0.2889391339038211
-0.6896535299331186 0.7485907666616787 0.28269688219681693
-0.734895285855781 0.7127599537856844 0.2873275617801351
-0.7278087773848277 0.6551729766814693 0.29276402742529617
-0.7349483350500264 0.2511953071395637 0.2003318960378549
-0.8021805123109773 0.18831414827346388 0.23729448450868734
-0.7795543966557266 0.14588774066631663 0.2062054270807487
-0.7346252501976258 0.15611511629579292 0.17217960413136313
-0.8694126895719283 0.1254329894073641 0.2742570729795198
-0.8018574274585767 0.09323395742969312 0.20914219260219558
-0.7795543966557266 0.14588774066631663 0.2062054270807487
-0.8021805123109773 0.18831414827346388 0.23729448450868734
-0.7343021653452251 0.06103492545202214 0.1440273122248714
-0.7346252501976258 0.15611511629579292 0.17217960413136313
-0.7795543966557266 0.14588774066631663 0.2062054270807487
-0.8018574274585767 0.09323395742969312 0.20914219260219558
-0.7377511327617142 -0.8389508166869031 -0.2761635827935107
-0.6723600089186925 -0.8995512405749083 -0.27180460689787145
-0.6998192219614762 -0.9330472158366483 -0.23500509112685738
-0.746244390404379 -0.9194949915235155 -0.21878482118917
-0.6069688850756709 -0.9601516644629136 -0.2674456310022321
-0.6808532665613574 -0.9800954154115208 -0.2144258452935307
-0.6998192219614762 -0.9330472158366483 -0.23500509112685738
-0.6723600089186925 -0.8995512405749083 -0.27180460689787145
-0.7547376480470438 -1.000039166360128 -0.1614060595848293
-0.746244390404379 -0.9194949915235155 -0.21878482118917
-0.6998192219614762 -0.9330472158366483 -0.23500509112685738
-0.6808532665613574 -0.9800954154115208 -0.2144258452935307
-0.524711506047116 -0.4634660560624549 -0.007258216870504541
-0.5782697703585488 -0.38490314896625033 0.014404274982658598
-0.5887408818178711 -0.4037338154931926 0.0662087676467506
-0.567197305391816 -0.45243060230476595 0.08127976805221503
-0.6318280346699815 -0.3063402418700458 0.03606676683582174
-0.6207555697032487 -0.37386769520856145 0.10294225990537817
-0.5887408818178711 -0.4037338154931926 0.0662087676467506
-0.5782697703585488 -0.38490314896625033 0.014404274982658598
-0.6096831047365159 -0.441395148547077 0.1698177529749346
-0.567197305391816 -0.45243060230476595 0.08127976805221503
-0.5887408818178711 -0.4037338154931926 0.0662087676467506
-0.6207555697032487 -0.37386769520856145 0.10294225990537817
-0.4510280421033274 0.6932092932478104 0.2451093998615164
-0.502137844006858 0.7725825721672186 0.27234571544823705
-0.5448381483607553 0.7381375898878936 0.2778768549334317
-0.5406333995859387 0.6812284592885268 0.2670242668826687
-0.5532476459103886 0.8519558510866266 0.2995820310349577
-0.5917432014894692 0.7606017382079349 0.29426058246938935
-0.5448381483607553 0.7381375898878936 0.2778768549334317
-0.502137844006858 0.7725825721672186 0.27234571544823705
-0.6302387570685499 0.6692476253292432 0.2889391339038211
-0.5406333995859387 0.6812284592885268 0.2670242668826687
-0.5448381483607553 0.7381375898878936 0.2778768549334317
-0.5917432014894692 0.7606017382079349 0.29426058246938935
-0.982159675751437 -0.1225719411923596 -0.299825818186928
-0.9557031725452511 -0.01328215665418394 -0.2962596362365013
-0.9006660259414163 -0.021637261560338548 -0.2694142290427426
-0.8863757042425919 -0.08045970628250368 -0.2577746164210766
-0.9292466693390651 0.09600762788399173 -0.2926934542860747
-0.8599192010364061 0.02883007825567198 -0.25420843447064995
-0.9006660259414163 -0.021637261560338548 -0.2694142290427426
-0.9557031725452511 -0.01328215665418394 -0.2962596362365013
-0.7905917327337469 -0.03834747137264777 -0.2157234146552252
-0.8863757042425919 -0.08045970628250368 -0.2577746164210766
-0.9006660259414163 -0.021637261560338548 -0.2694142290427426
-0.8599192010364061 0.02883007825567198 -0.25420843447064995
-0.672181159931532 0.1985015891088229 0.02293924837637159
-0.6427245170598925 0.2855888274853686 0.06212552697552859
-0.6734657897232705 0.2741243207034336 0.10819431666297069
-0.7035647474907792 0.2248484481241933 0.11163557220711325
-0.6132678741882529 0.3726760658619143 0.1013118055746856
-0.6741081046191397 0.311935686500739 0.15082185080627025
-0.6734657897232705 0.2741243207034336 0.10819431666297069
-0.6427245170598925 0.2855888274853686 0.06212552697552859
-0.7349483350500264 0.2511953071395637 0.2003318960378549
-0.7035647474907792 0.2248484481241933 0.11163557220711325
-0.6734657897232705 0.2741243207034336 0.10819431666297069
-0.6741081046191397 0.311935686500739 0.15082185080627025
0.291656398497512 0.856968801563375 -0.2846409889254268
0.3877087774141596 0.8506270922218635 -0.2917143954306174
0.3834681940984162 0.8013429114489147 -0.26797005777912863
0.3333217129822207 0.779871675733196 -0.25256118570078895
0.4837611563308072 0.8442853828803522 -0.298787801935808
0.4293740918988683 0.7735299663916847 -0.25963459220597956
0.3834681940984162 0.8013429114489147 -0.26797005777912863
0.3877087774141596 0.8506270922218635 -0.2917143954306174
0.3749870274669294 0.7027745499030172 -0.2204813824761511
0.3333217129822207 0.779871675733196 -0.25256118570078895
0.3834681940984162 0.8013429114489147 -0.26797005777912863
0.4293740918988683 0.7735299663916847 -0.25963459220597956
-0.8942387063707247 0.321150801178143 0.2958306948420866
-0.9796906606591468 0.2735472496652974 0.2911868550782919
-0.9429313369634073 0.22417582957931967 0.2855435943787012
-0.8818256979713265 0.22329189529275356 0.28504388391080315
-1.065142614947569 0.2259436981524519 0.2865430153144973
-0.9672776522597486 0.175688343779908 0.28040004414700853
-0.9429313369634073 0.22417582957931967 0.2855435943787012
-0.9796906606591468 0.2735472496652974 0.2911868550782919
-0.8694126895719283 0.1254329894073641 0.2742570729795198
-0.8818256979713265 0.22329189529275356 0.28504388391080315
-0.9429313369634073 0.22417582957931967 0.2855435943787012
-0.9672776522597486 0.175688343779908 0.28040004414700853
-0.6132678741882529 0.3726760658619143 0.1013118055746856
-0.6663498984717497 0.4108999427185446 0.18001019414969247
-0.689216043997842 0.3576650641922176 0.18678409477907995
-0.6741081046191397 0.311935686500739 0.15082185080627025
-0.7194319227552466 0.4491238195751748 0.2587085827246993
-0.7271901289026366 0.3501595633573692 0.2295202393812771
-0.689216043997842 0.3576650641922176 0.18678409477907995
-0.6663498984717497 0.4108999427185446 0.18001019414969247
-0.7349483350500264 0.2511953071395637 0.2003318960378549
-0.6741081046191397 0.311935686500739 0.15082185080627025
-0.689216043997842 0.3576650641922176 0.18678409477907995
-0.7271901289026366 0.3501595633573692 0.2295202393812771
-0.7034490795086773 0.01743358896323373 -0.04675053051605849
-0.7231804312402005 0.10081900805657062 -0.11687195859258594
-0.706180674137311 0.13337986840732138 -0.07026822293626676
-0.6878151197201047 0.10796758903602832 -0.011905641069843452
-0.7429117829717237 0.1842044271499075 -0.1869933866691134
-0.7075464714516279 0.1913530081293652 -0.0820270691463709
-0.706180674137311 0.13337986840732138 -0.07026822293626676
-0.7231804312402005 0.10081900805657062 -0.11687195859258594
-0.672181159931532 0.1985015891088229 0.02293924837637159
-0.6878151197201047 0.10796758903602832 -0.011905641069843452
-0.706180674137311 0.13337986840732138 -0.07026822293626676
-0.7075464714516279 0.1913530081293652 -0.0820270691463709
-0.1131313652419752 -0.7647215373819454 -0.1961916980755149
-0.08085515141979378 -0.8453461748163483 -0.24361783847361196
-0.13032218832968942 -0.864688063179075 -0.2598097606080212
-0.17119381369572795 -0.8340466886432367 -0.2441926514761773
-0.04857893759761237 -0.9259708122507513 -0.291043978871709
-0.13891759987354654 -0.9146713260776398 -0.29161879187427436
-0.13032218832968942 -0.864688063179075 -0.2598097606080212
-0.08085515141979378 -0.8453461748163483 -0.24361783847361196
-0.2292562621494807 -0.9033718399045282 -0.2921936048768397
-0.17119381369572795 -0.8340466886432367 -0.2441926514761773
-0.13032218832968942 -0.864688063179075 -0.2598097606080212
-0.13891759987354654 -0.9146713260776398 -0.29161879187427436
-0.7034490795086773 0.01743358896323373 -0.04675053051605849
-0.7188756224269512 0.03923425720762794 0.04863839085440645
-0.7133309997813161 -0.016050661894478003 0.06215676335321477
-0.7028454169993614 -0.05459345556772808 0.02122148891738645
-0.7343021653452251 0.06103492545202214 0.1440273122248714
-0.7182719599176354 -0.03279278732333388 0.1166104102878514
-0.7133309997813161 -0.016050661894478003 0.06215676335321477
-0.7188756224269512 0.03923425720762794 0.04863839085440645
-0.7022417544900457 -0.1266205000986899 0.0891935083508314
-0.7028454169993614 -0.05459345556772808 0.02122148891738645
-0.7133309997813161 -0.016050661894478003 0.06215676335321477
-0.7182719599176354 -0.03279278732333388 0.1166104102878514
-0.6310199209367587 -0.6387753109504443 0.282090575721743
-0.6129288562539268 -0.7352897621706218 0.29061868892440085
-0.5517596494528927 -0.7339994953207113 0.2799914219690299
-0.5302205783937917 -0.6850971362856672 0.2704137318900155
-0.594837791571095 -0.8318042133907992 0.2991468021270587
-0.5121295137109597 -0.7816115875058447 0.27894184509267334
-0.5517596494528927 -0.7339994953207113 0.2799914219690299
-0.6129288562539268 -0.7352897621706218 0.29061868892440085
-0.4294212358508245 -0.73141896162089 0.258736888058288
-0.5302205783937917 -0.6850971362856672 0.2704137318900155
-0.5517596494528927 -0.7339994953207113 0.2799914219690299
-0.5121295137109597 -0.7816115875058447 0.27894184509267334
-0.6953051807235145 -0.1805963565577906 -0.1033829044400874
-0.7429484567286307 -0.10947191396521919 -0.1595531595476563
-0.7297819976553129 -0.06717007965573489 -0.12195228320379037
-0.6993771301160959 -0.08158138379727845 -0.07506671747807295
-0.7905917327337469 -0.03834747137264777 -0.2157234146552252
-0.7470204061212121 -0.01045694120470702 -0.13123697258564185
-0.7297819976553129 -0.06717007965573489 -0.12195228320379037
-0.7429484567286307 -0.10947191396521919 -0.1595531595476563
-0.7034490795086773 0.01743358896323373 -0.04675053051605849
-0.6993771301160959 -0.08158138379727845 -0.07506671747807295
-0.7297819976553129 -0.06717007965573489 -0.12195228320379037
-0.7470204061212121 -0.01045694120470702 -0.13123697258564185
-0.6953051807235145 -0.1805963565577906 -0.1033829044400874
-0.7506824331601312 -0.21346284110323038 -0.17946716468204651
-0.7639855330180031 -0.15509105119303618 -0.19155258133977274
-0.7429484567286307 -0.10947191396521919 -0.1595531595476563
-0.8060596855967479 -0.2463293256486702 -0.2555514249240056
-0.7983257091652474 -0.142338398510659 -0.23563741978961542
-0.7639855330180031 -0.15509105119303618 -0.19155258133977274
-0.7506824331601312 -0.21346284110323038 -0.17946716468204651
-0.7905917327337469 -0.03834747137264777 -0.2157234146552252
-0.7429484567286307 -0.10947191396521919 -0.1595531595476563
-0.7639855330180031 -0.15509105119303618 -0.19155258133977274
-0.7983257091652474 -0.142338398510659 -0.23563741978961542
-0.5532476459103886 0.8519558510866266 0.2995820310349577
-0.6511579743540379 0.8399448795403703 0.28801833076238526
-0.6441849019255419 0.7830457948033279 0.2883252651428639
-0.5917432014894692 0.7606017382079349 0.29426058246938935
-0.7490683027976873 0.8279339079941141 0.2764546304898128
-0.6896535299331186 0.7485907666616787 0.28269688219681693
-0.6441849019255419 0.7830457948033279 0.2883252651428639
-0.6511579743540379 0.8399448795403703 0.28801833076238526
-0.6302387570685499 0.6692476253292432 0.2889391339038211
-0.5917432014894692 0.7606017382079349 0.29426058246938935
-0.6441849019255419 0.7830457948033279 0.2883252651428639
-0.6896535299331186 0.7485907666616787 0.28269688219681693
-0.6318280346699815 -0.3063402418700458 0.03606676683582174
-0.6790883556880476 -0.29596587835253474 0.12027062181443207
-0.6559532720375371 -0.3444423017507155 0.13678633220126624
-0.6207555697032487 -0.37386769520856145 0.10294225990537817
-0.7263486767061138 -0.2855915148350236 0.2044744767930424
-0.6680158907213148 -0.3634933316910503 0.1871461148839885
-0.6559532720375371 -0.3444423017507155 0.13678633220126624
-0.6790883556880476 -0.29596587835253474 0.12027062181443207
-0.6096831047365159 -0.441395148547077 0.1698177529749346
-0.6207555697032487 -0.37386769520856145 0.10294225990537817
-0.6559532720375371 -0.3444423017507155 0.13678633220126624
-0.6680158907213148 -0.3634933316910503 0.1871461148839885
-0.7349483350500264 0.2511953071395637 0.2003318960378549
-0.8145935207103756 0.2861730541588533 0.24808129543997073
-0.8328665769975597 0.2325930325750236 0.25680655461982044
-0.8021805123109773 0.18831414827346388 0.23729448450868734
-0.8942387063707247 0.321150801178143 0.2958306948420866
-0.8818256979713265 0.22329189529275356 0.28504388391080315
-0.8328665769975597 0.2325930325750236 0.25680655461982044
-0.8145935207103756 0.2861730541588533 0.24808129543997073
-0.8694126895719283 0.1254329894073641 0.2742570729795198
-0.8021805123109773 0.18831414827346388 0.23729448450868734
-0.8328665769975597 0.2325930325750236 0.25680655461982044
-0.8818256979713265 0.22329189529275356 0.28504388391080315
-0.6953051807235145 -0.1805963565577906 -0.1033829044400874
-0.6993771301160959 -0.08158138379727845 -0.07506671747807295
-0.7003320049074125 -0.0965944225644156 -0.020313308868438167
-0.69877346760678 -0.15360842832824023 -0.007094698044627999
-0.7034490795086773 0.01743358896323373 -0.04675053051605849
-0.7028454169993614 -0.05459345556772808 0.02122148891738645
-0.7003320049074125 -0.0965944225644156 -0.020313308868438167
-0.6993771301160959 -0.08158138379727845 -0.07506671747807295
-0.7022417544900457 -0.1266205000986899 0.0891935083508314
-0.69877346760678 -0.15360842832824023 -0.007094698044627999
-0.7003320049074125 -0.0965944225644156 -0.020313308868438167
-0.7028454169993614 -0.05459345556772808 0.02122148891738645
-0.7034490795086773 0.01743358896323373 -0.04675053051605849
-0.6878151197201047 0.10796758903602832 -0.011905641069843452
-0.7033108015951447 0.0923233678413596 0.040072010028394826
-0.7188756224269512 0.03923425720762794 0.04863839085440645
-0.672181159931532 0.1985015891088229 0.02293924837637159
-0.7032416626383786 0.12976825728042252 0.08348328030062149
-0.7033108015951447 0.0923233678413596 0.040072010028394826
-0.6878151197201047 0.10796758903602832 -0.011905641069843452
-0.7343021653452251 0.06103492545202214 0.1440273122248714
-0.7188756224269512 0.03923425720762794 0.04863839085440645
-0.7033108015951447 0.0923233678413596 0.040072010028394826
-0.7032416626383786 0.12976825728042252 0.08348328030062149
-0.6318280346699815 -0.3063402418700458 0.03606676683582174
-0.663566607696748 -0.24346829921391822 -0.03365806880213283
-0.6764583232945139 -0.20451903284217543 0.007292456915521911
-0.6670348945800135 -0.21648037098436784 0.06263013759332657
-0.6953051807235145 -0.1805963565577906 -0.1033829044400874
-0.69877346760678 -0.15360842832824023 -0.007094698044627999
-0.6764583232945139 -0.20451903284217543 0.007292456915521911
-0.663566607696748 -0.24346829921391822 -0.03365806880213283
-0.7022417544900457 -0.1266205000986899 0.0891935083508314
-0.6670348945800135 -0.21648037098436784 0.06263013759332657
-0.6764583232945139 -0.20451903284217543 0.007292456915521911
-0.69877346760678 -0.15360842832824023 -0.007094698044627999
-0.672181159931532 0.1985015891088229 0.02293924837637159
-0.7035647474907792 0.2248484481241933 0.11163557220711325
-0.7138105534422611 0.17024394056680292 0.1224328188796993
-0.7032416626383786 0.12976825728042252 0.08348328030062149
-0.7349483350500264 0.2511953071395637 0.2003318960378549
-0.7346252501976258 0.15611511629579292 0.17217960413136313
-0.7138105534422611 0.17024394056680292 0.1224328188796993
-0.7035647474907792 0.2248484481241933 0.11163557220711325
-0.7343021653452251 0.06103492545202214 0.1440273122248714
-0.7032416626383786 0.12976825728042252 0.08348328030062149
-0.7138105534422611 0.17024394056680292 0.1224328188796993
-0.7346252501976258 0.15611511629579292 0.17217960413136313
-0.8060596855967479 -0.2463293256486702 -0.2555514249240056
-0.8941096806740925 -0.1844506334205149 -0.2776886215554668
-0.8596036980273106 -0.1357495794045592 -0.25703355258871957
-0.7983257091652474 -0.142338398510659 -0.23563741978961542
-0.982159675751437 -0.1225719411923596 -0.299825818186928
-0.8863757042425919 -0.08045970628250368 -0.2577746164210766
-0.8596036980273106 -0.1357495794045592 -0.25703355258871957
-0.8941096806740925 -0.1844506334205149 -0.2776886215554668
-0.7905917327337469 -0.03834747137264777 -0.2157234146552252
-0.7983257091652474 -0.142338398510659 -0.23563741978961542
-0.8596036980273106 -0.1357495794045592 -0.25703355258871957
-0.8863757042425919 -0.08045970628250368 -0.2577746164210766
-0.3709639425335886 -0.5953874886053633 -0.02995010606150791
-0.43853042872243 -0.5841512307873731 -0.10786020398966331
-0.4672574544973253 -0.5439228392124004 -0.07432620828327706
-0.4478377242903523 -0.5294267723339091 -0.018604161466006228
-0.5060969149112714 -0.572914972969383 -0.1857703019178187
-0.5154042104791937 -0.5181905145159189 -0.09651425939416163
-0.4672574544973253 -0.5439228392124004 -0.07432620828327706
-0.43853042872243 -0.5841512307873731 -0.10786020398966331
-0.524711506047116 -0.4634660560624549 -0.007258216870504541
-0.4478377242903523 -0.5294267723339091 -0.018604161466006228
-0.4672574544973253 -0.5439228392124004 -0.07432620828327706
-0.5154042104791937 -0.5181905145159189 -0.09651425939416163
-0.524711506047116 -0.4634660560624549 -0.007258216870504541
-0.5840987106328845 -0.426564977088597 -0.08823182793113132
-0.6000084853119169 -0.3864900653490799 -0.046798963008813636
-0.5782697703585488 -0.38490314896625033 0.014404274982658598
-0.6434859152186531 -0.389663898114739 -0.1692054389917581
-0.6376569749443173 -0.3480020699923924 -0.06656933607796818
-0.6000084853119169 -0.3864900653490799 -0.046798963008813636
-0.5840987106328845 -0.426564977088597 -0.08823182793113132
-0.6318280346699815 -0.3063402418700458 0.03606676683582174
-0.5782697703585488 -0.38490314896625033 0.014404274982658598
-0.6000084853119169 -0.3864900653490799 -0.046798963008813636
-0.6376569749443173 -0.3480020699923924 -0.06656933607796818
-0.1919067545671363 -0.6760153082686995 -0.04035617526826585
-0.28143534855036245 -0.6357013984370314 -0.03515314066488688
-0.2850206661852799 -0.6468325171105599 0.020230568855028785
-0.24204902801112554 -0.6725550313631581 0.04532090631329713
-0.3709639425335886 -0.5953874886053633 -0.02995010606150791
-0.3315776219943517 -0.63224112153149 0.0505239409166761
-0.2850206661852799 -0.6468325171105599 0.020230568855028785
-0.28143534855036245 -0.6357013984370314 -0.03515314066488688
-0.2921913014551148 -0.6690947544576167 0.1309979878948601
-0.24204902801112554 -0.6725550313631581 0.04532090631329713
-0.2850206661852799 -0.6468325171105599 0.020230568855028785
-0.3315776219943517 -0.63224112153149 0.0505239409166761
-0.6318280346699815 -0.3063402418700458 0.03606676683582174
-0.6670348945800135 -0.21648037098436784 0.06263013759332657
-0.6868061552887136 -0.23951741893458642 0.10991158399323185
-0.6790883556880476 -0.29596587835253474 0.12027062181443207
-0.7022417544900457 -0.1266205000986899 0.0891935083508314
-0.7142952155980797 -0.20610600746685676 0.1468339925719369
-0.6868061552887136 -0.23951741893458642 0.10991158399323185
-0.6670348945800135 -0.21648037098436784 0.06263013759332657
-0.7263486767061138 -0.2855915148350236 0.2044744767930424
-0.6790883556880476 -0.29596587835253474 0.12027062181443207
-0.6868061552887136 -0.23951741893458642 0.10991158399323185
-0.7142952155980797 -0.20610600746685676 0.1468339925719369
0.481562432505316 -0.7804886242908715 -0.2883173743074094
0.48218962098983986 -0.8708397657622315 -0.28931264619174357
0.42054137513013456 -0.8782958699322653 -0.2909467157245082
0.38940365795802 -0.8368483512816021 -0.2912661145487234
0.4828168094743638 -0.9611909072335917 -0.2903079180760778
0.39003084644254393 -0.9271994927529621 -0.2922613864330576
0.42054137513013456 -0.8782958699322653 -0.2909467157245082
0.48218962098983986 -0.8708397657622315 -0.28931264619174357
0.2972448834107241 -0.8932080782723325 -0.2942148547900374
0.38940365795802 -0.8368483512816021 -0.2912661145487234
0.42054137513013456 -0.8782958699322653 -0.2909467157245082
0.39003084644254393 -0.9271994927529621 -0.2922613864330576
-0.04857893759761237 -0.9259708122507513 -0.291043978871709
-0.11252440143600244 -1.0038990556017107 -0.287613348722239
-0.15143502167382852 -0.9703899837026498 -0.28914010077377256
-0.13891759987354654 -0.9146713260776398 -0.29161879187427436
-0.1764698652743925 -1.08182729895267 -0.2841827185727689
-0.2028630637119366 -0.9925995694285992 -0.2881881617248043
-0.15143502167382852 -0.9703899837026498 -0.28914010077377256
-0.11252440143600244 -1.0038990556017107 -0.287613348722239
-0.2292562621494807 -0.9033718399045282 -0.2921936048768397
-0.13891759987354654 -0.9146713260776398 -0.29161879187427436
-0.15143502167382852 -0.9703899837026498 -0.28914010077377256
-0.2028630637119366 -0.9925995694285992 -0.2881881617248043
0.6748835304248323 0.4141619128121026 0.2160233124811972
0.7126071221269119 0.4873580421856877 0.25462362496713065
0.6662116236983868 0.5095419570465723 0.24345830814883776
0.6241520786330844 0.4840358497902222 0.2185754934967246
0.7503307138289915 0.5605541715592728 0.2932239374530641
0.661875670335164 0.5572319791638073 0.25717580598265805
0.6662116236983868 0.5095419570465723 0.24345830814883776
0.7126071221269119 0.4873580421856877 0.25462362496713065
0.5734206268413365 0.5539097867683418 0.221127674512252
0.6241520786330844 0.4840358497902222 0.2185754934967246
0.6662116236983868 0.5095419570465723 0.24345830814883776
0.661875670335164 0.5572319791638073 0.25717580598265805
-0.1919067545671363 -0.6760153082686995 -0.04035617526826585
-0.24204902801112554 -0.6725550313631581 0.04532090631329713
-0.19520476848010923 -0.6883156251403394 0.07164535654603998
-0.14671150199260646 -0.6979260604817008 0.04196904087162993
-0.2921913014551148 -0.6690947544576167 0.1309979878948601
-0.1968537754365957 -0.6944657835761594 0.1276461224531929
-0.19520476848010923 -0.6883156251403394 0.07164535654603998
-0.24204902801112554 -0.6725550313631581 0.04532090631329713
-0.1015162494180766 -0.7198368126947022 0.1242942570115257
-0.14671150199260646 -0.6979260604817008 0.04196904087162993
-0.19520476848010923 -0.6883156251403394 0.07164535654603998
-0.1968537754365957 -0.6944657835761594 0.1276461224531929
0.1221019719004029 -0.945119610773805 -0.2962913789790053
0.06824025977782198 -1.025911136719651 -0.28831933253668174
0.029300527319343867 -0.9925976952300178 -0.2892275479816908
0.036761517151395265 -0.9355452115122782 -0.29366767892535717
0.01437854765524108 -1.106702662665497 -0.2803472860943581
-0.017100194971185645 -1.0163367374581243 -0.28569563248303353
0.029300527319343867 -0.9925976952300178 -0.2892275479816908
0.06824025977782198 -1.025911136719651 -0.28831933253668174
-0.04857893759761237 -0.9259708122507513 -0.291043978871709
0.036761517151395265 -0.9355452115122782 -0.29366767892535717
0.029300527319343867 -0.9925976952300178 -0.2892275479816908
-0.017100194971185645 -1.0163367374581243 -0.28569563248303353
-0.08604726472810366 0.8232454846160637 0.2456076361880345
-0.17355391308625812 0.8633719690071324 0.26981980557084895
-0.19989522936963455 0.8174298996590322 0.24338244594542455
-0.16931256333224556 0.7743956227894477 0.2180576814413051
-0.2610605614444126 0.903498453398201 0.2940319749536634
-0.2568192116904 0.8145221071805164 0.24226985082411956
-0.19989522936963455 0.8174298996590322 0.24338244594542455
-0.17355391308625812 0.8633719690071324 0.26981980557084895
-0.2525778619363875 0.7255457609628319 0.1905077266945757
-0.16931256333224556 0.7743956227894477 0.2180576814413051
-0.19989522936963455 0.8174298996590322 0.24338244594542455
-0.2568192116904 0.8145221071805164 0.24226985082411956
-0.1764698652743925 -1.08182729895267 -0.2841827185727689
-0.2560821935276921 -1.0694038407856534 -0.28183871662752646
-0.24714021640162165 -1.014059840491945 -0.2852903460439642
-0.2028630637119366 -0.9925995694285992 -0.2881881617248043
-0.3356945217809917 -1.056980382618637 -0.279494714682284
-0.2824753919652362 -0.9801761112615825 -0.28584415977956185
-0.24714021640162165 -1.014059840491945 -0.2852903460439642
-0.2560821935276921 -1.0694038407856534 -0.28183871662752646
-0.2292562621494807 -0.9033718399045282 -0.2921936048768397
-0.2028630637119366 -0.9925995694285992 -0.2881881617248043
-0.24714021640162165 -1.014059840491945 -0.2852903460439642
-0.2824753919652362 -0.9801761112615825 -0.28584415977956185
-0.1131313652419752 -0.7647215373819454 -0.1961916980755149
-0.17119381369572795 -0.8340466886432367 -0.2441926514761773
-0.22375236021644027 -0.7942925617497325 -0.2331517302646945
-0.22100040924992 -0.7397529226723348 -0.2036307929586219
-0.2292562621494807 -0.9033718399045282 -0.2921936048768397
-0.2790628577036728 -0.8090780739336263 -0.2516317463592843
-0.22375236021644027 -0.7942925617497325 -0.2331517302646945
-0.17119381369572795 -0.8340466886432367 -0.2441926514761773
-0.3288694532578648 -0.7147843079627243 -0.2110698878417289
-0.22100040924992 -0.7397529226723348 -0.2036307929586219
-0.22375236021644027 -0.7942925617497325 -0.2331517302646945
-0.2790628577036728 -0.8090780739336263 -0.2516317463592843
-0.1015162494180766 -0.7198368126947022 0.1242942570115257
-0.052712301394964134 -0.7775295330966685 0.1874979439675056
-0.0033646511646825417 -0.7586346940888347 0.16654812720644027
-0.0030928000610979806 -0.7203409143839345 0.12447137534791765
-0.003908353371851659 -0.8352222534986348 0.2507016309234855
0.04571114796201449 -0.7780336347859009 0.18767506230389755
-0.0033646511646825417 -0.7586346940888347 0.16654812720644027
-0.052712301394964134 -0.7775295330966685 0.1874979439675056
0.09533064929588064 -0.720845016073167 0.1246484936843096
-0.0030928000610979806 -0.7203409143839345 0.12447137534791765
-0.0033646511646825417 -0.7586346940888347 0.16654812720644027
0.04571114796201449 -0.7780336347859009 0.18767506230389755
0.002134031252227362 -0.7034067067897046 -0.04510364344013825
-0.05549866699487392 -0.734064122085825 -0.12064767075782658
-0.10096802951896137 -0.7147145174801165 -0.09388383892797299
-0.09488636165745447 -0.6897110075292021 -0.04272990935420205
-0.1131313652419752 -0.7647215373819454 -0.1961916980755149
-0.15251905990455575 -0.7203684228253224 -0.11827393667189037
-0.10096802951896137 -0.7147145174801165 -0.09388383892797299
-0.05549866699487392 -0.734064122085825 -0.12064767075782658
-0.1919067545671363 -0.6760153082686995 -0.04035617526826585
-0.09488636165745447 -0.6897110075292021 -0.04272990935420205
-0.10096802951896137 -0.7147145174801165 -0.09388383892797299
-0.15251905990455575 -0.7203684228253224 -0.11827393667189037
-0.1131313652419752 -0.7647215373819454 -0.1961916980755149
-0.22100040924992 -0.7397529226723348 -0.2036307929586219
-0.21130252435565877 -0.7185070512044565 -0.1492059203951699
-0.15251905990455575 -0.7203684228253224 -0.11827393667189037
-0.3288694532578648 -0.7147843079627243 -0.2110698878417289
-0.26038810391250056 -0.6953998081157119 -0.12571303155499736
-0.21130252435565877 -0.7185070512044565 -0.1492059203951699
-0.22100040924992 -0.7397529226723348 -0.2036307929586219
-0.1919067545671363 -0.6760153082686995 -0.04035617526826585
-0.15251905990455575 -0.7203684228253224 -0.11827393667189037
-0.21130252435565877 -0.7185070512044565 -0.1492059203951699
-0.26038810391250056 -0.6953998081157119 -0.12571303155499736
-1.117440489083363 -0.6643242832812413 -7.347880794884119e-17
-1.0712312456813324 -0.6930288103065982 -0.0801181619778069
-1.0484661417103973 -0.7377242652125742 -0.05341210798520463
-1.0601882114259449 -0.7457197291528836 -7.347880794884119e-17
-1.025022002279302 -0.7217333373319552 -0.1602363239556137
-1.0139789680239146 -0.7744242561782406 -0.0801181619778069
-1.0484661417103973 -0.7377242652125742 -0.05341210798520463
-1.0712312456813324 -0.6930288103065982 -0.0801181619778069
-1.002935933768527 -0.8271151750245261 -7.347880794884119e-17
-1.0601882114259449 -0.7457197291528836 -7.347880794884119e-17
-1.0484661417103973 -0.7377242652125742 -0.05341210798520463
-1.0139789680239146 -0.7744242561782406 -0.0801181619778069
0.623816736795696 -0.3246227636144778 0.04387919741689999
0.6222026915228526 -0.35759269752182676 -0.046707114200788505
0.5867993230990439 -0.39607370891625165 -0.030409335384016245
0.5699046615235612 -0.39882924765978967 0.023032709833214128
0.6205886462500091 -0.3905626314291758 -0.137293425818477
0.5682906162507178 -0.4317991815671387 -0.06755360178447437
0.5867993230990439 -0.39607370891625165 -0.030409335384016245
0.6222026915228526 -0.35759269752182676 -0.046707114200788505
0.5159925862514265 -0.4730357317051016 0.00218622224952827
0.5699046615235612 -0.39882924765978967 0.023032709833214128
0.5867993230990439 -0.39607370891625165 -0.030409335384016245
0.5682906162507178 -0.4317991815671387 -0.06755360178447437
-0.8649234102152327 0.9705191880955536 -7.347880794884119e-17
-0.8114088423229641 0.9823914386801123 0.0827755541259256
-0.776485166549171 1.0186526437772538 0.05518370275061704
-0.7857806126084088 1.0308471210335453 -7.347880794884119e-17
-0.7578942744306955 0.9942636892646708 0.1655511082518513
-0.7322660447161402 1.0427193716181038 0.0827755541259256
-0.776485166549171 1.0186526437772538 0.05518370275061704
-0.8114088423229641 0.9823914386801123 0.0827755541259256
-0.706637815001585 1.091175053971537 -7.347880794884119e-17
-0.7857806126084088 1.0308471210335453 -7.347880794884119e-17
-0.776485166549171 1.0186526437772538 0.05518370275061704
-0.7322660447161402 1.0427193716181038 0.0827755541259256
0.7579108953916528 0.6440733692061125 -0.2999516696305128
0.8447774724685804 0.6407878368976115 -0.28542875280824004
0.841031737303901 0.5827525657863512 -0.28916911829838077
0.7957255811830974 0.5553776963849714 -0.2983007594545875
0.9316440495455081 0.6375023045891106 -0.2709058359859673
0.882592158260025 0.5520921640764704 -0.28377784263231476
0.841031737303901 0.5827525657863512 -0.28916911829838077
0.8447774724685804 0.6407878368976115 -0.28542875280824004
0.833540266974542 0.4666820235638303 -0.2966498492786622
0.7957255811830974 0.5553776963849714 -0.2983007594545875
0.841031737303901 0.5827525657863512 -0.28916911829838077
0.882592158260025 0.5520921640764704 -0.28377784263231476
-1.236593266099786 0.1910618430128792 0.1639061021373739
-1.1933344775765435 0.13937920937435808 0.2108561363988905
-1.1506038567002186 0.16823403896705602 0.2360850960374261
-1.1508679405236775 0.20850277058266556 0.22522455872593558
-1.150075689053301 0.08769657573583693 0.2578061706604071
-1.107609152000435 0.15682013694414443 0.27217459298745217
-1.1506038567002186 0.16823403896705602 0.2360850960374261
-1.1933344775765435 0.13937920937435808 0.2108561363988905
-1.065142614947569 0.2259436981524519 0.2865430153144973
-1.1508679405236775 0.20850277058266556 0.22522455872593558
-1.1506038567002186 0.16823403896705602 0.2360850960374261
-1.107609152000435 0.15682013694414443 0.27217459298745217
0.1864647546929038 0.7367353964194818 -0.1799545067345681
0.2390605765952079 0.7968520989914284 -0.23229774782999743
0.28436939355244845 0.765492915961958 -0.2283589593787153
0.28072589107991663 0.7197549731612496 -0.20021794460535958
0.291656398497512 0.856968801563375 -0.2846409889254268
0.3333217129822207 0.779871675733196 -0.25256118570078895
0.28436939355244845 0.765492915961958 -0.2283589593787153
0.2390605765952079 0.7968520989914284 -0.23229774782999743
0.3749870274669294 0.7027745499030172 -0.2204813824761511
0.28072589107991663 0.7197549731612496 -0.20021794460535958
0.28436939355244845 0.765492915961958 -0.2283589593787153
0.3333217129822207 0.779871675733196 -0.25256118570078895
0.002134031252227362 -0.7034067067897046 -0.04510364344013825
-0.09488636165745447 -0.6897110075292021 -0.04272990935420205
-0.09709632424432851 -0.6997529425843688 0.012944812767707198
-0.04969110908292462 -0.7116217597422034 0.03959530678569373
-0.1919067545671363 -0.6760153082686995 -0.04035617526826585
-0.14671150199260646 -0.6979260604817008 0.04196904087162993
-0.09709632424432851 -0.6997529425843688 0.012944812767707198
-0.09488636165745447 -0.6897110075292021 -0.04272990935420205
-0.1015162494180766 -0.7198368126947022 0.1242942570115257
-0.04969110908292462 -0.7116217597422034 0.03959530678569373
-0.09709632424432851 -0.6997529425843688 0.012944812767707198
-0.14671150199260646 -0.6979260604817008 0.04196904087162993
0.3199511156124059 -0.694726749127105 -0.1863066011600608
0.30859799951156497 -0.7939674136997188 -0.2402607279750491
0.24062932238322465 -0.7901039871730683 -0.2313752818113687
0.21232154186947494 -0.7385519416234361 -0.19995549532203433
0.2972448834107241 -0.8932080782723325 -0.2942148547900374
0.20096842576863405 -0.8377926061960499 -0.2539096221370226
0.24062932238322465 -0.7901039871730683 -0.2313752818113687
0.30859799951156497 -0.7939674136997188 -0.2402607279750491
0.104691968126544 -0.7823771341197672 -0.2136043894840079
0.21232154186947494 -0.7385519416234361 -0.19995549532203433
0.24062932238322465 -0.7901039871730683 -0.2313752818113687
0.20096842576863405 -0.8377926061960499 -0.2539096221370226
0.09533064929588064 -0.720845016073167 0.1246484936843096
0.1546623233757476 -0.780974000846439 0.19699901428352368
0.1978455503822769 -0.7452404340260842 0.17578104877649814
0.18977132684560807 -0.6973091582292708 0.12899680572337835
0.2139939974556145 -0.8411029856197109 0.2693495348827378
0.249103000925475 -0.7574381430025428 0.20134732632259245
0.1978455503822769 -0.7452404340260842 0.17578104877649814
0.1546623233757476 -0.780974000846439 0.19699901428352368
0.2842120043953355 -0.6737733003853745 0.1333451177624471
0.18977132684560807 -0.6973091582292708 0.12899680572337835
0.1978455503822769 -0.7452404340260842 0.17578104877649814
0.249103000925475 -0.7574381430025428 0.20134732632259245
0.3713976577839098 -0.5945207129855099 -0.02438804121584415
0.34567438669815787 -0.6446237310563074 -0.10534732118795247
0.2954611839807935 -0.6546546891235799 -0.08269638341497591
0.2832162181649874 -0.6346186591218175 -0.030891274542433483
0.3199511156124059 -0.694726749127105 -0.1863066011600608
0.2574929470792354 -0.684721677192615 -0.1118505545145418
0.2954611839807935 -0.6546546891235799 -0.08269638341497591
0.34567438669815787 -0.6446237310563074 -0.10534732118795247
0.1950347785460649 -0.674716605258125 -0.03739450786902281
0.2832162181649874 -0.6346186591218175 -0.030891274542433483
0.2954611839807935 -0.6546546891235799 -0.08269638341497591
0.2574929470792354 -0.684721677192615 -0.1118505545145418
0.6588600486949214 -0.9016318941488642 -0.2763679709675217
0.6306759571972416 -0.9825700400368582 -0.2389032344246797
0.5813895746229489 -0.9754436624357693 -0.2560381289751457
0.5708384290846427 -0.931411400691228 -0.2833379445217997
0.6024918656995616 -1.063508185924852 -0.2014384978818377
0.5426543375869627 -1.0123495465792218 -0.24587320797895776
0.5813895746229489 -0.9754436624357693 -0.2560381289751457
0.6306759571972416 -0.9825700400368582 -0.2389032344246797
0.4828168094743638 -0.9611909072335917 -0.2903079180760778
0.5708384290846427 -0.931411400691228 -0.2833379445217997
0.5813895746229489 -0.9754436624357693 -0.2560381289751457
0.5426543375869627 -1.0123495465792218 -0.24587320797895776
0.07864445706002782 0.8826915342021487 -0.2775731337141448
0.14032247244092821 0.9569649029114209 -0.28661728760886873
0.19076711445978947 0.9236328691287389 -0.28595852138105476
0.18515042777876992 0.8698301678827618 -0.2811070613197858
0.2020004878218286 1.031238271620693 -0.2956614415035926
0.2468284431596703 0.9441035365920339 -0.2901512152145097
0.19076711445978947 0.9236328691287389 -0.28595852138105476
0.14032247244092821 0.9569649029114209 -0.28661728760886873
0.291656398497512 0.856968801563375 -0.2846409889254268
0.18515042777876992 0.8698301678827618 -0.2811070613197858
0.19076711445978947 0.9236328691287389 -0.28595852138105476
0.2468284431596703 0.9441035365920339 -0.2901512152145097
0.002134031252227362 -0.7034067067897046 -0.04510364344013825
-0.04969110908292462 -0.7116217597422034 0.03959530678569373
-0.001350522956656201 -0.7146961785191913 0.06794636908523234
0.048732340274054 -0.7121258614314359 0.039772425122085675
-0.1015162494180766 -0.7198368126947022 0.1242942570115257
-0.0030928000610979806 -0.7203409143839345 0.12447137534791765
-0.001350522956656201 -0.7146961785191913 0.06794636908523234
-0.04969110908292462 -0.7116217597422034 0.03959530678569373
0.09533064929588064 -0.720845016073167 0.1246484936843096
0.048732340274054 -0.7121258614314359 0.039772425122085675
-0.001350522956656201 -0.7146961785191913 0.06794636908523234
-0.0030928000610979806 -0.7203409143839345 0.12447137534791765
0.7572949016875148 -1.854837554724449e-16 -0.1763355756877406
0.7879162699317399 0.07942748235661551 -0.21304854487412844
0.8277091471836645 0.05295165490441026 -0.23713801487893416
0.8322949016875143 -2.038534574596551e-16 -0.23082626528814307
0.818537638175965 0.1588549647132312 -0.2497615140605163
0.8629162699317394 0.0794274823566155 -0.26753923447453093
0.8277091471836645 0.05295165490441026 -0.23713801487893416
0.7879162699317399 0.07942748235661551 -0.21304854487412844
0.9072949016875139 -2.222231594468653e-16 -0.2853169548885455
0.8322949016875143 -2.038534574596551e-16 -0.23082626528814307
0.8277091471836645 0.05295165490441026 -0.23713801487893416
0.8629162699317394 0.0794274823566155 -0.26753923447453093
0.9072949016875139 -2.222231594468653e-16 -0.2853169548885455
0.862916269932794 -0.0794274823564227 -0.26753923447519534
0.8277091471843677 -0.052951654904281865 -0.2371380148793771
0.8322949016875143 -2.038534574596551e-16 -0.23082626528814307
0.8185376381780741 -0.1588549647128452 -0.2497615140618452
0.7879162699327944 -0.07942748235642269 -0.2130485448747929
0.8277091471843677 -0.052951654904281865 -0.2371380148793771
0.862916269932794 -0.0794274823564227 -0.26753923447519534
0.7572949016875148 -1.854837554724449e-16 -0.1763355756877406
0.8322949016875143 -2.038534574596551e-16 -0.23082626528814307
0.8277091471843677 -0.052951654904281865 -0.2371380148793771
0.7879162699327944 -0.07942748235642269 -0.2130485448747929
0.7572949016875162 -1.854837554724452e-16 0.1763355756877425
0.7879162699329054 -0.079427482356165 0.2130485448748332
0.8277091471844424 -0.05295165490411007 0.23713801487940422
0.8322949016875163 -2.0385345745965555e-16 0.2308262652881444
0.8185376381782947 -0.1588549647123298 0.2497615140619239
0.8629162699329056 -0.07942748235616501 0.2675392344752351
0.8277091471844424 -0.05295165490411007 0.23713801487940422
0.7879162699329054 -0.079427482356165 0.2130485448748332
0.9072949016875165 -2.222231594468659e-16 0.2853169548885463
0.8322949016875163 -2.0385345745965555e-16 0.2308262652881444
0.8277091471844424 -0.05295165490411007 0.23713801487940422
0.8629162699329056 -0.07942748235616501 0.2675392344752351
0.9072949016875165 -2.222231594468659e-16 0.2853169548885463
0.8629162699317359 0.07942748235613914 0.2675392344744678
0.8277091471836626 0.0529516549040927 0.23713801487889272
0.8322949016875163 -2.0385345745965555e-16 0.2308262652881444
0.8185376381759554 0.1588549647122785 0.2497615140603893
0.7879162699317358 0.07942748235613915 0.21304854487406588
0.8277091471836626 0.0529516549040927 0.23713801487889272
0.8629162699317359 0.07942748235613914 0.2675392344744678
0.7572949016875162 -1.854837554724452e-16 0.1763355756877425
0.8322949016875163 -2.0385345745965555e-16 0.2308262652881444
0.8277091471836626 0.0529516549040927 0.23713801487889272
0.7879162699317358 0.07942748235613915 0.21304854487406588
0.8185376381780741 -0.1588549647128452 -0.2497615140618452
0.7858191548826405 -0.24236979485744592 -0.2450999552679023
0.7528627938504794 -0.2261836706985119 -0.1933455596544259
0.7527438549821156 -0.17633319354674454 -0.16979914124465917
0.7531006715872071 -0.3258846250020467 -0.2404383964739594
0.720025371686682 -0.2598480236913453 -0.16513758245071625
0.7528627938504794 -0.2261836706985119 -0.1933455596544259
0.7858191548826405 -0.24236979485744592 -0.2450999552679023
0.6869500717861571 -0.1938114223806439 -0.08983676842747311
0.7527438549821156 -0.17633319354674454 -0.16979914124465917
0.7528627938504794 -0.2261836706985119 -0.1933455596544259
0.720025371686682 -0.2598480236913453 -0.16513758245071625
0.7167430457776972 -0.3112735120978554 0.2054781412804451
0.7991563171252791 -0.32233285721111726 0.24995855142563417
0.8056167574762844 -0.2678402263781881 0.2498928723043974
0.767640341977996 -0.2350642384050926 0.2276198276711845
0.8815695884728612 -0.3333922023243791 0.2944389615708233
0.8500536133255779 -0.24612358351835445 0.2721002378163736
0.8056167574762844 -0.2678402263781881 0.2498928723043974
0.7991563171252791 -0.32233285721111726 0.24995855142563417
0.8185376381782947 -0.1588549647123298 0.2497615140619239
0.767640341977996 -0.2350642384050926 0.2276198276711845
0.8056167574762844 -0.2678402263781881 0.2498928723043974
0.8500536133255779 -0.24612358351835445 0.2721002378163736
-0.9015290775992459 -0.8702026028511858 -0.1612183420168408
-0.81964010518048 -0.8545767097690444 -0.21869096240517577
-0.7980059528026681 -0.9030641952994056 -0.19959599479839363
-0.8281333628231449 -0.9351208846056569 -0.16131220080083503
-0.7377511327617142 -0.8389508166869031 -0.2761635827935107
-0.746244390404379 -0.9194949915235155 -0.21878482118917
-0.7980059528026681 -0.9030641952994056 -0.19959599479839363
-0.81964010518048 -0.8545767097690444 -0.21869096240517577
-0.7547376480470438 -1.000039166360128 -0.1614060595848293
-0.8281333628231449 -0.9351208846056569 -0.16131220080083503
-0.7980059528026681 -0.9030641952994056 -0.19959599479839363
-0.746244390404379 -0.9194949915235155 -0.21878482118917
-1.19162313670453 0.3771120271720717 -0.1660245482776325
-1.1219221488232276 0.396521341066924 -0.2178475666043797
-1.1085337672118152 0.3381716475907884 -0.23900641323263652
-1.1366900703467602 0.2992921439052944 -0.22367432738339132
-1.052221160941925 0.4159306549617763 -0.2696705849311269
-1.0669890824654575 0.3187014578001467 -0.2754973457101385
-1.1085337672118152 0.3381716475907884 -0.23900641323263652
-1.1219221488232276 0.396521341066924 -0.2178475666043797
-1.08175700398899 0.2214722606385171 -0.2813241064891501
-1.1366900703467602 0.2992921439052944 -0.22367432738339132
-1.1085337672118152 0.3381716475907884 -0.23900641323263652
-1.0669890824654575 0.3187014578001467 -0.2754973457101385
0.1864647546929038 0.7367353964194818 -0.1799545067345681
0.1325546058764658 0.8097134653108153 -0.22876382022435646
0.1855885367501479 0.8254652440616685 -0.2473895431247132
0.2390605765952079 0.7968520989914284 -0.23229774782999743
0.07864445706002782 0.8826915342021487 -0.2775731337141448
0.18515042777876992 0.8698301678827618 -0.2811070613197858
0.1855885367501479 0.8254652440616685 -0.2473895431247132
0.1325546058764658 0.8097134653108153 -0.22876382022435646
0.291656398497512 0.856968801563375 -0.2846409889254268
0.2390605765952079 0.7968520989914284 -0.23229774782999743
0.1855885367501479 0.8254652440616685 -0.2473895431247132
0.18515042777876992 0.8698301678827618 -0.2811070613197858
0.6205886462500091 -0.3905626314291758 -0.137293425818477
0.660733788229285 -0.4409713009203654 -0.20022892304021195
0.6108403204294056 -0.4826017074103561 -0.19457269308514044
0.565821015539828 -0.47821257590975663 -0.16027682949673722
0.7008789302085607 -0.491379970411555 -0.2631644202619469
0.6059661575191038 -0.5286212454009462 -0.22321232671847216
0.6108403204294056 -0.4826017074103561 -0.19457269308514044
0.660733788229285 -0.4409713009203654 -0.20022892304021195
0.5110533848296469 -0.5658625203903375 -0.1832602331749974
0.565821015539828 -0.47821257590975663 -0.16027682949673722
0.6108403204294056 -0.4826017074103561 -0.19457269308514044
0.6059661575191038 -0.5286212454009462 -0.22321232671847216
0.3199511156124059 -0.694726749127105 -0.1863066011600608
0.21232154186947494 -0.7385519416234361 -0.19995549532203433
0.20655928742833826 -0.7172734961683324 -0.14576849950436382
0.2574929470792354 -0.684721677192615 -0.1118505545145418
0.104691968126544 -0.7823771341197672 -0.2136043894840079
0.14986337333630445 -0.7285468696889461 -0.12549944867651536
0.20655928742833826 -0.7172734961683324 -0.14576849950436382
0.21232154186947494 -0.7385519416234361 -0.19995549532203433
0.1950347785460649 -0.674716605258125 -0.03739450786902281
0.2574929470792354 -0.684721677192615 -0.1118505545145418
0.20655928742833826 -0.7172734961683324 -0.14576849950436382
0.14986337333630445 -0.7285468696889461 -0.12549944867651536
0.1950347785460649 -0.674716605258125 -0.03739450786902281
0.09858440489914613 -0.6890616560239149 -0.04124907565458053
0.09749981969805764 -0.6996561093736656 0.01405011412504951
0.14518271392097276 -0.697780810665646 0.043626992907643394
0.002134031252227362 -0.7034067067897046 -0.04510364344013825
0.048732340274054 -0.7121258614314359 0.039772425122085675
0.09749981969805764 -0.6996561093736656 0.01405011412504951
0.09858440489914613 -0.6890616560239149 -0.04124907565458053
0.09533064929588064 -0.720845016073167 0.1246484936843096
0.14518271392097276 -0.697780810665646 0.043626992907643394
0.09749981969805764 -0.6996561093736656 0.01405011412504951
0.048732340274054 -0.7121258614314359 0.039772425122085675
0.7002551292230516 -0.1633834243176522 0.1052345975514775
0.6620359330093738 -0.244003093966065 0.07455689748418874
0.6802716372654816 -0.2664265666766618 0.11819731208294086
0.7084990875003744 -0.23732846820775383 0.1553563694159613
0.623816736795696 -0.3246227636144778 0.04387919741689999
0.6702798912866966 -0.3179481378561666 0.12467866934867254
0.6802716372654816 -0.2664265666766618 0.11819731208294086
0.6620359330093738 -0.244003093966065 0.07455689748418874
0.7167430457776972 -0.3112735120978554 0.2054781412804451
0.7084990875003744 -0.23732846820775383 0.1553563694159613
0.6802716372654816 -0.2664265666766618 0.11819731208294086
0.6702798912866966 -0.3179481378561666 0.12467866934867254
0.7 -1.714505518806295e-16 1.102553507614571e-15
0.6994389736735629 0.07874471622544876 -0.048920242938499274
0.7187242830115469 0.052496477483632446 -0.09139202052157973
0.7286474508437574 -1.784671536765372e-16 -0.08816778784386975
0.6988779473471258 0.1574894324508977 -0.09784048587699964
0.7280864245173203 0.07874471622544875 -0.13708803078237014
0.7187242830115469 0.052496477483632446 -0.09139202052157973
0.6994389736735629 0.07874471622544876 -0.048920242938499274
0.7572949016875148 -1.854837554724449e-16 -0.1763355756877406
0.7286474508437574 -1.784671536765372e-16 -0.08816778784386975
0.7187242830115469 0.052496477483632446 -0.09139202052157973
0.7280864245173203 0.07874471622544875 -0.13708803078237014
0.7 -1.714505518806295e-16 1.102553507614571e-15
0.7001275646115257 -0.08169171215882619 0.0526172987757393
0.7191833436368559 -0.05446114143921752 0.09385672441307369
0.7286474508437581 -1.7846715367653734e-16 0.0881677878438718
0.7002551292230516 -0.1633834243176522 0.1052345975514775
0.7287750154552839 -0.0816917121588262 0.14078508661961
0.7191833436368559 -0.05446114143921752 0.09385672441307369
0.7001275646115257 -0.08169171215882619 0.0526172987757393
0.7572949016875162 -1.854837554724452e-16 0.1763355756877425
0.7286474508437581 -1.7846715367653734e-16 0.0881677878438718
0.7191833436368559 -0.05446114143921752 0.09385672441307369
0.7287750154552839 -0.0816917121588262 0.14078508661961
0.4404366578558302 0.6934251674595496 0.2410999830457988
0.4726320918196277 0.7791627815619037 0.27054823771227593
0.41068599128304334 0.8032162627481823 0.2744480742534501
0.36361522403285246 0.7723741962901445 0.2616738651907986
0.5048275257834252 0.8649003956642577 0.2999964923787531
0.39581065799664994 0.8581118103924985 0.29112211985727576
0.41068599128304334 0.8032162627481823 0.2744480742534501
0.4726320918196277 0.7791627815619037 0.27054823771227593
0.2867937902098747 0.8513232251207392 0.2822477473357984
0.36361522403285246 0.7723741962901445 0.2616738651907986
0.41068599128304334 0.8032162627481823 0.2744480742534501
0.39581065799664994 0.8581118103924985 0.29112211985727576
-0.5060969149112714 -0.572914972969383 -0.1857703019178187
-0.5839404143012631 -0.5556868165569009 -0.22369070398678298
-0.6037889146070597 -0.500345843742847 -0.20552894898844135
-0.5747914150649622 -0.481289435542061 -0.17748787045478842
-0.6617839136912548 -0.5384586601444187 -0.2616111060557472
-0.6526349144549539 -0.46406127912957884 -0.21540827252375266
-0.6037889146070597 -0.500345843742847 -0.20552894898844135
-0.5839404143012631 -0.5556868165569009 -0.22369070398678298
-0.6434859152186531 -0.389663898114739 -0.1692054389917581
-0.5747914150649622 -0.481289435542061 -0.17748787045478842
-0.6037889146070597 -0.500345843742847 -0.20552894898844135
-0.6526349144549539 -0.46406127912957884 -0.21540827252375266
0.1950347785460649 -0.674716605258125 -0.03739450786902281
0.14518271392097276 -0.697780810665646 0.043626992907643394
0.19152581074576033 -0.6897783072388889 0.0735330345259113
0.23962339147070022 -0.6742449528217498 0.047975304946712136
0.09533064929588064 -0.720845016073167 0.1246484936843096
0.18977132684560807 -0.6973091582292708 0.12899680572337835
0.19152581074576033 -0.6897783072388889 0.0735330345259113
0.14518271392097276 -0.697780810665646 0.043626992907643394
0.2842120043953355 -0.6737733003853745 0.1333451177624471
0.23962339147070022 -0.6742449528217498 0.047975304946712136
0.19152581074576033 -0.6897783072388889 0.0735330345259113
0.18977132684560807 -0.6973091582292708 0.12899680572337835
0.8539018322078697 -0.920318886559346 -0.1573189985600321
0.9134313244570196 -0.8572860886643565 -0.15687900358531925
0.9211802401983538 -0.8720114761195429 -0.10458600239021286
0.8952899519444459 -0.9108905687946307 -0.07865949928001609
0.9729608167061695 -0.7942532907693669 -0.1564390086106064
0.9548194441935958 -0.8478577708996411 -0.07821950430530324
0.9211802401983538 -0.8720114761195429 -0.10458600239021286
0.9134313244570196 -0.8572860886643565 -0.15687900358531925
0.9366780716810221 -0.9014622510299153 -7.347880794884119e-17
0.8952899519444459 -0.9108905687946307 -0.07865949928001609
0.9211802401983538 -0.8720114761195429 -0.10458600239021286
0.9548194441935958 -0.8478577708996411 -0.07821950430530324
-0.9015290775992459 -0.8702026028511858 -0.1612183420168408
-0.8281333628231449 -0.9351208846056569 -0.16131220080083503
-0.8403967119538421 -0.9469203191022878 -0.1075414672005567
-0.8832262439072414 -0.9203608954733679 -0.08060917100842044
-0.7547376480470438 -1.000039166360128 -0.1614060595848293
-0.8098305291311403 -0.985279177227839 -0.08070302979241468
-0.8403967119538421 -0.9469203191022878 -0.1075414672005567
-0.8281333628231449 -0.9351208846056569 -0.16131220080083503
-0.8649234102152368 -0.9705191880955499 -7.347880794884119e-17
-0.8832262439072414 -0.9203608954733679 -0.08060917100842044
-0.8403967119538421 -0.9469203191022878 -0.1075414672005567
-0.8098305291311403 -0.985279177227839 -0.08070302979241468
0.4404366578558302 0.6934251674595496 0.2410999830457988
0.36361522403285246 0.7723741962901445 0.2616738651907986
0.33448438321889323 0.7415768924053804 0.22065482409332823
0.35832967972340246 0.6867037260477009 0.1898583624720931
0.2867937902098747 0.8513232251207392 0.2822477473357984
0.2815082459004248 0.7656527548782956 0.2104322446170929
0.33448438321889323 0.7415768924053804 0.22065482409332823
0.36361522403285246 0.7723741962901445 0.2616738651907986
0.2762227015909748 0.6799822846358521 0.1386167418983874
0.35832967972340246 0.6867037260477009 0.1898583624720931
0.33448438321889323 0.7415768924053804 0.22065482409332823
0.2815082459004248 0.7656527548782956 0.2104322446170929
0.6205886462500091 -0.3905626314291758 -0.137293425818477
0.565821015539828 -0.47821257590975663 -0.16027682949673722
0.5492115391103608 -0.47648696117487166 -0.10612247891464872
0.5682906162507178 -0.4317991815671387 -0.06755360178447437
0.5110533848296469 -0.5658625203903375 -0.1832602331749974
0.5135229855405368 -0.5194491260477195 -0.09053700546273456
0.5492115391103608 -0.47648696117487166 -0.10612247891464872
0.565821015539828 -0.47821257590975663 -0.16027682949673722
0.5159925862514265 -0.4730357317051016 0.00218622224952827
0.5682906162507178 -0.4317991815671387 -0.06755360178447437
0.5492115391103608 -0.47648696117487166 -0.10612247891464872
0.5135229855405368 -0.5194491260477195 -0.09053700546273456
0.3713976577839098 -0.5945207129855099 -0.02438804121584415
0.2832162181649874 -0.6346186591218175 -0.030891274542433483
0.2835481469084367 -0.6476702062096699 0.023854189559193373
0.32780483108962266 -0.6341470066854422 0.05447853827330147
0.1950347785460649 -0.674716605258125 -0.03739450786902281
0.23962339147070022 -0.6742449528217498 0.047975304946712136
0.2835481469084367 -0.6476702062096699 0.023854189559193373
0.2832162181649874 -0.6346186591218175 -0.030891274542433483
0.2842120043953355 -0.6737733003853745 0.1333451177624471
0.32780483108962266 -0.6341470066854422 0.05447853827330147
0.2835481469084367 -0.6476702062096699 0.023854189559193373
0.23962339147070022 -0.6742449528217498 0.047975304946712136
0.4557518992866467 -0.581280485942559 0.1472877853500713
0.5374250833493794 -0.6081205813758642 0.21256051360677225
0.5582488624528023 -0.5576008630879712 0.1988825219591067
0.5278241599731472 -0.518920956227372 0.15940716200692345
0.619098267412112 -0.6349606768091695 0.2778332418634732
0.6094973440358799 -0.5457610516606772 0.2246798902636244
0.5582488624528023 -0.5576008630879712 0.1988825219591067
0.5374250833493794 -0.6081205813758642 0.21256051360677225
0.5998964206596477 -0.456561426512185 0.1715265386637756
0.5278241599731472 -0.518920956227372 0.15940716200692345
0.5582488624528023 -0.5576008630879712 0.1988825219591067
0.6094973440358799 -0.5457610516606772 0.2246798902636244
0.3713976577839098 -0.5945207129855099 -0.02438804121584415
0.32780483108962266 -0.6341470066854422 0.05447853827330147
0.370453853821964 -0.6165248331044811 0.0854149539655581
0.41357477853527824 -0.5879005994640345 0.06144987206711358
0.2842120043953355 -0.6737733003853745 0.1333451177624471
0.36998195184099114 -0.6275268931639668 0.14031645155625921
0.370453853821964 -0.6165248331044811 0.0854149539655581
0.32780483108962266 -0.6341470066854422 0.05447853827330147
0.4557518992866467 -0.581280485942559 0.1472877853500713
0.41357477853527824 -0.5879005994640345 0.06144987206711358
0.370453853821964 -0.6165248331044811 0.0854149539655581
0.36998195184099114 -0.6275268931639668 0.14031645155625921
-1.031640325246295 -0.1443988744009623 0.2970881248971383
-1.1167014157009993 -0.16065833423361 0.2533025718052763
-1.1103107640742385 -0.2178040326457784 0.2561018595524085
-1.0645848930335058 -0.23824715193553875 0.2793942799719056
-1.201762506155704 -0.1769177940662577 0.2095170187134143
-1.1496459834882105 -0.25450661176818645 0.23560872688004353
-1.1103107640742385 -0.2178040326457784 0.2561018595524085
-1.1167014157009993 -0.16065833423361 0.2533025718052763
-1.097529460820717 -0.3320954294701152 0.2617004350466728
-1.0645848930335058 -0.23824715193553875 0.2793942799719056
-1.1103107640742385 -0.2178040326457784 0.2561018595524085
-1.1496459834882105 -0.25450661176818645 0.23560872688004353
-0.417910810423314 1.178921681235852 -0.1646157045283788
-0.4255548137648737 1.107130023933975 -0.21927454499366633
-0.48005485382530494 1.105120361399476 -0.20207671332243035
-0.5034828721847407 1.140011358783165 -0.1661483772541686
-0.4331988171064334 1.035338366632098 -0.2739333854589539
-0.5111268755263004 1.0682197014812882 -0.22080721771945616
-0.48005485382530494 1.105120361399476 -0.20207671332243035
-0.4255548137648737 1.107130023933975 -0.21927454499366633
-0.5890549339461675 1.101101036330478 -0.1676810499799584
-0.5034828721847407 1.140011358783165 -0.1661483772541686
-0.48005485382530494 1.105120361399476 -0.20207671332243035
-0.5111268755263004 1.0682197014812882 -0.22080721771945616
0.8315717411648943 0.9330957187038333 0.1660245482775931
0.9001737963327747 0.8608203619368939 0.16657874715110746
0.9123418881155246 0.8743676583012338 0.11105249810073829
0.8841249064229593 0.9172789848668732 0.08301227413879651
0.9687758515006553 0.7885450051699544 0.1671329460246218
0.9527269615908398 0.8450036280999338 0.08356647301231086
0.9123418881155246 0.8743676583012338 0.11105249810073829
0.9001737963327747 0.8608203619368939 0.16657874715110746
0.9366780716810242 0.9014622510299131 -7.347880794884119e-17
0.8841249064229593 0.9172789848668732 0.08301227413879651
0.9123418881155246 0.8743676583012338 0.11105249810073829
0.9527269615908398 0.8450036280999338 0.08356647301231086
0.7167430457776972 -0.3112735120978554 0.2054781412804451
0.7307988920638037 -0.3926394465600871 0.24083738293656837
0.7810557908668229 -0.37289036514818447 0.25870457581465334
0.7991563171252791 -0.32233285721111726 0.24995855142563417
0.7448547383499101 -0.4740053810223188 0.2761966245926917
0.8132121634113856 -0.403698791673349 0.2853177930817575
0.7810557908668229 -0.37289036514818447 0.25870457581465334
0.7307988920638037 -0.3926394465600871 0.24083738293656837
0.8815695884728612 -0.3333922023243791 0.2944389615708233
0.7991563171252791 -0.32233285721111726 0.24995855142563417
0.7810557908668229 -0.37289036514818447 0.25870457581465334
0.8132121634113856 -0.403698791673349 0.2853177930817575
0.7503307138289915 0.5605541715592728 0.2932239374530641
0.7819611695716748 0.6576137085762475 0.2862212878455149
0.7344564371936584 0.6775316514203547 0.2899653096098374
0.6948888431333085 0.6389608543339209 0.2953386452957732
0.813591625314358 0.7546732455932222 0.2792186382379657
0.7265192988759916 0.7360203913508957 0.288335995688224
0.7344564371936584 0.6775316514203547 0.2899653096098374
0.7819611695716748 0.6576137085762475 0.2862212878455149
0.6394469724376254 0.7173675371085692 0.2974533531384823
0.6948888431333085 0.6389608543339209 0.2953386452957732
0.7344564371936584 0.6775316514203547 0.2899653096098374
0.7265192988759916 0.7360203913508957 0.288335995688224
0.6210357640659442 1.142065926184224 -7.347880794884119e-17
0.6534871900482586 1.0941726323424765 -0.08209234341640419
0.6060858930213391 1.109619226619391 -0.11006974503681992
0.566159531516722 1.141289170678722 -0.08301227413882574
0.6859386160305732 1.046279338500729 -0.1641846868328083
0.5986109574990366 1.0933958768369745 -0.16510461755522984
0.6060858930213391 1.109619226619391 -0.11006974503681992
0.6534871900482586 1.0941726323424765 -0.08209234341640419
0.5112832989675 1.14051241517322 -0.1660245482776514
0.566159531516722 1.141289170678722 -0.08301227413882574
0.6060858930213391 1.109619226619391 -0.11006974503681992
0.5986109574990366 1.0933958768369745 -0.16510461755522984
0.5159925862514265 -0.4730357317051016 0.00218622224952827
0.44369512201766814 -0.5337782223453058 -0.01110090948315794
0.4477140477739943 -0.5496123102110569 0.04169532212791848
0.4858722427690366 -0.5271581088238303 0.07473700379979979
0.3713976577839098 -0.5945207129855099 -0.02438804121584415
0.41357477853527824 -0.5879005994640345 0.06144987206711358
0.4477140477739943 -0.5496123102110569 0.04169532212791848
0.44369512201766814 -0.5337782223453058 -0.01110090948315794
0.4557518992866467 -0.581280485942559 0.1472877853500713
0.4858722427690366 -0.5271581088238303 0.07473700379979979
0.4477140477739943 -0.5496123102110569 0.04169532212791848
0.41357477853527824 -0.5879005994640345 0.06144987206711358
0.7503307138289915 0.5605541715592728 0.2932239374530641
0.6948888431333085 0.6389608543339209 0.2953386452957732
0.6543994377026512 0.6106104984787278 0.2706016550345995
0.661875670335164 0.5572319791638073 0.25717580598265805
0.6394469724376254 0.7173675371085692 0.2974533531384823
0.606433799639481 0.6356386619384555 0.25929051382536716
0.6543994377026512 0.6106104984787278 0.2706016550345995
0.6948888431333085 0.6389608543339209 0.2953386452957732
0.5734206268413365 0.5539097867683418 0.221127674512252
0.661875670335164 0.5572319791638073 0.25717580598265805
0.6543994377026512 0.6106104984787278 0.2706016550345995
0.606433799639481 0.6356386619384555 0.25929051382536716
1.092705098312482 -2.676355602120751e-16 -0.2853169548885466
1.1325964662814316 0.08018181995026961 -0.2613630457260038
1.1692993436251153 0.05345454663351298 -0.23302055571325012
1.1677050983124824 -2.860052621992856e-16 -0.2308262652881447
1.172487834250381 0.1603636399005395 -0.237409136563461
1.207596466281432 0.0801818199502696 -0.2068723561256019
1.1692993436251153 0.05345454663351298 -0.23302055571325012
1.1325964662814316 0.08018181995026961 -0.2613630457260038
1.242705098312483 -3.04374964186496e-16 -0.1763355756877428
1.1677050983124824 -2.860052621992856e-16 -0.2308262652881447
1.1692993436251153 0.05345454663351298 -0.23302055571325012
1.207596466281432 0.0801818199502696 -0.2068723561256019
1.242705098312483 -3.04374964186496e-16 -0.1763355756877428
1.2067059833850982 -0.07905684886719866 -0.207663907717577
1.1687056883608928 -0.05270456591146586 -0.2335482567745669
1.1677050983124824 -2.860052621992856e-16 -0.2308262652881447
1.170706868457713 -0.158113697734397 -0.2389922397474112
1.1317059833850975 -0.07905684886719865 -0.2621545973179789
1.1687056883608928 -0.05270456591146586 -0.2335482567745669
1.2067059833850982 -0.07905684886719866 -0.207663907717577
1.092705098312482 -2.676355602120751e-16 -0.2853169548885466
1.1677050983124824 -2.860052621992856e-16 -0.2308262652881447
1.1687056883608928 -0.05270456591146586 -0.2335482567745669
1.1317059833850975 -0.07905684886719865 -0.2621545973179789
1.242705098312484 -3.043749641864962e-16 0.1763355756877418
1.207596466281439 0.08018181995017559 0.20687235612560606
1.1692993436251207 0.053454546633450305 0.23302055571325272
1.1677050983124841 -2.860052621992859e-16 0.23082626528814393
1.172487834250394 0.1603636399003515 0.2374091365634703
1.132596466281439 0.0801818199501756 0.26136304572600816
1.1692993436251207 0.053454546633450305 0.23302055571325272
1.207596466281439 0.08018181995017559 0.20687235612560606
1.092705098312484 -2.676355602120756e-16 0.285316954888546
1.1677050983124841 -2.860052621992859e-16 0.23082626528814393
1.1692993436251207 0.053454546633450305 0.23302055571325272
1.132596466281439 0.0801818199501756 0.26136304572600816
1.092705098312484 -2.676355602120756e-16 0.285316954888546
1.132596466281413 -0.08018181995012288 0.26136304572603375
1.1692993436251033 -0.05345454663341536 0.23302055571326977
1.1677050983124841 -2.860052621992859e-16 0.23082626528814393
1.172487834250342 -0.1603636399002455 0.2374091365635215
1.2075964662814132 -0.0801818199501229 0.20687235612563165
1.1692993436251033 -0.05345454663341536 0.23302055571326977
1.132596466281413 -0.08018181995012288 0.26136304572603375
1.242705098312484 -3.043749641864962e-16 0.1763355756877418
1.1677050983124841 -2.860052621992859e-16 0.23082626528814393
1.1692993436251033 -0.05345454663341536 0.23302055571326977
1.2075964662814132 -0.0801818199501229 0.20687235612563165
0.6210357640659442 1.142065926184224 -7.347880794884119e-17
0.6534484497063167 1.0946016575536022 0.08157371094345715
0.6983299778897548 1.0743613492542192 0.05438247396230474
0.7045643991612877 1.0879733294198386 -7.347880794884119e-17
0.6858611353466892 1.04713738892298 0.1631474218869144
0.7369770848016601 1.0405090607892165 0.08157371094345715
0.6983299778897548 1.0743613492542192 0.05438247396230474
0.6534484497063167 1.0946016575536022 0.08157371094345715
0.7880930342566311 1.033880732655453 -7.347880794884119e-17
0.7045643991612877 1.0879733294198386 -7.347880794884119e-17
0.6983299778897548 1.0743613492542192 0.05438247396230474
0.7369770848016601 1.0405090607892165 0.08157371094345715
0.7880930342566289 -1.033880732655455 -7.347880794884119e-17
0.8123807753977159 -0.9836987768088672 0.0801501139002584
0.768050409996599 -1.0054988723304845 0.1087749253593701
0.7337413567254971 -1.041489898014587 0.08301227413879671
0.8366685165388029 -0.9335168209622792 0.1603002278005169
0.7580290978665842 -0.9913079421679991 0.1631623880390552
0.768050409996599 -1.0054988723304845 0.1087749253593701
0.8123807753977159 -0.9836987768088672 0.0801501139002584
0.6793896791943654 -1.049099063373719 0.1660245482775935
0.7337413567254971 -1.041489898014587 0.08301227413879671
0.768050409996599 -1.0054988723304845 0.1087749253593701
0.7580290978665842 -0.9913079421679991 0.1631623880390552
0.5159925862514265 -0.4730357317051016 0.00218622224952827
0.4858722427690366 -0.5271581088238303 0.07473700379979979
0.523880302065907 -0.5036258813866152 0.10700018208779172
0.557944503455537 -0.4647985791086433 0.08685638045665194
0.4557518992866467 -0.581280485942559 0.1472877853500713
0.5278241599731472 -0.518920956227372 0.15940716200692345
0.523880302065907 -0.5036258813866152 0.10700018208779172
0.4858722427690366 -0.5271581088238303 0.07473700379979979
0.5998964206596477 -0.456561426512185 0.1715265386637756
0.557944503455537 -0.4647985791086433 0.08685638045665194
0.523880302065907 -0.5036258813866152 0.10700018208779172
0.5278241599731472 -0.518920956227372 0.15940716200692345
0.6793896791943654 -1.049099063373719 0.1660245482775935
0.6328819854648615 -1.0092580564690152 0.2174750479559947
0.5836082780754751 -1.030512912466634 0.2255854946615151
0.5822252712455338 -1.061060843917795 0.2039154681750747
0.5863742917353577 -0.9694170495643116 0.2689255476343959
0.53571757751603 -1.0212198370130914 0.2553659678534759
0.5836082780754751 -1.030512912466634 0.2255854946615151
0.6328819854648615 -1.0092580564690152 0.2174750479559947
0.4850608632967023 -1.073022624461871 0.2418063880725559
0.5822252712455338 -1.061060843917795 0.2039154681750747
0.5836082780754751 -1.030512912466634 0.2255854946615151
0.53571757751603 -1.0212198370130914 0.2553659678534759
0.623816736795696 -0.3246227636144778 0.04387919741689999
0.5699046615235612 -0.39882924765978967 0.023032709833214128
0.5799019145689234 -0.4180733072772547 0.07253065277673461
0.6118565787276719 -0.39059209506333137 0.1077028680403378
0.5159925862514265 -0.4730357317051016 0.00218622224952827
0.557944503455537 -0.4647985791086433 0.08685638045665194
0.5799019145689234 -0.4180733072772547 0.07253065277673461
0.5699046615235612 -0.39882924765978967 0.023032709833214128
0.5998964206596477 -0.456561426512185 0.1715265386637756
0.6118565787276719 -0.39059209506333137 0.1077028680403378
0.5799019145689234 -0.4180733072772547 0.07253065277673461
0.557944503455537 -0.4647985791086433 0.08685638045665194
0.623816736795696 -0.3246227636144778 0.04387919741689999
0.6118565787276719 -0.39059209506333137 0.1077028680403378
0.6468187344110136 -0.3641525674081727 0.14029462578704022
0.6702798912866966 -0.3179481378561666 0.12467866934867254
0.5998964206596477 -0.456561426512185 0.1715265386637756
0.6583197332186724 -0.38391746930502024 0.18850233997211036
0.6468187344110136 -0.3641525674081727 0.14029462578704022
0.6118565787276719 -0.39059209506333137 0.1077028680403378
0.7167430457776972 -0.3112735120978554 0.2054781412804451
0.6702798912866966 -0.3179481378561666 0.12467866934867254
0.6468187344110136 -0.3641525674081727 0.14029462578704022
0.6583197332186724 -0.38391746930502024 0.18850233997211036
1.165015224049372 -0.576835789227048 -7.347880794884119e-17
1.1648161960459835 -0.5234014835821788 -0.07831347578903049
1.189682567254459 -0.4796799151127025 -0.052208983859353686
1.202215266860391 -0.48453628370039903 -7.347880794884119e-17
1.164617168042595 -0.4699671779373095 -0.1566269515780609
1.2020162388570026 -0.4311019780555298 -0.07831347578903049
1.189682567254459 -0.4796799151127025 -0.052208983859353686
1.1648161960459835 -0.5234014835821788 -0.07831347578903049
1.23941530967141 -0.3922367781737501 -7.347880794884119e-17
1.202215266860391 -0.48453628370039903 -7.347880794884119e-17
1.189682567254459 -0.4796799151127025 -0.052208983859353686
1.2020162388570026 -0.4311019780555298 -0.07831347578903049
1.165015224049373 0.5768357892270467 -7.347880794884119e-17
1.1646490007730064 0.5198011619744531 0.08070302979243756
1.189571103739141 0.47727970070755193 0.05380201986162501
1.2022152668603914 0.48453628370039803 -7.347880794884119e-17
1.16428277749664 0.4627665347218596 0.1614060595848752
1.201849043584025 0.42750165644780447 0.08070302979243756
1.189571103739141 0.47727970070755193 0.05380201986162501
1.1646490007730064 0.5198011619744531 0.08070302979243756
1.23941530967141 0.3922367781737494 -7.347880794884119e-17
1.2022152668603914 0.48453628370039803 -7.347880794884119e-17
1.189571103739141 0.47727970070755193 0.05380201986162501
1.201849043584025 0.42750165644780447 0.08070302979243756
1.164617168042595 -0.4699671779373095 -0.1566269515780609
1.0883876119598286 -0.48375116458249623 -0.21401440089444515
1.0871730107589495 -0.4308951990267129 -0.23240454397708957
1.124680488199893 -0.3975752229262278 -0.21290589086021963
1.012158055877062 -0.497535151227683 -0.2714018502108294
1.0484509321171265 -0.4113592095714146 -0.2702933401766039
1.0871730107589495 -0.4308951990267129 -0.23240454397708957
1.0883876119598286 -0.48375116458249623 -0.21401440089444515
1.084743808357191 -0.3251832679151462 -0.2691848301423784
1.124680488199893 -0.3975752229262278 -0.21290589086021963
1.0871730107589495 -0.4308951990267129 -0.23240454397708957
1.0484509321171265 -0.4113592095714146 -0.2702933401766039
0.8425174578886259 0.4181219617812107 0.2940534395782373
0.8761286580049288 0.34546963200702097 0.2949089096029833
0.9254544599170466 0.3782657281282231 0.28880614555566836
0.9333117608149539 0.4309899410759191 0.28532702851963787
0.9097398581212318 0.2728173022328312 0.2957643796277294
0.9669229609312568 0.35833761130172936 0.28618249854438393
0.9254544599170466 0.3782657281282231 0.28880614555566836
0.8761286580049288 0.34546963200702097 0.2949089096029833
1.024106063741282 0.4438579203706275 0.2766006174610385
0.9333117608149539 0.4309899410759191 0.28532702851963787
0.9254544599170466 0.3782657281282231 0.28880614555566836
0.9669229609312568 0.35833761130172936 0.28618249854438393
-0.04592940391359098 1.261203130522203 -0.1460666886900213
-0.14402984938177493 1.2455895289446894 -0.15318345824523394
-0.14571605059382242 1.260867258192319 -0.10212230549682265
-0.0975089284657542 1.2763129236048905 -0.07303334434501069
-0.2421302948499589 1.229975927367176 -0.1603002278004466
-0.19560937393393815 1.260699322027377 -0.08015011390022334
-0.14571605059382242 1.260867258192319 -0.10212230549682265
-0.14402984938177493 1.2455895289446894 -0.15318345824523394
-0.1490884530179174 1.291422716687578 -7.347880794884119e-17
-0.0975089284657542 1.2763129236048905 -0.07303334434501069
-0.14571605059382242 1.260867258192319 -0.10212230549682265
-0.19560937393393815 1.260699322027377 -0.08015011390022334
0.619098267412112 -0.6349606768091695 0.2778332418634732
0.7113778150035768 -0.6253176129562273 0.28878877433962646
0.7225367894523546 -0.5748802023115912 0.2845913910906482
0.6819765028810111 -0.5544830289157441 0.27701493322808246
0.8036573625950415 -0.6156745491032852 0.2997443068157797
0.7742560504724758 -0.544839965062802 0.2879704657042357
0.7225367894523546 -0.5748802023115912 0.2845913910906482
0.7113778150035768 -0.6253176129562273 0.28878877433962646
0.7448547383499101 -0.4740053810223188 0.2761966245926917
0.6819765028810111 -0.5544830289157441 0.27701493322808246
0.7225367894523546 -0.5748802023115912 0.2845913910906482
0.7742560504724758 -0.544839965062802 0.2879704657042357
-0.5970884653492902 -1.098027570471202 0.1660245482772178
-0.6799210074811535 -1.0464258086476539 0.1631623880388714
-0.6888266099879653 -1.0613422237556138 0.10877492535924758
-0.6518631401754396 -1.0946013122213678 0.08301227413860886
-0.7627535496130167 -0.9948240468241061 0.160300227800525
-0.7346956823073029 -1.04299955039782 0.08015011390026246
-0.6888266099879653 -1.0613422237556138 0.10877492535924758
-0.6799210074811535 -1.0464258086476539 0.1631623880388714
-0.7066378150015891 -1.091175053971534 -7.347880794884119e-17
-0.6518631401754396 -1.0946013122213678 0.08301227413860886
-0.6888266099879653 -1.0613422237556138 0.10877492535924758
-0.7346956823073029 -1.04299955039782 0.08015011390026246
-0.417910810423314 1.178921681235852 -0.1646157045283788
-0.5034828721847407 1.140011358783165 -0.1661483772541686
-0.5129183242307401 1.1554258063286154 -0.11076558483611242
-0.47485001937302646 1.182588191327684 -0.08230785226418944
-0.5890549339461675 1.101101036330478 -0.1676810499799584
-0.5604220811344531 1.1436778688749971 -0.08384052498997924
-0.5129183242307401 1.1554258063286154 -0.11076558483611242
-0.5034828721847407 1.140011358783165 -0.1661483772541686
-0.5317892283227389 1.186254701419516 -7.347880794884119e-17
-0.47485001937302646 1.182588191327684 -0.08230785226418944
-0.5129183242307401 1.1554258063286154 -0.11076558483611242
-0.5604220811344531 1.1436778688749971 -0.08384052498997924
-1.132633725593948 -0.5132221897962764 0.1752564249128626
-1.0674898254243905 -0.6070630215510369 0.18791308440292645
-1.035837734164837 -0.5780945679771049 0.21920909044599943
-1.0525836386198388 -0.5166899253127588 0.22852876372250397
-1.002345925254833 -0.7009038533057973 0.2005697438929903
-0.9874397384502813 -0.6105307570675191 0.2411854232125678
-1.035837734164837 -0.5780945679771049 0.21920909044599943
-1.0674898254243905 -0.6070630215510369 0.18791308440292645
-0.9725335516457297 -0.5201576608292411 0.2818011025321453
-1.0525836386198388 -0.5166899253127588 0.22852876372250397
-1.035837734164837 -0.5780945679771049 0.21920909044599943
-0.9874397384502813 -0.6105307570675191 0.2411854232125678
-0.5317892283227432 -1.186254701419514 -7.347880794884119e-17
-0.4737702676321429 -1.1835023823506203 0.0815374401917039
-0.5148763335378587 -1.1550107783908141 0.10969980955354186
-0.5644388468360166 -1.142141135945358 0.08301227413860886
-0.4157513069415426 -1.180750063281727 0.1630748803834079
-0.5064198861454163 -1.1393888168764645 0.16454971433031285
-0.5148763335378587 -1.1550107783908141 0.10969980955354186
-0.4737702676321429 -1.1835023823506203 0.0815374401917039
-0.5970884653492902 -1.098027570471202 0.1660245482772178
-0.5644388468360166 -1.142141135945358 0.08301227413860886
-0.5148763335378587 -1.1550107783908141 0.10969980955354186
-0.5064198861454163 -1.1393888168764645 0.16454971433031285
-0.04787350156178749 -1.248954486285696 -0.1660245482790884
0.04858461841324896 -1.2465670586336062 -0.16392966934572162
0.0489875968745142 -1.264060050877755 -0.1092864462304811
0.0009600261176285901 -1.2740002608258745 -0.08301227413954425
0.1450427383882854 -1.244179630981516 -0.1618347904123548
0.09741814609266504 -1.2716128331737844 -0.08091739520617744
0.0489875968745142 -1.264060050877755 -0.1092864462304811
0.04858461841324896 -1.2465670586336062 -0.16392966934572162
0.04979355379704467 -1.299046035366053 -7.347880794884119e-17
0.0009600261176285901 -1.2740002608258745 -0.08301227413954425
0.0489875968745142 -1.264060050877755 -0.1092864462304811
0.09741814609266504 -1.2716128331737844 -0.08091739520617744
-1.002935933768524 0.8271151750245299 -7.347880794884119e-17
-0.9550571317074081 0.8444018509185163 -0.08201057380363404
-0.9800872340076481 0.8017891672828563 -0.1074285350880048
-1.0165416861883259 0.7718394875180331 -0.07913222882837319
-0.9071783296462923 0.8616885268125027 -0.164021147607268
-0.9686628841272101 0.7891261634120195 -0.16114280263200714
-0.9800872340076481 0.8017891672828563 -0.1074285350880048
-0.9550571317074081 0.8444018509185163 -0.08201057380363404
-1.030147438608128 0.7165638000115363 -0.1582644576567463
-1.0165416861883259 0.7718394875180331 -0.07913222882837319
-0.9800872340076481 0.8017891672828563 -0.1074285350880048
-0.9686628841272101 0.7891261634120195 -0.16114280263200714
-1.030147438608128 0.7165638000115363 -0.1582644576567463
-1.078247067794842 0.635295349295836 -0.1579636618656723
-1.0913115415576813 0.644971660624306 -0.10530910791044822
-1.0737939638457439 0.6904440416463911 -0.07913222882837319
-1.126346696981556 0.5540268985801358 -0.1576628660745983
-1.121893593032458 0.6091755909306908 -0.0788314330372992
-1.0913115415576813 0.644971660624306 -0.10530910791044822
-1.078247067794842 0.635295349295836 -0.1579636618656723
-1.11744048908336 0.6643242832812459 -7.347880794884119e-17
-1.0737939638457439 0.6904440416463911 -0.07913222882837319
-1.0913115415576813 0.644971660624306 -0.10530910791044822
-1.121893593032458 0.6091755909306908 -0.0788314330372992
0.9366780716810242 0.9014622510299131 -7.347880794884119e-17
0.8875180736352193 0.915787105356217 -0.08124914937688779
0.8543763938423566 0.9551516477892957 -0.05416609958459189
0.8623855529688277 0.9676714918426831 -7.347880794884119e-17
0.8383580755894142 0.9301119596825209 -0.1624982987537755
0.8132255549230227 0.981996346168987 -0.08124914937688779
0.8543763938423566 0.9551516477892957 -0.05416609958459189
0.8875180736352193 0.915787105356217 -0.08124914937688779
0.7880930342566311 1.033880732655453 -7.347880794884119e-17
0.8623855529688277 0.9676714918426831 -7.347880794884119e-17
0.8543763938423566 0.9551516477892957 -0.05416609958459189
0.8132255549230227 0.981996346168987 -0.08124914937688779
-0.1490884530179223 -1.291422716687577 -7.347880794884119e-17
-0.19560937393284222 -1.260699322026327 -0.0801501139021882
-0.14636408314249064 -1.25678437677945 -0.10877492536115492
-0.0984809772898549 -1.2701886014866366 -0.08301227413954425
-0.2421302948477621 -1.229975927365077 -0.1603002278043763
-0.1450018982047748 -1.2394652068253866 -0.16316238804173236
-0.14636408314249064 -1.25678437677945 -0.10877492536115492
-0.19560937393284222 -1.260699322026327 -0.0801501139021882
-0.04787350156178749 -1.248954486285696 -0.1660245482790884
-0.0984809772898549 -1.2701886014866366 -0.08301227413954425
-0.14636408314249064 -1.25678437677945 -0.10877492536115492
-0.1450018982047748 -1.2394652068253866 -0.16316238804173236
1.084743808357191 -0.3251832679151462 -0.2691848301423784
1.155558503898763 -0.31295659906739226 -0.20702320385728623
1.1585780586133738 -0.365293458690698 -0.19022445309754446
1.124680488199893 -0.3975752229262278 -0.21290589086021963
1.226373199440335 -0.3007299302196384 -0.1448615775721941
1.195495183741465 -0.38534855407847396 -0.1507442645751275
1.1585780586133738 -0.365293458690698 -0.19022445309754446
1.155558503898763 -0.31295659906739226 -0.20702320385728623
1.164617168042595 -0.4699671779373095 -0.1566269515780609
1.124680488199893 -0.3975752229262278 -0.21290589086021963
1.1585780586133738 -0.365293458690698 -0.19022445309754446
1.195495183741465 -0.38534855407847396 -0.1507442645751275
0.8815695884728612 -0.3333922023243791 0.2944389615708233
0.9382027365103657 -0.25885824498680043 0.29710403737812907
0.8983143703996754 -0.22552381822864356 0.28132319627272734
0.8500536133255779 -0.24612358351835445 0.2721002378163736
0.9948358845478702 -0.1843242876492218 0.2997691131854348
0.9066867613630825 -0.17158962618077578 0.27476531362367934
0.8983143703996754 -0.22552381822864356 0.28132319627272734
0.9382027365103657 -0.25885824498680043 0.29710403737812907
0.8185376381782947 -0.1588549647123298 0.2497615140619239
0.8500536133255779 -0.24612358351835445 0.2721002378163736
0.8983143703996754 -0.22552381822864356 0.28132319627272734
0.9066867613630825 -0.17158962618077578 0.27476531362367934
1.165015224049373 0.5768357892270467 -7.347880794884119e-17
1.1214425647333714 0.606461712243823 -0.08172490747732145
1.102064432821159 0.6536125609239506 -0.054483271651547656
1.1141616965230536 0.6623750237556263 -7.347880794884119e-17
1.07786990541737 0.6360876352605992 -0.1634498149546428
1.0705890372070521 0.6920009467724024 -0.08172490747732145
1.102064432821159 0.6536125609239506 -0.054483271651547656
1.1214425647333714 0.606461712243823 -0.08172490747732145
1.063308168996734 0.7479142582842058 -7.347880794884119e-17
1.1141616965230536 0.6623750237556263 -7.347880794884119e-17
1.102064432821159 0.6536125609239506 -0.054483271651547656
1.0705890372070521 0.6920009467724024 -0.08172490747732145
0.1433395639422573 1.241625124736306 0.1660245482774924
0.24059512699819885 1.223733822910061 0.16418492196314194
0.24289956530349 1.2412294872720109 0.10945661464209461
0.1954240029281648 1.2589229703661085 0.08301227413874616
0.3378506900541404 1.205842521083816 0.1623452956487915
0.2926795659841064 1.2410316685398635 0.0811726478243957
0.24289956530349 1.2412294872720109 0.10945661464209461
0.24059512699819885 1.223733822910061 0.16418492196314194
0.2475084419140723 1.276220815995911 -7.347880794884119e-17
0.1954240029281648 1.2589229703661085 0.08301227413874616
0.24289956530349 1.2412294872720109 0.10945661464209461
0.2926795659841064 1.2410316685398635 0.0811726478243957
-0.2492584590380292 -0.8126967202605864 0.2598435205820431
-0.351575641875778 -0.8471309512523877 0.2798622781141847
-0.3480808810122782 -0.8940154520517339 0.2854425697742134
-0.29517490916165395 -0.9002405869555066 0.2782233368381569
-0.4538928247135268 -0.8815651822441891 0.2998810356463263
-0.3974920919994027 -0.9346748179473079 0.2982420943702986
-0.3480808810122782 -0.8940154520517339 0.2854425697742134
-0.351575641875778 -0.8471309512523877 0.2798622781141847
-0.3410913592852787 -0.9877844536504268 0.2966031530942708
-0.29517490916165395 -0.9002405869555066 0.2782233368381569
-0.3480808810122782 -0.8940154520517339 0.2854425697742134
-0.3974920919994027 -0.9346748179473079 0.2982420943702986
-1.265804051041112 0.2962095615740813 -7.347880794884119e-17
-1.2511986585704489 0.24363570229348025 0.0819530510686869
-1.2313401512818387 0.2881278105863534 0.1099768834716221
-1.228713593872865 0.3366607943730905 0.0830122741387462
-1.236593266099786 0.1910618430128792 0.1639061021373739
-1.214108201402202 0.28408693509248945 0.16496532520743318
-1.2313401512818387 0.2881278105863534 0.1099768834716221
-1.2511986585704489 0.24363570229348025 0.0819530510686869
-1.191623136704618 0.3771120271720997 0.1660245482774925
-1.228713593872865 0.3366607943730905 0.0830122741387462
-1.2313401512818387 0.2881278105863534 0.1099768834716221
-1.214108201402202 0.28408693509248945 0.16496532520743318
-1.296185541538863 0.09951402868744645 -7.347880794884119e-17
-1.2672665707317354 0.14717760167315552 -0.0801501139019232
-1.2621324402983307 0.09762663085433564 -0.10776162704082233
-1.274024860485192 0.04901935895207114 -0.08149232665931035
-1.238347599924608 0.1948411746588646 -0.1603002278038463
-1.2451058896780647 0.09668293193778021 -0.16164244056123345
-1.2621324402983307 0.09762663085433564 -0.10776162704082233
-1.2672665707317354 0.14717760167315552 -0.0801501139019232
-1.251864179431521 -0.001475310783304169 -0.1629846533186206
-1.274024860485192 0.04901935895207114 -0.08149232665931035
-1.2621324402983307 0.09762663085433564 -0.10776162704082233
-1.2451058896780647 0.09668293193778021 -0.16164244056123345
-0.2379644527649935 1.227009413243379 0.1660245482774926
-0.13987072325483854 1.2392065935032406 0.1643220590018952
-0.14294329984253148 1.2566119678980197 0.10954803933459678
-0.19352645289145545 1.2592160649654787 0.08301227413874626
-0.04177699374468358 1.251403773763102 0.1626195697262978
-0.09543272338130049 1.27141324522534 0.08130978486314885
-0.14294329984253148 1.2566119678980197 0.10954803933459678
-0.13987072325483854 1.2392065935032406 0.1643220590018952
-0.1490884530179174 1.291422716687578 -7.347880794884119e-17
-0.19352645289145545 1.2592160649654787 0.08301227413874626
-0.14294329984253148 1.2566119678980197 0.10954803933459678
-0.09543272338130049 1.27141324522534 0.08130978486314885
-1.196925470100894 -0.3834353998022207 -0.1550222108291942
-1.159386451936719 -0.47141623452930426 -0.15766157133632197
-1.174842030102054 -0.4762648874838687 -0.10510771422421467
-1.201339328266809 -0.4346987965976091 -0.07751110541459715
-1.121847433772544 -0.5593970692563878 -0.1603009318434497
-1.163800310102634 -0.5226796313246926 -0.0801504659217249
-1.174842030102054 -0.4762648874838687 -0.10510771422421467
-1.159386451936719 -0.47141623452930426 -0.15766157133632197
-1.205753186432724 -0.4859621933929976 -7.347880794884119e-17
-1.201339328266809 -0.4346987965976091 -0.07751110541459715
-1.174842030102054 -0.4762648874838687 -0.10510771422421467
-1.163800310102634 -0.5226796313246926 -0.0801504659217249
-0.344475952855657 1.253529544089084 -7.347880794884119e-17
-0.38214339718699186 1.215381374706907 0.08303033927106201
-0.33408374904632576 1.2192573875523978 0.11069507560653886
-0.29122020281032523 1.2402694786662316 0.08301227413874626
-0.4198108415183267 1.17723320532473 0.1660606785421241
-0.3288876471416601 1.2021213092840546 0.16604261340980836
-0.33408374904632576 1.2192573875523978 0.11069507560653886
-0.38214339718699186 1.215381374706907 0.08303033927106201
-0.2379644527649935 1.227009413243379 0.1660245482774926
-0.29122020281032523 1.2402694786662316 0.08301227413874626
-0.33408374904632576 1.2192573875523978 0.11069507560653886
-0.3288876471416601 1.2021213092840546 0.16604261340980836
-1.191623136704618 0.3771120271720997 0.1660245482774925
-1.1571312220589713 0.4667870034158081 0.16363343550172704
-1.1733385435168884 0.473178733408206 0.10908895700115134
-1.19868816156867 0.4315371102825507 0.0830122741387462
-1.122639307413325 0.5564619796595165 0.1612423227259616
-1.1641962469230234 0.521212086526259 0.08062116136298075
-1.1733385435168884 0.473178733408206 0.10908895700115134
-1.1571312220589713 0.4667870034158081 0.16363343550172704
-1.205753186432722 0.4859621933930017 -7.347880794884119e-17
-1.19868816156867 0.4315371102825507 0.0830122741387462
-1.1733385435168884 0.473178733408206 0.10908895700115134
-1.1641962469230234 0.521212086526259 0.08062116136298075
-1.02230673264755 0.7190744922127988 0.1660245482774927
-0.9615452049269665 0.7954430595091396 0.16316274006047324
-0.975342114540819 0.806000431347603 0.10877516004031547
-1.012621333208037 0.7730948336186644 0.0830122741387463
-0.9007836772063831 0.8718116268054804 0.1603009318434538
-0.9518598054874535 0.8494634009150052 0.08015046592172685
-0.975342114540819 0.806000431347603 0.10877516004031547
-0.9615452049269665 0.7954430595091396 0.16316274006047324
-1.002935933768524 0.8271151750245299 -7.347880794884119e-17
-1.012621333208037 0.7730948336186644 0.0830122741387463
-0.975342114540819 0.806000431347603 0.10877516004031547
-0.9518598054874535 0.8494634009150052 0.08015046592172685
-1.002935933768527 -0.8271151750245261 -7.347880794884119e-17
-1.0139789680239146 -0.7744242561782406 -0.0801181619778069
-0.9764956712156918 -0.806350371735889 -0.10715155532415153
-0.9522325056838865 -0.8486588889378559 -0.08060917100842044
-1.025022002279302 -0.7217333373319552 -0.1602363239556137
-0.963275539939274 -0.7959679700915705 -0.16072733298622727
-0.9764956712156918 -0.806350371735889 -0.10715155532415153
-1.0139789680239146 -0.7744242561782406 -0.0801181619778069
-0.9015290775992459 -0.8702026028511858 -0.1612183420168408
-0.9522325056838865 -0.8486588889378559 -0.08060917100842044
-0.9764956712156918 -0.806350371735889 -0.10715155532415153
-0.963275539939274 -0.7959679700915705 -0.16072733298622727
-1.205753186432724 -0.4859621933929976 -7.347880794884119e-17
-1.2010220796262874 -0.429122951194335 0.08070302979241616
-1.2226160700978959 -0.3848184879875822 0.05380201986161074
-1.2357786187369184 -0.39108587748353707 -7.347880794884119e-17
-1.196290972819851 -0.3722837089956724 0.1614060595848324
-1.231047511930482 -0.3342466352848745 0.08070302979241616
-1.2226160700978959 -0.3848184879875822 0.05380201986161074
-1.2010220796262874 -0.429122951194335 0.08070302979241616
-1.265804051041113 -0.2962095615740766 -7.347880794884119e-17
-1.2357786187369184 -0.39108587748353707 -7.347880794884119e-17
-1.2226160700978959 -0.3848184879875822 0.05380201986161074
-1.231047511930482 -0.3342466352848745 0.08070302979241616
-0.706637815001585 1.091175053971537 -7.347880794884119e-17
-0.7322660447161402 1.0427193716181038 0.0827755541259256
-0.6872068515938263 1.061155437902417 0.11052521884311457
-0.6518631401753918 1.0946013122212905 0.0830122741387462
-0.7578942744306955 0.9942636892646708 0.1655511082518513
-0.6774913698899472 1.0461456298678575 0.1657878282646719
-0.6872068515938263 1.061155437902417 0.11052521884311457
-0.7322660447161402 1.0427193716181038 0.0827755541259256
-0.5970884653491988 1.098027570471044 0.1660245482774925
-0.6518631401753918 1.0946013122212905 0.0830122741387462
-0.6872068515938263 1.061155437902417 0.11052521884311457
-0.6774913698899472 1.0461456298678575 0.1657878282646719
0.6210357640659409 -1.142065926184226 -7.347880794884119e-17
0.5471866311102173 -1.1554182088497051 -0.0739746002655715
0.5656217093066654 -1.1247815345414207 -0.11646256613766022
0.6117638148827512 -1.102787056054539 -0.1007192489409189
0.4733374981544937 -1.168770491515184 -0.1479492005311429
0.5379146819270276 -1.116139338720018 -0.1746938492064903
0.5656217093066654 -1.1247815345414207 -0.11646256613766022
0.5471866311102173 -1.1554182088497051 -0.0739746002655715
0.6024918656995616 -1.063508185924852 -0.2014384978818377
0.6117638148827512 -1.102787056054539 -0.1007192489409189
0.5656217093066654 -1.1247815345414207 -0.11646256613766022
0.5379146819270276 -1.116139338720018 -0.1746938492064903
-0.3288694532578648 -0.7147843079627243 -0.2110698878417289
-0.3662529072615094 -0.8088824774550589 -0.2554356964856884
-0.4158598305295113 -0.7943827233922892 -0.2669011726804013
-0.4219715651616899 -0.7400837616147369 -0.250451006455778
-0.403636361265154 -0.9029806469473934 -0.2998015051296479
-0.4593550191653345 -0.8341819311070715 -0.2948168150997375
-0.4158598305295113 -0.7943827233922892 -0.2669011726804013
-0.3662529072615094 -0.8088824774550589 -0.2554356964856884
-0.515073677065515 -0.7653832152667495 -0.2898321250698271
-0.4219715651616899 -0.7400837616147369 -0.250451006455778
-0.4158598305295113 -0.7943827233922892 -0.2669011726804013
-0.4593550191653345 -0.8341819311070715 -0.2948168150997375
-0.9606193624705635 -0.5514056187166279 -0.2800293106144388
-0.9263876217911031 -0.6433321585280347 -0.2681117428344555
-0.9592657486205027 -0.6694658847960082 -0.23215326987484156
-0.9928206823749327 -0.6365694780242915 -0.22013281728502626
-0.8921558811116428 -0.7352586983394416 -0.2561941750544721
-0.9585889416954724 -0.7284960178356984 -0.20821524950504292
-0.9592657486205027 -0.6694658847960082 -0.23215326987484156
-0.9263876217911031 -0.6433321585280347 -0.2681117428344555
-1.025022002279302 -0.7217333373319552 -0.1602363239556137
-0.9928206823749327 -0.6365694780242915 -0.22013281728502626
-0.9592657486205027 -0.6694658847960082 -0.23215326987484156
-0.9585889416954724 -0.7284960178356984 -0.20821524950504292
-1.113572620733027 -0.2453628516566904 -0.2651800977374074
-1.0975264159949094 -0.34077069906138147 -0.2574919739207181
-1.1306594340302376 -0.3549922659749945 -0.22333538622354346
-1.1552490454169604 -0.31439912572945555 -0.2101011542833008
-1.081480211256792 -0.4361785464660725 -0.2498038501040288
-1.139202840678843 -0.4098069731341466 -0.20241303046661152
-1.1306594340302376 -0.3549922659749945 -0.22333538622354346
-1.0975264159949094 -0.34077069906138147 -0.2574919739207181
-1.196925470100894 -0.3834353998022207 -0.1550222108291942
-1.1552490454169604 -0.31439912572945555 -0.2101011542833008
-1.1306594340302376 -0.3549922659749945 -0.22333538622354346
-1.139202840678843 -0.4098069731341466 -0.20241303046661152
0.7008789302085607 -0.491379970411555 -0.2631644202619469
0.6744974509469135 -0.5884291896240906 -0.2788848942492156
0.6200160955744912 -0.5809069665461729 -0.2470100072244762
0.6059661575191038 -0.5286212454009462 -0.22321232671847216
0.6481159716852662 -0.6854784088366263 -0.2946053682364843
0.5795846782574565 -0.6256704646134819 -0.23893280070574086
0.6200160955744912 -0.5809069665461729 -0.2470100072244762
0.6744974509469135 -0.5884291896240906 -0.2788848942492156
0.5110533848296469 -0.5658625203903375 -0.1832602331749974
0.6059661575191038 -0.5286212454009462 -0.22321232671847216
0.6200160955744912 -0.5809069665461729 -0.2470100072244762
0.5795846782574565 -0.6256704646134819 -0.23893280070574086
0.6748835304248323 0.4141619128121026 0.2160233124811972
0.7047395292027459 0.3429454144378179 0.2117128348714363
0.7506655054313726 0.36800426355228216 0.23915970310703663
0.758700494156729 0.4161419372966566 0.25503837602971724
0.7345955279806594 0.2717289160635333 0.2074023572616754
0.7885564929346427 0.344925438922372 0.25072789841995635
0.7506655054313726 0.36800426355228216 0.23915970310703663
0.7047395292027459 0.3429454144378179 0.2117128348714363
0.8425174578886259 0.4181219617812107 0.2940534395782373
0.758700494156729 0.4161419372966566 0.25503837602971724
0.7506655054313726 0.36800426355228216 0.23915970310703663
0.7885564929346427 0.344925438922372 0.25072789841995635
0.9366780716810221 -0.9014622510299153 -7.347880794884119e-17
0.9548194441935958 -0.8478577708996411 -0.07821950430530324
0.9909823524613083 -0.8145432666944966 -0.052146336203535516
0.9999931203388776 -0.8246882546570615 -7.347880794884119e-17
0.9729608167061695 -0.7942532907693669 -0.1564390086106064
1.0181344928514513 -0.7710837745267873 -0.07821950430530324
0.9909823524613083 -0.8145432666944966 -0.052146336203535516
0.9548194441935958 -0.8478577708996411 -0.07821950430530324
1.063308168996733 -0.7479142582842077 -7.347880794884119e-17
0.9999931203388776 -0.8246882546570615 -7.347880794884119e-17
0.9909823524613083 -0.8145432666944966 -0.052146336203535516
1.0181344928514513 -0.7710837745267873 -0.07821950430530324
0.9072949016875165 -2.222231594468659e-16 0.2853169548885463
0.9536474508437602 0.0754462576007699 0.2925516502580894
0.9086108466211585 0.10324915997127276 0.27828827152552266
0.8629162699317359 0.07942748235613914 0.2675392344744678
1.000000000000004 0.15089251520154 0.2997863456276325
0.9092688190879796 0.15487373995690926 0.2747739298440109
0.9086108466211585 0.10324915997127276 0.27828827152552266
0.9536474508437602 0.0754462576007699 0.2925516502580894
0.8185376381759554 0.1588549647122785 0.2497615140603893
0.8629162699317359 0.07942748235613914 0.2675392344744678
0.9086108466211585 0.10324915997127276 0.27828827152552266
0.9092688190879796 0.15487373995690926 0.2747739298440109
0.9072949016875139 -2.222231594468653e-16 -0.2853169548885455
0.9556523478659189 -0.07697913272322936 -0.2924517357073507
0.9099474446366372 -0.10427107671976797 -0.27822166182551555
0.862916269932794 -0.0794274823564227 -0.26753923447519534
1.004009794044324 -0.1539582654464585 -0.299586516526156
0.911273716111199 -0.15640661507965184 -0.2746740152940006
0.9099474446366372 -0.10427107671976797 -0.27822166182551555
0.9556523478659189 -0.07697913272322936 -0.2924517357073507
0.8185376381780741 -0.1588549647128452 -0.2497615140618452
0.862916269932794 -0.0794274823564227 -0.26753923447519534
0.9099474446366372 -0.10427107671976797 -0.27822166182551555
0.911273716111199 -0.15640661507965184 -0.2746740152940006
-0.5581477505265228 0.9053012936693172 -0.2931957417790602
-0.5833899552665301 0.8099584076292297 -0.2934303381237915
-0.6354627513018082 0.8105532043307194 -0.29011618385279575
-0.6488780469494435 0.8585220457015079 -0.2883418085449322
-0.6086321600065375 0.7146155215891422 -0.2936649344685228
-0.6741202516894509 0.7631791596614205 -0.2885764048896635
-0.6354627513018082 0.8105532043307194 -0.29011618385279575
-0.5833899552665301 0.8099584076292297 -0.2934303381237915
-0.7396083433723641 0.8117427977336987 -0.2834878753108042
-0.6488780469494435 0.8585220457015079 -0.2883418085449322
-0.6354627513018082 0.8105532043307194 -0.29011618385279575
-0.6741202516894509 0.7631791596614205 -0.2885764048896635
-0.8649234102152368 -0.9705191880955499 -7.347880794884119e-17
-0.8098305291311403 -0.985279177227839 -0.08070302979241468
-0.7754329577546232 -1.0205778028090706 -0.05380201986160982
-0.7857806126084129 -1.030847121033542 -7.347880794884119e-17
-0.7547376480470438 -1.000039166360128 -0.1614060595848293
-0.7306877315243164 -1.045607110165831 -0.08070302979241468
-0.7754329577546232 -1.0205778028090706 -0.05380201986160982
-0.8098305291311403 -0.985279177227839 -0.08070302979241468
-0.7066378150015891 -1.091175053971534 -7.347880794884119e-17
-0.7857806126084129 -1.030847121033542 -7.347880794884119e-17
-0.7754329577546232 -1.0205778028090706 -0.05380201986160982
-0.7306877315243164 -1.045607110165831 -0.08070302979241468
0.9366780716810242 0.9014622510299131 -7.347880794884119e-17
0.9527269615908398 0.8450036280999338 0.08356647301231086
0.9895873640594712 0.8126405048280244 0.05571098200820721
0.9999931203388792 0.8246882546570594 -7.347880794884119e-17
0.9687758515006553 0.7885450051699544 0.1671329460246218
1.0160420102486947 0.76822963172708 0.08356647301231086
0.9895873640594712 0.8126405048280244 0.05571098200820721
0.9527269615908398 0.8450036280999338 0.08356647301231086
1.063308168996734 0.7479142582842058 -7.347880794884119e-17
0.9999931203388792 0.8246882546570594 -7.347880794884119e-17
0.9895873640594712 0.8126405048280244 0.05571098200820721
1.0160420102486947 0.76822963172708 0.08356647301231086
0.9072949016875139 -2.222231594468653e-16 -0.2853169548885455
0.949424857930583 0.08185549590470399 -0.2926378196002564
0.9971849380578827 0.0545703306031359 -0.2901975313630198
0.999999999999998 -2.449293598294702e-16 -0.285316954888546
0.991554814173652 0.1637109918094082 -0.2999586843119673
1.042129956243067 0.08185549590470396 -0.2926378196002569
0.9971849380578827 0.0545703306031359 -0.2901975313630198
0.949424857930583 0.08185549590470399 -0.2926378196002564
1.092705098312482 -2.676355602120751e-16 -0.2853169548885466
0.999999999999998 -2.449293598294702e-16 -0.285316954888546
0.9971849380578827 0.0545703306031359 -0.2901975313630198
1.042129956243067 0.08185549590470396 -0.2926378196002569
-0.6434859152186531 -0.389663898114739 -0.1692054389917581
-0.6526349144549539 -0.46406127912957884 -0.21540827252375266
-0.6998394433464954 -0.45776119292233913 -0.2390510466938031
-0.7188672081741156 -0.41741245931129933 -0.227771017012831
-0.6617839136912548 -0.5384586601444187 -0.2616111060557472
-0.7280162074104165 -0.49180984032613917 -0.2739738505448256
-0.6998394433464954 -0.45776119292233913 -0.2390510466938031
-0.6526349144549539 -0.46406127912957884 -0.21540827252375266
-0.7942485011295782 -0.4451610205078597 -0.2863365950339039
-0.7188672081741156 -0.41741245931129933 -0.227771017012831
-0.6998394433464954 -0.45776119292233913 -0.2390510466938031
-0.7280162074104165 -0.49180984032613917 -0.2739738505448256
0.9366780716810221 -0.9014622510299153 -7.347880794884119e-17
0.8866732941099125 -0.9174895359960973 0.0801501139002584
0.8538132074921513 -0.9562866015492165 0.053433409266838906
0.8623855529688256 -0.9676714918426852 -7.347880794884119e-17
0.8366685165388029 -0.9335168209622792 0.1603002278005169
0.8123807753977159 -0.9836987768088672 0.0801501139002584
0.8538132074921513 -0.9562866015492165 0.053433409266838906
0.8866732941099125 -0.9174895359960973 0.0801501139002584
0.7880930342566289 -1.033880732655455 -7.347880794884119e-17
0.8623855529688256 -0.9676714918426852 -7.347880794884119e-17
0.8538132074921513 -0.9562866015492165 0.053433409266838906
0.8123807753977159 -0.9836987768088672 0.0801501139002584
0.9325357547101031 -0.516792541368 0.2926137976975229
0.9958093946879405 -0.44929851483371164 0.28248114433276106
0.9577294592829141 -0.4106630773306008 0.28646708341211513
0.9070526715914822 -0.42509237184618953 0.29352637963417305
1.059083034665778 -0.3818044882994232 0.2723484909679993
0.9703263115693196 -0.35759834531190116 0.2833937262694113
0.9577294592829141 -0.4106630773306008 0.28646708341211513
0.9958093946879405 -0.44929851483371164 0.28248114433276106
0.8815695884728612 -0.3333922023243791 0.2944389615708233
0.9070526715914822 -0.42509237184618953 0.29352637963417305
0.9577294592829141 -0.4106630773306008 0.28646708341211513
0.9703263115693196 -0.35759834531190116 0.2833937262694113
1.159259033590874 0.4672233662854203 -0.1660245482789839
1.1926896684138706 0.38068789761818655 -0.15704846373720632
1.156845570225103 0.363907650369732 -0.19411466595588922
1.122208203719221 0.3987852610791216 -0.21713580933611948
1.226120303236867 0.2941524289509527 -0.1480723791954287
1.1556388385422176 0.31224979241188777 -0.20815972479434186
1.156845570225103 0.363907650369732 -0.19411466595588922
1.1926896684138706 0.38068789761818655 -0.15704846373720632
1.085157373847568 0.3303471558728229 -0.268247070393255
1.122208203719221 0.3987852610791216 -0.21713580933611948
1.156845570225103 0.363907650369732 -0.19411466595588922
1.1556388385422176 0.31224979241188777 -0.20815972479434186
0.291656398497512 0.856968801563375 -0.2846409889254268
0.3383325387616926 0.9418855154533465 -0.28432966582788455
0.38680874461806414 0.909352137929015 -0.2891490445305257
0.3877087774141596 0.8506270922218635 -0.2917143954306174
0.3850086790258732 1.026802229343318 -0.2840183427303423
0.4343849176783402 0.9355438061118351 -0.29140307233307516
0.38680874461806414 0.909352137929015 -0.2891490445305257
0.3383325387616926 0.9418855154533465 -0.28432966582788455
0.4837611563308072 0.8442853828803522 -0.298787801935808
0.3877087774141596 0.8506270922218635 -0.2917143954306174
0.38680874461806414 0.909352137929015 -0.2891490445305257
0.4343849176783402 0.9355438061118351 -0.29140307233307516
0.9316440495455081 0.6375023045891106 -0.2709058359859673
0.8810720802207093 0.7091353564079979 -0.2681491663538558
0.9103798276274447 0.7378704782949402 -0.23218880558310817
0.9503196859932119 0.7164215133289678 -0.21558696001379013
0.8305001108959104 0.7807684082268851 -0.2653924967217443
0.899747716668413 0.788054565147855 -0.21283029038167867
0.9103798276274447 0.7378704782949402 -0.23218880558310817
0.8810720802207093 0.7091353564079979 -0.2681491663538558
0.9689953224409157 0.795340722068825 -0.160268084041613
0.9503196859932119 0.7164215133289678 -0.21558696001379013
0.9103798276274447 0.7378704782949402 -0.23218880558310817
0.899747716668413 0.788054565147855 -0.21283029038167867
1.170706868457713 -0.158113697734397 -0.2389922397474112
1.1277253384074521 -0.24164848282477158 -0.2540885349448948
1.0864868236197427 -0.2124184103653339 -0.2692545288053152
1.0873583312510187 -0.15603598159042775 -0.2692893781367836
1.084743808357191 -0.3251832679151462 -0.2691848301423784
1.0443768012007575 -0.23957076668080235 -0.2843856733342672
1.0864868236197427 -0.2124184103653339 -0.2692545288053152
1.1277253384074521 -0.24164848282477158 -0.2540885349448948
1.004009794044324 -0.1539582654464585 -0.299586516526156
1.0873583312510187 -0.15603598159042775 -0.2692893781367836
1.0864868236197427 -0.2124184103653339 -0.2692545288053152
1.0443768012007575 -0.23957076668080235 -0.2843856733342672
-0.7066378150015891 -1.091175053971534 -7.347880794884119e-17
-0.7346956823073029 -1.04299955039782 0.08015011390026246
-0.7781049249432809 -1.0188394296303966 0.05343340926684161
-0.7857806126084129 -1.030847121033542 -7.347880794884119e-17
-0.7627535496130167 -0.9948240468241061 0.160300227800525
-0.8138384799141267 -0.982671617459828 0.08015011390026246
-0.7781049249432809 -1.0188394296303966 0.05343340926684161
-0.7346956823073029 -1.04299955039782 0.08015011390026246
-0.8649234102152368 -0.9705191880955499 -7.347880794884119e-17
-0.7857806126084129 -1.030847121033542 -7.347880794884119e-17
-0.7781049249432809 -1.0188394296303966 0.05343340926684161
-0.8138384799141267 -0.982671617459828 0.08015011390026246
-0.1490884530179174 1.291422716687578 -7.347880794884119e-17
-0.19560937393393815 1.260699322027377 -0.08015011390022334
-0.24523156690784442 1.258309396047946 -0.053433409266815585
-0.2467822029367872 1.272476130388331 -7.347880794884119e-17
-0.2421302948499589 1.229975927367176 -0.1603002278004466
-0.293303123852808 1.24175273572813 -0.08015011390022334
-0.24523156690784442 1.258309396047946 -0.053433409266815585
-0.19560937393393815 1.260699322027377 -0.08015011390022334
-0.344475952855657 1.253529544089084 -7.347880794884119e-17
-0.2467822029367872 1.272476130388331 -7.347880794884119e-17
-0.24523156690784442 1.258309396047946 -0.053433409266815585
-0.293303123852808 1.24175273572813 -0.08015011390022334
-0.5317892283227389 1.186254701419516 -7.347880794884119e-17
-0.5604220811344531 1.1436778688749971 -0.08384052498997924
-0.6091606590901638 1.1261769305738438 -0.05589368332665285
-0.6192135216621619 1.1387148776955265 -7.347880794884119e-17
-0.5890549339461675 1.101101036330478 -0.1676810499799584
-0.6478463744738763 1.0961380451510077 -0.08384052498997924
-0.6091606590901638 1.1261769305738438 -0.05589368332665285
-0.5604220811344531 1.1436778688749971 -0.08384052498997924
-0.706637815001585 1.091175053971537 -7.347880794884119e-17
-0.6192135216621619 1.1387148776955265 -7.347880794884119e-17
-0.6091606590901638 1.1261769305738438 -0.05589368332665285
-0.6478463744738763 1.0961380451510077 -0.08384052498997924
0.04979355379704467 -1.299046035366053 -7.347880794884119e-17
0.09741814609266504 -1.2716128331737844 -0.08091739520617744
0.147448244699799 -1.2731488274478269 -0.053944930137451656
0.1486509978555558 -1.2876334256809825 -7.347880794884119e-17
0.1450427383882854 -1.244179630981516 -0.1618347904123548
0.19627559015117615 -1.260200223488714 -0.08091739520617744
0.147448244699799 -1.2731488274478269 -0.053944930137451656
0.09741814609266504 -1.2716128331737844 -0.08091739520617744
0.2475084419140669 -1.276220815995912 -7.347880794884119e-17
0.1486509978555558 -1.2876334256809825 -7.347880794884119e-17
0.147448244699799 -1.2731488274478269 -0.053944930137451656
0.19627559015117615 -1.260200223488714 -0.08091739520617744
0.7008789302085607 -0.491379970411555 -0.2631644202619469
0.779664661716059 -0.46504225061396287 -0.28050151204415275
0.8008146680221692 -0.5140137739464138 -0.2860258705892463
0.7719968054214752 -0.5516683955114352 -0.2801195039706902
0.8584503932235571 -0.4387045308163708 -0.2978386038263585
0.8507825369289734 -0.5253306757138431 -0.29745659575289596
0.8008146680221692 -0.5140137739464138 -0.2860258705892463
0.779664661716059 -0.46504225061396287 -0.28050151204415275
0.8431146806343897 -0.6119568206113154 -0.2970745876794334
0.7719968054214752 -0.5516683955114352 -0.2801195039706902
0.8008146680221692 -0.5140137739464138 -0.2860258705892463
0.8507825369289734 -0.5253306757138431 -0.29745659575289596
-0.8649234102152327 0.9705191880955536 -7.347880794884119e-17
-0.8860508699307625 0.9161038574540281 -0.08201057380363404
-0.9250125578766829 0.8864409633108621 -0.05467371586908939
-0.9339296719918784 0.8988171815600418 -7.347880794884119e-17
-0.9071783296462923 0.8616885268125027 -0.164021147607268
-0.9550571317074081 0.8444018509185163 -0.08201057380363404
-0.9250125578766829 0.8864409633108621 -0.05467371586908939
-0.8860508699307625 0.9161038574540281 -0.08201057380363404
-1.002935933768524 0.8271151750245299 -7.347880794884119e-17
-0.9339296719918784 0.8988171815600418 -7.347880794884119e-17
-0.9250125578766829 0.8864409633108621 -0.05467371586908939
-0.9550571317074081 0.8444018509185163 -0.08201057380363404
-1.113572620733027 -0.2453628516566904 -0.2651800977374074
-1.140120664624011 -0.1742398252473319 -0.2557614583376106
-1.0874670016664865 -0.15701719722900778 -0.2704495782873831
-1.047866148242232 -0.183967396424525 -0.28250295796216773
-1.166668708514995 -0.1031167988379734 -0.2463428189378138
-1.074414192133216 -0.1128443700151665 -0.2730843185623709
-1.0874670016664865 -0.15701719722900778 -0.2704495782873831
-1.140120664624011 -0.1742398252473319 -0.2557614583376106
-0.982159675751437 -0.1225719411923596 -0.299825818186928
-1.047866148242232 -0.183967396424525 -0.28250295796216773
-1.0874670016664865 -0.15701719722900778 -0.2704495782873831
-1.074414192133216 -0.1128443700151665 -0.2730843185623709
-0.3444759528556623 -1.253529544089083 -7.347880794884119e-17
-0.3801136298986024 -1.2171398036854049 0.0815374401917039
-0.4306721627066494 -1.2068447695967746 0.05435829346113591
-0.43813259058920273 -1.2198921227542985 -7.347880794884119e-17
-0.4157513069415426 -1.180750063281727 0.1630748803834079
-0.4737702676321429 -1.1835023823506203 0.0815374401917039
-0.4306721627066494 -1.2068447695967746 0.05435829346113591
-0.3801136298986024 -1.2171398036854049 0.0815374401917039
-0.5317892283227432 -1.186254701419514 -7.347880794884119e-17
-0.43813259058920273 -1.2198921227542985 -7.347880794884119e-17
-0.4306721627066494 -1.2068447695967746 0.05435829346113591
-0.4737702676321429 -1.1835023823506203 0.0815374401917039
1.063308168996734 0.7479142582842058 -7.347880794884119e-17
1.0705890372070521 0.6920009467724024 -0.08172490747732145
1.03672446561834 0.7264475385378767 -0.10790596633208531
1.016151745718825 0.7716274901765154 -0.08013404202080654
1.07786990541737 0.6360876352605992 -0.1634498149546428
1.0234326139291428 0.7157141786647121 -0.1618589494981279
1.03672446561834 0.7264475385378767 -0.10790596633208531
1.0705890372070521 0.6920009467724024 -0.08172490747732145
0.9689953224409157 0.795340722068825 -0.160268084041613
1.016151745718825 0.7716274901765154 -0.08013404202080654
1.03672446561834 0.7264475385378767 -0.10790596633208531
1.0234326139291428 0.7157141786647121 -0.1618589494981279
-1.251864179431521 -0.001475310783304169 -0.1629846533186206
-1.2473834386719165 -0.09805997119240428 -0.15799299412294537
-1.263650806294232 -0.09854465702408355 -0.10532866274863027
-1.274024860485192 -0.050494669735373136 -0.08149232665931035
-1.242902697912312 -0.1946446316015044 -0.1530013349272701
-1.2695441197255874 -0.14707933014447325 -0.0765006674636351
-1.263650806294232 -0.09854465702408355 -0.10532866274863027
-1.2473834386719165 -0.09805997119240428 -0.15799299412294537
-1.296185541538863 -0.09951402868744211 -7.347880794884119e-17
-1.274024860485192 -0.050494669735373136 -0.08149232665931035
-1.263650806294232 -0.09854465702408355 -0.10532866274863027
-1.2695441197255874 -0.14707933014447325 -0.0765006674636351
0.2475084419140723 1.276220815995911 -7.347880794884119e-17
0.2926795659841064 1.2410316685398635 0.0811726478243957
0.3415936912997564 1.2351817998177186 0.05411509854959711
0.3434651919225644 1.24985143918467 -7.347880794884119e-17
0.3378506900541404 1.205842521083816 0.1623452956487915
0.38863631599259846 1.2146622917286225 0.0811726478243957
0.3415936912997564 1.2351817998177186 0.05411509854959711
0.2926795659841064 1.2410316685398635 0.0811726478243957
0.4394219419310565 1.223482062373429 -7.347880794884119e-17
0.3434651919225644 1.24985143918467 -7.347880794884119e-17
0.3415936912997564 1.2351817998177186 0.05411509854959711
0.38863631599259846 1.2146622917286225 0.0811726478243957
-1.11744048908336 0.6643242832812459 -7.347880794884119e-17
-1.121893593032458 0.6091755909306908 -0.0788314330372992
-1.149846790832546 0.5681044584181277 -0.05255428869153283
-1.161596837758041 0.5751432383371238 -7.347880794884119e-17
-1.126346696981556 0.5540268985801358 -0.1576628660745983
-1.166049941707139 0.5199945459865687 -0.0788314330372992
-1.149846790832546 0.5681044584181277 -0.05255428869153283
-1.121893593032458 0.6091755909306908 -0.0788314330372992
-1.205753186432722 0.4859621933930017 -7.347880794884119e-17
-1.161596837758041 0.5751432383371238 -7.347880794884119e-17
-1.149846790832546 0.5681044584181277 -0.05255428869153283
-1.166049941707139 0.5199945459865687 -0.0788314330372992
-1.296185541538863 0.09951402868744645 -7.347880794884119e-17
-1.2663894038193244 0.14528793585016284 0.0819530510686869
-1.266194286226587 0.1955951444248023 0.054635367379124576
-1.2809947962899875 0.19786179513076388 -7.347880794884119e-17
-1.236593266099786 0.1910618430128792 0.1639061021373739
-1.2511986585704489 0.24363570229348025 0.0819530510686869
-1.266194286226587 0.1955951444248023 0.054635367379124576
-1.2663894038193244 0.14528793585016284 0.0819530510686869
-1.265804051041112 0.2962095615740813 -7.347880794884119e-17
-1.2809947962899875 0.19786179513076388 -7.347880794884119e-17
-1.266194286226587 0.1955951444248023 0.054635367379124576
-1.2511986585704489 0.24363570229348025 0.0819530510686869
-0.3444759528556623 -1.253529544089083 -7.347880794884119e-17
-0.2933031238517122 -1.2417527357270801 -0.0801501139021882
-0.24523156690711556 -1.2583093960472456 -0.05343340926812549
-0.24678220293679232 -1.27247613038833 -7.347880794884119e-17
-0.2421302948477621 -1.229975927365077 -0.1603002278043763
-0.19560937393284222 -1.260699322026327 -0.0801501139021882
-0.24523156690711556 -1.2583093960472456 -0.05343340926812549
-0.2933031238517122 -1.2417527357270801 -0.0801501139021882
-0.1490884530179223 -1.291422716687577 -7.347880794884119e-17
-0.24678220293679232 -1.27247613038833 -7.347880794884119e-17
-0.24523156690711556 -1.2583093960472456 -0.05343340926812549
-0.19560937393284222 -1.260699322026327 -0.0801501139021882
-1.265804051041112 0.2962095615740813 -7.347880794884119e-17
-1.25207582548286 0.24552536811647296 -0.0801501139019232
-1.2667790641681942 0.19685492164013077 -0.053433409267948824
-1.2809947962899875 0.19786179513076388 -7.347880794884119e-17
-1.238347599924608 0.1948411746588646 -0.1603002278038463
-1.2672665707317354 0.14717760167315552 -0.0801501139019232
-1.2667790641681942 0.19685492164013077 -0.053433409267948824
-1.25207582548286 0.24552536811647296 -0.0801501139019232
-1.296185541538863 0.09951402868744645 -7.347880794884119e-17
-1.2809947962899875 0.19786179513076388 -7.347880794884119e-17
-1.2667790641681942 0.19685492164013077 -0.053433409267948824
-1.2672665707317354 0.14717760167315552 -0.0801501139019232
-1.19162313670453 0.3771120271720717 -0.1660245482776325
-1.158984916843043 0.46556946287610373 -0.1618437071761154
-1.123396998209337 0.44902319357132797 -0.19778599976111924
-1.1219221488232276 0.396521341066924 -0.2178475666043797
-1.126346696981556 0.5540268985801358 -0.1576628660745983
-1.0892839289617404 0.484978776770956 -0.2136667255028626
-1.123396998209337 0.44902319357132797 -0.19778599976111924
-1.158984916843043 0.46556946287610373 -0.1618437071761154
-1.052221160941925 0.4159306549617763 -0.2696705849311269
-1.1219221488232276 0.396521341066924 -0.2178475666043797
-1.123396998209337 0.44902319357132797 -0.19778599976111924
-1.0892839289617404 0.484978776770956 -0.2136667255028626
-1.205753186432724 -0.4859621933929976 -7.347880794884119e-17
-1.163800310102634 -0.5226796313246926 -0.0801504659217249
-1.1483470364295436 -0.5698945153102088 -0.05343364394781663
-1.1615968377580435 -0.5751432383371194 -7.347880794884119e-17
-1.121847433772544 -0.5593970692563878 -0.1603009318434497
-1.1196439614279534 -0.6118606762688146 -0.0801504659217249
-1.1483470364295436 -0.5698945153102088 -0.05343364394781663
-1.163800310102634 -0.5226796313246926 -0.0801504659217249
-1.117440489083363 -0.6643242832812413 -7.347880794884119e-17
-1.1615968377580435 -0.5751432383371194 -7.347880794884119e-17
-1.1483470364295436 -0.5698945153102088 -0.05343364394781663
-1.1196439614279534 -0.6118606762688146 -0.0801504659217249
-0.8694126895719283 0.1254329894073641 0.2742570729795198
-0.9408495217629852 0.080122204345542 0.2869901255186806
-0.9073764686804964 0.02815506853274422 0.2767108534670806
-0.8549215260437235 0.024826893157256384 0.26520469117170015
-1.012286353954042 0.0348114192837199 0.2997231780578414
-0.9263583582347804 -0.02048389190456572 0.27793774371086094
-0.9073764686804964 0.02815506853274422 0.2767108534670806
-0.9408495217629852 0.080122204345542 0.2869901255186806
-0.8404303625155187 -0.07577920309285134 0.2561523093638805
-0.8549215260437235 0.024826893157256384 0.26520469117170015
-0.9073764686804964 0.02815506853274422 0.2767108534670806
-0.9263583582347804 -0.02048389190456572 0.27793774371086094
-0.1490884530179174 1.291422716687578 -7.347880794884119e-17
-0.09543272338130049 1.27141324522534 0.08130978486314885
-0.047023964321850555 1.2806241752722443 0.05420652324209921
-0.04964744961043404 1.2952343760268155 -7.347880794884119e-17
-0.04177699374468358 1.251403773763102 0.1626195697262978
0.004008280026182871 1.2752249045645776 0.08130978486314885
-0.047023964321850555 1.2806241752722443 0.05420652324209921
-0.09543272338130049 1.27141324522534 0.08130978486314885
0.04979355379704932 1.299046035366053 -7.347880794884119e-17
-0.04964744961043404 1.2952343760268155 -7.347880794884119e-17
-0.047023964321850555 1.2806241752722443 0.05420652324209921
0.004008280026182871 1.2752249045645776 0.08130978486314885
-0.5317892283227389 1.186254701419516 -7.347880794884119e-17
-0.4758000349205328 1.181743953372123 0.08303033927106201
-0.4320253408989075 1.20567248361111 0.05535355951404131
-0.43813259058919796 1.2198921227542998 -7.347880794884119e-17
-0.4198108415183267 1.17723320532473 0.1660606785421241
-0.38214339718699186 1.215381374706907 0.08303033927106201
-0.4320253408989075 1.20567248361111 0.05535355951404131
-0.4758000349205328 1.181743953372123 0.08303033927106201
-0.344475952855657 1.253529544089084 -7.347880794884119e-17
-0.43813259058919796 1.2198921227542998 -7.347880794884119e-17
-0.4320253408989075 1.20567248361111 0.05535355951404131
-0.38214339718699186 1.215381374706907 0.08303033927106201
-1.002935933768524 0.8271151750245299 -7.347880794884119e-17
-0.9518598054874535 0.8494634009150052 0.08015046592172685
-0.9228810070633799 0.889815329975188 0.053433643947817876
-0.9339296719918784 0.8988171815600418 -7.347880794884119e-17
-0.9007836772063831 0.8718116268054804 0.1603009318434538
-0.8828535437108078 0.921165407450517 0.08015046592172685
-0.9228810070633799 0.889815329975188 0.053433643947817876
-0.9518598054874535 0.8494634009150052 0.08015046592172685
-0.8649234102152327 0.9705191880955536 -7.347880794884119e-17
-0.9339296719918784 0.8988171815600418 -7.347880794884119e-17
-0.9228810070633799 0.889815329975188 0.053433643947817876
-0.8828535437108078 0.921165407450517 0.08015046592172685
-1.205753186432722 0.4859621933930017 -7.347880794884119e-17
-1.1641962469230234 0.521212086526259 0.08062116136298075
-1.1486109943098022 0.5689161521112547 0.053747440908653805
-1.161596837758041 0.5751432383371238 -7.347880794884119e-17
-1.122639307413325 0.5564619796595165 0.1612423227259616
-1.1200398982483426 0.6103931314703812 0.08062116136298075
-1.1486109943098022 0.5689161521112547 0.053747440908653805
-1.1641962469230234 0.521212086526259 0.08062116136298075
-1.11744048908336 0.6643242832812459 -7.347880794884119e-17
-1.161596837758041 0.5751432383371238 -7.347880794884119e-17
-1.1486109943098022 0.5689161521112547 0.053747440908653805
-1.1200398982483426 0.6103931314703812 0.08062116136298075
0.6024918656995616 -1.063508185924852 -0.2014384978818377
0.6702074955145316 -1.046339203356613 -0.16971371068510144
0.6538169183650013 -1.0782481109658173 -0.11314247379006764
0.6117638148827512 -1.102787056054539 -0.1007192489409189
0.7379231253295016 -1.029170220788374 -0.1379889234883652
0.6794794446977213 -1.0856180734863 -0.06899446174418264
0.6538169183650013 -1.0782481109658173 -0.11314247379006764
0.6702074955145316 -1.046339203356613 -0.16971371068510144
0.6210357640659409 -1.142065926184226 -7.347880794884119e-17
0.6117638148827512 -1.102787056054539 -0.1007192489409189
0.6538169183650013 -1.0782481109658173 -0.11314247379006764
0.6794794446977213 -1.0856180734863 -0.06899446174418264
0.8185376381780741 -0.1588549647128452 -0.2497615140618452
0.8637235024547147 -0.21936929678701622 -0.27286857727663355
0.8268492254988788 -0.25487440619202634 -0.2620585170090755
0.7858191548826405 -0.24236979485744592 -0.2450999552679023
0.9089093667313553 -0.2798836288611873 -0.2959756404914219
0.8310050191592812 -0.302884126931617 -0.26820701848269063
0.8268492254988788 -0.25487440619202634 -0.2620585170090755
0.8637235024547147 -0.21936929678701622 -0.27286857727663355
0.7531006715872071 -0.3258846250020467 -0.2404383964739594
0.7858191548826405 -0.24236979485744592 -0.2450999552679023
0.8268492254988788 -0.25487440619202634 -0.2620585170090755
0.8310050191592812 -0.302884126931617 -0.26820701848269063
-0.7578942744306955 0.9942636892646708 0.1655511082518513
-0.8293389758185392 0.9330376580350757 0.16292602004765255
-0.8025820848115885 0.8980030746880884 0.2007688901950393
-0.7534812886141914 0.9110987986293925 0.22100286937083202
-0.9007836772063831 0.8718116268054804 0.1603009318434538
-0.8249259900020351 0.8498727673997972 0.21837778116663328
-0.8025820848115885 0.8980030746880884 0.2007688901950393
-0.8293389758185392 0.9330376580350757 0.16292602004765255
-0.7490683027976873 0.8279339079941141 0.2764546304898128
-0.7534812886141914 0.9110987986293925 0.22100286937083202
-0.8025820848115885 0.8980030746880884 0.2007688901950393
-0.8249259900020351 0.8498727673997972 0.21837778116663328
1.063308168996733 -0.7479142582842077 -7.347880794884119e-17
1.0181344928514513 -0.7710837745267873 -0.07821950430530324
1.0388879007710747 -0.7270252631568539 -0.10473203825262735
1.0718514428035275 -0.6934112493505973 -0.07887855307363784
0.9729608167061695 -0.7942532907693669 -0.1564390086106064
1.0266777666582458 -0.7165807655931768 -0.157098057378941
1.0388879007710747 -0.7270252631568539 -0.10473203825262735
1.0181344928514513 -0.7710837745267873 -0.07821950430530324
1.080394716610322 -0.6389082404169869 -0.1577571061472756
1.0718514428035275 -0.6934112493505973 -0.07887855307363784
1.0388879007710747 -0.7270252631568539 -0.10473203825262735
1.0266777666582458 -0.7165807655931768 -0.157098057378941
1.024106063741282 0.4438579203706275 0.2766006174610385
0.9669229609312568 0.35833761130172936 0.28618249854438393
1.0062970369694453 0.3348531611860581 0.2820587208835357
1.054575626393552 0.36587109066267154 0.2752058915114388
0.9097398581212318 0.2728173022328312 0.2957643796277294
0.9973925235835268 0.28035078159377336 0.28478777259478427
1.0062970369694453 0.3348531611860581 0.2820587208835357
0.9669229609312568 0.35833761130172936 0.28618249854438393
1.085045189045822 0.2878842609547156 0.2738111655618392
1.054575626393552 0.36587109066267154 0.2752058915114388
1.0062970369694453 0.3348531611860581 0.2820587208835357
0.9973925235835268 0.28035078159377336 0.28478777259478427
1.063308168996734 0.7479142582842058 -7.347880794884119e-17
1.0160420102486947 0.76822963172708 0.08356647301231086
1.0354785723515654 0.7250556771967753 0.11105249809961266
1.0688299327770205 0.693311013210186 0.08301227413710811
0.9687758515006553 0.7885450051699544 0.1671329460246218
1.0215637740289811 0.7136263866530603 0.16657874714941906
1.0354785723515654 0.7250556771967753 0.11105249809961266
1.0160420102486947 0.76822963172708 0.08356647301231086
1.074351696557307 0.6387077681361661 0.1660245482742163
1.0688299327770205 0.693311013210186 0.08301227413710811
1.0354785723515654 0.7250556771967753 0.11105249809961266
1.0215637740289811 0.7136263866530603 0.16657874714941906
-0.982159675751437 -0.1225719411923596 -0.299825818186928
-1.074414192133216 -0.1128443700151665 -0.2730843185623709
-1.0860614321933937 -0.058346159706250574 -0.27502406148616215
-1.045757794032593 -0.03596084014038915 -0.28936468276033633
-1.166668708514995 -0.1031167988379734 -0.2463428189378138
-1.138012310414372 -0.02623326896319605 -0.26262318313577926
-1.0860614321933937 -0.058346159706250574 -0.27502406148616215
-1.074414192133216 -0.1128443700151665 -0.2730843185623709
-1.109355912313749 0.05065026091158129 -0.2789035473337447
-1.045757794032593 -0.03596084014038915 -0.28936468276033633
-1.0860614321933937 -0.058346159706250574 -0.27502406148616215
-1.138012310414372 -0.02623326896319605 -0.26262318313577926
0.9509682504845075 -0.8026606108072902 0.1739374637978843
0.8938183835116552 -0.8680887158847848 0.1671188457992006
0.9081049462347774 -0.8792132275998282 0.11141256386613373
0.9438231610827648 -0.8520614309186028 0.08696873189894211
0.8366685165388029 -0.9335168209622792 0.1603002278005169
0.8866732941099125 -0.9174895359960973 0.0801501139002584
0.9081049462347774 -0.8792132275998282 0.11141256386613373
0.8938183835116552 -0.8680887158847848 0.1671188457992006
0.9366780716810221 -0.9014622510299153 -7.347880794884119e-17
0.9438231610827648 -0.8520614309186028 0.08696873189894211
0.9081049462347774 -0.8792132275998282 0.11141256386613373
0.8866732941099125 -0.9174895359960973 0.0801501139002584
-0.06510343332090548 -1.156369872210504 0.2548968786416502
0.02831133018914661 -1.1729626260579926 0.241109333744038
0.0426339380041365 -1.1205794918459373 0.260553108983622
0.003087860156605393 -1.0860915478161655 0.27716876905222015
0.1217260936991987 -1.189555379905481 0.2273217888464258
0.09650262366665749 -1.102684301663654 0.26338122415460796
0.0426339380041365 -1.1205794918459373 0.260553108983622
0.02831133018914661 -1.1729626260579926 0.241109333744038
0.07127915363411627 -1.015813223421827 0.2994406594627901
0.003087860156605393 -1.0860915478161655 0.27716876905222015
0.0426339380041365 -1.1205794918459373 0.260553108983622
0.09650262366665749 -1.102684301663654 0.26338122415460796
-0.7227884427904074 0.6124202916258691 -0.2953447441567809
-0.8010899247510095 0.6495432845060201 -0.28606310406210167
-0.7805960642914611 0.7036097889152463 -0.28520469447833585
-0.7311983930813858 0.7120815446797839 -0.28941630973379256
-0.8793914067116114 0.6866662773861711 -0.2767814639674225
-0.8094998750419877 0.749204537559935 -0.2801346696391134
-0.7805960642914611 0.7036097889152463 -0.28520469447833585
-0.8010899247510095 0.6495432845060201 -0.28606310406210167
-0.7396083433723641 0.8117427977336987 -0.2834878753108042
-0.7311983930813858 0.7120815446797839 -0.28941630973379256
-0.7805960642914611 0.7036097889152463 -0.28520469447833585
-0.8094998750419877 0.749204537559935 -0.2801346696391134
-0.06510343332090548 -1.156369872210504 0.2548968786416502
-0.04043759821510973 -1.2113601464607489 0.19637798071059753
0.013616965756326418 -1.2040918909423262 0.2066925834225403
0.02831133018914661 -1.1729626260579926 0.241109333744038
-0.01577176310931397 -1.266350420710994 0.1378590827795448
0.05297716529494237 -1.2279529003082374 0.18259043581298529
0.013616965756326418 -1.2040918909423262 0.2066925834225403
-0.04043759821510973 -1.2113601464607489 0.19637798071059753
0.1217260936991987 -1.189555379905481 0.2273217888464258
0.02831133018914661 -1.1729626260579926 0.241109333744038
0.013616965756326418 -1.2040918909423262 0.2066925834225403
0.05297716529494237 -1.2279529003082374 0.18259043581298529
0.818537638175965 0.1588549647132312 -0.2497615140605163
0.7794036261443682 0.23914339245287186 -0.23940166223886475
0.8192915534905939 0.26536919240661466 -0.2583972128312526
0.8588025231795052 0.23833787851366578 -0.2730749140382723
0.7402696141127714 0.3194318201925125 -0.2290418104172132
0.8196685111479084 0.3186263062533064 -0.2627150622166207
0.8192915534905939 0.26536919240661466 -0.2583972128312526
0.7794036261443682 0.23914339245287186 -0.23940166223886475
0.8990674081830454 0.3178207923141003 -0.2963883140160283
0.8588025231795052 0.23833787851366578 -0.2730749140382723
0.8192915534905939 0.26536919240661466 -0.2583972128312526
0.8196685111479084 0.3186263062533064 -0.2627150622166207
-0.1400236013694301 -0.9885019178856034 0.2999955717835194
-0.10256351734516779 -1.0724358950480537 0.2774462252125848
-0.0446159603520731 -1.0535616711726448 0.28477770329598656
-0.03437222386765691 -1.0021575706537151 0.29971811562315476
-0.06510343332090548 -1.156369872210504 0.2548968786416502
0.003087860156605393 -1.0860915478161655 0.27716876905222015
-0.0446159603520731 -1.0535616711726448 0.28477770329598656
-0.10256351734516779 -1.0724358950480537 0.2774462252125848
0.07127915363411627 -1.015813223421827 0.2994406594627901
-0.03437222386765691 -1.0021575706537151 0.29971811562315476
-0.0446159603520731 -1.0535616711726448 0.28477770329598656
0.003087860156605393 -1.0860915478161655 0.27716876905222015
0.991554814173652 0.1637109918094082 -0.2999586843119673
0.9453111111783488 0.24076589206175425 -0.2981734991639978
0.9919265320680886 0.27062631333211046 -0.2881980229070836
1.03835609401061 0.24702907384111555 -0.2841028773526112
0.8990674081830454 0.3178207923141003 -0.2963883140160283
0.9921123910153067 0.32408397409346157 -0.28231769220464165
0.9919265320680886 0.27062631333211046 -0.2881980229070836
0.9453111111783488 0.24076589206175425 -0.2981734991639978
1.085157373847568 0.3303471558728229 -0.268247070393255
1.03835609401061 0.24702907384111555 -0.2841028773526112
0.9919265320680886 0.27062631333211046 -0.2881980229070836
0.9921123910153067 0.32408397409346157 -0.28231769220464165
0.1450427383882854 -1.244179630981516 -0.1618347904123548
0.172233883983848 -1.173692885340719 -0.21815637213525024
0.2252202131747005 -1.1841929644319202 -0.20077909751619094
0.23811780497234544 -1.2246863767979197 -0.16392966934521358
0.1994250295794106 -1.103206139699922 -0.2744779538581457
0.26530895056790804 -1.1541996311571225 -0.22025125106810906
0.2252202131747005 -1.1841929644319202 -0.20077909751619094
0.172233883983848 -1.173692885340719 -0.21815637213525024
0.3311928715564055 -1.205193122614323 -0.1660245482780724
0.23811780497234544 -1.2246863767979197 -0.16392966934521358
0.2252202131747005 -1.1841929644319202 -0.20077909751619094
0.26530895056790804 -1.1541996311571225 -0.22025125106810906
-0.04857893759761237 -0.9259708122507513 -0.291043978871709
-0.017100194971185645 -1.0163367374581243 -0.28569563248303353
-0.07022341840558793 -1.038166924622973 -0.28519132784627865
-0.11252440143600244 -1.0038990556017107 -0.287613348722239
0.01437854765524108 -1.106702662665497 -0.2803472860943581
-0.08104565880957572 -1.0942649808090836 -0.2822650023335635
-0.07022341840558793 -1.038166924622973 -0.28519132784627865
-0.017100194971185645 -1.0163367374581243 -0.28569563248303353
-0.1764698652743925 -1.08182729895267 -0.2841827185727689
-0.11252440143600244 -1.0038990556017107 -0.287613348722239
-0.07022341840558793 -1.038166924622973 -0.28519132784627865
-0.08104565880957572 -1.0942649808090836 -0.2822650023335635
0.1433395639422573 1.241625124736306 0.1660245482774924
0.05078128509878686 1.246514449249704 0.16432205900189512
0.06126831447180827 1.2064833218918602 0.19976420779689372
0.11279096858005419 1.1840230959562394 0.21833652683219165
-0.04177699374468358 1.251403773763102 0.1626195697262978
0.020232689736583757 1.1889124204696375 0.21663403755659433
0.06126831447180827 1.2064833218918602 0.19976420779689372
0.05078128509878686 1.246514449249704 0.16432205900189512
0.08224237321785109 1.126421067176173 0.2706485053868909
0.11279096858005419 1.1840230959562394 0.21833652683219165
0.06126831447180827 1.2064833218918602 0.19976420779689372
0.020232689736583757 1.1889124204696375 0.21663403755659433
-0.8649234102152368 -0.9705191880955499 -7.347880794884119e-17
-0.8138384799141267 -0.982671617459828 0.08015011390026246
-0.837754592539901 -0.9457398800731877 0.11219042052198264
-0.8752551140033431 -0.9211977966977285 0.08813551688271146
-0.7627535496130167 -0.9948240468241061 0.160300227800525
-0.824170183702233 -0.9333502260620066 0.16828563078297398
-0.837754592539901 -0.9457398800731877 0.11219042052198264
-0.8138384799141267 -0.982671617459828 0.08015011390026246
-0.8855868177914494 -0.8718764052999071 0.176271033765423
-0.8752551140033431 -0.9211977966977285 0.08813551688271146
-0.837754592539901 -0.9457398800731877 0.11219042052198264
-0.824170183702233 -0.9333502260620066 0.16828563078297398
0.4027302505911005 -0.7574902766827609 0.2642083650158988
0.4099117516779843 -0.836149261649761 0.28207982791336655
0.4712767443048284 -0.8334015485066306 0.28785337865985144
0.49836849007480855 -0.7926981994515654 0.28180442258436
0.4170932527648681 -0.9148082466167611 0.2999512908108343
0.5055499911616923 -0.8713571844185655 0.2996758854818278
0.4712767443048284 -0.8334015485066306 0.28785337865985144
0.4099117516779843 -0.836149261649761 0.28207982791336655
0.5940067295585165 -0.82790612222037 0.2994004801528212
0.49836849007480855 -0.7926981994515654 0.28180442258436
0.4712767443048284 -0.8334015485066306 0.28785337865985144
0.5055499911616923 -0.8713571844185655 0.2996758854818278
0.7671435884688117 -0.7659322476995737 0.2879858035579631
0.7854004755319266 -0.6908033984014295 0.2938650551868714
0.7299664061586552 -0.6721891578706761 0.2885211174124053
0.6931209279404619 -0.7004464622543716 0.2829095227107181
0.8036573625950415 -0.6156745491032852 0.2997443068157797
0.7113778150035768 -0.6253176129562273 0.28878877433962646
0.7299664061586552 -0.6721891578706761 0.2885211174124053
0.7854004755319266 -0.6908033984014295 0.2938650551868714
0.619098267412112 -0.6349606768091695 0.2778332418634732
0.6931209279404619 -0.7004464622543716 0.2829095227107181
0.7299664061586552 -0.6721891578706761 0.2885211174124053
0.7113778150035768 -0.6253176129562273 0.28878877433962646
-0.5970884653491988 1.098027570471044 0.1660245482774925
-0.5238564829960832 1.0548343361650576 0.2230579226690862
-0.4891746025034977 1.0956339592182818 0.20405884129343219
-0.5084496534337628 1.137630387897887 0.1660426134098083
-0.4506245006429676 1.011641101859071 0.2800912970606799
-0.43521767108064713 1.0944371535919006 0.22307598780140203
-0.4891746025034977 1.0956339592182818 0.20405884129343219
-0.5238564829960832 1.0548343361650576 0.2230579226690862
-0.4198108415183267 1.17723320532473 0.1660606785421241
-0.5084496534337628 1.137630387897887 0.1660426134098083
-0.4891746025034977 1.0956339592182818 0.20405884129343219
-0.43521767108064713 1.0944371535919006 0.22307598780140203
-1.191623136704618 0.3771120271720997 0.1660245482774925
-1.115405901085353 0.4019173304822341 0.21973725934112442
-1.1178170365280102 0.45343221354132823 0.20023894713607016
-1.1571312220589713 0.4667870034158081 0.16363343550172704
-1.039188665466088 0.4267226337923686 0.2734499704047564
-1.0809139864397066 0.49159230672594256 0.217346146565359
-1.1178170365280102 0.45343221354132823 0.20023894713607016
-1.115405901085353 0.4019173304822341 0.21973725934112442
-1.122639307413325 0.5564619796595165 0.1612423227259616
-1.1571312220589713 0.4667870034158081 0.16363343550172704
-1.1178170365280102 0.45343221354132823 0.20023894713607016
-1.0809139864397066 0.49159230672594256 0.217346146565359
-0.4294212358508245 -0.73141896162089 0.258736888058288
-0.4416570302821756 -0.8064920719325396 0.27930896185230714
-0.37752417320079346 -0.8085602880418885 0.27282048142888576
-0.33933984744442686 -0.7720578409407381 0.25929020432016553
-0.4538928247135268 -0.8815651822441891 0.2998810356463263
-0.351575641875778 -0.8471309512523877 0.2798622781141847
-0.37752417320079346 -0.8085602880418885 0.27282048142888576
-0.4416570302821756 -0.8064920719325396 0.27930896185230714
-0.2492584590380292 -0.8126967202605864 0.2598435205820431
-0.33933984744442686 -0.7720578409407381 0.25929020432016553
-0.37752417320079346 -0.8085602880418885 0.27282048142888576
-0.351575641875778 -0.8471309512523877 0.2798622781141847
-0.01577176310931397 -1.266350420710994 0.1378590827795448
0.07043922626191551 -1.267645654981485 0.1245999748181362
0.08753484874100992 -1.2416155632894836 0.15884057949423272
0.05297716529494237 -1.2279529003082374 0.18259043581298529
0.156650215633145 -1.268940889251976 0.1113408668567276
0.13918815466617185 -1.2292481345787285 0.1693313278515767
0.08753484874100992 -1.2416155632894836 0.15884057949423272
0.07043922626191551 -1.267645654981485 0.1245999748181362
0.1217260936991987 -1.189555379905481 0.2273217888464258
0.05297716529494237 -1.2279529003082374 0.18259043581298529
0.08753484874100992 -1.2416155632894836 0.15884057949423272
0.13918815466617185 -1.2292481345787285 0.1693313278515767
-0.344475952855657 1.253529544089084 -7.347880794884119e-17
-0.293303123852808 1.24175273572813 -0.08015011390022334
-0.33483901937631 1.2208090508973706 -0.10830531077627514
-0.3811933816394855 1.216225612662468 -0.08230785226418944
-0.2421302948499589 1.229975927367176 -0.1603002278004466
-0.33002055263663643 1.204448804301514 -0.1624579661644127
-0.33483901937631 1.2208090508973706 -0.10830531077627514
-0.293303123852808 1.24175273572813 -0.08015011390022334
-0.417910810423314 1.178921681235852 -0.1646157045283788
-0.3811933816394855 1.216225612662468 -0.08230785226418944
-0.33483901937631 1.2208090508973706 -0.10830531077627514
-0.33002055263663643 1.204448804301514 -0.1624579661644127
0.9689953224409157 0.795340722068825 -0.160268084041613
1.0234326139291428 0.7157141786647121 -0.1618589494981279
0.9928364258012645 0.689643553972845 -0.19820791166074103
0.9503196859932119 0.7164215133289678 -0.21558696001379013
1.07786990541737 0.6360876352605992 -0.1634498149546428
1.0047569774814389 0.636794969924855 -0.21717782547030506
0.9928364258012645 0.689643553972845 -0.19820791166074103
1.0234326139291428 0.7157141786647121 -0.1618589494981279
0.9316440495455081 0.6375023045891106 -0.2709058359859673
0.9503196859932119 0.7164215133289678 -0.21558696001379013
0.9928364258012645 0.689643553972845 -0.19820791166074103
1.0047569774814389 0.636794969924855 -0.21717782547030506
0.2475084419140669 -1.276220815995912 -7.347880794884119e-17
0.19627559015117615 -1.260200223488714 -0.08091739520617744
0.2412480172862526 -1.2418645231972503 -0.10928644623014243
0.2893506567352362 -1.2407069693051176 -0.08301227413903624
0.1450427383882854 -1.244179630981516 -0.1618347904123548
0.23811780497234544 -1.2246863767979197 -0.16392966934521358
0.2412480172862526 -1.2418645231972503 -0.10928644623014243
0.19627559015117615 -1.260200223488714 -0.08091739520617744
0.3311928715564055 -1.205193122614323 -0.1660245482780724
0.2893506567352362 -1.2407069693051176 -0.08301227413903624
0.2412480172862526 -1.2418645231972503 -0.10928644623014243
0.23811780497234544 -1.2246863767979197 -0.16392966934521358
1.172487834250394 0.1603636399003515 0.2374091365634703
1.086243917125199 0.15562807755094576 0.2685977410955514
1.0883976441876273 0.10375205170063041 0.27417081235988294
1.132596466281439 0.0801818199501756 0.26136304572600816
1.000000000000004 0.15089251520154 0.2997863456276325
1.046352549156244 0.07544625760076987 0.29255165025808927
1.0883976441876273 0.10375205170063041 0.27417081235988294
1.086243917125199 0.15562807755094576 0.2685977410955514
1.092705098312484 -2.676355602120756e-16 0.285316954888546
1.132596466281439 0.0801818199501756 0.26136304572600816
1.0883976441876273 0.10375205170063041 0.27417081235988294
1.046352549156244 0.07544625760076987 0.29255165025808927
1.170706868457713 -0.158113697734397 -0.2389922397474112
1.0873583312510187 -0.15603598159042775 -0.2692893781367836
1.0891405869381732 -0.10402398772695193 -0.2746319037207046
1.1317059833850975 -0.07905684886719865 -0.2621545973179789
1.004009794044324 -0.1539582654464585 -0.299586516526156
1.0483574461784029 -0.07697913272322938 -0.2924517357073513
1.0891405869381732 -0.10402398772695193 -0.2746319037207046
1.0873583312510187 -0.15603598159042775 -0.2692893781367836
1.092705098312482 -2.676355602120751e-16 -0.2853169548885466
1.1317059833850975 -0.07905684886719865 -0.2621545973179789
1.0891405869381732 -0.10402398772695193 -0.2746319037207046
1.0483574461784029 -0.07697913272322938 -0.2924517357073513
-0.706637815001585 1.091175053971537 -7.347880794884119e-17
-0.6478463744738763 1.0961380451510077 -0.08384052498997924
-0.6844655710673431 1.0620967053727473 -0.11123519941946686
-0.7321708896279309 1.0425945398938816 -0.08301227413922109
-0.5890549339461675 1.101101036330478 -0.1676810499799584
-0.6733794491002221 1.0475575310733523 -0.16685279912920026
-0.6844655710673431 1.0620967053727473 -0.11123519941946686
-0.6478463744738763 1.0961380451510077 -0.08384052498997924
-0.7577039642542767 0.9940140258162262 -0.1660245482784421
-0.7321708896279309 1.0425945398938816 -0.08301227413922109
-0.6844655710673431 1.0620967053727473 -0.11123519941946686
-0.6733794491002221 1.0475575310733523 -0.16685279912920026
-1.196925470100894 -0.3834353998022207 -0.1550222108291942
-1.219914084006603 -0.28904001570186255 -0.15401177287823214
-1.1844669295820776 -0.27448096102013847 -0.1910678811646239
-1.1552490454169604 -0.31439912572945555 -0.2101011542833008
-1.242902697912312 -0.1946446316015044 -0.1530013349272701
-1.1782376593226696 -0.2200037416290974 -0.20909071633233878
-1.1844669295820776 -0.27448096102013847 -0.1910678811646239
-1.219914084006603 -0.28904001570186255 -0.15401177287823214
-1.113572620733027 -0.2453628516566904 -0.2651800977374074
-1.1552490454169604 -0.31439912572945555 -0.2101011542833008
-1.1844669295820776 -0.27448096102013847 -0.1910678811646239
-1.1782376593226696 -0.2200037416290974 -0.20909071633233878
-0.7577039642542767 0.9940140258162262 -0.1660245482784421
-0.8324411469502845 0.9278512763143645 -0.16502284794285504
-0.8432685680386006 0.9420739135747609 -0.11001523196190338
-0.8113136872347546 0.9822666069558899 -0.08301227413922109
-0.9071783296462923 0.8616885268125027 -0.164021147607268
-0.8860508699307625 0.9161038574540281 -0.08201057380363404
-0.8432685680386006 0.9420739135747609 -0.11001523196190338
-0.8324411469502845 0.9278512763143645 -0.16502284794285504
-0.8649234102152327 0.9705191880955536 -7.347880794884119e-17
-0.8113136872347546 0.9822666069558899 -0.08301227413922109
-0.8432685680386006 0.9420739135747609 -0.11001523196190338
-0.8860508699307625 0.9161038574540281 -0.08201057380363404
0.7880930342566311 1.033880732655453 -7.347880794884119e-17
0.7369770848016601 1.0405090607892165 0.08157371094345715
0.7685086369227382 1.004704613427422 0.1097239900548358
0.8098323877107627 0.9834882256796432 0.08301227413879651
0.6858611353466892 1.04713738892298 0.1631474218869144
0.7587164382557918 0.9901165538134067 0.16458598508225375
0.7685086369227382 1.004704613427422 0.1097239900548358
0.7369770848016601 1.0405090607892165 0.08157371094345715
0.8315717411648943 0.9330957187038333 0.1660245482775931
0.8098323877107627 0.9834882256796432 0.08301227413879651
0.7685086369227382 1.004704613427422 0.1097239900548358
0.7587164382557918 0.9901165538134067 0.16458598508225375
-0.2379644527649984 -1.227009413243378 0.1660245482774925
-0.3268578798532705 -1.2038797382625526 0.16454971433045018
-0.33273057085406776 -1.2204296735380626 0.10969980955363344
-0.29122020281033034 -1.2402694786662305 0.0830122741387462
-0.4157513069415426 -1.180750063281727 0.1630748803834079
-0.3801136298986024 -1.2171398036854049 0.0815374401917039
-0.33273057085406776 -1.2204296735380626 0.10969980955363344
-0.3268578798532705 -1.2038797382625526 0.16454971433045018
-0.3444759528556623 -1.253529544089083 -7.347880794884119e-17
-0.29122020281033034 -1.2402694786662305 0.0830122741387462
-0.33273057085406776 -1.2204296735380626 0.10969980955363344
-0.3801136298986024 -1.2171398036854049 0.0815374401917039
1.3 -3.184081677783119e-16 -7.347880794884119e-17
1.2810848597462405 0.07342385662829434 0.06467306760328521
1.2682916059349882 0.048949237752196124 0.10189390363143741
1.271352549156242 -3.1139156598240406e-16 0.08816778784387086
1.262169719492481 0.146847713256589 0.1293461352065705
1.2524374089024826 0.07342385662829434 0.15284085544715614
1.2682916059349882 0.048949237752196124 0.10189390363143741
1.2810848597462405 0.07342385662829434 0.06467306760328521
1.242705098312484 -3.043749641864962e-16 0.1763355756877418
1.271352549156242 -3.1139156598240406e-16 0.08816778784387086
1.2682916059349882 0.048949237752196124 0.10189390363143741
1.2524374089024826 0.07342385662829434 0.15284085544715614
1.3 -3.184081677783119e-16 -7.347880794884119e-17
1.2810848597468691 -0.07342385662621115 -0.06467306760248365
1.268291605935407 -0.048949237750807534 -0.10189390363090338
1.2713525491562416 -3.1139156598240397e-16 -0.08816778784387144
1.262169719493738 -0.146847713252422 -0.1293461352049672
1.2524374089031105 -0.07342385662621115 -0.152840855446355
1.268291605935407 -0.048949237750807534 -0.10189390363090338
1.2810848597468691 -0.07342385662621115 -0.06467306760248365
1.242705098312483 -3.04374964186496e-16 -0.1763355756877428
1.2713525491562416 -3.1139156598240397e-16 -0.08816778784387144
1.268291605935407 -0.048949237750807534 -0.10189390363090338
1.2524374089031105 -0.07342385662621115 -0.152840855446355
-0.7627535496130167 -0.9948240468241061 0.160300227800525
-0.7611501860774799 -0.9103174225622328 0.21718751288382124
-0.8026290633154698 -0.8975037501414574 0.20354868651102184
-0.824170183702233 -0.9333502260620066 0.16828563078297398
-0.759546822541943 -0.8258107983003596 0.2740747979671175
-0.8225668201666962 -0.8488436018001333 0.22517291586627025
-0.8026290633154698 -0.8975037501414574 0.20354868651102184
-0.7611501860774799 -0.9103174225622328 0.21718751288382124
-0.8855868177914494 -0.8718764052999071 0.176271033765423
-0.824170183702233 -0.9333502260620066 0.16828563078297398
-0.8026290633154698 -0.8975037501414574 0.20354868651102184
-0.8225668201666962 -0.8488436018001333 0.22517291586627025
0.4394219419310565 1.223482062373429 -7.347880794884119e-17
0.38863631599259846 1.2146622917286225 0.0811726478243957
0.42951864365091347 1.189945666210187 0.10945661464209454
0.47535262044929993 1.1819972387733726 0.08301227413874605
0.3378506900541404 1.205842521083816 0.1623452956487915
0.4245669945108419 1.173177468128566 0.16418492196314183
0.42951864365091347 1.189945666210187 0.10945661464209454
0.38863631599259846 1.2146622917286225 0.0811726478243957
0.5112832989675433 1.140512415173316 0.1660245482774922
0.47535262044929993 1.1819972387733726 0.08301227413874605
0.42951864365091347 1.189945666210187 0.10945661464209454
0.4245669945108419 1.173177468128566 0.16418492196314183
-1.249334190330462 0.008140426579090315 0.1667909946991624
-1.242963728215124 0.09960113479598476 0.16534854841826813
-1.2607043326563703 0.099572099426472 0.11023236561217874
-1.2727598659346624 0.05382722763326838 0.08339549734958115
-1.236593266099786 0.1910618430128792 0.1639061021373739
-1.2663894038193244 0.14528793585016284 0.0819530510686869
-1.2607043326563703 0.099572099426472 0.11023236561217874
-1.242963728215124 0.09960113479598476 0.16534854841826813
-1.296185541538863 0.09951402868744645 -7.347880794884119e-17
-1.2727598659346624 0.05382722763326838 0.08339549734958115
-1.2607043326563703 0.099572099426472 0.11023236561217874
-1.2663894038193244 0.14528793585016284 0.0819530510686869
0.7 -1.714505518806295e-16 1.102553507614571e-15
0.7026922896801403 0.06408328583104236 0.04968281124839624
0.7014208422358021 0.09521866803766081 0.0005083788732642794
0.6994389736735629 0.07874471622544876 -0.048920242938499274
0.7053845793602807 0.1281665716620849 0.09936562249679139
0.7021312633537032 0.1428280020564913 0.000762568309895871
0.7014208422358021 0.09521866803766081 0.0005083788732642794
0.7026922896801403 0.06408328583104236 0.04968281124839624
0.6988779473471258 0.1574894324508977 -0.09784048587699964
0.6994389736735629 0.07874471622544876 -0.048920242938499274
0.7014208422358021 0.09521866803766081 0.0005083788732642794
0.7021312633537032 0.1428280020564913 0.000762568309895871
0.8383580755894142 0.9301119596825209 -0.1624982987537755
0.7621483458099937 0.9881956490916249 -0.1633414927932919
0.7707965752922061 1.0034240102795675 -0.10889432852886129
0.8132255549230227 0.981996346168987 -0.08124914937688779
0.6859386160305732 1.046279338500729 -0.1641846868328083
0.7370158251436021 1.040080035578091 -0.08209234341640419
0.7707965752922061 1.0034240102795675 -0.10889432852886129
0.7621483458099937 0.9881956490916249 -0.1633414927932919
0.7880930342566311 1.033880732655453 -7.347880794884119e-17
0.8132255549230227 0.981996346168987 -0.08124914937688779
0.7707965752922061 1.0034240102795675 -0.10889432852886129
0.7370158251436021 1.040080035578091 -0.08209234341640419
-1.205753186432722 0.4859621933930017 -7.347880794884119e-17
-1.166049941707139 0.5199945459865687 -0.0788314330372992
-1.1745743400396027 0.47236703971506966 -0.10789580478407697
-1.198688161568626 0.4315371102825367 -0.08301227413881629
-1.126346696981556 0.5540268985801358 -0.1576628660745983
-1.158984916843043 0.46556946287610373 -0.1618437071761154
-1.1745743400396027 0.47236703971506966 -0.10789580478407697
-1.166049941707139 0.5199945459865687 -0.0788314330372992
-1.19162313670453 0.3771120271720717 -0.1660245482776325
-1.198688161568626 0.4315371102825367 -0.08301227413881629
-1.1745743400396027 0.47236703971506966 -0.10789580478407697
-1.158984916843043 0.46556946287610373 -0.1618437071761154
0.04979355379704932 1.299046035366053 -7.347880794884119e-17
0.1027220249036378 1.284567243853219 -0.05438100047747504
0.0531715486312282 1.2767792060762135 -0.08494289654832378
0.0019320749417291692 1.280124582944128 -0.07303334434501069
0.1556504960102263 1.270088452340385 -0.10876200095495
0.05486054604831765 1.265645791431294 -0.12741434482248565
0.0531715486312282 1.2767792060762135 -0.08494289654832378
0.1027220249036378 1.284567243853219 -0.05438100047747504
-0.04592940391359098 1.261203130522203 -0.1460666886900213
0.0019320749417291692 1.280124582944128 -0.07303334434501069
0.0531715486312282 1.2767792060762135 -0.08494289654832378
0.05486054604831765 1.265645791431294 -0.12741434482248565
-1.19162313670453 0.3771120271720717 -0.1660245482776325
-1.214985368314569 0.28597660091546817 -0.1631623880407394
-1.2319249292234167 0.28938758780167256 -0.10877492536049295
-1.228713593872821 0.3366607943730765 -0.08301227413881629
-1.238347599924608 0.1948411746588646 -0.1603002278038463
-1.25207582548286 0.24552536811647296 -0.0801501139019232
-1.2319249292234167 0.28938758780167256 -0.10877492536049295
-1.214985368314569 0.28597660091546817 -0.1631623880407394
-1.265804051041112 0.2962095615740813 -7.347880794884119e-17
-1.228713593872821 0.3366607943730765 -0.08301227413881629
-1.2319249292234167 0.28938758780167256 -0.10877492536049295
-1.25207582548286 0.24552536811647296 -0.0801501139019232
0.7503307138289915 0.5605541715592728 0.2932239374530641
0.839288104341998 0.5752858131603169 0.2880525750882987
0.8307226113327847 0.6350816239712853 0.285107929471521
0.7819611695716748 0.6576137085762475 0.2862212878455149
0.9282454948550044 0.5900174547613611 0.2828812127235333
0.8709185600846812 0.6723453501772917 0.2810499254807495
0.8307226113327847 0.6350816239712853 0.285107929471521
0.839288104341998 0.5752858131603169 0.2880525750882987
0.813591625314358 0.7546732455932222 0.2792186382379657
0.7819611695716748 0.6576137085762475 0.2862212878455149
0.8307226113327847 0.6350816239712853 0.285107929471521
0.8709185600846812 0.6723453501772917 0.2810499254807495
0.04979355379704932 1.299046035366053 -7.347880794884119e-17
0.004008280026182871 1.2752249045645776 0.08130978486314885
0.05045204133154102 1.2640249779551536 0.10954803933459671
0.09656655886965332 1.2703355800511793 0.08301227413874616
-0.04177699374468358 1.251403773763102 0.1626195697262978
0.05078128509878686 1.246514449249704 0.16432205900189512
0.05045204133154102 1.2640249779551536 0.10954803933459671
0.004008280026182871 1.2752249045645776 0.08130978486314885
0.1433395639422573 1.241625124736306 0.1660245482774924
0.09656655886965332 1.2703355800511793 0.08301227413874616
0.05045204133154102 1.2640249779551536 0.10954803933459671
0.05078128509878686 1.246514449249704 0.16432205900189512
-0.422477718884639 -1.17630427951843 -0.1660245482776514
-0.33230400686620054 -1.2031401034417535 -0.16316238804101385
-0.3363613221960211 -1.21993658365753 -0.10877492536067591
-0.38347683587015063 -1.2149169118037566 -0.08301227413882574
-0.2421302948477621 -1.229975927365077 -0.1603002278043763
-0.2933031238517122 -1.2417527357270801 -0.0801501139021882
-0.3363613221960211 -1.21993658365753 -0.10877492536067591
-0.33230400686620054 -1.2031401034417535 -0.16316238804101385
-0.3444759528556623 -1.253529544089083 -7.347880794884119e-17
-0.38347683587015063 -1.2149169118037566 -0.08301227413882574
-0.3363613221960211 -1.21993658365753 -0.10877492536067591
-0.2933031238517122 -1.2417527357270801 -0.0801501139021882
-0.5970884653491988 1.098027570471044 0.1660245482774925
-0.5084496534337628 1.137630387897887 0.1660426134098083
-0.5162295117300881 1.1538384924050966 0.11069507560653885
-0.5644388468359689 1.14214113594528 0.0830122741387462
-0.4198108415183267 1.17723320532473 0.1660606785421241
-0.4758000349205328 1.181743953372123 0.08303033927106201
-0.5162295117300881 1.1538384924050966 0.11069507560653885
-0.5084496534337628 1.137630387897887 0.1660426134098083
-0.5317892283227389 1.186254701419516 -7.347880794884119e-17
-0.5644388468359689 1.14214113594528 0.0830122741387462
-0.5162295117300881 1.1538384924050966 0.11069507560653885
-0.4758000349205328 1.181743953372123 0.08303033927106201
-1.11744048908336 0.6643242832812459 -7.347880794884119e-17
-1.1200398982483426 0.6103931314703812 0.08062116136298075
-1.0874621763814118 0.6466202517178538 0.1090889570011514
-1.069873610865455 0.6916993877470223 0.0830122741387463
-1.122639307413325 0.5564619796595165 0.1612423227259616
-1.0724730200304373 0.6377682359361576 0.16363343550172715
-1.0874621763814118 0.6466202517178538 0.1090889570011514
-1.1200398982483426 0.6103931314703812 0.08062116136298075
-1.02230673264755 0.7190744922127988 0.1660245482774927
-1.069873610865455 0.6916993877470223 0.0830122741387463
-1.0874621763814118 0.6466202517178538 0.1090889570011514
-1.0724730200304373 0.6377682359361576 0.16363343550172715
-0.5317892283227432 -1.186254701419514 -7.347880794884119e-17
-0.5690082879904093 -1.1467530247563489 -0.07275753264804764
-0.5201647649551525 -1.1566034430103758 -0.10384653785791557
-0.47713347360369107 -1.181279490468972 -0.08301227413882574
-0.6062273476580752 -1.107251348093184 -0.1455150652960952
-0.5143525332713571 -1.141777813805807 -0.1557698067868733
-0.5201647649551525 -1.1566034430103758 -0.10384653785791557
-0.5690082879904093 -1.1467530247563489 -0.07275753264804764
-0.422477718884639 -1.17630427951843 -0.1660245482776514
-0.47713347360369107 -1.181279490468972 -0.08301227413882574
-0.5201647649551525 -1.1566034430103758 -0.10384653785791557
-0.5143525332713571 -1.141777813805807 -0.1557698067868733
-1.117440489083363 -0.6643242832812413 -7.347880794884119e-17
-1.1196439614279534 -0.6118606762688146 -0.0801504659217249
-1.0881033083784029 -0.6484848966231948 -0.10684575193302116
-1.0712312456813324 -0.6930288103065982 -0.0801181619778069
-1.121847433772544 -0.5593970692563878 -0.1603009318434497
-1.073434718025923 -0.6405652032941715 -0.16026862789953172
-1.0881033083784029 -0.6484848966231948 -0.10684575193302116
-1.1196439614279534 -0.6118606762688146 -0.0801504659217249
-1.025022002279302 -0.7217333373319552 -0.1602363239556137
-1.0712312456813324 -0.6930288103065982 -0.0801181619778069
-1.0881033083784029 -0.6484848966231948 -0.10684575193302116
-1.073434718025923 -0.6405652032941715 -0.16026862789953172
-0.8649234102152327 0.9705191880955536 -7.347880794884119e-17
-0.8828535437108078 0.921165407450517 0.08015046592172685
-0.8412004539507704 0.9455315013885682 0.108617346698435
-0.8114088423229641 0.9823914386801123 0.0827755541259256
-0.9007836772063831 0.8718116268054804 0.1603009318434538
-0.8293389758185392 0.9330376580350757 0.16292602004765255
-0.8412004539507704 0.9455315013885682 0.108617346698435
-0.8828535437108078 0.921165407450517 0.08015046592172685
-0.7578942744306955 0.9942636892646708 0.1655511082518513
-0.8114088423229641 0.9823914386801123 0.0827755541259256
-0.8412004539507704 0.9455315013885682 0.108617346698435
-0.8293389758185392 0.9330376580350757 0.16292602004765255
0.6869500717861571 -0.1938114223806439 -0.08983676842747311
0.720025371686682 -0.2598480236913453 -0.16513758245071625
0.6868797965411244 -0.30341955960395545 -0.15585619690663652
0.6537693590180831 -0.29218702690490983 -0.11356509712297505
0.7531006715872071 -0.3258846250020467 -0.2404383964739594
0.6868446589186081 -0.35822362821561127 -0.1888659111462182
0.6868797965411244 -0.30341955960395545 -0.15585619690663652
0.720025371686682 -0.2598480236913453 -0.16513758245071625
0.6205886462500091 -0.3905626314291758 -0.137293425818477
0.6537693590180831 -0.29218702690490983 -0.11356509712297505
0.6868797965411244 -0.30341955960395545 -0.15585619690663652
0.6868446589186081 -0.35822362821561127 -0.1888659111462182
-0.3410139412596226 0.8928503142421993 -0.2967197189439788
-0.387106379183028 0.9640943404371487 -0.28532655220146635
-0.33695246789642797 0.9975719665948312 -0.2855576623055452
-0.28882929329142526 0.9786887665761976 -0.2913698007288408
-0.4331988171064334 1.035338366632098 -0.2739333854589539
-0.33492173121483065 1.049932792771147 -0.2799766339863283
-0.33695246789642797 0.9975719665948312 -0.2855576623055452
-0.387106379183028 0.9640943404371487 -0.28532655220146635
-0.2366446453232279 1.064527218910196 -0.2860198825137028
-0.28882929329142526 0.9786887665761976 -0.2913698007288408
-0.33695246789642797 0.9975719665948312 -0.2855576623055452
-0.33492173121483065 1.049932792771147 -0.2799766339863283
1.092705098312484 -2.676355602120756e-16 0.285316954888546
1.046352549156244 0.07544625760076987 0.29255165025808927
1.0000000000000016 0.05029750506717984 0.2901400851349083
1.0000000000000002 -2.4492935982947074e-16 0.28531695488854614
1.000000000000004 0.15089251520154 0.2997863456276325
0.9536474508437602 0.0754462576007699 0.2925516502580894
1.0000000000000016 0.05029750506717984 0.2901400851349083
1.046352549156244 0.07544625760076987 0.29255165025808927
0.9072949016875165 -2.222231594468659e-16 0.2853169548885463
1.0000000000000002 -2.4492935982947074e-16 0.28531695488854614
1.0000000000000016 0.05029750506717984 0.2901400851349083
0.9536474508437602 0.0754462576007699 0.2925516502580894
1.092705098312482 -2.676355602120751e-16 -0.2853169548885466
1.0483574461784029 -0.07697913272322938 -0.2924517357073513
1.0013365980147733 -0.05131942181548633 -0.29007347543441603
0.999999999999998 -2.449293598294702e-16 -0.285316954888546
1.004009794044324 -0.1539582654464585 -0.299586516526156
0.9556523478659189 -0.07697913272322936 -0.2924517357073507
1.0013365980147733 -0.05131942181548633 -0.29007347543441603
1.0483574461784029 -0.07697913272322938 -0.2924517357073513
0.9072949016875139 -2.222231594468653e-16 -0.2853169548885455
0.999999999999998 -2.449293598294702e-16 -0.285316954888546
1.0013365980147733 -0.05131942181548633 -0.29007347543441603
0.9556523478659189 -0.07697913272322936 -0.2924517357073507
0.8315717411648943 0.9330957187038333 0.1660245482775931
0.7587164382557918 0.9901165538134067 0.16458598508225375
0.7274879305386416 0.9604650057181564 0.2013781726658059
0.7483013281346177 0.9171288141157448 0.22049354805525165
0.6858611353466892 1.04713738892298 0.1631474218869144
0.6754460252255152 0.9741496492253181 0.2190549848599123
0.7274879305386416 0.9604650057181564 0.2013781726658059
0.7587164382557918 0.9901165538134067 0.16458598508225375
0.6650309151043411 0.9011619095276562 0.2749625478329102
0.7483013281346177 0.9171288141157448 0.22049354805525165
0.7274879305386416 0.9604650057181564 0.2013781726658059
0.6754460252255152 0.9741496492253181 0.2190549848599123
1.080394716610322 -0.6389082404169869 -0.1577571061472756
1.046276386243692 -0.568221695822335 -0.21457947817905249
1.0857233135099928 -0.5354701898606599 -0.19526196931205528
1.1225059423264585 -0.5544377091771482 -0.15719202886266825
1.012158055877062 -0.497535151227683 -0.2714018502108294
1.0883876119598286 -0.48375116458249623 -0.21401440089444515
1.0857233135099928 -0.5354701898606599 -0.19526196931205528
1.046276386243692 -0.568221695822335 -0.21457947817905249
1.164617168042595 -0.4699671779373095 -0.1566269515780609
1.1225059423264585 -0.5544377091771482 -0.15719202886266825
1.0857233135099928 -0.5354701898606599 -0.19526196931205528
1.0883876119598286 -0.48375116458249623 -0.21401440089444515
1.085157373847568 0.3303471558728229 -0.268247070393255
1.1556388385422176 0.31224979241188777 -0.20815972479434186
1.1612551704449388 0.261621074908105 -0.21790952871738156
1.1288226040489744 0.2453553978866812 -0.252828103478358
1.226120303236867 0.2941524289509527 -0.1480723791954287
1.199304068743624 0.2272580344257461 -0.19274075787944484
1.1612551704449388 0.261621074908105 -0.21790952871738156
1.1556388385422176 0.31224979241188777 -0.20815972479434186
1.172487834250381 0.1603636399005395 -0.237409136563461
1.1288226040489744 0.2453553978866812 -0.252828103478358
1.1612551704449388 0.261621074908105 -0.21790952871738156
1.199304068743624 0.2272580344257461 -0.19274075787944484
1.284764550914453 0.1984440694845365 -7.347880794884119e-17
1.2554424270756601 0.24629824921774462 -0.0740361895977144
1.2501000546075767 0.29494442553641287 -0.049357459731809626
1.2620899302929316 0.29534042382914294 -7.347880794884119e-17
1.226120303236867 0.2941524289509527 -0.1480723791954287
1.2327678064541385 0.3431946035623511 -0.0740361895977144
1.2501000546075767 0.29494442553641287 -0.049357459731809626
1.2554424270756601 0.24629824921774462 -0.0740361895977144
1.23941530967141 0.3922367781737494 -7.347880794884119e-17
1.2620899302929316 0.29534042382914294 -7.347880794884119e-17
1.2501000546075767 0.29494442553641287 -0.049357459731809626
1.2327678064541385 0.3431946035623511 -0.0740361895977144
1.284764550914453 -0.1984440694845376 -7.347880794884119e-17
1.2534177901354655 -0.25026725193433436 0.07581890118848161
1.248750296647447 -0.29759042734747293 0.05054593412565438
1.2620899302929316 -0.2953404238291438 -7.347880794884119e-17
1.222071029356478 -0.3020904343841311 0.1516378023769633
1.2307431695139441 -0.3471636062789406 0.07581890118848161
1.248750296647447 -0.29759042734747293 0.05054593412565438
1.2534177901354655 -0.25026725193433436 0.07581890118848161
1.23941530967141 -0.3922367781737501 -7.347880794884119e-17
1.2620899302929316 -0.2953404238291438 -7.347880794884119e-17
1.248750296647447 -0.29759042734747293 0.05054593412565438
1.2307431695139441 -0.3471636062789406 0.07581890118848161
0.8185376381759554 0.1588549647122785 0.2497615140603893
0.761961108768118 0.1435107681871817 0.17456356827859035
0.7604057064079174 0.09567384545812108 0.17515423741497438
0.7879162699317358 0.07942748235613915 0.21304854487406588
0.7053845793602807 0.1281665716620849 0.09936562249679139
0.7313397405238984 0.06408328583104235 0.13785059909226693
0.7604057064079174 0.09567384545812108 0.17515423741497438
0.761961108768118 0.1435107681871817 0.17456356827859035
0.7572949016875162 -1.854837554724452e-16 0.1763355756877425
0.7879162699317358 0.07942748235613915 0.21304854487406588
0.7604057064079174 0.09567384545812108 0.17515423741497438
0.7313397405238984 0.06408328583104235 0.13785059909226693
0.3311928715565076 -1.205193122614695 0.1660245482774925
0.4257532718521032 -1.1829247316849065 0.1463462453276618
0.44552246900030285 -1.1462906959438948 0.17816629290929317
0.408126867426605 -1.1391078735382831 0.2039154681750242
0.5203136721476989 -1.160656340755118 0.1266679423778311
0.5026872677222005 -1.1168394826084946 0.1842371652251935
0.44552246900030285 -1.1462906959438948 0.17816629290929317
0.4257532718521032 -1.1829247316849065 0.1463462453276618
0.4850608632967023 -1.073022624461871 0.2418063880725559
0.408126867426605 -1.1391078735382831 0.2039154681750242
0.44552246900030285 -1.1462906959438948 0.17816629290929317
0.5026872677222005 -1.1168394826084946 0.1842371652251935
-0.9758124653413066 -0.3310194034314499 -0.2984528090656202
-1.0286463382990494 -0.3835989749487612 -0.2741283295848245
-1.0569550991103753 -0.33752026718473765 -0.27114558563568547
-1.0446925430371667 -0.28819112754407017 -0.28181645340151384
-1.081480211256792 -0.4361785464660725 -0.2498038501040288
-1.0975264159949094 -0.34077069906138147 -0.2574919739207181
-1.0569550991103753 -0.33752026718473765 -0.27114558563568547
-1.0286463382990494 -0.3835989749487612 -0.2741283295848245
-1.113572620733027 -0.2453628516566904 -0.2651800977374074
-1.0446925430371667 -0.28819112754407017 -0.28181645340151384
-1.0569550991103753 -0.33752026718473765 -0.27114558563568547
-1.0975264159949094 -0.34077069906138147 -0.2574919739207181
1.170706868457713 -0.158113697734397 -0.2389922397474112
1.198540033949024 -0.22942181397701772 -0.19192690865980266
1.1606079587517464 -0.2613422986230605 -0.21767954915399457
1.1277253384074521 -0.24164848282477158 -0.2540885349448948
1.226373199440335 -0.3007299302196384 -0.1448615775721941
1.155558503898763 -0.31295659906739226 -0.20702320385728623
1.1606079587517464 -0.2613422986230605 -0.21767954915399457
1.198540033949024 -0.22942181397701772 -0.19192690865980266
1.084743808357191 -0.3251832679151462 -0.2691848301423784
1.1277253384074521 -0.24164848282477158 -0.2540885349448948
1.1606079587517464 -0.2613422986230605 -0.21767954915399457
1.155558503898763 -0.31295659906739226 -0.20702320385728623
0.818537638175965 0.1588549647132312 -0.2497615140605163
0.8588025231795052 0.23833787851366578 -0.2730749140382723
0.9030532868442208 0.21346224961224658 -0.28203617079617066
0.9050462261748085 0.1612829782613197 -0.2748600991862418
0.8990674081830454 0.3178207923141003 -0.2963883140160283
0.9453111111783488 0.24076589206175425 -0.2981734991639978
0.9030532868442208 0.21346224961224658 -0.28203617079617066
0.8588025231795052 0.23833787851366578 -0.2730749140382723
0.991554814173652 0.1637109918094082 -0.2999586843119673
0.9050462261748085 0.1612829782613197 -0.2748600991862418
0.9030532868442208 0.21346224961224658 -0.28203617079617066
0.9453111111783488 0.24076589206175425 -0.2981734991639978
-0.2292562621494807 -0.9033718399045282 -0.2921936048768397
-0.31644631170731735 -0.9031762434259608 -0.2959975550032438
-0.3205873588908332 -0.840378931604882 -0.26768833261607217
-0.2790628577036728 -0.8090780739336263 -0.2516317463592843
-0.403636361265154 -0.9029806469473934 -0.2998015051296479
-0.3662529072615094 -0.8088824774550589 -0.2554356964856884
-0.3205873588908332 -0.840378931604882 -0.26768833261607217
-0.31644631170731735 -0.9031762434259608 -0.2959975550032438
-0.3288694532578648 -0.7147843079627243 -0.2110698878417289
-0.2790628577036728 -0.8090780739336263 -0.2516317463592843
-0.3205873588908332 -0.840378931604882 -0.26768833261607217
-0.3662529072615094 -0.8088824774550589 -0.2554356964856884
-0.2379644527649984 -1.227009413243378 0.1660245482774925
-0.1268681079371562 -1.246679916977186 0.15194181552851865
-0.10627988306507263 -1.2165765687216255 0.1862601698995625
-0.15153394304295192 -1.191689642726941 0.21046071345957135
-0.01577176310931397 -1.266350420710994 0.1378590827795448
-0.04043759821510973 -1.2113601464607489 0.19637798071059753
-0.10627988306507263 -1.2165765687216255 0.1862601698995625
-0.1268681079371562 -1.246679916977186 0.15194181552851865
-0.06510343332090548 -1.156369872210504 0.2548968786416502
-0.15153394304295192 -1.191689642726941 0.21046071345957135
-0.10627988306507263 -1.2165765687216255 0.1862601698995625
-0.04043759821510973 -1.2113601464607489 0.19637798071059753
-0.982159675751437 -0.1225719411923596 -0.299825818186928
-1.045757794032593 -0.03596084014038915 -0.28936468276033633
-1.0069207524680837 0.00802864920107114 -0.2904742732689158
-0.9557031725452511 -0.01328215665418394 -0.2962596362365013
-1.109355912313749 0.05065026091158129 -0.2789035473337447
-1.019301290826407 0.0733289443977865 -0.28579850080990965
-1.0069207524680837 0.00802864920107114 -0.2904742732689158
-1.045757794032593 -0.03596084014038915 -0.28936468276033633
-0.9292466693390651 0.09600762788399173 -0.2926934542860747
-0.9557031725452511 -0.01328215665418394 -0.2962596362365013
-1.0069207524680837 0.00802864920107114 -0.2904742732689158
-1.019301290826407 0.0733289443977865 -0.28579850080990965
-0.594837791571095 -0.8318042133907992 0.2991468021270587
-0.6121558075809905 -0.9013767168798588 0.27734870193612615
-0.5594014799585026 -0.8947728720013023 0.2848594798395262
-0.5243653081423109 -0.8566846978174942 0.2995139188866925
-0.629473823590886 -0.9709492203689184 0.2555506017451937
-0.5416833241522064 -0.9262572013065538 0.27771581869576
-0.5594014799585026 -0.8947728720013023 0.2848594798395262
-0.6121558075809905 -0.9013767168798588 0.27734870193612615
-0.4538928247135268 -0.8815651822441891 0.2998810356463263
-0.5243653081423109 -0.8566846978174942 0.2995139188866925
-0.5594014799585026 -0.8947728720013023 0.2848594798395262
-0.5416833241522064 -0.9262572013065538 0.27771581869576
0.8990674081830454 0.3178207923141003 -0.2963883140160283
0.8196685111479084 0.3186263062533064 -0.2627150622166207
0.8242924297567863 0.3679782120234811 -0.2740266579039679
0.8663038375787937 0.3922514079389653 -0.29651908164734525
0.7402696141127714 0.3194318201925125 -0.2290418104172132
0.7869049405436567 0.39305692187817143 -0.2628458298479377
0.8242924297567863 0.3679782120234811 -0.2740266579039679
0.8196685111479084 0.3186263062533064 -0.2627150622166207
0.833540266974542 0.4666820235638303 -0.2966498492786622
0.8663038375787937 0.3922514079389653 -0.29651908164734525
0.8242924297567863 0.3679782120234811 -0.2740266579039679
0.7869049405436567 0.39305692187817143 -0.2628458298479377
0.1217260936991987 -1.189555379905481 0.2273217888464258
0.13918815466617185 -1.2292481345787285 0.1693313278515767
0.20318972696295043 -1.221229797257384 0.16822906799354864
0.22645948262785315 -1.197374251260088 0.19667316856195916
0.156650215633145 -1.268940889251976 0.1113408668567276
0.24392154359482632 -1.2370670059333355 0.13868270756711004
0.20318972696295043 -1.221229797257384 0.16822906799354864
0.13918815466617185 -1.2292481345787285 0.1693313278515767
0.3311928715565076 -1.205193122614695 0.1660245482774925
0.22645948262785315 -1.197374251260088 0.19667316856195916
0.20318972696295043 -1.221229797257384 0.16822906799354864
0.24392154359482632 -1.2370670059333355 0.13868270756711004
-0.04592940391359098 1.261203130522203 -0.1460666886900213
0.05486054604831765 1.265645791431294 -0.12741434482248565
0.06831988800899386 1.2415662951273834 -0.16030246253652738
0.024654584008377636 1.2273052165208824 -0.18607269332731607
0.1556504960102263 1.270088452340385 -0.10876200095495
0.12544453397028626 1.2317478774299735 -0.16742034945978046
0.06831988800899386 1.2415662951273834 -0.16030246253652738
0.05486054604831765 1.265645791431294 -0.12741434482248565
0.09523857193034625 1.193407302519562 -0.2260786979646109
0.024654584008377636 1.2273052165208824 -0.18607269332731607
0.06831988800899386 1.2415662951273834 -0.16030246253652738
0.12544453397028626 1.2317478774299735 -0.16742034945978046
1.284764550914453 0.1984440694845365 -7.347880794884119e-17
1.273467135203467 0.17264589137056274 0.06467306760328521
1.282311423468978 0.11509726091370838 0.04311537840219012
1.2923822754572265 0.0992220347422681 -7.347880794884119e-17
1.262169719492481 0.146847713256589 0.1293461352065705
1.2810848597462405 0.07342385662829434 0.06467306760328521
1.282311423468978 0.11509726091370838 0.04311537840219012
1.273467135203467 0.17264589137056274 0.06467306760328521
1.3 -3.184081677783119e-16 -7.347880794884119e-17
1.2923822754572265 0.0992220347422681 -7.347880794884119e-17
1.282311423468978 0.11509726091370838 0.04311537840219012
1.2810848597462405 0.07342385662829434 0.06467306760328521
1.284764550914453 -0.1984440694845376 -7.347880794884119e-17
1.2734671352040956 -0.1726458913684798 -0.06467306760248365
1.282311423469397 -0.11509726091231998 -0.043115378401655795
1.2923822754572265 -0.09922203474226896 -7.347880794884119e-17
1.262169719493738 -0.146847713252422 -0.1293461352049672
1.2810848597468691 -0.07342385662621115 -0.06467306760248365
1.282311423469397 -0.11509726091231998 -0.043115378401655795
1.2734671352040956 -0.1726458913684798 -0.06467306760248365
1.3 -3.184081677783119e-16 -7.347880794884119e-17
1.2923822754572265 -0.09922203474226896 -7.347880794884119e-17
1.282311423469397 -0.11509726091231998 -0.043115378401655795
1.2810848597468691 -0.07342385662621115 -0.06467306760248365
0.5998964206596477 -0.456561426512185 0.1715265386637756
0.6723755795047789 -0.4652834037672519 0.22386158162823364
0.6871647349290849 -0.41394677321078643 0.2177337681789708
0.6583197332186724 -0.38391746930502024 0.18850233997211036
0.7448547383499101 -0.4740053810223188 0.2761966245926917
0.7307988920638037 -0.3926394465600871 0.24083738293656837
0.6871647349290849 -0.41394677321078643 0.2177337681789708
0.6723755795047789 -0.4652834037672519 0.22386158162823364
0.7167430457776972 -0.3112735120978554 0.2054781412804451
0.6583197332186724 -0.38391746930502024 0.18850233997211036
0.6871647349290849 -0.41394677321078643 0.2177337681789708
0.7307988920638037 -0.3926394465600871 0.24083738293656837
0.818537638175965 0.1588549647132312 -0.2497615140605163
0.9050462261748085 0.1612829782613197 -0.2748600991862418
0.9057957846790435 0.1075219855075464 -0.2783457177536764
0.8629162699317394 0.0794274823566155 -0.26753923447453093
0.991554814173652 0.1637109918094082 -0.2999586843119673
0.949424857930583 0.08185549590470399 -0.2926378196002564
0.9057957846790435 0.1075219855075464 -0.2783457177536764
0.9050462261748085 0.1612829782613197 -0.2748600991862418
0.9072949016875139 -2.222231594468653e-16 -0.2853169548885455
0.8629162699317394 0.0794274823566155 -0.26753923447453093
0.9057957846790435 0.1075219855075464 -0.2783457177536764
0.949424857930583 0.08185549590470399 -0.2926378196002564
-0.7194319227552466 0.4491238195751748 0.2587085827246993
-0.8082656502310137 0.46919369809708045 0.2789561117911781
-0.8369233356109174 0.41984606579076794 0.2845809728081476
-0.8068353145629856 0.3851373103766589 0.27726963878339295
-0.8970993777067807 0.4892635766189861 0.2992036408576568
-0.8956690420387527 0.40520718889856455 0.2975171678498717
-0.8369233356109174 0.41984606579076794 0.2845809728081476
-0.8082656502310137 0.46919369809708045 0.2789561117911781
-0.8942387063707247 0.321150801178143 0.2958306948420866
-0.8068353145629856 0.3851373103766589 0.27726963878339295
-0.8369233356109174 0.41984606579076794 0.2845809728081476
-0.8956690420387527 0.40520718889856455 0.2975171678498717
-0.5532476459103886 0.8519558510866266 0.2995820310349577
-0.4752237619807588 0.8388511407703395 0.29383620425307133
-0.4670240082014951 0.8964477944665834 0.2892545685222742
-0.5019360732766781 0.9317984764728489 0.2898366640478188
-0.397199878051129 0.8257464304540524 0.288090377471185
-0.42391218934704833 0.9186937661565617 0.2840908372659324
-0.4670240082014951 0.8964477944665834 0.2892545685222742
-0.4752237619807588 0.8388511407703395 0.29383620425307133
-0.4506245006429676 1.011641101859071 0.2800912970606799
-0.5019360732766781 0.9317984764728489 0.2898366640478188
-0.4670240082014951 0.8964477944665834 0.2892545685222742
-0.42391218934704833 0.9186937661565617 0.2840908372659324
-0.9015774240981834 0.3034374987560044 -0.2960159906578091
-0.9768992925200541 0.35968407685889037 -0.282843287794468
-0.9493498090462817 0.4088207434261912 -0.2881249998684738
-0.8979141330984602 0.4052657876583986 -0.2973522073371472
-1.052221160941925 0.4159306549617763 -0.2696705849311269
-0.973236001520331 0.4615123657612845 -0.28417950447380613
-0.9493498090462817 0.4088207434261912 -0.2881249998684738
-0.9768992925200541 0.35968407685889037 -0.282843287794468
-0.8942508420987371 0.5070940765607928 -0.2986884240164853
-0.8979141330984602 0.4052657876583986 -0.2973522073371472
-0.9493498090462817 0.4088207434261912 -0.2881249998684738
-0.973236001520331 0.4615123657612845 -0.28417950447380613
1.23941530967141 -0.3922367781737501 -7.347880794884119e-17
1.2328942545558725 -0.34648335419669424 -0.07243078878609709
1.250184353342066 -0.2971369259593087 -0.04828719252406475
1.2620899302929316 -0.2953404238291438 -7.347880794884119e-17
1.226373199440335 -0.3007299302196384 -0.1448615775721941
1.255568875177394 -0.249586999852088 -0.07243078878609709
1.250184353342066 -0.2971369259593087 -0.04828719252406475
1.2328942545558725 -0.34648335419669424 -0.07243078878609709
1.284764550914453 -0.1984440694845376 -7.347880794884119e-17
1.2620899302929316 -0.2953404238291438 -7.347880794884119e-17
1.250184353342066 -0.2971369259593087 -0.04828719252406475
1.255568875177394 -0.249586999852088 -0.07243078878609709
1.23941530967141 0.3922367781737494 -7.347880794884119e-17
1.2322832800847425 0.3450753215952266 0.0740880091144825
1.2497770370279795 0.2961982375583299 0.04939200607632164
1.2620899302929316 0.29534042382914294 -7.347880794884119e-17
1.225151250498075 0.2979138650167037 0.1481760182289651
1.254957900706264 0.2481789672506201 0.0740880091144825
1.2497770370279795 0.2961982375583299 0.04939200607632164
1.2322832800847425 0.3450753215952266 0.0740880091144825
1.284764550914453 0.1984440694845365 -7.347880794884119e-17
1.2620899302929316 0.29534042382914294 -7.347880794884119e-17
1.2497770370279795 0.2961982375583299 0.04939200607632164
1.254957900706264 0.2481789672506201 0.0740880091144825
0.8425174578886259 0.4181219617812107 0.2940534395782373
0.9333117608149539 0.4309899410759191 0.28532702851963787
0.9316230054949708 0.4839991123043998 0.284511756587603
0.8853814763718151 0.5040697082712859 0.28846732615088533
1.024106063741282 0.4438579203706275 0.2766006174610385
0.9761757792981431 0.5169376875659943 0.2797409150922859
0.9316230054949708 0.4839991123043998 0.284511756587603
0.9333117608149539 0.4309899410759191 0.28532702851963787
0.9282454948550044 0.5900174547613611 0.2828812127235333
0.8853814763718151 0.5040697082712859 0.28846732615088533
0.9316230054949708 0.4839991123043998 0.284511756587603
0.9761757792981431 0.5169376875659943 0.2797409150922859
0.5940067295585165 -0.82790612222037 0.2994004801528212
0.6466812088679021 -0.8741037807816125 0.27786240440075227
0.6868353354015387 -0.8380466030875996 0.28123687078648923
0.6805751590136642 -0.7969191849599718 0.2936931418553922
0.6993556881772879 -0.9203014393428551 0.2563243286486833
0.7332496383230498 -0.8431168435212144 0.2721550661033232
0.6868353354015387 -0.8380466030875996 0.28123687078648923
0.6466812088679021 -0.8741037807816125 0.27786240440075227
0.7671435884688117 -0.7659322476995737 0.2879858035579631
0.6805751590136642 -0.7969191849599718 0.2936931418553922
0.6868353354015387 -0.8380466030875996 0.28123687078648923
0.7332496383230498 -0.8431168435212144 0.2721550661033232
-1.126346696981556 0.5540268985801358 -0.1576628660745983
-1.0688768645597075 0.5667919794678369 -0.20387861833576865
-1.06332496335378 0.51650487129915 -0.2258092738675547
-1.0892839289617404 0.484978776770956 -0.2136667255028626
-1.011407032137859 0.5795570603555379 -0.250094370596939
-1.0318140965398919 0.4977438576586571 -0.25988247776403295
-1.06332496335378 0.51650487129915 -0.2258092738675547
-1.0688768645597075 0.5667919794678369 -0.20387861833576865
-1.052221160941925 0.4159306549617763 -0.2696705849311269
-1.0892839289617404 0.484978776770956 -0.2136667255028626
-1.06332496335378 0.51650487129915 -0.2258092738675547
-1.0318140965398919 0.4977438576586571 -0.25988247776403295
0.7579108953916528 0.6440733692061125 -0.2999516696305128
0.7942055031437816 0.7124208887164988 -0.2826720831761286
0.840018351944357 0.6874480273407028 -0.27875000077940815
0.8447774724685804 0.6407878368976115 -0.28542875280824004
0.8305001108959104 0.7807684082268851 -0.2653924967217443
0.8810720802207093 0.7091353564079979 -0.2681491663538558
0.840018351944357 0.6874480273407028 -0.27875000077940815
0.7942055031437816 0.7124208887164988 -0.2826720831761286
0.9316440495455081 0.6375023045891106 -0.2709058359859673
0.8447774724685804 0.6407878368976115 -0.28542875280824004
0.840018351944357 0.6874480273407028 -0.27875000077940815
0.8810720802207093 0.7091353564079979 -0.2681491663538558
0.4850608632967023 -1.073022624461871 0.2418063880725559
0.4510770580307852 -0.993915435539316 0.2708788394416951
0.3910087723584584 -1.0041649356979476 0.2785748460213175
0.37796653215525355 -1.048843280238541 0.26788662362655913
0.4170932527648681 -0.9148082466167611 0.2999512908108343
0.3439827268893365 -0.969736091315986 0.2969590749956983
0.3910087723584584 -1.0041649356979476 0.2785748460213175
0.4510770580307852 -0.993915435539316 0.2708788394416951
0.2708722010138049 -1.024663936015211 0.2939668591805623
0.37796653215525355 -1.048843280238541 0.26788662362655913
0.3910087723584584 -1.0041649356979476 0.2785748460213175
0.3439827268893365 -0.969736091315986 0.2969590749956983
-0.1490884530179223 -1.291422716687577 -7.347880794884119e-17
-0.08243010806361814 -1.2788865686992854 0.06892954138977236
-0.13427488963074488 -1.2615941835473163 0.10129454368567907
-0.19352645289146037 -1.2592160649654773 0.0830122741387462
-0.01577176310931397 -1.266350420710994 0.1378590827795448
-0.1268681079371562 -1.246679916977186 0.15194181552851865
-0.13427488963074488 -1.2615941835473163 0.10129454368567907
-0.08243010806361814 -1.2788865686992854 0.06892954138977236
-0.2379644527649984 -1.227009413243378 0.1660245482774925
-0.19352645289146037 -1.2592160649654773 0.0830122741387462
-0.13427488963074488 -1.2615941835473163 0.10129454368567907
-0.1268681079371562 -1.246679916977186 0.15194181552851865
0.09118478838114523 0.9272543332408619 0.2921280575125165
-0.0005853249473607158 0.9593332283109403 0.29604865213411
-0.029072638207608362 0.9139706470793149 0.27923498015208487
0.002568761826520785 0.8752499089284629 0.26886784685027554
-0.09235543827586666 0.9914121233810186 0.2999692467557036
-0.08920135150198516 0.9073288039985412 0.27278844147186904
-0.029072638207608362 0.9139706470793149 0.27923498015208487
-0.0005853249473607158 0.9593332283109403 0.29604865213411
-0.08604726472810366 0.8232454846160637 0.2456076361880345
0.002568761826520785 0.8752499089284629 0.26886784685027554
-0.029072638207608362 0.9139706470793149 0.27923498015208487
-0.08920135150198516 0.9073288039985412 0.27278844147186904
0.8185376381759554 0.1588549647122785 0.2497615140603893
0.7765665830783074 0.2152919403879059 0.22858193566103235
0.7528392485056319 0.18625015081263221 0.18550983127295204
0.761961108768118 0.1435107681871817 0.17456356827859035
0.7345955279806594 0.2717289160635333 0.2074023572616754
0.71999005367047 0.19994774386280909 0.1533839898792334
0.7528392485056319 0.18625015081263221 0.18550983127295204
0.7765665830783074 0.2152919403879059 0.22858193566103235
0.7053845793602807 0.1281665716620849 0.09936562249679139
0.761961108768118 0.1435107681871817 0.17456356827859035
0.7528392485056319 0.18625015081263221 0.18550983127295204
0.71999005367047 0.19994774386280909 0.1533839898792334
-0.6069688850756709 -0.9601516644629136 -0.2674456310022321
-0.606598116366873 -1.0337015062780488 -0.20648034814916366
-0.6559779602602632 -1.0224807263054085 -0.19145558529438556
-0.6808532665613574 -0.9800954154115208 -0.2144258452935307
-0.6062273476580752 -1.107251348093184 -0.1455150652960952
-0.6804824978525594 -1.053645257226656 -0.15346056244046224
-0.6559779602602632 -1.0224807263054085 -0.19145558529438556
-0.606598116366873 -1.0337015062780488 -0.20648034814916366
-0.7547376480470438 -1.000039166360128 -0.1614060595848293
-0.6808532665613574 -0.9800954154115208 -0.2144258452935307
-0.6559779602602632 -1.0224807263054085 -0.19145558529438556
-0.6804824978525594 -1.053645257226656 -0.15346056244046224
0.6793896791943654 -1.049099063373719 0.1660245482775935
0.5998516756710321 -1.1048777020644185 0.1463462453277123
0.606913038469335 -1.117273776771021 0.09756416355180818
0.6502127216301532 -1.0955824947789725 0.08301227413879671
0.5203136721476989 -1.160656340755118 0.1266679423778311
0.5706747181068199 -1.151361133469672 0.06333397118891551
0.606913038469335 -1.117273776771021 0.09756416355180818
0.5998516756710321 -1.1048777020644185 0.1463462453277123
0.6210357640659409 -1.142065926184226 -7.347880794884119e-17
0.6502127216301532 -1.0955824947789725 0.08301227413879671
0.606913038469335 -1.117273776771021 0.09756416355180818
0.5706747181068199 -1.151361133469672 0.06333397118891551
0.4394219419310522 -1.223482062373431 -7.347880794884119e-17
0.45637972004277294 -1.1961262769443075 -0.0739746002655715
0.5112650680504957 -1.1781061600242804 -0.04931640017704769
0.5302288529984965 -1.1827739942788287 -7.347880794884119e-17
0.4733374981544937 -1.168770491515184 -0.1479492005311429
0.5471866311102173 -1.1554182088497051 -0.0739746002655715
0.5112650680504957 -1.1781061600242804 -0.04931640017704769
0.45637972004277294 -1.1961262769443075 -0.0739746002655715
0.6210357640659409 -1.142065926184226 -7.347880794884119e-17
0.5302288529984965 -1.1827739942788287 -7.347880794884119e-17
0.5112650680504957 -1.1781061600242804 -0.04931640017704769
0.5471866311102173 -1.1554182088497051 -0.0739746002655715
0.9689953224409157 0.795340722068825 -0.160268084041613
0.899747716668413 0.788054565147855 -0.21283029038167867
0.8792845029754135 0.8354070299927437 -0.19605295983904428
0.903676699015165 0.8627263408756729 -0.16138319139769425
0.8305001108959104 0.7807684082268851 -0.2653924967217443
0.8344290932426623 0.855440183954703 -0.2139453977377599
0.8792845029754135 0.8354070299927437 -0.19605295983904428
0.899747716668413 0.788054565147855 -0.21283029038167867
0.8383580755894142 0.9301119596825209 -0.1624982987537755
0.903676699015165 0.8627263408756729 -0.16138319139769425
0.8792845029754135 0.8354070299927437 -0.19605295983904428
0.8344290932426623 0.855440183954703 -0.2139453977377599
1.23941530967141 0.3922367781737494 -7.347880794884119e-17
1.2327678064541385 0.3431946035623511 -0.0740361895977144
1.2082648821663835 0.38453752447004086 -0.10469897582480424
1.199337171631142 0.42973007222958487 -0.083012274139492
1.226120303236867 0.2941524289509527 -0.1480723791954287
1.1926896684138706 0.38068789761818655 -0.15704846373720632
1.2082648821663835 0.38453752447004086 -0.10469897582480424
1.2327678064541385 0.3431946035623511 -0.0740361895977144
1.159259033590874 0.4672233662854203 -0.1660245482789839
1.199337171631142 0.42973007222958487 -0.083012274139492
1.2082648821663835 0.38453752447004086 -0.10469897582480424
1.1926896684138706 0.38068789761818655 -0.15704846373720632
0.4394219419310522 -1.223482062373431 -7.347880794884119e-17
0.47986780703937554 -1.1920692015642746 0.06333397118891551
0.43030949521175293 -1.1964438419144148 0.09756416355177451
0.38530740674377995 -1.2143375924940631 0.0830122741387462
0.5203136721476989 -1.160656340755118 0.1266679423778311
0.4257532718521032 -1.1829247316849065 0.1463462453276618
0.43030949521175293 -1.1964438419144148 0.09756416355177451
0.47986780703937554 -1.1920692015642746 0.06333397118891551
0.3311928715565076 -1.205193122614695 0.1660245482774925
0.38530740674377995 -1.2143375924940631 0.0830122741387462
0.43030949521175293 -1.1964438419144148 0.09756416355177451
0.4257532718521032 -1.1829247316849065 0.1463462453276618
1.23941530967141 -0.3922367781737501 -7.347880794884119e-17
1.2307431695139441 -0.3471636062789406 0.07581890118848161
1.206915124206559 -0.3871835262812238 0.10588745021815389
1.1993371716315995 -0.4297300722297702 0.0830122741387492
1.222071029356478 -0.3020904343841311 0.1516378023769633
1.1906650314741336 -0.3846569003349607 0.1588311753272309
1.206915124206559 -0.3871835262812238 0.10588745021815389
1.2307431695139441 -0.3471636062789406 0.07581890118848161
1.159259033591789 -0.4672233662857903 0.1660245482774985
1.1993371716315995 -0.4297300722297702 0.0830122741387492
1.206915124206559 -0.3871835262812238 0.10588745021815389
1.1906650314741336 -0.3846569003349607 0.1588311753272309
1.3 -3.184081677783119e-16 -7.347880794884119e-17
1.281738313046823 0.06704298490760895 -0.06479004647141909
1.2827470590026995 0.11084334643325146 -0.04319336431427942
1.2923822754572265 0.0992220347422681 -7.347880794884119e-17
1.263476626093646 0.1340859698152182 -0.1295800929428381
1.2741205885040494 0.16626501964987733 -0.06479004647141909
1.2827470590026995 0.11084334643325146 -0.04319336431427942
1.281738313046823 0.06704298490760895 -0.06479004647141909
1.284764550914453 0.1984440694845365 -7.347880794884119e-17
1.2923822754572265 0.0992220347422681 -7.347880794884119e-17
1.2827470590026995 0.11084334643325146 -0.04319336431427942
1.2741205885040494 0.16626501964987733 -0.06479004647141909
1.3 -3.184081677783119e-16 -7.347880794884119e-17
1.281738313046848 -0.06704298490761415 0.06479004647136696
1.2827470590027163 -0.11084334643325529 0.043193364314244614
1.2923822754572265 -0.09922203474226896 -7.347880794884119e-17
1.263476626093696 -0.134085969815228 0.129580092942734
1.2741205885040745 -0.1662650196498828 0.06479004647136696
1.2827470590027163 -0.11084334643325529 0.043193364314244614
1.281738313046848 -0.06704298490761415 0.06479004647136696
1.284764550914453 -0.1984440694845376 -7.347880794884119e-17
1.2923822754572265 -0.09922203474226896 -7.347880794884119e-17
1.2827470590027163 -0.11084334643325529 0.043193364314244614
1.2741205885040745 -0.1662650196498828 0.06479004647136696
-1.265804051041113 -0.2962095615740766 -7.347880794884119e-17
-1.2543533744767124 -0.2454270965877905 -0.0765006674636351
-1.235210739684773 -0.2914298643259339 -0.1026745152521548
-1.2313647605710036 -0.33982248068814863 -0.07751110541459715
-1.242902697912312 -0.1946446316015044 -0.1530013349272701
-1.219914084006603 -0.28904001570186255 -0.15401177287823214
-1.235210739684773 -0.2914298643259339 -0.1026745152521548
-1.2543533744767124 -0.2454270965877905 -0.0765006674636351
-1.196925470100894 -0.3834353998022207 -0.1550222108291942
-1.2313647605710036 -0.33982248068814863 -0.07751110541459715
-1.235210739684773 -0.2914298643259339 -0.1026745152521548
-1.219914084006603 -0.28904001570186255 -0.15401177287823214
-0.2421302948499589 1.229975927367176 -0.1603002278004466
-0.17287176341881355 1.19600286800927 -0.2048809218105365
-0.194129390720285 1.152177651642912 -0.2319272420449253
-0.2393874700865934 1.147251573138686 -0.2231600551570747
-0.1036132319876682 1.162029808651364 -0.2494616158206264
-0.17012893865544804 1.11327851378078 -0.2677407491671646
-0.194129390720285 1.152177651642912 -0.2319272420449253
-0.17287176341881355 1.19600286800927 -0.2048809218105365
-0.2366446453232279 1.064527218910196 -0.2860198825137028
-0.2393874700865934 1.147251573138686 -0.2231600551570747
-0.194129390720285 1.152177651642912 -0.2319272420449253
-0.17012893865544804 1.11327851378078 -0.2677407491671646
-1.296185541538863 -0.09951402868744211 -7.347880794884119e-17
-1.2695441197255874 -0.14707933014447325 -0.0765006674636351
-1.268297430164096 -0.19678940728767436 -0.05100044497575676
-1.280994796289988 -0.19786179513075935 -7.347880794884119e-17
-1.242902697912312 -0.1946446316015044 -0.1530013349272701
-1.2543533744767124 -0.2454270965877905 -0.0765006674636351
-1.268297430164096 -0.19678940728767436 -0.05100044497575676
-1.2695441197255874 -0.14707933014447325 -0.0765006674636351
-1.265804051041113 -0.2962095615740766 -7.347880794884119e-17
-1.280994796289988 -0.19786179513075935 -7.347880794884119e-17
-1.268297430164096 -0.19678940728767436 -0.05100044497575676
-1.2543533744767124 -0.2454270965877905 -0.0765006674636351
-0.06510343332090548 -1.156369872210504 0.2548968786416502
-0.16450542165205873 -1.1331500398086969 0.2598820796278868
-0.18899176535637197 -1.1644364976202572 0.228596235844422
-0.15153394304295192 -1.191689642726941 0.21046071345957135
-0.263907409983212 -1.10993020740689 0.2648672806141233
-0.2509359313741052 -1.168469810325134 0.2154459144458079
-0.18899176535637197 -1.1644364976202572 0.228596235844422
-0.16450542165205873 -1.1331500398086969 0.2598820796278868
-0.2379644527649984 -1.227009413243378 0.1660245482774925
-0.15153394304295192 -1.191689642726941 0.21046071345957135
-0.18899176535637197 -1.1644364976202572 0.228596235844422
-0.2509359313741052 -1.168469810325134 0.2154459144458079
0.2020004878218286 1.031238271620693 -0.2956614415035926
0.2935045834238509 1.0290202504820054 -0.2898398921169675
0.2928885217817379 0.9716697675091286 -0.2881069243864539
0.2468284431596703 0.9441035365920339 -0.2901512152145097
0.3850086790258732 1.026802229343318 -0.2840183427303423
0.3383325387616926 0.9418855154533465 -0.28432966582788455
0.2928885217817379 0.9716697675091286 -0.2881069243864539
0.2935045834238509 1.0290202504820054 -0.2898398921169675
0.291656398497512 0.856968801563375 -0.2846409889254268
0.2468284431596703 0.9441035365920339 -0.2901512152145097
0.2928885217817379 0.9716697675091286 -0.2881069243864539
0.3383325387616926 0.9418855154533465 -0.28432966582788455
0.6210357640659409 -1.142065926184226 -7.347880794884119e-17
0.6794794446977213 -1.0856180734863 -0.06899446174418264
0.7156839745506905 -1.0683722932093518 -0.04599630782945512
0.7045643991612849 -1.0879733294198406 -7.347880794884119e-17
0.7379231253295016 -1.029170220788374 -0.1379889234883652
0.7630080797930652 -1.0315254767219146 -0.06899446174418264
0.7156839745506905 -1.0683722932093518 -0.04599630782945512
0.6794794446977213 -1.0856180734863 -0.06899446174418264
0.7880930342566289 -1.033880732655455 -7.347880794884119e-17
0.7045643991612849 -1.0879733294198406 -7.347880794884119e-17
0.7156839745506905 -1.0683722932093518 -0.04599630782945512
0.7630080797930652 -1.0315254767219146 -0.06899446174418264
-0.7826827848795628 -0.640106007969932 -0.2997944911684415
-0.8374193329956028 -0.6876823531546867 -0.2779943331114568
-0.8784860094872563 -0.6422567750086671 -0.27867265894578414
-0.8716510736750631 -0.5957558133432799 -0.28991190089144014
-0.8921558811116428 -0.7352586983394416 -0.2561941750544721
-0.9263876217911031 -0.6433321585280347 -0.2681117428344555
-0.8784860094872563 -0.6422567750086671 -0.27867265894578414
-0.8374193329956028 -0.6876823531546867 -0.2779943331114568
-0.9606193624705635 -0.5514056187166279 -0.2800293106144388
-0.8716510736750631 -0.5957558133432799 -0.28991190089144014
-0.8784860094872563 -0.6422567750086671 -0.27867265894578414
-0.9263876217911031 -0.6433321585280347 -0.2681117428344555
-0.276363455435127 1.072680861573735 0.2799975000375032
-0.18594498130125786 1.1078358071440881 0.2707639538391466
-0.20328480512250305 1.1475603425105183 0.23585081865192858
-0.25716395410006027 1.149845137408557 0.2230110241574979
-0.09552650716738868 1.142990752714441 0.26153040764079
-0.1667454799661911 1.18500008297891 0.21377747795914132
-0.20328480512250305 1.1475603425105183 0.23585081865192858
-0.18594498130125786 1.1078358071440881 0.2707639538391466
-0.2379644527649935 1.227009413243379 0.1660245482774926
-0.25716395410006027 1.149845137408557 0.2230110241574979
-0.20328480512250305 1.1475603425105183 0.23585081865192858
-0.1667454799661911 1.18500008297891 0.21377747795914132
-1.08175700398899 0.2214722606385171 -0.2813241064891501
-1.0669890824654575 0.3187014578001467 -0.2754973457101385
-1.0118518630096995 0.3136134714520993 -0.2823368940260287
-0.9916672140435867 0.2624548796972608 -0.2886700485734796
-1.052221160941925 0.4159306549617763 -0.2696705849311269
-0.9768992925200541 0.35968407685889037 -0.282843287794468
-1.0118518630096995 0.3136134714520993 -0.2823368940260287
-1.0669890824654575 0.3187014578001467 -0.2754973457101385
-0.9015774240981834 0.3034374987560044 -0.2960159906578091
-0.9916672140435867 0.2624548796972608 -0.2886700485734796
-1.0118518630096995 0.3136134714520993 -0.2823368940260287
-0.9768992925200541 0.35968407685889037 -0.282843287794468
-0.7066378150015891 -1.091175053971534 -7.347880794884119e-17
-0.6564325813298322 -1.099213201032359 -0.07275753264804764
-0.6148847969941359 -1.128227034494744 -0.04850502176536512
-0.6192135216621661 -1.138714877695524 -7.347880794884119e-17
-0.6062273476580752 -1.107251348093184 -0.1455150652960952
-0.5690082879904093 -1.1467530247563489 -0.07275753264804764
-0.6148847969941359 -1.128227034494744 -0.04850502176536512
-0.6564325813298322 -1.099213201032359 -0.07275753264804764
-0.5317892283227432 -1.186254701419514 -7.347880794884119e-17
-0.6192135216621661 -1.138714877695524 -7.347880794884119e-17
-0.6148847969941359 -1.128227034494744 -0.04850502176536512
-0.5690082879904093 -1.1467530247563489 -0.07275753264804764
0.8425174578886259 0.4181219617812107 0.2940534395782373
0.8853814763718151 0.5040697082712859 0.28846732615088533
0.8403645555242072 0.5228978627006149 0.29005286325161156
0.7964240858588088 0.4893380666702417 0.29363868851565067
0.9282454948550044 0.5900174547613611 0.2828812127235333
0.839288104341998 0.5752858131603169 0.2880525750882987
0.8403645555242072 0.5228978627006149 0.29005286325161156
0.8853814763718151 0.5040697082712859 0.28846732615088533
0.7503307138289915 0.5605541715592728 0.2932239374530641
0.7964240858588088 0.4893380666702417 0.29363868851565067
0.8403645555242072 0.5228978627006149 0.29005286325161156
0.839288104341998 0.5752858131603169 0.2880525750882987
1.242705098312483 -3.04374964186496e-16 -0.1763355756877428
1.2530908622030645 0.06704298490760895 -0.15295783431529045
1.2687272414687099 0.044695323271739196 -0.10197188954352698
1.2713525491562416 -3.1139156598240397e-16 -0.08816778784387144
1.263476626093646 0.1340859698152182 -0.1295800929428381
1.281738313046823 0.06704298490760895 -0.06479004647141909
1.2687272414687099 0.044695323271739196 -0.10197188954352698
1.2530908622030645 0.06704298490760895 -0.15295783431529045
1.3 -3.184081677783119e-16 -7.347880794884119e-17
1.2713525491562416 -3.1139156598240397e-16 -0.08816778784387144
1.2687272414687099 0.044695323271739196 -0.10197188954352698
1.281738313046823 0.06704298490760895 -0.06479004647141909
1.242705098312484 -3.043749641864962e-16 0.1763355756877418
1.25309086220309 -0.06704298490761415 0.1529578343152379
1.2687272414687267 -0.044695323271742866 0.10197188954349191
1.271352549156242 -3.1139156598240406e-16 0.08816778784387086
1.263476626093696 -0.134085969815228 0.129580092942734
1.281738313046848 -0.06704298490761415 0.06479004647136696
1.2687272414687267 -0.044695323271742866 0.10197188954349191
1.25309086220309 -0.06704298490761415 0.1529578343152379
1.3 -3.184081677783119e-16 -7.347880794884119e-17
1.271352549156242 -3.1139156598240406e-16 0.08816778784387086
1.2687272414687267 -0.044695323271742866 0.10197188954349191
1.281738313046848 -0.06704298490761415 0.06479004647136696
-0.8942508420987371 0.5070940765607928 -0.2986884240164853
-0.8868211244051742 0.596880176973482 -0.2877349439919539
-0.8321435638669187 0.6020602151909443 -0.2902715440468962
-0.8085196424445722 0.5597571840933309 -0.2970165840866331
-0.8793914067116114 0.6866662773861711 -0.2767814639674225
-0.8010899247510095 0.6495432845060201 -0.28606310406210167
-0.8321435638669187 0.6020602151909443 -0.2902715440468962
-0.8868211244051742 0.596880176973482 -0.2877349439919539
-0.7227884427904074 0.6124202916258691 -0.2953447441567809
-0.8085196424445722 0.5597571840933309 -0.2970165840866331
-0.8321435638669187 0.6020602151909443 -0.2902715440468962
-0.8010899247510095 0.6495432845060201 -0.28606310406210167
-0.7942485011295782 -0.4451610205078597 -0.2863365950339039
-0.7280162074104165 -0.49180984032613917 -0.2739738505448256
-0.746238399900132 -0.5412418962074034 -0.2825807307526976
-0.7884656430045704 -0.5426335142388958 -0.2930655431011727
-0.6617839136912548 -0.5384586601444187 -0.2616111060557472
-0.7222333492854087 -0.5892823340571753 -0.28070279861209435
-0.746238399900132 -0.5412418962074034 -0.2825807307526976
-0.7280162074104165 -0.49180984032613917 -0.2739738505448256
-0.7826827848795628 -0.640106007969932 -0.2997944911684415
-0.7884656430045704 -0.5426335142388958 -0.2930655431011727
-0.746238399900132 -0.5412418962074034 -0.2825807307526976
-0.7222333492854087 -0.5892823340571753 -0.28070279861209435
-0.7396083433723641 0.8117427977336987 -0.2834878753108042
-0.6741202516894509 0.7631791596614205 -0.2885764048896635
-0.6903429820564364 0.71292620364957 -0.29083251797870263
-0.7311983930813858 0.7120815446797839 -0.28941630973379256
-0.6086321600065375 0.7146155215891422 -0.2936649344685228
-0.6657103013984724 0.6635179066075056 -0.29450483931265187
-0.6903429820564364 0.71292620364957 -0.29083251797870263
-0.6741202516894509 0.7631791596614205 -0.2885764048896635
-0.7227884427904074 0.6124202916258691 -0.2953447441567809
-0.7311983930813858 0.7120815446797839 -0.28941630973379256
-0.6903429820564364 0.71292620364957 -0.29083251797870263
-0.6657103013984724 0.6635179066075056 -0.29450483931265187
0.2972448834107241 -0.8932080782723325 -0.2942148547900374
0.2096734276555635 -0.9191638445230688 -0.2952531168845214
0.17467960781255698 -0.8735682743886349 -0.26803687441768353
0.20096842576863405 -0.8377926061960499 -0.2539096221370226
0.1221019719004029 -0.945119610773805 -0.2962913789790053
0.11339697001347344 -0.863748372446786 -0.2549478842315066
0.17467960781255698 -0.8735682743886349 -0.26803687441768353
0.2096734276555635 -0.9191638445230688 -0.2952531168845214
0.104691968126544 -0.7823771341197672 -0.2136043894840079
0.20096842576863405 -0.8377926061960499 -0.2539096221370226
0.17467960781255698 -0.8735682743886349 -0.26803687441768353
0.11339697001347344 -0.863748372446786 -0.2549478842315066
-1.097529460820717 -0.3320954294701152 0.2617004350466728
-1.1496459834882105 -0.25450661176818645 0.23560872688004353
-1.1651943132654239 -0.29376564417734846 0.21087450444830647
-1.146910216820284 -0.3521895692328938 0.2115532473157526
-1.201762506155704 -0.1769177940662577 0.2095170187134143
-1.1990267394877776 -0.2746007515309651 0.18546153914912333
-1.1651943132654239 -0.29376564417734846 0.21087450444830647
-1.1496459834882105 -0.25450661176818645 0.23560872688004353
-1.196290972819851 -0.3722837089956724 0.1614060595848324
-1.146910216820284 -0.3521895692328938 0.2115532473157526
-1.1651943132654239 -0.29376564417734846 0.21087450444830647
-1.1990267394877776 -0.2746007515309651 0.18546153914912333
0.09523857193034625 1.193407302519562 -0.2260786979646109
0.12544453397028626 1.2317478774299735 -0.16742034945978046
0.1847423259337352 1.2214955924276096 -0.1721842755468789
0.19928824089548966 1.197199162471222 -0.20389541284284335
0.1556504960102263 1.270088452340385 -0.10876200095495
0.2294942029354297 1.2355397373816335 -0.14523706433801292
0.1847423259337352 1.2214955924276096 -0.1721842755468789
0.12544453397028626 1.2317478774299735 -0.16742034945978046
0.3033379098606331 1.200991022422882 -0.1817121277210758
0.19928824089548966 1.197199162471222 -0.20389541284284335
0.1847423259337352 1.2214955924276096 -0.1721842755468789
0.2294942029354297 1.2355397373816335 -0.14523706433801292
-0.7377511327617142 -0.8389508166869031 -0.2761635827935107
-0.8149535069366785 -0.7871047575131723 -0.2661788789239914
-0.8041965995843064 -0.7381051743320922 -0.27738408300547474
-0.7602169588206384 -0.7395284123284176 -0.2879790369809761
-0.8921558811116428 -0.7352586983394416 -0.2561941750544721
-0.8374193329956028 -0.6876823531546867 -0.2779943331114568
-0.8041965995843064 -0.7381051743320922 -0.27738408300547474
-0.8149535069366785 -0.7871047575131723 -0.2661788789239914
-0.7826827848795628 -0.640106007969932 -0.2997944911684415
-0.7602169588206384 -0.7395284123284176 -0.2879790369809761
-0.8041965995843064 -0.7381051743320922 -0.27738408300547474
-0.8374193329956028 -0.6876823531546867 -0.2779943331114568
0.9097398581212318 0.2728173022328312 0.2957643796277294
0.8221676930509456 0.27227310914818226 0.2515833684447024
0.8209576747592822 0.23446706100288103 0.25097608364993135
0.8641387481485936 0.21583613347255484 0.27276294684405933
0.7345955279806594 0.2717289160635333 0.2074023572616754
0.7765665830783074 0.2152919403879059 0.22858193566103235
0.8209576747592822 0.23446706100288103 0.25097608364993135
0.8221676930509456 0.27227310914818226 0.2515833684447024
0.8185376381759554 0.1588549647122785 0.2497615140603893
0.8641387481485936 0.21583613347255484 0.27276294684405933
0.8209576747592822 0.23446706100288103 0.25097608364993135
0.7765665830783074 0.2152919403879059 0.22858193566103235
0.8431146806343897 -0.6119568206113154 -0.2970745876794334
0.8992897391784888 -0.6435911236800234 -0.2721378349144758
0.872929051356622 -0.6908836205598736 -0.2706185211781384
0.831661178173639 -0.6987127174654447 -0.2823272406924485
0.9554647977225879 -0.6752254267487314 -0.2472010821495182
0.8878362367177381 -0.7303470205341527 -0.25739048792749086
0.872929051356622 -0.6908836205598736 -0.2706185211781384
0.8992897391784888 -0.6435911236800234 -0.2721378349144758
0.8202076757128884 -0.785468614319574 -0.2675798937054636
0.831661178173639 -0.6987127174654447 -0.2823272406924485
0.872929051356622 -0.6908836205598736 -0.2706185211781384
0.8878362367177381 -0.7303470205341527 -0.25739048792749086
-0.7627535496130167 -0.9948240468241061 0.160300227800525
-0.6961136866019513 -0.9828866335965123 0.20792541477285933
-0.7172580652486151 -0.9305280218311281 0.22997520917094538
-0.7611501860774799 -0.9103174225622328 0.21718751288382124
-0.629473823590886 -0.9709492203689184 0.2555506017451937
-0.6945103230664145 -0.898380009334639 0.2648126998561556
-0.7172580652486151 -0.9305280218311281 0.22997520917094538
-0.6961136866019513 -0.9828866335965123 0.20792541477285933
-0.759546822541943 -0.8258107983003596 0.2740747979671175
-0.7611501860774799 -0.9103174225622328 0.21718751288382124
-0.7172580652486151 -0.9305280218311281 0.22997520917094538
-0.6945103230664145 -0.898380009334639 0.2648126998561556
0.8431146806343897 -0.6119568206113154 -0.2970745876794334
0.831661178173639 -0.6987127174654447 -0.2823272406924485
0.7704794426775147 -0.6943012812558386 -0.28641994987379377
0.745615326159828 -0.6487176147239708 -0.29583997795795886
0.8202076757128884 -0.785468614319574 -0.2675798937054636
0.7341618236990773 -0.7354735115781001 -0.2810926309709739
0.7704794426775147 -0.6943012812558386 -0.28641994987379377
0.831661178173639 -0.6987127174654447 -0.2823272406924485
0.6481159716852662 -0.6854784088366263 -0.2946053682364843
0.745615326159828 -0.6487176147239708 -0.29583997795795886
0.7704794426775147 -0.6943012812558386 -0.28641994987379377
0.7341618236990773 -0.7354735115781001 -0.2810926309709739
-0.7547376480470438 -1.000039166360128 -0.1614060595848293
-0.6804824978525594 -1.053645257226656 -0.15346056244046224
-0.6892009369022359 -1.0661551894749486 -0.10230704162697485
-0.7306877315243164 -1.045607110165831 -0.08070302979241468
-0.6062273476580752 -1.107251348093184 -0.1455150652960952
-0.6564325813298322 -1.099213201032359 -0.07275753264804764
-0.6892009369022359 -1.0661551894749486 -0.10230704162697485
-0.6804824978525594 -1.053645257226656 -0.15346056244046224
-0.7066378150015891 -1.091175053971534 -7.347880794884119e-17
-0.7306877315243164 -1.045607110165831 -0.08070302979241468
-0.6892009369022359 -1.0661551894749486 -0.10230704162697485
-0.6564325813298322 -1.099213201032359 -0.07275753264804764
-0.8253787977011056 0.6410983280336954 0.2965889209467713
-0.8552539312857946 0.7025852514800176 0.27212691453947074
-0.8983189410375169 0.6706246668751324 0.2667560790999282
-0.9049138791210334 0.6239009128495286 0.2763016645838072
-0.8851290648704837 0.7640721749263398 0.2476649081321702
-0.9347890127057225 0.6853878362958509 0.25183965817650666
-0.8983189410375169 0.6706246668751324 0.2667560790999282
-0.8552539312857946 0.7025852514800176 0.27212691453947074
-0.9844489605409612 0.6067034976653619 0.2560144082208431
-0.9049138791210334 0.6239009128495286 0.2763016645838072
-0.8983189410375169 0.6706246668751324 0.2667560790999282
-0.9347890127057225 0.6853878362958509 0.25183965817650666
-0.4479722583313861 0.7266468143378695 -0.2618733162720688
-0.5283022091689618 0.7206311679635058 -0.2777691253702958
-0.5382507229548154 0.7821878765321095 -0.2829113308398839
-0.5030600044289544 0.8159740540035934 -0.2775345290255645
-0.6086321600065375 0.7146155215891422 -0.2936649344685228
-0.5833899552665301 0.8099584076292297 -0.2934303381237915
-0.5382507229548154 0.7821878765321095 -0.2829113308398839
-0.5283022091689618 0.7206311679635058 -0.2777691253702958
-0.5581477505265228 0.9053012936693172 -0.2931957417790602
-0.5030600044289544 0.8159740540035934 -0.2775345290255645
-0.5382507229548154 0.7821878765321095 -0.2829113308398839
-0.5833899552665301 0.8099584076292297 -0.2934303381237915
1.164617168042595 -0.4699671779373095 -0.1566269515780609
1.195495183741465 -0.38534855407847396 -0.1507442645751275
1.2101352257181133 -0.3876446287768993 -0.10049617638341835
1.2020162388570026 -0.4311019780555298 -0.07831347578903049
1.226373199440335 -0.3007299302196384 -0.1448615775721941
1.2328942545558725 -0.34648335419669424 -0.07243078878609709
1.2101352257181133 -0.3876446287768993 -0.10049617638341835
1.195495183741465 -0.38534855407847396 -0.1507442645751275
1.23941530967141 -0.3922367781737501 -7.347880794884119e-17
1.2020162388570026 -0.4311019780555298 -0.07831347578903049
1.2101352257181133 -0.3876446287768993 -0.10049617638341835
1.2328942545558725 -0.34648335419669424 -0.07243078878609709
-0.7490683027976873 0.8279339079941141 0.2764546304898128
-0.6895358538369714 0.9000400952480998 0.2656029498374253
-0.7123219940348794 0.9314479599202902 0.23225233597556727
-0.7534812886141914 0.9110987986293925 0.22100286937083202
-0.6300034048762555 0.9721462825020856 0.2547512691850378
-0.6939488396534754 0.9832049858833782 0.21015118871844457
-0.7123219940348794 0.9314479599202902 0.23225233597556727
-0.6895358538369714 0.9000400952480998 0.2656029498374253
-0.7578942744306955 0.9942636892646708 0.1655511082518513
-0.7534812886141914 0.9110987986293925 0.22100286937083202
-0.7123219940348794 0.9314479599202902 0.23225233597556727
-0.6939488396534754 0.9832049858833782 0.21015118871844457
1.16428277749664 0.4627665347218596 0.1614060595848752
1.1947170139973575 0.38034019986928164 0.15479103890692014
1.2096164458887084 0.3843057259707709 0.10319402593794674
1.201849043584025 0.42750165644780447 0.08070302979243756
1.225151250498075 0.2979138650167037 0.1481760182289651
1.2322832800847425 0.3450753215952266 0.0740880091144825
1.2096164458887084 0.3843057259707709 0.10319402593794674
1.1947170139973575 0.38034019986928164 0.15479103890692014
1.23941530967141 0.3922367781737494 -7.347880794884119e-17
1.201849043584025 0.42750165644780447 0.08070302979243756
1.2096164458887084 0.3843057259707709 0.10319402593794674
1.2322832800847425 0.3450753215952266 0.0740880091144825
-0.9015290775992459 -0.8702026028511858 -0.1612183420168408
-0.8968424793554444 -0.8027306505953137 -0.20870625853565644
-0.8438120304908677 -0.8148040392925102 -0.23119203328827453
-0.81964010518048 -0.8545767097690444 -0.21869096240517577
-0.8921558811116428 -0.7352586983394416 -0.2561941750544721
-0.8149535069366785 -0.7871047575131723 -0.2661788789239914
-0.8438120304908677 -0.8148040392925102 -0.23119203328827453
-0.8968424793554444 -0.8027306505953137 -0.20870625853565644
-0.7377511327617142 -0.8389508166869031 -0.2761635827935107
-0.81964010518048 -0.8545767097690444 -0.21869096240517577
-0.8438120304908677 -0.8148040392925102 -0.23119203328827453
-0.8149535069366785 -0.7871047575131723 -0.2661788789239914
1.084743808357191 -0.3251832679151462 -0.2691848301423784
0.9968265875442731 -0.30253344838816676 -0.28258023531690013
0.9992209897109566 -0.25300838740759735 -0.2882489957199854
1.0443768012007575 -0.23957076668080235 -0.2843856733342672
0.9089093667313553 -0.2798836288611873 -0.2959756404914219
0.9564595803878396 -0.21692094715382287 -0.29778107850878893
0.9992209897109566 -0.25300838740759735 -0.2882489957199854
0.9968265875442731 -0.30253344838816676 -0.28258023531690013
1.004009794044324 -0.1539582654464585 -0.299586516526156
1.0443768012007575 -0.23957076668080235 -0.2843856733342672
0.9992209897109566 -0.25300838740759735 -0.2882489957199854
0.9564595803878396 -0.21692094715382287 -0.29778107850878893
-0.9844489605409612 0.6067034976653619 0.2560144082208431
-0.9347890127057225 0.6853878362958509 0.25183965817650666
-0.963961586019665 0.6966167216015001 0.22323462154350202
-1.0033778465942556 0.6628889949390804 0.2110194782491679
-0.8851290648704837 0.7640721749263398 0.2476649081321702
-0.9537178987590168 0.7415733335695693 0.20684472820483146
-0.963961586019665 0.6966167216015001 0.22323462154350202
-0.9347890127057225 0.6853878362958509 0.25183965817650666
-1.02230673264755 0.7190744922127988 0.1660245482774927
-1.0033778465942556 0.6628889949390804 0.2110194782491679
-0.963961586019665 0.6966167216015001 0.22323462154350202
-0.9537178987590168 0.7415733335695693 0.20684472820483146
1.056653873819171 -0.6190633208590017 0.1988324972893212
0.9852755951206003 -0.6468093257712759 0.23314680825866102
0.973839813575236 -0.6987597541166141 0.21341036010506878
1.0038110621518392 -0.710861965833146 0.18638498054360275
0.9138973164220295 -0.6745553306835501 0.2674611192280008
0.9324327834532685 -0.7386079707454202 0.22069929151294254
0.973839813575236 -0.6987597541166141 0.21341036010506878
0.9852755951206003 -0.6468093257712759 0.23314680825866102
0.9509682504845075 -0.8026606108072902 0.1739374637978843
1.0038110621518392 -0.710861965833146 0.18638498054360275
0.973839813575236 -0.6987597541166141 0.21341036010506878
0.9324327834532685 -0.7386079707454202 0.22069929151294254
0.8990674081830454 0.3178207923141003 -0.2963883140160283
0.9515332224796113 0.39827021109143335 -0.28729053339968047
0.9960746062689302 0.3756291926852298 -0.28094271239753865
0.9921123910153067 0.32408397409346157 -0.28231769220464165
1.003999036776177 0.4787196298687664 -0.2781927527833327
1.0445782053118724 0.40453339287079465 -0.27321991158829384
0.9960746062689302 0.3756291926852298 -0.28094271239753865
0.9515332224796113 0.39827021109143335 -0.28729053339968047
1.085157373847568 0.3303471558728229 -0.268247070393255
0.9921123910153067 0.32408397409346157 -0.28231769220464165
0.9960746062689302 0.3756291926852298 -0.28094271239753865
1.0445782053118724 0.40453339287079465 -0.27321991158829384
0.3311928715565076 -1.205193122614695 0.1660245482774925
0.24392154359482632 -1.2370670059333355 0.13868270756711004
0.24511717636790653 -1.2501182759541944 0.09245513837807334
0.28935065673528726 -1.2407069693053034 0.0830122741387462
0.156650215633145 -1.268940889251976 0.1113408668567276
0.20207932877360596 -1.272580852623944 0.055670433428363766
0.24511717636790653 -1.2501182759541944 0.09245513837807334
0.24392154359482632 -1.2370670059333355 0.13868270756711004
0.2475084419140669 -1.276220815995912 -7.347880794884119e-17
0.28935065673528726 -1.2407069693053034 0.0830122741387462
0.24511717636790653 -1.2501182759541944 0.09245513837807334
0.20207932877360596 -1.272580852623944 0.055670433428363766
0.04979355379704467 -1.299046035366053 -7.347880794884119e-17
0.10322188471509483 -1.2839934623090143 0.055670433428363766
0.06355733544029189 -1.2781124484430075 0.08306664987875745
0.01701089534386535 -1.2826982280385235 0.06892954138977236
0.156650215633145 -1.268940889251976 0.1113408668567276
0.07043922626191551 -1.267645654981485 0.1245999748181362
0.06355733544029189 -1.2781124484430075 0.08306664987875745
0.10322188471509483 -1.2839934623090143 0.055670433428363766
-0.01577176310931397 -1.266350420710994 0.1378590827795448
0.01701089534386535 -1.2826982280385235 0.06892954138977236
0.06355733544029189 -1.2781124484430075 0.08306664987875745
0.07043922626191551 -1.267645654981485 0.1245999748181362
-0.5581477505265228 0.9053012936693172 -0.2931957417790602
-0.49567328381647807 0.9703198301507077 -0.28356456361900706
-0.4441201696308596 0.944496658181205 -0.2879496153939976
-0.4495808458930727 0.8990758039557583 -0.2949577303615195
-0.4331988171064334 1.035338366632098 -0.2739333854589539
-0.387106379183028 0.9640943404371487 -0.28532655220146635
-0.4441201696308596 0.944496658181205 -0.2879496153939976
-0.49567328381647807 0.9703198301507077 -0.28356456361900706
-0.3410139412596226 0.8928503142421993 -0.2967197189439788
-0.4495808458930727 0.8990758039557583 -0.2949577303615195
-0.4441201696308596 0.944496658181205 -0.2879496153939976
-0.387106379183028 0.9640943404371487 -0.28532655220146635
-1.052221160941925 0.4159306549617763 -0.2696705849311269
-1.0318140965398919 0.4977438576586571 -0.25988247776403295
-0.9859596783928403 0.5008605972927023 -0.27281779318151705
-0.973236001520331 0.4615123657612845 -0.28417950447380613
-1.011407032137859 0.5795570603555379 -0.250094370596939
-0.9528289371182981 0.5433255684581653 -0.27439139730671214
-0.9859596783928403 0.5008605972927023 -0.27281779318151705
-1.0318140965398919 0.4977438576586571 -0.25988247776403295
-0.8942508420987371 0.5070940765607928 -0.2986884240164853
-0.973236001520331 0.4615123657612845 -0.28417950447380613
-0.9859596783928403 0.5008605972927023 -0.27281779318151705
-0.9528289371182981 0.5433255684581653 -0.27439139730671214
-1.065142614947569 0.2259436981524519 0.2865430153144973
-1.0387144844508054 0.1303775587180859 0.2931330966861693
-0.982280552824513 0.12872936894784529 0.2868410887839528
-0.9672776522597486 0.175688343779908 0.28040004414700853
-1.012286353954042 0.0348114192837199 0.2997231780578414
-0.9408495217629852 0.080122204345542 0.2869901255186806
-0.982280552824513 0.12872936894784529 0.2868410887839528
-1.0387144844508054 0.1303775587180859 0.2931330966861693
-0.8694126895719283 0.1254329894073641 0.2742570729795198
-0.9672776522597486 0.175688343779908 0.28040004414700853
-0.982280552824513 0.12872936894784529 0.2868410887839528
-0.9408495217629852 0.080122204345542 0.2869901255186806
-0.5532476459103886 0.8519558510866266 0.2995820310349577
-0.591625525393322 0.9120510667943561 0.27716665010999775
-0.644106451194777 0.8840120138609421 0.2769293102366028
-0.6511579743540379 0.8399448795403703 0.28801833076238526
-0.6300034048762555 0.9721462825020856 0.2547512691850378
-0.6895358538369714 0.9000400952480998 0.2656029498374253
-0.644106451194777 0.8840120138609421 0.2769293102366028
-0.591625525393322 0.9120510667943561 0.27716665010999775
-0.7490683027976873 0.8279339079941141 0.2764546304898128
-0.6511579743540379 0.8399448795403703 0.28801833076238526
-0.644106451194777 0.8840120138609421 0.2769293102366028
-0.6895358538369714 0.9000400952480998 0.2656029498374253
1.225151250498075 0.2979138650167037 0.1481760182289651
1.1550982197719484 0.29289906298570967 0.21099359189540215
1.1608947579314302 0.24872058862392363 0.21979877345142484
1.1988195423742345 0.2291387524585276 0.1927925773962177
1.085045189045822 0.2878842609547156 0.2738111655618392
1.128766511648108 0.22412395042753352 0.2556101510626547
1.1608947579314302 0.24872058862392363 0.21979877345142484
1.1550982197719484 0.29289906298570967 0.21099359189540215
1.172487834250394 0.1603636399003515 0.2374091365634703
1.1988195423742345 0.2291387524585276 0.1927925773962177
1.1608947579314302 0.24872058862392363 0.21979877345142484
1.128766511648108 0.22412395042753352 0.2556101510626547
-0.5970884653491988 1.098027570471044 0.1660245482774925
-0.6135459351127271 1.0350869264865648 0.21038790873126517
-0.559238790289474 1.0272716516107334 0.23362237150773676
-0.5238564829960832 1.0548343361650576 0.2230579226690862
-0.6300034048762555 0.9721462825020856 0.2547512691850378
-0.5403139527596116 0.9918936921805783 0.26742128312285884
-0.559238790289474 1.0272716516107334 0.23362237150773676
-0.6135459351127271 1.0350869264865648 0.21038790873126517
-0.4506245006429676 1.011641101859071 0.2800912970606799
-0.5238564829960832 1.0548343361650576 0.2230579226690862
-0.559238790289474 1.0272716516107334 0.23362237150773676
-0.5403139527596116 0.9918936921805783 0.26742128312285884
0.7008789302085607 -0.491379970411555 -0.2631644202619469
0.7719968054214752 -0.5516683955114352 -0.2801195039706902
0.7307031941760722 -0.5962717332864989 -0.28494812539262154
0.6744974509469135 -0.5884291896240906 -0.2788848942492156
0.8431146806343897 -0.6119568206113154 -0.2970745876794334
0.745615326159828 -0.6487176147239708 -0.29583997795795886
0.7307031941760722 -0.5962717332864989 -0.28494812539262154
0.7719968054214752 -0.5516683955114352 -0.2801195039706902
0.6481159716852662 -0.6854784088366263 -0.2946053682364843
0.6744974509469135 -0.5884291896240906 -0.2788848942492156
0.7307031941760722 -0.5962717332864989 -0.28494812539262154
0.745615326159828 -0.6487176147239708 -0.29583997795795886
-1.121847433772544 -0.5593970692563878 -0.1603009318434497
-1.101663822514668 -0.4977878078612301 -0.20505239097373926
-1.0546490024999666 -0.515660411479696 -0.23004469752063908
-1.0412333981215536 -0.5554013439865078 -0.22016512122894427
-1.081480211256792 -0.4361785464660725 -0.2498038501040288
-1.0210497868636779 -0.4937920825913502 -0.2649165803592338
-1.0546490024999666 -0.515660411479696 -0.23004469752063908
-1.101663822514668 -0.4977878078612301 -0.20505239097373926
-0.9606193624705635 -0.5514056187166279 -0.2800293106144388
-1.0412333981215536 -0.5554013439865078 -0.22016512122894427
-1.0546490024999666 -0.515660411479696 -0.23004469752063908
-1.0210497868636779 -0.4937920825913502 -0.2649165803592338
0.04979355379704467 -1.299046035366053 -7.347880794884119e-17
0.01701089534386535 -1.2826982280385235 0.06892954138977236
-0.03835555411006387 -1.2856063909215412 0.045953027593181546
-0.04964744961043882 -1.2952343760268148 -7.347880794884119e-17
-0.01577176310931397 -1.266350420710994 0.1378590827795448
-0.08243010806361814 -1.2788865686992854 0.06892954138977236
-0.03835555411006387 -1.2856063909215412 0.045953027593181546
0.01701089534386535 -1.2826982280385235 0.06892954138977236
-0.1490884530179223 -1.291422716687577 -7.347880794884119e-17
-0.04964744961043882 -1.2952343760268148 -7.347880794884119e-17
-0.03835555411006387 -1.2856063909215412 0.045953027593181546
-0.08243010806361814 -1.2788865686992854 0.06892954138977236
-0.4506245006429676 1.011641101859071 0.2800912970606799
-0.5403139527596116 0.9918936921805783 0.26742128312285884
-0.5446251838098706 0.9452477451492611 0.2781415324268918
-0.5019360732766781 0.9317984764728489 0.2898366640478188
-0.6300034048762555 0.9721462825020856 0.2547512691850378
-0.591625525393322 0.9120510667943561 0.27716665010999775
-0.5446251838098706 0.9452477451492611 0.2781415324268918
-0.5403139527596116 0.9918936921805783 0.26742128312285884
-0.5532476459103886 0.8519558510866266 0.2995820310349577
-0.5019360732766781 0.9317984764728489 0.2898366640478188
-0.5446251838098706 0.9452477451492611 0.2781415324268918
-0.591625525393322 0.9120510667943561 0.27716665010999775
-0.2379644527649935 1.227009413243379 0.1660245482774926
-0.1667454799661911 1.18500008297891 0.21377747795914132
-0.12508931789235525 1.2071346465736408 0.1967248418815268
-0.13987072325483854 1.2392065935032406 0.1643220590018952
-0.09552650716738868 1.142990752714441 0.26153040764079
-0.06865175045603614 1.1971972632387715 0.2120749886835439
-0.12508931789235525 1.2071346465736408 0.1967248418815268
-0.1667454799661911 1.18500008297891 0.21377747795914132
-0.04177699374468358 1.251403773763102 0.1626195697262978
-0.13987072325483854 1.2392065935032406 0.1643220590018952
-0.12508931789235525 1.2071346465736408 0.1967248418815268
-0.06865175045603614 1.1971972632387715 0.2120749886835439
1.004009794044324 -0.1539582654464585 -0.299586516526156
0.9564595803878396 -0.21692094715382287 -0.29778107850878893
0.9104855996512512 -0.19756561967349698 -0.28177455702647436
0.911273716111199 -0.15640661507965184 -0.2746740152940006
0.9089093667313553 -0.2798836288611873 -0.2959756404914219
0.8637235024547147 -0.21936929678701622 -0.27286857727663355
0.9104855996512512 -0.19756561967349698 -0.28177455702647436
0.9564595803878396 -0.21692094715382287 -0.29778107850878893
0.8185376381780741 -0.1588549647128452 -0.2497615140618452
0.911273716111199 -0.15640661507965184 -0.2746740152940006
0.9104855996512512 -0.19756561967349698 -0.28177455702647436
0.8637235024547147 -0.21936929678701622 -0.27286857727663355
1.080394716610322 -0.6389082404169869 -0.1577571061472756
1.017929757166455 -0.6570668335828591 -0.20247909414839688
1.0160058567366572 -0.6038896061311337 -0.22545334616920773
1.046276386243692 -0.568221695822335 -0.21457947817905249
0.9554647977225879 -0.6752254267487314 -0.2472010821495182
0.9838114267998249 -0.5863802889882073 -0.2593014661801738
1.0160058567366572 -0.6038896061311337 -0.22545334616920773
1.017929757166455 -0.6570668335828591 -0.20247909414839688
1.012158055877062 -0.497535151227683 -0.2714018502108294
1.046276386243692 -0.568221695822335 -0.21457947817905249
1.0160058567366572 -0.6038896061311337 -0.22545334616920773
0.9838114267998249 -0.5863802889882073 -0.2593014661801738
0.3311928715564055 -1.205193122614323 -0.1660245482780724
0.4022651848554496 -1.1869818070647535 -0.15698687440460765
0.4146507705473172 -1.1991485588343127 -0.10465791626973846
0.3853074067437289 -1.214337592493877 -0.08301227413903624
0.4733374981544937 -1.168770491515184 -0.1479492005311429
0.45637972004277294 -1.1961262769443075 -0.0739746002655715
0.4146507705473172 -1.1991485588343127 -0.10465791626973846
0.4022651848554496 -1.1869818070647535 -0.15698687440460765
0.4394219419310522 -1.223482062373431 -7.347880794884119e-17
0.3853074067437289 -1.214337592493877 -0.08301227413903624
0.4146507705473172 -1.1991485588343127 -0.10465791626973846
0.45637972004277294 -1.1961262769443075 -0.0739746002655715
-0.09235543827586666 0.9914121233810186 0.2999692467557036
-0.09394097272162767 1.0672014380477297 0.2807498271982468
-0.1547484669594608 1.0690279125563982 0.280499051477999
-0.18435944685549685 1.032046492477377 0.2899833733966034
-0.09552650716738868 1.142990752714441 0.26153040764079
-0.18594498130125786 1.1078358071440881 0.2707639538391466
-0.1547484669594608 1.0690279125563982 0.280499051477999
-0.09394097272162767 1.0672014380477297 0.2807498271982468
-0.276363455435127 1.072680861573735 0.2799975000375032
-0.18435944685549685 1.032046492477377 0.2899833733966034
-0.1547484669594608 1.0690279125563982 0.280499051477999
-0.18594498130125786 1.1078358071440881 0.2707639538391466
-0.7826827848795628 -0.640106007969932 -0.2997944911684415
-0.7133730612265694 -0.6597953891899715 -0.2964686800185618
-0.7214990850716178 -0.719513865022282 -0.2897003142768781
-0.7602169588206384 -0.7395284123284176 -0.2879790369809761
-0.6440633375735761 -0.6794847704100109 -0.2931428688686821
-0.6909072351676452 -0.759217793548457 -0.2846532258310964
-0.7214990850716178 -0.719513865022282 -0.2897003142768781
-0.7133730612265694 -0.6597953891899715 -0.2964686800185618
-0.7377511327617142 -0.8389508166869031 -0.2761635827935107
-0.7602169588206384 -0.7395284123284176 -0.2879790369809761
-0.7214990850716178 -0.719513865022282 -0.2897003142768781
-0.6909072351676452 -0.759217793548457 -0.2846532258310964
0.9316440495455081 0.6375023045891106 -0.2709058359859673
0.9678215431608426 0.5581109672289385 -0.27454929438465003
0.923061117765409 0.5276346526739024 -0.2819161460159874
0.882592158260025 0.5520921640764704 -0.28377784263231476
1.003999036776177 0.4787196298687664 -0.2781927527833327
0.9187696518753595 0.4727008267162984 -0.2874213010309975
0.923061117765409 0.5276346526739024 -0.2819161460159874
0.9678215431608426 0.5581109672289385 -0.27454929438465003
0.833540266974542 0.4666820235638303 -0.2966498492786622
0.882592158260025 0.5520921640764704 -0.28377784263231476
0.923061117765409 0.5276346526739024 -0.2819161460159874
0.9187696518753595 0.4727008267162984 -0.2874213010309975
-0.1400236013694301 -0.9885019178856034 0.2999955717835194
-0.20196550567632104 -1.0492160626462468 0.28243142619882133
-0.15634481489118254 -1.0849339991676659 0.2732532436797643
-0.10256351734516779 -1.0724358950480537 0.2774462252125848
-0.263907409983212 -1.10993020740689 0.2648672806141233
-0.16450542165205873 -1.1331500398086969 0.2598820796278868
-0.15634481489118254 -1.0849339991676659 0.2732532436797643
-0.20196550567632104 -1.0492160626462468 0.28243142619882133
-0.06510343332090548 -1.156369872210504 0.2548968786416502
-0.10256351734516779 -1.0724358950480537 0.2774462252125848
-0.15634481489118254 -1.0849339991676659 0.2732532436797643
-0.16450542165205873 -1.1331500398086969 0.2598820796278868
1.284764550914453 0.1984440694845365 -7.347880794884119e-17
1.2741205885040494 0.16626501964987733 -0.06479004647141909
1.2581204934149885 0.20889415608356912 -0.09255082404608896
1.2554424270756601 0.24629824921774462 -0.0740361895977144
1.263476626093646 0.1340859698152182 -0.1295800929428381
1.2447984646652566 0.21411919938308546 -0.1388262360691334
1.2581204934149885 0.20889415608356912 -0.09255082404608896
1.2741205885040494 0.16626501964987733 -0.06479004647141909
1.226120303236867 0.2941524289509527 -0.1480723791954287
1.2554424270756601 0.24629824921774462 -0.0740361895977144
1.2581204934149885 0.20889415608356912 -0.09255082404608896
1.2447984646652566 0.21411919938308546 -0.1388262360691334
1.284764550914453 -0.1984440694845376 -7.347880794884119e-17
1.2741205885040745 -0.1662650196498828 0.06479004647136696
1.2567707354548758 -0.21154015789463224 0.09373929843989907
1.2534177901354655 -0.25026725193433436 0.07581890118848161
1.263476626093696 -0.134085969815228 0.129580092942734
1.242773827725087 -0.21808820209967955 0.14060894765984866
1.2567707354548758 -0.21154015789463224 0.09373929843989907
1.2741205885040745 -0.1662650196498828 0.06479004647136696
1.222071029356478 -0.3020904343841311 0.1516378023769633
1.2534177901354655 -0.25026725193433436 0.07581890118848161
1.2567707354548758 -0.21154015789463224 0.09373929843989907
1.242773827725087 -0.21808820209967955 0.14060894765984866
-0.3356945217809917 -1.056980382618637 -0.279494714682284
-0.36966544152307285 -0.9799805147830152 -0.28964810990596596
-0.3228623817318755 -0.9544442898235195 -0.29049660822959056
-0.2824753919652362 -0.9801761112615825 -0.28584415977956185
-0.403636361265154 -0.9029806469473934 -0.2998015051296479
-0.31644631170731735 -0.9031762434259608 -0.2959975550032438
-0.3228623817318755 -0.9544442898235195 -0.29049660822959056
-0.36966544152307285 -0.9799805147830152 -0.28964810990596596
-0.2292562621494807 -0.9033718399045282 -0.2921936048768397
-0.2824753919652362 -0.9801761112615825 -0.28584415977956185
-0.3228623817318755 -0.9544442898235195 -0.29049660822959056
-0.31644631170731735 -0.9031762434259608 -0.2959975550032438
0.6210357640659409 -1.142065926184226 -7.347880794884119e-17
0.5706747181068199 -1.151361133469672 0.06333397118891551
0.5269237927148973 -1.1754014431042583 0.04222264745927698
0.5302288529984965 -1.1827739942788287 -7.347880794884119e-17
0.5203136721476989 -1.160656340755118 0.1266679423778311
0.47986780703937554 -1.1920692015642746 0.06333397118891551
0.5269237927148973 -1.1754014431042583 0.04222264745927698
0.5706747181068199 -1.151361133469672 0.06333397118891551
0.4394219419310522 -1.223482062373431 -7.347880794884119e-17
0.5302288529984965 -1.1827739942788287 -7.347880794884119e-17
0.5269237927148973 -1.1754014431042583 0.04222264745927698
0.47986780703937554 -1.1920692015642746 0.06333397118891551
0.7572949016875162 -1.854837554724452e-16 0.1763355756877425
0.7313397405238984 0.06408328583104235 0.13785059909226693
0.7208931603492656 0.04272219055402818 0.091900399394845
0.7286474508437581 -1.7846715367653734e-16 0.0881677878438718
0.7053845793602807 0.1281665716620849 0.09936562249679139
0.7026922896801403 0.06408328583104236 0.04968281124839624
0.7208931603492656 0.04272219055402818 0.091900399394845
0.7313397405238984 0.06408328583104235 0.13785059909226693
0.7 -1.714505518806295e-16 1.102553507614571e-15
0.7286474508437581 -1.7846715367653734e-16 0.0881677878438718
0.7208931603492656 0.04272219055402818 0.091900399394845
0.7026922896801403 0.06408328583104236 0.04968281124839624
0.68825625929794 0.8533841185112631 -0.2841102383704719
0.7593781850969252 0.817076263369074 -0.27475136754610807
0.758889088528501 0.7594086319814202 -0.28315146824090964
0.7230835773447963 0.7487287438586878 -0.29203095400049234
0.8305001108959104 0.7807684082268851 -0.2653924967217443
0.7942055031437816 0.7124208887164988 -0.2826720831761286
0.758889088528501 0.7594086319814202 -0.28315146824090964
0.7593781850969252 0.817076263369074 -0.27475136754610807
0.7579108953916528 0.6440733692061125 -0.2999516696305128
0.7230835773447963 0.7487287438586878 -0.29203095400049234
0.758889088528501 0.7594086319814202 -0.28315146824090964
0.7942055031437816 0.7124208887164988 -0.2826720831761286
-0.4655792694465373 -1.057414033943485 0.2566300815080284
-0.5475265465187117 -1.0141816271562016 0.25609034162661104
-0.5640471861289046 -1.0421302749278685 0.22606841051014662
-0.5313338673979138 -1.0777208022073435 0.2113273148926231
-0.629473823590886 -0.9709492203689184 0.2555506017451937
-0.6132811444700881 -1.03448839542006 0.21078757501120574
-0.5640471861289046 -1.0421302749278685 0.22606841051014662
-0.5475265465187117 -1.0141816271562016 0.25609034162661104
-0.5970884653492902 -1.098027570471202 0.1660245482772178
-0.5313338673979138 -1.0777208022073435 0.2113273148926231
-0.5640471861289046 -1.0421302749278685 0.22606841051014662
-0.6132811444700881 -1.03448839542006 0.21078757501120574
-0.9606193624705635 -0.5514056187166279 -0.2800293106144388
-1.0210497868636779 -0.4937920825913502 -0.2649165803592338
-1.0059706796895542 -0.43953452287138345 -0.2760953232613626
-0.968215913905935 -0.4412125110740389 -0.2892410598400295
-1.081480211256792 -0.4361785464660725 -0.2498038501040288
-1.0286463382990494 -0.3835989749487612 -0.2741283295848245
-1.0059706796895542 -0.43953452287138345 -0.2760953232613626
-1.0210497868636779 -0.4937920825913502 -0.2649165803592338
-0.9758124653413066 -0.3310194034314499 -0.2984528090656202
-0.968215913905935 -0.4412125110740389 -0.2892410598400295
-1.0059706796895542 -0.43953452287138345 -0.2760953232613626
-1.0286463382990494 -0.3835989749487612 -0.2741283295848245
-0.3410913592852787 -0.9877844536504268 0.2966031530942708
-0.3024993846342453 -1.0488573305286584 0.28073521685419706
-0.24834079021264022 -1.0287388596476401 0.2871553351639711
-0.24055748032735438 -0.9881431857680151 0.2982993624388951
-0.263907409983212 -1.10993020740689 0.2648672806141233
-0.20196550567632104 -1.0492160626462468 0.28243142619882133
-0.24834079021264022 -1.0287388596476401 0.2871553351639711
-0.3024993846342453 -1.0488573305286584 0.28073521685419706
-0.1400236013694301 -0.9885019178856034 0.2999955717835194
-0.24055748032735438 -0.9881431857680151 0.2982993624388951
-0.24834079021264022 -1.0287388596476401 0.2871553351639711
-0.20196550567632104 -1.0492160626462468 0.28243142619882133
0.8366685165388029 -0.9335168209622792 0.1603002278005169
0.7680121023580454 -0.9269091301525672 0.2083122782246001
0.7384712946368187 -0.967639107892951 0.19421636824226454
0.7580290978665842 -0.9913079421679991 0.1631623880390552
0.6993556881772879 -0.9203014393428551 0.2563243286486833
0.6893726836858267 -0.984700251358287 0.2111744384631384
0.7384712946368187 -0.967639107892951 0.19421636824226454
0.7680121023580454 -0.9269091301525672 0.2083122782246001
0.6793896791943654 -1.049099063373719 0.1660245482775935
0.7580290978665842 -0.9913079421679991 0.1631623880390552
0.7384712946368187 -0.967639107892951 0.19421636824226454
0.6893726836858267 -0.984700251358287 0.2111744384631384
0.4170932527648681 -0.9148082466167611 0.2999512908108343
0.501733772250113 -0.9421126480905364 0.28443841922261515
0.5324914246862474 -0.9040438061338142 0.2894257728660172
0.5055499911616923 -0.8713571844185655 0.2996758854818278
0.5863742917353577 -0.9694170495643116 0.2689255476343959
0.5901905106469372 -0.8986615858923408 0.28416301389360854
0.5324914246862474 -0.9040438061338142 0.2894257728660172
0.501733772250113 -0.9421126480905364 0.28443841922261515
0.5940067295585165 -0.82790612222037 0.2994004801528212
0.5055499911616923 -0.8713571844185655 0.2996758854818278
0.5324914246862474 -0.9040438061338142 0.2894257728660172
0.5901905106469372 -0.8986615858923408 0.28416301389360854
-0.4157513069415426 -1.180750063281727 0.1630748803834079
-0.44066528819403994 -1.119082048612606 0.20985248094571815
-0.49280634724579003 -1.112063889232138 0.19524317005621805
-0.5064198861454163 -1.1393888168764645 0.16454971433031285
-0.4655792694465373 -1.057414033943485 0.2566300815080284
-0.5313338673979138 -1.0777208022073435 0.2113273148926231
-0.49280634724579003 -1.112063889232138 0.19524317005621805
-0.44066528819403994 -1.119082048612606 0.20985248094571815
-0.5970884653492902 -1.098027570471202 0.1660245482772178
-0.5064198861454163 -1.1393888168764645 0.16454971433031285
-0.49280634724579003 -1.112063889232138 0.19524317005621805
-0.5313338673979138 -1.0777208022073435 0.2113273148926231
0.9325357547101031 -0.516792541368 0.2926137976975229
0.9232165355660663 -0.595673936025775 0.28003745846276185
0.9676956483171013 -0.6034703976368506 0.252969138071615
0.994594814264637 -0.5679279311135008 0.24572314749342206
0.9138973164220295 -0.6745553306835501 0.2674611192280008
0.9852755951206003 -0.6468093257712759 0.23314680825866102
0.9676956483171013 -0.6034703976368506 0.252969138071615
0.9232165355660663 -0.595673936025775 0.28003745846276185
1.056653873819171 -0.6190633208590017 0.1988324972893212
0.994594814264637 -0.5679279311135008 0.24572314749342206
0.9676956483171013 -0.6034703976368506 0.252969138071615
0.9852755951206003 -0.6468093257712759 0.23314680825866102
0.5112832989675433 1.140512415173316 0.1660245482774922
0.5375143067210957 1.0769763088042423 0.2099971438904042
0.5869632495962935 1.067030002177155 0.1943805698892409
0.5985722171571163 1.0938249020481479 0.1645859850822033
0.5637453144746482 1.013440202435169 0.2539697395033162
0.6248032249106688 1.0302887956790745 0.2085585806951153
0.5869632495962935 1.067030002177155 0.1943805698892409
0.5375143067210957 1.0769763088042423 0.2099971438904042
0.6858611353466892 1.04713738892298 0.1631474218869144
0.5985722171571163 1.0938249020481479 0.1645859850822033
0.5869632495962935 1.067030002177155 0.1943805698892409
0.6248032249106688 1.0302887956790745 0.2085585806951153
-1.039188665466088 0.4267226337923686 0.2734499704047564
-1.0118188130035246 0.5167130657288652 0.26473218931279974
-1.0487589778067914 0.5299627037057489 0.23023556711718704
-1.0809139864397066 0.49159230672594256 0.217346146565359
-0.9844489605409612 0.6067034976653619 0.2560144082208431
-1.0535441339771432 0.5815827386624393 0.20862836547340236
-1.0487589778067914 0.5299627037057489 0.23023556711718704
-1.0118188130035246 0.5167130657288652 0.26473218931279974
-1.122639307413325 0.5564619796595165 0.1612423227259616
-1.0809139864397066 0.49159230672594256 0.217346146565359
-1.0487589778067914 0.5299627037057489 0.23023556711718704
-1.0535441339771432 0.5815827386624393 0.20862836547340236
-0.04592940391359098 1.261203130522203 -0.1460666886900213
-0.07477131795062959 1.2116164695867835 -0.19776415225532384
-0.13055764358373936 1.2177362888469143 -0.18527617743703143
-0.14402984938177493 1.2455895289446894 -0.15318345824523394
-0.1036132319876682 1.162029808651364 -0.2494616158206264
-0.17287176341881355 1.19600286800927 -0.2048809218105365
-0.13055764358373936 1.2177362888469143 -0.18527617743703143
-0.07477131795062959 1.2116164695867835 -0.19776415225532384
-0.2421302948499589 1.229975927367176 -0.1603002278004466
-0.14402984938177493 1.2455895289446894 -0.15318345824523394
-0.13055764358373936 1.2177362888469143 -0.18527617743703143
-0.17287176341881355 1.19600286800927 -0.2048809218105365
-1.251864179431521 -0.001475310783304169 -0.1629846533186206
-1.209266443973258 -0.05229605481063878 -0.2046637361282172
-1.2204785286196094 -0.09974558040759397 -0.1874429357279015
-1.2473834386719165 -0.09805997119240428 -0.15799299412294537
-1.166668708514995 -0.1031167988379734 -0.2463428189378138
-1.2047857032136533 -0.1488807152197389 -0.19967207693254196
-1.2204785286196094 -0.09974558040759397 -0.1874429357279015
-1.209266443973258 -0.05229605481063878 -0.2046637361282172
-1.242902697912312 -0.1946446316015044 -0.1530013349272701
-1.2473834386719165 -0.09805997119240428 -0.15799299412294537
-1.2204785286196094 -0.09974558040759397 -0.1874429357279015
-1.2047857032136533 -0.1488807152197389 -0.19967207693254196
-0.8942387063707247 0.321150801178143 0.2958306948420866
-0.8956690420387527 0.40520718889856455 0.2975171678498717
-0.9435089165145311 0.4123790038631659 0.2894947687014999
-0.9667136859184063 0.3739367174852558 0.2846403326234215
-0.8970993777067807 0.4892635766189861 0.2992036408576568
-0.9681440215864343 0.4579931052056774 0.2863268056312066
-0.9435089165145311 0.4123790038631659 0.2894947687014999
-0.8956690420387527 0.40520718889856455 0.2975171678498717
-1.039188665466088 0.4267226337923686 0.2734499704047564
-0.9667136859184063 0.3739367174852558 0.2846403326234215
-0.9435089165145311 0.4123790038631659 0.2894947687014999
-0.9681440215864343 0.4579931052056774 0.2863268056312066
-0.8253787977011056 0.6410983280336954 0.2965889209467713
-0.9049138791210334 0.6239009128495286 0.2763016645838072
-0.9023090453162825 0.5790218007726812 0.2839356566750904
-0.8612390877039431 0.5651809523263407 0.2978962809022141
-0.9844489605409612 0.6067034976653619 0.2560144082208431
-0.9407741691238709 0.547983537142174 0.27760902453924996
-0.9023090453162825 0.5790218007726812 0.2839356566750904
-0.9049138791210334 0.6239009128495286 0.2763016645838072
-0.8970993777067807 0.4892635766189861 0.2992036408576568
-0.8612390877039431 0.5651809523263407 0.2978962809022141
-0.9023090453162825 0.5790218007726812 0.2839356566750904
-0.9407741691238709 0.547983537142174 0.27760902453924996
0.2630940659409104 1.025813213252285 0.2941382587666841
0.25046856630811287 1.0876992575885844 0.26928589957052695
0.19439316861135894 1.1006065274511139 0.26974010150931493
0.17266821957938075 1.076117140214229 0.2823933820767875
0.2378430666753154 1.149585301924884 0.2444335403743698
0.16004271994658326 1.1380031845505285 0.25754102288063035
0.19439316861135894 1.1006065274511139 0.26974010150931493
0.25046856630811287 1.0876992575885844 0.26928589957052695
0.08224237321785109 1.126421067176173 0.2706485053868909
0.17266821957938075 1.076117140214229 0.2823933820767875
0.19439316861135894 1.1006065274511139 0.26974010150931493
0.16004271994658326 1.1380031845505285 0.25754102288063035
-0.5970884653492902 -1.098027570471202 0.1660245482772178
-0.6132811444700881 -1.03448839542006 0.21078757501120574
-0.6631052795177309 -1.0212669458880754 0.19395845927431213
-0.6799210074811535 -1.0464258086476539 0.1631623880388714
-0.629473823590886 -0.9709492203689184 0.2555506017451937
-0.6961136866019513 -0.9828866335965123 0.20792541477285933
-0.6631052795177309 -1.0212669458880754 0.19395845927431213
-0.6132811444700881 -1.03448839542006 0.21078757501120574
-0.7627535496130167 -0.9948240468241061 0.160300227800525
-0.6799210074811535 -1.0464258086476539 0.1631623880388714
-0.6631052795177309 -1.0212669458880754 0.19395845927431213
-0.6961136866019513 -0.9828866335965123 0.20792541477285933
1.000000000000004 0.15089251520154 0.2997863456276325
0.954869929060618 0.2118549087171856 0.29777536262768095
0.9094258320990637 0.19418826071554993 0.28177074643858374
0.9092688190879796 0.15487373995690926 0.2747739298440109
0.9097398581212318 0.2728173022328312 0.2957643796277294
0.8641387481485936 0.21583613347255484 0.27276294684405933
0.9094258320990637 0.19418826071554993 0.28177074643858374
0.954869929060618 0.2118549087171856 0.29777536262768095
0.8185376381759554 0.1588549647122785 0.2497615140603893
0.9092688190879796 0.15487373995690926 0.2747739298440109
0.9094258320990637 0.19418826071554993 0.28177074643858374
0.8641387481485936 0.21583613347255484 0.27276294684405933
0.6512780249304494 0.284103801692479 0.0788502809512543
0.6929367764555544 0.27791635887800614 0.14312631910646487
0.686919027778647 0.32333154352270493 0.1674253168980423
0.6630807776776408 0.3491328572522908 0.14743679671622575
0.7345955279806594 0.2717289160635333 0.2074023572616754
0.7047395292027459 0.3429454144378179 0.2117128348714363
0.686919027778647 0.32333154352270493 0.1674253168980423
0.6929367764555544 0.27791635887800614 0.14312631910646487
0.6748835304248323 0.4141619128121026 0.2160233124811972
0.6630807776776408 0.3491328572522908 0.14743679671622575
0.686919027778647 0.32333154352270493 0.1674253168980423
0.7047395292027459 0.3429454144378179 0.2117128348714363
0.833540266974542 0.4666820235638303 -0.2966498492786622
0.9187696518753595 0.4727008267162984 -0.2874213010309975
0.9122022373112548 0.4210741485822324 -0.2904103053593411
0.8663038375787937 0.3922514079389653 -0.29651908164734525
1.003999036776177 0.4787196298687664 -0.2781927527833327
0.9515332224796113 0.39827021109143335 -0.28729053339968047
0.9122022373112548 0.4210741485822324 -0.2904103053593411
0.9187696518753595 0.4727008267162984 -0.2874213010309975
0.8990674081830454 0.3178207923141003 -0.2963883140160283
0.8663038375787937 0.3922514079389653 -0.29651908164734525
0.9122022373112548 0.4210741485822324 -0.2904103053593411
0.9515332224796113 0.39827021109143335 -0.28729053339968047
0.1994250295794106 -1.103206139699922 -0.2744779538581457
0.28890994459400016 -1.0949757744088355 -0.26692900625909943
0.3030042535814686 -1.1317148904773313 -0.23329418693209045
0.26530895056790804 -1.1541996311571225 -0.22025125106810906
0.3783948596085897 -1.086745409117749 -0.2593800586600531
0.3547938655824976 -1.145969265866036 -0.21270230346906274
0.3030042535814686 -1.1317148904773313 -0.23329418693209045
0.28890994459400016 -1.0949757744088355 -0.26692900625909943
0.3311928715564055 -1.205193122614323 -0.1660245482780724
0.26530895056790804 -1.1541996311571225 -0.22025125106810906
0.3030042535814686 -1.1317148904773313 -0.23329418693209045
0.3547938655824976 -1.145969265866036 -0.21270230346906274
0.7880930342566289 -1.033880732655455 -7.347880794884119e-17
0.7630080797930652 -1.0315254767219146 -0.06899446174418264
0.7933059972646667 -0.9944566133343917 -0.09843597401613247
0.8209974332322494 -0.9770998096074006 -0.07865949928001609
0.7379231253295016 -1.029170220788374 -0.1379889234883652
0.7959124787686856 -0.9747445536738599 -0.14765396102419864
0.7933059972646667 -0.9944566133343917 -0.09843597401613247
0.7630080797930652 -1.0315254767219146 -0.06899446174418264
0.8539018322078697 -0.920318886559346 -0.1573189985600321
0.8209974332322494 -0.9770998096074006 -0.07865949928001609
0.7933059972646667 -0.9944566133343917 -0.09843597401613247
0.7959124787686856 -0.9747445536738599 -0.14765396102419864
0.2475084419140669 -1.276220815995912 -7.347880794884119e-17
0.20207932877360596 -1.272580852623944 0.055670433428363766
0.15131740378141886 -1.281402580204647 0.03711362228557582
0.1486509978555558 -1.2876334256809825 -7.347880794884119e-17
0.156650215633145 -1.268940889251976 0.1113408668567276
0.10322188471509483 -1.2839934623090143 0.055670433428363766
0.15131740378141886 -1.281402580204647 0.03711362228557582
0.20207932877360596 -1.272580852623944 0.055670433428363766
0.04979355379704467 -1.299046035366053 -7.347880794884119e-17
0.1486509978555558 -1.2876334256809825 -7.347880794884119e-17
0.15131740378141886 -1.281402580204647 0.03711362228557582
0.10322188471509483 -1.2839934623090143 0.055670433428363766
-0.2366446453232279 1.064527218910196 -0.2860198825137028
-0.17012893865544804 1.11327851378078 -0.2677407491671646
-0.11342956480864569 1.09547904413419 -0.27648157180168725
-0.11833773121913445 1.062203661875603 -0.2899915497922177
-0.1036132319876682 1.162029808651364 -0.2494616158206264
-0.0518220245513546 1.1109549567461872 -0.2717124164456795
-0.11342956480864569 1.09547904413419 -0.27648157180168725
-0.17012893865544804 1.11327851378078 -0.2677407491671646
-3.081711504100568e-05 1.05988010484101 -0.2939632170707326
-0.11833773121913445 1.062203661875603 -0.2899915497922177
-0.11342956480864569 1.09547904413419 -0.27648157180168725
-0.0518220245513546 1.1109549567461872 -0.2717124164456795
-0.4510280421033274 0.6932092932478104 0.2451093998615164
-0.42411396007722824 0.7594778618509315 0.2665998886663507
-0.467158522021615 0.7903038582628299 0.277593936122553
-0.502137844006858 0.7725825721672186 0.27234571544823705
-0.397199878051129 0.8257464304540524 0.288090377471185
-0.4752237619807588 0.8388511407703395 0.29383620425307133
-0.467158522021615 0.7903038582628299 0.277593936122553
-0.42411396007722824 0.7594778618509315 0.2665998886663507
-0.5532476459103886 0.8519558510866266 0.2995820310349577
-0.502137844006858 0.7725825721672186 0.27234571544823705
-0.467158522021615 0.7903038582628299 0.277593936122553
-0.4752237619807588 0.8388511407703395 0.29383620425307133
-1.249334190330462 0.008140426579090315 0.1667909946991624
-1.1997049396918815 0.04791850115746362 0.21229858267978474
-1.2120010484945165 0.09563294844260216 0.19616775583231447
-1.242963728215124 0.09960113479598476 0.16534854841826813
-1.150075689053301 0.08769657573583693 0.2578061706604071
-1.1933344775765435 0.13937920937435808 0.2108561363988905
-1.2120010484945165 0.09563294844260216 0.19616775583231447
-1.1997049396918815 0.04791850115746362 0.21229858267978474
-1.236593266099786 0.1910618430128792 0.1639061021373739
-1.242963728215124 0.09960113479598476 0.16534854841826813
-1.2120010484945165 0.09563294844260216 0.19616775583231447
-1.1933344775765435 0.13937920937435808 0.2108561363988905
0.6650309151043411 0.9011619095276562 0.2749625478329102
0.6143881147894946 0.9573010559814126 0.26446614366811316
0.5778679184541381 0.9265008358756943 0.27630959323832643
0.5849292204438832 0.8830311525959569 0.28747952010583167
0.5637453144746482 1.013440202435169 0.2539697395033162
0.5342864201290367 0.9391702990497133 0.27698311594103464
0.5778679184541381 0.9265008358756943 0.27630959323832643
0.6143881147894946 0.9573010559814126 0.26446614366811316
0.5048275257834252 0.8649003956642577 0.2999964923787531
0.5849292204438832 0.8830311525959569 0.28747952010583167
0.5778679184541381 0.9265008358756943 0.27630959323832643
0.5342864201290367 0.9391702990497133 0.27698311594103464
0.5112832989675 1.14051241517322 -0.1660245482776514
0.5986109574990366 1.0933958768369745 -0.16510461755522984
0.5849462249987548 1.0599938704611638 -0.19868497432021123
0.5344500294828457 1.066851136441381 -0.2159351180639127
0.6859386160305732 1.046279338500729 -0.1641846868328083
0.6217776880143823 1.0197345981051356 -0.21501518734149114
0.5849462249987548 1.0599938704611638 -0.19868497432021123
0.5986109574990366 1.0933958768369745 -0.16510461755522984
0.5576167599981914 0.9931898577095422 -0.265845687850174
0.5344500294828457 1.066851136441381 -0.2159351180639127
0.5849462249987548 1.0599938704611638 -0.19868497432021123
0.6217776880143823 1.0197345981051356 -0.21501518734149114
0.2475084419140723 1.276220815995911 -7.347880794884119e-17
0.2015794689621493 1.2731546341681481 -0.05438100047747504
0.15098416390711597 1.2817851012341164 -0.036254000318316715
0.14865099785556082 1.287633425680982 -7.347880794884119e-17
0.1556504960102263 1.270088452340385 -0.10876200095495
0.1027220249036378 1.284567243853219 -0.05438100047747504
0.15098416390711597 1.2817851012341164 -0.036254000318316715
0.2015794689621493 1.2731546341681481 -0.05438100047747504
0.04979355379704932 1.299046035366053 -7.347880794884119e-17
0.14865099785556082 1.287633425680982 -7.347880794884119e-17
0.15098416390711597 1.2817851012341164 -0.036254000318316715
0.1027220249036378 1.284567243853219 -0.05438100047747504
-0.594837791571095 -0.8318042133907992 0.2991468021270587
-0.5243653081423109 -0.8566846978174942 0.2995139188866925
-0.49271728404514875 -0.8149294524186262 0.28592157527722434
-0.5121295137109597 -0.7816115875058447 0.27894184509267334
-0.4538928247135268 -0.8815651822441891 0.2998810356463263
-0.4416570302821756 -0.8064920719325396 0.27930896185230714
-0.49271728404514875 -0.8149294524186262 0.28592157527722434
-0.5243653081423109 -0.8566846978174942 0.2995139188866925
-0.4294212358508245 -0.73141896162089 0.258736888058288
-0.5121295137109597 -0.7816115875058447 0.27894184509267334
-0.49271728404514875 -0.8149294524186262 0.28592157527722434
-0.4416570302821756 -0.8064920719325396 0.27930896185230714
1.242705098312484 -3.043749641864962e-16 0.1763355756877418
1.2524374089024826 0.07342385662829434 0.15284085544715614
1.2257875506851197 0.10240378438564672 0.18103028248592754
1.207596466281439 0.08018181995017559 0.20687235612560606
1.262169719492481 0.146847713256589 0.1293461352065705
1.2173287768714376 0.15360567657847024 0.1833776358850204
1.2257875506851197 0.10240378438564672 0.18103028248592754
1.2524374089024826 0.07342385662829434 0.15284085544715614
1.172487834250394 0.1603636399003515 0.2374091365634703
1.207596466281439 0.08018181995017559 0.20687235612560606
1.2257875506851197 0.10240378438564672 0.18103028248592754
1.2173287768714376 0.15360567657847024 0.1833776358850204
1.242705098312483 -3.04374964186496e-16 -0.1763355756877428
1.2524374089031105 -0.07342385662621115 -0.152840855446355
1.2251938954213113 -0.1016538036622731 -0.18155798354670707
1.2067059833850982 -0.07905684886719866 -0.207663907717577
1.262169719493738 -0.146847713252422 -0.1293461352049672
1.2164382939757257 -0.1524807054934095 -0.1841691874761892
1.2251938954213113 -0.1016538036622731 -0.18155798354670707
1.2524374089031105 -0.07342385662621115 -0.152840855446355
1.170706868457713 -0.158113697734397 -0.2389922397474112
1.2067059833850982 -0.07905684886719866 -0.207663907717577
1.2251938954213113 -0.1016538036622731 -0.18155798354670707
1.2164382939757257 -0.1524807054934095 -0.1841691874761892
-1.025022002279302 -0.7217333373319552 -0.1602363239556137
-0.9585889416954724 -0.7284960178356984 -0.20821524950504292
-0.9395689869967302 -0.7757315461741943 -0.1925496136756422
-0.963275539939274 -0.7959679700915705 -0.16072733298622727
-0.8921558811116428 -0.7352586983394416 -0.2561941750544721
-0.8968424793554444 -0.8027306505953137 -0.20870625853565644
-0.9395689869967302 -0.7757315461741943 -0.1925496136756422
-0.9585889416954724 -0.7284960178356984 -0.20821524950504292
-0.9015290775992459 -0.8702026028511858 -0.1612183420168408
-0.963275539939274 -0.7959679700915705 -0.16072733298622727
-0.9395689869967302 -0.7757315461741943 -0.1925496136756422
-0.8968424793554444 -0.8027306505953137 -0.20870625853565644
0.7448547383499101 -0.4740053810223188 0.2761966245926917
0.7742560504724758 -0.544839965062802 0.2879704657042357
0.8270159518850182 -0.5354908238312013 0.2895182430353314
0.8386952465300066 -0.4953989611951594 0.2844052111451073
0.8036573625950415 -0.6156745491032852 0.2997443068157797
0.8680965586525723 -0.5662335452356426 0.2961790522566513
0.8270159518850182 -0.5354908238312013 0.2895182430353314
0.7742560504724758 -0.544839965062802 0.2879704657042357
0.9325357547101031 -0.516792541368 0.2926137976975229
0.8386952465300066 -0.4953989611951594 0.2844052111451073
0.8270159518850182 -0.5354908238312013 0.2895182430353314
0.8680965586525723 -0.5662335452356426 0.2961790522566513
-0.8793914067116114 0.6866662773861711 -0.2767814639674225
-0.9453992194247351 0.6331116688708545 -0.26343791728218074
-0.9736486258191994 0.6609290459177485 -0.22838009740703594
-0.9547694226598697 0.7016150386988538 -0.2175229608120844
-1.011407032137859 0.5795570603555379 -0.250094370596939
-1.0207772353729934 0.6480604301835371 -0.20417941412684265
-0.9736486258191994 0.6609290459177485 -0.22838009740703594
-0.9453992194247351 0.6331116688708545 -0.26343791728218074
-1.030147438608128 0.7165638000115363 -0.1582644576567463
-0.9547694226598697 0.7016150386988538 -0.2175229608120844
-0.9736486258191994 0.6609290459177485 -0.22838009740703594
-1.0207772353729934 0.6480604301835371 -0.20417941412684265
1.172487834250394 0.1603636399003515 0.2374091365634703
1.128766511648108 0.22412395042753352 0.2556101510626547
1.08584434109874 0.19971347201886902 0.27033554925098063
1.086243917125199 0.15562807755094576 0.2685977410955514
1.085045189045822 0.2878842609547156 0.2738111655618392
1.042522594522913 0.2193883880781278 0.2867987555947359
1.08584434109874 0.19971347201886902 0.27033554925098063
1.128766511648108 0.22412395042753352 0.2556101510626547
1.000000000000004 0.15089251520154 0.2997863456276325
1.086243917125199 0.15562807755094576 0.2685977410955514
1.08584434109874 0.19971347201886902 0.27033554925098063
1.042522594522913 0.2193883880781278 0.2867987555947359
-0.7490683027976873 0.8279339079941141 0.2764546304898128
-0.8170986838340855 0.796003041460227 0.2620597693109915
-0.8198587217897589 0.7443681369847165 0.2735694865229181
-0.7872235502493965 0.7345161180139048 0.28652177571829207
-0.8851290648704837 0.7640721749263398 0.2476649081321702
-0.8552539312857946 0.7025852514800176 0.27212691453947074
-0.8198587217897589 0.7443681369847165 0.2735694865229181
-0.8170986838340855 0.796003041460227 0.2620597693109915
-0.8253787977011056 0.6410983280336954 0.2965889209467713
-0.7872235502493965 0.7345161180139048 0.28652177571829207
-0.8198587217897589 0.7443681369847165 0.2735694865229181
-0.8552539312857946 0.7025852514800176 0.27212691453947074
0.7053845793602807 0.1281665716620849 0.09936562249679139
0.71999005367047 0.19994774386280909 0.1533839898792334
0.697086044090463 0.22799976313936574 0.1285394202365737
0.678331302145365 0.20613518667728195 0.08910795172402285
0.7345955279806594 0.2717289160635333 0.2074023572616754
0.6929367764555544 0.27791635887800614 0.14312631910646487
0.697086044090463 0.22799976313936574 0.1285394202365737
0.71999005367047 0.19994774386280909 0.1533839898792334
0.6512780249304494 0.284103801692479 0.0788502809512543
0.678331302145365 0.20613518667728195 0.08910795172402285
0.697086044090463 0.22799976313936574 0.1285394202365737
0.6929367764555544 0.27791635887800614 0.14312631910646487
-1.196925470100894 -0.3834353998022207 -0.1550222108291942
-1.139202840678843 -0.4098069731341466 -0.20241303046661152
-1.13341770504341 -0.45967033850822697 -0.18837566425889093
-1.159386451936719 -0.47141623452930426 -0.15766157133632197
-1.081480211256792 -0.4361785464660725 -0.2498038501040288
-1.101663822514668 -0.4977878078612301 -0.20505239097373926
-1.13341770504341 -0.45967033850822697 -0.18837566425889093
-1.139202840678843 -0.4098069731341466 -0.20241303046661152
-1.121847433772544 -0.5593970692563878 -0.1603009318434497
-1.159386451936719 -0.47141623452930426 -0.15766157133632197
-1.13341770504341 -0.45967033850822697 -0.18837566425889093
-1.101663822514668 -0.4977878078612301 -0.20505239097373926
-1.030147438608128 0.7165638000115363 -0.1582644576567463
-1.0207772353729934 0.6480604301835371 -0.20417941412684265
-1.055967055909181 0.61671591964907 -0.1886738981094279
-1.078247067794842 0.635295349295836 -0.1579636618656723
-1.011407032137859 0.5795570603555379 -0.250094370596939
-1.0688768645597075 0.5667919794678369 -0.20387861833576865
-1.055967055909181 0.61671591964907 -0.1886738981094279
-1.0207772353729934 0.6480604301835371 -0.20417941412684265
-1.126346696981556 0.5540268985801358 -0.1576628660745983
-1.078247067794842 0.635295349295836 -0.1579636618656723
-1.055967055909181 0.61671591964907 -0.1886738981094279
-1.0688768645597075 0.5667919794678369 -0.20387861833576865
0.3311928715564055 -1.205193122614323 -0.1660245482780724
0.3547938655824976 -1.145969265866036 -0.21270230346906274
0.394308409773163 -1.153569674415752 -0.19111793582308945
0.4022651848554496 -1.1869818070647535 -0.15698687440460765
0.3783948596085897 -1.086745409117749 -0.2593800586600531
0.4258661788815417 -1.1277579503164665 -0.203664629595598
0.394308409773163 -1.153569674415752 -0.19111793582308945
0.3547938655824976 -1.145969265866036 -0.21270230346906274
0.4733374981544937 -1.168770491515184 -0.1479492005311429
0.4022651848554496 -1.1869818070647535 -0.15698687440460765
0.394308409773163 -1.153569674415752 -0.19111793582308945
0.4258661788815417 -1.1277579503164665 -0.203664629595598
-1.02230673264755 0.7190744922127988 0.1660245482774927
-0.9537178987590168 0.7415733335695693 0.20684472820483146
-0.9360731582414722 0.7849860979815397 0.19133012941770558
-0.9615452049269665 0.7954430595091396 0.16316274006047324
-0.8851290648704837 0.7640721749263398 0.2476649081321702
-0.8929563710384334 0.8179419008659101 0.20398291998781198
-0.9360731582414722 0.7849860979815397 0.19133012941770558
-0.9537178987590168 0.7415733335695693 0.20684472820483146
-0.9007836772063831 0.8718116268054804 0.1603009318434538
-0.9615452049269665 0.7954430595091396 0.16316274006047324
-0.9360731582414722 0.7849860979815397 0.19133012941770558
-0.8929563710384334 0.8179419008659101 0.20398291998781198
-0.6062273476580752 -1.107251348093184 -0.1455150652960952
-0.5515971840900088 -1.088906614960184 -0.19264952503328409
-0.5085573623548855 -1.1180391698129328 -0.1837745327814065
-0.5143525332713571 -1.141777813805807 -0.1557698067868733
-0.4969670205219424 -1.070561881827184 -0.239783984770473
-0.4597223697032907 -1.123433080672807 -0.20290426652406218
-0.5085573623548855 -1.1180391698129328 -0.1837745327814065
-0.5515971840900088 -1.088906614960184 -0.19264952503328409
-0.422477718884639 -1.17630427951843 -0.1660245482776514
-0.5143525332713571 -1.141777813805807 -0.1557698067868733
-0.5085573623548855 -1.1180391698129328 -0.1837745327814065
-0.4597223697032907 -1.123433080672807 -0.20290426652406218
-1.201762506155704 -0.1769177940662577 0.2095170187134143
-1.1689336833855917 -0.10937535893885279 0.23823631342489443
-1.195733852367215 -0.07020343043287176 0.21442120718298374
-1.2255483482430831 -0.0843886837435837 0.18815400670628835
-1.136104860615479 -0.04183292381144787 0.2669556081363746
-1.1927195254729706 -0.016846248616178776 0.2168733014177685
-1.195733852367215 -0.07020343043287176 0.21442120718298374
-1.1689336833855917 -0.10937535893885279 0.23823631342489443
-1.249334190330462 0.008140426579090315 0.1667909946991624
-1.2255483482430831 -0.0843886837435837 0.18815400670628835
-1.195733852367215 -0.07020343043287176 0.21442120718298374
-1.1927195254729706 -0.016846248616178776 0.2168733014177685
-0.7578942744306955 0.9942636892646708 0.1655511082518513
-0.6939488396534754 0.9832049858833782 0.21015118871844457
-0.6616620482187165 1.0214791807459334 0.19544230857146053
-0.6774913698899472 1.0461456298678575 0.1657878282646719
-0.6300034048762555 0.9721462825020856 0.2547512691850378
-0.6135459351127271 1.0350869264865648 0.21038790873126517
-0.6616620482187165 1.0214791807459334 0.19544230857146053
-0.6939488396534754 0.9832049858833782 0.21015118871844457
-0.5970884653491988 1.098027570471044 0.1660245482774925
-0.6774913698899472 1.0461456298678575 0.1657878282646719
-0.6616620482187165 1.0214791807459334 0.19544230857146053
-0.6135459351127271 1.0350869264865648 0.21038790873126517
-0.3410913592852787 -0.9877844536504268 0.2966031530942708
-0.3974920919994027 -0.9346748179473079 0.2982420943702986
-0.4201878178151142 -0.9755878899460336 0.2843714234162085
-0.40333531436590797 -1.022599243796956 0.2766166173011496
-0.4538928247135268 -0.8815651822441891 0.2998810356463263
-0.4597360470800321 -0.9694896080938371 0.2782555585771773
-0.4201878178151142 -0.9755878899460336 0.2843714234162085
-0.3974920919994027 -0.9346748179473079 0.2982420943702986
-0.4655792694465373 -1.057414033943485 0.2566300815080284
-0.40333531436590797 -1.022599243796956 0.2766166173011496
-0.4201878178151142 -0.9755878899460336 0.2843714234162085
-0.4597360470800321 -0.9694896080938371 0.2782555585771773
1.226120303236867 0.2941524289509527 -0.1480723791954287
1.2447984646652566 0.21411919938308546 -0.1388262360691334
1.2206949211936313 0.19620067955557016 -0.17168720290057593
1.199304068743624 0.2272580344257461 -0.19274075787944484
1.263476626093646 0.1340859698152182 -0.1295800929428381
1.2179822301720136 0.14722480485787887 -0.18349461475314954
1.2206949211936313 0.19620067955557016 -0.17168720290057593
1.2447984646652566 0.21411919938308546 -0.1388262360691334
1.172487834250381 0.1603636399005395 -0.237409136563461
1.199304068743624 0.2272580344257461 -0.19274075787944484
1.2206949211936313 0.19620067955557016 -0.17168720290057593
1.2179822301720136 0.14722480485787887 -0.18349461475314954
1.222071029356478 -0.3020904343841311 0.1516378023769633
1.242773827725087 -0.21808820209967955 0.14060894765984866
1.2193451632335053 -0.19884668136653486 0.17287567729440625
1.19727943180341 -0.23122703714218829 0.1945234694702424
1.263476626093696 -0.134085969815228 0.129580092942734
1.217982230172019 -0.14722480485773676 0.18349461475312775
1.2193451632335053 -0.19884668136653486 0.17287567729440625
1.242773827725087 -0.21808820209967955 0.14060894765984866
1.172487834250342 -0.1603636399002455 0.2374091365635215
1.19727943180341 -0.23122703714218829 0.1945234694702424
1.2193451632335053 -0.19884668136653486 0.17287567729440625
1.217982230172019 -0.14722480485773676 0.18349461475312775
1.172487834250381 0.1603636399005395 -0.237409136563461
1.2179822301720136 0.14722480485787887 -0.18349461475314954
1.2262231862188366 0.09814986990525248 -0.18110826839801397
1.207596466281432 0.0801818199502696 -0.2068723561256019
1.263476626093646 0.1340859698152182 -0.1295800929428381
1.2530908622030645 0.06704298490760895 -0.15295783431529045
1.2262231862188366 0.09814986990525248 -0.18110826839801397
1.2179822301720136 0.14722480485787887 -0.18349461475314954
1.242705098312483 -3.04374964186496e-16 -0.1763355756877428
1.207596466281432 0.0801818199502696 -0.2068723561256019
1.2262231862188366 0.09814986990525248 -0.18110826839801397
1.2530908622030645 0.06704298490760895 -0.15295783431529045
1.172487834250342 -0.1603636399002455 0.2374091365635215
1.217982230172019 -0.14722480485773676 0.18349461475312775
1.2262231862188406 -0.09814986990515794 0.1811082683979991
1.2075964662814132 -0.0801818199501229 0.20687235612563165
1.263476626093696 -0.134085969815228 0.129580092942734
1.25309086220309 -0.06704298490761415 0.1529578343152379
1.2262231862188406 -0.09814986990515794 0.1811082683979991
1.217982230172019 -0.14722480485773676 0.18349461475312775
1.242705098312484 -3.043749641864962e-16 0.1763355756877418
1.2075964662814132 -0.0801818199501229 0.20687235612563165
1.2262231862188406 -0.09814986990515794 0.1811082683979991
1.25309086220309 -0.06704298490761415 0.1529578343152379
-0.8970993777067807 0.4892635766189861 0.2992036408576568
-0.9407741691238709 0.547983537142174 0.27760902453924996
-0.9735790012379434 0.5075632360255722 0.27622267316108545
-0.9681440215864343 0.4579931052056774 0.2863268056312066
-0.9844489605409612 0.6067034976653619 0.2560144082208431
-1.0118188130035246 0.5167130657288652 0.26473218931279974
-0.9735790012379434 0.5075632360255722 0.27622267316108545
-0.9407741691238709 0.547983537142174 0.27760902453924996
-1.039188665466088 0.4267226337923686 0.2734499704047564
-0.9681440215864343 0.4579931052056774 0.2863268056312066
-0.9735790012379434 0.5075632360255722 0.27622267316108545
-1.0118188130035246 0.5167130657288652 0.26473218931279974
-0.759546822541943 -0.8258107983003596 0.2740747979671175
-0.6945103230664145 -0.898380009334639 0.2648126998561556
-0.661286145901308 -0.8761880773533591 0.27625740061312326
-0.6771923070565189 -0.8288075058455795 0.28661080004708805
-0.629473823590886 -0.9709492203689184 0.2555506017451937
-0.6121558075809905 -0.9013767168798588 0.27734870193612615
-0.661286145901308 -0.8761880773533591 0.27625740061312326
-0.6945103230664145 -0.898380009334639 0.2648126998561556
-0.594837791571095 -0.8318042133907992 0.2991468021270587
-0.6771923070565189 -0.8288075058455795 0.28661080004708805
-0.661286145901308 -0.8761880773533591 0.27625740061312326
-0.6121558075809905 -0.9013767168798588 0.27734870193612615
-0.9007836772063831 0.8718116268054804 0.1603009318434538
-0.8929563710384334 0.8179419008659101 0.20398291998781198
-0.8449936816248513 0.8212725699086448 0.22814015682181224
-0.8249259900020351 0.8498727673997972 0.21837778116663328
-0.8851290648704837 0.7640721749263398 0.2476649081321702
-0.8170986838340855 0.796003041460227 0.2620597693109915
-0.8449936816248513 0.8212725699086448 0.22814015682181224
-0.8929563710384334 0.8179419008659101 0.20398291998781198
-0.7490683027976873 0.8279339079941141 0.2764546304898128
-0.8249259900020351 0.8498727673997972 0.21837778116663328
-0.8449936816248513 0.8212725699086448 0.22814015682181224
-0.8170986838340855 0.796003041460227 0.2620597693109915
-1.122639307413325 0.5564619796595165 0.1612423227259616
-1.0535441339771432 0.5815827386624393 0.20862836547340236
-1.0431316668672788 0.6274133231792258 0.1944270930747658
-1.0724730200304373 0.6377682359361576 0.16363343550172715
-0.9844489605409612 0.6067034976653619 0.2560144082208431
-1.0033778465942556 0.6628889949390804 0.2110194782491679
-1.0431316668672788 0.6274133231792258 0.1944270930747658
-1.0535441339771432 0.5815827386624393 0.20862836547340236
-1.02230673264755 0.7190744922127988 0.1660245482774927
-1.0724730200304373 0.6377682359361576 0.16363343550172715
-1.0431316668672788 0.6274133231792258 0.1944270930747658
-1.0033778465942556 0.6628889949390804 0.2110194782491679
-1.031640325246295 -0.1443988744009623 0.2970881248971383
-1.083872592930887 -0.09311589910620509 0.2820218665167564
-1.1231692306724927 -0.1210498640928893 0.2578535839156424
-1.1167014157009993 -0.16065833423361 0.2533025718052763
-1.136104860615479 -0.04183292381144787 0.2669556081363746
-1.1689336833855917 -0.10937535893885279 0.23823631342489443
-1.1231692306724927 -0.1210498640928893 0.2578535839156424
-1.083872592930887 -0.09311589910620509 0.2820218665167564
-1.201762506155704 -0.1769177940662577 0.2095170187134143
-1.1167014157009993 -0.16065833423361 0.2533025718052763
-1.1231692306724927 -0.1210498640928893 0.2578535839156424
-1.1689336833855917 -0.10937535893885279 0.23823631342489443
0.1433395639422573 1.241625124736306 0.1660245482774924
0.19059131530878637 1.195605213330595 0.2052290443259311
0.23967777355723774 1.1990176492483353 0.19093446143355122
0.24059512699819885 1.223733822910061 0.16418492196314194
0.2378430666753154 1.149585301924884 0.2444335403743698
0.2878468783647279 1.17771391150435 0.20338941801158064
0.23967777355723774 1.1990176492483353 0.19093446143355122
0.19059131530878637 1.195605213330595 0.2052290443259311
0.3378506900541404 1.205842521083816 0.1623452956487915
0.24059512699819885 1.223733822910061 0.16418492196314194
0.23967777355723774 1.1990176492483353 0.19093446143355122
0.2878468783647279 1.17771391150435 0.20338941801158064
1.226373199440335 -0.3007299302196384 -0.1448615775721941
1.2442714594670365 -0.2237888217360302 -0.13710385638858064
1.2577691566161755 -0.2153405709855327 -0.09140257092572045
1.255568875177394 -0.249586999852088 -0.07243078878609709
1.262169719493738 -0.146847713252422 -0.1293461352049672
1.2734671352040956 -0.1726458913684798 -0.06467306760248365
1.2577691566161755 -0.2153405709855327 -0.09140257092572045
1.2442714594670365 -0.2237888217360302 -0.13710385638858064
1.284764550914453 -0.1984440694845376 -7.347880794884119e-17
1.255568875177394 -0.249586999852088 -0.07243078878609709
1.2577691566161755 -0.2153405709855327 -0.09140257092572045
1.2734671352040956 -0.1726458913684798 -0.06467306760248365
1.225151250498075 0.2979138650167037 0.1481760182289651
1.243660484995278 0.22238078913664633 0.1387610767177678
1.2573618403016695 0.21440188258594306 0.09250738447851185
1.254957900706264 0.2481789672506201 0.0740880091144825
1.262169719492481 0.146847713256589 0.1293461352065705
1.273467135203467 0.17264589137056274 0.06467306760328521
1.2573618403016695 0.21440188258594306 0.09250738447851185
1.243660484995278 0.22238078913664633 0.1387610767177678
1.284764550914453 0.1984440694845365 -7.347880794884119e-17
1.254957900706264 0.2481789672506201 0.0740880091144825
1.2573618403016695 0.21440188258594306 0.09250738447851185
1.273467135203467 0.17264589137056274 0.06467306760328521
0.9729608167061695 -0.7942532907693669 -0.1564390086106064
0.9642128072143787 -0.7347393587590492 -0.2018200453800623
1.00294011034636 -0.7027956526450284 -0.1871323989691334
1.0266777666582458 -0.7165807655931768 -0.157098057378941
0.9554647977225879 -0.6752254267487314 -0.2472010821495182
1.017929757166455 -0.6570668335828591 -0.20247909414839688
1.00294011034636 -0.7027956526450284 -0.1871323989691334
0.9642128072143787 -0.7347393587590492 -0.2018200453800623
1.080394716610322 -0.6389082404169869 -0.1577571061472756
1.0266777666582458 -0.7165807655931768 -0.157098057378941
1.00294011034636 -0.7027956526450284 -0.1871323989691334
1.017929757166455 -0.6570668335828591 -0.20247909414839688
-1.109355912313749 0.05065026091158129 -0.2789035473337447
-1.138012310414372 -0.02623326896319605 -0.26262318313577926
-1.1759629334200883 -0.017980616236565425 -0.22941033986339301
-1.1806100458726352 0.02458747506413856 -0.22094410032618264
-1.166668708514995 -0.1031167988379734 -0.2463428189378138
-1.209266443973258 -0.05229605481063878 -0.2046637361282172
-1.1759629334200883 -0.017980616236565425 -0.22941033986339301
-1.138012310414372 -0.02623326896319605 -0.26262318313577926
-1.251864179431521 -0.001475310783304169 -0.1629846533186206
-1.1806100458726352 0.02458747506413856 -0.22094410032618264
-1.1759629334200883 -0.017980616236565425 -0.22941033986339301
-1.209266443973258 -0.05229605481063878 -0.2046637361282172
-0.422477718884639 -1.17630427951843 -0.1660245482776514
-0.4597223697032907 -1.123433080672807 -0.20290426652406218
-0.41837975372919106 -1.101282181321417 -0.22843441591013613
-0.3790861203328153 -1.1166423310685336 -0.2227596314799677
-0.4969670205219424 -1.070561881827184 -0.239783984770473
-0.41633077115146705 -1.0637711322229104 -0.2596393497263785
-0.41837975372919106 -1.101282181321417 -0.22843441591013613
-0.4597223697032907 -1.123433080672807 -0.20290426652406218
-0.3356945217809917 -1.056980382618637 -0.279494714682284
-0.3790861203328153 -1.1166423310685336 -0.2227596314799677
-0.41837975372919106 -1.101282181321417 -0.22843441591013613
-0.41633077115146705 -1.0637711322229104 -0.2596393497263785
-0.6617839136912548 -0.5384586601444187 -0.2616111060557472
-0.6529236256324155 -0.6089717152772147 -0.2773769874622147
-0.6961766787147979 -0.6193498128414539 -0.2848494886976236
-0.7222333492854087 -0.5892823340571753 -0.28070279861209435
-0.6440633375735761 -0.6794847704100109 -0.2931428688686821
-0.7133730612265694 -0.6597953891899715 -0.2964686800185618
-0.6961766787147979 -0.6193498128414539 -0.2848494886976236
-0.6529236256324155 -0.6089717152772147 -0.2773769874622147
-0.7826827848795628 -0.640106007969932 -0.2997944911684415
-0.7222333492854087 -0.5892823340571753 -0.28070279861209435
-0.6961766787147979 -0.6193498128414539 -0.2848494886976236
-0.7133730612265694 -0.6597953891899715 -0.2964686800185618
1.085045189045822 0.2878842609547156 0.2738111655618392
0.9973925235835268 0.28035078159377336 0.28478777259478427
0.9982616823890192 0.23719802612969557 0.289787296939067
1.042522594522913 0.2193883880781278 0.2867987555947359
0.9097398581212318 0.2728173022328312 0.2957643796277294
0.954869929060618 0.2118549087171856 0.29777536262768095
0.9982616823890192 0.23719802612969557 0.289787296939067
0.9973925235835268 0.28035078159377336 0.28478777259478427
1.000000000000004 0.15089251520154 0.2997863456276325
1.042522594522913 0.2193883880781278 0.2867987555947359
0.9982616823890192 0.23719802612969557 0.289787296939067
0.954869929060618 0.2118549087171856 0.29777536262768095
-0.8942508420987371 0.5070940765607928 -0.2986884240164853
-0.9528289371182981 0.5433255684581653 -0.27439139730671214
-0.9283497603160692 0.5911058047675005 -0.27518808619361557
-0.8868211244051742 0.596880176973482 -0.2877349439919539
-1.011407032137859 0.5795570603555379 -0.250094370596939
-0.9453992194247351 0.6331116688708545 -0.26343791728218074
-0.9283497603160692 0.5911058047675005 -0.27518808619361557
-0.9528289371182981 0.5433255684581653 -0.27439139730671214
-0.8793914067116114 0.6866662773861711 -0.2767814639674225
-0.8868211244051742 0.596880176973482 -0.2877349439919539
-0.9283497603160692 0.5911058047675005 -0.27518808619361557
-0.9453992194247351 0.6331116688708545 -0.26343791728218074
-1.242902697912312 -0.1946446316015044 -0.1530013349272701
-1.2047857032136533 -0.1488807152197389 -0.19967207693254196
-1.174381342386778 -0.1810414273653894 -0.22150808386749712
-1.1782376593226696 -0.2200037416290974 -0.20909071633233878
-1.166668708514995 -0.1031167988379734 -0.2463428189378138
-1.140120664624011 -0.1742398252473319 -0.2557614583376106
-1.174381342386778 -0.1810414273653894 -0.22150808386749712
-1.2047857032136533 -0.1488807152197389 -0.19967207693254196
-1.113572620733027 -0.2453628516566904 -0.2651800977374074
-1.1782376593226696 -0.2200037416290974 -0.20909071633233878
-1.174381342386778 -0.1810414273653894 -0.22150808386749712
-1.140120664624011 -0.1742398252473319 -0.2557614583376106
0.6858611353466892 1.04713738892298 0.1631474218869144
0.6248032249106688 1.0302887956790745 0.2085585806951153
0.6382124549752262 0.9872465002952685 0.23069323640771358
0.6754460252255152 0.9741496492253181 0.2190549848599123
0.5637453144746482 1.013440202435169 0.2539697395033162
0.6143881147894946 0.9573010559814126 0.26446614366811316
0.6382124549752262 0.9872465002952685 0.23069323640771358
0.6248032249106688 1.0302887956790745 0.2085585806951153
0.6650309151043411 0.9011619095276562 0.2749625478329102
0.6754460252255152 0.9741496492253181 0.2190549848599123
0.6382124549752262 0.9872465002952685 0.23069323640771358
0.6143881147894946 0.9573010559814126 0.26446614366811316
0.4050938942272347 1.045973753784582 0.2742159677042624
0.48441960435094145 1.0297069781098753 0.2640928536037893
0.4933741692231421 1.0666421237976889 0.23140341849502363
0.458188596597389 1.093243084478949 0.22012025799087728
0.5637453144746482 1.013440202435169 0.2539697395033162
0.5375143067210957 1.0769763088042423 0.2099971438904042
0.4933741692231421 1.0666421237976889 0.23140341849502363
0.48441960435094145 1.0297069781098753 0.2640928536037893
0.5112832989675433 1.140512415173316 0.1660245482774922
0.458188596597389 1.093243084478949 0.22012025799087728
0.4933741692231421 1.0666421237976889 0.23140341849502363
0.5375143067210957 1.0769763088042423 0.2099971438904042
0.4850608632967023 -1.073022624461871 0.2418063880725559
0.53571757751603 -1.0212198370130914 0.2553659678534759
0.49617613593230936 -0.9857493068809813 0.2702277421725954
0.4510770580307852 -0.993915435539316 0.2708788394416951
0.5863742917353577 -0.9694170495643116 0.2689255476343959
0.501733772250113 -0.9421126480905364 0.28443841922261515
0.49617613593230936 -0.9857493068809813 0.2702277421725954
0.53571757751603 -1.0212198370130914 0.2553659678534759
0.4170932527648681 -0.9148082466167611 0.2999512908108343
0.4510770580307852 -0.993915435539316 0.2708788394416951
0.49617613593230936 -0.9857493068809813 0.2702277421725954
0.501733772250113 -0.9421126480905364 0.28443841922261515
1.170706868457713 -0.158113697734397 -0.2389922397474112
1.2164382939757257 -0.1524807054934095 -0.1841691874761892
1.2197499291305955 -0.2018971137354858 -0.17106665084152417
1.198540033949024 -0.22942181397701772 -0.19192690865980266
1.262169719493738 -0.146847713252422 -0.1293461352049672
1.2442714594670365 -0.2237888217360302 -0.13710385638858064
1.2197499291305955 -0.2018971137354858 -0.17106665084152417
1.2164382939757257 -0.1524807054934095 -0.1841691874761892
1.226373199440335 -0.3007299302196384 -0.1448615775721941
1.198540033949024 -0.22942181397701772 -0.19192690865980266
1.2197499291305955 -0.2018971137354858 -0.17106665084152417
1.2442714594670365 -0.2237888217360302 -0.13710385638858064
1.172487834250394 0.1603636399003515 0.2374091365634703
1.2173287768714376 0.15360567657847024 0.1833776358850204
1.2199362680803167 0.2017084060578814 0.171643763333002
1.1988195423742345 0.2291387524585276 0.1927925773962177
1.262169719492481 0.146847713256589 0.1293461352065705
1.243660484995278 0.22238078913664633 0.1387610767177678
1.2199362680803167 0.2017084060578814 0.171643763333002
1.2173287768714376 0.15360567657847024 0.1833776358850204
1.225151250498075 0.2979138650167037 0.1481760182289651
1.1988195423742345 0.2291387524585276 0.1927925773962177
1.2199362680803167 0.2017084060578814 0.171643763333002
1.243660484995278 0.22238078913664633 0.1387610767177678
0.5048275257834252 0.8649003956642577 0.2999964923787531
0.5342864201290367 0.9391702990497133 0.27698311594103464
0.491222244828436 0.9747714506280029 0.2760607331954439
0.4549607100053299 0.9554370747244199 0.2871062300415077
0.5637453144746482 1.013440202435169 0.2539697395033162
0.48441960435094145 1.0297069781098753 0.2640928536037893
0.491222244828436 0.9747714506280029 0.2760607331954439
0.5342864201290367 0.9391702990497133 0.27698311594103464
0.4050938942272347 1.045973753784582 0.2742159677042624
0.4549607100053299 0.9554370747244199 0.2871062300415077
0.491222244828436 0.9747714506280029 0.2760607331954439
0.48441960435094145 1.0297069781098753 0.2640928536037893
-0.6069688850756709 -0.9601516644629136 -0.2674456310022321
-0.5519679527988066 -1.0153567731450488 -0.25361480788635254
-0.5700544177518961 -1.0459882981277604 -0.21758156035626675
-0.606598116366873 -1.0337015062780488 -0.20648034814916366
-0.4969670205219424 -1.070561881827184 -0.239783984770473
-0.5515971840900088 -1.088906614960184 -0.19264952503328409
-0.5700544177518961 -1.0459882981277604 -0.21758156035626675
-0.5519679527988066 -1.0153567731450488 -0.25361480788635254
-0.6062273476580752 -1.107251348093184 -0.1455150652960952
-0.606598116366873 -1.0337015062780488 -0.20648034814916366
-0.5700544177518961 -1.0459882981277604 -0.21758156035626675
-0.5515971840900088 -1.088906614960184 -0.19264952503328409
0.6993556881772879 -0.9203014393428551 0.2563243286486833
0.6428649899563228 -0.9448592444535834 0.26262493814153964
0.6550398863690037 -0.9796058507602953 0.23042480818689093
0.6893726836858267 -0.984700251358287 0.2111744384631384
0.5863742917353577 -0.9694170495643116 0.2689255476343959
0.6328819854648615 -1.0092580564690152 0.2174750479559947
0.6550398863690037 -0.9796058507602953 0.23042480818689093
0.6428649899563228 -0.9448592444535834 0.26262493814153964
0.6793896791943654 -1.049099063373719 0.1660245482775935
0.6893726836858267 -0.984700251358287 0.2111744384631384
0.6550398863690037 -0.9796058507602953 0.23042480818689093
0.6328819854648615 -1.0092580564690152 0.2174750479559947
-1.012286353954042 0.0348114192837199 0.2997231780578414
-1.0741956072847607 -0.003510752263863985 0.283339393097108
-1.0600105132719388 -0.050473459642896755 0.2879223036971181
-1.0219633396001684 -0.054793727558621205 0.2984056514774899
-1.136104860615479 -0.04183292381144787 0.2669556081363746
-1.083872592930887 -0.09311589910620509 0.2820218665167564
-1.0600105132719388 -0.050473459642896755 0.2879223036971181
-1.0741956072847607 -0.003510752263863985 0.283339393097108
-1.031640325246295 -0.1443988744009623 0.2970881248971383
-1.0219633396001684 -0.054793727558621205 0.2984056514774899
-1.0600105132719388 -0.050473459642896755 0.2879223036971181
-1.083872592930887 -0.09311589910620509 0.2820218665167564
-1.065142614947569 0.2259436981524519 0.2865430153144973
-1.107609152000435 0.15682013694414443 0.27217459298745217
-1.0758348859849707 0.11615056439066958 0.2813574546775819
-1.0387144844508054 0.1303775587180859 0.2931330966861693
-1.150075689053301 0.08769657573583693 0.2578061706604071
-1.0811810215036717 0.06125399750977842 0.2787646743591242
-1.0758348859849707 0.11615056439066958 0.2813574546775819
-1.107609152000435 0.15682013694414443 0.27217459298745217
-1.012286353954042 0.0348114192837199 0.2997231780578414
-1.0387144844508054 0.1303775587180859 0.2931330966861693
-1.0758348859849707 0.11615056439066958 0.2813574546775819
-1.0811810215036717 0.06125399750977842 0.2787646743591242
-1.249334190330462 0.008140426579090315 0.1667909946991624
-1.1927195254729706 -0.016846248616178776 0.2168733014177685
-1.1785049133330807 0.018001359501159792 0.2305175911653147
-1.1997049396918815 0.04791850115746362 0.21229858267978474
-1.136104860615479 -0.04183292381144787 0.2669556081363746
-1.14309027483439 0.022931825962194532 0.2623808893983909
-1.1785049133330807 0.018001359501159792 0.2305175911653147
-1.1927195254729706 -0.016846248616178776 0.2168733014177685
-1.150075689053301 0.08769657573583693 0.2578061706604071
-1.1997049396918815 0.04791850115746362 0.21229858267978474
-1.1785049133330807 0.018001359501159792 0.2305175911653147
-1.14309027483439 0.022931825962194532 0.2623808893983909
0.9325357547101031 -0.516792541368 0.2926137976975229
0.8680965586525723 -0.5662335452356426 0.2961790522566513
0.8833634779090581 -0.6023408070516117 0.2866064079137678
0.9232165355660663 -0.595673936025775 0.28003745846276185
0.8036573625950415 -0.6156745491032852 0.2997443068157797
0.8587773395085355 -0.6451149398934177 0.2836027130218902
0.8833634779090581 -0.6023408070516117 0.2866064079137678
0.8680965586525723 -0.5662335452356426 0.2961790522566513
0.9138973164220295 -0.6745553306835501 0.2674611192280008
0.9232165355660663 -0.595673936025775 0.28003745846276185
0.8833634779090581 -0.6023408070516117 0.2866064079137678
0.8587773395085355 -0.6451149398934177 0.2836027130218902
0.9138973164220295 -0.6745553306835501 0.2674611192280008
0.8587773395085355 -0.6451149398934177 0.2836027130218902
0.8282327558286275 -0.685387375828803 0.2850637432005812
0.8405204524454206 -0.7202437891915618 0.277723461392982
0.8036573625950415 -0.6156745491032852 0.2997443068157797
0.7854004755319266 -0.6908033984014295 0.2938650551868714
0.8282327558286275 -0.685387375828803 0.2850637432005812
0.8587773395085355 -0.6451149398934177 0.2836027130218902
0.7671435884688117 -0.7659322476995737 0.2879858035579631
0.8405204524454206 -0.7202437891915618 0.277723461392982
0.8282327558286275 -0.685387375828803 0.2850637432005812
0.7854004755319266 -0.6908033984014295 0.2938650551868714
0.08224237321785109 1.126421067176173 0.2706485053868909
0.16004271994658326 1.1380031845505285 0.25754102288063035
0.1544750012784746 1.172543831279121 0.227035531346251
0.11279096858005419 1.1840230959562394 0.21833652683219165
0.2378430666753154 1.149585301924884 0.2444335403743698
0.19059131530878637 1.195605213330595 0.2052290443259311
0.1544750012784746 1.172543831279121 0.227035531346251
0.16004271994658326 1.1380031845505285 0.25754102288063035
0.1433395639422573 1.241625124736306 0.1660245482774924
0.11279096858005419 1.1840230959562394 0.21833652683219165
0.1544750012784746 1.172543831279121 0.227035531346251
0.19059131530878637 1.195605213330595 0.2052290443259311
0.5940067295585165 -0.82790612222037 0.2994004801528212
0.5901905106469372 -0.8986615858923408 0.28416301389360854
0.626578903157054 -0.9058748703758456 0.27488345214530013
0.6466812088679021 -0.8741037807816125 0.27786240440075227
0.5863742917353577 -0.9694170495643116 0.2689255476343959
0.6428649899563228 -0.9448592444535834 0.26262493814153964
0.626578903157054 -0.9058748703758456 0.27488345214530013
0.5901905106469372 -0.8986615858923408 0.28416301389360854
0.6993556881772879 -0.9203014393428551 0.2563243286486833
0.6466812088679021 -0.8741037807816125 0.27786240440075227
0.626578903157054 -0.9058748703758456 0.27488345214530013
0.6428649899563228 -0.9448592444535834 0.26262493814153964
-1.150075689053301 0.08769657573583693 0.2578061706604071
-1.14309027483439 0.022931825962194532 0.2623808893983909
-1.099488967874274 0.02689169040270299 0.27482831895154103
-1.0811810215036717 0.06125399750977842 0.2787646743591242
-1.136104860615479 -0.04183292381144787 0.2669556081363746
-1.0741956072847607 -0.003510752263863985 0.283339393097108
-1.099488967874274 0.02689169040270299 0.27482831895154103
-1.14309027483439 0.022931825962194532 0.2623808893983909
-1.012286353954042 0.0348114192837199 0.2997231780578414
-1.0811810215036717 0.06125399750977842 0.2787646743591242
-1.099488967874274 0.02689169040270299 0.27482831895154103
-1.0741956072847607 -0.003510752263863985 0.283339393097108
