primal_vertex_tag,dual_quadrangle_element_tag,primal_face_index
578,1,1
1075,2,1
1059,3,1
147,4,2
1387,5,2
1282,6,2
115,7,3
1121,8,3
795,9,3
778,10,4
877,11,4
563,12,4
515,13,5
845,14,5
754,15,5
127,16,6
1075,17,6
739,18,6
714,19,7
1222,20,7
1035,21,7
75,22,8
869,23,8
120,24,8
967,25,9
1155,26,9
729,27,9
30,28,10
920,29,10
29,30,10
258,31,11
762,32,11
761,33,11
1212,34,12
1264,35,12
919,36,12
1035,37,13
1222,38,13
157,39,13
147,40,14
1282,41,14
1209,42,14
795,43,15
1121,44,15
698,45,15
216,46,16
812,47,16
219,48,16
77,49,17
943,50,17
147,51,17
756,52,18
913,53,18
586,54,18
163,55,19
1397,56,19
1041,57,19
865,58,20
1003,59,20
510,60,20
372,61,21
757,62,21
752,63,21
739,64,22
1074,65,22
127,66,22
729,67,23
1319,68,23
967,69,23
1282,70,24
1387,71,24
731,72,24
258,73,25
763,74,25
762,75,25
845,76,26
846,77,26
754,78,26
643,79,27
1015,80,27
999,81,27
797,82,28
1161,83,28
670,84,28
287,85,29
759,86,29
285,87,29
507,88,30
1161,89,30
797,90,30
1184,91,31
1185,92,31
1062,93,31
732,94,32
1095,95,32
736,96,32
945,97,33
946,98,33
773,99,33
736,100,34
1095,101,34
1087,102,34
689,103,35
1266,104,35
883,105,35
510,106,36
1230,107,36
865,108,36
758,109,37
1155,110,37
100,111,37
688,112,38
917,113,38
849,114,38
1062,115,39
1185,116,39
1183,117,39
838,118,40
840,119,40
513,120,40
212,121,41
812,122,41
216,123,41
849,124,42
916,125,42
688,126,42
135,127,43
1193,128,43
1087,129,43
1087,130,44
1193,131,44
736,132,44
953,133,45
1266,134,45
689,135,45
1041,136,46
1055,137,46
163,138,46
1050,139,47
1114,140,47
159,141,47
608,142,48
789,143,48
590,144,48
974,145,49
1018,146,49
150,147,49
239,148,50
880,149,50
237,150,50
1053,151,51
1397,152,51
163,153,51
1059,154,52
1075,155,52
1058,156,52
357,157,53
873,158,53
306,159,53
122,160,54
1244,161,54
994,162,54
757,163,55
1304,164,55
752,165,55
735,166,56
1077,167,56
792,168,56
76,169,57
869,170,57
75,171,57
994,172,58
1299,173,58
122,174,58
509,175,59
1218,176,59
814,177,59
586,178,60
1303,179,60
756,180,60
1077,181,61
1231,182,61
792,183,61
1111,184,62
1264,185,62
137,186,62
871,187,63
911,188,63
165,189,63
893,190,64
1251,191,64
672,192,64
1069,193,65
1264,194,65
1212,195,65
93,196,66
815,197,66
94,198,66
842,199,67
955,200,67
932,201,67
780,202,68
1104,203,68
317,204,68
814,205,69
1218,206,69
810,207,69
93,208,70
1417,209,70
815,210,70
277,211,71
896,212,71
279,213,71
840,214,72
1278,215,72
513,216,72
158,217,73
1043,218,73
787,219,73
292,220,74
888,221,74
294,222,74
103,223,75
902,224,75
870,225,75
145,226,76
1210,227,76
1142,228,76
705,229,77
1110,230,77
272,231,77
95,232,78
939,233,78
94,234,78
319,235,79
1178,236,79
355,237,79
988,238,80
1350,239,80
1084,240,80
317,241,81
1194,242,81
780,243,81
259,244,82
880,245,82
239,246,82
639,247,83
1045,248,83
626,249,83
137,250,84
1264,251,84
1069,252,84
29,253,85
920,254,85
160,255,85
952,256,86
1335,257,86
101,258,86
1050,259,87
1357,260,87
1114,261,87
1058,262,88
1075,263,88
127,264,88
778,265,89
949,266,89
558,267,89
558,268,90
1346,269,90
778,270,90
626,271,91
1045,272,91
730,273,91
643,274,92
1016,275,92
1015,276,92
114,277,93
920,278,93
30,279,93
999,280,94
1015,281,94
148,282,94
1012,283,95
1140,284,95
176,285,95
974,286,96
1244,287,96
1018,288,96
1138,289,97
1180,290,97
529,291,97
1143,292,98
1282,293,98
1171,294,98
563,295,99
949,296,99
778,297,99
1119,298,100
1235,299,100
720,300,100
1041,301,101
1198,302,101
1055,303,101
290,304,102
1192,305,102
784,306,102
845,307,103
848,308,103
847,309,103
602,310,104
907,311,104
906,312,104
759,313,105
891,314,105
285,315,105
1110,316,106
1317,317,106
272,318,106
1012,319,107
1318,320,107
1140,321,107
361,322,108
873,323,108
357,324,108
1123,325,109
1250,326,109
1086,327,109
1071,328,110
1101,329,110
1072,330,110
294,331,111
888,332,111
335,333,111
761,334,112
798,335,112
258,336,112
126,337,113
910,338,113
745,339,113
817,340,114
818,341,114
125,342,114
816,343,115
817,344,115
125,345,115
831,346,116
1378,347,116
852,348,116
784,349,117
1385,350,117
290,351,117
113,352,118
1345,353,118
792,354,118
827,355,119
1378,356,119
831,357,119
1180,358,120
1353,359,120
529,360,120
1222,361,121
1367,362,121
157,363,121
327,364,122
811,365,122
810,366,122
157,367,123
1367,368,123
1039,369,123
355,370,124
1178,371,124
796,372,124
132,373,125
1166,374,125
801,375,125
711,376,126
1250,377,126
1123,378,126
101,379,127
953,380,127
952,381,127
617,382,128
1079,383,128
545,384,128
76,385,129
943,386,129
77,387,129
894,388,130
1187,389,130
1135,390,130
1142,391,131
1360,392,131
145,393,131
707,394,132
1201,395,132
1096,396,132
173,397,133
1251,398,133
893,399,133
279,400,134
896,401,134
330,402,134
1059,403,135
1285,404,135
578,405,135
752,406,136
876,407,136
372,408,136
295,409,137
843,410,137
293,411,137
754,412,138
885,413,138
515,414,138
1148,415,139
1216,416,139
683,417,139
1046,418,140
1047,419,140
853,420,140
861,421,141
1374,422,141
1223,423,141
1143,424,142
1171,425,142
174,426,142
287,427,143
921,428,143
759,429,143
745,430,144
1197,431,144
126,432,144
1135,433,145
1187,434,145
178,435,145
94,436,146
939,437,146
901,438,146
545,439,147
1079,440,147
680,441,147
893,442,148
894,443,148
173,444,148
324,445,149
843,446,149
295,447,149
110,448,150
1046,449,150
853,450,150
943,451,151
1387,452,151
147,453,151
219,454,152
812,455,152
327,456,152
1264,457,153
1308,458,153
919,459,153
191,460,154
839,461,154
189,462,154
612,463,155
1123,464,155
1086,465,155
236,466,156
834,467,156
238,468,156
869,469,157
1344,470,157
120,471,157
1084,472,158
1350,473,158
169,474,158
180,475,159
824,476,159
182,477,159
698,478,160
1121,479,160
1068,480,160
1274,481,161
1284,482,161
604,483,161
130,484,162
1279,485,162
977,486,162
327,487,163
810,488,163
809,489,163
1093,490,164
1094,491,164
695,492,164
882,493,165
913,494,165
756,495,165
136,496,166
1226,497,166
744,498,166
977,499,167
1325,500,167
130,501,167
773,502,168
1245,503,168
945,504,168
843,505,169
955,506,169
842,507,169
742,508,170
1248,509,170
112,510,170
1055,511,171
1198,512,171
133,513,171
1183,514,172
1185,515,172
724,516,172
100,517,173
1236,518,173
758,519,173
112,520,174
1354,521,174
742,522,174
608,523,175
1400,524,175
789,525,175
1011,526,176
1299,527,176
1139,528,176
1084,529,177
1189,530,177
988,531,177
1079,532,178
1345,533,178
113,534,178
744,535,179
1386,536,179
136,537,179
801,538,180
1391,539,180
132,540,180
871,541,181
998,542,181
911,543,181
111,544,182
1101,545,182
1071,546,182
271,547,183
839,548,183
191,549,183
877,550,184
1261,551,184
563,552,184
272,553,185
834,554,185
236,555,185
789,556,186
799,557,186
590,558,186
548,559,187
897,560,187
549,561,187
570,562,188
1105,563,188
1013,564,188
724,565,189
1269,566,189
1183,567,189
895,568,190
896,569,190
277,570,190
938,571,191
1234,572,191
514,573,191
585,574,192
824,575,192
180,576,192
894,577,193
1135,578,193
173,579,193
160,580,194
1312,581,194
1226,582,194
946,583,195
1220,584,195
773,585,195
1226,586,196
1312,587,196
744,588,196
276,589,197
1255,590,197
1199,591,197
609,592,198
1165,593,198
1065,594,198
909,595,199
920,596,199
114,597,199
906,598,200
907,599,200
661,600,200
174,601,201
939,602,201
95,603,201
523,604,202
1213,605,202
524,606,202
1068,607,203
1225,608,203
698,609,203
870,610,204
1398,611,204
103,612,204
306,613,205
873,614,205
872,615,205
1067,616,206
1235,617,206
1119,618,206
1086,619,207
1399,620,207
612,621,207
807,622,208
1401,623,208
592,624,208
237,625,209
880,626,209
879,627,209
861,628,210
1223,629,210
260,630,210
592,631,211
1401,632,211
717,633,211
466,634,212
914,635,212
468,636,212
990,637,213
1254,638,213
169,639,213
1155,640,214
1259,641,214
100,642,214
601,643,215
992,644,215
603,645,215
723,646,216
1269,647,216
724,648,216
800,649,217
802,650,217
144,651,217
906,652,218
1389,653,218
602,654,218
707,655,219
1096,656,219
760,657,219
1043,658,220
1265,659,220
787,660,220
102,661,221
1417,662,221
93,663,221
684,664,222
1120,665,222
1066,666,222
887,667,223
888,668,223
292,669,223
998,670,224
1284,671,224
1274,672,224
738,673,225
875,674,225
874,675,225
846,676,226
1289,677,226
320,678,226
114,679,227
919,680,227
909,681,227
868,682,228
1199,683,228
864,684,228
752,685,229
1304,686,229
753,687,229
1065,688,230
1390,689,230
609,690,230
320,691,231
1327,692,231
846,693,231
1227,694,232
1272,695,232
266,696,232
1190,697,233
1252,698,233
1108,699,233
1221,700,234
1287,701,234
39,702,234
695,703,235
1267,704,235
1093,705,235
1223,706,236
1374,707,236
777,708,236
723,709,237
1357,710,237
1269,711,237
169,712,238
1350,713,238
990,714,238
1081,715,239
1246,716,239
785,717,239
680,718,240
1079,719,240
1078,720,240
990,721,241
1193,722,241
135,723,241
129,724,242
1367,725,242
1159,726,242
671,727,243
1155,728,243
967,729,243
384,730,244
921,731,244
318,732,244
94,733,245
901,734,245
93,735,245
848,736,246
1409,737,246
847,738,246
977,739,247
1279,740,247
976,741,247
549,742,248
897,743,248
552,744,248
272,745,249
1317,746,249
834,747,249
166,748,250
1081,749,250
785,750,250
1096,751,251
1201,752,251
142,753,251
293,754,252
843,755,252
841,756,252
683,757,253
1216,758,253
942,759,253
134,760,254
1246,761,254
1081,762,254
870,763,255
902,764,255
181,765,255
528,766,256
940,767,256
852,768,256
860,769,257
1374,770,257
1104,771,257
777,772,258
1374,773,258
860,774,258
102,775,259
793,776,259
786,777,259
135,778,260
1254,779,260
990,780,260
1279,781,261
1379,782,261
976,783,261
441,784,262
866,785,262
865,786,262
230,787,263
809,788,263
790,789,263
468,790,264
914,791,264
706,792,264
1139,793,265
1299,794,265
994,795,265
833,796,266
914,797,266
466,798,266
1171,799,267
1282,800,267
731,801,267
112,802,268
1248,803,268
760,804,268
717,805,269
921,806,269
384,807,269
99,808,270
900,809,270
899,810,270
825,811,271
828,812,271
826,813,271
785,814,272
1224,815,272
166,816,272
524,817,273
1213,818,273
937,819,273
214,820,274
868,821,274
188,822,274
524,823,275
937,824,275
612,825,275
792,826,276
1231,827,276
113,828,276
257,829,277
875,830,277
262,831,277
809,832,278
810,833,278
790,834,278
584,835,279
1372,836,279
1186,837,279
937,838,280
1123,839,280
612,840,280
867,841,281
1333,842,281
1271,843,281
441,844,282
865,845,282
806,846,282
577,847,283
1167,848,283
1099,849,283
1013,850,284
1315,851,284
570,852,284
756,853,285
1303,854,285
757,855,285
822,856,286
824,857,286
823,858,286
1199,859,287
1255,860,287
864,861,287
834,862,288
1317,863,288
914,864,288
320,865,289
1178,866,289
319,867,289
241,868,290
876,869,290
280,870,290
1177,871,291
1224,872,291
676,873,291
827,874,292
831,875,292
229,876,292
1271,877,293
1333,878,293
863,879,293
204,880,294
885,881,294
273,882,294
844,883,295
848,884,295
845,885,295
940,886,296
1359,887,296
982,888,296
603,889,297
992,890,297
909,891,297
249,892,298
872,893,298
621,894,298
99,895,299
899,896,299
898,897,299
247,898,300
882,899,300
756,900,300
189,901,301
839,902,301
837,903,301
262,904,302
875,905,302
502,906,302
296,907,303
884,908,303
660,909,303
182,910,304
824,911,304
821,912,304
238,913,305
834,914,305
832,915,305
760,916,306
1348,917,306
112,918,306
414,919,307
879,920,307
829,921,307
797,922,308
1272,923,308
1227,924,308
1114,925,309
1357,926,309
723,927,309
762,928,310
897,929,310
548,930,310
852,931,311
1378,932,311
528,933,311
850,934,312
852,935,312
851,936,312
259,937,313
924,938,313
880,939,313
274,940,314
822,941,314
343,942,314
444,943,315
1122,944,315
673,945,315
772,946,316
860,947,316
775,948,316
639,949,317
1172,950,317
1045,951,317
835,952,318
886,953,318
397,954,318
720,955,319
1329,956,319
1119,957,319
920,958,320
1312,959,320
160,960,320
982,961,321
1371,962,321
940,963,321
923,964,322
1154,965,322
751,966,322
370,967,323
1122,968,323
444,969,323
716,970,324
1247,971,324
925,972,324
254,973,325
798,974,325
253,975,325
802,976,326
976,977,326
144,978,326
1013,979,327
1318,980,327
1012,981,327
763,982,328
764,983,328
762,984,328
153,985,329
1047,986,329
1046,987,329
1161,988,330
1263,989,330
710,990,330
845,991,331
847,992,331
846,993,331
932,994,332
933,995,332
842,996,332
193,997,333
895,998,333
277,999,333
1181,1000,334
1196,1001,334
1034,1002,334
794,1003,335
1179,1004,335
168,1005,335
673,1006,336
1152,1007,336
674,1008,336
1141,1009,337
1207,1010,337
1142,1011,337
1114,1012,338
1215,1013,338
159,1014,338
1263,1015,339
1281,1016,339
710,1017,339
683,1018,340
942,1019,340
791,1020,340
258,1021,341
798,1022,341
254,1023,341
214,1024,342
1199,1025,342
868,1026,342
280,1027,343
876,1028,343
752,1029,343
358,1030,344
833,1031,344
466,1032,344
1139,1033,345
1315,1034,345
1011,1035,345
1295,1036,346
1296,1037,346
596,1038,346
787,1039,347
1294,1040,347
158,1041,347
1228,1042,348
1400,1043,348
608,1044,348
890,1045,349
1372,1046,349
584,1047,349
273,1048,350
885,1049,350
754,1050,350
1053,1051,351
1273,1052,351
605,1053,351
435,1054,352
1154,1055,352
923,1056,352
963,1057,353
1287,1058,353
1221,1059,353
93,1060,354
901,1061,354
99,1062,354
1078,1063,355
1080,1064,355
680,1065,355
992,1066,356
1312,1067,356
920,1068,356
981,1069,357
1178,1070,357
320,1071,357
397,1072,358
886,1073,358
345,1074,358
917,1075,359
1257,1076,359
849,1077,359
578,1078,360
1321,1079,360
1075,1080,360
879,1081,361
880,1082,361
829,1083,361
872,1084,362
873,1085,362
621,1086,362
702,1087,363
992,1088,363
601,1089,363
653,1090,364
1228,1091,364
608,1092,364
822,1093,365
823,1094,365
343,1095,365
138,1096,366
1225,1097,366
1068,1098,366
684,1099,367
1270,1100,367
1120,1101,367
543,1102,368
1004,1103,368
927,1104,368
874,1105,369
875,1106,369
255,1107,369
825,1108,370
826,1109,370
229,1110,370
252,1111,371
874,1112,371
255,1113,371
224,1114,372
825,1115,372
229,1116,372
223,1117,373
809,1118,373
230,1119,373
246,1120,374
872,1121,374
249,1122,374
402,1123,375
1297,1124,375
830,1125,375
206,1126,376
885,1127,376
204,1128,376
242,1129,377
876,1130,377
241,1131,377
199,1132,378
884,1133,378
296,1134,378
320,1135,379
1289,1136,379
981,1137,379
821,1138,380
822,1139,380
269,1140,380
954,1141,381
1113,1142,381
321,1143,381
622,1144,382
888,1145,382
887,1146,382
622,1147,383
887,1148,383
201,1149,383
285,1150,384
891,1151,384
203,1152,384
348,1153,385
968,1154,385
443,1155,385
243,1156,386
832,1157,386
356,1158,386
187,1159,387
821,1160,387
269,1161,387
832,1162,388
833,1163,388
356,1164,388
228,1165,389
879,1166,389
414,1167,389
878,1168,390
1337,1169,390
944,1170,390
248,1171,391
882,1172,391
247,1173,391
769,1174,392
860,1175,392
772,1176,392
944,1177,393
1335,1178,393
878,1179,393
355,1180,394
1216,1181,394
1148,1182,394
293,1183,395
841,1184,395
207,1185,395
864,1186,396
1333,1187,396
868,1188,396
185,1189,397
837,1190,397
708,1191,397
830,1192,398
1331,1193,398
402,1194,398
837,1195,399
838,1196,399
708,1197,399
844,1198,400
845,1199,400
515,1200,400
862,1201,401
863,1202,401
511,1203,401
1088,1204,402
1089,1205,402
857,1206,402
605,1207,403
1397,1208,403
1053,1209,403
1092,1210,404
1252,1211,404
1190,1212,404
854,1213,405
984,1214,405
471,1215,405
211,1216,406
844,1217,406
515,1218,406
1159,1219,407
1265,1220,407
129,1221,407
443,1222,408
968,1223,408
670,1224,408
831,1225,409
852,1226,409
850,1227,409
651,1228,410
1196,1229,410
1181,1230,410
918,1231,411
1152,1232,411
673,1233,411
231,1234,412
859,1235,412
263,1236,412
194,1237,413
895,1238,413
193,1239,413
1105,1240,414
1318,1241,414
1013,1242,414
831,1243,415
850,1244,415
220,1245,415
255,1246,416
875,1247,416
257,1248,416
327,1249,417
812,1250,417
811,1251,417
651,1252,418
1202,1253,418
650,1254,418
930,1255,419
1319,1256,419
709,1257,419
448,1258,420
891,1259,420
759,1260,420
811,1261,421
814,1262,421
810,1263,421
546,1264,422
881,1265,422
761,1266,422
1181,1267,423
1202,1268,423
651,1269,423
830,1270,424
1297,1271,424
827,1272,424
253,1273,425
798,1274,425
303,1275,425
672,1276,426
1251,1277,426
815,1278,426
928,1279,427
1192,1280,427
290,1281,427
431,1282,428
950,1283,428
429,1284,428
155,1285,429
1316,1286,429
1191,1287,429
482,1288,430
983,1289,430
697,1290,430
261,1291,431
861,1292,431
260,1293,431
376,1294,432
941,1295,432
527,1296,432
269,1297,433
822,1298,433
274,1299,433
1142,1300,434
1210,1301,434
175,1302,434
586,1303,435
913,1304,435
308,1305,435
1039,1306,436
1367,1307,436
129,1308,436
818,1309,437
819,1310,437
161,1311,437
1258,1312,438
1307,1313,438
1083,1314,438
738,1315,439
1408,1316,439
875,1317,439
622,1318,440
889,1319,440
888,1320,440
318,1321,441
921,1322,441
287,1323,441
1004,1324,442
1005,1325,442
927,1326,442
931,1327,443
1057,1328,443
164,1329,443
538,1330,444
1169,1331,444
936,1332,444
462,1333,445
950,1334,445
431,1335,445
829,1336,446
1169,1337,446
828,1338,446
188,1339,447
868,1340,447
190,1341,447
344,1342,448
941,1343,448
376,1344,448
99,1345,449
898,1346,449
92,1347,449
356,1348,450
833,1349,450
358,1350,450
814,1351,451
1234,1352,451
938,1353,451
826,1354,452
1260,1355,452
830,1356,452
334,1357,453
881,1358,453
546,1359,453
92,1360,454
898,1361,454
91,1362,454
572,1363,455
1304,1364,455
1303,1365,455
579,1366,456
1118,1367,456
396,1368,456
88,1369,457
902,1370,457
103,1371,457
985,1372,458
987,1373,458
986,1374,458
126,1375,459
911,1376,459
910,1377,459
125,1378,460
1029,1379,460
816,1380,460
1296,1381,461
1412,1382,461
1173,1383,461
308,1384,462
913,1385,462
304,1386,462
471,1387,463
985,1388,463
854,1389,463
1023,1390,464
1277,1391,464
1024,1392,464
783,1393,465
1324,1394,465
1298,1395,465
796,1396,466
1216,1397,466
355,1398,466
212,1399,467
1290,1400,467
812,1401,467
1173,1402,468
1412,1403,468
817,1404,468
673,1405,469
1122,1406,469
918,1407,469
1024,1408,470
1353,1409,470
1023,1410,470
267,1411,471
903,1412,471
291,1413,471
661,1414,472
912,1415,472
906,1416,472
805,1417,473
1349,1418,473
494,1419,473
471,1420,474
984,1421,474
467,1422,474
743,1423,475
1224,1424,475
1177,1425,475
761,1426,476
881,1427,476
798,1428,476
701,1429,477
1007,1430,477
505,1431,477
1018,1432,478
1244,1433,478
122,1434,478
1150,1435,479
1182,1436,479
926,1437,479
628,1438,480
929,1439,480
476,1440,480
525,1441,481
988,1442,481
986,1443,481
324,1444,482
955,1445,482
843,1446,482
598,1447,483
1389,1448,483
905,1449,483
281,1450,484
924,1451,484
259,1452,484
1154,1453,485
1307,1454,485
1258,1455,485
1191,1456,486
1376,1457,486
155,1458,486
986,1459,487
987,1460,487
525,1461,487
467,1462,488
984,1463,488
360,1464,488
538,1465,489
936,1466,489
353,1467,489
819,1468,490
1296,1469,490
1295,1470,490
1101,1471,491
1309,1472,491
1072,1473,491
1125,1474,492
1381,1475,492
1072,1476,492
275,1477,493
954,1478,493
321,1479,493
909,1480,494
992,1481,494
920,1482,494
1186,1483,495
1213,1484,495
584,1485,495
784,1486,496
1324,1487,496
783,1488,496
643,1489,497
1158,1490,497
1016,1491,497
753,1492,498
904,1493,498
282,1494,498
670,1495,499
1272,1496,499
797,1497,499
852,1498,500
940,1499,500
851,1500,500
925,1501,501
1247,1502,501
805,1503,501
168,1504,502
1396,1505,502
794,1506,502
144,1507,503
1232,1508,503
800,1509,503
181,1510,504
902,1511,504
179,1512,504
886,1513,505
1113,1514,505
954,1515,505
190,1516,506
868,1517,506
867,1518,506
176,1519,507
1208,1520,507
1012,1521,507
59,1522,508
1080,1523,508
60,1524,508
307,1525,509
995,1526,509
314,1527,509
911,1528,510
1383,1529,510
165,1530,510
900,1531,511
1164,1532,511
899,1533,511
471,1534,512
987,1535,512
985,1536,512
572,1537,513
948,1538,513
439,1539,513
323,1540,514
926,1541,514
338,1542,514
860,1543,515
1104,1544,515
775,1545,515
230,1546,516
789,1547,516
733,1548,516
505,1549,517
1007,1550,517
390,1551,517
855,1552,518
985,1553,518
858,1554,518
389,1555,519
983,1556,519
482,1557,519
693,1558,520
1157,1559,520
979,1560,520
138,1561,521
1329,1562,521
1225,1563,521
543,1564,522
934,1565,522
665,1566,522
494,1567,523
925,1568,523
805,1569,523
922,1570,524
1388,1571,524
666,1572,524
353,1573,525
936,1574,525
301,1575,525
796,1576,526
1073,1577,526
642,1578,526
929,1579,527
1192,1580,527
928,1581,527
388,1582,528
1004,1583,528
543,1584,528
99,1585,529
901,1586,529
900,1587,529
1109,1588,530
1293,1589,530
699,1590,530
1283,1591,531
1298,1592,531
741,1593,531
1105,1594,532
1355,1595,532
1318,1596,532
905,1597,533
1389,1598,533
906,1599,533
1297,1600,534
1378,1601,534
827,1602,534
530,1603,535
1127,1604,535
655,1605,535
475,1606,536
1130,1607,536
639,1608,536
1109,1609,537
1311,1610,537
1293,1611,537
476,1612,538
929,1613,538
401,1614,538
263,1615,539
890,1616,539
705,1617,539
374,1618,540
1000,1619,540
434,1620,540
1000,1621,541
1163,1622,541
434,1623,541
521,1624,542
997,1625,542
583,1626,542
956,1627,543
957,1628,543
409,1629,543
584,1630,544
1213,1631,544
523,1632,544
568,1633,545
970,1634,545
969,1635,545
250,1636,546
874,1637,546
252,1638,546
311,1639,547
1278,1640,547
840,1641,547
89,1642,548
902,1643,548
88,1644,548
632,1645,549
996,1646,549
634,1647,549
244,1648,550
872,1649,550
246,1650,550
767,1651,551
860,1652,551
769,1653,551
226,1654,552
825,1655,552
224,1656,552
331,1657,553
1117,1658,553
329,1659,553
403,1660,554
1001,1661,554
405,1662,554
240,1663,555
832,1664,555
243,1665,555
221,1666,556
809,1667,556
223,1668,556
183,1669,557
870,1670,557
181,1671,557
763,1672,558
765,1673,558
764,1674,558
201,1675,559
887,1676,559
202,1677,559
464,1678,560
1156,1679,560
577,1680,560
190,1681,561
867,1682,561
192,1683,561
209,1684,562
885,1685,562
206,1686,562
854,1687,563
985,1688,563
855,1689,563
1257,1690,564
1288,1691,564
849,1692,564
728,1693,565
870,1694,565
387,1695,565
229,1696,566
831,1697,566
222,1698,566
439,1699,567
948,1700,567
371,1701,567
203,1702,568
891,1703,568
200,1704,568
207,1705,569
841,1706,569
208,1707,569
196,1708,570
884,1709,570
199,1710,570
230,1711,571
733,1712,571
225,1713,571
205,1714,572
887,1715,572
292,1716,572
186,1717,573
837,1718,573
185,1719,573
232,1720,574
879,1721,574
228,1722,574
245,1723,575
876,1724,575
242,1725,575
764,1726,576
897,1727,576
762,1728,576
198,1729,577
891,1730,577
448,1731,577
227,1732,578
859,1733,578
231,1734,578
251,1735,579
882,1736,579
248,1737,579
184,1738,580
821,1739,580
187,1740,580
396,1741,581
1118,1742,581
1117,1743,581
738,1744,582
874,1745,582
342,1746,582
927,1747,583
1005,1748,583
588,1749,583
823,1750,584
1164,1751,584
941,1752,584
1108,1753,585
1126,1754,585
613,1755,585
197,1756,586
895,1757,586
194,1758,586
215,1759,587
844,1760,587
211,1761,587
1260,1762,588
1331,1763,588
830,1764,588
668,1765,589
1163,1766,589
1000,1767,589
984,1768,590
1102,1769,590
360,1770,590
140,1771,591
1080,1772,591
59,1773,591
220,1774,592
850,1775,592
218,1776,592
776,1777,593
1017,1778,593
774,1779,593
840,1780,594
1380,1781,594
311,1782,594
941,1783,595
1164,1784,595
527,1785,595
821,1786,596
824,1787,596
822,1788,596
1002,1789,597
1125,1790,597
459,1791,597
686,1792,598
947,1793,598
465,1794,598
386,1795,599
1116,1796,599
678,1797,599
265,1798,600
861,1799,600
261,1800,600
106,1801,601
1402,1802,601
1395,1803,601
312,1804,602
1116,1805,602
386,1806,602
906,1807,603
912,1808,603
299,1809,603
826,1810,604
827,1811,604
229,1812,604
399,1813,605
956,1814,605
409,1815,605
775,1816,606
1104,1817,606
780,1818,606
568,1819,607
969,1820,607
557,1821,607
263,1822,608
705,1823,608
235,1824,608
985,1825,609
986,1826,609
858,1827,609
1072,1828,610
1309,1829,610
1125,1830,610
863,1831,611
864,1832,611
511,1833,611
1045,1834,612
1377,1835,612
730,1836,612
997,1837,613
1110,1838,613
583,1839,613
832,1840,614
834,1841,614
833,1842,614
424,1843,615
965,1844,615
433,1845,615
642,1846,616
1073,1847,616
581,1848,616
484,1849,617
1153,1850,617
707,1851,617
824,1852,618
1334,1853,618
823,1854,618
799,1855,619
950,1856,619
590,1857,619
263,1858,620
1228,1859,620
890,1860,620
304,1861,621
913,1862,621
302,1863,621
939,1864,622
1388,1865,622
922,1866,622
812,1867,623
813,1868,623
811,1869,623
837,1870,624
839,1871,624
838,1872,624
396,1873,625
1117,1874,625
331,1875,625
179,1876,626
902,1877,626
89,1878,626
693,1879,627
979,1880,627
485,1881,627
473,1882,628
997,1883,628
521,1884,628
975,1885,629
993,1886,629
971,1887,629
962,1888,630
1125,1889,630
1002,1890,630
507,1891,631
1263,1892,631
1161,1893,631
932,1894,632
955,1895,632
419,1896,632
423,1897,633
938,1898,633
514,1899,633
360,1900,634
1102,1901,634
359,1902,634
407,1903,635
1002,1904,635
459,1905,635
284,1906,636
924,1907,636
281,1908,636
91,1909,637
898,1910,637
105,1911,637
911,1912,638
998,1913,638
910,1914,638
788,1915,639
1118,1916,639
579,1917,639
886,1918,640
954,1919,640
345,1920,640
299,1921,641
912,1922,641
297,1923,641
409,1924,642
1001,1925,642
403,1926,642
1142,1927,643
1207,1928,643
715,1929,643
829,1930,644
1392,1931,644
1169,1932,644
956,1933,645
1129,1934,645
957,1935,645
685,1936,646
1128,1937,646
625,1938,646
950,1939,647
1136,1940,647
429,1941,647
635,1942,648
996,1943,648
632,1944,648
119,1945,649
1189,1946,649
1084,1947,649
400,1948,650
1130,1949,650
475,1950,650
1100,1951,651
1101,1952,651
713,1953,651
709,1954,652
1319,1955,652
729,1956,652
654,1957,653
1041,1958,653
1040,1959,653
491,1960,654
1127,1961,654
530,1962,654
305,1963,655
881,1964,655
334,1965,655
282,1966,656
904,1967,656
283,1968,656
568,1969,657
975,1970,657
971,1971,657
709,1972,658
1305,1973,658
930,1974,658
786,1975,659
1417,1976,659
102,1977,659
123,1978,660
1373,1979,660
1016,1980,660
90,1981,661
179,1982,661
89,1983,661
628,1984,662
1028,1985,662
929,1986,662
89,1987,663
946,1988,663
945,1989,663
648,1990,664
1314,1991,664
1200,1992,664
588,1993,665
1005,1994,665
550,1995,665
104,1996,666
946,1997,666
88,1998,666
90,1999,667
945,2000,667
106,2001,667
258,2002,668
1330,2003,668
763,2004,668
957,2005,669
1129,2006,669
960,2007,669
905,2008,670
1323,2009,670
598,2010,670
230,2011,671
790,2012,671
789,2013,671
461,2014,672
1156,2015,672
464,2016,672
291,2017,673
968,2018,673
348,2019,673
1116,2020,674
1117,2021,674
678,2022,674
514,2023,675
1234,2024,675
933,2025,675
621,2026,676
892,2027,676
737,2028,676
417,2029,677
1107,2030,677
610,2031,677
234,2032,678
916,2033,678
217,2034,678
264,2035,679
903,2036,679
267,2037,679
77,2038,680
147,2039,680
78,2040,680
3,2041,681
148,2042,681
4,2043,681
78,2044,682
145,2045,682
77,2046,682
4,2047,683
146,2048,683
3,2049,683
765,2050,684
766,2051,684
764,2052,684
957,2053,685
958,2054,685
409,2055,685
901,2056,686
922,2057,686
900,2058,686
558,2059,687
949,2060,687
556,2061,687
529,2062,688
1353,2063,688
1024,2064,688
329,2065,689
1117,2066,689
1116,2067,689
983,2068,690
1173,2069,690
697,2070,690
568,2071,691
971,2072,691
970,2073,691
382,2074,692
930,2075,692
513,2076,692
148,2077,693
1015,2078,693
4,2079,693
81,2080,694
1141,2081,694
175,2082,694
613,2083,695
1126,2084,695
474,2085,695
565,2086,696
951,2087,696
649,2088,696
76,2089,697
1253,2090,697
869,2091,697
421,2092,698
932,2093,698
419,2094,698
559,2095,699
949,2096,699
563,2097,699
378,2098,700
1006,2099,700
394,2100,700
4,2101,701
1009,2102,701
146,2103,701
425,2104,702
938,2105,702
423,2106,702
658,2107,703
1106,2108,703
451,2109,703
826,2110,704
830,2111,704
827,2112,704
401,2113,705
929,2114,705
928,2115,705
233,2116,706
916,2117,706
849,2118,706
951,2119,707
952,2120,707
649,2121,707
884,2122,708
1413,2123,708
660,2124,708
343,2125,709
941,2126,709
344,2127,709
538,2128,710
1260,2129,710
1169,2130,710
60,2131,711
1080,2132,711
1078,2133,711
394,2134,712
1006,2135,712
604,2136,712
488,2137,713
1100,2138,713
713,2139,713
846,2140,714
1327,2141,714
754,2142,714
5,2143,715
1009,2144,715
4,2145,715
561,2146,716
951,2147,716
565,2148,716
477,2149,717
1153,2150,717
484,2151,717
1075,2152,718
1321,2153,718
739,2154,718
74,2155,719
121,2156,719
75,2157,719
6,2158,720
123,2159,720
7,2160,720
7,2161,721
122,2162,721
6,2163,721
75,2164,722
120,2165,722
74,2166,722
888,2167,723
1340,2168,723
335,2169,723
336,2170,724
1150,2171,724
926,2172,724
326,2173,725
955,2174,725
324,2175,725
449,2176,726
1124,2177,726
350,2178,726
654,2179,727
1040,2180,727
531,2181,727
839,2182,728
840,2183,728
838,2184,728
1010,2185,729
1012,2186,729
146,2187,729
765,2188,730
767,2189,730
766,2190,730
1107,2191,731
1162,2192,731
610,2193,731
73,2194,732
149,2195,732
72,2196,732
9,2197,733
150,2198,733
8,2199,733
8,2200,734
152,2201,734
9,2202,734
72,2203,735
151,2204,735
73,2205,735
551,2206,736
1036,2207,736
564,2208,736
500,2209,737
1131,2210,737
676,2211,737
600,2212,738
1133,2213,738
703,2214,738
790,2215,739
799,2216,739
789,2217,739
721,2218,740
1163,2219,740
668,2220,740
770,2221,741
877,2222,741
778,2223,741
729,2224,742
758,2225,742
728,2226,742
376,2227,743
527,2228,743
447,2229,743
517,2230,744
666,2231,744
582,2232,744
672,2233,745
815,2234,745
740,2235,745
901,2236,746
939,2237,746
922,2238,746
383,2239,747
411,2240,747
382,2241,747
597,2242,748
712,2243,748
671,2244,748
666,2245,749
1171,2246,749
582,2247,749
637,2248,750
672,2249,750
638,2250,750
412,2251,751
967,2252,751
411,2253,751
633,2254,752
635,2255,752
632,2256,752
314,2257,753
1122,2258,753
370,2259,753
769,2260,754
771,2261,754
770,2262,754
268,2263,755
317,2264,755
265,2265,755
636,2266,756
637,2267,756
635,2268,756
767,2269,757
769,2270,757
768,2271,757
1010,2272,758
1013,2273,758
1012,2274,758
767,2275,759
768,2276,759
766,2277,759
709,2278,760
728,2279,760
387,2280,760
649,2281,761
689,2282,761
569,2283,761
381,2284,762
382,2285,762
380,2286,762
771,2287,763
779,2288,763
770,2289,763
957,2290,764
959,2291,764
958,2292,764
958,2293,765
1001,2294,765
409,2295,765
571,2296,766
994,2297,766
993,2298,766
769,2299,767
770,2300,767
768,2301,767
454,2302,768
597,2303,768
453,2304,768
387,2305,769
870,2306,769
183,2307,769
453,2308,770
967,2309,770
412,2310,770
916,2311,771
1262,2312,771
688,2313,771
563,2314,772
951,2315,772
561,2316,772
381,2317,773
383,2318,773
382,2319,773
418,2320,774
453,2321,774
412,2322,774
565,2323,775
649,2324,775
569,2325,775
631,2326,776
632,2327,776
630,2328,776
383,2329,777
412,2330,777
411,2331,777
629,2332,778
630,2333,778
628,2334,778
782,2335,779
1017,2336,779
776,2337,779
493,2338,780
1157,2339,780
496,2340,780
556,2341,781
559,2342,781
557,2343,781
301,2344,782
936,2345,782
298,2346,782
632,2347,783
634,2348,783
630,2349,783
559,2350,784
563,2351,784
561,2352,784
597,2353,785
671,2354,785
453,2355,785
672,2356,786
740,2357,786
638,2358,786
637,2359,787
638,2360,787
635,2361,787
772,2362,788
773,2363,788
771,2364,788
10,2365,789
109,2366,789
11,2367,789
70,2368,790
110,2369,790
71,2370,790
11,2371,791
107,2372,791
10,2373,791
71,2374,792
108,2375,792
70,2376,792
663,2377,793
886,2378,793
835,2379,793
627,2380,794
628,2381,794
476,2382,794
565,2383,795
569,2384,795
566,2385,795
552,2386,796
554,2387,796
553,2388,796
13,2389,797
156,2390,797
12,2391,797
69,2392,798
157,2393,798
68,2394,798
777,2395,799
860,2396,799
767,2397,799
395,2398,800
866,2399,800
393,2400,800
374,2401,801
381,2402,801
380,2403,801
633,2404,802
636,2405,802
635,2406,802
556,2407,803
949,2408,803
559,2409,803
561,2410,804
565,2411,804
562,2412,804
374,2413,805
380,2414,805
313,2415,805
15,2416,806
128,2417,806
14,2418,806
67,2419,807
129,2420,807
66,2421,807
582,2422,808
731,2423,808
722,2424,808
761,2425,809
762,2426,809
548,2427,809
376,2428,810
447,2429,810
446,2430,810
274,2431,811
343,2432,811
316,2433,811
257,2434,812
260,2435,812
256,2436,812
636,2437,813
640,2438,813
637,2439,813
359,2440,814
1102,2441,814
362,2442,814
447,2443,815
517,2444,815
516,2445,815
631,2446,816
633,2447,816
632,2448,816
517,2449,817
582,2450,817
518,2451,817
17,2452,818
155,2453,818
16,2454,818
65,2455,819
158,2456,819
64,2457,819
347,2458,820
1006,2459,820
378,2460,820
252,2461,821
254,2462,821
253,2463,821
554,2464,822
556,2465,822
555,2466,822
246,2467,823
248,2468,823
247,2469,823
123,2470,824
1027,2471,824
1026,2472,824
559,2473,825
561,2474,825
560,2475,825
418,2476,826
454,2477,826
453,2478,826
709,2479,827
729,2480,827
728,2481,827
454,2482,828
646,2483,828
597,2484,828
567,2485,829
1176,2486,829
1037,2487,829
31,2488,830
114,2489,830
30,2490,830
27,2491,831
136,2492,831
26,2493,831
29,2494,832
160,2495,832
28,2496,832
22,2497,833
159,2498,833
21,2499,833
19,2500,834
124,2501,834
18,2502,834
24,2503,835
117,2504,835
23,2505,835
63,2506,836
125,2507,836
62,2508,836
61,2509,837
161,2510,837
60,2511,837
411,2512,838
930,2513,838
382,2514,838
58,2515,839
118,2516,839
57,2517,839
55,2518,840
138,2519,840
54,2520,840
34,2521,841
137,2522,841
33,2523,841
554,2524,842
558,2525,842
556,2526,842
52,2527,843
115,2528,843
51,2529,843
244,2530,844
246,2531,844
245,2532,844
36,2533,845
162,2534,845
35,2535,845
50,2536,846
163,2537,846
49,2538,846
38,2539,847
116,2540,847
37,2541,847
765,2542,848
777,2543,848
767,2544,848
267,2545,849
268,2546,849
265,2547,849
250,2548,850
252,2549,850
251,2550,850
48,2551,851
133,2552,851
47,2553,851
548,2554,852
549,2555,852
547,2556,852
344,2557,853
376,2558,853
375,2559,853
317,2560,854
861,2561,854
265,2562,854
41,2563,855
139,2564,855
40,2565,855
255,2566,856
256,2567,856
254,2568,856
46,2569,857
164,2570,857
45,2571,857
571,2572,858
993,2573,858
975,2574,858
629,2575,859
631,2576,859
630,2577,859
44,2578,860
111,2579,860
43,2580,860
243,2581,861
244,2582,861
242,2583,861
627,2584,862
629,2585,862
628,2586,862
249,2587,863
250,2588,863
248,2589,863
289,2590,864
290,2591,864
268,2592,864
546,2593,865
548,2594,865
547,2595,865
507,2596,866
716,2597,866
498,2598,866
769,2599,867
772,2600,867
771,2601,867
382,2602,868
513,2603,868
380,2604,868
12,2605,869
154,2606,869
13,2607,869
68,2608,870
153,2609,870
69,2610,870
507,2611,871
797,2612,871
716,2613,871
556,2614,872
557,2615,872
555,2616,872
663,2617,873
835,2618,873
664,2619,873
240,2620,874
242,2621,874
241,2622,874
546,2623,875
761,2624,875
548,2625,875
343,2626,876
344,2627,876
316,2628,876
740,2629,877
786,2630,877
741,2631,877
549,2632,878
552,2633,878
551,2634,878
264,2635,879
265,2636,879
261,2637,879
554,2638,880
555,2639,880
553,2640,880
244,2641,881
245,2642,881
242,2643,881
552,2644,882
553,2645,882
551,2646,882
493,2647,883
494,2648,883
492,2649,883
334,2650,884
546,2651,884
340,2652,884
312,2653,885
313,2654,885
311,2655,885
306,2656,886
872,2657,886
244,2658,886
250,2659,887
251,2660,887
248,2661,887
342,2662,888
874,2663,888
250,2664,888
391,2665,889
663,2666,889
506,2667,889
256,2668,890
258,2669,890
254,2670,890
565,2671,891
566,2672,891
562,2673,891
553,2674,892
1036,2675,892
551,2676,892
252,2677,893
255,2678,893
254,2679,893
246,2680,894
249,2681,894
248,2682,894
246,2683,895
247,2684,895
245,2685,895
373,2686,896
374,2687,896
313,2688,896
1132,2689,897
1157,2690,897
693,2691,897
436,2692,898
1003,2693,898
648,2694,898
625,2695,899
1124,2696,899
449,2697,899
559,2698,900
560,2699,900
557,2700,900
546,2701,901
547,2702,901
340,2703,901
337,2704,902
510,2705,902
367,2706,902
772,2707,903
774,2708,903
773,2709,903
123,2710,904
1026,2711,904
7,2712,904
74,2713,905
1020,2714,905
121,2715,905
120,2716,906
1019,2717,906
74,2718,906
569,2719,907
570,2720,907
566,2721,907
499,2722,908
507,2723,908
498,2724,908
781,2725,909
782,2726,909
776,2727,909
365,2728,910
492,2729,910
363,2730,910
663,2731,911
1113,2732,911
886,2733,911
561,2734,912
562,2735,912
560,2736,912
240,2737,913
243,2738,913
242,2739,913
280,2740,914
752,2741,914
282,2742,914
957,2743,915
960,2744,915
959,2745,915
252,2746,916
253,2747,916
251,2748,916
959,2749,917
961,2750,917
958,2751,917
1009,2752,918
1010,2753,918
146,2754,918
497,2755,919
498,2756,919
495,2757,919
436,2758,920
648,2759,920
452,2760,920
296,2761,921
660,2762,921
659,2763,921
694,2764,922
1132,2765,922
693,2766,922
815,2767,923
1251,2768,923
94,2769,923
310,2770,924
311,2771,924
278,2772,924
660,2773,925
862,2774,925
806,2775,925
737,2776,926
738,2777,926
342,2778,926
592,2779,927
717,2780,927
384,2781,927
452,2782,928
820,2783,928
617,2784,928
493,2785,929
495,2786,929
494,2787,929
692,2788,930
693,2789,930
485,2790,930
750,2791,931
923,2792,931
751,2793,931
752,2794,932
753,2795,932
282,2796,932
644,2797,933
895,2798,933
197,2799,933
255,2800,934
257,2801,934
256,2802,934
241,2803,935
280,2804,935
259,2805,935
240,2806,936
241,2807,936
239,2808,936
971,2809,937
972,2810,937
970,2811,937
238,2812,938
832,2813,938
240,2814,938
365,2815,939
493,2816,939
492,2817,939
417,2818,940
418,2819,940
412,2820,940
14,2821,941
127,2822,941
15,2823,941
66,2824,942
126,2825,942
67,2826,942
257,2827,943
261,2828,943
260,2829,943
362,2830,944
363,2831,944
361,2832,944
243,2833,945
306,2834,945
244,2835,945
475,2836,946
476,2837,946
401,2838,946
515,2839,947
885,2840,947
209,2841,947
770,2842,948
778,2843,948
768,2844,948
514,2845,949
933,2846,949
932,2847,949
238,2848,950
240,2849,950
239,2850,950
549,2851,951
551,2852,951
550,2853,951
64,2854,952
165,2855,952
65,2856,952
479,2857,953
1145,2858,953
657,2859,953
514,2860,954
932,2861,954
421,2862,954
359,2863,955
361,2864,955
357,2865,955
903,2866,956
968,2867,956
291,2868,956
747,2869,957
750,2870,957
749,2871,957
419,2872,958
955,2873,958
326,2874,958
400,2875,959
401,2876,959
328,2877,959
305,2878,960
334,2879,960
333,2880,960
904,2881,961
905,2882,961
299,2883,961
280,2884,962
282,2885,962
281,2886,962
719,2887,963
796,2888,963
642,2889,963
335,2890,964
337,2891,964
336,2892,964
517,2893,965
518,2894,965
516,2895,965
509,2896,966
938,2897,966
425,2898,966
16,2899,967
167,2900,967
17,2901,967
582,2902,968
722,2903,968
518,2904,968
61,2905,969
113,2906,969
62,2907,969
297,2908,970
912,2909,970
300,2910,970
443,2911,971
670,2912,971
544,2913,971
580,2914,972
981,2915,972
980,2916,972
447,2917,973
516,2918,973
446,2919,973
283,2920,974
904,2921,974
299,2922,974
187,2923,975
269,2924,975
214,2925,975
249,2926,976
342,2927,976
250,2928,976
1022,2929,977
1023,2930,977
1021,2931,977
750,2932,978
751,2933,978
749,2934,978
376,2935,979
446,2936,979
375,2937,979
626,2938,980
627,2939,980
476,2940,980
580,2941,981
980,2942,981
536,2943,981
423,2944,982
514,2945,982
421,2946,982
486,2947,983
590,2948,983
462,2949,983
535,2950,984
536,2951,984
534,2952,984
663,2953,985
664,2954,985
506,2955,985
549,2956,986
550,2957,986
547,2958,986
692,2959,987
694,2960,987
693,2961,987
537,2962,988
580,2963,988
536,2964,988
533,2965,989
534,2966,989
532,2967,989
486,2968,990
608,2969,990
590,2970,990
536,2971,991
540,2972,991
534,2973,991
620,2974,992
803,2975,992
802,2976,992
634,2977,993
1028,2978,993
630,2979,993
961,2980,994
962,2981,994
958,2982,994
233,2983,995
844,2984,995
215,2985,995
835,2986,996
836,2987,996
664,2988,996
660,2989,997
806,2990,997
659,2991,997
392,2992,998
511,2993,998
377,2994,998
237,2995,999
879,2996,999
232,2997,999
594,2998,1000
1148,2999,1000
683,3000,1000
414,3001,1001
825,3002,1001
226,3003,1001
280,3004,1002
281,3005,1002
259,3006,1002
337,3007,1003
367,3008,1003
366,3009,1003
615,3010,1004
984,3011,1004
854,3012,1004
233,3013,1005
848,3014,1005
844,3015,1005
427,3016,1006
509,3017,1006
425,3018,1006
334,3019,1007
340,3020,1007
339,3021,1007
718,3022,1008
719,3023,1008
642,3024,1008
349,3025,1009
384,3026,1009
318,3027,1009
294,3028,1010
335,3029,1010
309,3030,1010
18,3031,1011
134,3032,1011
19,3033,1011
667,3034,1012
668,3035,1012
480,3036,1012
444,3037,1013
673,3038,1013
606,3039,1013
521,3040,1014
583,3041,1014
523,3042,1014
644,3043,1015
896,3044,1015
895,3045,1015
379,3046,1016
1102,3047,1016
615,3048,1016
533,3049,1017
535,3050,1017
534,3051,1017
385,3052,1018
592,3053,1018
384,3054,1018
497,3055,1019
499,3056,1019
498,3057,1019
461,3058,1020
462,3059,1020
431,3060,1020
641,3061,1021
642,3062,1021
581,3063,1021
20,3064,1022
166,3065,1022
21,3066,1022
58,3067,1023
140,3068,1023
59,3069,1023
503,3070,1024
688,3071,1024
687,3072,1024
463,3073,1025
486,3074,1025
462,3075,1025
414,3076,1026
828,3077,1026
825,3078,1026
351,3079,1027
661,3080,1027
450,3081,1027
611,3082,1028
686,3083,1028
465,3084,1028
491,3085,1029
503,3086,1029
490,3087,1029
583,3088,1030
584,3089,1030
523,3090,1030
531,3091,1031
532,3092,1031
504,3093,1031
56,3094,1032
168,3095,1032
57,3096,1032
405,3097,1033
406,3098,1033
404,3099,1033
407,3100,1034
408,3101,1034
406,3102,1034
489,3103,1035
490,3104,1035
458,3105,1035
503,3106,1036
687,3107,1036
490,3108,1036
564,3109,1037
1036,3110,1037
607,3111,1037
535,3112,1038
537,3113,1038
536,3114,1038
33,3115,1039
135,3116,1039
34,3117,1039
31,3118,1040
169,3119,1040
32,3120,1040
29,3121,1041
119,3122,1041
30,3123,1041
50,3124,1042
143,3125,1042
51,3126,1042
53,3127,1043
131,3128,1043
54,3129,1043
47,3130,1044
130,3131,1044
48,3132,1044
36,3133,1045
141,3134,1045
37,3135,1045
26,3136,1046
142,3137,1046
27,3138,1046
44,3139,1047
144,3140,1047
45,3141,1047
38,3142,1048
170,3143,1048
39,3144,1048
531,3145,1049
533,3146,1049
532,3147,1049
41,3148,1050
132,3149,1050
42,3150,1050
23,3151,1051
112,3152,1051
24,3153,1051
457,3154,1052
458,3155,1052
408,3156,1052
491,3157,1053
504,3158,1053
503,3159,1053
961,3160,1054
964,3161,1054
962,3162,1054
489,3163,1055
491,3164,1055
490,3165,1055
283,3166,1056
297,3167,1056
284,3168,1056
403,3169,1057
404,3170,1057
402,3171,1057
247,3172,1058
756,3173,1058
372,3174,1058
283,3175,1059
299,3176,1059
297,3177,1059
450,3178,1060
624,3179,1060
623,3180,1060
238,3181,1061
239,3182,1061
237,3183,1061
351,3184,1062
450,3185,1062
449,3186,1062
406,3187,1063
528,3188,1063
404,3189,1063
450,3190,1064
623,3191,1064
449,3192,1064
364,3193,1065
365,3194,1065
363,3195,1065
236,3196,1066
237,3197,1066
232,3198,1066
405,3199,1067
407,3200,1067
406,3201,1067
351,3202,1068
449,3203,1068
350,3204,1068
720,3205,1069
942,3206,1069
719,3207,1069
211,3208,1070
515,3209,1070
209,3210,1070
300,3211,1071
351,3212,1071
350,3213,1071
537,3214,1072
581,3215,1072
580,3216,1072
403,3217,1073
405,3218,1073
404,3219,1073
803,3220,1074
804,3221,1074
802,3222,1074
369,3223,1075
419,3224,1075
326,3225,1075
297,3226,1076
300,3227,1076
298,3228,1076
351,3229,1077
912,3230,1077
661,3231,1077
407,3232,1078
457,3233,1078
408,3234,1078
488,3235,1079
489,3236,1079
458,3237,1079
623,3238,1080
679,3239,1080
625,3240,1080
300,3241,1081
350,3242,1081
301,3243,1081
297,3244,1082
298,3245,1082
284,3246,1082
399,3247,1083
403,3248,1083
402,3249,1083
399,3250,1084
409,3251,1084
403,3252,1084
399,3253,1085
402,3254,1085
398,3255,1085
264,3256,1086
267,3257,1086
265,3258,1086
352,3259,1087
413,3260,1087
354,3261,1087
367,3262,1088
436,3263,1088
415,3264,1088
657,3265,1089
747,3266,1089
746,3267,1089
241,3268,1090
259,3269,1090
239,3270,1090
486,3271,1091
653,3272,1091
608,3273,1091
228,3274,1092
414,3275,1092
226,3276,1092
521,3277,1093
523,3278,1093
522,3279,1093
414,3280,1094
829,3281,1094
828,3282,1094
300,3283,1095
301,3284,1095
298,3285,1095
623,3286,1096
625,3287,1096
449,3288,1096
600,3289,1097
703,3290,1097
702,3291,1097
350,3292,1098
352,3293,1098
301,3294,1098
457,3295,1099
488,3296,1099
458,3297,1099
354,3298,1100
399,3299,1100
398,3300,1100
679,3301,1101
685,3302,1101
625,3303,1101
473,3304,1102
521,3305,1102
520,3306,1102
530,3307,1103
531,3308,1103
504,3309,1103
461,3310,1104
463,3311,1104
462,3312,1104
269,3313,1105
274,3314,1105
270,3315,1105
282,3316,1106
283,3317,1106
281,3318,1106
641,3319,1107
718,3320,1107
642,3321,1107
714,3322,1108
721,3323,1108
668,3324,1108
236,3325,1109
238,3326,1109
237,3327,1109
687,3328,1110
982,3329,1110
490,3330,1110
267,3331,1111
289,3332,1111
268,3333,1111
787,3334,1112
788,3335,1112
579,3336,1112
488,3337,1113
652,3338,1113
489,3339,1113
374,3340,1114
434,3341,1114
381,3342,1114
407,3343,1115
459,3344,1115
457,3345,1115
359,3346,1116
362,3347,1116
361,3348,1116
491,3349,1117
530,3350,1117
504,3351,1117
747,3352,1118
749,3353,1118
748,3354,1118
354,3355,1119
398,3356,1119
353,3357,1119
420,3358,1120
421,3359,1120
419,3360,1120
352,3361,1121
354,3362,1121
353,3363,1121
603,3364,1122
909,3365,1122
908,3366,1122
224,3367,1123
229,3368,1123
222,3369,1123
286,3370,1124
287,3371,1124
285,3372,1124
352,3373,1125
353,3374,1125
301,3375,1125
530,3376,1126
654,3377,1126
531,3378,1126
737,3379,1127
805,3380,1127
738,3381,1127
713,3382,1128
931,3383,1128
652,3384,1128
479,3385,1129
657,3386,1129
656,3387,1129
233,3388,1130
849,3389,1130
848,3390,1130
488,3391,1131
713,3392,1131
652,3393,1131
298,3394,1132
541,3395,1132
284,3396,1132
222,3397,1133
831,3398,1133
220,3399,1133
533,3400,1134
605,3401,1134
535,3402,1134
217,3403,1135
233,3404,1135
215,3405,1135
398,3406,1136
538,3407,1136
353,3408,1136
436,3409,1137
452,3410,1137
451,3411,1137
192,3412,1138
867,3413,1138
195,3414,1138
273,3415,1139
285,3416,1139
203,3417,1139
523,3418,1140
524,3419,1140
522,3420,1140
455,3421,1141
572,3422,1141
439,3423,1141
595,3424,1142
596,3425,1142
593,3426,1142
909,3427,1143
919,3428,1143
908,3429,1143
530,3430,1144
655,3431,1144
654,3432,1144
332,3433,1145
483,3434,1145
416,3435,1145
283,3436,1146
284,3437,1146
281,3438,1146
422,3439,1147
423,3440,1147
421,3441,1147
235,3442,1148
236,3443,1148
232,3444,1148
718,3445,1149
720,3446,1149
719,3447,1149
708,3448,1150
709,3449,1150
387,3450,1150
521,3451,1151
522,3452,1151
520,3453,1151
620,3454,1152
802,3455,1152
800,3456,1152
426,3457,1153
427,3458,1153
425,3459,1153
481,3460,1154
620,3461,1154
619,3462,1154
576,3463,1155
611,3464,1155
465,3465,1155
424,3466,1156
425,3467,1156
423,3468,1156
468,3469,1157
706,3470,1157
470,3471,1157
460,3472,1158
461,3473,1158
431,3474,1158
231,3475,1159
232,3476,1159
228,3477,1159
218,3478,1160
234,3479,1160
217,3480,1160
310,3481,1161
312,3482,1161
311,3483,1161
614,3484,1162
641,3485,1162
581,3486,1162
428,3487,1163
429,3488,1163
427,3489,1163
464,3490,1164
465,3491,1164
463,3492,1164
216,3493,1165
218,3494,1165
217,3495,1165
430,3496,1166
431,3497,1166
429,3498,1166
456,3499,1167
600,3500,1167
599,3501,1167
349,3502,1168
385,3503,1168
384,3504,1168
216,3505,1169
217,3506,1169
215,3507,1169
603,3508,1170
908,3509,1170
907,3510,1170
537,3511,1171
614,3512,1171
581,3513,1171
369,3514,1172
420,3515,1172
419,3516,1172
227,3517,1173
228,3518,1173
226,3519,1173
235,3520,1174
705,3521,1174
272,3522,1174
235,3523,1175
272,3524,1175
236,3525,1175
541,3526,1176
924,3527,1176
284,3528,1176
484,3529,1177
485,3530,1177
410,3531,1177
614,3532,1178
795,3533,1178
698,3534,1178
231,3535,1179
235,3536,1179
232,3537,1179
703,3538,1180
744,3539,1180
702,3540,1180
335,3541,1181
336,3542,1181
309,3543,1181
691,3544,1182
692,3545,1182
485,3546,1182
647,3547,1183
715,3548,1183
646,3549,1183
600,3550,1184
702,3551,1184
601,3552,1184
212,3553,1185
216,3554,1185
215,3555,1185
461,3556,1186
464,3557,1186
463,3558,1186
850,3559,1187
851,3560,1187
234,3561,1187
673,3562,1188
674,3563,1188
606,3564,1188
218,3565,1189
850,3566,1189
234,3567,1189
225,3568,1190
226,3569,1190
224,3570,1190
362,3571,1191
364,3572,1191
363,3573,1191
600,3574,1192
601,3575,1192
599,3576,1192
296,3577,1193
659,3578,1193
622,3579,1193
594,3580,1194
683,3581,1194
682,3582,1194
337,3583,1195
366,3584,1195
336,3585,1195
231,3586,1196
263,3587,1196
235,3588,1196
732,3589,1197
736,3590,1197
526,3591,1197
388,3592,1198
543,3593,1198
542,3594,1198
288,3595,1199
318,3596,1199
287,3597,1199
747,3598,1200
748,3599,1200
746,3600,1200
225,3601,1201
733,3602,1201
227,3603,1201
576,3604,1202
711,3605,1202
611,3606,1202
473,3607,1203
520,3608,1203
519,3609,1203
855,3610,1204
858,3611,1204
857,3612,1204
334,3613,1205
339,3614,1205
333,3615,1205
464,3616,1206
576,3617,1206
465,3618,1206
420,3619,1207
422,3620,1207
421,3621,1207
227,3622,1208
231,3623,1208
228,3624,1208
524,3625,1209
526,3626,1209
522,3627,1209
524,3628,1210
612,3629,1210
526,3630,1210
740,3631,1211
741,3632,1211
638,3633,1211
212,3634,1212
215,3635,1212
211,3636,1212
20,3637,1213
1063,3638,1213
19,3639,1213
216,3640,1214
219,3641,1214
218,3642,1214
426,3643,1215
428,3644,1215
427,3645,1215
199,3646,1216
296,3647,1216
201,3648,1216
223,3649,1217
224,3650,1217
222,3651,1217
424,3652,1218
426,3653,1218
425,3654,1218
620,3655,1219
800,3656,1219
619,3657,1219
464,3658,1220
577,3659,1220
576,3660,1220
428,3661,1221
430,3662,1221
429,3663,1221
312,3664,1222
373,3665,1222
313,3666,1222
430,3667,1223
460,3668,1223
431,3669,1223
385,3670,1224
593,3671,1224
592,3672,1224
470,3673,1225
473,3674,1225
472,3675,1225
422,3676,1226
424,3677,1226
423,3678,1226
223,3679,1227
230,3680,1227
225,3681,1227
219,3682,1228
327,3683,1228
221,3684,1228
225,3685,1229
227,3686,1229
226,3687,1229
733,3688,1230
859,3689,1230
227,3690,1230
603,3691,1231
907,3692,1231
602,3693,1231
469,3694,1232
471,3695,1232
467,3696,1232
273,3697,1233
286,3698,1233
285,3699,1233
221,3700,1234
222,3701,1234
220,3702,1234
800,3703,1235
801,3704,1235
619,3705,1235
601,3706,1236
602,3707,1236
599,3708,1236
219,3709,1237
220,3710,1237
218,3711,1237
657,3712,1238
746,3713,1238
656,3714,1238
781,3715,1239
783,3716,1239
782,3717,1239
438,3718,1240
439,3719,1240
371,3720,1240
208,3721,1241
841,3722,1241
213,3723,1241
430,3724,1242
481,3725,1242
460,3726,1242
223,3727,1243
225,3728,1243
224,3729,1243
614,3730,1244
698,3731,1244
641,3732,1244
519,3733,1245
525,3734,1245
472,3735,1245
368,3736,1246
369,3737,1246
326,3738,1246
612,3739,1247
732,3740,1247
526,3741,1247
319,3742,1248
349,3743,1248
318,3744,1248
208,3745,1249
209,3746,1249
206,3747,1249
356,3748,1250
357,3749,1250
306,3750,1250
481,3751,1251
619,3752,1251
618,3753,1251
481,3754,1252
618,3755,1252
460,3756,1252
520,3757,1253
681,3758,1253
519,3759,1253
601,3760,1254
603,3761,1254
602,3762,1254
615,3763,1255
854,3764,1255
616,3765,1255
841,3766,1256
843,3767,1256
842,3768,1256
325,3769,1257
326,3770,1257
324,3771,1257
473,3772,1258
519,3773,1258
472,3774,1258
221,3775,1259
223,3776,1259
222,3777,1259
456,3778,1260
599,3779,1260
598,3780,1260
587,3781,1261
613,3782,1261
474,3783,1261
210,3784,1262
212,3785,1262
211,3786,1262
286,3787,1263
288,3788,1263
287,3789,1263
424,3790,1264
433,3791,1264
426,3792,1264
1091,3793,1265
1092,3794,1265
1090,3795,1265
468,3796,1266
470,3797,1266
469,3798,1266
327,3799,1267
809,3800,1267
221,3801,1267
470,3802,1268
472,3803,1268
469,3804,1268
219,3805,1269
221,3806,1269
220,3807,1269
202,3808,1270
887,3809,1270
205,3810,1270
379,3811,1271
615,3812,1271
477,3813,1271
749,3814,1272
794,3815,1272
748,3816,1272
683,3817,1273
791,3818,1273
682,3819,1273
420,3820,1274
432,3821,1274
422,3822,1274
253,3823,1275
303,3824,1275
302,3825,1275
210,3826,1276
211,3827,1276
209,3828,1276
438,3829,1277
478,3830,1277
440,3831,1277
25,3832,1278
1060,3833,1278
24,3834,1278
452,3835,1279
617,3836,1279
545,3837,1279
496,3838,1280
497,3839,1280
495,3840,1280
319,3841,1281
355,3842,1281
349,3843,1281
323,3844,1282
324,3845,1282
295,3846,1282
288,3847,1283
319,3848,1283
318,3849,1283
742,3850,1284
743,3851,1284
694,3852,1284
370,3853,1285
444,3854,1285
437,3855,1285
367,3856,1286
415,3857,1286
366,3858,1286
959,3859,1287
963,3860,1287
961,3861,1287
723,3862,1288
724,3863,1288
573,3864,1288
483,3865,1289
807,3866,1289
416,3867,1289
205,3868,1290
292,3869,1290
207,3870,1290
288,3871,1291
320,3872,1291
319,3873,1291
469,3874,1292
987,3875,1292
471,3876,1292
323,3877,1293
338,3878,1293
325,3879,1293
854,3880,1294
855,3881,1294
616,3882,1294
358,3883,1295
359,3884,1295
357,3885,1295
368,3886,1296
479,3887,1296
474,3888,1296
671,3889,1297
967,3890,1297
453,3891,1297
325,3892,1298
368,3893,1298
326,3894,1298
670,3895,1299
1161,3896,1299
544,3897,1299
448,3898,1300
644,3899,1300
197,3900,1300
368,3901,1301
474,3902,1301
369,3903,1301
1098,3904,1302
1099,3905,1302
1097,3906,1302
564,3907,1303
607,3908,1303
589,3909,1303
436,3910,1304
451,3911,1304
415,3912,1304
855,3913,1305
856,3914,1305
616,3915,1305
697,3916,1306
817,3917,1306
816,3918,1306
756,3919,1307
757,3920,1307
372,3921,1307
468,3922,1308
469,3923,1308
467,3924,1308
479,3925,1309
656,3926,1309
587,3927,1309
444,3928,1310
606,3929,1310
573,3930,1310
274,3931,1311
316,3932,1311
275,3933,1311
594,3934,1312
595,3935,1312
593,3936,1312
438,3937,1313
440,3938,1313
439,3939,1313
456,3940,1314
598,3941,1314
455,3942,1314
292,3943,1315
294,3944,1315
293,3945,1315
358,3946,1316
466,3947,1316
360,3948,1316
208,3949,1317
210,3950,1317
209,3951,1317
594,3952,1318
682,3953,1318
595,3954,1318
682,3955,1319
684,3956,1319
595,3957,1319
466,3958,1320
468,3959,1320
467,3960,1320
841,3961,1321
842,3962,1321
213,3963,1321
440,3964,1322
455,3965,1322
439,3966,1322
385,3967,1323
594,3968,1323
593,3969,1323
855,3970,1324
857,3971,1324
856,3972,1324
208,3973,1325
213,3974,1325
210,3975,1325
484,3976,1326
691,3977,1326
485,3978,1326
437,3979,1327
438,3980,1327
371,3981,1327
692,3982,1328
742,3983,1328
694,3984,1328
303,3985,1329
305,3986,1329
304,3987,1329
202,3988,1330
203,3989,1330
200,3990,1330
440,3991,1331
456,3992,1331
455,3993,1331
189,3994,1332
837,3995,1332
186,3996,1332
204,3997,1333
273,3998,1333
203,3999,1333
42,4000,1334
1070,4001,1334
41,4002,1334
615,4003,1335
616,4004,1335
477,4005,1335
479,4006,1336
587,4007,1336
474,4008,1336
358,4009,1337
360,4010,1337
359,4011,1337
323,4012,1338
325,4013,1338
324,4014,1338
294,4015,1339
309,4016,1339
295,4017,1339
273,4018,1340
754,4019,1340
286,4020,1340
656,4021,1341
695,4022,1341
587,4023,1341
590,4024,1342
950,4025,1342
462,4026,1342
137,4027,1343
1069,4028,1343
33,4029,1343
482,4030,1344
697,4031,1344
696,4032,1344
466,4033,1345
467,4034,1345
360,4035,1345
493,4036,1346
496,4037,1346
495,4038,1346
356,4039,1347
358,4040,1347
357,4041,1347
207,4042,1348
208,4043,1348
206,4044,1348
247,4045,1349
372,4046,1349
245,4047,1349
309,4048,1350
323,4049,1350
295,4050,1350
445,4051,1351
918,4052,1351
341,4053,1351
118,4054,1352
1067,4055,1352
57,4056,1352
344,4057,1353
375,4058,1353
345,4059,1353
444,4060,1354
573,4061,1354
437,4062,1354
606,4063,1355
723,4064,1355
573,4065,1355
161,4066,1356
1066,4067,1356
60,4068,1356
292,4069,1357
293,4070,1357
207,4071,1357
484,4072,1358
707,4073,1358
691,4074,1358
1009,4075,1359
1011,4076,1359
1010,4077,1359
315,4078,1360
586,4079,1360
308,4080,1360
294,4081,1361
295,4082,1361
293,4083,1361
707,4084,1362
760,4085,1362
691,4086,1362
394,4087,1363
604,4088,1363
508,4089,1363
202,4090,1364
204,4091,1364
203,4092,1364
202,4093,1365
205,4094,1365
204,4095,1365
971,4096,1366
974,4097,1366
972,4098,1366
383,4099,1367
417,4100,1367
412,4101,1367
138,4102,1368
1068,4103,1368
54,4104,1368
543,4105,1369
665,4106,1369
542,4107,1369
742,4108,1370
991,4109,1370
743,4110,1370
243,4111,1371
356,4112,1371
306,4113,1371
389,4114,1372
396,4115,1372
331,4116,1372
477,4117,1373
484,4118,1373
410,4119,1373
378,4120,1374
392,4121,1374
377,4122,1374
379,4123,1375
410,4124,1375
364,4125,1375
807,4126,1376
808,4127,1376
416,4128,1376
370,4129,1377
437,4130,1377
371,4131,1377
393,4132,1378
441,4133,1378
392,4134,1378
185,4135,1379
387,4136,1379
183,4137,1379
448,4138,1380
704,4139,1380
644,4140,1380
305,4141,1381
333,4142,1381
307,4143,1381
659,4144,1382
889,4145,1382
622,4146,1382
452,4147,1383
545,4148,1383
451,4149,1383
332,4150,1384
416,4151,1384
389,4152,1384
645,4153,1385
871,4154,1385
735,4155,1385
296,4156,1386
622,4157,1386
201,4158,1386
482,4159,1387
579,4160,1387
396,4161,1387
386,4162,1388
678,4163,1388
487,4164,1388
379,4165,1389
477,4166,1389
410,4167,1389
621,4168,1390
737,4169,1390
342,4170,1390
696,4171,1391
787,4172,1391
579,4173,1391
193,4174,1392
271,4175,1392
191,4176,1392
500,4177,1393
501,4178,1393
499,4179,1393
415,4180,1394
435,4181,1394
366,4182,1394
370,4183,1395
371,4184,1395
315,4185,1395
330,4186,1396
332,4187,1396
331,4188,1396
591,4189,1397
927,4190,1397
588,4191,1397
697,4192,1398
816,4193,1398
696,4194,1398
400,4195,1399
475,4196,1399
401,4197,1399
362,4198,1400
379,4199,1400
364,4200,1400
347,4201,1401
377,4202,1401
322,4203,1401
205,4204,1402
207,4205,1402
206,4206,1402
63,4207,1403
1077,4208,1403
64,4209,1403
279,4210,1404
330,4211,1404
329,4212,1404
205,4213,1405
206,4214,1405
204,4215,1405
339,4216,1406
388,4217,1406
341,4218,1406
607,4219,1407
651,4220,1407
650,4221,1407
277,4222,1408
278,4223,1408
271,4224,1408
448,4225,1409
759,4226,1409
704,4227,1409
667,4228,1410
714,4229,1410
668,4230,1410
91,4231,1411
105,4232,1411
90,4233,1411
90,4234,1412
106,4235,1412
91,4236,1412
88,4237,1413
103,4238,1413
87,4239,1413
87,4240,1414
104,4241,1414
88,4242,1414
200,4243,1415
891,4244,1415
198,4245,1415
196,4246,1416
199,4247,1416
198,4248,1416
482,4249,1417
696,4250,1417
579,4251,1417
279,4252,1418
310,4253,1418
278,4254,1418
389,4255,1419
482,4256,1419
396,4257,1419
198,4258,1420
448,4259,1420
197,4260,1420
332,4261,1421
389,4262,1421
331,4263,1421
314,4264,1422
370,4265,1422
315,4266,1422
545,4267,1423
680,4268,1423
658,4269,1423
391,4270,1424
506,4271,1424
505,4272,1424
201,4273,1425
202,4274,1425
200,4275,1425
545,4276,1426
658,4277,1426
451,4278,1426
92,4279,1427
102,4280,1427
93,4281,1427
93,4282,1428
99,4283,1428
92,4284,1428
85,4285,1429
101,4286,1429
86,4287,1429
86,4288,1430
100,4289,1430
85,4290,1430
339,4291,1431
341,4292,1431
333,4293,1431
60,4294,1432
1078,4295,1432
61,4296,1432
378,4297,1433
393,4298,1433
392,4299,1433
303,4300,1434
304,4301,1434
302,4302,1434
271,4303,1435
1380,4304,1435
839,4305,1435
150,4306,1436
1018,4307,1436
8,4308,1436
388,4309,1437
542,4310,1437
445,4311,1437
305,4312,1438
307,4313,1438
304,4314,1438
196,4315,1439
197,4316,1439
194,4317,1439
497,4318,1440
500,4319,1440
499,4320,1440
775,4321,1441
776,4322,1441
774,4323,1441
346,4324,1442
391,4325,1442
390,4326,1442
500,4327,1443
676,4328,1443
675,4329,1443
330,4330,1444
331,4331,1444
329,4332,1444
542,4333,1445
609,4334,1445
445,4335,1445
253,4336,1446
302,4337,1446
251,4338,1446
475,4339,1447
626,4340,1447
476,4341,1447
675,4342,1448
677,4343,1448
501,4344,1448
388,4345,1449
445,4346,1449
341,4347,1449
196,4348,1450
198,4349,1450
197,4350,1450
314,4351,1451
315,4352,1451
308,4353,1451
636,4354,1452
643,4355,1452
640,4356,1452
88,4357,1453
946,4358,1453
89,4359,1453
279,4360,1454
329,4361,1454
310,4362,1454
195,4363,1455
884,4364,1455
196,4365,1455
262,4366,1456
264,4367,1456
261,4368,1456
551,4369,1457
564,4370,1457
550,4371,1457
307,4372,1458
314,4373,1458
308,4374,1458
307,4375,1459
308,4376,1459
304,4377,1459
386,4378,1460
480,4379,1460
373,4380,1460
372,4381,1461
876,4382,1461
245,4383,1461
629,4384,1462
699,4385,1462
631,4386,1462
192,4387,1463
195,4388,1463
194,4389,1463
269,4390,1464
270,4391,1464
214,4392,1464
487,4393,1465
667,4394,1465
480,4395,1465
393,4396,1466
866,4397,1466
441,4398,1466
28,4399,1467
1088,4400,1467
29,4401,1467
52,4402,1468
1093,4403,1468
53,4404,1468
544,4405,1469
710,4406,1469
574,4407,1469
25,4408,1470
1096,4409,1470
26,4410,1470
735,4411,1471
792,4412,1471
734,4413,1471
89,4414,1472
945,4415,1472
90,4416,1472
35,4417,1473
1095,4418,1473
36,4419,1473
199,4420,1474
200,4421,1474
198,4422,1474
277,4423,1475
279,4424,1475
278,4425,1475
199,4426,1476
201,4427,1476
200,4428,1476
378,4429,1477
394,4430,1477
393,4431,1477
490,4432,1478
982,4433,1478
458,4434,1478
375,4435,1479
1024,4436,1479
397,4437,1479
347,4438,1480
378,4439,1480
377,4440,1480
626,4441,1481
730,4442,1481
627,4443,1481
487,4444,1482
669,4445,1482
667,4446,1482
195,4447,1483
196,4448,1483
194,4449,1483
676,4450,1484
785,4451,1484
675,4452,1484
344,4453,1485
345,4454,1485
316,4455,1485
105,4456,1486
179,4457,1486
90,4458,1486
193,4459,1487
277,4460,1487
271,4461,1487
645,4462,1488
734,4463,1488
539,4464,1488
500,4465,1489
675,4466,1489
501,4467,1489
386,4468,1490
487,4469,1490
480,4470,1490
555,4471,1491
567,4472,1491
553,4473,1491
607,4474,1492
650,4475,1492
589,4476,1492
780,4477,1493
781,4478,1493
776,4479,1493
508,4480,1494
539,4481,1494
395,4482,1494
249,4483,1495
621,4484,1495
342,4485,1495
645,4486,1496
735,4487,1496
734,4488,1496
700,4489,1497
701,4490,1497
505,4491,1497
302,4492,1498
882,4493,1498
251,4494,1498
508,4495,1499
645,4496,1499
539,4497,1499
443,4498,1500
544,4499,1500
512,4500,1500
394,4501,1501
395,4502,1501
393,4503,1501
725,4504,1502
739,4505,1502
574,4506,1502
772,4507,1503
775,4508,1503
774,4509,1503
745,4510,1504
910,4511,1504
701,4512,1504
192,4513,1505
194,4514,1505
193,4515,1505
454,4516,1506
647,4517,1506
646,4518,1506
394,4519,1507
508,4520,1507
395,4521,1507
391,4522,1508
505,4523,1508
390,4524,1508
312,4525,1509
386,4526,1509
373,4527,1509
390,4528,1510
1006,4529,1510
347,4530,1510
506,4531,1511
700,4532,1511
505,4533,1511
346,4534,1512
347,4535,1512
322,4536,1512
348,4537,1513
443,4538,1513
442,4539,1513
291,4540,1514
328,4541,1514
289,4542,1514
710,4543,1515
725,4544,1515
574,4545,1515
512,4546,1516
578,4547,1516
442,4548,1516
589,4549,1517
591,4550,1517
588,4551,1517
417,4552,1518
575,4553,1518
418,4554,1518
972,4555,1519
973,4556,1519
970,4557,1519
564,4558,1520
588,4559,1520
550,4560,1520
836,4561,1521
853,4562,1521
664,4563,1521
564,4564,1522
589,4565,1522
588,4566,1522
257,4567,1523
262,4568,1523
261,4569,1523
262,4570,1524
502,4571,1524
266,4572,1524
544,4573,1525
574,4574,1525
512,4575,1525
346,4576,1526
390,4577,1526
347,4578,1526
274,4579,1527
275,4580,1527
270,4581,1527
348,4582,1528
400,4583,1528
328,4584,1528
321,4585,1529
346,4586,1529
322,4587,1529
700,4588,1530
745,4589,1530
701,4590,1530
560,4591,1531
568,4592,1531
557,4593,1531
262,4594,1532
266,4595,1532
264,4596,1532
172,4597,1533
1207,4598,1533
1141,4599,1533
321,4600,1534
322,4601,1534
276,4602,1534
192,4603,1535
193,4604,1535
191,4605,1535
171,4606,1536
883,4607,1536
83,4608,1536
775,4609,1537
780,4610,1537
776,4611,1537
567,4612,1538
1036,4613,1538
553,4614,1538
185,4615,1539
708,4616,1539
387,4617,1539
267,4618,1540
291,4619,1540
289,4620,1540
942,4621,1541
1235,4622,1541
791,4623,1541
95,4624,1542
173,4625,1542
96,4626,1542
96,4627,1543
174,4628,1543
95,4629,1543
83,4630,1544
172,4631,1544
82,4632,1544
82,4633,1545
171,4634,1545
83,4635,1545
566,4636,1546
571,4637,1546
562,4638,1546
443,4639,1547
512,4640,1547
442,4641,1547
781,4642,1548
784,4643,1548
783,4644,1548
375,4645,1549
397,4646,1549
345,4647,1549
362,4648,1550
1102,4649,1550
379,4650,1550
188,4651,1551
189,4652,1551
186,4653,1551
724,4654,1552
1147,4655,1552
573,4656,1552
475,4657,1553
639,4658,1553
626,4659,1553
348,4660,1554
442,4661,1554
400,4662,1554
81,4663,1555
175,4664,1555
80,4665,1555
80,4666,1556
176,4667,1556
81,4668,1556
97,4669,1557
178,4670,1557
98,4671,1557
98,4672,1558
177,4673,1558
97,4674,1558
182,4675,1559
821,4676,1559
184,4677,1559
190,4678,1560
192,4679,1560
191,4680,1560
275,4681,1561
321,4682,1561
276,4683,1561
187,4684,1562
214,4685,1562
188,4686,1562
291,4687,1563
348,4688,1563
328,4689,1563
190,4690,1564
191,4691,1564
189,4692,1564
516,4693,1565
529,4694,1565
446,4695,1565
130,4696,1566
1091,4697,1566
1090,4698,1566
170,4699,1567
1098,4700,1567
1097,4701,1567
834,4702,1568
914,4703,1568
833,4704,1568
536,4705,1569
980,4706,1569
540,4707,1569
105,4708,1570
585,4709,1570
180,4710,1570
275,4711,1571
276,4712,1571
270,4713,1571
866,4714,1572
1314,4715,1572
865,4716,1572
472,4717,1573
987,4718,1573
469,4719,1573
184,4720,1574
187,4721,1574
186,4722,1574
188,4723,1575
190,4724,1575
189,4725,1575
105,4726,1576
180,4727,1576
179,4728,1576
722,4729,1577
755,4730,1577
518,4731,1577
310,4732,1578
1116,4733,1578
312,4734,1578
180,4735,1579
181,4736,1579
179,4737,1579
610,4738,1580
662,4739,1580
575,4740,1580
149,4741,1581
1030,4742,1581
72,4743,1581
9,4744,1582
1031,4745,1582
150,4746,1582
300,4747,1583
912,4748,1583
351,4749,1583
187,4750,1584
188,4751,1584
186,4752,1584
610,4753,1585
690,4754,1585
662,4755,1585
481,4756,1586
1149,4757,1586
620,4758,1586
795,4759,1587
1375,4760,1587
115,4761,1587
367,4762,1588
1003,4763,1588
436,4764,1588
417,4765,1589
610,4766,1589
575,4767,1589
182,4768,1590
183,4769,1590
181,4770,1590
135,4771,1591
1087,4772,1591
34,4773,1591
180,4774,1592
182,4775,1592
181,4776,1592
170,4777,1593
1097,4778,1593
39,4779,1593
109,4780,1594
1045,4781,1594
1044,4782,1594
130,4783,1595
1090,4784,1595
48,4785,1595
184,4786,1596
185,4787,1596
183,4788,1596
184,4789,1597
186,4790,1597
185,4791,1597
647,4792,1598
726,4793,1598
715,4794,1598
510,4795,1599
1003,4796,1599
367,4797,1599
182,4798,1600
184,4799,1600
183,4800,1600
716,4801,1601
925,4802,1601
498,4803,1601
446,4804,1602
1024,4805,1602
375,4806,1602
151,4807,1603
1022,4808,1603
1021,4809,1603
647,4810,1604
727,4811,1604
726,4812,1604
804,4813,1605
978,4814,1605
977,4815,1605
828,4816,1606
1260,4817,1606
826,4818,1606
83,4819,1607
883,4820,1607
84,4821,1607
124,4822,1608
1049,4823,1608
1048,4824,1608
350,4825,1609
1124,4826,1609
352,4827,1609
10,4828,1610
1032,4829,1610
109,4830,1610
615,4831,1611
1102,4832,1611
984,4833,1611
154,4834,1612
1059,4835,1612
1058,4836,1612
1052,4837,1613
1053,4838,1613
163,4839,1613
971,4840,1614
993,4841,1614
974,4842,1614
136,4843,1615
1062,4844,1615
1061,4845,1615
571,4846,1616
1139,4847,1616
994,4848,1616
620,4849,1617
1149,4850,1617
803,4851,1617
630,4852,1618
1028,4853,1618
628,4854,1618
108,4855,1619
1035,4856,1619
70,4857,1619
722,4858,1620
943,4859,1620
755,4860,1620
156,4861,1621
1033,4862,1621
12,4863,1621
13,4864,1622
1038,4865,1622
156,4866,1622
109,4867,1623
1044,4868,1623
11,4869,1623
70,4870,1624
1046,4871,1624
110,4872,1624
67,4873,1625
1039,4874,1625
129,4875,1625
15,4876,1626
1042,4877,1626
128,4878,1626
65,4879,1627
1043,4880,1627
158,4881,1627
525,4882,1628
989,4883,1628
988,4884,1628
124,4885,1629
1048,4886,1629
18,4887,1629
117,4888,1630
1050,4889,1630
23,4890,1630
727,4891,1631
869,4892,1631
726,4893,1631
302,4894,1632
913,4895,1632
882,4896,1632
562,4897,1633
975,4898,1633
560,4899,1633
162,4900,1634
1051,4901,1634
35,4902,1634
50,4903,1635
1052,4904,1635
163,4905,1635
36,4906,1636
1054,4907,1636
162,4908,1636
163,4909,1637
1055,4910,1637
49,4911,1637
391,4912,1638
1113,4913,1638
663,4914,1638
133,4915,1639
1056,4916,1639
47,4917,1639
560,4918,1640
975,4919,1640
568,4920,1640
164,4921,1641
1057,4922,1641
45,4923,1641
458,4924,1642
982,4925,1642
408,4926,1642
159,4927,1643
1064,4928,1643
21,4929,1643
1082,4930,1644
1083,4931,1644
140,4932,1644
136,4933,1645
1061,4934,1645
26,4935,1645
814,4936,1646
938,4937,1646
509,4938,1646
730,4939,1647
1109,4940,1647
627,4941,1647
614,4942,1648
1151,4943,1648
795,4944,1648
736,4945,1649
1146,4946,1649
526,4947,1649
141,4948,1650
1086,4949,1650
1085,4950,1650
111,4951,1651
1071,4952,1651
43,4953,1651
1093,4954,1652
1267,4955,1652
131,4956,1652
676,4957,1653
1224,4958,1653
785,4959,1653
154,4960,1654
1058,4961,1654
13,4962,1654
87,4963,1655
944,4964,1655
104,4965,1655
19,4966,1656
1063,4967,1656
124,4968,1656
4,4969,1657
1015,4970,1657
5,4971,1657
24,4972,1658
1060,4973,1658
117,4974,1658
544,4975,1659
1161,4976,1659
710,4977,1659
648,4978,1660
820,4979,1660
452,4980,1660
41,4981,1661
1070,4982,1661
139,4983,1661
127,4984,1662
1074,4985,1662
15,4986,1662
1156,4987,1663
1167,4988,1663
577,4989,1663
640,4990,1664
894,4991,1664
893,4992,1664
582,4993,1665
1171,4994,1665
731,4995,1665
927,4996,1666
934,4997,1666
543,4998,1666
122,4999,1667
1014,5000,1667
6,5001,1667
18,5002,1668
1076,5003,1668
134,5004,1668
755,5005,1669
1138,5006,1669
518,5007,1669
134,5008,1670
1081,5009,1670
19,5010,1670
58,5011,1671
1082,5012,1671
140,5013,1671
143,5014,1672
1094,5015,1672
51,5016,1672
142,5017,1673
1089,5018,1673
27,5019,1673
352,5020,1674
1124,5021,1674
413,5022,1674
31,5023,1675
1084,5024,1675
169,5025,1675
141,5026,1676
1085,5027,1676
37,5028,1676
368,5029,1677
1145,5030,1677
479,5031,1677
64,5032,1678
1077,5033,1678
165,5034,1678
61,5035,1679
1078,5036,1679
113,5037,1679
8,5038,1680
1018,5039,1680
7,5040,1680
7,5041,1681
1026,5042,1681
8,5043,1681
74,5044,1682
1019,5045,1682
73,5046,1682
73,5047,1683
1020,5048,1683
74,5049,1683
385,5050,1684
1148,5051,1684
594,5052,1684
110,5053,1685
1025,5054,1685
71,5055,1685
29,5056,1686
1088,5057,1686
119,5058,1686
53,5059,1687
1093,5060,1687
131,5061,1687
26,5062,1688
1096,5063,1688
142,5064,1688
36,5065,1689
1095,5066,1689
141,5067,1689
33,5068,1690
1069,5069,1690
32,5070,1690
57,5071,1691
1067,5072,1691
56,5073,1691
60,5074,1692
1066,5075,1692
59,5076,1692
54,5077,1693
1068,5078,1693
53,5079,1693
525,5080,1694
987,5081,1694
472,5082,1694
34,5083,1695
1087,5084,1695
35,5085,1695
39,5086,1696
1097,5087,1696
40,5088,1696
268,5089,1697
1194,5090,1697
317,5091,1697
48,5092,1698
1090,5093,1698
49,5094,1698
9,5095,1699
1032,5096,1699
10,5097,1699
72,5098,1700
1030,5099,1700
71,5100,1700
10,5101,1701
1031,5102,1701
9,5103,1701
1024,5104,1702
1277,5105,1702
397,5106,1702
101,5107,1703
944,5108,1703
86,5109,1703
806,5110,1704
1406,5111,1704
441,5112,1704
12,5113,1705
1033,5114,1705
11,5115,1705
70,5116,1706
1035,5117,1706
69,5118,1706
1141,5119,1707
1142,5120,1707
175,5121,1707
14,5122,1708
1038,5123,1708
13,5124,1708
68,5125,1709
1039,5126,1709
67,5127,1709
16,5128,1710
1042,5129,1710
15,5130,1710
66,5131,1711
1043,5132,1711
65,5133,1711
1127,5134,1712
1170,5135,1712
655,5136,1712
11,5137,1713
1044,5138,1713
12,5139,1713
69,5140,1714
1046,5141,1714
70,5142,1714
18,5143,1715
1048,5144,1715
17,5145,1715
796,5146,1716
1178,5147,1716
1073,5148,1716
23,5149,1717
1050,5150,1717
22,5151,1717
309,5152,1718
926,5153,1718
323,5154,1718
35,5155,1719
1051,5156,1719
34,5157,1719
51,5158,1720
1052,5159,1720
50,5160,1720
571,5161,1721
975,5162,1721
562,5163,1721
37,5164,1722
1054,5165,1722
36,5166,1722
49,5167,1723
1055,5168,1723
48,5169,1723
47,5170,1724
1056,5171,1724
46,5172,1724
45,5173,1725
1057,5174,1725
44,5175,1725
1395,5176,1726
1402,5177,1726
793,5178,1726
1008,5179,1727
1207,5180,1727
172,5181,1727
21,5182,1728
1064,5183,1728
20,5184,1728
26,5185,1729
1061,5186,1729
25,5187,1729
43,5188,1730
1071,5189,1730
42,5190,1730
686,5191,1731
1186,5192,1731
947,5193,1731
591,5194,1732
1103,5195,1732
935,5196,1732
371,5197,1733
948,5198,1733
315,5199,1733
647,5200,1734
1160,5201,1734
727,5202,1734
13,5203,1735
1058,5204,1735
14,5205,1735
613,5206,1736
1190,5207,1736
1108,5208,1736
158,5209,1737
1029,5210,1737
64,5211,1737
1078,5212,1738
1079,5213,1738
113,5214,1738
321,5215,1739
1113,5216,1739
346,5217,1739
7,5218,1740
1018,5219,1740
122,5220,1740
15,5221,1741
1074,5222,1741
16,5223,1741
657,5224,1742
1168,5225,1742
747,5226,1742
17,5227,1743
1076,5228,1743
18,5229,1743
19,5230,1744
1081,5231,1744
20,5232,1744
27,5233,1745
1089,5234,1745
28,5235,1745
51,5236,1746
1094,5237,1746
52,5238,1746
57,5239,1747
1082,5240,1747
58,5241,1747
30,5242,1748
1084,5243,1748
31,5244,1748
37,5245,1749
1085,5246,1749
38,5247,1749
58,5248,1750
1120,5249,1750
118,5250,1750
55,5251,1751
1119,5252,1751
138,5253,1751
52,5254,1752
1121,5255,1752
115,5256,1752
151,5257,1753
1021,5258,1753
1020,5259,1753
962,5260,1754
1001,5261,1754
958,5262,1754
980,5263,1755
1289,5264,1755
847,5265,1755
338,5266,1756
1145,5267,1756
325,5268,1756
1209,5269,1757
1282,5270,1757
177,5271,1757
774,5272,1758
1245,5273,1758
773,5274,1758
8,5275,1759
1026,5276,1759
152,5277,1759
73,5278,1760
1019,5279,1760
149,5280,1760
151,5281,1761
1020,5282,1761
73,5283,1761
529,5284,1762
1024,5285,1762
446,5286,1762
681,5287,1763
990,5288,1763
989,5289,1763
804,5290,1764
977,5291,1764
976,5292,1764
947,5293,1765
1186,5294,1765
653,5295,1765
898,5296,1766
899,5297,1766
585,5298,1766
611,5299,1767
937,5300,1767
686,5301,1767
355,5302,1768
1148,5303,1768
349,5304,1768
56,5305,1769
1119,5306,1769
55,5307,1769
59,5308,1770
1120,5309,1770
58,5310,1770
53,5311,1771
1121,5312,1771
52,5313,1771
644,5314,1772
915,5315,1772
896,5316,1772
152,5317,1773
1032,5318,1773
9,5319,1773
979,5320,1774
1157,5321,1774
365,5322,1774
1033,5323,1775
1034,5324,1775
107,5325,1775
346,5326,1776
1113,5327,1776
391,5328,1776
1089,5329,1777
1341,5330,1777
857,5331,1777
532,5332,1778
1257,5333,1778
917,5334,1778
1145,5335,1779
1168,5336,1779
657,5337,1779
788,5338,1780
1144,5339,1780
1118,5340,1780
1160,5341,1781
1174,5342,1781
727,5343,1781
107,5344,1782
1031,5345,1782
10,5346,1782
71,5347,1783
1030,5348,1783
108,5349,1783
420,5350,1784
1126,5351,1784
432,5352,1784
640,5353,1785
893,5354,1785
637,5355,1785
1064,5356,1786
1065,5357,1786
1063,5358,1786
432,5359,1787
1126,5360,1787
1108,5361,1787
798,5362,1788
881,5363,1788
303,5364,1788
1202,5365,1789
1238,5366,1789
650,5367,1789
11,5368,1790
1033,5369,1790
107,5370,1790
728,5371,1791
1398,5372,1791
870,5373,1791
105,5374,1792
898,5375,1792
585,5376,1792
747,5377,1793
1168,5378,1793
750,5379,1793
69,5380,1794
1035,5381,1794
157,5382,1794
474,5383,1795
1126,5384,1795
369,5385,1795
157,5386,1796
1039,5387,1796
68,5388,1796
148,5389,1797
1187,5390,1797
999,5391,1797
1071,5392,1798
1072,5393,1798
1070,5394,1798
128,5395,1799
1038,5396,1799
14,5397,1799
964,5398,1800
1125,5399,1800
962,5400,1800
129,5401,1801
1043,5402,1801
66,5403,1801
155,5404,1802
1042,5405,1802
16,5406,1802
17,5407,1803
1048,5408,1803
155,5409,1803
114,5410,1804
1212,5411,1804
919,5412,1804
730,5413,1805
1311,5414,1805
1109,5415,1805
22,5416,1806
1050,5417,1806
159,5418,1806
116,5419,1807
1217,5420,1807
1054,5421,1807
34,5422,1808
1051,5423,1808
137,5424,1808
115,5425,1809
1052,5426,1809
51,5427,1809
316,5428,1810
954,5429,1810
275,5430,1810
116,5431,1811
1054,5432,1811
37,5433,1811
48,5434,1812
1055,5435,1812
133,5436,1812
12,5437,1813
1044,5438,1813
154,5439,1813
153,5440,1814
1046,5441,1814
69,5442,1814
46,5443,1815
1056,5444,1815
164,5445,1815
44,5446,1816
1057,5447,1816
111,5448,1816
366,5449,1817
1150,5450,1817
336,5451,1817
804,5452,1818
976,5453,1818
802,5454,1818
585,5455,1819
1334,5456,1819
824,5457,1819
1009,5458,1820
1014,5459,1820
1011,5460,1820
434,5461,1821
1162,5462,1821
1107,5463,1821
865,5464,1822
1230,5465,1822
806,5466,1822
20,5467,1823
1064,5468,1823
1063,5469,1823
905,5470,1824
906,5471,1824
299,5472,1824
434,5473,1825
1107,5474,1825
381,5475,1825
430,5476,1826
1149,5477,1826
481,5478,1826
289,5479,1827
928,5480,1827
290,5481,1827
329,5482,1828
1116,5483,1828
310,5484,1828
325,5485,1829
1145,5486,1829
368,5487,1829
25,5488,1830
1061,5489,1830
1060,5490,1830
14,5491,1831
1058,5492,1831
127,5493,1831
42,5494,1832
1071,5495,1832
1070,5496,1832
333,5497,1833
995,5498,1833
307,5499,1833
16,5500,1834
1074,5501,1834
167,5502,1834
383,5503,1835
1107,5504,1835
417,5505,1835
349,5506,1836
1148,5507,1836
385,5508,1836
167,5509,1837
1076,5510,1837
17,5511,1837
20,5512,1838
1081,5513,1838
166,5514,1838
168,5515,1839
1082,5516,1839
57,5517,1839
119,5518,1840
1084,5519,1840
30,5520,1840
38,5521,1841
1085,5522,1841
170,5523,1841
354,5524,1842
956,5525,1842
399,5526,1842
823,5527,1843
941,5528,1843
343,5529,1843
610,5530,1844
1162,5531,1844
690,5532,1844
28,5533,1845
1089,5534,1845
1088,5535,1845
52,5536,1846
1094,5537,1846
1093,5538,1846
496,5539,1847
1157,5540,1847
1132,5541,1847
422,5542,1848
965,5543,1848
424,5544,1848
649,5545,1849
953,5546,1849
689,5547,1849
1149,5548,1850
1175,5549,1850
803,5550,1850
550,5551,1851
1005,5552,1851
547,5553,1851
438,5554,1852
1147,5555,1852
478,5556,1852
637,5557,1853
893,5558,1853
672,5559,1853
298,5560,1854
936,5561,1854
541,5562,1854
173,5563,1855
1135,5564,1855
96,5565,1855
139,5566,1856
1381,5567,1856
964,5568,1856
470,5569,1857
997,5570,1857
473,5571,1857
478,5572,1858
1133,5573,1858
440,5574,1858
456,5575,1859
1133,5576,1859
600,5577,1859
497,5578,1860
1131,5579,1860
500,5580,1860
1200,5581,1861
1314,5582,1861
866,5583,1861
573,5584,1862
1147,5585,1862
437,5586,1862
557,5587,1863
969,5588,1863
555,5589,1863
1087,5590,1864
1095,5591,1864
35,5592,1864
486,5593,1865
947,5594,1865
653,5595,1865
266,5596,1866
903,5597,1866
264,5598,1866
97,5599,1867
1135,5600,1867
178,5601,1867
917,5602,1868
1414,5603,1868
532,5604,1868
773,5605,1869
1220,5606,1869
771,5607,1869
962,5608,1870
1002,5609,1870
1001,5610,1870
1035,5611,1871
1356,5612,1871
714,5613,1871
678,5614,1872
1144,5615,1872
487,5616,1872
527,5617,1873
1195,5618,1873
447,5619,1873
137,5620,1874
1326,5621,1874
1111,5622,1874
923,5623,1875
1182,5624,1875
1150,5625,1875
151,5626,1876
1025,5627,1876
1022,5628,1876
694,5629,1877
1177,5630,1877
1132,5631,1877
638,5632,1878
996,5633,1878
635,5634,1878
575,5635,1879
1160,5636,1879
418,5637,1879
999,5638,1880
1187,5639,1880
894,5640,1880
41,5641,1881
1115,5642,1881
132,5643,1881
50,5644,1882
1112,5645,1882
143,5646,1882
646,5647,1883
1008,5648,1883
597,5649,1883
605,5650,1884
1151,5651,1884
535,5652,1884
427,5653,1885
1136,5654,1885
509,5655,1885
537,5656,1886
1151,5657,1886
614,5658,1886
478,5659,1887
1185,5660,1887
1184,5661,1887
1117,5662,1888
1118,5663,1888
678,5664,1888
454,5665,1889
1160,5666,1889
647,5667,1889
873,5668,1890
892,5669,1890
621,5670,1890
401,5671,1891
928,5672,1891
328,5673,1891
405,5674,1892
1002,5675,1892
407,5676,1892
750,5677,1893
1182,5678,1893
923,5679,1893
918,5680,1894
995,5681,1894
341,5682,1894
636,5683,1895
1158,5684,1895
643,5685,1895
737,5686,1896
1349,5687,1896
805,5688,1896
685,5689,1897
1206,5690,1897
1128,5691,1897
451,5692,1898
1106,5693,1898
415,5694,1898
1197,5695,1899
1336,5696,1899
153,5697,1899
986,5698,1900
1189,5699,1900
858,5700,1900
617,5701,1901
1345,5702,1901
1079,5703,1901
706,5704,1902
1110,5705,1902
997,5706,1902
72,5707,1903
1025,5708,1903
151,5709,1903
5,5710,1904
1014,5711,1904
1009,5712,1904
743,5713,1905
1177,5714,1905
694,5715,1905
82,5716,1906
1140,5717,1906
171,5718,1906
96,5719,1907
1143,5720,1907
174,5721,1907
584,5722,1908
1306,5723,1908
890,5724,1908
71,5725,1909
1025,5726,1909
72,5727,1909
526,5728,1910
1146,5729,1910
522,5730,1910
517,5731,1911
1195,5732,1911
666,5733,1911
547,5734,1912
1005,5735,1912
340,5736,1912
697,5737,1913
1173,5738,1913
817,5739,1913
520,5740,1914
1146,5741,1914
681,5742,1914
429,5743,1915
1136,5744,1915
427,5745,1915
96,5746,1916
1135,5747,1916
97,5748,1916
1067,5749,1917
1119,5750,1917
56,5751,1917
1066,5752,1918
1120,5753,1918
59,5754,1918
1068,5755,1919
1121,5756,1919
53,5757,1919
428,5758,1920
1149,5759,1920
430,5760,1920
124,5761,1921
1165,5762,1921
1049,5763,1921
1167,5764,1922
1313,5765,1922
1099,5766,1922
177,5767,1923
1143,5768,1923
97,5769,1923
176,5770,1924
1140,5771,1924
81,5772,1924
650,5773,1925
1238,5774,1925
1103,5775,1925
531,5776,1926
1040,5777,1926
533,5778,1926
82,5779,1927
1141,5780,1927
81,5781,1927
465,5782,1928
947,5783,1928
463,5784,1928
487,5785,1929
1144,5786,1929
669,5787,1929
794,5788,1930
1203,5789,1930
748,5790,1930
303,5791,1931
881,5792,1931
305,5793,1931
457,5794,1932
1100,5795,1932
488,5796,1932
681,5797,1933
989,5798,1933
519,5799,1933
511,5800,1934
1406,5801,1934
862,5802,1934
810,5803,1935
1218,5804,1935
790,5805,1935
390,5806,1936
1007,5807,1936
1006,5808,1936
369,5809,1937
1126,5810,1937
420,5811,1937
460,5812,1938
1156,5813,1938
461,5814,1938
633,5815,1939
1158,5816,1939
636,5817,1939
981,5818,1940
1289,5819,1940
980,5820,1940
611,5821,1941
1123,5822,1941
937,5823,1941
612,5824,1942
1399,5825,1942
732,5826,1942
455,5827,1943
1214,5828,1943
572,5829,1943
217,5830,1944
916,5831,1944
233,5832,1944
432,5833,1945
966,5834,1945
965,5835,1945
276,5836,1946
1199,5837,1946
270,5838,1946
1001,5839,1947
1002,5840,1947
405,5841,1947
907,5842,1948
1188,5843,1948
661,5844,1948
619,5845,1949
1166,5846,1949
618,5847,1949
433,5848,1950
1175,5849,1950
426,5850,1950
627,5851,1951
1109,5852,1951
629,5853,1951
968,5854,1952
1272,5855,1952
670,5856,1952
1118,5857,1953
1144,5858,1953
678,5859,1953
518,5860,1954
1138,5861,1954
516,5862,1954
666,5863,1955
1195,5864,1955
922,5865,1955
763,5866,1956
1223,5867,1956
765,5868,1956
589,5869,1957
1103,5870,1957
591,5871,1957
340,5872,1958
1005,5873,1958
1004,5874,1958
86,5875,1959
944,5876,1959
87,5877,1959
445,5878,1960
1152,5879,1960
918,5880,1960
581,5881,1961
1073,5882,1961
580,5883,1961
654,5884,1962
1198,5885,1962
1041,5886,1962
364,5887,1963
979,5888,1963
365,5889,1963
646,5890,1964
1207,5891,1964
1008,5892,1964
339,5893,1965
1004,5894,1965
388,5895,1965
779,5896,1966
878,5897,1966
877,5898,1966
63,5899,1967
1029,5900,1967
125,5901,1967
437,5902,1968
1147,5903,1968
438,5904,1968
729,5905,1969
1155,5906,1969
758,5907,1969
1092,5908,1970
1112,5909,1970
1090,5910,1970
1099,5911,1971
1115,5912,1971
1097,5913,1971
315,5914,1972
948,5915,1972
586,5916,1972
64,5917,1973
1029,5918,1973
63,5919,1973
820,5920,1974
1200,5921,1974
539,5922,1974
6,5923,1975
1014,5924,1975
5,5925,1975
442,5926,1976
1130,5927,1976
400,5928,1976
418,5929,1977
1160,5930,1977
454,5931,1977
489,5932,1978
1127,5933,1978
491,5934,1978
435,5935,1979
1150,5936,1979
366,5937,1979
373,5938,1980
1000,5939,1980
374,5940,1980
616,5941,1981
1153,5942,1981
477,5943,1981
592,5944,1982
1233,5945,1982
807,5946,1982
640,5947,1983
999,5948,1983
894,5949,1983
566,5950,1984
1139,5951,1984
571,5952,1984
569,5953,1985
1105,5954,1985
570,5955,1985
933,5956,1986
1234,5957,1986
813,5958,1986
799,5959,1987
1136,5960,1987
950,5961,1987
440,5962,1988
1133,5963,1988
456,5964,1988
936,5965,1989
1169,5966,1989
541,5967,1989
381,5968,1990
1107,5969,1990
383,5970,1990
496,5971,1991
1131,5972,1991
497,5973,1991
995,5974,1992
1122,5975,1992
314,5976,1992
338,5977,1993
1168,5978,1993
1145,5979,1993
535,5980,1994
1151,5981,1994
537,5982,1994
1168,5983,1995
1182,5984,1995
750,5985,1995
213,5986,1996
1404,5987,1996
1290,5988,1996
1028,5989,1997
1192,5990,1997
929,5991,1997
485,5992,1998
979,5993,1998
410,5994,1998
587,5995,1999
1137,5996,1999
613,5997,1999
154,5998,2000
1172,5999,2000
1059,6000,2000
1303,6001,2001
1304,6002,2001
757,6003,2001
336,6004,2002
926,6005,2002
309,6006,2002
801,6007,2003
1166,6008,2003
619,6009,2003
668,6010,2004
1000,6011,2004
480,6012,2004
522,6013,2005
1146,6014,2005
520,6015,2005
413,6016,2006
956,6017,2006
354,6018,2006
81,6019,2007
1140,6020,2007
82,6021,2007
97,6022,2008
1143,6023,2008
96,6024,2008
361,6025,2009
1358,6026,2009
873,6027,2009
68,6028,2010
1197,6029,2010
153,6030,2010
749,6031,2011
1179,6032,2011
794,6033,2011
266,6034,2012
1272,6035,2012
903,6036,2012
1063,6037,2013
1165,6038,2013
124,6039,2013
432,6040,2014
965,6041,2014
422,6042,2014
567,6043,2015
1037,6044,2015
1036,6045,2015
973,6046,2016
1176,6047,2016
970,6048,2016
126,6049,2017
1197,6050,2017
67,6051,2017
575,6052,2018
1174,6053,2018
1160,6054,2018
618,6055,2019
1167,6056,2019
1156,6057,2019
918,6058,2020
1122,6059,2020
995,6060,2020
1021,6061,2021
1180,6062,2021
1020,6063,2021
1166,6064,2022
1167,6065,2022
618,6066,2022
519,6067,2023
989,6068,2023
525,6069,2023
706,6070,2024
997,6071,2024
470,6072,2024
156,6073,2025
1181,6074,2025
1033,6075,2025
572,6076,2026
1303,6077,2026
948,6078,2026
416,6079,2027
983,6080,2027
389,6081,2027
415,6082,2028
1106,6083,2028
435,6084,2028
131,6085,2029
1203,6086,2029
54,6087,2029
40,6088,2030
1115,6089,2030
41,6090,2030
49,6091,2031
1112,6092,2031
50,6093,2031
741,6094,2032
996,6095,2032
638,6096,2032
779,6097,2033
877,6098,2033
770,6099,2033
629,6100,2034
1109,6101,2034
699,6102,2034
1034,6103,2035
1196,6104,2035
973,6105,2035
116,6106,2036
1239,6107,2036
1217,6108,2036
952,6109,2037
953,6110,2037
649,6111,2037
597,6112,2038
1008,6113,2038
712,6114,2038
533,6115,2039
1040,6116,2039
605,6117,2039
1205,6118,2040
1237,6119,2040
978,6120,2040
31,6121,2041
1212,6122,2041
114,6123,2041
447,6124,2042
1195,6125,2042
517,6126,2042
700,6127,2043
1393,6128,2043
1047,6129,2043
1044,6130,2044
1172,6131,2044
154,6132,2044
172,6133,2045
1219,6134,2045
1008,6135,2045
516,6136,2046
1138,6137,2046
529,6138,2046
1049,6139,2047
1368,6140,2047
665,6141,2047
650,6142,2048
1103,6143,2048
589,6144,2048
555,6145,2049
969,6146,2049
567,6147,2049
926,6148,2050
1182,6149,2050
338,6150,2050
104,6151,2051
1220,6152,2051
946,6153,2051
859,6154,2052
1400,6155,2052
1228,6156,2052
623,6157,2053
1111,6158,2053
679,6159,2053
719,6160,2054
1216,6161,2054
796,6162,2054
428,6163,2055
1175,6164,2055
1149,6165,2055
1062,6166,2056
1183,6167,2056
1061,6168,2056
783,6169,2057
1298,6170,2057
1283,6171,2057
804,6172,2058
1205,6173,2058
978,6174,2058
1176,6175,2059
1196,6176,2059
1037,6177,2059
459,6178,2060
1100,6179,2060
457,6180,2060
606,6181,2061
1114,6182,2061
723,6183,2061
591,6184,2062
935,6185,2062
934,6186,2062
234,6187,2063
1262,6188,2063
916,6189,2063
853,6190,2064
1242,6191,2064
110,6192,2064
792,6193,2065
1345,6194,2065
734,6195,2065
3,6196,2066
1208,6197,2066
2,6198,2066
78,6199,2067
1209,6200,2067
79,6201,2067
79,6202,2068
1210,6203,2068
78,6204,2068
1097,6205,2069
1115,6206,2069
40,6207,2069
1090,6208,2070
1112,6209,2070
49,6210,2070
341,6211,2071
995,6212,2071
333,6213,2071
788,6214,2072
1159,6215,2072
1144,6216,2072
618,6217,2073
1156,6218,2073
460,6219,2073
345,6220,2074
954,6221,2074
316,6222,2074
607,6223,2075
1037,6224,2075
651,6225,2075
539,6226,2076
1419,6227,2076
820,6228,2076
172,6229,2077
1141,6230,2077
82,6231,2077
931,6232,2078
1300,6233,2078
1057,6234,2078
900,6235,2079
1361,6236,2079
1164,6237,2079
1045,6238,2080
1172,6239,2080
1044,6240,2080
609,6241,2081
1152,6242,2081
445,6243,2081
970,6244,2082
1176,6245,2082
969,6246,2082
1065,6247,2083
1165,6248,2083
1063,6249,2083
1012,6250,2084
1208,6251,2084
146,6252,2084
856,6253,2085
1153,6254,2085
616,6255,2085
745,6256,2086
1336,6257,2086
1197,6258,2086
570,6259,2087
1139,6260,2087
566,6261,2087
764,6262,2088
1134,6263,2088
897,6264,2088
83,6265,2089
1219,6266,2089
172,6267,2089
103,6268,2090
1236,6269,2090
87,6270,2090
1020,6271,2091
1180,6272,2091
121,6273,2091
736,6274,2092
1193,6275,2092
1146,6276,2092
865,6277,2093
1314,6278,2093
1003,6279,2093
892,6280,2094
1358,6281,2094
492,6282,2094
365,6283,2095
1157,6284,2095
493,6285,2095
1047,6286,2096
1393,6287,2096
853,6288,2096
710,6289,2097
1420,6290,2097
725,6291,2097
101,6292,2098
1266,6293,2098
953,6294,2098
511,6295,2099
1255,6296,2099
377,6297,2099
161,6298,2100
1405,6299,2100
818,6300,2100
867,6301,2101
1271,6302,2101
195,6303,2101
463,6304,2102
947,6305,2102
486,6306,2102
625,6307,2103
1128,6308,2103
1124,6309,2103
695,6310,2104
1137,6311,2104
587,6312,2104
652,6313,2105
1127,6314,2105
489,6315,2105
40,6316,2106
1221,6317,2106
39,6318,2106
578,6319,2107
1130,6320,2107
442,6321,2107
558,6322,2108
1403,6323,2108
1134,6324,2108
742,6325,2109
1354,6326,2109
991,6327,2109
328,6328,2110
928,6329,2110
289,6330,2110
86,6331,2111
1236,6332,2111
100,6333,2111
432,6334,2112
1108,6335,2112
966,6336,2112
213,6337,2113
1290,6338,2113
210,6339,2113
931,6340,2114
1170,6341,2114
652,6342,2114
27,6343,2115
1226,6344,2115
136,6345,2115
160,6346,2116
1226,6347,2116
28,6348,2116
322,6349,2117
1255,6350,2117
276,6351,2117
1033,6352,2118
1181,6353,2118
1034,6354,2118
563,6355,2119
1261,6356,2119
951,6357,2119
751,6358,2120
1179,6359,2120
749,6360,2120
1069,6361,2121
1212,6362,2121
32,6363,2121
76,6364,2122
1268,6365,2122
943,6366,2122
290,6367,2123
1194,6368,2123
268,6369,2123
1098,6370,2124
1250,6371,2124
711,6372,2124
643,6373,2125
999,6374,2125
640,6375,2125
136,6376,2126
1386,6377,2126
1062,6378,2126
580,6379,2127
1073,6380,2127
981,6381,2127
413,6382,2128
1129,6383,2128
956,6384,2128
681,6385,2129
1193,6386,2129
990,6387,2129
591,6388,2130
934,6389,2130
927,6390,2130
426,6391,2131
1175,6392,2131
428,6393,2131
964,6394,2132
1381,6395,2132
1125,6396,2132
686,6397,2133
1213,6398,2133
1186,6399,2133
934,6400,2134
1191,6401,2134
665,6402,2134
113,6403,2135
1231,6404,2135
62,6405,2135
1016,6406,2136
1373,6407,2136
1015,6408,2136
100,6409,2137
1243,6410,2137
85,6411,2137
63,6412,2138
1231,6413,2138
1077,6414,2138
1134,6415,2139
1346,6416,2139
558,6417,2139
44,6418,2140
1232,6419,2140
144,6420,2140
667,6421,2141
1222,6422,2141
714,6423,2141
539,6424,2142
1200,6425,2142
395,6426,2142
689,6427,2143
1105,6428,2143
569,6429,2143
496,6430,2144
1132,6431,2144
1131,6432,2144
1267,6433,2145
1418,6434,2145
131,6435,2145
150,6436,2146
1332,6437,2146
974,6438,2146
988,6439,2147
1189,6440,2147
986,6441,2147
598,6442,2148
1214,6443,2148
455,6444,2148
410,6445,2149
979,6446,2149
364,6447,2149
739,6448,2150
1322,6449,2150
1074,6450,2150
156,6451,2151
1202,6452,2151
1181,6453,2151
94,6454,2152
1251,6455,2152
95,6456,2152
652,6457,2153
1170,6458,2153
1127,6459,2153
480,6460,2154
1000,6461,2154
373,6462,2154
952,6463,2155
1261,6464,2155
878,6465,2155
513,6466,2156
1278,6467,2156
380,6468,2156
133,6469,2157
1302,6470,2157
1056,6471,2157
698,6472,2158
1225,6473,2158
641,6474,2158
3,6475,2159
1256,6476,2159
148,6477,2159
704,6478,2160
915,6479,2160
644,6480,2160
1016,6481,2161
1342,6482,2161
123,6483,2161
730,6484,2162
1377,6485,2162
1311,6486,2162
789,6487,2163
1400,6488,2163
733,6489,2163
1006,6490,2164
1007,6491,2164
604,6492,2164
313,6493,2165
1278,6494,2165
311,6495,2165
534,6496,2166
1257,6497,2166
532,6498,2166
1132,6499,2167
1177,6500,2167
1131,6501,2167
554,6502,2168
1403,6503,2168
558,6504,2168
256,6505,2169
1330,6506,2169
258,6507,2169
340,6508,2170
1004,6509,2170
339,6510,2170
1061,6511,2171
1183,6512,2171
1060,6513,2171
513,6514,2172
1305,6515,2172
838,6516,2172
67,6517,2173
1197,6518,2173
68,6519,2173
803,6520,2174
1205,6521,2174
804,6522,2174
753,6523,2175
1323,6524,2175
904,6525,2175
596,6526,2176
1233,6527,2176
593,6528,2176
665,6529,2177
1316,6530,2177
1049,6531,2177
964,6532,2178
1351,6533,2178
139,6534,2178
864,6535,2179
1255,6536,2179
511,6537,2179
159,6538,2180
1215,6539,2180
1064,6540,2180
1027,6541,2181
1291,6542,2181
699,6543,2181
896,6544,2182
1366,6545,2182
330,6546,2182
392,6547,2183
1406,6548,2183
511,6549,2183
1038,6550,2184
1202,6551,2184
156,6552,2184
835,6553,2185
1277,6554,2185
836,6555,2185
1175,6556,2186
1205,6557,2186
803,6558,2186
1073,6559,2187
1178,6560,2187
981,6561,2187
433,6562,2188
1205,6563,2188
1175,6564,2188
583,6565,2189
1306,6566,2189
584,6567,2189
1219,6568,2190
1243,6569,2190
712,6570,2190
711,6571,2191
1123,6572,2191
611,6573,2191
624,6574,2192
1111,6575,2192
623,6576,2192
102,6577,2193
1395,6578,2193
793,6579,2193
674,6580,2194
1114,6581,2194
606,6582,2194
823,6583,2195
1334,6584,2195
1164,6585,2195
54,6586,2196
1203,6587,2196
55,6588,2196
959,6589,2197
1239,6590,2197
963,6591,2197
973,6592,2198
1196,6593,2198
1176,6594,2198
711,6595,2199
1370,6596,2199
1098,6597,2199
818,6598,2200
1405,6599,2200
125,6600,2200
724,6601,2201
1185,6602,2201
1147,6603,2201
77,6604,2202
1253,6605,2202
76,6606,2202
33,6607,2203
1254,6608,2203
135,6609,2203
169,6610,2204
1254,6611,2204
32,6612,2204
1008,6613,2205
1219,6614,2205
712,6615,2205
1146,6616,2206
1193,6617,2206
681,6618,2206
85,6619,2207
1266,6620,2207
101,6621,2207
499,6622,2208
1263,6623,2208
507,6624,2208
942,6625,2209
1216,6626,2209
719,6627,2209
434,6628,2210
1163,6629,2210
1162,6630,2210
1036,6631,2211
1037,6632,2211
607,6633,2211
662,6634,2212
1174,6635,2212
575,6636,2212
859,6637,2213
1228,6638,2213
263,6639,2213
945,6640,2214
1245,6641,2214
106,6642,2214
404,6643,2215
1297,6644,2215
402,6645,2215
1066,6646,2216
1352,6647,2216
684,6648,2216
708,6649,2217
1305,6650,2217
709,6651,2217
785,6652,2218
1246,6653,2218
675,6654,2218
760,6655,2219
1248,6656,2219
691,6657,2219
692,6658,2220
1248,6659,2220
742,6660,2220
923,6661,2221
1150,6662,2221
435,6663,2221
1169,6664,2222
1392,6665,2222
541,6666,2222
1034,6667,2223
1240,6668,2223
107,6669,2223
1147,6670,2224
1185,6671,2224
478,6672,2224
1239,6673,2225
1287,6674,2225
963,6675,2225
32,6676,2226
1212,6677,2226
31,6678,2226
1108,6679,2227
1252,6680,2227
966,6681,2227
655,6682,2228
1198,6683,2228
654,6684,2228
75,6685,2229
1268,6686,2229
76,6687,2229
799,6688,2230
1218,6689,2230
1136,6690,2230
132,6691,2231
1313,6692,2231
1166,6693,2231
778,6694,2232
1346,6695,2232
768,6696,2232
754,6697,2233
1327,6698,2233
286,6699,2233
1136,6700,2234
1218,6701,2234
509,6702,2234
973,6703,2235
1240,6704,2235
1034,6705,2235
146,6706,2236
1208,6707,2236
3,6708,2236
147,6709,2237
1209,6710,2237
78,6711,2237
78,6712,2238
1210,6713,2238
145,6714,2238
1119,6715,2239
1329,6716,2239
138,6717,2239
1291,6718,2240
1342,6719,2240
1158,6720,2240
969,6721,2241
1176,6722,2241
567,6723,2241
787,6724,2242
1265,6725,2242
788,6726,2242
170,6727,2243
1250,6728,2243
1098,6729,2243
908,6730,2244
1188,6731,2244
907,6732,2244
167,6733,2245
1211,6734,2245
1076,6735,2245
661,6736,2246
1188,6737,2246
450,6738,2246
808,6739,2247
983,6740,2247
416,6741,2247
808,6742,2248
1173,6743,2248
983,6744,2248
450,6745,2249
1188,6746,2249
624,6747,2249
47,6748,2250
1279,6749,2250
130,6750,2250
937,6751,2251
1213,6752,2251
686,6753,2251
993,6754,2252
1244,6755,2252
974,6756,2252
1064,6757,2253
1215,6758,2253
1065,6759,2253
1253,6760,2254
1360,6761,2254
726,6762,2254
967,6763,2255
1319,6764,2255
411,6765,2255
883,6766,2256
1266,6767,2256
84,6768,2256
1137,6769,2257
1190,6770,2257
613,6771,2257
889,6772,2258
1340,6773,2258
888,6774,2258
688,6775,2259
1414,6776,2259
917,6777,2259
1131,6778,2260
1177,6779,2260
676,6780,2260
1162,6781,2261
1204,6782,2261
690,6783,2261
528,6784,2262
1359,6785,2262
940,6786,2262
656,6787,2263
1267,6788,2263
695,6789,2263
1271,6790,2264
1413,6791,2264
884,6792,2264
1106,6793,2265
1154,6794,2265
435,6795,2265
39,6796,2266
1287,6797,2266
38,6798,2266
130,6799,2267
1325,6800,2267
1091,6801,2267
998,6802,2268
1274,6803,2268
910,6804,2268
682,6805,2269
1270,6806,2269
684,6807,2269
288,6808,2270
1327,6809,2270
320,6810,2270
532,6811,2271
1414,6812,2271
504,6813,2271
402,6814,2272
1331,6815,2272
398,6816,2272
140,6817,2273
1229,6818,2273
1080,6819,2273
604,6820,2274
1284,6821,2274
508,6822,2274
337,6823,2275
1340,6824,2275
510,6825,2275
966,6826,2276
1237,6827,2276
965,6828,2276
6,6829,2277
1373,6830,2277
123,6831,2277
311,6832,2278
1380,6833,2278
278,6834,2278
1124,6835,2279
1128,6836,2279
413,6837,2279
149,6838,2280
1241,6839,2280
1030,6840,2280
338,6841,2281
1182,6842,2281
1168,6843,2281
510,6844,2282
1340,6845,2282
889,6846,2282
875,6847,2283
1408,6848,2283
502,6849,2283
1096,6850,2284
1348,6851,2284
760,6852,2284
715,6853,2285
1207,6854,2285
646,6855,2285
766,6856,2286
1134,6857,2286
764,6858,2286
645,6859,2287
1284,6860,2287
871,6861,2287
492,6862,2288
1358,6863,2288
363,6864,2288
839,6865,2289
1380,6866,2289
840,6867,2289
1281,6868,2290
1420,6869,2290
710,6870,2290
495,6871,2291
925,6872,2291
494,6873,2291
857,6874,2292
1341,6875,2292
856,6876,2292
871,6877,2293
1284,6878,2293
998,6879,2293
685,6880,2294
1276,6881,2294
1206,6882,2294
1164,6883,2295
1361,6884,2295
527,6885,2295
595,6886,2296
1295,6887,2296
596,6888,2296
699,6889,2297
1291,6890,2297
631,6891,2297
599,6892,2298
1389,6893,2298
598,6894,2298
406,6895,2299
1359,6896,2299
528,6897,2299
164,6898,2300
1382,6899,2300
931,6900,2300
106,6901,2301
1395,6902,2301
91,6903,2301
270,6904,2302
1199,6905,2302
214,6906,2302
740,6907,2303
1417,6908,2303
786,6909,2303
433,6910,2304
1237,6911,2304
1205,6912,2304
1345,6913,2305
1419,6914,2305
734,6915,2305
478,6916,2306
1184,6917,2306
1133,6918,2306
1198,6919,2307
1302,6920,2307
133,6921,2307
991,6922,2308
1354,6923,2308
22,6924,2308
889,6925,2309
1230,6926,2309
510,6927,2309
61,6928,2310
1405,6929,2310
161,6930,2310
910,6931,2311
1274,6932,2311
701,6933,2311
1144,6934,2312
1159,6935,2312
669,6936,2312
1010,6937,2313
1315,6938,2313
1013,6939,2313
332,6940,2314
1366,6941,2314
483,6942,2314
696,6943,2315
1294,6944,2315
787,6945,2315
1099,6946,2316
1370,6947,2316
577,6948,2316
570,6949,2317
1315,6950,2317
1139,6951,2317
92,6952,2318
1395,6953,2318
102,6954,2318
84,6955,2319
1219,6956,2319
83,6957,2319
56,6958,2320
1396,6959,2320
168,6960,2320
126,6961,2321
1383,6962,2321
911,6963,2321
853,6964,2322
1393,6965,2322
664,6966,2322
149,6967,2323
1249,6968,2323
1241,6969,2323
139,6970,2324
1221,6971,2324
40,6972,2324
1086,6973,2325
1250,6974,2325
1085,6975,2325
1229,6976,2326
1307,6977,2326
658,6978,2326
739,6979,2327
1321,6980,2327
574,6981,2327
1270,6982,2328
1410,6983,2328
118,6984,2328
699,6985,2329
1293,6986,2329
1027,6987,2329
771,6988,2330
1220,6989,2330
779,6990,2330
512,6991,2331
1321,6992,2331
578,6993,2331
112,6994,2332
1348,6995,2332
24,6996,2332
734,6997,2333
1419,6998,2333
539,6999,2333
1128,7000,2334
1206,7001,2334
1129,7002,2334
148,7003,2335
1256,7004,2335
1187,7005,2335
639,7006,2336
1285,7007,2336
1172,7008,2336
25,7009,2337
1348,7010,2337
1096,7011,2337
721,7012,2338
1204,7013,2338
1163,7014,2338
790,7015,2339
1218,7016,2339
799,7017,2339
22,7018,2340
1354,7019,2340
23,7020,2340
397,7021,2341
1277,7022,2341
835,7023,2341
609,7024,2342
1390,7025,2342
1152,7026,2342
2,7027,2343
1363,7028,2343
1,7029,2343
79,7030,2344
1365,7031,2344
1,7032,2344
1,7033,2345
1362,7034,2345
2,7035,2345
1,7036,2346
1364,7037,2346
79,7038,2346
1169,7039,2347
1260,7040,2347
828,7041,2347
669,7042,2348
1222,7043,2348
667,7044,2348
1042,7045,2349
1301,7046,2349
128,7047,2349
66,7048,2350
1383,7049,2350
126,7050,2350
165,7051,2351
1383,7052,2351
65,7053,2351
28,7054,2352
1226,7055,2352
27,7056,2352
862,7057,2353
1406,7058,2353
806,7059,2353
132,7060,2354
1391,7061,2354
42,7062,2354
1,7063,2355
1363,7064,2355
80,7065,2355
1,7066,2356
1365,7067,2356
98,7068,2356
1054,7069,2357
1276,7070,2357
162,7071,2357
1133,7072,2358
1184,7073,2358
703,7074,2358
982,7075,2359
1359,7076,2359
408,7077,2359
806,7078,2360
1230,7079,2360
659,7080,2360
1228,7081,2361
1372,7082,2361
890,7083,2361
813,7084,2362
1234,7085,2362
811,7086,2362
98,7087,2363
1362,7088,2363
1,7089,2363
80,7090,2364
1364,7091,2364
1,7092,2364
680,7093,2365
1229,7094,2365
658,7095,2365
1047,7096,2366
1336,7097,2366
700,7098,2366
1129,7099,2367
1206,7100,2367
960,7101,2367
1037,7102,2368
1196,7103,2368
651,7104,2368
869,7105,2369
1253,7106,2369
726,7107,2369
576,7108,2370
1370,7109,2370
711,7110,2370
976,7111,2371
1379,7112,2371
144,7113,2371
665,7114,2372
1368,7115,2372
542,7116,2372
633,7117,2373
1291,7118,2373
1158,7119,2373
109,7120,2374
1377,7121,2374
1045,7122,2374
498,7123,2375
925,7124,2375
495,7125,2375
1083,7126,2376
1307,7127,2376
1229,7128,2376
290,7129,2377
1385,7130,2377
1194,7131,2377
1153,7132,2378
1201,7133,2378
707,7134,2378
1017,7135,2379
1245,7136,2379
774,7137,2379
1080,7138,2380
1229,7139,2380
680,7140,2380
1019,7141,2381
1249,7142,2381
149,7143,2381
492,7144,2382
1349,7145,2382
892,7146,2382
1027,7147,2383
1293,7148,2383
1026,7149,2383
972,7150,2384
1240,7151,2384
973,7152,2384
503,7153,2385
1414,7154,2385
688,7155,2385
722,7156,2386
1387,7157,2386
943,7158,2386
129,7159,2387
1265,7160,2387
1043,7161,2387
145,7162,2388
1360,7163,2388
1253,7164,2388
1125,7165,2389
1309,7166,2389
459,7167,2389
765,7168,2390
1223,7169,2390
777,7170,2390
62,7171,2391
1231,7172,2391
63,7173,2391
965,7174,2392
1237,7175,2392
433,7176,2392
1083,7177,2393
1229,7178,2393
140,7179,2393
125,7180,2394
1405,7181,2394
62,7182,2394
153,7183,2395
1336,7184,2395
1047,7185,2395
1128,7186,2396
1129,7187,2396
413,7188,2396
1120,7189,2397
1270,7190,2397
118,7191,2397
43,7192,2398
1232,7193,2398
44,7194,2398
794,7195,2399
1396,7196,2399
1203,7197,2399
84,7198,2400
1243,7199,2400
1219,7200,2400
641,7201,2401
1225,7202,2401
718,7203,2401
144,7204,2402
1379,7205,2402
45,7206,2402
807,7207,2403
1233,7208,2403
808,7209,2403
741,7210,2404
1298,7211,2404
996,7212,2404
963,7213,2405
1351,7214,2405
961,7215,2405
688,7216,2406
1262,7217,2406
687,7218,2406
1206,7219,2407
1276,7220,2407
1217,7221,2407
713,7222,2408
1300,7223,2408
931,7224,2408
100,7225,2409
1259,7226,2409
1243,7227,2409
1163,7228,2410
1204,7229,2410
1162,7230,2410
483,7231,2411
1366,7232,2411
915,7233,2411
812,7234,2412
1290,7235,2412
813,7236,2412
506,7237,2413
1393,7238,2413
700,7239,2413
897,7240,2414
1403,7241,2414
552,7242,2414
1095,7243,2415
1399,7244,2415
141,7245,2415
720,7246,2416
1235,7247,2416
942,7248,2416
1214,7249,2417
1304,7250,2417
572,7251,2417
502,7252,2418
1227,7253,2418
266,7254,2418
1038,7255,2419
1238,7256,2419
1202,7257,2419
1328,7258,2420
1420,7259,2420
677,7260,2420
128,7261,2421
1238,7262,2421
1038,7263,2421
811,7264,2422
1234,7265,2422
814,7266,2422
116,7267,2423
1287,7268,2423
1239,7269,2423
104,7270,2424
1337,7271,2424
1220,7272,2424
1015,7273,2425
1373,7274,2425
5,7275,2425
782,7276,2426
1320,7277,2426
1017,7278,2426
935,7279,2427
1191,7280,2427
934,7281,2427
727,7282,2428
1344,7283,2428
869,7284,2428
847,7285,2429
1409,7286,2429
980,7287,2429
103,7288,2430
1398,7289,2430
1236,7290,2430
1025,7291,2431
1242,7292,2431
1022,7293,2431
780,7294,2432
1385,7295,2432
781,7296,2432
1290,7297,2433
1404,7298,2433
813,7299,2433
797,7300,2434
1227,7301,2434
716,7302,2434
110,7303,2435
1242,7304,2435
1025,7305,2435
857,7306,2436
1339,7307,2436
1088,7308,2436
1007,7309,2437
1274,7310,2437
604,7311,2437
856,7312,2438
1201,7313,2438
1153,7314,2438
1021,7315,2439
1353,7316,2439
1180,7317,2439
87,7318,2440
1236,7319,2440
86,7320,2440
878,7321,2441
1335,7322,2441
952,7323,2441
395,7324,2442
1200,7325,2442
866,7326,2442
1170,7327,2443
1302,7328,2443
655,7329,2443
732,7330,2444
1399,7331,2444
1095,7332,2444
1172,7333,2445
1285,7334,2445
1059,7335,2445
943,7336,2446
1268,7337,2446
755,7338,2446
800,7339,2447
1232,7340,2447
801,7341,2447
1083,7342,2448
1347,7343,2448
1258,7344,2448
1019,7345,2449
1280,7346,2449
1249,7347,2449
1070,7348,2450
1381,7349,2450
139,7350,2450
605,7351,2451
1273,7352,2451
1151,7353,2451
960,7354,2452
1239,7355,2452
959,7356,2452
813,7357,2453
1404,7358,2453
933,7359,2453
165,7360,2454
1411,7361,2454
871,7362,2454
1100,7363,2455
1309,7364,2455
1101,7365,2455
85,7366,2456
1243,7367,2456
84,7368,2456
377,7369,2457
1255,7370,2457
322,7371,2457
107,7372,2458
1240,7373,2458
1031,7374,2458
1048,7375,2459
1316,7376,2459
155,7377,2459
593,7378,2460
1233,7379,2460
592,7380,2460
95,7381,2461
1251,7382,2461
173,7383,2461
1137,7384,2462
1384,7385,2462
1310,7386,2462
1188,7387,2463
1308,7388,2463
624,7389,2463
1052,7390,2464
1375,7391,2464
1053,7392,2464
122,7393,2465
1299,7394,2465
1014,7395,2465
1211,7396,2466
1420,7397,2466
1328,7398,2466
162,7399,2467
1275,7400,2467
1051,7401,2467
791,7402,2468
1410,7403,2468
1270,7404,2468
1242,7405,2469
1416,7406,2469
1022,7407,2469
1091,7408,2470
1252,7409,2470
1092,7410,2470
648,7411,2471
1200,7412,2471
820,7413,2471
766,7414,2472
1346,7415,2472
1134,7416,2472
1217,7417,2473
1239,7418,2473
960,7419,2473
951,7420,2474
1261,7421,2474
952,7422,2474
1137,7423,2475
1310,7424,2475
1190,7425,2475
540,7426,2476
1257,7427,2476
534,7428,2476
1187,7429,2477
1256,7430,2477
178,7431,2477
994,7432,2478
1244,7433,2478
993,7434,2478
1082,7435,2479
1347,7436,2479
1083,7437,2479
836,7438,2480
1242,7439,2480
853,7440,2480
675,7441,2481
1246,7442,2481
677,7443,2481
1098,7444,2482
1370,7445,2482
1099,7446,2482
578,7447,2483
1285,7448,2483
1130,7449,2483
1028,7450,2484
1324,7451,2484
1192,7452,2484
701,7453,2485
1274,7454,2485
1007,7455,2485
980,7456,2486
1409,7457,2486
540,7458,2486
712,7459,2487
1259,7460,2487
671,7461,2487
1183,7462,2488
1269,7463,2488
1060,7464,2488
691,7465,2489
1248,7466,2489
692,7467,2489
908,7468,2490
1308,7469,2490
1188,7470,2490
1062,7471,2491
1386,7472,2491
1184,7473,2491
145,7474,2492
1253,7475,2492
77,7476,2492
32,7477,2493
1254,7478,2493
33,7479,2493
883,7480,2494
1355,7481,2494
689,7482,2494
1166,7483,2495
1313,7484,2495
1167,7485,2495
1076,7486,2496
1328,7487,2496
134,7488,2496
120,7489,2497
1280,7490,2497
1019,7491,2497
2,7492,2498
1256,7493,2498
3,7494,2498
111,7495,2499
1300,7496,2499
1101,7497,2499
931,7498,2500
1382,7499,2500
1170,7500,2500
805,7501,2501
1408,7502,2501
738,7503,2501
317,7504,2502
1374,7505,2502
861,7506,2502
1085,7507,2503
1250,7508,2503
170,7509,2503
705,7510,2504
1306,7511,2504
1110,7512,2504
944,7513,2505
1337,7514,2505
104,7515,2505
1214,7516,2506
1323,7517,2506
753,7518,2506
380,7519,2507
1278,7520,2507
313,7521,2507
690,7522,2508
1249,7523,2508
662,7524,2508
1027,7525,2509
1342,7526,2509
1291,7527,2509
990,7528,2510
1350,7529,2510
989,7530,2510
1104,7531,2511
1374,7532,2511
317,7533,2511
1241,7534,2512
1249,7535,2512
690,7536,2512
166,7537,2513
1415,7538,2513
21,7539,2513
858,7540,2514
1339,7541,2514
857,7542,2514
1275,7543,2515
1326,7544,2515
1051,7545,2515
1206,7546,2516
1217,7547,2516
960,7548,2516
1245,7549,2517
1402,7550,2517
106,7551,2517
501,7552,2518
1263,7553,2518
499,7554,2518
1164,7555,2519
1334,7556,2519
899,7557,2519
836,7558,2520
1416,7559,2520
1242,7560,2520
1103,7561,2521
1301,7562,2521
935,7563,2521
915,7564,2522
1366,7565,2522
896,7566,2522
1217,7567,2523
1276,7568,2523
1054,7569,2523
715,7570,2524
1360,7571,2524
1142,7572,2524
121,7573,2525
1268,7574,2525
75,7575,2525
706,7576,2526
1317,7577,2526
1110,7578,2526
1074,7579,2527
1322,7580,2527
167,7581,2527
914,7582,2528
1317,7583,2528
706,7584,2528
1203,7585,2529
1396,7586,2529
55,7587,2529
996,7588,2530
1298,7589,2530
634,7590,2530
1060,7591,2531
1269,7592,2531
117,7593,2531
674,7594,2532
1215,7595,2532
1114,7596,2532
966,7597,2533
1286,7598,2533
1237,7599,2533
1171,7600,2534
1388,7601,2534
174,7602,2534
494,7603,2535
1349,7604,2535
492,7605,2535
1106,7606,2536
1307,7607,2536
1154,7608,2536
1215,7609,2537
1390,7610,2537
1065,7611,2537
671,7612,2538
1259,7613,2538
1155,7614,2538
1030,7615,2539
1292,7616,2539
108,7617,2539
1130,7618,2540
1285,7619,2540
639,7620,2540
746,7621,2541
1267,7622,2541
656,7623,2541
1094,7624,2542
1384,7625,2542
695,7626,2542
786,7627,2543
1283,7628,2543
741,7629,2543
46,7630,2544
1279,7631,2544
47,7632,2544
759,7633,2545
1369,7634,2545
704,7635,2545
1221,7636,2546
1351,7637,2546
963,7638,2546
84,7639,2547
1266,7640,2547
85,7641,2547
793,7642,2548
1320,7643,2548
786,7644,2548
791,7645,2549
1270,7646,2549
682,7647,2549
1152,7648,2550
1390,7649,2550
674,7650,2550
878,7651,2551
1261,7652,2551
877,7653,2551
501,7654,2552
1281,7655,2552
1263,7656,2552
1194,7657,2553
1385,7658,2553
780,7659,2553
1151,7660,2554
1273,7661,2554
795,7662,2554
1040,7663,2555
1397,7664,2555
605,7665,2555
1154,7666,2556
1258,7667,2556
751,7668,2556
847,7669,2557
1289,7670,2557
846,7671,2557
677,7672,2558
1281,7673,2558
501,7674,2558
880,7675,2559
1392,7676,2559
829,7677,2559
1191,7678,2560
1316,7679,2560
665,7680,2560
195,7681,2561
1271,7682,2561
884,7683,2561
1092,7684,2562
1310,7685,2562
1112,7686,2562
131,7687,2563
1418,7688,2563
1203,7689,2563
1220,7690,2564
1337,7691,2564
779,7692,2564
528,7693,2565
1297,7694,2565
404,7695,2565
1099,7696,2566
1313,7697,2566
1115,7698,2566
679,7699,2567
1275,7700,2567
685,7701,2567
1134,7702,2568
1403,7703,2568
897,7704,2568
1225,7705,2569
1329,7706,2569
718,7707,2569
930,7708,2570
1305,7709,2570
513,7710,2570
158,7711,2571
1294,7712,2571
1029,7713,2571
817,7714,2572
1412,7715,2572
818,7716,2572
659,7717,2573
1230,7718,2573
889,7719,2573
1249,7720,2574
1280,7721,2574
662,7722,2574
838,7723,2575
1305,7724,2575
708,7725,2575
596,7726,2576
1407,7727,2576
1233,7728,2576
43,7729,2577
1391,7730,2577
1232,7731,2577
788,7732,2578
1265,7733,2578
1159,7734,2578
38,7735,2579
1287,7736,2579
116,7737,2579
1204,7738,2580
1241,7739,2580
690,7740,2580
744,7741,2581
1312,7742,2581
702,7743,2581
1042,7744,2582
1376,7745,2582
1301,7746,2582
1189,7747,2583
1339,7748,2583
858,7749,2583
717,7750,2584
1369,7751,2584
921,7752,2584
849,7753,2585
1288,7754,2585
848,7755,2585
921,7756,2586
1369,7757,2586
759,7758,2586
174,7759,2587
1388,7760,2587
939,7761,2587
669,7762,2588
1367,7763,2588
1222,7764,2588
1262,7765,2589
1371,7766,2589
687,7767,2589
508,7768,2590
1284,7769,2590
645,7770,2590
753,7771,2591
1304,7772,2591
1214,7773,2591
1243,7774,2592
1259,7775,2592
712,7776,2592
1236,7777,2593
1398,7778,2593
758,7779,2593
1343,7780,2594
1369,7781,2594
717,7782,2594
972,7783,2595
1332,7784,2595
1240,7785,2595
1232,7786,2596
1391,7787,2596
801,7788,2596
674,7789,2597
1390,7790,2597
1215,7791,2597
177,7792,2598
1282,7793,2598
1143,7794,2598
155,7795,2599
1376,7796,2599
1042,7797,2599
658,7798,2600
1307,7799,2600
1106,7800,2600
210,7801,2601
1290,7802,2601
212,7803,2601
1110,7804,2602
1306,7805,2602
583,7806,2602
1320,7807,2603
1402,7808,2603
1017,7809,2603
873,7810,2604
1358,7811,2604
892,7812,2604
101,7813,2605
1335,7814,2605
944,7815,2605
1026,7816,2606
1293,7817,2606
152,7818,2606
108,7819,2607
1356,7820,2607
1035,7821,2607
1237,7822,2608
1286,7823,2608
978,7824,2608
903,7825,2609
1272,7826,2609
968,7827,2609
684,7828,2610
1295,7829,2610
595,7830,2610
1165,7831,2611
1368,7832,2611
1049,7833,2611
1298,7834,2612
1324,7835,2612
634,7836,2612
631,7837,2613
1291,7838,2613
633,7839,2613
624,7840,2614
1264,7841,2614
1111,7842,2614
1184,7843,2615
1386,7844,2615
703,7845,2615
751,7846,2616
1258,7847,2616
1179,7848,2616
700,7849,2617
1336,7850,2617
745,7851,2617
816,7852,2618
1294,7853,2618
696,7854,2618
1057,7855,2619
1300,7856,2619
111,7857,2619
783,7858,2620
1283,7859,2620
782,7860,2620
538,7861,2621
1331,7862,2621
1260,7863,2621
1268,7864,2622
1394,7865,2622
755,7866,2622
763,7867,2623
1330,7868,2623
1223,7869,2623
1029,7870,2624
1294,7871,2624
816,7872,2624
46,7873,2625
1379,7874,2625
1279,7875,2625
609,7876,2626
1368,7877,2626
1165,7878,2626
679,7879,2627
1326,7880,2627
1275,7881,2627
1011,7882,2628
1315,7883,2628
1010,7884,2628
1014,7885,2629
1299,7886,2629
1011,7887,2629
1240,7888,2630
1332,7889,2630
1031,7890,2630
1192,7891,2631
1324,7892,2631
784,7893,2631
1112,7894,2632
1310,7895,2632
143,7896,2632
890,7897,2633
1306,7898,2633
705,7899,2633
1227,7900,2634
1247,7901,2634
716,7902,2634
1190,7903,2635
1310,7904,2635
1092,7905,2635
892,7906,2636
1349,7907,2636
737,7908,2636
974,7909,2637
1332,7910,2637
972,7911,2637
919,7912,2638
1308,7913,2638
908,7914,2638
1115,7915,2639
1313,7916,2639
132,7917,2639
1017,7918,2640
1402,7919,2640
1245,7920,2640
948,7921,2641
1303,7922,2641
586,7923,2641
851,7924,2642
1262,7925,2642
234,7926,2642
1293,7927,2643
1311,7928,2643
152,7929,2643
1049,7930,2644
1316,7931,2644
1048,7932,2644
1003,7933,2645
1314,7934,2645
648,7935,2645
904,7936,2646
1323,7937,2646
905,7938,2646
411,7939,2647
1319,7940,2647
930,7941,2647
1277,7942,2648
1416,7943,2648
836,7944,2648
152,7945,2649
1311,7946,2649
1032,7947,2649
1269,7948,2650
1357,7949,2650
117,7950,2650
634,7951,2651
1324,7952,2651
1028,7953,2651
1247,7954,2652
1408,7955,2652
805,7956,2652
123,7957,2653
1342,7958,2653
1027,7959,2653
842,7960,2654
1404,7961,2654
213,7962,2654
1101,7963,2655
1300,7964,2655
713,7965,2655
1091,7966,2656
1286,7967,2656
1252,7968,2656
863,7969,2657
1333,7970,2657
864,7971,2657
162,7972,2658
1276,7973,2658
1275,7974,2658
134,7975,2659
1328,7976,2659
1246,7977,2659
1203,7978,2660
1418,7979,2660
748,7980,2660
851,7981,2661
1371,7982,2661
1262,7983,2661
1053,7984,2662
1375,7985,2662
1273,7986,2662
721,7987,2663
1292,7988,2663
1204,7989,2663
746,7990,2664
1418,7991,2664
1267,7992,2664
702,7993,2665
1312,7994,2665
992,7995,2665
1138,7996,2666
1394,7997,2666
1180,7998,2666
819,7999,2667
1352,8000,2667
161,8001,2667
1275,8002,2668
1276,8003,2668
685,8004,2668
79,8005,2669
1364,8006,2669
1210,8007,2669
1140,8008,2670
1318,8009,2670
171,8010,2670
662,8011,2671
1280,8012,2671
1174,8013,2671
398,8014,2672
1331,8015,2672
538,8016,2672
1209,8017,2673
1365,8018,2673
79,8019,2673
1208,8020,2674
1363,8021,2674
2,8022,2674
335,8023,2675
1340,8024,2675
337,8025,2675
574,8026,2676
1321,8027,2676
512,8028,2676
1318,8029,2677
1355,8030,2677
171,8031,2677
119,8032,2678
1339,8033,2678
1189,8034,2678
502,8035,2679
1247,8036,2679
1227,8037,2679
142,8038,2680
1341,8039,2680
1089,8040,2680
862,8041,2681
1413,8042,2681
863,8043,2681
1031,8044,2682
1332,8045,2682
150,8046,2682
922,8047,2683
1361,8048,2683
900,8049,2683
717,8050,2684
1401,8051,2684
1343,8052,2684
725,8053,2685
1322,8054,2685
739,8055,2685
260,8056,2686
1330,8057,2686
256,8058,2686
755,8059,2687
1394,8060,2687
1138,8061,2687
1310,8062,2688
1384,8063,2688
143,8064,2688
991,8065,2689
1338,8066,2689
743,8067,2689
978,8068,2690
1325,8069,2690
977,8070,2690
286,8071,2691
1327,8072,2691
288,8073,2691
718,8074,2692
1329,8075,2692
720,8076,2692
1051,8077,2693
1326,8078,2693
137,8079,2693
121,8080,2694
1394,8081,2694
1268,8082,2694
1238,8083,2695
1301,8084,2695
1103,8085,2695
989,8086,2696
1350,8087,2696
988,8088,2696
363,8089,2697
1358,8090,2697
361,8091,2697
408,8092,2698
1359,8093,2698
406,8094,2698
689,8095,2699
1355,8096,2699
1105,8097,2699
161,8098,2700
1352,8099,2700
1066,8100,2700
330,8101,2701
1366,8102,2701
332,8103,2701
1204,8104,2702
1292,8105,2702
1241,8106,2702
24,8107,2703
1348,8108,2703
25,8109,2703
1023,8110,2704
1353,8111,2704
1021,8112,2704
459,8113,2705
1309,8114,2705
1100,8115,2705
899,8116,2706
1334,8117,2706
585,8118,2706
779,8119,2707
1337,8120,2707
878,8121,2707
961,8122,2708
1351,8123,2708
964,8124,2708
22,8125,2709
1415,8126,2709
991,8127,2709
527,8128,2710
1361,8129,2710
1195,8130,2710
1088,8131,2711
1339,8132,2711
119,8133,2711
167,8134,2712
1322,8135,2712
1211,8136,2712
924,8137,2713
1392,8138,2713
880,8139,2713
23,8140,2714
1354,8141,2714
112,8142,2714
714,8143,2715
1356,8144,2715
721,8145,2715
818,8146,2716
1412,8147,2716
819,8148,2716
117,8149,2717
1357,8150,2717
1050,8151,2717
768,8152,2718
1346,8153,2718
766,8154,2718
868,8155,2719
1333,8156,2719
867,8157,2719
1091,8158,2720
1325,8159,2720
1286,8160,2720
171,8161,2721
1355,8162,2721
883,8163,2721
726,8164,2722
1360,8165,2722
715,8166,2722
655,8167,2723
1302,8168,2723
1198,8169,2723
1158,8170,2724
1342,8171,2724
1016,8172,2724
1111,8173,2725
1326,8174,2725
679,8175,2725
1233,8176,2726
1407,8177,2726
808,8178,2726
80,8179,2727
1363,8180,2727
176,8181,2727
98,8182,2728
1365,8183,2728
177,8184,2728
915,8185,2729
1343,8186,2729
483,8187,2729
178,8188,2730
1362,8189,2730
98,8190,2730
175,8191,2731
1364,8192,2731
80,8193,2731
5,8194,2732
1373,8195,2732
6,8196,2732
687,8197,2733
1371,8198,2733
982,8199,2733
1292,8200,2734
1356,8201,2734
108,8202,2734
542,8203,2735
1368,8204,2735
609,8205,2735
45,8206,2736
1379,8207,2736
46,8208,2736
168,8209,2737
1347,8210,2737
1082,8211,2737
1032,8212,2738
1377,8213,2738
109,8214,2738
666,8215,2739
1388,8216,2739
1171,8217,2739
940,8218,2740
1371,8219,2740
851,8220,2740
65,8221,2741
1383,8222,2741
66,8223,2741
577,8224,2742
1370,8225,2742
576,8226,2742
781,8227,2743
1385,8228,2743
784,8229,2743
703,8230,2744
1386,8231,2744
744,8232,2744
1338,8233,2745
1415,8234,2745
166,8235,2745
758,8236,2746
1398,8237,2746
728,8238,2746
695,8239,2747
1384,8240,2747
1137,8241,2747
602,8242,2748
1389,8243,2748
599,8244,2748
278,8245,2749
1380,8246,2749
271,8247,2749
1186,8248,2750
1372,8249,2750
653,8250,2750
42,8251,2751
1391,8252,2751
43,8253,2751
541,8254,2752
1392,8255,2752
924,8256,2752
1311,8257,2753
1377,8258,2753
1032,8259,2753
1041,8260,2754
1397,8261,2754
1040,8262,2754
1072,8263,2755
1381,8264,2755
1070,8265,2755
731,8266,2756
1387,8267,2756
722,8268,2756
55,8269,2757
1396,8270,2757
56,8271,2757
120,8272,2758
1344,8273,2758
1280,8274,2758
128,8275,2759
1301,8276,2759
1238,8277,2759
664,8278,2760
1393,8279,2760
506,8280,2760
21,8281,2761
1415,8282,2761
22,8283,2761
143,8284,2762
1384,8285,2762
1094,8286,2762
1241,8287,2763
1292,8288,2763
1030,8289,2763
1174,8290,2764
1344,8291,2764
727,8292,2764
91,8293,2765
1395,8294,2765
92,8295,2765
1170,8296,2766
1382,8297,2766
1302,8298,2766
1211,8299,2767
1322,8300,2767
725,8301,2767
1211,8302,2768
1328,8303,2768
1076,8304,2768
598,8305,2769
1323,8306,2769
1214,8307,2769
552,8308,2770
1403,8309,2770
554,8310,2770
733,8311,2771
1400,8312,2771
859,8313,2771
815,8314,2772
1417,8315,2772
740,8316,2772
933,8317,2773
1404,8318,2773
842,8319,2773
653,8320,2774
1372,8321,2774
1228,8322,2774
118,8323,2775
1410,8324,2775
1067,8325,2775
1201,8326,2776
1341,8327,2776
142,8328,2776
141,8329,2777
1399,8330,2777
1086,8331,2777
115,8332,2778
1375,8333,2778
1052,8334,2778
684,8335,2779
1352,8336,2779
1295,8337,2779
441,8338,2780
1406,8339,2780
392,8340,2780
62,8341,2781
1405,8342,2781
61,8343,2781
660,8344,2782
1413,8345,2782
862,8346,2782
1022,8347,2783
1416,8348,2783
1023,8349,2783
820,8350,2784
1419,8351,2784
617,8352,2784
504,8353,2785
1414,8354,2785
503,8355,2785
1179,8356,2786
1347,8357,2786
168,8358,2786
483,8359,2787
1401,8360,2787
807,8361,2787
748,8362,2788
1418,8363,2788
746,8364,2788
871,8365,2789
1411,8366,2789
735,8367,2789
1056,8368,2790
1382,8369,2790
164,8370,2790
139,8371,2791
1351,8372,2791
1221,8373,2791
1210,8374,2792
1364,8375,2792
175,8376,2792
177,8377,2793
1365,8378,2793
1209,8379,2793
176,8380,2794
1363,8381,2794
1208,8382,2794
1256,8383,2795
1362,8384,2795
178,8385,2795
1288,8386,2796
1409,8387,2796
848,8388,2796
1077,8389,2797
1411,8390,2797
165,8391,2797
704,8392,2798
1343,8393,2798
915,8394,2798
1301,8395,2799
1376,8396,2799
935,8397,2799
793,8398,2800
1402,8399,2800
1320,8400,2800
624,8401,2801
1308,8402,2801
1264,8403,2801
721,8404,2802
1356,8405,2802
1292,8406,2802
528,8407,2803
1378,8408,2803
1297,8409,2803
1252,8410,2804
1286,8411,2804
966,8412,2804
1280,8413,2805
1344,8414,2805
1174,8415,2805
1195,8416,2806
1361,8417,2806
922,8418,2806
786,8419,2807
1320,8420,2807
1283,8421,2807
856,8422,2808
1341,8423,2808
1201,8424,2808
1286,8425,2809
1325,8426,2809
978,8427,2809
1223,8428,2810
1330,8429,2810
260,8430,2810
808,8431,2811
1407,8432,2811
1173,8433,2811
735,8434,2812
1411,8435,2812
1077,8436,2812
540,8437,2813
1288,8438,2813
1257,8439,2813
617,8440,2814
1419,8441,2814
1345,8442,2814
1224,8443,2815
1338,8444,2815
166,8445,2815
1159,8446,2816
1367,8447,2816
669,8448,2816
1180,8449,2817
1394,8450,2817
121,8451,2817
743,8452,2818
1338,8453,2818
1224,8454,2818
1246,8455,2819
1328,8456,2819
677,8457,2819
1273,8458,2820
1375,8459,2820
795,8460,2820
1283,8461,2821
1320,8462,2821
782,8463,2821
935,8464,2822
1376,8465,2822
1191,8466,2822
1258,8467,2823
1347,8468,2823
1179,8469,2823
2,8470,2824
1362,8471,2824
1256,8472,2824
725,8473,2825
1420,8474,2825
1211,8475,2825
1023,8476,2826
1416,8477,2826
1277,8478,2826
1067,8479,2827
1410,8480,2827
1235,8481,2827
1235,8482,2828
1410,8483,2828
791,8484,2828
863,8485,2829
1413,8486,2829
1271,8487,2829
677,8488,2830
1420,8489,2830
1281,8490,2830
1295,8491,2831
1352,8492,2831
819,8493,2831
704,8494,2832
1369,8495,2832
1343,8496,2832
1302,8497,2833
1382,8498,2833
1056,8499,2833
1173,8500,2834
1407,8501,2834
1296,8502,2834
819,8503,2835
1412,8504,2835
1296,8505,2835
502,8506,2836
1408,8507,2836
1247,8508,2836
1296,8509,2837
1407,8510,2837
596,8511,2837
540,8512,2838
1409,8513,2838
1288,8514,2838
991,8515,2839
1415,8516,2839
1338,8517,2839
1343,8518,2840
1401,8519,2840
483,8520,2840
