$MeshFormat
4.1 0 8
$EndMeshFormat
$PhysicalNames
1
2 1 "torus_primal"
$EndPhysicalNames
$Entities
1 2 1 1
1 2 -4.898587196589413e-16 -1.224646799147353e-16 0 
1 -2.0000001 -2.0000001 -1.000000001224647e-07 2.0000001 2.0000001 9.999999987753531e-08 0 2 1 -1 
2 0.9999999000000001 -1.000000004898587e-07 -0.5000000999999999 2.0000001 9.999999975507065e-08 0.5000000999999999 0 2 1 -1 
1 -2.164784500584788 -2.164784500584788 -0.5000000999999999 2.164784500584788 2.164784500584788 0.5000000999999999 1 1 4 -1 2 1 -2 
1 -2.164784500584788 -2.164784500584788 -0.5000000999999999 2.164784500584788 2.164784500584788 0.5000000999999999 0 1 1 
$EndEntities
$Nodes
4 1420 1 1420
0 1 0 1
1
2 -4.898587196589413e-16 -1.224646799147353e-16
1 1 0 78
2
3
4
5
6
7
8
9
10
11
12
13
14
15
16
17
18
19
20
21
22
23
24
25
26
27
28
29
30
31
32
33
34
35
36
37
38
39
40
41
42
43
44
45
46
47
48
49
50
51
52
53
54
55
56
57
58
59
60
61
62
63
64
65
66
67
68
69
70
71
72
73
74
75
76
77
78
79
1.993677678029392 0.1589003339434286 -1.224646799147353e-16
1.974750683872667 0.3167960488144297 -1.224646799147353e-16
1.94333868008082 0.4726888770658095 -1.224646799147353e-16
1.899640263455566 0.6255932140444538 -1.224646799147353e-16
1.843931709456414 0.7745423493012816 -1.224646799147353e-16
1.776565225498264 0.9185945784459553 -1.224646799147353e-16
1.697966724182728 1.056839156905238 -1.224646799147353e-16
1.60863313054153 1.18840205794342 -1.224646799147353e-16
1.509129240316461 1.312451498540751 -1.224646799147353e-16
1.400084149138851 1.428203198193499 -1.224646799147353e-16
1.282187275184441 1.534925337387815 -1.224646799147353e-16
1.156184000449697 1.631943184398321 -1.224646799147353e-16
1.022870958206845 1.718643361159321 -1.224646799147353e-16
0.8830909964318245 1.794477721238424 -1.224646799147353e-16
0.7377278490480165 1.858966815394774 -1.224646799147353e-16
0.587700548675843 1.911702922811521 -1.224646799147353e-16
0.4339576162126372 1.952352628838101 -1.224646799147353e-16
0.2774710639781375 1.980658932945004 -1.224646799147353e-16
0.1192302503396407 1.996442873563866 -1.224646799147353e-16
-0.03976437533013946 1.999604659540131 -1.224646799147353e-16
-0.198507597816122 1.990124301044855 -1.224646799147353e-16
-0.3559957913550994 1.968061735956842 -1.224646799147353e-16
-0.5112332648809483 1.933556450916075 -1.224646799147353e-16
-0.6632385571041347 1.886826599444269 -1.224646799147353e-16
-0.8110506416259866 1.82816762270807 -1.224646799147353e-16
-0.953735002857011 1.757950381644868 -1.224646799147353e-16
-1.090389544325335 1.676618812260553 -1.224646799147353e-16
-1.220150292021048 1.584687118923149 -1.224646799147353e-16
-1.342196856718072 1.482736523397237 -1.224646799147353e-16
-1.455757620738987 1.371411590172828 -1.224646799147353e-16
-1.560114616370424 1.251416151321121 -1.224646799147353e-16
-1.654608065086114 1.123508856641543 -1.224646799147353e-16
-1.738640548879164 0.9884983772334475 -1.224646799147353e-16
-1.811680787331045 0.8472382928170582 -1.224646799147353e-16
-1.873266996537455 0.7006216951276503 -1.224646799147353e-16
-1.92300980865484 0.5495755415020527 -1.224646799147353e-16
-1.960594733609272 0.3950547943559086 -1.224646799147353e-16
-1.985784147403947 0.2380363836038124 -1.224646799147353e-16
-1.998418794454604 0.07951303019385443 -1.224646799147353e-16
-1.998418794454604 -0.07951303019384773 -1.224646799147353e-16
-1.985784147403947 -0.2380363836038066 -1.224646799147353e-16
-1.960594733609273 -0.3950547943559012 -1.224646799147353e-16
-1.923009808654842 -0.5495755415020471 -1.224646799147353e-16
-1.873266996537458 -0.7006216951276439 -1.224646799147353e-16
-1.811680787331048 -0.847238292817053 -1.224646799147353e-16
-1.738640548879167 -0.9884983772334416 -1.224646799147353e-16
-1.654608065086117 -1.123508856641537 -1.224646799147353e-16
-1.560114616370428 -1.251416151321115 -1.224646799147353e-16
-1.455757620738992 -1.371411590172822 -1.224646799147353e-16
-1.342196856718078 -1.482736523397233 -1.224646799147353e-16
-1.220150292021054 -1.584687118923145 -1.224646799147353e-16
-1.09038954432534 -1.67661881226055 -1.224646799147353e-16
-0.9537350028570184 -1.757950381644864 -1.224646799147353e-16
-0.8110506416259939 -1.828167622708067 -1.224646799147353e-16
-0.6632385571041431 -1.886826599444266 -1.224646799147353e-16
-0.5112332648809582 -1.933556450916072 -1.224646799147353e-16
-0.3559957913551091 -1.96806173595684 -1.224646799147353e-16
-0.1985075978161331 -1.990124301044854 -1.224646799147353e-16
-0.03976437533015149 -1.999604659540131 -1.224646799147353e-16
0.1192302503396274 -1.996442873563867 -1.224646799147353e-16
0.2774710639781247 -1.980658932945006 -1.224646799147353e-16
0.4339576162126251 -1.952352628838104 -1.224646799147353e-16
0.5877005486758298 -1.911702922811525 -1.224646799147353e-16
0.7377278490480028 -1.858966815394779 -1.224646799147353e-16
0.8830909964318118 -1.79447772123843 -1.224646799147353e-16
1.022870958206833 -1.718643361159329 -1.224646799147353e-16
1.156184000449688 -1.631943184398328 -1.224646799147353e-16
1.282187275184433 -1.534925337387822 -1.224646799147353e-16
1.400084149138844 -1.428203198193506 -1.224646799147353e-16
1.509129240316454 -1.312451498540758 -1.224646799147353e-16
1.608633130541526 -1.188402057943426 -1.224646799147353e-16
1.697966724182725 -1.056839156905244 -1.224646799147353e-16
1.776565225498261 -0.9185945784459606 -1.224646799147353e-16
1.843931709456411 -0.7745423493012866 -1.224646799147353e-16
1.899640263455564 -0.6255932140444584 -1.224646799147353e-16
1.943338680080819 -0.4726888770658118 -1.224646799147353e-16
1.974750683872667 -0.3167960488144315 -1.224646799147353e-16
1.993677678029392 -0.1589003339434298 -1.224646799147353e-16
1 2 0 19
80
81
82
83
84
85
86
87
88
89
90
91
92
93
94
95
96
97
98
1.975528258147577 -4.838648715931152e-16 0.1545084971874736
1.904508497187474 -4.664700470059152e-16 0.2938926261462364
1.793892626146237 -4.393769725248056e-16 0.4045084971874736
1.654508497187474 -4.052377070485475e-16 0.4755282581475767
1.5 -3.67394039744206e-16 0.5
1.345491502812527 -3.295503724398645e-16 0.4755282581475769
1.206107373853764 -2.954111069636063e-16 0.4045084971874739
1.095491502812526 -2.683180324824969e-16 0.293892626146237
1.024471741852423 -2.509232078952967e-16 0.1545084971874742
1 -2.449293598294706e-16 9.494107596574928e-16
1.024471741852423 -2.509232078952966e-16 -0.1545084971874724
1.095491502812525 -2.683180324824966e-16 -0.2938926261462352
1.206107373853762 -2.95411106963606e-16 -0.4045084971874729
1.345491502812524 -3.295503724398639e-16 -0.4755282581475761
1.499999999999997 -3.673940397442052e-16 -0.5
1.654508497187471 -4.052377070485467e-16 -0.4755282581475778
1.793892626146234 -4.39376972524805e-16 -0.4045084971874753
1.904508497187473 -4.664700470059149e-16 -0.2938926261462377
1.975528258147576 -4.838648715931151e-16 -0.1545084971874747
2 1 0 1322
99
100
101
102
103
104
105
106
107
108
109
110
111
112
113
114
115
116
117
118
119
120
121
122
123
124
125
126
127
128
129
130
131
132
133
134
135
136
137
138
139
140
141
142
143
144
145
146
147
148
149
150
151
152
153
154
155
156
157
158
159
160
161
162
163
164
165
166
167
168
169
170
171
172
173
174
175
176
177
178
179
180
181
182
183
184
185
186
187
188
189
190
191
192
193
194
195
196
197
198
199
200
201
202
203
204
205
206
207
208
209
210
211
212
213
214
215
216
217
218
219
220
221
222
223
224
225
226
227
228
229
230
231
232
233
234
235
236
237
238
239
240
241
242
243
244
245
246
247
248
249
250
251
252
253
254
255
256
257
258
259
260
261
262
263
264
265
266
267
268
269
270
271
272
273
274
275
276
277
278
279
280
281
282
283
284
285
286
287
288
289
290
291
292
293
294
295
296
297
298
299
300
301
302
303
304
305
306
307
308
309
310
311
312
313
314
315
316
317
318
319
320
321
322
323
324
325
326
327
328
329
330
331
332
333
334
335
336
337
338
339
340
341
342
343
344
345
346
347
348
349
350
351
352
353
354
355
356
357
358
359
360
361
362
363
364
365
366
367
368
369
370
371
372
373
374
375
376
377
378
379
380
381
382
383
384
385
386
387
388
389
390
391
392
393
394
395
396
397
398
399
400
401
402
403
404
405
406
407
408
409
410
411
412
413
414
415
416
417
418
419
420
421
422
423
424
425
426
427
428
429
430
431
432
433
434
435
436
437
438
439
440
441
442
443
444
445
446
447
448
449
450
451
452
453
454
455
456
457
458
459
460
461
462
463
464
465
466
467
468
469
470
471
472
473
474
475
476
477
478
479
480
481
482
483
484
485
486
487
488
489
490
491
492
493
494
495
496
497
498
499
500
501
502
503
504
505
506
507
508
509
510
511
512
513
514
515
516
517
518
519
520
521
522
523
524
525
526
527
528
529
530
531
532
533
534
535
536
537
538
539
540
541
542
543
544
545
546
547
548
549
550
551
552
553
554
555
556
557
558
559
560
561
562
563
564
565
566
567
568
569
570
571
572
573
574
575
576
577
578
579
580
581
582
583
584
585
586
587
588
589
590
591
592
593
594
595
596
597
598
599
600
601
602
603
604
605
606
607
608
609
610
611
612
613
614
615
616
617
618
619
620
621
622
623
624
625
626
627
628
629
630
631
632
633
634
635
636
637
638
639
640
641
642
643
644
645
646
647
648
649
650
651
652
653
654
655
656
657
658
659
660
661
662
663
664
665
666
667
668
669
670
671
672
673
674
675
676
677
678
679
680
681
682
683
684
685
686
687
688
689
690
691
692
693
694
695
696
697
698
699
700
701
702
703
704
705
706
707
708
709
710
711
712
713
714
715
716
717
718
719
720
721
722
723
724
725
726
727
728
729
730
731
732
733
734
735
736
737
738
739
740
741
742
743
744
745
746
747
748
749
750
751
752
753
754
755
756
757
758
759
760
761
762
763
764
765
766
767
768
769
770
771
772
773
774
775
776
777
778
779
780
781
782
783
784
785
786
787
788
789
790
791
792
793
794
795
796
797
798
799
800
801
802
803
804
805
806
807
808
809
810
811
812
813
814
815
816
817
818
819
820
821
822
823
824
825
826
827
828
829
830
831
832
833
834
835
836
837
838
839
840
841
842
843
844
845
846
847
848
849
850
851
852
853
854
855
856
857
858
859
860
861
862
863
864
865
866
867
868
869
870
871
872
873
874
875
876
877
878
879
880
881
882
883
884
885
886
887
888
889
890
891
892
893
894
895
896
897
898
899
900
901
902
903
904
905
906
907
908
909
910
911
912
913
914
915
916
917
918
919
920
921
922
923
924
925
926
927
928
929
930
931
932
933
934
935
936
937
938
939
940
941
942
943
944
945
946
947
948
949
950
951
952
953
954
955
956
957
958
959
960
961
962
963
964
965
966
967
968
969
970
971
972
973
974
975
976
977
978
979
980
981
982
983
984
985
986
987
988
989
990
991
992
993
994
995
996
997
998
999
1000
1001
1002
1003
1004
1005
1006
1007
1008
1009
1010
1011
1012
1013
1014
1015
1016
1017
1018
1019
1020
1021
1022
1023
1024
1025
1026
1027
1028
1029
1030
1031
1032
1033
1034
1035
1036
1037
1038
1039
1040
1041
1042
1043
1044
1045
1046
1047
1048
1049
1050
1051
1052
1053
1054
1055
1056
1057
1058
1059
1060
1061
1062
1063
1064
1065
1066
1067
1068
1069
1070
1071
1072
1073
1074
1075
1076
1077
1078
1079
1080
1081
1082
1083
1084
1085
1086
1087
1088
1089
1090
1091
1092
1093
1094
1095
1096
1097
1098
1099
1100
1101
1102
1103
1104
1105
1106
1107
1108
1109
1110
1111
1112
1113
1114
1115
1116
1117
1118
1119
1120
1121
1122
1123
1124
1125
1126
1127
1128
1129
1130
1131
1132
1133
1134
1135
1136
1137
1138
1139
1140
1141
1142
1143
1144
1145
1146
1147
1148
1149
1150
1151
1152
1153
1154
1155
1156
1157
1158
1159
1160
1161
1162
1163
1164
1165
1166
1167
1168
1169
1170
1171
1172
1173
1174
1175
1176
1177
1178
1179
1180
1181
1182
1183
1184
1185
1186
1187
1188
1189
1190
1191
1192
1193
1194
1195
1196
1197
1198
1199
1200
1201
1202
1203
1204
1205
1206
1207
1208
1209
1210
1211
1212
1213
1214
1215
1216
1217
1218
1219
1220
1221
1222
1223
1224
1225
1226
1227
1228
1229
1230
1231
1232
1233
1234
1235
1236
1237
1238
1239
1240
1241
1242
1243
1244
1245
1246
1247
1248
1249
1250
1251
1252
1253
1254
1255
1256
1257
1258
1259
1260
1261
1262
1263
1264
1265
1266
1267
1268
1269
1270
1271
1272
1273
1274
1275
1276
1277
1278
1279
1280
1281
1282
1283
1284
1285
1286
1287
1288
1289
1290
1291
1292
1293
1294
1295
1296
1297
1298
1299
1300
1301
1302
1303
1304
1305
1306
1307
1308
1309
1310
1311
1312
1313
1314
1315
1316
1317
1318
1319
1320
1321
1322
1323
1324
1325
1326
1327
1328
1329
1330
1331
1332
1333
1334
1335
1336
1337
1338
1339
1340
1341
1342
1343
1344
1345
1346
1347
1348
1349
1350
1351
1352
1353
1354
1355
1356
1357
1358
1359
1360
1361
1362
1363
1364
1365
1366
1367
1368
1369
1370
1371
1372
1373
1374
1375
1376
1377
1378
1379
1380
1381
1382
1383
1384
1385
1386
1387
1388
1389
1390
1391
1392
1393
1394
1395
1396
1397
1398
1399
1400
1401
1402
1403
1404
1405
1406
1407
1408
1409
1410
1411
1412
1413
1414
1415
1416
1417
1418
1419
1420
1.271415102385101 -0.1401570056259412 -0.4485651667166098
1.266983957585434 -0.1577511441507062 0.4474002600998259
1.280080239757499 0.1636567606576978 0.4539928852467439
1.248633445392754 0.1448511487030358 -0.4369834603849521
1.044721350350471 -0.1324242444818454 0.2241943469526004
1.047657085837889 0.1347682380855512 0.2304802266634569
1.047657085852906 -0.1347682380880879 -0.2304802266927535
1.047657085837677 0.134768238087463 -0.2304802266635218
1.441909996123819 1.358366291544085 0.1366114668536226
1.441909996123812 -1.358366291544091 0.1366114668536232
1.443344615144744 1.358453800688663 -0.1326614060361191
1.444411125525031 -1.356359913745506 -0.1350267852748358
-1.924853030987347 -0.4681925117119998 0.1366114668542007
-0.4486274513673821 1.929462007812068 -0.1367652781001991
0.2042095310339382 -1.96683652490882 -0.1485946915319329
-1.39900255774919 1.399203722219503 0.1446122735154999
-1.269990706318272 -1.520324644537235 0.1366114668562577
-1.924853030987508 0.4681925117120457 0.1366114668536135
-0.4298296748008253 1.933781236227522 0.1366114668536146
-0.4298296748008143 -1.933781236227426 0.1366114668539541
-1.269990706318484 1.520324644537502 -0.1366114668550569
1.794447509546143 -0.8391790955499573 0.1366114668541753
1.79198259790468 -0.8482105236807479 -0.1307936752069901
1.790252311830665 0.838620959979416 0.1500967511892274
1.79773739368592 0.8323066327931528 -0.1363173026503582
0.3526094473558822 1.949340913375534 0.1366114668541906
0.3474448808270892 -1.949344393518289 0.1397733894283692
0.9446627753694841 -1.741228204387802 -0.1366114668542226
0.9446627753694965 1.741228204387795 -0.1366114668542222
0.9446627753694986 1.741228204387799 0.1366114668542074
0.9519072340305821 -1.73283583123829 0.1496468281493961
-1.686188420030812 -1.035599742368243 -0.1440095768847095
-1.021041660426527 -1.69934380108837 -0.1311349845882687
-1.973371454359184 -0.1755200979331398 -0.1359532718785267
-1.681815130352295 -1.046786170257544 0.1366114668542067
0.3612068441452038 1.948517666407697 -0.1339826635971579
-1.675945515819151 1.058588428785455 -0.1319605388872525
-0.8823123253610152 1.770196836653467 0.1470223927436747
-1.672313976127526 1.054796750614391 0.1493378369924355
-0.8746907569650932 -1.777408084431984 0.1366114668542256
-1.978492217086143 -0.007688303921387973 0.1450203518274671
-0.2748316718974186 -1.961818281861292 -0.1366114668553068
-1.883983999201532 0.6155862831433634 -0.1329344895487489
-0.8767325146742597 1.776766845323039 -0.1354537801033554
-1.387965235224554 -1.416239287134851 -0.1293725366986679
-1.881570287452623 -0.619642374518221 -0.1366114668553068
1.941944939504155 -0.3912969088282775 0.1366114668542087
1.941944939504155 0.3912969088282755 0.1366114668542081
1.941944939504146 -0.3912969088282758 -0.1366114668542389
1.944281078602464 0.3893835474322627 -0.1296853624709828
1.638868912465969 -1.112821686829014 0.1366114668542085
1.638868912465973 1.112821686829008 0.1366114668542079
1.639105736980775 -1.113089392919438 -0.1353862510086241
1.638868912465973 1.112821686829008 -0.1366114668542064
1.212164819645626 -1.567952796611069 -0.1334116598940029
1.208543838462134 1.569613076347026 -0.1366114668542064
0.6573429417638768 1.865306838968134 0.1475166074205498
1.208543838462133 1.569613076347026 0.1366114668542079
1.190802113013999 -1.582679818995288 0.1378305397024294
0.656929623227822 -1.86887851104616 0.1366114668542071
-0.1146607969481437 1.977385205244361 0.1375535956529496
-1.145186014386395 1.616419627255919 0.1366114668542077
0.03938612407814312 -1.980583790743139 0.136611466854207
-1.826391650750883 0.7671746587263069 0.1366114668542079
-1.494456436858467 -1.292080307551667 0.1543840724063159
-1.826391650750885 -0.7671746587263016 0.136611466854207
0.6609214418762691 -1.867577021007112 -0.1362576009402141
0.0393861240781546 1.980583790743139 -0.1366114668542064
0.6553863948654233 1.870547218172539 -0.1328099913787921
-0.5907928353901007 -1.891310061216646 -0.1349780058385028
-1.505955311995922 1.289762489951076 -0.1301163007885498
-1.956639700477234 0.313419744051137 -0.1344540624330116
1.725891702094293 0.135424998950132 0.4433374276366996
1.725891702094388 -0.1354249989503408 0.4433374276366415
1.73764696842833 0.1592389638241613 -0.4359016304171549
1.725614046658232 -0.1504682340041143 -0.4428328071902666
1.941542779343996 -0.1322329813913196 0.2259376111101777
1.941308661467808 0.1401916093317659 0.2252978847355858
1.9419885729157 -0.1279392731296491 -0.2256258391608922
1.941752488795342 0.1354622402935179 -0.2250841354187309
0.9979827644740057 -0.1348441958451843 -0.08367612538581672
0.9939442527524214 -0.2682599044835421 -0.1692279974212253
0.9626366798708348 -0.2715277585117116 -0.01408160270949631
0.9300711885008226 -0.3986013057489245 -0.1083778349896712
0.915492751951113 -0.4088123317636428 0.05115588120188475
0.856322300765522 -0.5197650502007494 -0.04144099265077877
0.8578476119012193 -0.5393183413526229 0.1145349856024874
0.7723054984330381 -0.6361414501462122 0.02377779890842567
0.7960825046081236 -0.6339014040005642 -0.131615922627772
0.6874054314010772 -0.7331373730196894 -0.07050446666479682
0.6797878835815439 -0.7446166557588958 0.09044723694651237
0.5715300118822662 -0.8206147911226691 -0.005252980442821492
0.5745825090114528 -0.8463868900970853 0.1498828137974935
0.4524951256607593 -0.8962028895687215 0.0627871928942941
0.4633782907637474 -0.9394548050905454 0.2127448939951468
0.3287329963393994 -0.9638317233688649 0.1342139947373255
0.3276990564169394 -0.9452668789012494 -0.02139526492802554
0.1957690725528611 -0.9833762912403573 0.05163823504238282
0.2003358057423255 -1.024093180244805 0.2039894579765171
0.06183523890798228 -1.014680403079392 0.127626287616104
0.06098383891388563 -0.999021276578316 -0.02966657889199951
-0.07606839974582816 -0.9997388975971221 0.05120319801281478
-0.07815392492703001 -1.008550374781739 -0.1069579921957656
-0.2122675216578901 -0.9779746557888588 -0.02729706919373003
-0.2134423644102277 -0.9945672734381893 0.1300631996582477
-0.3427512229613019 -0.9425999023264396 0.05452659434912521
-0.3478231680351015 -0.9491675809615151 -0.1037887986640908
-0.4688256163252418 -0.8839147411291342 -0.02347143587073939
-0.4829868650482689 -0.9130776804331421 -0.1785075840312197
-0.5891618998493624 -0.8215693526751391 -0.1042257732683536
-0.5886363452536089 -0.8121290916755057 0.05485923709634218
-0.6892578234033296 -0.7253287795733966 -0.02426051444214997
-0.7039950396933859 -0.7348820470746391 0.1317640204974231
-0.7841963088430404 -0.624551996109731 0.05005060295520792
-0.6974187019700783 -0.7613311661209889 -0.1772750014281263
0.735229046866365 -0.750268975324676 -0.2188912802937832
-0.8161624054988769 -0.6507722901394284 0.2047642821139538
-0.8726330307811614 -0.5218011662236728 0.1283042315874186
-0.9253709378924314 -0.5630418623043899 0.2761879583779308
-0.9613872256102372 -0.4204388145197138 0.2164973466167479
-0.9260899010783241 -0.3867701598891291 0.05997732224840536
-0.9880759779056618 -0.2752130031856326 0.1582034773649278
-0.9687144249231306 -0.2482133239437864 0.002957279824335601
-1.002170106494827 -0.1278100949892517 0.1009030716340687
-0.9977149623207778 -0.1047535828496639 -0.05647015228322537
-1.001678870914939 0.02105994135927682 0.04355025191936707
-1.012078632566166 0.04372692715378242 -0.113372003457113
-0.9862169571861074 0.1672007132936981 -0.01702517211038334
-1.012080763306631 0.1917962246387753 -0.1708454718863954
-0.957477739447156 0.3105237361060779 -0.08080535512689477
-1.039713144570395 -0.00576841293046074 0.1953221472245517
-1.041678561334593 -0.0811465518253664 -0.2069403409583248
-0.9999064216241215 0.3389166100122371 -0.2295018063720203
-0.9193862822511308 0.4484963988597926 -0.1497339121255457
-0.8853940839703199 -0.7054153101509145 0.3385433144848627
-1.035953170629443 -0.473037641296969 0.345782714695459
-0.9789858317609073 0.4845250806116025 -0.2894867052158402
-0.8751240910853171 0.5830569709357847 -0.2211554712373557
-0.8369281185633299 0.5551867016901834 -0.06566838741378202
-0.7673022600427177 0.6780078319685874 -0.1528535420296284
-0.748749552418703 0.6630367514127831 0.01103588377602437
-0.6556903617903019 0.7630996706883248 -0.07790724532430247
-0.6502728253429195 0.7683212531544916 0.08075584647689608
-0.5381781546946447 0.8428613218221012 -0.005046388241939677
-0.5612223492014438 0.8597379917286315 -0.1612152592607189
-0.428101502370164 0.9134879413919949 -0.09353445521845788
-0.4139989126518657 0.9149838770650466 0.06532795226775216
-0.2924162452639221 0.9569513692368217 -0.0251195900559548
-0.2868770362979534 0.976611116870843 0.1324938789695163
-0.1536510463343342 0.9903770098894003 0.04711906080979246
-0.1660145432903 0.9988120109591551 -0.1111674404231132
-0.02521929726865377 1.001480180835162 -0.04236077631886491
-0.01276691345128088 1.013689008854463 0.1165324234796181
0.1164331091129377 0.9940882913045189 0.02971411263492718
0.1280435292431296 1.02774828571436 0.1855256562965798
0.2559340683969413 0.9786022961461909 0.1066931201658012
0.2499866011786849 0.9712211364011851 -0.05356749058881259
0.3792248753723705 0.9256295932552427 0.01734039511723112
0.3829953494637045 0.9435665647004539 -0.1341546462245916
0.4061359623361503 0.9515302168483921 0.1827139902444436
-0.7705736527773104 0.6834295396905625 0.1705332976097277
0.4906568576483389 0.8764737326818232 -0.06667286466402349
0.5165652727335687 0.9126857887369085 -0.2153034290483913
0.4062018407467874 1.005631220548017 -0.278242128442739
-1.083154973834178 0.3851509445796069 -0.3566728303948312
0.5499408236062358 0.9943056723646903 -0.3430606605775804
0.650537510840846 0.8828304979551478 -0.2954479209053576
0.4518792507068682 1.104667071264356 -0.3950550867332481
0.6953676234549527 0.9842696758141372 -0.4037919233168226
0.7849003048608717 0.8587574071573364 -0.369743220417575
0.8564008534174096 -0.6626720102952307 -0.2756501139654753
0.81739568624702 -0.7971657360456573 -0.3488006775432864
0.5987402849372242 -0.9144747946704185 0.2904997848837765
-0.960922687866287 0.6272011069679594 -0.3546025217473674
-0.3527494046568286 -0.984120545035171 0.2082468952646556
0.9444822121242766 -0.7215627802419246 -0.3911669436497341
0.9194671528544798 -0.869757505279001 -0.4416845813635756
0.779083750922544 -0.9371356174858118 -0.4133548394849555
0.4857347097202187 -1.030495865995221 0.346193211745835
0.6325597286523036 -1.026692999569664 0.4043684600018461
0.5435383602321767 -1.139626662907022 0.4400520139936891
-0.6820659453282856 0.8088243666651881 0.2337852755069529
-0.8113445592522626 0.7499756014894856 0.3063891550281342
-0.7423589902586769 0.8834395450689818 0.3608848998445361
-0.8826059377057375 0.8385567775869098 0.4125073291080897
-0.9422432404470102 0.6955099075248181 0.3766265763004009
-0.2171671202893345 -1.062416954046177 0.2779646899090494
-0.3609194920335709 -1.074315086604657 0.3399209955010945
-0.2473893583246839 -1.163638166309824 0.3920201362130071
-0.3901021762999183 -1.199533956369859 0.4393826060824649
0.8446445157698319 0.9776436553326662 -0.4546730071778267
0.9540749964455751 0.8212978934649323 -0.4380218622041943
0.7600099726138182 1.109368146756356 -0.4752818655706481
-0.3646850225254083 -1.005256030759913 -0.2540685315395665
-0.5240751304710142 -0.9831749085941075 -0.3179701732259038
-0.413883492320529 -1.093059451933269 -0.3745695255378075
-0.5691880662759001 -1.091748367090229 -0.4216093497579666
0.0577042912073616 -1.033687312660378 -0.184528691071917
-1.030201634532862 0.7961598550801736 0.4591222613337047
-1.078587856282447 0.6466175536358307 0.4372923010407806
-0.9788385298871378 0.9452025775055234 0.4802066284911115
-1.178864786289896 0.7556907718970554 0.4899555031587853
-1.223152060700669 0.6034497921603783 0.4811233980439541
-0.001514057320717965 1.073715267875333 0.2613087010964985
0.1427262514524119 1.10827448364604 0.3219284149247702
0.01346854392303978 1.176155881531557 0.3810182760659806
0.157878911173066 1.22474414877456 0.4239226235305964
-0.4571577024242892 0.9616737066206188 -0.246181291196285
0.03053595853226139 1.311903525393645 0.4634147848155768
-0.1140157801366865 1.251678255236149 0.4369017424149885
-0.4721621328575678 -1.213563672179451 -0.4592030235013301
0.7007336727626696 -1.145535324579775 0.474665891457349
0.7966686094644564 -1.004187375751495 0.4498880969047347
0.8612581113039628 -1.156119230402125 0.496584522083973
0.9464411722140029 -1.025717341805455 0.4889904684861682
-0.09727769482764871 1.3997942753192 0.490534416925988
-0.2427382203064486 1.337436132543736 0.479791046500094
1.057756587822134 -0.7994500127432557 -0.4687043226288902
0.7495200326119482 0.7599369602524484 -0.2506663361030278
-0.2887658104208913 -1.296322816831195 0.4695199218235641
-0.441787655628103 -1.334575319873594 0.4910457783248876
-0.570806237060149 -1.204755662267899 0.4713352868936404
0.8958603121153134 -1.020570272814685 -0.4794083643637194
0.7520717029000077 -1.091045508009773 -0.4684265890891048
-0.6285063476389769 -1.224402539129133 -0.4844548718633165
-0.7272092146219612 -1.094848180691426 -0.4642579777723307
-0.7861619665896828 -1.236653815447925 -0.4988006017571156
-0.8796032141519331 -1.106422118822617 -0.4924540429195146
-0.9413807363564421 -0.3716053801863184 -0.1092041732484932
0.9182736190928947 1.113990432650611 -0.4968175072671209
0.6087580181913799 -1.273200848469664 0.4920604106563816
0.4521077628486891 -1.259897698715068 0.4732200533454032
0.5168956982305755 -1.402967500730182 0.4999765594281275
0.3612847740456183 -1.393643165334184 0.4963519363483421
0.1759010441091839 1.36949111284712 0.4855691606797236
0.3022338233335337 1.276632639564957 0.4632776854066578
-0.3166056320340109 -1.202984349038307 -0.4294626461580937
-0.3761661814329045 -1.340221723390468 -0.4881991658243997
-0.2205078565088404 -1.328905812782038 -0.4760402515448153
-0.6965733219313234 -1.367251036973487 -0.4988105928738076
0.3217609587809066 1.429712039097156 0.4988063558284763
0.4473431004014434 1.33355077583132 0.4911955995563081
0.1968097323551874 1.527187543158582 0.4984120988053148
-0.03793451538079925 1.038949159310608 -0.195115408165912
1.077900457179803 -0.644881291186598 -0.436467490599424
1.197672248812119 -0.7299645195614819 -0.4904200942384787
1.185309175533902 -0.8869471624377593 -0.4996163406175566
0.8754748467148356 -1.176196115014983 -0.4988597396347932
0.7295923748738607 -1.240913311633744 -0.4963267036620689
0.8341117889014981 1.246787617569051 -0.4999999945321744
-0.3291905064985387 -1.445946371611137 0.4997090587294029
-1.332562320232396 0.7170108560318502 0.4998252697602206
-1.289147290321518 0.8697290699197336 0.4969549521952905
-1.375889571077449 0.564239863726944 0.4998333220669003
-1.26863985228003 0.4512066666186932 0.4758514368089106
-1.419160692498615 0.4114501360071657 0.4994980870039479
-0.4881484839200887 -1.485886907271977 0.4958849033093669
-0.607130236734348 0.9192622739834493 -0.302197975238066
-0.5179845443071066 1.038739499617508 -0.367279181821455
-0.6722962049985365 1.012697768089128 -0.4111968522164413
-0.5962093481653395 1.1452033679786 -0.4542725632522606
-0.7531571822817352 1.134464371445661 -0.480495556918606
-0.4404298357540904 1.158256854410005 -0.4265755244326314
-0.5210460610982804 1.281337759937144 -0.486172748587127
-0.3655680127550343 1.296202118090572 -0.4759406294913442
-0.4467225287813559 1.420919704443214 -0.4998894808568755
-0.2881032428948961 1.426458547642921 -0.4979944886057507
-0.2797098069394369 -1.468601977279047 -0.4999750139012228
-0.1225895025552868 -1.449155270712689 -0.4979099908562328
-0.9456969909803914 -1.249524603656262 -0.4954835210378675
-1.03435791050003 -1.118516880303152 -0.4994486169168712
-0.225306474349165 1.492647530357452 0.4999086723701144
-0.3702055020258606 1.426094899510659 0.4992899705433263
-0.43066251999871 0.9590334770789527 0.2205932098119361
1.01490015435081 -1.168087242480363 0.4977480655802989
1.107770903450398 -1.038054465004438 0.4996712577233947
1.327701196612226 -0.8191031068195967 -0.4963822811760885
1.339627949148085 -0.6618583669684934 -0.4999664593352736
0.6065202928707031 -1.155824931818933 -0.4605327628226611
0.5841917771949554 -1.30376087909244 -0.4948845901206252
-0.6053782133393849 1.4152882685002 -0.4984510888279345
1.043485561738667 -0.8984668314555837 0.4846326806088447
1.1953054445147 -0.90708857266328 0.4999997280333732
1.125074189388073 -0.7651439728448589 0.4801751128850064
1.281277669592234 -0.7759372766654444 0.499995655228807
-0.1742137089422062 -1.40541337537892 0.4929224214109265
-0.216440490662591 -1.557389100339379 0.4947367275213011
0.92966983781186 -1.299481218704877 0.4903435905053316
0.944543981434437 -0.4415087866491321 0.202038888686298
0.3419585740091325 1.586211963469646 0.4847227488494635
0.422729999701462 -1.533123222316064 0.4917717672178399
0.8547701672813898 -1.335706338386768 -0.4925843516920332
1.001323474352853 -1.27140855901481 -0.4857859955732128
0.4617139723395817 -1.219684401290565 -0.4600469206827206
0.4409703956331123 -1.365842287325335 -0.4957914160721162
0.5632221829449162 -1.456779046884542 -0.4961578750628668
0.4197182619545316 -1.516423782527951 -0.4945775803754143
0.581819017163496 -1.544625052942377 0.4767901037076839
1.314523959050392 -0.9756126031198611 -0.480862740782602
-1.317654812138405 0.3062298974227163 0.4778323901094659
-1.467360257827006 0.2639307894781508 0.499917322134939
0.9960264744211292 1.251839657156097 -0.4899507455349089
1.07465863865177 1.116215304578341 -0.4975476463459415
-1.343742911693316 0.1484711699680305 0.4775692878905277
-1.505420758934698 0.1057870942489346 0.499916580389611
-1.399906791305232 -0.007872401179912348 0.4898834353533977
-1.548436293111602 -0.04705401118919515 0.4975783078483337
-1.445835098815621 -0.158181347408188 0.497921996320206
-1.5949468322089 -0.1963487975828042 0.488419607792679
-1.489823619481633 -0.3081770758566515 0.4995433835488983
-1.616607621783672 0.2222926358974058 0.482310763802889
-0.5310884841895743 1.55712552379768 -0.4784515811222118
1.216798016767237 -0.6450467644090343 0.4846858969986075
1.372443186423231 -0.6521502042597669 0.4996193491835053
-1.529196818538523 0.5251649953253528 0.4861516066173492
-0.9626250422631326 0.2926619522635646 0.07805527541005931
-0.1867845706059423 -1.592605409809928 -0.4891659702088187
0.26710012225604 -1.515222354743164 0.4985090385723421
1.438302928358264 -0.7890982413472577 0.4798403977480775
1.524834101492598 -0.6558039757564028 0.4737496640324297
-0.9666299501570677 -0.9757132220205448 -0.4837224277047907
-1.124186771866591 -0.9875256835171397 -0.4999865294585443
-1.057058034586825 -0.8452535499139662 -0.4780407083074402
-1.214000692175609 -0.8565123409698567 -0.4997964931364422
-1.14807183154038 -0.7152621211430371 -0.4777956878372629
-1.304609253611363 -0.7269008315996767 -0.4999570834695026
-1.23609432353575 -0.5828702955881103 -0.4818831899408931
-1.394579676543061 -0.5973841695291773 -0.4997060601014853
-1.325828771038901 -0.4529123762959769 -0.4901118600857398
-1.483229241087182 -0.4632468476251435 -0.497087646496685
-1.415714149547301 -0.3239091872554739 -0.4977191274233229
-1.572371708514327 -0.3319902329492724 -0.48840856029325
-1.503924059670617 -0.1890260359364891 -0.4997516642570853
-1.281800709096989 -0.9993063098532837 -0.4840432834057283
-1.46111415822536 -0.7369387239637663 -0.4810242652825541
1.260277117786203 -1.047945519067414 0.4802757704388357
-0.3497654833777571 -1.607358768158481 -0.4785213255261171
-0.02917281222603582 -1.574626461430965 -0.4943586629582399
-0.3546578821448474 1.583224156193012 0.4847712960384713
-0.5003236692234827 1.518869643315653 0.4900701773200202
-0.5157135128850273 1.361992290419906 0.4980918788171749
-0.6435420349959844 1.452460116970946 0.4920796780822529
0.3143585918767142 -1.271745155011632 -0.4625021901075366
0.908328368485829 1.384309228599369 -0.4751364973116701
0.7519995374478937 1.383011345158577 -0.4944580817376877
-0.2118161476591639 1.648759095465641 0.4729224561142706
0.2155495305099683 1.678883384825593 0.4613898874985752
1.469545332660847 -0.7498276126079935 -0.4770357927236701
1.481475362697435 -0.5936871954754909 -0.4906963756976396
0.06996429925351988 -1.078412469110621 0.2723424773652477
-1.440937620340434 0.8298681740924871 0.4727456681219491
-1.399218916264373 0.9772570529872775 0.4552720985575842
-0.09287922405210884 -1.712643205273265 -0.4513382772170786
0.06557017355166646 -1.696474045087568 -0.4592369739286685
1.458877815950217 -0.518324372468123 0.4976694165324155
1.610798340721279 -0.5246094133002891 0.4607985750841709
-0.6600589075121873 1.298098793288599 0.4980844961410896
-0.7879531173041907 1.386756992480136 0.4908956804570158
-1.635087973596538 -0.3488136910958305 0.4695286670243297
-1.527280753016559 -0.4635311565428556 0.4906832606906738
-1.733552063307672 -0.2358836106291413 0.433285590776296
-1.659543201013352 -0.200447146800171 -0.4696294109765081
-1.594416883169892 -0.05763650180704782 -0.4908031319774119
-1.434597588575985 -0.04607383807615351 -0.4958010988232279
-1.525877217550404 0.08535512807348547 -0.4992005825565445
-1.6790671364256 0.07357672163801816 -0.4662137977354293
-1.612084042034135 0.2166405634298763 -0.4837133701941796
-0.8239352616337909 0.9921829471797957 -0.453617740909383
-0.9097331369892359 1.118724088770283 -0.4966162579522648
-0.9817044161229047 0.9746415285335763 -0.4862034832103009
-1.068119051601619 1.106631217469074 -0.4985522491501785
-1.138745081743566 0.9636202492231918 -0.4999318569767977
-0.9986033193498943 1.252680423374398 -0.4894846094955509
-1.225279374378748 1.093226391727932 -0.4793860218386953
-1.29434796527117 0.9504190117402499 -0.4886755259598328
-1.102974978261537 -1.259545376290151 -0.4686660153435315
1.147919124032583 1.251825530498342 -0.4589241727111115
1.230869715867102 1.118160458072053 -0.4727103767684867
-0.6883078825270196 1.545652182108596 -0.4616733779805526
-0.6264598576536872 1.60401342418272 0.4480095052145005
-1.009852248183334 -1.387621237141019 -0.4508476785285059
1.083476891236821 -1.308674581592079 0.4586990484358057
-1.720135737236874 -0.3421429819265923 -0.4307772199589354
0.4874580501470305 -1.666718027649492 0.4405107941042296
0.2078660851512646 -1.372307087140302 0.4872855497992362
-0.6097222591886434 1.674725193718322 -0.4127068169659246
-0.4528965188702297 1.685557496518954 -0.4356686974378843
-1.36643311807484 0.09689178409072603 -0.4827676786264968
0.9886993327768897 -1.433917570601205 0.4376796473007319
-1.670201903033236 -0.5009941394187207 0.4365766276832437
-1.561530046709399 -0.6180292561348391 0.4667127374559339
-1.411944722407724 -0.5796221239924262 0.4993085551575572
-1.452773416732561 -0.7345270026291126 0.483363065398179
-0.2072425896662434 1.289022366819672 -0.4606508743182963
-0.129519374328459 1.431718011438518 -0.4960864945934243
-0.04322794807174164 1.311316276584295 -0.4633214334630928
0.02772046935539561 1.442413936005627 -0.4967035832124621
-0.05435262770773117 1.571392997241442 -0.4947403143577873
0.1031029269906246 1.578070926610906 -0.4933236954474394
0.187573444070488 1.441225995250607 -0.4978219195164935
0.2530700645365656 1.585705631614268 -0.4886840291684783
0.175445665490251 1.712136000838713 -0.4484574263926326
0.3367220672794557 1.710723666034518 -0.4366746033380526
0.3063221773432629 1.101041130804669 -0.3499281773475092
-1.299009783383327 -0.6911355077725372 0.4991828633549019
-1.345301581232826 -0.8479460767734808 0.4917901559440174
0.9774744563120298 -1.422833245087309 -0.4458863615411391
1.11787403584938 -1.358016815882676 -0.4277297163275562
0.3407650994731808 1.450504651904114 -0.4998998865827238
0.5397884928468917 -1.607891527813526 -0.4599485853170973
-1.175998846006678 -0.455280989008965 -0.4392086255241663
-0.06273463562627647 -1.304681585946673 -0.46090920152388
0.480225853810037 -1.08393172806044 -0.3887417552478231
0.8228009298124119 1.514649674114475 -0.4471635988230231
0.9613532098274681 -0.775535576016363 0.4241076764774074
-0.9995716481346417 -0.70980117439058 -0.4182084858349046
-0.6166345843755368 -0.8435569442408134 0.2070955609747517
1.604356371936902 -0.6779602298836881 -0.4376886096807123
1.619689582433478 -0.5224891047821313 -0.4574332913536011
1.726884280015005 -0.6034426616463814 -0.376262426545074
-1.377990180115565 1.074626028059102 -0.4344592351343773
-1.447039968033201 0.9332550780449936 -0.448070106592532
-1.363936907679683 0.8067840958448941 -0.4927763814666502
-1.515284613408226 0.7898560791151286 -0.454320508339624
-1.429919235377387 0.659152498509287 -0.4944137742546645
-1.578272062191237 0.6420032469883405 -0.4565571747300537
-1.304722635188943 1.214402397987267 -0.4125899912930298
-1.654512170676245 0.7665173222237768 -0.3812898808025615
1.351549833344911 -0.5048168429915971 -0.4967116014948448
-1.292518086756845 -0.1469661667282561 0.4586261561834034
1.59508116902443 -0.8172803156114321 -0.4056825873925257
-1.487121073762159 -0.881215317092611 0.4446802343467392
-1.377267866325496 -0.9965438774413431 0.4582618727311744
-1.226800621073679 -0.9440875785519868 0.4976895104960787
-1.265426415312779 -1.107433266712528 0.4658632618382016
-1.118356897046002 -1.070844687264887 0.497655444777668
-1.153569736956758 -1.219818880411622 0.4669018571924253
-1.003555129436026 -1.180126644387332 0.4975798137071687
-1.038880936178837 -1.329775849122713 0.4635218545930473
-1.173055509109885 0.3546573526936331 0.4179087133499789
0.3733482258590935 -1.672938894338745 -0.4518455029699936
-0.9719666351403879 -1.038143061709191 0.493899397246189
-0.9968412553014393 0.5536780726816318 0.3472833921953833
0.3590709750284167 1.729258953742523 0.4232809808708586
0.4891600311479699 1.64106843040336 0.4526341075468551
0.6668912005113868 1.514329178099282 -0.4754753666570494
0.00237790492150133 -1.820298369566384 -0.3839374421718235
0.4301345407498033 1.186175796554285 0.4395906031926991
0.5726071651197164 1.237323758809972 0.4809775326827061
0.5560765827706644 1.092926037693316 0.4184080238221597
0.7000080824556589 1.140147710466325 0.4729906573246535
0.718940145087368 1.294321954324729 0.4996230771272905
0.8439834625208371 1.196817283071001 0.4987361993286642
0.8302808328547309 1.047180589970337 0.4724760638080449
0.9702476594275993 1.10309447046136 0.4990430775727233
0.9505302872398047 0.9549391441286861 0.4761357924002883
1.089444778034768 0.998609370008389 0.4995101858090476
1.067197816357641 0.8491199024739804 0.4810884525714478
1.212600489643958 0.901700161291654 0.4998764813439853
0.934837851780315 0.800216364522087 0.4211887039114988
1.188895711413444 0.7470047678784946 0.490716482143991
1.335702204286714 0.8031707625583288 0.4965560705579569
1.311521333470324 0.6467173291699447 0.4985769484481425
1.457810389963639 0.7031319048007948 0.4857500496993278
1.153479401412889 0.5813636313632713 0.4545466354389349
0.8657737898237897 1.352017035071034 0.4887508228571856
1.433858670867951 0.5470829344314221 0.4987956726738789
1.576909729341261 0.6022984205468236 0.4633021769338826
1.112636080462854 1.160270601608547 0.4882980752196031
1.357379301137248 0.9572580115032744 0.4733800236672719
1.555416479320732 0.4480669112290604 0.4857139398554615
1.694216156888894 0.4903009070719933 0.4247864386773694
1.595233132718333 0.7538652243709858 0.4243777933770347
-0.5278058305737446 1.218073627323264 0.4693049565513528
-0.3398564005486674 1.730581588294583 0.4248477387819281
0.7340707056043355 1.638511638727785 -0.4033847477426389
1.582946793316381 -0.7923405660299637 0.4207193464173322
-1.756083901561989 0.2054695658320921 -0.4220686903909148
-1.816033118965712 0.06041104036839887 -0.3866356620990186
0.9737936639257914 1.526779599959438 -0.3915943412464447
0.64452338547539 -1.673383606337703 0.4049993391412949
-0.8901304956526573 -1.29034520588606 0.4954111969765719
-0.9242540006417872 -1.439114948841814 0.4535998858541289
1.745150163922262 -0.447555776656878 -0.3987755252367695
-1.274588302886851 0.68078368407899 -0.4969664356183131
-1.327281328994089 0.5148886322367978 -0.4941366584362358
1.069479790047967 -0.2711570671024072 -0.3043752846189859
-0.2590758285546151 1.19202960485334 0.4141506535159074
-1.157044857024579 -1.388101768945353 -0.3945818964905548
0.741701664539671 1.450007872110241 0.4831540654779659
0.8845776459755104 1.500605775067321 0.4375766473963681
-1.281190575248594 -0.04153410453102842 -0.4499072405608256
0.759927552103552 1.595287486054867 0.4227166706026431
-0.02961551286533407 -1.507735114568816 0.4999355800382289
-0.1033854094153958 -1.665968942831933 0.4705106129209383
-0.2557650554527877 -1.703674712761722 0.4476329206989622
-0.1434143810141553 -1.800141746211476 0.3955483870884419
-0.002641403563374311 -1.767620585105854 0.4223483942119292
1.546056779661328 -0.386015100766554 0.4911765534944217
-0.8229855522163483 1.222750168431252 0.4993190695772192
-0.932229553225641 1.320818142373397 0.4861983014053175
-0.9119472217477083 1.475039711600257 0.4417673928508477
-1.053138299397291 1.40938430629392 0.4274519534059076
-1.07544560986164 1.259278352397468 0.475038152690694
-1.195137884170921 1.331873011494853 0.4076776533835639
0.686062350529004 -1.548650031672312 -0.460908862813073
-1.30482481041256 -1.255766908572743 0.3915530669552779
-0.1943867851161 1.788092578626073 0.4010256207132656
1.010096084008871 1.405065446489295 0.4437191648912847
-1.228188327709589 0.1164710760615569 -0.4231826210232182
0.2129807352829535 1.820675659281343 0.372895082652281
1.495713108788721 -0.923499480134053 0.4283893441571756
-1.69329279175605 0.3475858588093828 -0.4446821845589316
-1.730729075495923 0.6150513159145795 -0.3695785574050452
-1.250669323424133 -1.261614722991272 -0.4166105729091413
-1.069048695229577 -1.46718801485888 0.3880110982399144
-0.7638250681845817 1.40868563731975 -0.4893928960800341
-0.8440425176407346 1.533553598666547 -0.4327328741517435
0.1527041193045346 -1.8029020264516 -0.3928078259218686
-1.798059173493051 -0.2091028433155542 -0.3921609687258348
-1.843343938626256 -0.3505246427367759 -0.3291528619254482
-1.768584373696561 -0.4830040202288403 -0.3726603200580658
-0.1855778393750419 1.056183796956173 -0.2590887348764808
-0.08418112650072514 -1.066958657704396 -0.2556088571073564
-1.538607474708157 0.9328524704367116 0.4005144496397864
-1.493267640020075 1.064927678913 0.371991729069504
-1.586763659775269 0.7835204227640901 0.4210456311943092
1.294627311325363 1.244985857539447 -0.4028802749050521
1.379683221206905 1.112595619449519 -0.4192842820469659
1.312551794035911 0.9829372997534438 -0.4800570532016951
1.461694055676494 0.9777476475391478 -0.4279553027395845
1.392555256785664 0.8467368511381692 -0.4828642675990985
1.541105255290232 0.8412834886040443 -0.4296237947890343
1.47109154287497 0.7098601775802523 -0.4818745829746366
1.617867704907439 0.7035939360914759 -0.4244733064266979
1.316754548254387 0.7120649316875584 -0.4999907375188365
1.547997240465371 0.5723670077167918 -0.4768360452030387
1.691376945336024 0.5648421436426105 -0.4120651646237292
1.622631451411195 0.4341583591852192 -0.4665878793475889
1.470364064996811 0.4398726099260032 -0.4987909568288089
1.204383638623336 1.375734390230336 -0.37699941975676
1.760515840276575 0.4250640844986059 -0.3914264668139066
-0.9541791376535732 -1.570117116668199 0.3690782325839015
-0.8092409823784107 -1.544936996857875 0.4363953166316059
1.812082548612049 0.5567440188637169 -0.3056737125546772
0.2120143577639318 -1.109011126010381 0.3353051773320195
0.5064792532382818 -1.746878566478282 -0.385167299157679
1.693543742360836 -0.4009876618591026 0.4384325749874133
1.746380086239428 -0.53221131141963 0.3793879873517249
0.1232779851803145 -1.562112367125451 -0.4954948281648371
1.410809268386853 0.3924981288674175 0.4987303036326584
1.018795635079475 1.537791274319591 0.3622346784243682
1.133566487713843 1.448061596897238 0.3675474089715356
-1.695051903848048 -0.6514351391897877 0.3875486911739394
-1.298242859732287 0.2394943366416404 -0.466533426118401
-1.510154411269628 -1.028079978896668 0.3783452467747822
-1.615516263163971 -0.9063238228545966 0.3547218260980582
-1.061335036331237 -1.508100042877276 -0.362736596242857
-0.9137314773022686 -1.511562805008416 -0.4231992814756002
-0.1512440631377698 -1.829570168797289 -0.370447053667047
0.0549587784024355 -1.114936877276183 -0.3205730770379799
0.1908081174767419 -1.064233000589791 -0.2731463943130794
-1.244765941687134 1.021904784136753 0.4876353991661261
1.623536048477749 -0.9218128532100612 0.3395981085960729
1.145545863213762 -1.208905365098088 -0.4718325122339086
1.260267657283046 -1.288545144201652 -0.3981934608647619
0.4882539398391649 1.780450580077017 0.3607720681142517
1.637951511459093 -0.3760709491194596 -0.4662559209923751
1.138740099563328 -1.429912007784027 0.3774295619494597
1.22927376166626 -1.306206199295581 0.4046627574641837
1.038241340963047 -1.545906263185064 0.3446949085285154
0.5956044751491872 1.374360819431656 -0.499995459973033
1.388950059087685 -0.3740775786090755 0.4961961827286214
1.545955681030565 0.2852808189661516 -0.4947805042649738
-0.06389987817322859 1.708721964265942 0.4538007529204941
-0.04470622385136581 1.837783963933509 0.3681499721862219
0.2460700650580629 1.825211979312423 -0.3649991030624686
0.09413723200537873 1.824458700320751 -0.3783460557818985
0.4034418801818414 1.815021671773411 -0.3476916647110093
0.8350355662191908 -1.427680308105312 0.4757088872974675
-1.66085005408947 0.8790158233501425 0.3259878478604112
-0.04827382639771567 -1.922439924650908 -0.2665185661456701
-1.516200012433397 1.048587780004673 -0.3633526663872511
-0.2926319515603018 -1.827508547345922 0.3562960605920478
-0.4178250879946084 -1.730954550597321 0.4137934403702518
-0.1873305128509673 -1.912424991072946 0.2688344793992195
-1.708341256312007 0.7353753083008944 0.3470966941630411
-1.543496692637448 0.3598885134358596 -0.4927396103448981
-1.266454859185839 -0.5453383881705609 0.4851074380991091
-1.146989694881476 -0.6747046018149722 0.4704718539031647
1.53628512708743 0.2646117672865702 0.4965178268050602
1.537092104880696 -1.050993713722297 0.3448447579057077
-0.5267087591162902 1.78970746715143 -0.3410782485996176
-0.3667176222139172 1.804023543170358 -0.3657516049372592
-0.2948189107339995 1.69088481848266 -0.4507476825647383
-0.2113186675294183 1.809625796289838 -0.3825780852442523
-1.193960627501953 -1.497931403685448 -0.2780581183383385
0.5427833478756555 -1.780786210905412 0.3452465491149372
0.3879493297643981 -1.77842986062705 0.3839773918757315
-1.075278079129711 -1.584534456783 0.2789798187634826
1.593669129777131 0.9544225280415751 -0.3494527930567733
1.107380984598129 -1.483527466815798 -0.3558365853902457
0.9480555725107608 -1.561242634389935 -0.3786351223611543
-1.02232918125146 1.54453930360336 0.3548711380529627
-0.8889496875308447 1.605495213795715 0.3710276644247912
0.09249229657451424 -1.179216405255783 0.3865338001647903
-1.077450322445832 0.5382766732556992 -0.4032812435452223
-1.048143110816679 0.833679943229471 -0.4734593100638458
-0.6786726352756046 1.771466503991915 -0.3039309508579898
0.9015074581222913 -0.5814277430286555 0.2597114004313169
1.016297314645407 -0.514238756928003 0.345937700549209
0.5724334708574403 1.650493772925198 -0.4347633436258183
-1.823762082101009 0.302703462999967 -0.3583289909080998
1.483337099775704 -0.254098040148159 0.4999755617775299
-1.788285598308921 -0.5303713027793313 0.3414272309317329
1.270812073846401 -1.415124381593462 0.2973372735154456
1.819594613429142 -0.3947911736952887 0.3449730740048438
0.266130311936248 1.317835446888885 -0.4751849155023177
-0.0236650398244826 -1.362908491580898 0.4808972907795547
-0.8299632633796438 -1.668724311093653 0.3430777957053909
-0.68908995678288 -1.646163106608182 0.4111187932659348
-0.7032338945232777 -1.761597414250041 0.3042497893754991
1.360552817101911 -1.293178613408835 0.3283497720444081
1.832668367952991 -0.522704210906113 -0.2921725747158576
-0.3213695987270541 1.850754035660632 0.3267670456983554
-0.4685505158874411 1.794488318665053 0.3524530195135714
0.6408934614320201 1.751236008782415 -0.3419104806047956
1.851414663652295 -0.5258077519163119 0.2639834967600889
1.779976426150782 -0.6610134252161247 0.301658336781126
1.041410596452639 -0.3549135978661101 0.3003025740415739
1.14102280817008 -0.4052130653968599 0.4079041786175516
1.428905563903391 1.226602341130079 -0.3212191384336223
1.851025558152207 -0.3682669901639049 -0.3162208906620364
-1.765764698092309 0.741611870921475 -0.2786141572358984
-1.067685215103606 0.07243138765414331 -0.2553815570035292
0.3752565598011685 -1.804526206397253 -0.3636771045837272
0.4791193946263173 -1.855829546506532 -0.2763666827948141
-1.702757999728428 0.877408433488408 -0.2781010649888049
-0.05682928385629397 1.12184687839332 -0.3287644678784036
0.0866745999733373 1.077871674460694 -0.2733732902633105
0.7988293879416506 1.732090775973472 -0.2898371451372044
1.396610940105104 0.3067261649550391 -0.4950610599547182
1.321253752669743 0.4485660447486611 -0.488919705255941
-0.3017282355691675 1.903113803413073 -0.2603267606568944
-0.135515495556905 1.909255218804533 -0.2802776460416107
-0.9903906227517333 1.651035071451536 0.2629023280609407
1.035732156787819 -1.6211840876831 -0.2653292606044498
-0.9566482991444522 -1.621420466571114 -0.321897096006788
-0.8128494812141752 -1.628356697560342 -0.3842172417555472
-0.8493662207774828 -1.726350216880827 -0.2650263657730602
-0.7063038808051213 -1.735141527567018 -0.3325382109174992
-0.6614852051307084 -1.620275609788183 -0.4329540077425349
-0.5564669580662288 -1.729673282425021 -0.3866809293079893
-0.5731595784985969 0.9524029216495362 0.3148341065077515
-0.6855792628575128 1.023809000580227 0.4222068082019751
-0.5015975724202635 -0.973211186876366 0.293035180895621
1.806602577663828 -0.6653657348602684 -0.2630140318957878
-0.2917603930091164 1.06017790026768 0.2994544622544877
-0.4443327167714201 1.045120477865675 0.3424200182990607
1.141873769718919 -0.2593529736917875 0.3764711523448495
-0.06886631331568616 -1.138795351824523 0.3478933111015754
-0.589439155189736 1.860956114296942 -0.2136079117307877
0.415353978474626 1.059508199909947 0.3449149966846011
0.5448221162591881 0.9675301015380393 0.3133638767499891
0.5554237114663823 0.8697769863851923 0.1759787480195102
0.66487703888335 0.862666152283158 0.2849645310900355
0.6705449051300235 0.7742431972401757 0.153816726091042
0.7739046088988576 0.7496984183169518 0.2673610156861769
0.7759253835363273 0.6607810810614153 0.1370953211997694
0.8704030688733986 0.6254439083150257 0.2581768481256629
0.8671366660476012 0.5335601592235993 0.1334636309325163
0.9519383148500317 0.4908639451546941 0.2568973269958079
0.9387774336633934 0.3981115258709952 0.138980460467514
0.8901177157856913 0.455732719360412 -0.0009642221164369346
0.9579722444971021 0.2868669569841094 0.00131761661644328
0.9427844598216512 0.3848154787922994 -0.1340174001778916
0.8734796508948398 0.5266925682630522 -0.1399525321076879
0.9621423755358697 0.4757031503334593 -0.2606576963499655
0.7074010569485434 0.7089669866473762 0.03900945556923452
0.9859833064926354 0.6024824589340305 0.362367482809016
1.015323578164181 0.3643778820941623 0.269313116975178
0.8840718868091179 0.6222982407979779 -0.2730319058999507
1.018116438430614 0.5716376911717381 -0.3735263094213302
1.07344469299195 0.450638511564122 -0.3704557686362908
1.133947013731774 0.5785958554140271 -0.445516849575087
1.073201723527759 0.6984234121268158 -0.4492200515603072
0.1615023110912416 1.913883833388996 -0.2702283738560862
1.251131299679334 0.2918800527706251 -0.4512843232928884
0.6979260693686924 -1.783297020824313 0.2788723459192053
0.7934617694643609 -1.669319875941471 0.3587305032782719
-1.14186289415827 -0.02152889551246421 -0.3491176459032272
-1.085805684376805 -0.1950064353202037 -0.3041911016855124
-0.4528408628541761 -1.835146114282205 0.312650186218055
0.3550731999555787 -1.901652705259312 -0.2473743843209931
1.159900996510178 0.2146363556988029 -0.3838478898975435
-0.7300293890690563 -1.816126787684581 -0.2020434080383061
-1.194452906566143 -1.492409309175559 0.2839558542676118
-0.6571070458456514 -1.509476878593753 0.4781168673880565
0.4277040065468337 1.318761249405876 -0.4869204406910503
0.2665732198075351 1.040073940039787 0.2612694318348123
-1.203803611879427 -0.1777403007851242 -0.4121026535375567
-1.870777184887991 -0.4836117806076382 -0.2512729808488907
-1.929681232106087 -0.3352109507688639 -0.19925934015574
-1.799865775166714 -0.6211833149522121 -0.2945301834924252
-1.683929215939693 -0.6126181594770796 -0.4059461438461704
-1.717090665264436 -0.7511480442783516 -0.3316243958422287
0.06598696497527762 1.190281582826378 -0.3939585029978798
0.2066170951164743 -1.17247567611824 -0.3927284525064846
0.1153576631547253 -1.509271207374124 0.4998130049178217
0.1832544217189113 -1.638578872774421 0.4773470777885838
-1.002004929681256 -0.222085480867598 -0.1600896224046614
-1.019451850298765 -0.344135582220452 -0.2649500570791913
-0.9326564997737544 -0.4846728013703541 -0.2201480297722572
-0.8601707284149355 -0.5171123627595635 -0.06024561262351133
-0.8620824772693538 -0.5975158038526052 -0.2156790308777978
-1.043251370595152 -0.4621619784669254 -0.3480604739574294
1.46309648600852 0.1665632939970383 -0.4992457637521729
0.4442646195805527 -1.870455167886752 0.2673965745770845
0.2973380543504657 -1.884477337658796 0.2893214013965097
0.1878475001022407 -1.951100045544661 0.1956726559249827
0.06978847610690785 -1.914236185384071 0.2781243706392304
0.2221525831812481 -1.675042699002178 -0.4626122823755056
0.8944893692690951 -0.530820444032056 -0.1962766328382564
0.9701571226533016 -0.5697588949839477 -0.3308222119874034
1.093849148591578 -0.4981729485605186 -0.4014546196867955
1.004005534776664 -0.4091884081719432 -0.2776686192081986
-1.00898312220841 0.1503405237326903 0.1404181442035251
-1.080484814972527 0.1242967602344305 0.2827279568147245
-1.126875303382716 0.002496792752751937 0.3328363335379212
-1.01807477081654 0.2770060953116956 0.2281500351914596
-0.9465327539641402 0.4083689104409088 0.1729607878337078
-1.190351293464644 0.1065208129336149 0.3962837436993684
-1.069203811749611 -0.1472420677721618 0.2701981460530586
-0.6899124695354782 0.8006212162275824 -0.2315934602134221
-0.7493781527579086 0.8799603865269057 -0.3626755903756549
-0.8428541369024731 0.7297482341355934 -0.3188652435312523
1.287494337913238 -1.140974276114089 -0.4488472207127559
1.394322134537228 -1.214480976715971 -0.3579705115970371
0.7915764968952742 -0.6646613540495463 0.1802461805723866
0.8471616851483068 -0.721441911769824 0.3162587788928304
0.7063415183738342 -0.8083305483686701 0.2608902556906283
0.8016426185504686 -0.8567099722778426 0.378488018359399
-0.6228303439244216 -0.8679231995012273 -0.2522146865039928
-0.7658702866602155 -0.8193445744439428 -0.3267697054857125
-0.6615909640535963 -0.9702939841487956 -0.3794376111274457
-0.7538619111956788 -0.7797881941415652 0.27829947029179
-0.6783908711496415 -0.9106477286685288 0.3423193046340085
-0.6016981487596093 -1.048527338060269 0.4065260707282211
-0.7516202516798728 -1.007088569111804 0.4367826311056151
-0.8316302615914344 -0.8700370752337458 0.4026505273178805
-0.9890644795015633 -0.7860359823446286 0.4404608352182488
-1.058300213139343 -0.3112261289248787 0.304108039967695
-1.147645726535125 -0.3749239897538806 0.4053978517992565
-1.158286970382896 -0.2252296755469681 0.3841723169012609
1.333954535231422 -1.372367667976598 -0.2805831474284804
-0.923097114510485 1.398681451217378 -0.4680625630806139
-0.9959099058472058 1.515228505734919 -0.389737659526147
-0.9075555543912469 1.636573767671504 -0.3347884557929305
-1.053032355101692 1.608797807751996 -0.2669300710165651
-1.141227830816277 1.485688784120872 -0.3325109882656173
-1.078653965557857 0.2279563850987593 -0.3032763263130374
0.7968294700586087 0.6044176939199246 -0.0113556853372121
0.6096819714170708 0.8235897817640981 -0.155212450834753
0.3272042829983797 -1.086162582252319 -0.3410572116662458
0.4161029815007539 -1.000508619196724 -0.2767663260401243
0.5630375589102821 -0.950340256598929 -0.3060471053957176
0.1540490173417706 -1.300886379789181 -0.4624832812843299
0.2952695348542086 -1.410692879454433 -0.4965379572135368
0.4586854429149629 -0.8973758078206302 -0.08801366759477941
0.5981460136531364 -0.8401917486129892 -0.1742852810976577
1.861150594109714 -0.6497068094146695 0.1669786241255322
0.9889538519121724 -0.2786153872485774 0.1633945027959582
0.627445523049213 -1.800858079601368 -0.2903851405579299
-0.3105873644033795 0.9871765628570717 -0.1834825354114033
-0.3359570610975031 1.068909896252653 -0.3255012269471808
0.1068947632122635 1.011450856477472 -0.1295834931472954
0.2453113641130834 1.024939627883316 -0.2257956061632107
-0.5428219487117821 0.8698114931156525 0.1570164776911223
1.058876939530712 0.4580354144017965 0.3606580735695437
1.123409336872103 0.3166622267264003 0.3731419835600852
-0.9080258311988825 0.4192833478053857 0.01243712325064256
-0.8575568535874291 0.5435801863706059 0.122838685520681
0.2844377257162577 1.141880188346165 0.381476658899835
-0.1435176147946727 1.03362292071048 0.2040670404293155
1.577441479963706 0.1351332984156429 0.4930259486044436
0.2052681169402987 -0.9948802437155431 -0.124838721907419
-0.4753217141660683 -0.9019252661319443 0.138307698304676
1.164795055161549 -1.052301303807752 -0.4951123595385938
-0.2205150552981161 -1.010964056346574 -0.1831062312220132
-0.2298372068250459 -1.095805414791687 -0.3245510389023599
-0.07660408682014495 -1.165100991884792 -0.3735254616646932
-1.194963364778334 0.4482931640561977 -0.4471596353742442
-0.07368530747457649 -1.042370240788358 0.2072413578676079
-0.2075719039575744 1.151113080120055 -0.3753499710742279
1.692770999981078 0.2970446306558882 -0.4496647271762272
1.822453739533936 0.2839207431121153 -0.3624403515958184
0.3405730978245501 -1.030941390978235 0.2799789446049961
0.3554547149698205 -1.13939999492643 0.3950863506912737
0.7003837420017057 0.9834328038251254 0.4054034585851616
1.141900374976224 -0.1385499896600978 -0.3573407637681049
1.186063188606858 -0.2750845783521349 -0.4125767090025224
1.328804361572919 -0.2783262419187441 -0.4793053797303908
1.423665092612571 -0.1429902030172684 -0.4951921054404153
0.9961128653862862 -0.1381091198107536 0.07489822290582542
0.613625883455463 1.103418041261891 -0.4400274899258766
-0.8335876347304172 0.9791884900386719 0.4518677188447239
-0.9293761410833865 1.095261171230046 0.4959426541443767
-1.071975481706739 1.097868368512463 0.4988138195279146
-1.21396004475268 1.187358249512192 0.4590852941127208
-1.326833543400014 1.260580880474691 0.3754763734265766
-1.293370876839901 1.396383537587788 0.2954970868756946
0.8993421915624453 -1.684133800358544 -0.2872952439796052
0.7938886167439246 -1.786722081871643 -0.2069614154018656
-1.134961171458585 0.9076588693782884 0.4978111233187485
-0.1339347830136918 1.123509101973041 0.3379073270210344
-0.8932578533315078 0.8330200212547839 -0.4151930041401915
0.2204398551066221 -1.223918728141689 0.4292612125082081
-1.021093292915774 -0.6136651771506785 0.3933315302018904
-1.131291641833878 -0.8224536265729097 0.4896225825217105
0.0698661164514059 1.620992530515451 0.484762177237659
-1.421712030634056 1.305159801048292 0.2552311746995886
-1.259254509575331 1.506551910046607 0.1874750628303666
-0.1287239884455479 -1.248217502282917 0.4357697552466876
1.502023267770884 -0.297284905709475 -0.4990280840053653
-0.5037831834108188 -1.605177973306302 -0.4655517935688908
-0.8782225382304653 0.6136690096025653 0.2574658160014316
0.1185448955019873 1.318494620101313 -0.4679296462893295
-0.5312507339744537 -1.3514791506173 -0.4977045685373527
0.6163739869656629 1.546230675646545 0.4721454972935006
1.009260851561442 0.9705048378121508 -0.4899334249818043
1.160837129013772 0.9769852614449073 -0.4997024003363073
1.064451759263708 -0.6465058042922207 0.4303255695122312
-1.801626038191986 -0.675172799045432 0.2650236044804857
-0.9075904148125093 -0.8391270676196303 -0.4246620656735624
-0.8711683677203778 -0.7092894062286927 -0.3288948852343236
0.6340698174196212 1.680563411097535 0.4028212847405739
0.761941655433615 1.713973977051519 0.3299200335430574
-1.120309905457647 0.4967879547802612 0.4179225117507798
-1.63750042896229 0.4989879804118157 -0.4529059016633082
-1.088043570222087 -0.5857702857310636 -0.4244383282177918
1.580776902590431 -0.1323538532196961 -0.4924945932523792
-1.265783842917423 -0.3029947090378461 0.4589279600274932
1.212156841367567 -0.5696540366668278 -0.4734851209412953
-0.5682109633062811 -1.741671859955376 0.3738516065718159
1.90217424495255 -0.5372242954923 -0.1512266545498765
1.143032576027725 0.1637481495393329 0.3616204588330503
0.9968727280639891 0.1352974949940088 -0.07730526062955406
0.9968686522827994 0.1365796992501609 0.0783788648943039
-1.455076774920157 0.2245301785438019 -0.4992320248610995
-0.3855784662217919 1.275558594476461 0.4711309692826948
1.060860368095897 0.7158657539706859 0.448900923205771
-1.347110648478476 -0.1853100678135885 -0.4799406418858578
1.293003305645818 0.4876708649921409 0.4858551162022354
1.268212650468424 0.3254944113845492 0.4622118972891944
1.38276141275016 0.2420751131496586 0.490656549729193
1.044539199652932 -0.9532946139342082 -0.4925754141633804
-0.8154389477067113 -0.9678319305555468 -0.4416303539107725
-1.571952489860998 0.3765831576523643 0.486254870070751
-1.715729618396401 0.3370289768951434 0.4338647213067117
-1.757733454413692 0.1821436447703065 0.4226503093072431
-1.83898403721799 0.2940947958790198 0.3445304192406844
-1.795999912779047 0.4465147586271746 0.3564103538157976
-1.874496377811573 0.1439176054547856 0.3249463128014726
-1.795109149218757 0.02900568565226844 0.4034504092595413
-1.929850520863402 0.2404814794095351 0.2284166220852801
-1.903264853271111 -0.003580899639625263 0.2955921873055671
-1.367489354956865 -0.8703797033707238 -0.4851422045570187
-1.427576003903346 -1.00160171482391 -0.4364789850419949
1.287718058118348 -0.5006487315009247 0.4857834770171335
0.6845723496272317 1.237015314991928 -0.4925144874383877
1.231206914202679 1.058385611873504 0.4844843124496673
1.369715972638423 1.109867851762048 0.4252844625931176
1.489006110974463 1.007493483070133 0.4016204833326521
1.48241076269771 1.149929438004241 0.3294284362299855
1.36802501569972 1.249322447171439 0.3544579698507409
1.608857974101001 1.038822078631924 0.2787455499743021
1.477294897649365 0.8567610586115691 0.4547926217622332
-1.802287544605818 -0.7623374578761161 -0.2031160320636992
-1.728846029949819 -0.8776428918816622 -0.239592822101794
-1.629385927349988 -0.8764634078539655 -0.3569159567637313
-0.3703154291695544 1.562207988206028 -0.4887432279124046
-0.8482196002810221 -1.129920419875364 0.4923495255265818
-0.7370266118297084 -1.250285816101967 0.4976277519289572
-1.371373974516109 -0.4088851519303229 0.4952206236442633
0.328630854908381 -1.655964014718265 0.4632050597871814
-0.8370023045799849 1.268032836106042 -0.4996247268469619
-1.076252453253073 1.378431579248523 -0.4336882967048623
-1.223321697760529 1.356645840808401 -0.3784660105299606
-1.156005073559829 1.238294975493405 -0.4608189778468734
-1.361734672723851 1.31913203180394 -0.3053923365093957
-1.442886264691625 1.180073736931703 -0.3427889071078788
-1.554818320580988 1.154231392616254 -0.2440089248452045
-0.1952870194472434 1.96423803231029 -0.1593673009320029
-1.170642107109722 1.472451234999113 0.3236775735246971
1.602041204791278 0.9013696539008086 0.368261235992028
1.704771331503637 0.7980245139635637 0.3222414861923706
0.05552266035745131 1.464003986572724 0.4987774545744623
1.394192617528568 0.5743132066849521 -0.4999383888442984
-1.203628022690385 0.8214357461796931 -0.4981661260694619
0.7554224113766976 -1.721222190200584 -0.3253130261076665
1.866322936022595 0.4122606903669155 -0.2842903703662319
1.172747652703365 -1.176942643111129 0.4732047413771461
-1.660357534266785 0.06721753540059212 0.4731251653447188
-1.693560943247825 -0.08263852817930244 0.4601630674373361
0.03192373863223176 -1.427311530715276 -0.4947404909072715
0.4690102036739265 1.486102694311005 0.4965829622887161
0.593142616248291 1.389594534050383 0.4998813755187995
0.7097361551391274 -1.394552031137833 -0.4957872812095434
0.8245797709185718 -1.48581951895688 -0.4585661531832603
1.634172050009555 -0.2653701586918529 0.4751793165908561
1.90474622476901 0.5443560054608665 0.1365063665075497
1.873213503273727 0.4563227151152178 0.2584985385746244
1.832050997230866 0.6021490255220387 0.2577090525920668
1.900553897526353 0.2945351249124244 0.2662086231194204
1.796519363081771 0.3907149803767839 0.3679770559872388
1.857049785876653 0.6931409210338648 0.1322594007055516
1.904807401185939 0.5452696140735848 -0.1354090604656061
1.833206388697764 0.681119885880324 -0.2058697870115808
1.019445812380091 0.3566103838860467 -0.27132238952474
1.715145800036221 0.9882808196656288 0.1416997490473547
1.72203318440538 -0.9799344034968143 0.1353556450473831
1.721878074582075 -0.9804783179437978 -0.1348772382927299
1.634860999537194 -1.023381949256631 -0.2572400210361869
1.55264898341542 -1.14530235466843 -0.2562197876006052
1.519162374351257 -1.035495767123695 -0.3679856157218489
1.461039554848481 -0.9247023965980024 -0.4444358451969656
1.54681493465018 -1.239057330265209 -0.133338751135524
1.723669673275868 0.977718110428626 -0.134183555647837
1.710576333646711 0.9002786801657391 -0.2499843234315107
1.235837472470871 0.8474806768494614 -0.4999977654897296
0.5085775056787066 -1.915152274944299 0.1346450990091604
1.545073430715435 -1.240329721101305 0.1353556450473712
1.545073430715495 1.240329721101254 0.135355645047317
1.5466950356527 1.240709117443096 -0.129895324634398
1.329551778665091 1.468824614199822 0.135817899579956
1.35420069041998 1.374232389714074 0.2562467884559458
1.315400167228157 -1.475202308005426 0.151527156495654
0.9899659513919192 1.253284724861258 0.4904793186112515
1.1239346377111 1.306149575650024 0.4474402758362047
1.079570921141995 1.661383865810276 0.1353556450473103
1.080850752045473 -1.660551527400741 0.1353556450471982
-1.399915754629267 -1.138023881163784 0.3968737203921514
-1.532585701783695 -1.13816017584544 0.2876290284686461
0.8109940817711375 1.807451671418915 0.1363183023995534
0.8041772995163514 -1.81079225597328 0.1353556450471842
1.329101629533372 1.469407561475585 -0.1353556450474728
1.35159313060687 1.367365099863037 -0.267183716897603
1.331005072780596 -1.467153790198747 -0.1367435144156048
1.242286090204735 -1.469938620621057 -0.2640736443420171
0.5071989201294047 1.915311718433737 0.1353556450473498
0.4192788343035002 1.879390392760385 0.2624343624290811
-0.2725817072703143 1.961925406078067 0.1373304426712033
-1.759630517101761 0.9106976263470759 0.1353556450473658
-1.386469362001344 -1.415405394783328 0.135355645047227
-1.387578397191267 -1.335423374841563 0.2620860677587368
-1.882146028935657 0.619028310428416 0.1353556450472648
-1.603673503004029 -1.158551972243015 0.1454193378842674
-1.760331717470468 -0.9093415023067354 0.1353556450473752
-1.882146028935651 -0.6190283104283394 0.1353556450473713
1.076580574373157 1.661896636565507 -0.1395436554596188
1.111918247112953 1.572062072827832 -0.2625024165734102
-0.5821189243792916 1.893546724887613 0.1365063665075487
-0.7311702102013794 1.84036750986086 0.1389896731468595
-0.7687430717655275 1.763891100775237 0.264789386718733
0.196622292734282 1.971223304309539 0.1365063665075517
0.040708755386709 1.980793672470434 0.1357757815631098
0.1239208331041504 1.924312256329489 0.2579934748845434
-0.1193511728629346 -1.977659166598686 0.1356149435837057
-0.5833786207080721 -1.89342279129524 0.1356149435837553
-1.019907191052083 -1.697918201518582 0.1376086769627611
-1.592820645983074 1.17826264959287 0.1356149435837229
-1.974742933469003 -0.1573911946944205 0.1365063665075566
-1.954801871741659 -0.3171578691519146 0.1387477461906824
-1.910627963877383 -0.2406522739279985 0.262219598851888
-0.7790252769006891 -1.397034921348539 0.4899878902088388
0.7960418553644595 1.814331504803042 -0.1355244921996452
0.954274684119379 1.659139286055894 -0.2803689313221884
0.5109170445245239 1.915508150820767 -0.1312163634711779
0.5063778805888737 -1.915192701401887 -0.1365063665078784
0.03944606563532723 -1.979416002134943 -0.1406531813749661
0.09686642699987234 -1.919042350671012 -0.2689794538768389
-0.1202603133009311 -1.976984238380252 -0.1377916775224056
0.2034637813648555 1.970580880177595 -0.1363240288601961
-0.4306518080077091 -1.933961929203819 -0.1353556450473133
-0.3491053118807712 -1.899517476217597 -0.2528896639715139
-1.395954277243163 1.399449484303316 -0.1510109262809785
-1.926287631247742 0.4665113419609082 -0.133049059134854
-1.851768262206739 0.5276513747117128 -0.2626201136647024
-1.757677877289446 0.9138058687300282 -0.1364253689166658
-1.145203264218023 1.616443975236127 -0.1365063665078353
-1.014511524342693 1.702398288741863 -0.1337992122641136
-1.594556982302259 -1.175273662599893 -0.1369516045574743
-1.581733474799025 -1.095913026521221 -0.2645276497788091
-1.504840917463397 -1.211146076008015 -0.2522794433943347
-1.153412949693225 -1.611008950937135 -0.135318353903539
-1.269632223330456 -1.521086347733796 -0.1353557020932208
-1.823075249553372 0.7678561565091957 -0.1460869278835482
-0.7307213562077709 1.841311473117644 -0.1365063665078297
-1.975306084188102 0.1564877696421603 -0.1347684586799397
-1.91773086134107 0.2273524733401138 -0.2531810410701948
-1.923929565321756 0.0748367442846755 -0.2627698970851653
-1.762756139471813 -0.3845869335587617 0.3967985561887082
-1.873108132947293 -0.3993837498517295 0.2785642291918438
-0.6790439786738559 1.274568081300387 -0.4968731383457884
0.8940512992478609 1.627131336167508 0.3505020678321307
0.800074116185037 0.6408162141651796 -0.1563311016385627
1.676002677605122 0.3416088807395599 0.4535477709494283
-0.2499861948164637 -1.723205236001234 -0.437951493244449
1.349335252093493 -0.9181242425431586 0.4822417332167192
-1.344632301274086 -1.130342041893181 -0.4291233591902666
1.515842963819899 1.090122986437979 -0.3394418330807054
-1.108161014768517 0.6900023491849476 -0.460585525248527
-1.605233261648973 1.019173385569084 0.2980653300459408
-1.496072210014712 -1.30094205126037 -0.1307754777661513
1.02254167082806 -1.117531972080275 -0.4997823744155382
-0.2019922271509566 1.90458388899123 0.278486702053472
-1.982382858463828 0.0006988877922854322 -0.1315547756820958
0.7693541972082018 -1.286595349112349 0.4999991490681701
0.6776476534553542 -1.418988330821455 0.4947168537690577
0.7432490848289773 -1.553326094486639 0.4480195565610824
-0.7273775577135387 -1.837738866962249 0.1516362517764172
-0.2747593284170812 -1.962283461724255 0.1350147668696516
-1.153144961173982 -1.609553438619693 0.1399951745838439
-0.07420949477376403 1.549892575954891 0.4973232372704697
-1.776977218889276 0.4595145706973901 -0.3707924067770044
-1.485290513563499 0.6769693964545599 0.4821814642878788
-1.836228755446028 -0.1386533367592823 0.3652501753970443
-1.192964890518946 -1.127398002801048 -0.4795896715544172
-1.593615109512565 -0.7641194610282703 0.422527844468649
-1.624129928224372 0.6315225426048527 0.4372073349545937
-1.670228759995168 0.4884921062315737 0.438525917405839
1.056335664850261 1.384456874265506 -0.4378507713471994
0.0208467324345739 1.701921351196955 -0.4573578389755792
-0.1332502454231078 1.700345817290302 -0.4557910646891182
-0.7680505903596249 1.53530388915441 0.4506007129673565
0.7977592534036758 0.8447250815042973 0.3683466789722415
1.857010890877273 0.1524402876221225 -0.3435755925280907
-1.263568432633631 -0.3179069301197853 -0.4595323507662047
-1.296432593192064 -1.370566648135774 -0.3171034701192926
1.705037937324332 -0.7464385026062285 -0.3456648975225456
1.721429930592938 0.6374598909471958 0.3705767884024599
1.856309619131151 0.1314847405996275 0.3459878380246029
1.848623530287831 -0.132915522713662 0.35371104534973
1.895964615098212 -0.2905946386717954 0.2742045752635378
1.847183117253286 -0.1348050723907449 -0.3550052579874163
0.8952250164218825 -1.55401941334984 0.4048415835232494
-0.8536989229719367 -1.377551435970995 -0.4852296278801934
-1.583767789449619 0.9072730541830253 -0.3797701963644136
-0.485943054465237 1.665905505539986 0.441155549044832
-0.3844953026247612 -1.595856707059755 0.4795533915473272
-1.634781017128993 -0.475072402112459 -0.4571978136271195
-0.4455467760430084 -1.481955108309635 -0.4977402817842113
-1.17856814479228 -1.357285608752576 0.4018132457472574
0.08733582817947658 1.763524668472302 0.42356934099508
-0.7600241044630853 1.659232403210695 -0.3799521506947781
-0.3993016250984811 -1.73503873602091 -0.413980018210679
1.255378830330697 -0.3171759231655658 0.4559648877917818
-1.742622719762088 -0.0682963390807 -0.4364438788199196
-0.2112192314956397 1.565706481398631 -0.4935764299389235
1.740496875716026 0.6853814573745677 -0.335661975665249
0.9359052983892024 -1.652409293780836 0.3012679815575792
1.663792001747972 -0.6637078239889895 0.4063882759881418
0.5051235837844144 1.499715949004388 -0.4931472320358504
1.40592119900923 -1.051370810333272 0.4297539897797878
1.318919712114712 -1.175991504116335 0.4227035893984446
1.239181725019279 -0.4154497359473595 -0.4612367161272251
0.2766978087409415 1.907679083284291 0.2590808338092404
-1.905048606824484 -0.2041653851430425 -0.2774513241230734
-1.86615574781082 -0.06788159728967255 -0.3391528155807999
-0.7607640466283456 -1.502624828385326 -0.4648203169123656
-1.038709162276285 0.4056130151247357 0.3191375195100222
-1.710376945458697 -0.7882075865210592 0.3211126687747542
1.771637983561015 -0.293375811367371 -0.4031417855615378
1.231106507063269 1.48029337633979 -0.2628597573331541
0.2372354935250564 -1.782397300325582 0.4014061607596737
1.70133695887719 -0.7915166490749798 0.3290731206987845
-1.544284047135652 -0.6049333190842192 -0.4741991345197095
1.247249867334121 1.206442315391828 0.4411934320528882
-0.06172318436691444 1.821931427420902 -0.3816884613904119
-0.6119913094415228 -1.367014746553997 0.4999949489116173
-0.597060751642277 -1.82358751403646 -0.273078269078008
1.701502060160687 -0.8965851323564611 -0.2661598011514037
1.238440803120943 1.47773127767337 0.2583842465100412
-0.5954392565325667 -1.494220491831894 -0.4880878377524008
-0.6233397649632468 1.825001585419573 0.2576275880885939
-0.7494317047670266 1.664888928781961 0.3792913974188926
-0.6208083579813358 1.729660392573123 0.36872908140353
-1.394546264319286 0.370665479343697 -0.4967365241001722
1.919590967239989 0.2666406858016083 -0.2411167779531807
-1.357249650530742 1.118130906958014 0.4279890768303902
-1.272710076398945 1.443709680771339 -0.2640342502125153
-1.38665819285937 -1.250996268091299 -0.3389591399143045
0.6389567746347469 1.786382911047883 0.3036761697787842
1.105982759981114 0.8389712172253311 -0.487338127807735
-1.629695965624019 1.010738736670926 -0.2748495870768081
0.8647507704583255 0.746754917215164 -0.349620646684501
1.495396964349475 -0.4417624311118781 -0.4964729852330242
1.247757121263723 1.347534692720269 0.3698174424837364
1.08649859278737 -1.658248046074221 -0.131162497864681
-1.617395976042562 -1.032340935827885 0.2731803220544087
0.6849909978692184 -0.8719967454134721 -0.3114750848712249
0.2686207792481983 -1.54978787312629 -0.4946577377909709
-0.8146267390492916 1.741887150575227 -0.2666497877056033
1.119592943936218 1.571859180373527 0.2554394853958695
-0.8757848285686279 -1.779631283542738 -0.1275657068746869
1.447284559142559 -1.169358561670015 0.3463075769260631
-1.597189162177055 -0.7456422874173138 -0.4254479341074766
-1.753657032170109 0.5875316641769908 0.3575988310977952
1.776447131843886 -0.2696239188790213 0.4023860239498357
1.967613430413942 0.2451493065835978 0.129917680783595
1.968659246543992 -0.239251511515295 -0.1287314267882793
1.967613430413958 -0.2451493065843499 0.12991768078319
0.5808562651123016 1.8473328508961 -0.2438599125935323
-1.508876975702899 1.282444990360195 0.1391532223080365
-1.487111082248177 0.5079197518074154 -0.4948673372779315
-0.6761368260451892 1.150896710763547 0.471924855857359
-0.03086951708244141 1.928498684037369 0.2572490946325161
-0.5437182568219514 -1.615834350630145 0.4561053292350242
-1.854605161890794 0.5354105089539323 0.2545677978327209
-1.129671876821609 -0.3288144985183229 -0.3812901685928781
1.578097093312196 -0.1227602086504251 0.4930856411854806
0.9948460134370344 0.2640634020450815 0.1686319816314442
-1.975878689211138 0.1696662539762227 0.1287099284124197
1.163906849030651 -1.527125891396582 0.2711348401208599
0.6002815150046601 0.8002564588267714 0.01933749396690276
0.008898864993049992 1.916240743737721 -0.2769953817666487
-0.9379008613801562 -1.682698019688318 0.2610706308181433
-1.034377866675972 1.688776804212526 0.1386907468035371
0.3660048941952651 1.207086436005744 -0.4393730958157101
-1.174868942915805 0.2778128309669883 -0.4053494953465257
-0.2065107500016951 -1.916452814386041 -0.2592362248902058
0.04445035013407343 -1.212163915142575 -0.4094126783577862
0.3533253345880119 -1.953298573277851 -0.1215634038620243
-1.93187649115514 -0.4605877094324987 -0.1173947666400067
0.04935512339439541 -1.638112103734057 0.4803323468653775
-0.9493731706074729 -0.5909524152163611 -0.3229309297156399
-0.5824073404869817 -1.832172572725567 0.2673632622002526
1.137237367771197 -0.1317163524687238 0.3519391837504226
-1.507662554860978 -0.8763556763646444 -0.4365003859088444
0.9944563264761999 1.656586727600281 0.251479720589644
-1.891705492824092 0.3976723009515336 0.2499306234922856
1.464496549231224 1.266162455968789 0.2448350383803084
1.552364972692506 -1.152436141932856 0.249368201971939
1.465023498916478 -1.2601470338992 -0.2510160606712452
1.4211743202347 -0.1335745085730802 0.4947067043379372
1.685185566135864 0.9308314541875133 0.263109259954902
0.9956591889606937 0.2581098445826926 -0.1665968768857568
0.3063647988660795 1.90170343294259 -0.2614075168267417
0.2123799438256508 1.2042662695041 -0.4161585760615729
-0.4404048704935392 1.8725481099297 -0.2655724092960903
1.64076118690894 -1.025690409440575 0.2465654839115514
-1.894838438370343 0.3816853896069182 -0.2501977740315471
1.599357423333649 0.1511448528017867 -0.4885297168275453
-1.475095393748096 -1.119283188398108 -0.3554215947099729
1.914214225145869 -0.5103395460315715 0.1362562907913974
-1.59779654837422 1.181091585364197 -0.113531028369554
0.6413256357213933 -1.018911689120806 -0.4029273666028691
1.972478941804352 0.2364414856748612 -0.1149820979586541
-1.061601849017439 -0.9349565345395754 0.4926558643601942
-0.4496678647041396 -1.82245692929859 -0.3283083019617352
1.356936001694579 -0.2469148556657172 0.4851924418172069
-1.112203715340467 0.2544658865678858 0.347962319436402
1.176281275294006 0.4367353895439857 0.4357156334416213
-1.134934520305179 -0.513295416080108 0.430449301865742
0.4044365937305379 1.603944142827348 -0.4756452235117474
-1.541783908567232 1.155186068913241 0.2608917231709499
0.8328185981599752 -1.741795168540457 0.2540361696497387
1.421680490023637 0.1105849037119758 0.4944899247418379
-1.064711423300153 -1.610911895944604 -0.2535040849844749
1.851537635482413 -0.7138074701088584 -0.124050509596664
-0.4663634921119743 1.878641814287826 0.2453528840532344
-0.3557609056593658 -1.902720532261108 0.2452972521444597
0.3731176054059876 -0.9566693765620984 -0.1616621865117316
0.5341952361135751 1.22547144584765 -0.472630148580558
-1.279975218305098 -1.387353543817596 0.3158408264583643
0.8165541496361064 -1.608222802289404 -0.3972388551812986
-1.753141348149296 0.8246437948111492 0.2422312919982668
-1.808801806985526 0.6811810177772534 0.2503431319465191
1.397424057799806 -1.066954098454201 -0.4281878445049584
0.9009774176164718 -0.9149406088974731 0.4509779438520598
-1.772695858581565 -0.8969980766581547 -0.1144713547048088
1.718669828001578 -0.894492998246703 0.2420439900427791
0.4575111236876149 1.714545257866787 -0.4178868129211671
1.895388914631912 -0.2744674145208562 -0.2786459146947859
1.190196889777337 0.4408843279031296 -0.4435602804537813
0.633132692527987 -1.685175200283372 -0.3998598428529682
1.119360013154283 1.468043104483338 -0.3608445037518497
-1.554588170350137 -0.9966642230190953 -0.3603329502612075
-1.956991078017755 0.325656876208317 0.1258531550394884
-0.9412913392060293 -0.9082982432676111 0.4616937386853183
-0.6856607199313363 -1.12879305223783 0.4667537861356797
-0.777705464434549 -0.6469097749693802 -0.1070395586910022
1.667032490191774 0.8227925855260979 -0.347992705041509
1.461983625246552 -1.2710202914514 0.2425354934092117
1.637819138451034 1.034853180133334 -0.242310191888836
0.5681333007735903 -1.854992299736183 0.2374047503671647
-0.0541116707697487 -1.876322731768429 0.3283191269527028
0.08525587587461791 -1.835221944114739 0.3691820272037725
-1.263820189269697 -0.005309692092063881 0.4407089350886854
1.260246290237494 0.5868142708740448 -0.4877881689386673
1.796018855236218 0.7232014995286337 0.2444729521885816
-1.864688782305361 -0.5334744907849863 0.2384113423916678
0.8654206612018949 1.731612783159834 0.2450564624043107
-1.695600438968311 -0.9272556504875873 0.2507486674299105
-0.3931566765319842 1.14821356550457 0.4098883424671418
-0.5534974985024048 1.083867251773071 0.412213535709379
0.9521142014152978 -0.647310812422547 0.3583583998332536
-1.183493378911068 0.5785628570090551 -0.465442024977733
-0.2963621325727312 -1.829145829187967 -0.3541069982172664
-1.43882203360343 1.182693950537797 0.3443553361712076
-1.830438403418908 -0.2807750653529973 0.3552510301410226
-1.402804481312259 -1.341359924295056 -0.2358050010385573
1.55078789384093 1.167518075770779 -0.2353542559286715
-1.102410784845049 1.583011671425274 0.2567406168183949
-1.940909566993588 -0.07334900393625703 -0.2331846849907777
0.163634080745823 -1.430682355657632 -0.4963881257304735
1.78943886317868 0.5156530041732357 0.3446333351908413
0.5382796317660613 1.857928908809486 0.2476988131136372
-0.9704796789674078 0.7452907024110554 -0.4166819385656063
1.786027661688096 0.2602975637898127 0.3962807327907231
1.138414380098965 -0.5451760865564633 0.4398427011831892
1.124853871005496 0.3310767231666029 -0.3778705318617394
0.8637244876489528 1.611943535210117 -0.3767140562888145
0.6972506854555934 1.807345019791501 -0.2426444181079945
-0.793678955871144 1.098881492303299 0.4786741870793437
1.189555958429489 0.7201965890243878 -0.4878814886669274
-1.645404095235599 -0.9841558722107681 -0.2754763778506908
-1.689466971954783 0.9599880730835306 0.231534192417407
-0.4805161291652459 -1.097582300380562 0.3986118701710337
0.4526139299242395 1.880791981172021 -0.2474298286417955
-0.8226106241297927 -1.750298524861564 0.2483376009347706
0.4891552942671771 0.876834082712125 0.06348924889826599
-1.218115597794543 0.2374844189859326 0.4277204264471089
1.563238293832613 1.156356342701546 0.2290565554790235
0.4996880685176954 -0.9155442635193632 -0.2029223786835383
1.104921564575494 -0.3696305442757111 -0.3712786713041617
1.201555410638511 0.2419132012575484 0.4180202318551523
1.150377222787456 -1.554790481651735 -0.2481079445180868
1.060303230725107 0.2517551594623501 0.2858683936090856
-0.07301122874427929 1.961619454086901 -0.1888163987697135
-1.186081029277211 1.540552670506198 -0.2294469348090467
-0.1894432623998717 -1.210164999102952 -0.4175186238251555
-0.9309041660932325 1.706197489833321 -0.2306373677713333
1.765081551320907 0.7850218540008463 -0.2521238350236296
0.09736394766867619 -1.292123128994976 0.4563953665580904
1.781415375543084 -0.7669982174111715 0.2383791572300364
0.2205887054217085 -1.875830256163945 -0.314434280372661
0.8707218878426747 0.7198737238648458 0.3360475487249963
-0.495684411649845 -1.881383631832012 -0.2268315208448637
-0.5849419948961311 1.90272975554924 -0.0964338606318446
-0.09059555129067363 1.205566215017035 -0.4065696608454641
-1.467019263547724 1.25994176939503 -0.2486240014355533
-1.940587971128394 0.1029821945887044 0.2312329103292796
-0.04635884930443091 -1.943314348224366 0.2301779402429799
1.592607862417837 -0.945972294130574 -0.3547358450395321
-0.3138295800990902 1.961171394786348 -0.116982897021591
1.652387056272849 0.2286799122446066 0.4708824784747325
1.370768557626829 -1.374467240840872 0.235293854553692
-0.347791022730234 1.913624165797402 0.2280349266344516
-0.317816110827349 1.184869640798404 -0.4187315687372424
-1.37746113462465 -0.2739334784384234 0.4907824393966173
1.88878701287876 -0.4189923846470346 0.2470513261938845
1.383756621499278 -0.3936553992249571 -0.4962233272627224
1.983768772268106 0.1139517572620725 -0.1131066796929076
1.983779953733102 0.1142799474470911 0.1129773746099843
1.983768772268317 -0.1139517572613132 0.1131066796921871
1.983779953733323 -0.1142799474463238 -0.1129773746092217
0.3279125823680726 -1.269730218456643 0.4630614919586292
1.053578079365443 -1.62406717868116 0.2449713619831454
0.3483643313558785 1.825747622565499 0.3483455957102909
-0.00880950913339793 -1.247366222981864 0.4314995847913283
-1.848099459726174 0.1798537706816523 -0.3502457608872184
-1.24793946085335 -0.4208277944108331 0.4653014420708291
-1.277731828550433 0.358508768253068 -0.4691447836325063
1.865973803042247 0.6961507266112473 -0.09124749733579603
0.7053820764301402 0.722819390191796 -0.0993321916178556
-1.307235454630431 -1.443514473241112 0.2231142781584709
0.7497765735689504 1.789839266354134 0.2364865036631603
1.470726982138352 1.277551806572709 -0.2217821662137895
-1.187505200572871 -0.09806528003044482 0.3935187972592129
-1.836834003964007 -0.770052141627574 -0.09062939969395514
0.6948073334764659 -0.9197796381712944 0.3597125399092325
-1.93312530055405 -0.1180055297035352 0.2434592373795966
-1.764446934127364 -0.8255817666774855 0.2219471276932472
0.8077464995093965 -1.820719844075848 -0.08989672078793023
-1.307681265587236 -1.444683648438245 -0.2207605205732147
0.9611946941814675 0.6853176818885315 -0.3845946814208069
-0.8657888845999332 1.704476401758023 0.2836421382110709
1.892261196547639 -0.4218804875323118 -0.2398430401507849
1.656218949783983 -0.2538183173672907 -0.4681670654060103
-0.9688178179970912 1.206842370098821 0.4977287519875717
0.07015850954162929 1.854324776203745 0.3514427277290419
-1.966960886401549 -0.3155463836895736 -0.08847121464658601
-0.9375877824651149 0.5099061006570708 0.2504969701426664
1.207548577281515 -1.39701372345479 -0.3604014537487971
1.773560032097631 -0.7842833270324772 -0.2389067468618532
1.134599140733487 0.1297646945859199 -0.3490456877252842
-0.7360413401550473 -1.851345585310729 -0.08744218751726388
-1.428302948145792 -1.224443267517612 0.323428611094858
1.06414049305389 -0.2363336054346756 0.2862793648418058
-1.822928782253432 0.6477544921056415 -0.2472403023106891
-1.130597807203163 0.1193652178201642 -0.343722165124906
0.0855117609719668 -1.398417713652457 0.4901070187298299
1.070465755000485 0.2399847658304949 -0.2960077960672431
0.8328014103299476 0.9352401712921152 0.4343272681167971
-0.7952725326802126 -0.6999687488704585 -0.2364477226825372
0.1991301260510656 -1.983045157545556 0.08326591844469151
0.3557244693736533 -1.170361802199336 -0.4164099407875465
0.11530315007748 -1.737456130953099 0.4379326307241801
0.1890988124293043 1.114009996157737 -0.3362433662452772
-0.8691788803263462 -0.9802257601423282 0.4625268621466838
-0.4980294905953755 -1.886415984724315 0.215762162248582
0.5690413911379515 -1.867151426589198 -0.2138969506898958
0.1759553104492798 -1.897642183467235 0.2921313661110609
0.3025606338741307 -1.020320244506871 -0.2451712626250361
-1.242321780397556 -0.7866640555763785 0.4991256418849304
-0.09382678193309239 1.988806473999908 -0.09434423907732881
1.472297987579938 -1.135001306949731 -0.3480192396356283
1.354575076608537 0.1958020596926567 -0.4824397023358907
-0.9557117050535932 -1.691283059922033 -0.2325423911451357
0.2631181677971377 -1.768149486875886 -0.4089926340760511
0.5207393411565866 1.787577842953762 -0.3450239556978593
$EndNodes
$Elements
1 2840 1 2840
2 1 2 2840
1 578 1075 1059 
2 147 1387 1282 
3 115 1121 795 
4 778 877 563 
5 515 845 754 
6 127 1075 739 
7 714 1222 1035 
8 75 869 120 
9 967 1155 729 
10 30 920 29 
11 258 762 761 
12 1212 1264 919 
13 1035 1222 157 
14 147 1282 1209 
15 795 1121 698 
16 216 812 219 
17 77 943 147 
18 756 913 586 
19 163 1397 1041 
20 865 1003 510 
21 372 757 752 
22 739 1074 127 
23 729 1319 967 
24 1282 1387 731 
25 258 763 762 
26 845 846 754 
27 643 1015 999 
28 797 1161 670 
29 287 759 285 
30 507 1161 797 
31 1184 1185 1062 
32 732 1095 736 
33 945 946 773 
34 736 1095 1087 
35 689 1266 883 
36 510 1230 865 
37 758 1155 100 
38 688 917 849 
39 1062 1185 1183 
40 838 840 513 
41 212 812 216 
42 849 916 688 
43 135 1193 1087 
44 1087 1193 736 
45 953 1266 689 
46 1041 1055 163 
47 1050 1114 159 
48 608 789 590 
49 974 1018 150 
50 239 880 237 
51 1053 1397 163 
52 1059 1075 1058 
53 357 873 306 
54 122 1244 994 
55 757 1304 752 
56 735 1077 792 
57 76 869 75 
58 994 1299 122 
59 509 1218 814 
60 586 1303 756 
61 1077 1231 792 
62 1111 1264 137 
63 871 911 165 
64 893 1251 672 
65 1069 1264 1212 
66 93 815 94 
67 842 955 932 
68 780 1104 317 
69 814 1218 810 
70 93 1417 815 
71 277 896 279 
72 840 1278 513 
73 158 1043 787 
74 292 888 294 
75 103 902 870 
76 145 1210 1142 
77 705 1110 272 
78 95 939 94 
79 319 1178 355 
80 988 1350 1084 
81 317 1194 780 
82 259 880 239 
83 639 1045 626 
84 137 1264 1069 
85 29 920 160 
86 952 1335 101 
87 1050 1357 1114 
88 1058 1075 127 
89 778 949 558 
90 558 1346 778 
91 626 1045 730 
92 643 1016 1015 
93 114 920 30 
94 999 1015 148 
95 1012 1140 176 
96 974 1244 1018 
97 1138 1180 529 
98 1143 1282 1171 
99 563 949 778 
100 1119 1235 720 
101 1041 1198 1055 
102 290 1192 784 
103 845 848 847 
104 602 907 906 
105 759 891 285 
106 1110 1317 272 
107 1012 1318 1140 
108 361 873 357 
109 1123 1250 1086 
110 1071 1101 1072 
111 294 888 335 
112 761 798 258 
113 126 910 745 
114 817 818 125 
115 816 817 125 
116 831 1378 852 
117 784 1385 290 
118 113 1345 792 
119 827 1378 831 
120 1180 1353 529 
121 1222 1367 157 
122 327 811 810 
123 157 1367 1039 
124 355 1178 796 
125 132 1166 801 
126 711 1250 1123 
127 101 953 952 
128 617 1079 545 
129 76 943 77 
130 894 1187 1135 
131 1142 1360 145 
132 707 1201 1096 
133 173 1251 893 
134 279 896 330 
135 1059 1285 578 
136 752 876 372 
137 295 843 293 
138 754 885 515 
139 1148 1216 683 
140 1046 1047 853 
141 861 1374 1223 
142 1143 1171 174 
143 287 921 759 
144 745 1197 126 
145 1135 1187 178 
146 94 939 901 
147 545 1079 680 
148 893 894 173 
149 324 843 295 
150 110 1046 853 
151 943 1387 147 
152 219 812 327 
153 1264 1308 919 
154 191 839 189 
155 612 1123 1086 
156 236 834 238 
157 869 1344 120 
158 1084 1350 169 
159 180 824 182 
160 698 1121 1068 
161 1274 1284 604 
162 130 1279 977 
163 327 810 809 
164 1093 1094 695 
165 882 913 756 
166 136 1226 744 
167 977 1325 130 
168 773 1245 945 
169 843 955 842 
170 742 1248 112 
171 1055 1198 133 
172 1183 1185 724 
173 100 1236 758 
174 112 1354 742 
175 608 1400 789 
176 1011 1299 1139 
177 1084 1189 988 
178 1079 1345 113 
179 744 1386 136 
180 801 1391 132 
181 871 998 911 
182 111 1101 1071 
183 271 839 191 
184 877 1261 563 
185 272 834 236 
186 789 799 590 
187 548 897 549 
188 570 1105 1013 
189 724 1269 1183 
190 895 896 277 
191 938 1234 514 
192 585 824 180 
193 894 1135 173 
194 160 1312 1226 
195 946 1220 773 
196 1226 1312 744 
197 276 1255 1199 
198 609 1165 1065 
199 909 920 114 
200 906 907 661 
201 174 939 95 
202 523 1213 524 
203 1068 1225 698 
204 870 1398 103 
205 306 873 872 
206 1067 1235 1119 
207 1086 1399 612 
208 807 1401 592 
209 237 880 879 
210 861 1223 260 
211 592 1401 717 
212 466 914 468 
213 990 1254 169 
214 1155 1259 100 
215 601 992 603 
216 723 1269 724 
217 800 802 144 
218 906 1389 602 
219 707 1096 760 
220 1043 1265 787 
221 102 1417 93 
222 684 1120 1066 
223 887 888 292 
224 998 1284 1274 
225 738 875 874 
226 846 1289 320 
227 114 919 909 
228 868 1199 864 
229 752 1304 753 
230 1065 1390 609 
231 320 1327 846 
232 1227 1272 266 
233 1190 1252 1108 
234 1221 1287 39 
235 695 1267 1093 
236 1223 1374 777 
237 723 1357 1269 
238 169 1350 990 
239 1081 1246 785 
240 680 1079 1078 
241 990 1193 135 
242 129 1367 1159 
243 671 1155 967 
244 384 921 318 
245 94 901 93 
246 848 1409 847 
247 977 1279 976 
248 549 897 552 
249 272 1317 834 
250 166 1081 785 
251 1096 1201 142 
252 293 843 841 
253 683 1216 942 
254 134 1246 1081 
255 870 902 181 
256 528 940 852 
257 860 1374 1104 
258 777 1374 860 
259 102 793 786 
260 135 1254 990 
261 1279 1379 976 
262 441 866 865 
263 230 809 790 
264 468 914 706 
265 1139 1299 994 
266 833 914 466 
267 1171 1282 731 
268 112 1248 760 
269 717 921 384 
270 99 900 899 
271 825 828 826 
272 785 1224 166 
273 524 1213 937 
274 214 868 188 
275 524 937 612 
276 792 1231 113 
277 257 875 262 
278 809 810 790 
279 584 1372 1186 
280 937 1123 612 
281 867 1333 1271 
282 441 865 806 
283 577 1167 1099 
284 1013 1315 570 
285 756 1303 757 
286 822 824 823 
287 1199 1255 864 
288 834 1317 914 
289 320 1178 319 
290 241 876 280 
291 1177 1224 676 
292 827 831 229 
293 1271 1333 863 
294 204 885 273 
295 844 848 845 
296 940 1359 982 
297 603 992 909 
298 249 872 621 
299 99 899 898 
300 247 882 756 
301 189 839 837 
302 262 875 502 
303 296 884 660 
304 182 824 821 
305 238 834 832 
306 760 1348 112 
307 414 879 829 
308 797 1272 1227 
309 1114 1357 723 
310 762 897 548 
311 852 1378 528 
312 850 852 851 
313 259 924 880 
314 274 822 343 
315 444 1122 673 
316 772 860 775 
317 639 1172 1045 
318 835 886 397 
319 720 1329 1119 
320 920 1312 160 
321 982 1371 940 
322 923 1154 751 
323 370 1122 444 
324 716 1247 925 
325 254 798 253 
326 802 976 144 
327 1013 1318 1012 
328 763 764 762 
329 153 1047 1046 
330 1161 1263 710 
331 845 847 846 
332 932 933 842 
333 193 895 277 
334 1181 1196 1034 
335 794 1179 168 
336 673 1152 674 
337 1141 1207 1142 
338 1114 1215 159 
339 1263 1281 710 
340 683 942 791 
341 258 798 254 
342 214 1199 868 
343 280 876 752 
344 358 833 466 
345 1139 1315 1011 
346 1295 1296 596 
347 787 1294 158 
348 1228 1400 608 
349 890 1372 584 
350 273 885 754 
351 1053 1273 605 
352 435 1154 923 
353 963 1287 1221 
354 93 901 99 
355 1078 1080 680 
356 992 1312 920 
357 981 1178 320 
358 397 886 345 
359 917 1257 849 
360 578 1321 1075 
361 879 880 829 
362 872 873 621 
363 702 992 601 
364 653 1228 608 
365 822 823 343 
366 138 1225 1068 
367 684 1270 1120 
368 543 1004 927 
369 874 875 255 
370 825 826 229 
371 252 874 255 
372 224 825 229 
373 223 809 230 
374 246 872 249 
375 402 1297 830 
376 206 885 204 
377 242 876 241 
378 199 884 296 
379 320 1289 981 
380 821 822 269 
381 954 1113 321 
382 622 888 887 
383 622 887 201 
384 285 891 203 
385 348 968 443 
386 243 832 356 
387 187 821 269 
388 832 833 356 
389 228 879 414 
390 878 1337 944 
391 248 882 247 
392 769 860 772 
393 944 1335 878 
394 355 1216 1148 
395 293 841 207 
396 864 1333 868 
397 185 837 708 
398 830 1331 402 
399 837 838 708 
400 844 845 515 
401 862 863 511 
402 1088 1089 857 
403 605 1397 1053 
404 1092 1252 1190 
405 854 984 471 
406 211 844 515 
407 1159 1265 129 
408 443 968 670 
409 831 852 850 
410 651 1196 1181 
411 918 1152 673 
412 231 859 263 
413 194 895 193 
414 1105 1318 1013 
415 831 850 220 
416 255 875 257 
417 327 812 811 
418 651 1202 650 
419 930 1319 709 
420 448 891 759 
421 811 814 810 
422 546 881 761 
423 1181 1202 651 
424 830 1297 827 
425 253 798 303 
426 672 1251 815 
427 928 1192 290 
428 431 950 429 
429 155 1316 1191 
430 482 983 697 
431 261 861 260 
432 376 941 527 
433 269 822 274 
434 1142 1210 175 
435 586 913 308 
436 1039 1367 129 
437 818 819 161 
438 1258 1307 1083 
439 738 1408 875 
440 622 889 888 
441 318 921 287 
442 1004 1005 927 
443 931 1057 164 
444 538 1169 936 
445 462 950 431 
446 829 1169 828 
447 188 868 190 
448 344 941 376 
449 99 898 92 
450 356 833 358 
451 814 1234 938 
452 826 1260 830 
453 334 881 546 
454 92 898 91 
455 572 1304 1303 
456 579 1118 396 
457 88 902 103 
458 985 987 986 
459 126 911 910 
460 125 1029 816 
461 1296 1412 1173 
462 308 913 304 
463 471 985 854 
464 1023 1277 1024 
465 783 1324 1298 
466 796 1216 355 
467 212 1290 812 
468 1173 1412 817 
469 673 1122 918 
470 1024 1353 1023 
471 267 903 291 
472 661 912 906 
473 805 1349 494 
474 471 984 467 
475 743 1224 1177 
476 761 881 798 
477 701 1007 505 
478 1018 1244 122 
479 1150 1182 926 
480 628 929 476 
481 525 988 986 
482 324 955 843 
483 598 1389 905 
484 281 924 259 
485 1154 1307 1258 
486 1191 1376 155 
487 986 987 525 
488 467 984 360 
489 538 936 353 
490 819 1296 1295 
491 1101 1309 1072 
492 1125 1381 1072 
493 275 954 321 
494 909 992 920 
495 1186 1213 584 
496 784 1324 783 
497 643 1158 1016 
498 753 904 282 
499 670 1272 797 
500 852 940 851 
501 925 1247 805 
502 168 1396 794 
503 144 1232 800 
504 181 902 179 
505 886 1113 954 
506 190 868 867 
507 176 1208 1012 
508 59 1080 60 
509 307 995 314 
510 911 1383 165 
511 900 1164 899 
512 471 987 985 
513 572 948 439 
514 323 926 338 
515 860 1104 775 
516 230 789 733 
517 505 1007 390 
518 855 985 858 
519 389 983 482 
520 693 1157 979 
521 138 1329 1225 
522 543 934 665 
523 494 925 805 
524 922 1388 666 
525 353 936 301 
526 796 1073 642 
527 929 1192 928 
528 388 1004 543 
529 99 901 900 
530 1109 1293 699 
531 1283 1298 741 
532 1105 1355 1318 
533 905 1389 906 
534 1297 1378 827 
535 530 1127 655 
536 475 1130 639 
537 1109 1311 1293 
538 476 929 401 
539 263 890 705 
540 374 1000 434 
541 1000 1163 434 
542 521 997 583 
543 956 957 409 
544 584 1213 523 
545 568 970 969 
546 250 874 252 
547 311 1278 840 
548 89 902 88 
549 632 996 634 
550 244 872 246 
551 767 860 769 
552 226 825 224 
553 331 1117 329 
554 403 1001 405 
555 240 832 243 
556 221 809 223 
557 183 870 181 
558 763 765 764 
559 201 887 202 
560 464 1156 577 
561 190 867 192 
562 209 885 206 
563 854 985 855 
564 1257 1288 849 
565 728 870 387 
566 229 831 222 
567 439 948 371 
568 203 891 200 
569 207 841 208 
570 196 884 199 
571 230 733 225 
572 205 887 292 
573 186 837 185 
574 232 879 228 
575 245 876 242 
576 764 897 762 
577 198 891 448 
578 227 859 231 
579 251 882 248 
580 184 821 187 
581 396 1118 1117 
582 738 874 342 
583 927 1005 588 
584 823 1164 941 
585 1108 1126 613 
586 197 895 194 
587 215 844 211 
588 1260 1331 830 
589 668 1163 1000 
590 984 1102 360 
591 140 1080 59 
592 220 850 218 
593 776 1017 774 
594 840 1380 311 
595 941 1164 527 
596 821 824 822 
597 1002 1125 459 
598 686 947 465 
599 386 1116 678 
600 265 861 261 
601 106 1402 1395 
602 312 1116 386 
603 906 912 299 
604 826 827 229 
605 399 956 409 
606 775 1104 780 
607 568 969 557 
608 263 705 235 
609 985 986 858 
610 1072 1309 1125 
611 863 864 511 
612 1045 1377 730 
613 997 1110 583 
614 832 834 833 
615 424 965 433 
616 642 1073 581 
617 484 1153 707 
618 824 1334 823 
619 799 950 590 
620 263 1228 890 
621 304 913 302 
622 939 1388 922 
623 812 813 811 
624 837 839 838 
625 396 1117 331 
626 179 902 89 
627 693 979 485 
628 473 997 521 
629 975 993 971 
630 962 1125 1002 
631 507 1263 1161 
632 932 955 419 
633 423 938 514 
634 360 1102 359 
635 407 1002 459 
636 284 924 281 
637 91 898 105 
638 911 998 910 
639 788 1118 579 
640 886 954 345 
641 299 912 297 
642 409 1001 403 
643 1142 1207 715 
644 829 1392 1169 
645 956 1129 957 
646 685 1128 625 
647 950 1136 429 
648 635 996 632 
649 119 1189 1084 
650 400 1130 475 
651 1100 1101 713 
652 709 1319 729 
653 654 1041 1040 
654 491 1127 530 
655 305 881 334 
656 282 904 283 
657 568 975 971 
658 709 1305 930 
659 786 1417 102 
660 123 1373 1016 
661 90 179 89 
662 628 1028 929 
663 89 946 945 
664 648 1314 1200 
665 588 1005 550 
666 104 946 88 
667 90 945 106 
668 258 1330 763 
669 957 1129 960 
670 905 1323 598 
671 230 790 789 
672 461 1156 464 
673 291 968 348 
674 1116 1117 678 
675 514 1234 933 
676 621 892 737 
677 417 1107 610 
678 234 916 217 
679 264 903 267 
680 77 147 78 
681 3 148 4 
682 78 145 77 
683 4 146 3 
684 765 766 764 
685 957 958 409 
686 901 922 900 
687 558 949 556 
688 529 1353 1024 
689 329 1117 1116 
690 983 1173 697 
691 568 971 970 
692 382 930 513 
693 148 1015 4 
694 81 1141 175 
695 613 1126 474 
696 565 951 649 
697 76 1253 869 
698 421 932 419 
699 559 949 563 
700 378 1006 394 
701 4 1009 146 
702 425 938 423 
703 658 1106 451 
704 826 830 827 
705 401 929 928 
706 233 916 849 
707 951 952 649 
708 884 1413 660 
709 343 941 344 
710 538 1260 1169 
711 60 1080 1078 
712 394 1006 604 
713 488 1100 713 
714 846 1327 754 
715 5 1009 4 
716 561 951 565 
717 477 1153 484 
718 1075 1321 739 
719 74 121 75 
720 6 123 7 
721 7 122 6 
722 75 120 74 
723 888 1340 335 
724 336 1150 926 
725 326 955 324 
726 449 1124 350 
727 654 1040 531 
728 839 840 838 
729 1010 1012 146 
730 765 767 766 
731 1107 1162 610 
732 73 149 72 
733 9 150 8 
734 8 152 9 
735 72 151 73 
736 551 1036 564 
737 500 1131 676 
738 600 1133 703 
739 790 799 789 
740 721 1163 668 
741 770 877 778 
742 729 758 728 
743 376 527 447 
744 517 666 582 
745 672 815 740 
746 901 939 922 
747 383 411 382 
748 597 712 671 
749 666 1171 582 
750 637 672 638 
751 412 967 411 
752 633 635 632 
753 314 1122 370 
754 769 771 770 
755 268 317 265 
756 636 637 635 
757 767 769 768 
758 1010 1013 1012 
759 767 768 766 
760 709 728 387 
761 649 689 569 
762 381 382 380 
763 771 779 770 
764 957 959 958 
765 958 1001 409 
766 571 994 993 
767 769 770 768 
768 454 597 453 
769 387 870 183 
770 453 967 412 
771 916 1262 688 
772 563 951 561 
773 381 383 382 
774 418 453 412 
775 565 649 569 
776 631 632 630 
777 383 412 411 
778 629 630 628 
779 782 1017 776 
780 493 1157 496 
781 556 559 557 
782 301 936 298 
783 632 634 630 
784 559 563 561 
785 597 671 453 
786 672 740 638 
787 637 638 635 
788 772 773 771 
789 10 109 11 
790 70 110 71 
791 11 107 10 
792 71 108 70 
793 663 886 835 
794 627 628 476 
795 565 569 566 
796 552 554 553 
797 13 156 12 
798 69 157 68 
799 777 860 767 
800 395 866 393 
801 374 381 380 
802 633 636 635 
803 556 949 559 
804 561 565 562 
805 374 380 313 
806 15 128 14 
807 67 129 66 
808 582 731 722 
809 761 762 548 
810 376 447 446 
811 274 343 316 
812 257 260 256 
813 636 640 637 
814 359 1102 362 
815 447 517 516 
816 631 633 632 
817 517 582 518 
818 17 155 16 
819 65 158 64 
820 347 1006 378 
821 252 254 253 
822 554 556 555 
823 246 248 247 
824 123 1027 1026 
825 559 561 560 
826 418 454 453 
827 709 729 728 
828 454 646 597 
829 567 1176 1037 
830 31 114 30 
831 27 136 26 
832 29 160 28 
833 22 159 21 
834 19 124 18 
835 24 117 23 
836 63 125 62 
837 61 161 60 
838 411 930 382 
839 58 118 57 
840 55 138 54 
841 34 137 33 
842 554 558 556 
843 52 115 51 
844 244 246 245 
845 36 162 35 
846 50 163 49 
847 38 116 37 
848 765 777 767 
849 267 268 265 
850 250 252 251 
851 48 133 47 
852 548 549 547 
853 344 376 375 
854 317 861 265 
855 41 139 40 
856 255 256 254 
857 46 164 45 
858 571 993 975 
859 629 631 630 
860 44 111 43 
861 243 244 242 
862 627 629 628 
863 249 250 248 
864 289 290 268 
865 546 548 547 
866 507 716 498 
867 769 772 771 
868 382 513 380 
869 12 154 13 
870 68 153 69 
871 507 797 716 
872 556 557 555 
873 663 835 664 
874 240 242 241 
875 546 761 548 
876 343 344 316 
877 740 786 741 
878 549 552 551 
879 264 265 261 
880 554 555 553 
881 244 245 242 
882 552 553 551 
883 493 494 492 
884 334 546 340 
885 312 313 311 
886 306 872 244 
887 250 251 248 
888 342 874 250 
889 391 663 506 
890 256 258 254 
891 565 566 562 
892 553 1036 551 
893 252 255 254 
894 246 249 248 
895 246 247 245 
896 373 374 313 
897 1132 1157 693 
898 436 1003 648 
899 625 1124 449 
900 559 560 557 
901 546 547 340 
902 337 510 367 
903 772 774 773 
904 123 1026 7 
905 74 1020 121 
906 120 1019 74 
907 569 570 566 
908 499 507 498 
909 781 782 776 
910 365 492 363 
911 663 1113 886 
912 561 562 560 
913 240 243 242 
914 280 752 282 
915 957 960 959 
916 252 253 251 
917 959 961 958 
918 1009 1010 146 
919 497 498 495 
920 436 648 452 
921 296 660 659 
922 694 1132 693 
923 815 1251 94 
924 310 311 278 
925 660 862 806 
926 737 738 342 
927 592 717 384 
928 452 820 617 
929 493 495 494 
930 692 693 485 
931 750 923 751 
932 752 753 282 
933 644 895 197 
934 255 257 256 
935 241 280 259 
936 240 241 239 
937 971 972 970 
938 238 832 240 
939 365 493 492 
940 417 418 412 
941 14 127 15 
942 66 126 67 
943 257 261 260 
944 362 363 361 
945 243 306 244 
946 475 476 401 
947 515 885 209 
948 770 778 768 
949 514 933 932 
950 238 240 239 
951 549 551 550 
952 64 165 65 
953 479 1145 657 
954 514 932 421 
955 359 361 357 
956 903 968 291 
957 747 750 749 
958 419 955 326 
959 400 401 328 
960 305 334 333 
961 904 905 299 
962 280 282 281 
963 719 796 642 
964 335 337 336 
965 517 518 516 
966 509 938 425 
967 16 167 17 
968 582 722 518 
969 61 113 62 
970 297 912 300 
971 443 670 544 
972 580 981 980 
973 447 516 446 
974 283 904 299 
975 187 269 214 
976 249 342 250 
977 1022 1023 1021 
978 750 751 749 
979 376 446 375 
980 626 627 476 
981 580 980 536 
982 423 514 421 
983 486 590 462 
984 535 536 534 
985 663 664 506 
986 549 550 547 
987 692 694 693 
988 537 580 536 
989 533 534 532 
990 486 608 590 
991 536 540 534 
992 620 803 802 
993 634 1028 630 
994 961 962 958 
995 233 844 215 
996 835 836 664 
997 660 806 659 
998 392 511 377 
999 237 879 232 
1000 594 1148 683 
1001 414 825 226 
1002 280 281 259 
1003 337 367 366 
1004 615 984 854 
1005 233 848 844 
1006 427 509 425 
1007 334 340 339 
1008 718 719 642 
1009 349 384 318 
1010 294 335 309 
1011 18 134 19 
1012 667 668 480 
1013 444 673 606 
1014 521 583 523 
1015 644 896 895 
1016 379 1102 615 
1017 533 535 534 
1018 385 592 384 
1019 497 499 498 
1020 461 462 431 
1021 641 642 581 
1022 20 166 21 
1023 58 140 59 
1024 503 688 687 
1025 463 486 462 
1026 414 828 825 
1027 351 661 450 
1028 611 686 465 
1029 491 503 490 
1030 583 584 523 
1031 531 532 504 
1032 56 168 57 
1033 405 406 404 
1034 407 408 406 
1035 489 490 458 
1036 503 687 490 
1037 564 1036 607 
1038 535 537 536 
1039 33 135 34 
1040 31 169 32 
1041 29 119 30 
1042 50 143 51 
1043 53 131 54 
1044 47 130 48 
1045 36 141 37 
1046 26 142 27 
1047 44 144 45 
1048 38 170 39 
1049 531 533 532 
1050 41 132 42 
1051 23 112 24 
1052 457 458 408 
1053 491 504 503 
1054 961 964 962 
1055 489 491 490 
1056 283 297 284 
1057 403 404 402 
1058 247 756 372 
1059 283 299 297 
1060 450 624 623 
1061 238 239 237 
1062 351 450 449 
1063 406 528 404 
1064 450 623 449 
1065 364 365 363 
1066 236 237 232 
1067 405 407 406 
1068 351 449 350 
1069 720 942 719 
1070 211 515 209 
1071 300 351 350 
1072 537 581 580 
1073 403 405 404 
1074 803 804 802 
1075 369 419 326 
1076 297 300 298 
1077 351 912 661 
1078 407 457 408 
1079 488 489 458 
1080 623 679 625 
1081 300 350 301 
1082 297 298 284 
1083 399 403 402 
1084 399 409 403 
1085 399 402 398 
1086 264 267 265 
1087 352 413 354 
1088 367 436 415 
1089 657 747 746 
1090 241 259 239 
1091 486 653 608 
1092 228 414 226 
1093 521 523 522 
1094 414 829 828 
1095 300 301 298 
1096 623 625 449 
1097 600 703 702 
1098 350 352 301 
1099 457 488 458 
1100 354 399 398 
1101 679 685 625 
1102 473 521 520 
1103 530 531 504 
1104 461 463 462 
1105 269 274 270 
1106 282 283 281 
1107 641 718 642 
1108 714 721 668 
1109 236 238 237 
1110 687 982 490 
1111 267 289 268 
1112 787 788 579 
1113 488 652 489 
1114 374 434 381 
1115 407 459 457 
1116 359 362 361 
1117 491 530 504 
1118 747 749 748 
1119 354 398 353 
1120 420 421 419 
1121 352 354 353 
1122 603 909 908 
1123 224 229 222 
1124 286 287 285 
1125 352 353 301 
1126 530 654 531 
1127 737 805 738 
1128 713 931 652 
1129 479 657 656 
1130 233 849 848 
1131 488 713 652 
1132 298 541 284 
1133 222 831 220 
1134 533 605 535 
1135 217 233 215 
1136 398 538 353 
1137 436 452 451 
1138 192 867 195 
1139 273 285 203 
1140 523 524 522 
1141 455 572 439 
1142 595 596 593 
1143 909 919 908 
1144 530 655 654 
1145 332 483 416 
1146 283 284 281 
1147 422 423 421 
1148 235 236 232 
1149 718 720 719 
1150 708 709 387 
1151 521 522 520 
1152 620 802 800 
1153 426 427 425 
1154 481 620 619 
1155 576 611 465 
1156 424 425 423 
1157 468 706 470 
1158 460 461 431 
1159 231 232 228 
1160 218 234 217 
1161 310 312 311 
1162 614 641 581 
1163 428 429 427 
1164 464 465 463 
1165 216 218 217 
1166 430 431 429 
1167 456 600 599 
1168 349 385 384 
1169 216 217 215 
1170 603 908 907 
1171 537 614 581 
1172 369 420 419 
1173 227 228 226 
1174 235 705 272 
1175 235 272 236 
1176 541 924 284 
1177 484 485 410 
1178 614 795 698 
1179 231 235 232 
1180 703 744 702 
1181 335 336 309 
1182 691 692 485 
1183 647 715 646 
1184 600 702 601 
1185 212 216 215 
1186 461 464 463 
1187 850 851 234 
1188 673 674 606 
1189 218 850 234 
1190 225 226 224 
1191 362 364 363 
1192 600 601 599 
1193 296 659 622 
1194 594 683 682 
1195 337 366 336 
1196 231 263 235 
1197 732 736 526 
1198 388 543 542 
1199 288 318 287 
1200 747 748 746 
1201 225 733 227 
1202 576 711 611 
1203 473 520 519 
1204 855 858 857 
1205 334 339 333 
1206 464 576 465 
1207 420 422 421 
1208 227 231 228 
1209 524 526 522 
1210 524 612 526 
1211 740 741 638 
1212 212 215 211 
1213 20 1063 19 
1214 216 219 218 
1215 426 428 427 
1216 199 296 201 
1217 223 224 222 
1218 424 426 425 
1219 620 800 619 
1220 464 577 576 
1221 428 430 429 
1222 312 373 313 
1223 430 460 431 
1224 385 593 592 
1225 470 473 472 
1226 422 424 423 
1227 223 230 225 
1228 219 327 221 
1229 225 227 226 
1230 733 859 227 
1231 603 907 602 
1232 469 471 467 
1233 273 286 285 
1234 221 222 220 
1235 800 801 619 
1236 601 602 599 
1237 219 220 218 
1238 657 746 656 
1239 781 783 782 
1240 438 439 371 
1241 208 841 213 
1242 430 481 460 
1243 223 225 224 
1244 614 698 641 
1245 519 525 472 
1246 368 369 326 
1247 612 732 526 
1248 319 349 318 
1249 208 209 206 
1250 356 357 306 
1251 481 619 618 
1252 481 618 460 
1253 520 681 519 
1254 601 603 602 
1255 615 854 616 
1256 841 843 842 
1257 325 326 324 
1258 473 519 472 
1259 221 223 222 
1260 456 599 598 
1261 587 613 474 
1262 210 212 211 
1263 286 288 287 
1264 424 433 426 
1265 1091 1092 1090 
1266 468 470 469 
1267 327 809 221 
1268 470 472 469 
1269 219 221 220 
1270 202 887 205 
1271 379 615 477 
1272 749 794 748 
1273 683 791 682 
1274 420 432 422 
1275 253 303 302 
1276 210 211 209 
1277 438 478 440 
1278 25 1060 24 
1279 452 617 545 
1280 496 497 495 
1281 319 355 349 
1282 323 324 295 
1283 288 319 318 
1284 742 743 694 
1285 370 444 437 
1286 367 415 366 
1287 959 963 961 
1288 723 724 573 
1289 483 807 416 
1290 205 292 207 
1291 288 320 319 
1292 469 987 471 
1293 323 338 325 
1294 854 855 616 
1295 358 359 357 
1296 368 479 474 
1297 671 967 453 
1298 325 368 326 
1299 670 1161 544 
1300 448 644 197 
1301 368 474 369 
1302 1098 1099 1097 
1303 564 607 589 
1304 436 451 415 
1305 855 856 616 
1306 697 817 816 
1307 756 757 372 
1308 468 469 467 
1309 479 656 587 
1310 444 606 573 
1311 274 316 275 
1312 594 595 593 
1313 438 440 439 
1314 456 598 455 
1315 292 294 293 
1316 358 466 360 
1317 208 210 209 
1318 594 682 595 
1319 682 684 595 
1320 466 468 467 
1321 841 842 213 
1322 440 455 439 
1323 385 594 593 
1324 855 857 856 
1325 208 213 210 
1326 484 691 485 
1327 437 438 371 
1328 692 742 694 
1329 303 305 304 
1330 202 203 200 
1331 440 456 455 
1332 189 837 186 
1333 204 273 203 
1334 42 1070 41 
1335 615 616 477 
1336 479 587 474 
1337 358 360 359 
1338 323 325 324 
1339 294 309 295 
1340 273 754 286 
1341 656 695 587 
1342 590 950 462 
1343 137 1069 33 
1344 482 697 696 
1345 466 467 360 
1346 493 496 495 
1347 356 358 357 
1348 207 208 206 
1349 247 372 245 
1350 309 323 295 
1351 445 918 341 
1352 118 1067 57 
1353 344 375 345 
1354 444 573 437 
1355 606 723 573 
1356 161 1066 60 
1357 292 293 207 
1358 484 707 691 
1359 1009 1011 1010 
1360 315 586 308 
1361 294 295 293 
1362 707 760 691 
1363 394 604 508 
1364 202 204 203 
1365 202 205 204 
1366 971 974 972 
1367 383 417 412 
1368 138 1068 54 
1369 543 665 542 
1370 742 991 743 
1371 243 356 306 
1372 389 396 331 
1373 477 484 410 
1374 378 392 377 
1375 379 410 364 
1376 807 808 416 
1377 370 437 371 
1378 393 441 392 
1379 185 387 183 
1380 448 704 644 
1381 305 333 307 
1382 659 889 622 
1383 452 545 451 
1384 332 416 389 
1385 645 871 735 
1386 296 622 201 
1387 482 579 396 
1388 386 678 487 
1389 379 477 410 
1390 621 737 342 
1391 696 787 579 
1392 193 271 191 
1393 500 501 499 
1394 415 435 366 
1395 370 371 315 
1396 330 332 331 
1397 591 927 588 
1398 697 816 696 
1399 400 475 401 
1400 362 379 364 
1401 347 377 322 
1402 205 207 206 
1403 63 1077 64 
1404 279 330 329 
1405 205 206 204 
1406 339 388 341 
1407 607 651 650 
1408 277 278 271 
1409 448 759 704 
1410 667 714 668 
1411 91 105 90 
1412 90 106 91 
1413 88 103 87 
1414 87 104 88 
1415 200 891 198 
1416 196 199 198 
1417 482 696 579 
1418 279 310 278 
1419 389 482 396 
1420 198 448 197 
1421 332 389 331 
1422 314 370 315 
1423 545 680 658 
1424 391 506 505 
1425 201 202 200 
1426 545 658 451 
1427 92 102 93 
1428 93 99 92 
1429 85 101 86 
1430 86 100 85 
1431 339 341 333 
1432 60 1078 61 
1433 378 393 392 
1434 303 304 302 
1435 271 1380 839 
1436 150 1018 8 
1437 388 542 445 
1438 305 307 304 
1439 196 197 194 
1440 497 500 499 
1441 775 776 774 
1442 346 391 390 
1443 500 676 675 
1444 330 331 329 
1445 542 609 445 
1446 253 302 251 
1447 475 626 476 
1448 675 677 501 
1449 388 445 341 
1450 196 198 197 
1451 314 315 308 
1452 636 643 640 
1453 88 946 89 
1454 279 329 310 
1455 195 884 196 
1456 262 264 261 
1457 551 564 550 
1458 307 314 308 
1459 307 308 304 
1460 386 480 373 
1461 372 876 245 
1462 629 699 631 
1463 192 195 194 
1464 269 270 214 
1465 487 667 480 
1466 393 866 441 
1467 28 1088 29 
1468 52 1093 53 
1469 544 710 574 
1470 25 1096 26 
1471 735 792 734 
1472 89 945 90 
1473 35 1095 36 
1474 199 200 198 
1475 277 279 278 
1476 199 201 200 
1477 378 394 393 
1478 490 982 458 
1479 375 1024 397 
1480 347 378 377 
1481 626 730 627 
1482 487 669 667 
1483 195 196 194 
1484 676 785 675 
1485 344 345 316 
1486 105 179 90 
1487 193 277 271 
1488 645 734 539 
1489 500 675 501 
1490 386 487 480 
1491 555 567 553 
1492 607 650 589 
1493 780 781 776 
1494 508 539 395 
1495 249 621 342 
1496 645 735 734 
1497 700 701 505 
1498 302 882 251 
1499 508 645 539 
1500 443 544 512 
1501 394 395 393 
1502 725 739 574 
1503 772 775 774 
1504 745 910 701 
1505 192 194 193 
1506 454 647 646 
1507 394 508 395 
1508 391 505 390 
1509 312 386 373 
1510 390 1006 347 
1511 506 700 505 
1512 346 347 322 
1513 348 443 442 
1514 291 328 289 
1515 710 725 574 
1516 512 578 442 
1517 589 591 588 
1518 417 575 418 
1519 972 973 970 
1520 564 588 550 
1521 836 853 664 
1522 564 589 588 
1523 257 262 261 
1524 262 502 266 
1525 544 574 512 
1526 346 390 347 
1527 274 275 270 
1528 348 400 328 
1529 321 346 322 
1530 700 745 701 
1531 560 568 557 
1532 262 266 264 
1533 172 1207 1141 
1534 321 322 276 
1535 192 193 191 
1536 171 883 83 
1537 775 780 776 
1538 567 1036 553 
1539 185 708 387 
1540 267 291 289 
1541 942 1235 791 
1542 95 173 96 
1543 96 174 95 
1544 83 172 82 
1545 82 171 83 
1546 566 571 562 
1547 443 512 442 
1548 781 784 783 
1549 375 397 345 
1550 362 1102 379 
1551 188 189 186 
1552 724 1147 573 
1553 475 639 626 
1554 348 442 400 
1555 81 175 80 
1556 80 176 81 
1557 97 178 98 
1558 98 177 97 
1559 182 821 184 
1560 190 192 191 
1561 275 321 276 
1562 187 214 188 
1563 291 348 328 
1564 190 191 189 
1565 516 529 446 
1566 130 1091 1090 
1567 170 1098 1097 
1568 834 914 833 
1569 536 980 540 
1570 105 585 180 
1571 275 276 270 
1572 866 1314 865 
1573 472 987 469 
1574 184 187 186 
1575 188 190 189 
1576 105 180 179 
1577 722 755 518 
1578 310 1116 312 
1579 180 181 179 
1580 610 662 575 
1581 149 1030 72 
1582 9 1031 150 
1583 300 912 351 
1584 187 188 186 
1585 610 690 662 
1586 481 1149 620 
1587 795 1375 115 
1588 367 1003 436 
1589 417 610 575 
1590 182 183 181 
1591 135 1087 34 
1592 180 182 181 
1593 170 1097 39 
1594 109 1045 1044 
1595 130 1090 48 
1596 184 185 183 
1597 184 186 185 
1598 647 726 715 
1599 510 1003 367 
1600 182 184 183 
1601 716 925 498 
1602 446 1024 375 
1603 151 1022 1021 
1604 647 727 726 
1605 804 978 977 
1606 828 1260 826 
1607 83 883 84 
1608 124 1049 1048 
1609 350 1124 352 
1610 10 1032 109 
1611 615 1102 984 
1612 154 1059 1058 
1613 1052 1053 163 
1614 971 993 974 
1615 136 1062 1061 
1616 571 1139 994 
1617 620 1149 803 
1618 630 1028 628 
1619 108 1035 70 
1620 722 943 755 
1621 156 1033 12 
1622 13 1038 156 
1623 109 1044 11 
1624 70 1046 110 
1625 67 1039 129 
1626 15 1042 128 
1627 65 1043 158 
1628 525 989 988 
1629 124 1048 18 
1630 117 1050 23 
1631 727 869 726 
1632 302 913 882 
1633 562 975 560 
1634 162 1051 35 
1635 50 1052 163 
1636 36 1054 162 
1637 163 1055 49 
1638 391 1113 663 
1639 133 1056 47 
1640 560 975 568 
1641 164 1057 45 
1642 458 982 408 
1643 159 1064 21 
1644 1082 1083 140 
1645 136 1061 26 
1646 814 938 509 
1647 730 1109 627 
1648 614 1151 795 
1649 736 1146 526 
1650 141 1086 1085 
1651 111 1071 43 
1652 1093 1267 131 
1653 676 1224 785 
1654 154 1058 13 
1655 87 944 104 
1656 19 1063 124 
1657 4 1015 5 
1658 24 1060 117 
1659 544 1161 710 
1660 648 820 452 
1661 41 1070 139 
1662 127 1074 15 
1663 1156 1167 577 
1664 640 894 893 
1665 582 1171 731 
1666 927 934 543 
1667 122 1014 6 
1668 18 1076 134 
1669 755 1138 518 
1670 134 1081 19 
1671 58 1082 140 
1672 143 1094 51 
1673 142 1089 27 
1674 352 1124 413 
1675 31 1084 169 
1676 141 1085 37 
1677 368 1145 479 
1678 64 1077 165 
1679 61 1078 113 
1680 8 1018 7 
1681 7 1026 8 
1682 74 1019 73 
1683 73 1020 74 
1684 385 1148 594 
1685 110 1025 71 
1686 29 1088 119 
1687 53 1093 131 
1688 26 1096 142 
1689 36 1095 141 
1690 33 1069 32 
1691 57 1067 56 
1692 60 1066 59 
1693 54 1068 53 
1694 525 987 472 
1695 34 1087 35 
1696 39 1097 40 
1697 268 1194 317 
1698 48 1090 49 
1699 9 1032 10 
1700 72 1030 71 
1701 10 1031 9 
1702 1024 1277 397 
1703 101 944 86 
1704 806 1406 441 
1705 12 1033 11 
1706 70 1035 69 
1707 1141 1142 175 
1708 14 1038 13 
1709 68 1039 67 
1710 16 1042 15 
1711 66 1043 65 
1712 1127 1170 655 
1713 11 1044 12 
1714 69 1046 70 
1715 18 1048 17 
1716 796 1178 1073 
1717 23 1050 22 
1718 309 926 323 
1719 35 1051 34 
1720 51 1052 50 
1721 571 975 562 
1722 37 1054 36 
1723 49 1055 48 
1724 47 1056 46 
1725 45 1057 44 
1726 1395 1402 793 
1727 1008 1207 172 
1728 21 1064 20 
1729 26 1061 25 
1730 43 1071 42 
1731 686 1186 947 
1732 591 1103 935 
1733 371 948 315 
1734 647 1160 727 
1735 13 1058 14 
1736 613 1190 1108 
1737 158 1029 64 
1738 1078 1079 113 
1739 321 1113 346 
1740 7 1018 122 
1741 15 1074 16 
1742 657 1168 747 
1743 17 1076 18 
1744 19 1081 20 
1745 27 1089 28 
1746 51 1094 52 
1747 57 1082 58 
1748 30 1084 31 
1749 37 1085 38 
1750 58 1120 118 
1751 55 1119 138 
1752 52 1121 115 
1753 151 1021 1020 
1754 962 1001 958 
1755 980 1289 847 
1756 338 1145 325 
1757 1209 1282 177 
1758 774 1245 773 
1759 8 1026 152 
1760 73 1019 149 
1761 151 1020 73 
1762 529 1024 446 
1763 681 990 989 
1764 804 977 976 
1765 947 1186 653 
1766 898 899 585 
1767 611 937 686 
1768 355 1148 349 
1769 56 1119 55 
1770 59 1120 58 
1771 53 1121 52 
1772 644 915 896 
1773 152 1032 9 
1774 979 1157 365 
1775 1033 1034 107 
1776 346 1113 391 
1777 1089 1341 857 
1778 532 1257 917 
1779 1145 1168 657 
1780 788 1144 1118 
1781 1160 1174 727 
1782 107 1031 10 
1783 71 1030 108 
1784 420 1126 432 
1785 640 893 637 
1786 1064 1065 1063 
1787 432 1126 1108 
1788 798 881 303 
1789 1202 1238 650 
1790 11 1033 107 
1791 728 1398 870 
1792 105 898 585 
1793 747 1168 750 
1794 69 1035 157 
1795 474 1126 369 
1796 157 1039 68 
1797 148 1187 999 
1798 1071 1072 1070 
1799 128 1038 14 
1800 964 1125 962 
1801 129 1043 66 
1802 155 1042 16 
1803 17 1048 155 
1804 114 1212 919 
1805 730 1311 1109 
1806 22 1050 159 
1807 116 1217 1054 
1808 34 1051 137 
1809 115 1052 51 
1810 316 954 275 
1811 116 1054 37 
1812 48 1055 133 
1813 12 1044 154 
1814 153 1046 69 
1815 46 1056 164 
1816 44 1057 111 
1817 366 1150 336 
1818 804 976 802 
1819 585 1334 824 
1820 1009 1014 1011 
1821 434 1162 1107 
1822 865 1230 806 
1823 20 1064 1063 
1824 905 906 299 
1825 434 1107 381 
1826 430 1149 481 
1827 289 928 290 
1828 329 1116 310 
1829 325 1145 368 
1830 25 1061 1060 
1831 14 1058 127 
1832 42 1071 1070 
1833 333 995 307 
1834 16 1074 167 
1835 383 1107 417 
1836 349 1148 385 
1837 167 1076 17 
1838 20 1081 166 
1839 168 1082 57 
1840 119 1084 30 
1841 38 1085 170 
1842 354 956 399 
1843 823 941 343 
1844 610 1162 690 
1845 28 1089 1088 
1846 52 1094 1093 
1847 496 1157 1132 
1848 422 965 424 
1849 649 953 689 
1850 1149 1175 803 
1851 550 1005 547 
1852 438 1147 478 
1853 637 893 672 
1854 298 936 541 
1855 173 1135 96 
1856 139 1381 964 
1857 470 997 473 
1858 478 1133 440 
1859 456 1133 600 
1860 497 1131 500 
1861 1200 1314 866 
1862 573 1147 437 
1863 557 969 555 
1864 1087 1095 35 
1865 486 947 653 
1866 266 903 264 
1867 97 1135 178 
1868 917 1414 532 
1869 773 1220 771 
1870 962 1002 1001 
1871 1035 1356 714 
1872 678 1144 487 
1873 527 1195 447 
1874 137 1326 1111 
1875 923 1182 1150 
1876 151 1025 1022 
1877 694 1177 1132 
1878 638 996 635 
1879 575 1160 418 
1880 999 1187 894 
1881 41 1115 132 
1882 50 1112 143 
1883 646 1008 597 
1884 605 1151 535 
1885 427 1136 509 
1886 537 1151 614 
1887 478 1185 1184 
1888 1117 1118 678 
1889 454 1160 647 
1890 873 892 621 
1891 401 928 328 
1892 405 1002 407 
1893 750 1182 923 
1894 918 995 341 
1895 636 1158 643 
1896 737 1349 805 
1897 685 1206 1128 
1898 451 1106 415 
1899 1197 1336 153 
1900 986 1189 858 
1901 617 1345 1079 
1902 706 1110 997 
1903 72 1025 151 
1904 5 1014 1009 
1905 743 1177 694 
1906 82 1140 171 
1907 96 1143 174 
1908 584 1306 890 
1909 71 1025 72 
1910 526 1146 522 
1911 517 1195 666 
1912 547 1005 340 
1913 697 1173 817 
1914 520 1146 681 
1915 429 1136 427 
1916 96 1135 97 
1917 1067 1119 56 
1918 1066 1120 59 
1919 1068 1121 53 
1920 428 1149 430 
1921 124 1165 1049 
1922 1167 1313 1099 
1923 177 1143 97 
1924 176 1140 81 
1925 650 1238 1103 
1926 531 1040 533 
1927 82 1141 81 
1928 465 947 463 
1929 487 1144 669 
1930 794 1203 748 
1931 303 881 305 
1932 457 1100 488 
1933 681 989 519 
1934 511 1406 862 
1935 810 1218 790 
1936 390 1007 1006 
1937 369 1126 420 
1938 460 1156 461 
1939 633 1158 636 
1940 981 1289 980 
1941 611 1123 937 
1942 612 1399 732 
1943 455 1214 572 
1944 217 916 233 
1945 432 966 965 
1946 276 1199 270 
1947 1001 1002 405 
1948 907 1188 661 
1949 619 1166 618 
1950 433 1175 426 
1951 627 1109 629 
1952 968 1272 670 
1953 1118 1144 678 
1954 518 1138 516 
1955 666 1195 922 
1956 763 1223 765 
1957 589 1103 591 
1958 340 1005 1004 
1959 86 944 87 
1960 445 1152 918 
1961 581 1073 580 
1962 654 1198 1041 
1963 364 979 365 
1964 646 1207 1008 
1965 339 1004 388 
1966 779 878 877 
1967 63 1029 125 
1968 437 1147 438 
1969 729 1155 758 
1970 1092 1112 1090 
1971 1099 1115 1097 
1972 315 948 586 
1973 64 1029 63 
1974 820 1200 539 
1975 6 1014 5 
1976 442 1130 400 
1977 418 1160 454 
1978 489 1127 491 
1979 435 1150 366 
1980 373 1000 374 
1981 616 1153 477 
1982 592 1233 807 
1983 640 999 894 
1984 566 1139 571 
1985 569 1105 570 
1986 933 1234 813 
1987 799 1136 950 
1988 440 1133 456 
1989 936 1169 541 
1990 381 1107 383 
1991 496 1131 497 
1992 995 1122 314 
1993 338 1168 1145 
1994 535 1151 537 
1995 1168 1182 750 
1996 213 1404 1290 
1997 1028 1192 929 
1998 485 979 410 
1999 587 1137 613 
2000 154 1172 1059 
2001 1303 1304 757 
2002 336 926 309 
2003 801 1166 619 
2004 668 1000 480 
2005 522 1146 520 
2006 413 956 354 
2007 81 1140 82 
2008 97 1143 96 
2009 361 1358 873 
2010 68 1197 153 
2011 749 1179 794 
2012 266 1272 903 
2013 1063 1165 124 
2014 432 965 422 
2015 567 1037 1036 
2016 973 1176 970 
2017 126 1197 67 
2018 575 1174 1160 
2019 618 1167 1156 
2020 918 1122 995 
2021 1021 1180 1020 
2022 1166 1167 618 
2023 519 989 525 
2024 706 997 470 
2025 156 1181 1033 
2026 572 1303 948 
2027 416 983 389 
2028 415 1106 435 
2029 131 1203 54 
2030 40 1115 41 
2031 49 1112 50 
2032 741 996 638 
2033 779 877 770 
2034 629 1109 699 
2035 1034 1196 973 
2036 116 1239 1217 
2037 952 953 649 
2038 597 1008 712 
2039 533 1040 605 
2040 1205 1237 978 
2041 31 1212 114 
2042 447 1195 517 
2043 700 1393 1047 
2044 1044 1172 154 
2045 172 1219 1008 
2046 516 1138 529 
2047 1049 1368 665 
2048 650 1103 589 
2049 555 969 567 
2050 926 1182 338 
2051 104 1220 946 
2052 859 1400 1228 
2053 623 1111 679 
2054 719 1216 796 
2055 428 1175 1149 
2056 1062 1183 1061 
2057 783 1298 1283 
2058 804 1205 978 
2059 1176 1196 1037 
2060 459 1100 457 
2061 606 1114 723 
2062 591 935 934 
2063 234 1262 916 
2064 853 1242 110 
2065 792 1345 734 
2066 3 1208 2 
2067 78 1209 79 
2068 79 1210 78 
2069 1097 1115 40 
2070 1090 1112 49 
2071 341 995 333 
2072 788 1159 1144 
2073 618 1156 460 
2074 345 954 316 
2075 607 1037 651 
2076 539 1419 820 
2077 172 1141 82 
2078 931 1300 1057 
2079 900 1361 1164 
2080 1045 1172 1044 
2081 609 1152 445 
2082 970 1176 969 
2083 1065 1165 1063 
2084 1012 1208 146 
2085 856 1153 616 
2086 745 1336 1197 
2087 570 1139 566 
2088 764 1134 897 
2089 83 1219 172 
2090 103 1236 87 
2091 1020 1180 121 
2092 736 1193 1146 
2093 865 1314 1003 
2094 892 1358 492 
2095 365 1157 493 
2096 1047 1393 853 
2097 710 1420 725 
2098 101 1266 953 
2099 511 1255 377 
2100 161 1405 818 
2101 867 1271 195 
2102 463 947 486 
2103 625 1128 1124 
2104 695 1137 587 
2105 652 1127 489 
2106 40 1221 39 
2107 578 1130 442 
2108 558 1403 1134 
2109 742 1354 991 
2110 328 928 289 
2111 86 1236 100 
2112 432 1108 966 
2113 213 1290 210 
2114 931 1170 652 
2115 27 1226 136 
2116 160 1226 28 
2117 322 1255 276 
2118 1033 1181 1034 
2119 563 1261 951 
2120 751 1179 749 
2121 1069 1212 32 
2122 76 1268 943 
2123 290 1194 268 
2124 1098 1250 711 
2125 643 999 640 
2126 136 1386 1062 
2127 580 1073 981 
2128 413 1129 956 
2129 681 1193 990 
2130 591 934 927 
2131 426 1175 428 
2132 964 1381 1125 
2133 686 1213 1186 
2134 934 1191 665 
2135 113 1231 62 
2136 1016 1373 1015 
2137 100 1243 85 
2138 63 1231 1077 
2139 1134 1346 558 
2140 44 1232 144 
2141 667 1222 714 
2142 539 1200 395 
2143 689 1105 569 
2144 496 1132 1131 
2145 1267 1418 131 
2146 150 1332 974 
2147 988 1189 986 
2148 598 1214 455 
2149 410 979 364 
2150 739 1322 1074 
2151 156 1202 1181 
2152 94 1251 95 
2153 652 1170 1127 
2154 480 1000 373 
2155 952 1261 878 
2156 513 1278 380 
2157 133 1302 1056 
2158 698 1225 641 
2159 3 1256 148 
2160 704 915 644 
2161 1016 1342 123 
2162 730 1377 1311 
2163 789 1400 733 
2164 1006 1007 604 
2165 313 1278 311 
2166 534 1257 532 
2167 1132 1177 1131 
2168 554 1403 558 
2169 256 1330 258 
2170 340 1004 339 
2171 1061 1183 1060 
2172 513 1305 838 
2173 67 1197 68 
2174 803 1205 804 
2175 753 1323 904 
2176 596 1233 593 
2177 665 1316 1049 
2178 964 1351 139 
2179 864 1255 511 
2180 159 1215 1064 
2181 1027 1291 699 
2182 896 1366 330 
2183 392 1406 511 
2184 1038 1202 156 
2185 835 1277 836 
2186 1175 1205 803 
2187 1073 1178 981 
2188 433 1205 1175 
2189 583 1306 584 
2190 1219 1243 712 
2191 711 1123 611 
2192 624 1111 623 
2193 102 1395 793 
2194 674 1114 606 
2195 823 1334 1164 
2196 54 1203 55 
2197 959 1239 963 
2198 973 1196 1176 
2199 711 1370 1098 
2200 818 1405 125 
2201 724 1185 1147 
2202 77 1253 76 
2203 33 1254 135 
2204 169 1254 32 
2205 1008 1219 712 
2206 1146 1193 681 
2207 85 1266 101 
2208 499 1263 507 
2209 942 1216 719 
2210 434 1163 1162 
2211 1036 1037 607 
2212 662 1174 575 
2213 859 1228 263 
2214 945 1245 106 
2215 404 1297 402 
2216 1066 1352 684 
2217 708 1305 709 
2218 785 1246 675 
2219 760 1248 691 
2220 692 1248 742 
2221 923 1150 435 
2222 1169 1392 541 
2223 1034 1240 107 
2224 1147 1185 478 
2225 1239 1287 963 
2226 32 1212 31 
2227 1108 1252 966 
2228 655 1198 654 
2229 75 1268 76 
2230 799 1218 1136 
2231 132 1313 1166 
2232 778 1346 768 
2233 754 1327 286 
2234 1136 1218 509 
2235 973 1240 1034 
2236 146 1208 3 
2237 147 1209 78 
2238 78 1210 145 
2239 1119 1329 138 
2240 1291 1342 1158 
2241 969 1176 567 
2242 787 1265 788 
2243 170 1250 1098 
2244 908 1188 907 
2245 167 1211 1076 
2246 661 1188 450 
2247 808 983 416 
2248 808 1173 983 
2249 450 1188 624 
2250 47 1279 130 
2251 937 1213 686 
2252 993 1244 974 
2253 1064 1215 1065 
2254 1253 1360 726 
2255 967 1319 411 
2256 883 1266 84 
2257 1137 1190 613 
2258 889 1340 888 
2259 688 1414 917 
2260 1131 1177 676 
2261 1162 1204 690 
2262 528 1359 940 
2263 656 1267 695 
2264 1271 1413 884 
2265 1106 1154 435 
2266 39 1287 38 
2267 130 1325 1091 
2268 998 1274 910 
2269 682 1270 684 
2270 288 1327 320 
2271 532 1414 504 
2272 402 1331 398 
2273 140 1229 1080 
2274 604 1284 508 
2275 337 1340 510 
2276 966 1237 965 
2277 6 1373 123 
2278 311 1380 278 
2279 1124 1128 413 
2280 149 1241 1030 
2281 338 1182 1168 
2282 510 1340 889 
2283 875 1408 502 
2284 1096 1348 760 
2285 715 1207 646 
2286 766 1134 764 
2287 645 1284 871 
2288 492 1358 363 
2289 839 1380 840 
2290 1281 1420 710 
2291 495 925 494 
2292 857 1341 856 
2293 871 1284 998 
2294 685 1276 1206 
2295 1164 1361 527 
2296 595 1295 596 
2297 699 1291 631 
2298 599 1389 598 
2299 406 1359 528 
2300 164 1382 931 
2301 106 1395 91 
2302 270 1199 214 
2303 740 1417 786 
2304 433 1237 1205 
2305 1345 1419 734 
2306 478 1184 1133 
2307 1198 1302 133 
2308 991 1354 22 
2309 889 1230 510 
2310 61 1405 161 
2311 910 1274 701 
2312 1144 1159 669 
2313 1010 1315 1013 
2314 332 1366 483 
2315 696 1294 787 
2316 1099 1370 577 
2317 570 1315 1139 
2318 92 1395 102 
2319 84 1219 83 
2320 56 1396 168 
2321 126 1383 911 
2322 853 1393 664 
2323 149 1249 1241 
2324 139 1221 40 
2325 1086 1250 1085 
2326 1229 1307 658 
2327 739 1321 574 
2328 1270 1410 118 
2329 699 1293 1027 
2330 771 1220 779 
2331 512 1321 578 
2332 112 1348 24 
2333 734 1419 539 
2334 1128 1206 1129 
2335 148 1256 1187 
2336 639 1285 1172 
2337 25 1348 1096 
2338 721 1204 1163 
2339 790 1218 799 
2340 22 1354 23 
2341 397 1277 835 
2342 609 1390 1152 
2343 2 1363 1 
2344 79 1365 1 
2345 1 1362 2 
2346 1 1364 79 
2347 1169 1260 828 
2348 669 1222 667 
2349 1042 1301 128 
2350 66 1383 126 
2351 165 1383 65 
2352 28 1226 27 
2353 862 1406 806 
2354 132 1391 42 
2355 1 1363 80 
2356 1 1365 98 
2357 1054 1276 162 
2358 1133 1184 703 
2359 982 1359 408 
2360 806 1230 659 
2361 1228 1372 890 
2362 813 1234 811 
2363 98 1362 1 
2364 80 1364 1 
2365 680 1229 658 
2366 1047 1336 700 
2367 1129 1206 960 
2368 1037 1196 651 
2369 869 1253 726 
2370 576 1370 711 
2371 976 1379 144 
2372 665 1368 542 
2373 633 1291 1158 
2374 109 1377 1045 
2375 498 925 495 
2376 1083 1307 1229 
2377 290 1385 1194 
2378 1153 1201 707 
2379 1017 1245 774 
2380 1080 1229 680 
2381 1019 1249 149 
2382 492 1349 892 
2383 1027 1293 1026 
2384 972 1240 973 
2385 503 1414 688 
2386 722 1387 943 
2387 129 1265 1043 
2388 145 1360 1253 
2389 1125 1309 459 
2390 765 1223 777 
2391 62 1231 63 
2392 965 1237 433 
2393 1083 1229 140 
2394 125 1405 62 
2395 153 1336 1047 
2396 1128 1129 413 
2397 1120 1270 118 
2398 43 1232 44 
2399 794 1396 1203 
2400 84 1243 1219 
2401 641 1225 718 
2402 144 1379 45 
2403 807 1233 808 
2404 741 1298 996 
2405 963 1351 961 
2406 688 1262 687 
2407 1206 1276 1217 
2408 713 1300 931 
2409 100 1259 1243 
2410 1163 1204 1162 
2411 483 1366 915 
2412 812 1290 813 
2413 506 1393 700 
2414 897 1403 552 
2415 1095 1399 141 
2416 720 1235 942 
2417 1214 1304 572 
2418 502 1227 266 
2419 1038 1238 1202 
2420 1328 1420 677 
2421 128 1238 1038 
2422 811 1234 814 
2423 116 1287 1239 
2424 104 1337 1220 
2425 1015 1373 5 
2426 782 1320 1017 
2427 935 1191 934 
2428 727 1344 869 
2429 847 1409 980 
2430 103 1398 1236 
2431 1025 1242 1022 
2432 780 1385 781 
2433 1290 1404 813 
2434 797 1227 716 
2435 110 1242 1025 
2436 857 1339 1088 
2437 1007 1274 604 
2438 856 1201 1153 
2439 1021 1353 1180 
2440 87 1236 86 
2441 878 1335 952 
2442 395 1200 866 
2443 1170 1302 655 
2444 732 1399 1095 
2445 1172 1285 1059 
2446 943 1268 755 
2447 800 1232 801 
2448 1083 1347 1258 
2449 1019 1280 1249 
2450 1070 1381 139 
2451 605 1273 1151 
2452 960 1239 959 
2453 813 1404 933 
2454 165 1411 871 
2455 1100 1309 1101 
2456 85 1243 84 
2457 377 1255 322 
2458 107 1240 1031 
2459 1048 1316 155 
2460 593 1233 592 
2461 95 1251 173 
2462 1137 1384 1310 
2463 1188 1308 624 
2464 1052 1375 1053 
2465 122 1299 1014 
2466 1211 1420 1328 
2467 162 1275 1051 
2468 791 1410 1270 
2469 1242 1416 1022 
2470 1091 1252 1092 
2471 648 1200 820 
2472 766 1346 1134 
2473 1217 1239 960 
2474 951 1261 952 
2475 1137 1310 1190 
2476 540 1257 534 
2477 1187 1256 178 
2478 994 1244 993 
2479 1082 1347 1083 
2480 836 1242 853 
2481 675 1246 677 
2482 1098 1370 1099 
2483 578 1285 1130 
2484 1028 1324 1192 
2485 701 1274 1007 
2486 980 1409 540 
2487 712 1259 671 
2488 1183 1269 1060 
2489 691 1248 692 
2490 908 1308 1188 
2491 1062 1386 1184 
2492 145 1253 77 
2493 32 1254 33 
2494 883 1355 689 
2495 1166 1313 1167 
2496 1076 1328 134 
2497 120 1280 1019 
2498 2 1256 3 
2499 111 1300 1101 
2500 931 1382 1170 
2501 805 1408 738 
2502 317 1374 861 
2503 1085 1250 170 
2504 705 1306 1110 
2505 944 1337 104 
2506 1214 1323 753 
2507 380 1278 313 
2508 690 1249 662 
2509 1027 1342 1291 
2510 990 1350 989 
2511 1104 1374 317 
2512 1241 1249 690 
2513 166 1415 21 
2514 858 1339 857 
2515 1275 1326 1051 
2516 1206 1217 960 
2517 1245 1402 106 
2518 501 1263 499 
2519 1164 1334 899 
2520 836 1416 1242 
2521 1103 1301 935 
2522 915 1366 896 
2523 1217 1276 1054 
2524 715 1360 1142 
2525 121 1268 75 
2526 706 1317 1110 
2527 1074 1322 167 
2528 914 1317 706 
2529 1203 1396 55 
2530 996 1298 634 
2531 1060 1269 117 
2532 674 1215 1114 
2533 966 1286 1237 
2534 1171 1388 174 
2535 494 1349 492 
2536 1106 1307 1154 
2537 1215 1390 1065 
2538 671 1259 1155 
2539 1030 1292 108 
2540 1130 1285 639 
2541 746 1267 656 
2542 1094 1384 695 
2543 786 1283 741 
2544 46 1279 47 
2545 759 1369 704 
2546 1221 1351 963 
2547 84 1266 85 
2548 793 1320 786 
2549 791 1270 682 
2550 1152 1390 674 
2551 878 1261 877 
2552 501 1281 1263 
2553 1194 1385 780 
2554 1151 1273 795 
2555 1040 1397 605 
2556 1154 1258 751 
2557 847 1289 846 
2558 677 1281 501 
2559 880 1392 829 
2560 1191 1316 665 
2561 195 1271 884 
2562 1092 1310 1112 
2563 131 1418 1203 
2564 1220 1337 779 
2565 528 1297 404 
2566 1099 1313 1115 
2567 679 1275 685 
2568 1134 1403 897 
2569 1225 1329 718 
2570 930 1305 513 
2571 158 1294 1029 
2572 817 1412 818 
2573 659 1230 889 
2574 1249 1280 662 
2575 838 1305 708 
2576 596 1407 1233 
2577 43 1391 1232 
2578 788 1265 1159 
2579 38 1287 116 
2580 1204 1241 690 
2581 744 1312 702 
2582 1042 1376 1301 
2583 1189 1339 858 
2584 717 1369 921 
2585 849 1288 848 
2586 921 1369 759 
2587 174 1388 939 
2588 669 1367 1222 
2589 1262 1371 687 
2590 508 1284 645 
2591 753 1304 1214 
2592 1243 1259 712 
2593 1236 1398 758 
2594 1343 1369 717 
2595 972 1332 1240 
2596 1232 1391 801 
2597 674 1390 1215 
2598 177 1282 1143 
2599 155 1376 1042 
2600 658 1307 1106 
2601 210 1290 212 
2602 1110 1306 583 
2603 1320 1402 1017 
2604 873 1358 892 
2605 101 1335 944 
2606 1026 1293 152 
2607 108 1356 1035 
2608 1237 1286 978 
2609 903 1272 968 
2610 684 1295 595 
2611 1165 1368 1049 
2612 1298 1324 634 
2613 631 1291 633 
2614 624 1264 1111 
2615 1184 1386 703 
2616 751 1258 1179 
2617 700 1336 745 
2618 816 1294 696 
2619 1057 1300 111 
2620 783 1283 782 
2621 538 1331 1260 
2622 1268 1394 755 
2623 763 1330 1223 
2624 1029 1294 816 
2625 46 1379 1279 
2626 609 1368 1165 
2627 679 1326 1275 
2628 1011 1315 1010 
2629 1014 1299 1011 
2630 1240 1332 1031 
2631 1192 1324 784 
2632 1112 1310 143 
2633 890 1306 705 
2634 1227 1247 716 
2635 1190 1310 1092 
2636 892 1349 737 
2637 974 1332 972 
2638 919 1308 908 
2639 1115 1313 132 
2640 1017 1402 1245 
2641 948 1303 586 
2642 851 1262 234 
2643 1293 1311 152 
2644 1049 1316 1048 
2645 1003 1314 648 
2646 904 1323 905 
2647 411 1319 930 
2648 1277 1416 836 
2649 152 1311 1032 
2650 1269 1357 117 
2651 634 1324 1028 
2652 1247 1408 805 
2653 123 1342 1027 
2654 842 1404 213 
2655 1101 1300 713 
2656 1091 1286 1252 
2657 863 1333 864 
2658 162 1276 1275 
2659 134 1328 1246 
2660 1203 1418 748 
2661 851 1371 1262 
2662 1053 1375 1273 
2663 721 1292 1204 
2664 746 1418 1267 
2665 702 1312 992 
2666 1138 1394 1180 
2667 819 1352 161 
2668 1275 1276 685 
2669 79 1364 1210 
2670 1140 1318 171 
2671 662 1280 1174 
2672 398 1331 538 
2673 1209 1365 79 
2674 1208 1363 2 
2675 335 1340 337 
2676 574 1321 512 
2677 1318 1355 171 
2678 119 1339 1189 
2679 502 1247 1227 
2680 142 1341 1089 
2681 862 1413 863 
2682 1031 1332 150 
2683 922 1361 900 
2684 717 1401 1343 
2685 725 1322 739 
2686 260 1330 256 
2687 755 1394 1138 
2688 1310 1384 143 
2689 991 1338 743 
2690 978 1325 977 
2691 286 1327 288 
2692 718 1329 720 
2693 1051 1326 137 
2694 121 1394 1268 
2695 1238 1301 1103 
2696 989 1350 988 
2697 363 1358 361 
2698 408 1359 406 
2699 689 1355 1105 
2700 161 1352 1066 
2701 330 1366 332 
2702 1204 1292 1241 
2703 24 1348 25 
2704 1023 1353 1021 
2705 459 1309 1100 
2706 899 1334 585 
2707 779 1337 878 
2708 961 1351 964 
2709 22 1415 991 
2710 527 1361 1195 
2711 1088 1339 119 
2712 167 1322 1211 
2713 924 1392 880 
2714 23 1354 112 
2715 714 1356 721 
2716 818 1412 819 
2717 117 1357 1050 
2718 768 1346 766 
2719 868 1333 867 
2720 1091 1325 1286 
2721 171 1355 883 
2722 726 1360 715 
2723 655 1302 1198 
2724 1158 1342 1016 
2725 1111 1326 679 
2726 1233 1407 808 
2727 80 1363 176 
2728 98 1365 177 
2729 915 1343 483 
2730 178 1362 98 
2731 175 1364 80 
2732 5 1373 6 
2733 687 1371 982 
2734 1292 1356 108 
2735 542 1368 609 
2736 45 1379 46 
2737 168 1347 1082 
2738 1032 1377 109 
2739 666 1388 1171 
2740 940 1371 851 
2741 65 1383 66 
2742 577 1370 576 
2743 781 1385 784 
2744 703 1386 744 
2745 1338 1415 166 
2746 758 1398 728 
2747 695 1384 1137 
2748 602 1389 599 
2749 278 1380 271 
2750 1186 1372 653 
2751 42 1391 43 
2752 541 1392 924 
2753 1311 1377 1032 
2754 1041 1397 1040 
2755 1072 1381 1070 
2756 731 1387 722 
2757 55 1396 56 
2758 120 1344 1280 
2759 128 1301 1238 
2760 664 1393 506 
2761 21 1415 22 
2762 143 1384 1094 
2763 1241 1292 1030 
2764 1174 1344 727 
2765 91 1395 92 
2766 1170 1382 1302 
2767 1211 1322 725 
2768 1211 1328 1076 
2769 598 1323 1214 
2770 552 1403 554 
2771 733 1400 859 
2772 815 1417 740 
2773 933 1404 842 
2774 653 1372 1228 
2775 118 1410 1067 
2776 1201 1341 142 
2777 141 1399 1086 
2778 115 1375 1052 
2779 684 1352 1295 
2780 441 1406 392 
2781 62 1405 61 
2782 660 1413 862 
2783 1022 1416 1023 
2784 820 1419 617 
2785 504 1414 503 
2786 1179 1347 168 
2787 483 1401 807 
2788 748 1418 746 
2789 871 1411 735 
2790 1056 1382 164 
2791 139 1351 1221 
2792 1210 1364 175 
2793 177 1365 1209 
2794 176 1363 1208 
2795 1256 1362 178 
2796 1288 1409 848 
2797 1077 1411 165 
2798 704 1343 915 
2799 1301 1376 935 
2800 793 1402 1320 
2801 624 1308 1264 
2802 721 1356 1292 
2803 528 1378 1297 
2804 1252 1286 966 
2805 1280 1344 1174 
2806 1195 1361 922 
2807 786 1320 1283 
2808 856 1341 1201 
2809 1286 1325 978 
2810 1223 1330 260 
2811 808 1407 1173 
2812 735 1411 1077 
2813 540 1288 1257 
2814 617 1419 1345 
2815 1224 1338 166 
2816 1159 1367 669 
2817 1180 1394 121 
2818 743 1338 1224 
2819 1246 1328 677 
2820 1273 1375 795 
2821 1283 1320 782 
2822 935 1376 1191 
2823 1258 1347 1179 
2824 2 1362 1256 
2825 725 1420 1211 
2826 1023 1416 1277 
2827 1067 1410 1235 
2828 1235 1410 791 
2829 863 1413 1271 
2830 677 1420 1281 
2831 1295 1352 819 
2832 704 1369 1343 
2833 1302 1382 1056 
2834 1173 1407 1296 
2835 819 1412 1296 
2836 502 1408 1247 
2837 1296 1407 596 
2838 540 1409 1288 
2839 991 1415 1338 
2840 1343 1401 483 
$EndElements
