$MeshFormat
4.1 0 8
$EndMeshFormat
$PhysicalNames
1
2 1 "dual_barycentric"
$EndPhysicalNames
$Entities
0 0 1 0
1 -1.998418794454604 -1.999604659540131 -0.5 2 1.999604659540131 0.5 1 1 0 
$EndEntities
$Nodes
1 8520 1 8520
2 1 0 8520
1
2
3
4
5
6
7
8
9
10
11
12
13
14
15
16
17
18
19
20
21
22
23
24
25
26
27
28
29
30
31
32
33
34
35
36
37
38
39
40
41
42
43
44
45
46
47
48
49
50
51
52
53
54
55
56
57
58
59
60
61
62
63
64
65
66
67
68
69
70
71
72
73
74
75
76
77
78
79
80
81
82
83
84
85
86
87
88
89
90
91
92
93
94
95
96
97
98
99
100
101
102
103
104
105
106
107
108
109
110
111
112
113
114
115
116
117
118
119
120
121
122
123
124
125
126
127
128
129
130
131
132
133
134
135
136
137
138
139
140
141
142
143
144
145
146
147
148
149
150
151
152
153
154
155
156
157
158
159
160
161
162
163
164
165
166
167
168
169
170
171
172
173
174
175
176
177
178
179
180
181
182
183
184
185
186
187
188
189
190
191
192
193
194
195
196
197
198
199
200
201
202
203
204
205
206
207
208
209
210
211
212
213
214
215
216
217
218
219
220
221
222
223
224
225
226
227
228
229
230
231
232
233
234
235
236
237
238
239
240
241
242
243
244
245
246
247
248
249
250
251
252
253
254
255
256
257
258
259
260
261
262
263
264
265
266
267
268
269
270
271
272
273
274
275
276
277
278
279
280
281
282
283
284
285
286
287
288
289
290
291
292
293
294
295
296
297
298
299
300
301
302
303
304
305
306
307
308
309
310
311
312
313
314
315
316
317
318
319
320
321
322
323
324
325
326
327
328
329
330
331
332
333
334
335
336
337
338
339
340
341
342
343
344
345
346
347
348
349
350
351
352
353
354
355
356
357
358
359
360
361
362
363
364
365
366
367
368
369
370
371
372
373
374
375
376
377
378
379
380
381
382
383
384
385
386
387
388
389
390
391
392
393
394
395
396
397
398
399
400
401
402
403
404
405
406
407
408
409
410
411
412
413
414
415
416
417
418
419
420
421
422
423
424
425
426
427
428
429
430
431
432
433
434
435
436
437
438
439
440
441
442
443
444
445
446
447
448
449
450
451
452
453
454
455
456
457
458
459
460
461
462
463
464
465
466
467
468
469
470
471
472
473
474
475
476
477
478
479
480
481
482
483
484
485
486
487
488
489
490
491
492
493
494
495
496
497
498
499
500
501
502
503
504
505
506
507
508
509
510
511
512
513
514
515
516
517
518
519
520
521
522
523
524
525
526
527
528
529
530
531
532
533
534
535
536
537
538
539
540
541
542
543
544
545
546
547
548
549
550
551
552
553
554
555
556
557
558
559
560
561
562
563
564
565
566
567
568
569
570
571
572
573
574
575
576
577
578
579
580
581
582
583
584
585
586
587
588
589
590
591
592
593
594
595
596
597
598
599
600
601
602
603
604
605
606
607
608
609
610
611
612
613
614
615
616
617
618
619
620
621
622
623
624
625
626
627
628
629
630
631
632
633
634
635
636
637
638
639
640
641
642
643
644
645
646
647
648
649
650
651
652
653
654
655
656
657
658
659
660
661
662
663
664
665
666
667
668
669
670
671
672
673
674
675
676
677
678
679
680
681
682
683
684
685
686
687
688
689
690
691
692
693
694
695
696
697
698
699
700
701
702
703
704
705
706
707
708
709
710
711
712
713
714
715
716
717
718
719
720
721
722
723
724
725
726
727
728
729
730
731
732
733
734
735
736
737
738
739
740
741
742
743
744
745
746
747
748
749
750
751
752
753
754
755
756
757
758
759
760
761
762
763
764
765
766
767
768
769
770
771
772
773
774
775
776
777
778
779
780
781
782
783
784
785
786
787
788
789
790
791
792
793
794
795
796
797
798
799
800
801
802
803
804
805
806
807
808
809
810
811
812
813
814
815
816
817
818
819
820
821
822
823
824
825
826
827
828
829
830
831
832
833
834
835
836
837
838
839
840
841
842
843
844
845
846
847
848
849
850
851
852
853
854
855
856
857
858
859
860
861
862
863
864
865
866
867
868
869
870
871
872
873
874
875
876
877
878
879
880
881
882
883
884
885
886
887
888
889
890
891
892
893
894
895
896
897
898
899
900
901
902
903
904
905
906
907
908
909
910
911
912
913
914
915
916
917
918
919
920
921
922
923
924
925
926
927
928
929
930
931
932
933
934
935
936
937
938
939
940
941
942
943
944
945
946
947
948
949
950
951
952
953
954
955
956
957
958
959
960
961
962
963
964
965
966
967
968
969
970
971
972
973
974
975
976
977
978
979
980
981
982
983
984
985
986
987
988
989
990
991
992
993
994
995
996
997
998
999
1000
1001
1002
1003
1004
1005
1006
1007
1008
1009
1010
1011
1012
1013
1014
1015
1016
1017
1018
1019
1020
1021
1022
1023
1024
1025
1026
1027
1028
1029
1030
1031
1032
1033
1034
1035
1036
1037
1038
1039
1040
1041
1042
1043
1044
1045
1046
1047
1048
1049
1050
1051
1052
1053
1054
1055
1056
1057
1058
1059
1060
1061
1062
1063
1064
1065
1066
1067
1068
1069
1070
1071
1072
1073
1074
1075
1076
1077
1078
1079
1080
1081
1082
1083
1084
1085
1086
1087
1088
1089
1090
1091
1092
1093
1094
1095
1096
1097
1098
1099
1100
1101
1102
1103
1104
1105
1106
1107
1108
1109
1110
1111
1112
1113
1114
1115
1116
1117
1118
1119
1120
1121
1122
1123
1124
1125
1126
1127
1128
1129
1130
1131
1132
1133
1134
1135
1136
1137
1138
1139
1140
1141
1142
1143
1144
1145
1146
1147
1148
1149
1150
1151
1152
1153
1154
1155
1156
1157
1158
1159
1160
1161
1162
1163
1164
1165
1166
1167
1168
1169
1170
1171
1172
1173
1174
1175
1176
1177
1178
1179
1180
1181
1182
1183
1184
1185
1186
1187
1188
1189
1190
1191
1192
1193
1194
1195
1196
1197
1198
1199
1200
1201
1202
1203
1204
1205
1206
1207
1208
1209
1210
1211
1212
1213
1214
1215
1216
1217
1218
1219
1220
1221
1222
1223
1224
1225
1226
1227
1228
1229
1230
1231
1232
1233
1234
1235
1236
1237
1238
1239
1240
1241
1242
1243
1244
1245
1246
1247
1248
1249
1250
1251
1252
1253
1254
1255
1256
1257
1258
1259
1260
1261
1262
1263
1264
1265
1266
1267
1268
1269
1270
1271
1272
1273
1274
1275
1276
1277
1278
1279
1280
1281
1282
1283
1284
1285
1286
1287
1288
1289
1290
1291
1292
1293
1294
1295
1296
1297
1298
1299
1300
1301
1302
1303
1304
1305
1306
1307
1308
1309
1310
1311
1312
1313
1314
1315
1316
1317
1318
1319
1320
1321
1322
1323
1324
1325
1326
1327
1328
1329
1330
1331
1332
1333
1334
1335
1336
1337
1338
1339
1340
1341
1342
1343
1344
1345
1346
1347
1348
1349
1350
1351
1352
1353
1354
1355
1356
1357
1358
1359
1360
1361
1362
1363
1364
1365
1366
1367
1368
1369
1370
1371
1372
1373
1374
1375
1376
1377
1378
1379
1380
1381
1382
1383
1384
1385
1386
1387
1388
1389
1390
1391
1392
1393
1394
1395
1396
1397
1398
1399
1400
1401
1402
1403
1404
1405
1406
1407
1408
1409
1410
1411
1412
1413
1414
1415
1416
1417
1418
1419
1420
1421
1422
1423
1424
1425
1426
1427
1428
1429
1430
1431
1432
1433
1434
1435
1436
1437
1438
1439
1440
1441
1442
1443
1444
1445
1446
1447
1448
1449
1450
1451
1452
1453
1454
1455
1456
1457
1458
1459
1460
1461
1462
1463
1464
1465
1466
1467
1468
1469
1470
1471
1472
1473
1474
1475
1476
1477
1478
1479
1480
1481
1482
1483
1484
1485
1486
1487
1488
1489
1490
1491
1492
1493
1494
1495
1496
1497
1498
1499
1500
1501
1502
1503
1504
1505
1506
1507
1508
1509
1510
1511
1512
1513
1514
1515
1516
1517
1518
1519
1520
1521
1522
1523
1524
1525
1526
1527
1528
1529
1530
1531
1532
1533
1534
1535
1536
1537
1538
1539
1540
1541
1542
1543
1544
1545
1546
1547
1548
1549
1550
1551
1552
1553
1554
1555
1556
1557
1558
1559
1560
1561
1562
1563
1564
1565
1566
1567
1568
1569
1570
1571
1572
1573
1574
1575
1576
1577
1578
1579
1580
1581
1582
1583
1584
1585
1586
1587
1588
1589
1590
1591
1592
1593
1594
1595
1596
1597
1598
1599
1600
1601
1602
1603
1604
1605
1606
1607
1608
1609
1610
1611
1612
1613
1614
1615
1616
1617
1618
1619
1620
1621
1622
1623
1624
1625
1626
1627
1628
1629
1630
1631
1632
1633
1634
1635
1636
1637
1638
1639
1640
1641
1642
1643
1644
1645
1646
1647
1648
1649
1650
1651
1652
1653
1654
1655
1656
1657
1658
1659
1660
1661
1662
1663
1664
1665
1666
1667
1668
1669
1670
1671
1672
1673
1674
1675
1676
1677
1678
1679
1680
1681
1682
1683
1684
1685
1686
1687
1688
1689
1690
1691
1692
1693
1694
1695
1696
1697
1698
1699
1700
1701
1702
1703
1704
1705
1706
1707
1708
1709
1710
1711
1712
1713
1714
1715
1716
1717
1718
1719
1720
1721
1722
1723
1724
1725
1726
1727
1728
1729
1730
1731
1732
1733
1734
1735
1736
1737
1738
1739
1740
1741
1742
1743
1744
1745
1746
1747
1748
1749
1750
1751
1752
1753
1754
1755
1756
1757
1758
1759
1760
1761
1762
1763
1764
1765
1766
1767
1768
1769
1770
1771
1772
1773
1774
1775
1776
1777
1778
1779
1780
1781
1782
1783
1784
1785
1786
1787
1788
1789
1790
1791
1792
1793
1794
1795
1796
1797
1798
1799
1800
1801
1802
1803
1804
1805
1806
1807
1808
1809
1810
1811
1812
1813
1814
1815
1816
1817
1818
1819
1820
1821
1822
1823
1824
1825
1826
1827
1828
1829
1830
1831
1832
1833
1834
1835
1836
1837
1838
1839
1840
1841
1842
1843
1844
1845
1846
1847
1848
1849
1850
1851
1852
1853
1854
1855
1856
1857
1858
1859
1860
1861
1862
1863
1864
1865
1866
1867
1868
1869
1870
1871
1872
1873
1874
1875
1876
1877
1878
1879
1880
1881
1882
1883
1884
1885
1886
1887
1888
1889
1890
1891
1892
1893
1894
1895
1896
1897
1898
1899
1900
1901
1902
1903
1904
1905
1906
1907
1908
1909
1910
1911
1912
1913
1914
1915
1916
1917
1918
1919
1920
1921
1922
1923
1924
1925
1926
1927
1928
1929
1930
1931
1932
1933
1934
1935
1936
1937
1938
1939
1940
1941
1942
1943
1944
1945
1946
1947
1948
1949
1950
1951
1952
1953
1954
1955
1956
1957
1958
1959
1960
1961
1962
1963
1964
1965
1966
1967
1968
1969
1970
1971
1972
1973
1974
1975
1976
1977
1978
1979
1980
1981
1982
1983
1984
1985
1986
1987
1988
1989
1990
1991
1992
1993
1994
1995
1996
1997
1998
1999
2000
2001
2002
2003
2004
2005
2006
2007
2008
2009
2010
2011
2012
2013
2014
2015
2016
2017
2018
2019
2020
2021
2022
2023
2024
2025
2026
2027
2028
2029
2030
2031
2032
2033
2034
2035
2036
2037
2038
2039
2040
2041
2042
2043
2044
2045
2046
2047
2048
2049
2050
2051
2052
2053
2054
2055
2056
2057
2058
2059
2060
2061
2062
2063
2064
2065
2066
2067
2068
2069
2070
2071
2072
2073
2074
2075
2076
2077
2078
2079
2080
2081
2082
2083
2084
2085
2086
2087
2088
2089
2090
2091
2092
2093
2094
2095
2096
2097
2098
2099
2100
2101
2102
2103
2104
2105
2106
2107
2108
2109
2110
2111
2112
2113
2114
2115
2116
2117
2118
2119
2120
2121
2122
2123
2124
2125
2126
2127
2128
2129
2130
2131
2132
2133
2134
2135
2136
2137
2138
2139
2140
2141
2142
2143
2144
2145
2146
2147
2148
2149
2150
2151
2152
2153
2154
2155
2156
2157
2158
2159
2160
2161
2162
2163
2164
2165
2166
2167
2168
2169
2170
2171
2172
2173
2174
2175
2176
2177
2178
2179
2180
2181
2182
2183
2184
2185
2186
2187
2188
2189
2190
2191
2192
2193
2194
2195
2196
2197
2198
2199
2200
2201
2202
2203
2204
2205
2206
2207
2208
2209
2210
2211
2212
2213
2214
2215
2216
2217
2218
2219
2220
2221
2222
2223
2224
2225
2226
2227
2228
2229
2230
2231
2232
2233
2234
2235
2236
2237
2238
2239
2240
2241
2242
2243
2244
2245
2246
2247
2248
2249
2250
2251
2252
2253
2254
2255
2256
2257
2258
2259
2260
2261
2262
2263
2264
2265
2266
2267
2268
2269
2270
2271
2272
2273
2274
2275
2276
2277
2278
2279
2280
2281
2282
2283
2284
2285
2286
2287
2288
2289
2290
2291
2292
2293
2294
2295
2296
2297
2298
2299
2300
2301
2302
2303
2304
2305
2306
2307
2308
2309
2310
2311
2312
2313
2314
2315
2316
2317
2318
2319
2320
2321
2322
2323
2324
2325
2326
2327
2328
2329
2330
2331
2332
2333
2334
2335
2336
2337
2338
2339
2340
2341
2342
2343
2344
2345
2346
2347
2348
2349
2350
2351
2352
2353
2354
2355
2356
2357
2358
2359
2360
2361
2362
2363
2364
2365
2366
2367
2368
2369
2370
2371
2372
2373
2374
2375
2376
2377
2378
2379
2380
2381
2382
2383
2384
2385
2386
2387
2388
2389
2390
2391
2392
2393
2394
2395
2396
2397
2398
2399
2400
2401
2402
2403
2404
2405
2406
2407
2408
2409
2410
2411
2412
2413
2414
2415
2416
2417
2418
2419
2420
2421
2422
2423
2424
2425
2426
2427
2428
2429
2430
2431
2432
2433
2434
2435
2436
2437
2438
2439
2440
2441
2442
2443
2444
2445
2446
2447
2448
2449
2450
2451
2452
2453
2454
2455
2456
2457
2458
2459
2460
2461
2462
2463
2464
2465
2466
2467
2468
2469
2470
2471
2472
2473
2474
2475
2476
2477
2478
2479
2480
2481
2482
2483
2484
2485
2486
2487
2488
2489
2490
2491
2492
2493
2494
2495
2496
2497
2498
2499
2500
2501
2502
2503
2504
2505
2506
2507
2508
2509
2510
2511
2512
2513
2514
2515
2516
2517
2518
2519
2520
2521
2522
2523
2524
2525
2526
2527
2528
2529
2530
2531
2532
2533
2534
2535
2536
2537
2538
2539
2540
2541
2542
2543
2544
2545
2546
2547
2548
2549
2550
2551
2552
2553
2554
2555
2556
2557
2558
2559
2560
2561
2562
2563
2564
2565
2566
2567
2568
2569
2570
2571
2572
2573
2574
2575
2576
2577
2578
2579
2580
2581
2582
2583
2584
2585
2586
2587
2588
2589
2590
2591
2592
2593
2594
2595
2596
2597
2598
2599
2600
2601
2602
2603
2604
2605
2606
2607
2608
2609
2610
2611
2612
2613
2614
2615
2616
2617
2618
2619
2620
2621
2622
2623
2624
2625
2626
2627
2628
2629
2630
2631
2632
2633
2634
2635
2636
2637
2638
2639
2640
2641
2642
2643
2644
2645
2646
2647
2648
2649
2650
2651
2652
2653
2654
2655
2656
2657
2658
2659
2660
2661
2662
2663
2664
2665
2666
2667
2668
2669
2670
2671
2672
2673
2674
2675
2676
2677
2678
2679
2680
2681
2682
2683
2684
2685
2686
2687
2688
2689
2690
2691
2692
2693
2694
2695
2696
2697
2698
2699
2700
2701
2702
2703
2704
2705
2706
2707
2708
2709
2710
2711
2712
2713
2714
2715
2716
2717
2718
2719
2720
2721
2722
2723
2724
2725
2726
2727
2728
2729
2730
2731
2732
2733
2734
2735
2736
2737
2738
2739
2740
2741
2742
2743
2744
2745
2746
2747
2748
2749
2750
2751
2752
2753
2754
2755
2756
2757
2758
2759
2760
2761
2762
2763
2764
2765
2766
2767
2768
2769
2770
2771
2772
2773
2774
2775
2776
2777
2778
2779
2780
2781
2782
2783
2784
2785
2786
2787
2788
2789
2790
2791
2792
2793
2794
2795
2796
2797
2798
2799
2800
2801
2802
2803
2804
2805
2806
2807
2808
2809
2810
2811
2812
2813
2814
2815
2816
2817
2818
2819
2820
2821
2822
2823
2824
2825
2826
2827
2828
2829
2830
2831
2832
2833
2834
2835
2836
2837
2838
2839
2840
2841
2842
2843
2844
2845
2846
2847
2848
2849
2850
2851
2852
2853
2854
2855
2856
2857
2858
2859
2860
2861
2862
2863
2864
2865
2866
2867
2868
2869
2870
2871
2872
2873
2874
2875
2876
2877
2878
2879
2880
2881
2882
2883
2884
2885
2886
2887
2888
2889
2890
2891
2892
2893
2894
2895
2896
2897
2898
2899
2900
2901
2902
2903
2904
2905
2906
2907
2908
2909
2910
2911
2912
2913
2914
2915
2916
2917
2918
2919
2920
2921
2922
2923
2924
2925
2926
2927
2928
2929
2930
2931
2932
2933
2934
2935
2936
2937
2938
2939
2940
2941
2942
2943
2944
2945
2946
2947
2948
2949
2950
2951
2952
2953
2954
2955
2956
2957
2958
2959
2960
2961
2962
2963
2964
2965
2966
2967
2968
2969
2970
2971
2972
2973
2974
2975
2976
2977
2978
2979
2980
2981
2982
2983
2984
2985
2986
2987
2988
2989
2990
2991
2992
2993
2994
2995
2996
2997
2998
2999
3000
3001
3002
3003
3004
3005
3006
3007
3008
3009
3010
3011
3012
3013
3014
3015
3016
3017
3018
3019
3020
3021
3022
3023
3024
3025
3026
3027
3028
3029
3030
3031
3032
3033
3034
3035
3036
3037
3038
3039
3040
3041
3042
3043
3044
3045
3046
3047
3048
3049
3050
3051
3052
3053
3054
3055
3056
3057
3058
3059
3060
3061
3062
3063
3064
3065
3066
3067
3068
3069
3070
3071
3072
3073
3074
3075
3076
3077
3078
3079
3080
3081
3082
3083
3084
3085
3086
3087
3088
3089
3090
3091
3092
3093
3094
3095
3096
3097
3098
3099
3100
3101
3102
3103
3104
3105
3106
3107
3108
3109
3110
3111
3112
3113
3114
3115
3116
3117
3118
3119
3120
3121
3122
3123
3124
3125
3126
3127
3128
3129
3130
3131
3132
3133
3134
3135
3136
3137
3138
3139
3140
3141
3142
3143
3144
3145
3146
3147
3148
3149
3150
3151
3152
3153
3154
3155
3156
3157
3158
3159
3160
3161
3162
3163
3164
3165
3166
3167
3168
3169
3170
3171
3172
3173
3174
3175
3176
3177
3178
3179
3180
3181
3182
3183
3184
3185
3186
3187
3188
3189
3190
3191
3192
3193
3194
3195
3196
3197
3198
3199
3200
3201
3202
3203
3204
3205
3206
3207
3208
3209
3210
3211
3212
3213
3214
3215
3216
3217
3218
3219
3220
3221
3222
3223
3224
3225
3226
3227
3228
3229
3230
3231
3232
3233
3234
3235
3236
3237
3238
3239
3240
3241
3242
3243
3244
3245
3246
3247
3248
3249
3250
3251
3252
3253
3254
3255
3256
3257
3258
3259
3260
3261
3262
3263
3264
3265
3266
3267
3268
3269
3270
3271
3272
3273
3274
3275
3276
3277
3278
3279
3280
3281
3282
3283
3284
3285
3286
3287
3288
3289
3290
3291
3292
3293
3294
3295
3296
3297
3298
3299
3300
3301
3302
3303
3304
3305
3306
3307
3308
3309
3310
3311
3312
3313
3314
3315
3316
3317
3318
3319
3320
3321
3322
3323
3324
3325
3326
3327
3328
3329
3330
3331
3332
3333
3334
3335
3336
3337
3338
3339
3340
3341
3342
3343
3344
3345
3346
3347
3348
3349
3350
3351
3352
3353
3354
3355
3356
3357
3358
3359
3360
3361
3362
3363
3364
3365
3366
3367
3368
3369
3370
3371
3372
3373
3374
3375
3376
3377
3378
3379
3380
3381
3382
3383
3384
3385
3386
3387
3388
3389
3390
3391
3392
3393
3394
3395
3396
3397
3398
3399
3400
3401
3402
3403
3404
3405
3406
3407
3408
3409
3410
3411
3412
3413
3414
3415
3416
3417
3418
3419
3420
3421
3422
3423
3424
3425
3426
3427
3428
3429
3430
3431
3432
3433
3434
3435
3436
3437
3438
3439
3440
3441
3442
3443
3444
3445
3446
3447
3448
3449
3450
3451
3452
3453
3454
3455
3456
3457
3458
3459
3460
3461
3462
3463
3464
3465
3466
3467
3468
3469
3470
3471
3472
3473
3474
3475
3476
3477
3478
3479
3480
3481
3482
3483
3484
3485
3486
3487
3488
3489
3490
3491
3492
3493
3494
3495
3496
3497
3498
3499
3500
3501
3502
3503
3504
3505
3506
3507
3508
3509
3510
3511
3512
3513
3514
3515
3516
3517
3518
3519
3520
3521
3522
3523
3524
3525
3526
3527
3528
3529
3530
3531
3532
3533
3534
3535
3536
3537
3538
3539
3540
3541
3542
3543
3544
3545
3546
3547
3548
3549
3550
3551
3552
3553
3554
3555
3556
3557
3558
3559
3560
3561
3562
3563
3564
3565
3566
3567
3568
3569
3570
3571
3572
3573
3574
3575
3576
3577
3578
3579
3580
3581
3582
3583
3584
3585
3586
3587
3588
3589
3590
3591
3592
3593
3594
3595
3596
3597
3598
3599
3600
3601
3602
3603
3604
3605
3606
3607
3608
3609
3610
3611
3612
3613
3614
3615
3616
3617
3618
3619
3620
3621
3622
3623
3624
3625
3626
3627
3628
3629
3630
3631
3632
3633
3634
3635
3636
3637
3638
3639
3640
3641
3642
3643
3644
3645
3646
3647
3648
3649
3650
3651
3652
3653
3654
3655
3656
3657
3658
3659
3660
3661
3662
3663
3664
3665
3666
3667
3668
3669
3670
3671
3672
3673
3674
3675
3676
3677
3678
3679
3680
3681
3682
3683
3684
3685
3686
3687
3688
3689
3690
3691
3692
3693
3694
3695
3696
3697
3698
3699
3700
3701
3702
3703
3704
3705
3706
3707
3708
3709
3710
3711
3712
3713
3714
3715
3716
3717
3718
3719
3720
3721
3722
3723
3724
3725
3726
3727
3728
3729
3730
3731
3732
3733
3734
3735
3736
3737
3738
3739
3740
3741
3742
3743
3744
3745
3746
3747
3748
3749
3750
3751
3752
3753
3754
3755
3756
3757
3758
3759
3760
3761
3762
3763
3764
3765
3766
3767
3768
3769
3770
3771
3772
3773
3774
3775
3776
3777
3778
3779
3780
3781
3782
3783
3784
3785
3786
3787
3788
3789
3790
3791
3792
3793
3794
3795
3796
3797
3798
3799
3800
3801
3802
3803
3804
3805
3806
3807
3808
3809
3810
3811
3812
3813
3814
3815
3816
3817
3818
3819
3820
3821
3822
3823
3824
3825
3826
3827
3828
3829
3830
3831
3832
3833
3834
3835
3836
3837
3838
3839
3840
3841
3842
3843
3844
3845
3846
3847
3848
3849
3850
3851
3852
3853
3854
3855
3856
3857
3858
3859
3860
3861
3862
3863
3864
3865
3866
3867
3868
3869
3870
3871
3872
3873
3874
3875
3876
3877
3878
3879
3880
3881
3882
3883
3884
3885
3886
3887
3888
3889
3890
3891
3892
3893
3894
3895
3896
3897
3898
3899
3900
3901
3902
3903
3904
3905
3906
3907
3908
3909
3910
3911
3912
3913
3914
3915
3916
3917
3918
3919
3920
3921
3922
3923
3924
3925
3926
3927
3928
3929
3930
3931
3932
3933
3934
3935
3936
3937
3938
3939
3940
3941
3942
3943
3944
3945
3946
3947
3948
3949
3950
3951
3952
3953
3954
3955
3956
3957
3958
3959
3960
3961
3962
3963
3964
3965
3966
3967
3968
3969
3970
3971
3972
3973
3974
3975
3976
3977
3978
3979
3980
3981
3982
3983
3984
3985
3986
3987
3988
3989
3990
3991
3992
3993
3994
3995
3996
3997
3998
3999
4000
4001
4002
4003
4004
4005
4006
4007
4008
4009
4010
4011
4012
4013
4014
4015
4016
4017
4018
4019
4020
4021
4022
4023
4024
4025
4026
4027
4028
4029
4030
4031
4032
4033
4034
4035
4036
4037
4038
4039
4040
4041
4042
4043
4044
4045
4046
4047
4048
4049
4050
4051
4052
4053
4054
4055
4056
4057
4058
4059
4060
4061
4062
4063
4064
4065
4066
4067
4068
4069
4070
4071
4072
4073
4074
4075
4076
4077
4078
4079
4080
4081
4082
4083
4084
4085
4086
4087
4088
4089
4090
4091
4092
4093
4094
4095
4096
4097
4098
4099
4100
4101
4102
4103
4104
4105
4106
4107
4108
4109
4110
4111
4112
4113
4114
4115
4116
4117
4118
4119
4120
4121
4122
4123
4124
4125
4126
4127
4128
4129
4130
4131
4132
4133
4134
4135
4136
4137
4138
4139
4140
4141
4142
4143
4144
4145
4146
4147
4148
4149
4150
4151
4152
4153
4154
4155
4156
4157
4158
4159
4160
4161
4162
4163
4164
4165
4166
4167
4168
4169
4170
4171
4172
4173
4174
4175
4176
4177
4178
4179
4180
4181
4182
4183
4184
4185
4186
4187
4188
4189
4190
4191
4192
4193
4194
4195
4196
4197
4198
4199
4200
4201
4202
4203
4204
4205
4206
4207
4208
4209
4210
4211
4212
4213
4214
4215
4216
4217
4218
4219
4220
4221
4222
4223
4224
4225
4226
4227
4228
4229
4230
4231
4232
4233
4234
4235
4236
4237
4238
4239
4240
4241
4242
4243
4244
4245
4246
4247
4248
4249
4250
4251
4252
4253
4254
4255
4256
4257
4258
4259
4260
4261
4262
4263
4264
4265
4266
4267
4268
4269
4270
4271
4272
4273
4274
4275
4276
4277
4278
4279
4280
4281
4282
4283
4284
4285
4286
4287
4288
4289
4290
4291
4292
4293
4294
4295
4296
4297
4298
4299
4300
4301
4302
4303
4304
4305
4306
4307
4308
4309
4310
4311
4312
4313
4314
4315
4316
4317
4318
4319
4320
4321
4322
4323
4324
4325
4326
4327
4328
4329
4330
4331
4332
4333
4334
4335
4336
4337
4338
4339
4340
4341
4342
4343
4344
4345
4346
4347
4348
4349
4350
4351
4352
4353
4354
4355
4356
4357
4358
4359
4360
4361
4362
4363
4364
4365
4366
4367
4368
4369
4370
4371
4372
4373
4374
4375
4376
4377
4378
4379
4380
4381
4382
4383
4384
4385
4386
4387
4388
4389
4390
4391
4392
4393
4394
4395
4396
4397
4398
4399
4400
4401
4402
4403
4404
4405
4406
4407
4408
4409
4410
4411
4412
4413
4414
4415
4416
4417
4418
4419
4420
4421
4422
4423
4424
4425
4426
4427
4428
4429
4430
4431
4432
4433
4434
4435
4436
4437
4438
4439
4440
4441
4442
4443
4444
4445
4446
4447
4448
4449
4450
4451
4452
4453
4454
4455
4456
4457
4458
4459
4460
4461
4462
4463
4464
4465
4466
4467
4468
4469
4470
4471
4472
4473
4474
4475
4476
4477
4478
4479
4480
4481
4482
4483
4484
4485
4486
4487
4488
4489
4490
4491
4492
4493
4494
4495
4496
4497
4498
4499
4500
4501
4502
4503
4504
4505
4506
4507
4508
4509
4510
4511
4512
4513
4514
4515
4516
4517
4518
4519
4520
4521
4522
4523
4524
4525
4526
4527
4528
4529
4530
4531
4532
4533
4534
4535
4536
4537
4538
4539
4540
4541
4542
4543
4544
4545
4546
4547
4548
4549
4550
4551
4552
4553
4554
4555
4556
4557
4558
4559
4560
4561
4562
4563
4564
4565
4566
4567
4568
4569
4570
4571
4572
4573
4574
4575
4576
4577
4578
4579
4580
4581
4582
4583
4584
4585
4586
4587
4588
4589
4590
4591
4592
4593
4594
4595
4596
4597
4598
4599
4600
4601
4602
4603
4604
4605
4606
4607
4608
4609
4610
4611
4612
4613
4614
4615
4616
4617
4618
4619
4620
4621
4622
4623
4624
4625
4626
4627
4628
4629
4630
4631
4632
4633
4634
4635
4636
4637
4638
4639
4640
4641
4642
4643
4644
4645
4646
4647
4648
4649
4650
4651
4652
4653
4654
4655
4656
4657
4658
4659
4660
4661
4662
4663
4664
4665
4666
4667
4668
4669
4670
4671
4672
4673
4674
4675
4676
4677
4678
4679
4680
4681
4682
4683
4684
4685
4686
4687
4688
4689
4690
4691
4692
4693
4694
4695
4696
4697
4698
4699
4700
4701
4702
4703
4704
4705
4706
4707
4708
4709
4710
4711
4712
4713
4714
4715
4716
4717
4718
4719
4720
4721
4722
4723
4724
4725
4726
4727
4728
4729
4730
4731
4732
4733
4734
4735
4736
4737
4738
4739
4740
4741
4742
4743
4744
4745
4746
4747
4748
4749
4750
4751
4752
4753
4754
4755
4756
4757
4758
4759
4760
4761
4762
4763
4764
4765
4766
4767
4768
4769
4770
4771
4772
4773
4774
4775
4776
4777
4778
4779
4780
4781
4782
4783
4784
4785
4786
4787
4788
4789
4790
4791
4792
4793
4794
4795
4796
4797
4798
4799
4800
4801
4802
4803
4804
4805
4806
4807
4808
4809
4810
4811
4812
4813
4814
4815
4816
4817
4818
4819
4820
4821
4822
4823
4824
4825
4826
4827
4828
4829
4830
4831
4832
4833
4834
4835
4836
4837
4838
4839
4840
4841
4842
4843
4844
4845
4846
4847
4848
4849
4850
4851
4852
4853
4854
4855
4856
4857
4858
4859
4860
4861
4862
4863
4864
4865
4866
4867
4868
4869
4870
4871
4872
4873
4874
4875
4876
4877
4878
4879
4880
4881
4882
4883
4884
4885
4886
4887
4888
4889
4890
4891
4892
4893
4894
4895
4896
4897
4898
4899
4900
4901
4902
4903
4904
4905
4906
4907
4908
4909
4910
4911
4912
4913
4914
4915
4916
4917
4918
4919
4920
4921
4922
4923
4924
4925
4926
4927
4928
4929
4930
4931
4932
4933
4934
4935
4936
4937
4938
4939
4940
4941
4942
4943
4944
4945
4946
4947
4948
4949
4950
4951
4952
4953
4954
4955
4956
4957
4958
4959
4960
4961
4962
4963
4964
4965
4966
4967
4968
4969
4970
4971
4972
4973
4974
4975
4976
4977
4978
4979
4980
4981
4982
4983
4984
4985
4986
4987
4988
4989
4990
4991
4992
4993
4994
4995
4996
4997
4998
4999
5000
5001
5002
5003
5004
5005
5006
5007
5008
5009
5010
5011
5012
5013
5014
5015
5016
5017
5018
5019
5020
5021
5022
5023
5024
5025
5026
5027
5028
5029
5030
5031
5032
5033
5034
5035
5036
5037
5038
5039
5040
5041
5042
5043
5044
5045
5046
5047
5048
5049
5050
5051
5052
5053
5054
5055
5056
5057
5058
5059
5060
5061
5062
5063
5064
5065
5066
5067
5068
5069
5070
5071
5072
5073
5074
5075
5076
5077
5078
5079
5080
5081
5082
5083
5084
5085
5086
5087
5088
5089
5090
5091
5092
5093
5094
5095
5096
5097
5098
5099
5100
5101
5102
5103
5104
5105
5106
5107
5108
5109
5110
5111
5112
5113
5114
5115
5116
5117
5118
5119
5120
5121
5122
5123
5124
5125
5126
5127
5128
5129
5130
5131
5132
5133
5134
5135
5136
5137
5138
5139
5140
5141
5142
5143
5144
5145
5146
5147
5148
5149
5150
5151
5152
5153
5154
5155
5156
5157
5158
5159
5160
5161
5162
5163
5164
5165
5166
5167
5168
5169
5170
5171
5172
5173
5174
5175
5176
5177
5178
5179
5180
5181
5182
5183
5184
5185
5186
5187
5188
5189
5190
5191
5192
5193
5194
5195
5196
5197
5198
5199
5200
5201
5202
5203
5204
5205
5206
5207
5208
5209
5210
5211
5212
5213
5214
5215
5216
5217
5218
5219
5220
5221
5222
5223
5224
5225
5226
5227
5228
5229
5230
5231
5232
5233
5234
5235
5236
5237
5238
5239
5240
5241
5242
5243
5244
5245
5246
5247
5248
5249
5250
5251
5252
5253
5254
5255
5256
5257
5258
5259
5260
5261
5262
5263
5264
5265
5266
5267
5268
5269
5270
5271
5272
5273
5274
5275
5276
5277
5278
5279
5280
5281
5282
5283
5284
5285
5286
5287
5288
5289
5290
5291
5292
5293
5294
5295
5296
5297
5298
5299
5300
5301
5302
5303
5304
5305
5306
5307
5308
5309
5310
5311
5312
5313
5314
5315
5316
5317
5318
5319
5320
5321
5322
5323
5324
5325
5326
5327
5328
5329
5330
5331
5332
5333
5334
5335
5336
5337
5338
5339
5340
5341
5342
5343
5344
5345
5346
5347
5348
5349
5350
5351
5352
5353
5354
5355
5356
5357
5358
5359
5360
5361
5362
5363
5364
5365
5366
5367
5368
5369
5370
5371
5372
5373
5374
5375
5376
5377
5378
5379
5380
5381
5382
5383
5384
5385
5386
5387
5388
5389
5390
5391
5392
5393
5394
5395
5396
5397
5398
5399
5400
5401
5402
5403
5404
5405
5406
5407
5408
5409
5410
5411
5412
5413
5414
5415
5416
5417
5418
5419
5420
5421
5422
5423
5424
5425
5426
5427
5428
5429
5430
5431
5432
5433
5434
5435
5436
5437
5438
5439
5440
5441
5442
5443
5444
5445
5446
5447
5448
5449
5450
5451
5452
5453
5454
5455
5456
5457
5458
5459
5460
5461
5462
5463
5464
5465
5466
5467
5468
5469
5470
5471
5472
5473
5474
5475
5476
5477
5478
5479
5480
5481
5482
5483
5484
5485
5486
5487
5488
5489
5490
5491
5492
5493
5494
5495
5496
5497
5498
5499
5500
5501
5502
5503
5504
5505
5506
5507
5508
5509
5510
5511
5512
5513
5514
5515
5516
5517
5518
5519
5520
5521
5522
5523
5524
5525
5526
5527
5528
5529
5530
5531
5532
5533
5534
5535
5536
5537
5538
5539
5540
5541
5542
5543
5544
5545
5546
5547
5548
5549
5550
5551
5552
5553
5554
5555
5556
5557
5558
5559
5560
5561
5562
5563
5564
5565
5566
5567
5568
5569
5570
5571
5572
5573
5574
5575
5576
5577
5578
5579
5580
5581
5582
5583
5584
5585
5586
5587
5588
5589
5590
5591
5592
5593
5594
5595
5596
5597
5598
5599
5600
5601
5602
5603
5604
5605
5606
5607
5608
5609
5610
5611
5612
5613
5614
5615
5616
5617
5618
5619
5620
5621
5622
5623
5624
5625
5626
5627
5628
5629
5630
5631
5632
5633
5634
5635
5636
5637
5638
5639
5640
5641
5642
5643
5644
5645
5646
5647
5648
5649
5650
5651
5652
5653
5654
5655
5656
5657
5658
5659
5660
5661
5662
5663
5664
5665
5666
5667
5668
5669
5670
5671
5672
5673
5674
5675
5676
5677
5678
5679
5680
5681
5682
5683
5684
5685
5686
5687
5688
5689
5690
5691
5692
5693
5694
5695
5696
5697
5698
5699
5700
5701
5702
5703
5704
5705
5706
5707
5708
5709
5710
5711
5712
5713
5714
5715
5716
5717
5718
5719
5720
5721
5722
5723
5724
5725
5726
5727
5728
5729
5730
5731
5732
5733
5734
5735
5736
5737
5738
5739
5740
5741
5742
5743
5744
5745
5746
5747
5748
5749
5750
5751
5752
5753
5754
5755
5756
5757
5758
5759
5760
5761
5762
5763
5764
5765
5766
5767
5768
5769
5770
5771
5772
5773
5774
5775
5776
5777
5778
5779
5780
5781
5782
5783
5784
5785
5786
5787
5788
5789
5790
5791
5792
5793
5794
5795
5796
5797
5798
5799
5800
5801
5802
5803
5804
5805
5806
5807
5808
5809
5810
5811
5812
5813
5814
5815
5816
5817
5818
5819
5820
5821
5822
5823
5824
5825
5826
5827
5828
5829
5830
5831
5832
5833
5834
5835
5836
5837
5838
5839
5840
5841
5842
5843
5844
5845
5846
5847
5848
5849
5850
5851
5852
5853
5854
5855
5856
5857
5858
5859
5860
5861
5862
5863
5864
5865
5866
5867
5868
5869
5870
5871
5872
5873
5874
5875
5876
5877
5878
5879
5880
5881
5882
5883
5884
5885
5886
5887
5888
5889
5890
5891
5892
5893
5894
5895
5896
5897
5898
5899
5900
5901
5902
5903
5904
5905
5906
5907
5908
5909
5910
5911
5912
5913
5914
5915
5916
5917
5918
5919
5920
5921
5922
5923
5924
5925
5926
5927
5928
5929
5930
5931
5932
5933
5934
5935
5936
5937
5938
5939
5940
5941
5942
5943
5944
5945
5946
5947
5948
5949
5950
5951
5952
5953
5954
5955
5956
5957
5958
5959
5960
5961
5962
5963
5964
5965
5966
5967
5968
5969
5970
5971
5972
5973
5974
5975
5976
5977
5978
5979
5980
5981
5982
5983
5984
5985
5986
5987
5988
5989
5990
5991
5992
5993
5994
5995
5996
5997
5998
5999
6000
6001
6002
6003
6004
6005
6006
6007
6008
6009
6010
6011
6012
6013
6014
6015
6016
6017
6018
6019
6020
6021
6022
6023
6024
6025
6026
6027
6028
6029
6030
6031
6032
6033
6034
6035
6036
6037
6038
6039
6040
6041
6042
6043
6044
6045
6046
6047
6048
6049
6050
6051
6052
6053
6054
6055
6056
6057
6058
6059
6060
6061
6062
6063
6064
6065
6066
6067
6068
6069
6070
6071
6072
6073
6074
6075
6076
6077
6078
6079
6080
6081
6082
6083
6084
6085
6086
6087
6088
6089
6090
6091
6092
6093
6094
6095
6096
6097
6098
6099
6100
6101
6102
6103
6104
6105
6106
6107
6108
6109
6110
6111
6112
6113
6114
6115
6116
6117
6118
6119
6120
6121
6122
6123
6124
6125
6126
6127
6128
6129
6130
6131
6132
6133
6134
6135
6136
6137
6138
6139
6140
6141
6142
6143
6144
6145
6146
6147
6148
6149
6150
6151
6152
6153
6154
6155
6156
6157
6158
6159
6160
6161
6162
6163
6164
6165
6166
6167
6168
6169
6170
6171
6172
6173
6174
6175
6176
6177
6178
6179
6180
6181
6182
6183
6184
6185
6186
6187
6188
6189
6190
6191
6192
6193
6194
6195
6196
6197
6198
6199
6200
6201
6202
6203
6204
6205
6206
6207
6208
6209
6210
6211
6212
6213
6214
6215
6216
6217
6218
6219
6220
6221
6222
6223
6224
6225
6226
6227
6228
6229
6230
6231
6232
6233
6234
6235
6236
6237
6238
6239
6240
6241
6242
6243
6244
6245
6246
6247
6248
6249
6250
6251
6252
6253
6254
6255
6256
6257
6258
6259
6260
6261
6262
6263
6264
6265
6266
6267
6268
6269
6270
6271
6272
6273
6274
6275
6276
6277
6278
6279
6280
6281
6282
6283
6284
6285
6286
6287
6288
6289
6290
6291
6292
6293
6294
6295
6296
6297
6298
6299
6300
6301
6302
6303
6304
6305
6306
6307
6308
6309
6310
6311
6312
6313
6314
6315
6316
6317
6318
6319
6320
6321
6322
6323
6324
6325
6326
6327
6328
6329
6330
6331
6332
6333
6334
6335
6336
6337
6338
6339
6340
6341
6342
6343
6344
6345
6346
6347
6348
6349
6350
6351
6352
6353
6354
6355
6356
6357
6358
6359
6360
6361
6362
6363
6364
6365
6366
6367
6368
6369
6370
6371
6372
6373
6374
6375
6376
6377
6378
6379
6380
6381
6382
6383
6384
6385
6386
6387
6388
6389
6390
6391
6392
6393
6394
6395
6396
6397
6398
6399
6400
6401
6402
6403
6404
6405
6406
6407
6408
6409
6410
6411
6412
6413
6414
6415
6416
6417
6418
6419
6420
6421
6422
6423
6424
6425
6426
6427
6428
6429
6430
6431
6432
6433
6434
6435
6436
6437
6438
6439
6440
6441
6442
6443
6444
6445
6446
6447
6448
6449
6450
6451
6452
6453
6454
6455
6456
6457
6458
6459
6460
6461
6462
6463
6464
6465
6466
6467
6468
6469
6470
6471
6472
6473
6474
6475
6476
6477
6478
6479
6480
6481
6482
6483
6484
6485
6486
6487
6488
6489
6490
6491
6492
6493
6494
6495
6496
6497
6498
6499
6500
6501
6502
6503
6504
6505
6506
6507
6508
6509
6510
6511
6512
6513
6514
6515
6516
6517
6518
6519
6520
6521
6522
6523
6524
6525
6526
6527
6528
6529
6530
6531
6532
6533
6534
6535
6536
6537
6538
6539
6540
6541
6542
6543
6544
6545
6546
6547
6548
6549
6550
6551
6552
6553
6554
6555
6556
6557
6558
6559
6560
6561
6562
6563
6564
6565
6566
6567
6568
6569
6570
6571
6572
6573
6574
6575
6576
6577
6578
6579
6580
6581
6582
6583
6584
6585
6586
6587
6588
6589
6590
6591
6592
6593
6594
6595
6596
6597
6598
6599
6600
6601
6602
6603
6604
6605
6606
6607
6608
6609
6610
6611
6612
6613
6614
6615
6616
6617
6618
6619
6620
6621
6622
6623
6624
6625
6626
6627
6628
6629
6630
6631
6632
6633
6634
6635
6636
6637
6638
6639
6640
6641
6642
6643
6644
6645
6646
6647
6648
6649
6650
6651
6652
6653
6654
6655
6656
6657
6658
6659
6660
6661
6662
6663
6664
6665
6666
6667
6668
6669
6670
6671
6672
6673
6674
6675
6676
6677
6678
6679
6680
6681
6682
6683
6684
6685
6686
6687
6688
6689
6690
6691
6692
6693
6694
6695
6696
6697
6698
6699
6700
6701
6702
6703
6704
6705
6706
6707
6708
6709
6710
6711
6712
6713
6714
6715
6716
6717
6718
6719
6720
6721
6722
6723
6724
6725
6726
6727
6728
6729
6730
6731
6732
6733
6734
6735
6736
6737
6738
6739
6740
6741
6742
6743
6744
6745
6746
6747
6748
6749
6750
6751
6752
6753
6754
6755
6756
6757
6758
6759
6760
6761
6762
6763
6764
6765
6766
6767
6768
6769
6770
6771
6772
6773
6774
6775
6776
6777
6778
6779
6780
6781
6782
6783
6784
6785
6786
6787
6788
6789
6790
6791
6792
6793
6794
6795
6796
6797
6798
6799
6800
6801
6802
6803
6804
6805
6806
6807
6808
6809
6810
6811
6812
6813
6814
6815
6816
6817
6818
6819
6820
6821
6822
6823
6824
6825
6826
6827
6828
6829
6830
6831
6832
6833
6834
6835
6836
6837
6838
6839
6840
6841
6842
6843
6844
6845
6846
6847
6848
6849
6850
6851
6852
6853
6854
6855
6856
6857
6858
6859
6860
6861
6862
6863
6864
6865
6866
6867
6868
6869
6870
6871
6872
6873
6874
6875
6876
6877
6878
6879
6880
6881
6882
6883
6884
6885
6886
6887
6888
6889
6890
6891
6892
6893
6894
6895
6896
6897
6898
6899
6900
6901
6902
6903
6904
6905
6906
6907
6908
6909
6910
6911
6912
6913
6914
6915
6916
6917
6918
6919
6920
6921
6922
6923
6924
6925
6926
6927
6928
6929
6930
6931
6932
6933
6934
6935
6936
6937
6938
6939
6940
6941
6942
6943
6944
6945
6946
6947
6948
6949
6950
6951
6952
6953
6954
6955
6956
6957
6958
6959
6960
6961
6962
6963
6964
6965
6966
6967
6968
6969
6970
6971
6972
6973
6974
6975
6976
6977
6978
6979
6980
6981
6982
6983
6984
6985
6986
6987
6988
6989
6990
6991
6992
6993
6994
6995
6996
6997
6998
6999
7000
7001
7002
7003
7004
7005
7006
7007
7008
7009
7010
7011
7012
7013
7014
7015
7016
7017
7018
7019
7020
7021
7022
7023
7024
7025
7026
7027
7028
7029
7030
7031
7032
7033
7034
7035
7036
7037
7038
7039
7040
7041
7042
7043
7044
7045
7046
7047
7048
7049
7050
7051
7052
7053
7054
7055
7056
7057
7058
7059
7060
7061
7062
7063
7064
7065
7066
7067
7068
7069
7070
7071
7072
7073
7074
7075
7076
7077
7078
7079
7080
7081
7082
7083
7084
7085
7086
7087
7088
7089
7090
7091
7092
7093
7094
7095
7096
7097
7098
7099
7100
7101
7102
7103
7104
7105
7106
7107
7108
7109
7110
7111
7112
7113
7114
7115
7116
7117
7118
7119
7120
7121
7122
7123
7124
7125
7126
7127
7128
7129
7130
7131
7132
7133
7134
7135
7136
7137
7138
7139
7140
7141
7142
7143
7144
7145
7146
7147
7148
7149
7150
7151
7152
7153
7154
7155
7156
7157
7158
7159
7160
7161
7162
7163
7164
7165
7166
7167
7168
7169
7170
7171
7172
7173
7174
7175
7176
7177
7178
7179
7180
7181
7182
7183
7184
7185
7186
7187
7188
7189
7190
7191
7192
7193
7194
7195
7196
7197
7198
7199
7200
7201
7202
7203
7204
7205
7206
7207
7208
7209
7210
7211
7212
7213
7214
7215
7216
7217
7218
7219
7220
7221
7222
7223
7224
7225
7226
7227
7228
7229
7230
7231
7232
7233
7234
7235
7236
7237
7238
7239
7240
7241
7242
7243
7244
7245
7246
7247
7248
7249
7250
7251
7252
7253
7254
7255
7256
7257
7258
7259
7260
7261
7262
7263
7264
7265
7266
7267
7268
7269
7270
7271
7272
7273
7274
7275
7276
7277
7278
7279
7280
7281
7282
7283
7284
7285
7286
7287
7288
7289
7290
7291
7292
7293
7294
7295
7296
7297
7298
7299
7300
7301
7302
7303
7304
7305
7306
7307
7308
7309
7310
7311
7312
7313
7314
7315
7316
7317
7318
7319
7320
7321
7322
7323
7324
7325
7326
7327
7328
7329
7330
7331
7332
7333
7334
7335
7336
7337
7338
7339
7340
7341
7342
7343
7344
7345
7346
7347
7348
7349
7350
7351
7352
7353
7354
7355
7356
7357
7358
7359
7360
7361
7362
7363
7364
7365
7366
7367
7368
7369
7370
7371
7372
7373
7374
7375
7376
7377
7378
7379
7380
7381
7382
7383
7384
7385
7386
7387
7388
7389
7390
7391
7392
7393
7394
7395
7396
7397
7398
7399
7400
7401
7402
7403
7404
7405
7406
7407
7408
7409
7410
7411
7412
7413
7414
7415
7416
7417
7418
7419
7420
7421
7422
7423
7424
7425
7426
7427
7428
7429
7430
7431
7432
7433
7434
7435
7436
7437
7438
7439
7440
7441
7442
7443
7444
7445
7446
7447
7448
7449
7450
7451
7452
7453
7454
7455
7456
7457
7458
7459
7460
7461
7462
7463
7464
7465
7466
7467
7468
7469
7470
7471
7472
7473
7474
7475
7476
7477
7478
7479
7480
7481
7482
7483
7484
7485
7486
7487
7488
7489
7490
7491
7492
7493
7494
7495
7496
7497
7498
7499
7500
7501
7502
7503
7504
7505
7506
7507
7508
7509
7510
7511
7512
7513
7514
7515
7516
7517
7518
7519
7520
7521
7522
7523
7524
7525
7526
7527
7528
7529
7530
7531
7532
7533
7534
7535
7536
7537
7538
7539
7540
7541
7542
7543
7544
7545
7546
7547
7548
7549
7550
7551
7552
7553
7554
7555
7556
7557
7558
7559
7560
7561
7562
7563
7564
7565
7566
7567
7568
7569
7570
7571
7572
7573
7574
7575
7576
7577
7578
7579
7580
7581
7582
7583
7584
7585
7586
7587
7588
7589
7590
7591
7592
7593
7594
7595
7596
7597
7598
7599
7600
7601
7602
7603
7604
7605
7606
7607
7608
7609
7610
7611
7612
7613
7614
7615
7616
7617
7618
7619
7620
7621
7622
7623
7624
7625
7626
7627
7628
7629
7630
7631
7632
7633
7634
7635
7636
7637
7638
7639
7640
7641
7642
7643
7644
7645
7646
7647
7648
7649
7650
7651
7652
7653
7654
7655
7656
7657
7658
7659
7660
7661
7662
7663
7664
7665
7666
7667
7668
7669
7670
7671
7672
7673
7674
7675
7676
7677
7678
7679
7680
7681
7682
7683
7684
7685
7686
7687
7688
7689
7690
7691
7692
7693
7694
7695
7696
7697
7698
7699
7700
7701
7702
7703
7704
7705
7706
7707
7708
7709
7710
7711
7712
7713
7714
7715
7716
7717
7718
7719
7720
7721
7722
7723
7724
7725
7726
7727
7728
7729
7730
7731
7732
7733
7734
7735
7736
7737
7738
7739
7740
7741
7742
7743
7744
7745
7746
7747
7748
7749
7750
7751
7752
7753
7754
7755
7756
7757
7758
7759
7760
7761
7762
7763
7764
7765
7766
7767
7768
7769
7770
7771
7772
7773
7774
7775
7776
7777
7778
7779
7780
7781
7782
7783
7784
7785
7786
7787
7788
7789
7790
7791
7792
7793
7794
7795
7796
7797
7798
7799
7800
7801
7802
7803
7804
7805
7806
7807
7808
7809
7810
7811
7812
7813
7814
7815
7816
7817
7818
7819
7820
7821
7822
7823
7824
7825
7826
7827
7828
7829
7830
7831
7832
7833
7834
7835
7836
7837
7838
7839
7840
7841
7842
7843
7844
7845
7846
7847
7848
7849
7850
7851
7852
7853
7854
7855
7856
7857
7858
7859
7860
7861
7862
7863
7864
7865
7866
7867
7868
7869
7870
7871
7872
7873
7874
7875
7876
7877
7878
7879
7880
7881
7882
7883
7884
7885
7886
7887
7888
7889
7890
7891
7892
7893
7894
7895
7896
7897
7898
7899
7900
7901
7902
7903
7904
7905
7906
7907
7908
7909
7910
7911
7912
7913
7914
7915
7916
7917
7918
7919
7920
7921
7922
7923
7924
7925
7926
7927
7928
7929
7930
7931
7932
7933
7934
7935
7936
7937
7938
7939
7940
7941
7942
7943
7944
7945
7946
7947
7948
7949
7950
7951
7952
7953
7954
7955
7956
7957
7958
7959
7960
7961
7962
7963
7964
7965
7966
7967
7968
7969
7970
7971
7972
7973
7974
7975
7976
7977
7978
7979
7980
7981
7982
7983
7984
7985
7986
7987
7988
7989
7990
7991
7992
7993
7994
7995
7996
7997
7998
7999
8000
8001
8002
8003
8004
8005
8006
8007
8008
8009
8010
8011
8012
8013
8014
8015
8016
8017
8018
8019
8020
8021
8022
8023
8024
8025
8026
8027
8028
8029
8030
8031
8032
8033
8034
8035
8036
8037
8038
8039
8040
8041
8042
8043
8044
8045
8046
8047
8048
8049
8050
8051
8052
8053
8054
8055
8056
8057
8058
8059
8060
8061
8062
8063
8064
8065
8066
8067
8068
8069
8070
8071
8072
8073
8074
8075
8076
8077
8078
8079
8080
8081
8082
8083
8084
8085
8086
8087
8088
8089
8090
8091
8092
8093
8094
8095
8096
8097
8098
8099
8100
8101
8102
8103
8104
8105
8106
8107
8108
8109
8110
8111
8112
8113
8114
8115
8116
8117
8118
8119
8120
8121
8122
8123
8124
8125
8126
8127
8128
8129
8130
8131
8132
8133
8134
8135
8136
8137
8138
8139
8140
8141
8142
8143
8144
8145
8146
8147
8148
8149
8150
8151
8152
8153
8154
8155
8156
8157
8158
8159
8160
8161
8162
8163
8164
8165
8166
8167
8168
8169
8170
8171
8172
8173
8174
8175
8176
8177
8178
8179
8180
8181
8182
8183
8184
8185
8186
8187
8188
8189
8190
8191
8192
8193
8194
8195
8196
8197
8198
8199
8200
8201
8202
8203
8204
8205
8206
8207
8208
8209
8210
8211
8212
8213
8214
8215
8216
8217
8218
8219
8220
8221
8222
8223
8224
8225
8226
8227
8228
8229
8230
8231
8232
8233
8234
8235
8236
8237
8238
8239
8240
8241
8242
8243
8244
8245
8246
8247
8248
8249
8250
8251
8252
8253
8254
8255
8256
8257
8258
8259
8260
8261
8262
8263
8264
8265
8266
8267
8268
8269
8270
8271
8272
8273
8274
8275
8276
8277
8278
8279
8280
8281
8282
8283
8284
8285
8286
8287
8288
8289
8290
8291
8292
8293
8294
8295
8296
8297
8298
8299
8300
8301
8302
8303
8304
8305
8306
8307
8308
8309
8310
8311
8312
8313
8314
8315
8316
8317
8318
8319
8320
8321
8322
8323
8324
8325
8326
8327
8328
8329
8330
8331
8332
8333
8334
8335
8336
8337
8338
8339
8340
8341
8342
8343
8344
8345
8346
8347
8348
8349
8350
8351
8352
8353
8354
8355
8356
8357
8358
8359
8360
8361
8362
8363
8364
8365
8366
8367
8368
8369
8370
8371
8372
8373
8374
8375
8376
8377
8378
8379
8380
8381
8382
8383
8384
8385
8386
8387
8388
8389
8390
8391
8392
8393
8394
8395
8396
8397
8398
8399
8400
8401
8402
8403
8404
8405
8406
8407
8408
8409
8410
8411
8412
8413
8414
8415
8416
8417
8418
8419
8420
8421
8422
8423
8424
8425
8426
8427
8428
8429
8430
8431
8432
8433
8434
8435
8436
8437
8438
8439
8440
8441
8442
8443
8444
8445
8446
8447
8448
8449
8450
8451
8452
8453
8454
8455
8456
8457
8458
8459
8460
8461
8462
8463
8464
8465
8466
8467
8468
8469
8470
8471
8472
8473
8474
8475
8476
8477
8478
8479
8480
8481
8482
8483
8484
8485
8486
8487
8488
8489
8490
8491
8492
8493
8494
8495
8496
8497
8498
8499
8500
8501
8502
8503
8504
8505
8506
8507
8508
8509
8510
8511
8512
8513
8514
8515
8516
8517
8518
8519
8520
2 -4.898587196589413e-16 -1.224646799147353e-16
1.993677678029392 0.1589003339434286 -1.224646799147353e-16
1.974750683872667 0.3167960488144297 -1.224646799147353e-16
1.94333868008082 0.4726888770658095 -1.224646799147353e-16
1.899640263455566 0.6255932140444538 -1.224646799147353e-16
1.843931709456414 0.7745423493012816 -1.224646799147353e-16
1.776565225498264 0.9185945784459553 -1.224646799147353e-16
1.697966724182728 1.056839156905238 -1.224646799147353e-16
1.60863313054153 1.18840205794342 -1.224646799147353e-16
1.509129240316461 1.312451498540751 -1.224646799147353e-16
1.400084149138851 1.428203198193499 -1.224646799147353e-16
1.282187275184441 1.534925337387815 -1.224646799147353e-16
1.156184000449697 1.631943184398321 -1.224646799147353e-16
1.022870958206845 1.718643361159321 -1.224646799147353e-16
0.8830909964318245 1.794477721238424 -1.224646799147353e-16
0.7377278490480165 1.858966815394774 -1.224646799147353e-16
0.587700548675843 1.911702922811521 -1.224646799147353e-16
0.4339576162126372 1.952352628838101 -1.224646799147353e-16
0.2774710639781375 1.980658932945004 -1.224646799147353e-16
0.1192302503396407 1.996442873563866 -1.224646799147353e-16
-0.03976437533013946 1.999604659540131 -1.224646799147353e-16
-0.198507597816122 1.990124301044855 -1.224646799147353e-16
-0.3559957913550994 1.968061735956842 -1.224646799147353e-16
-0.5112332648809483 1.933556450916075 -1.224646799147353e-16
-0.6632385571041347 1.886826599444269 -1.224646799147353e-16
-0.8110506416259866 1.82816762270807 -1.224646799147353e-16
-0.953735002857011 1.757950381644868 -1.224646799147353e-16
-1.090389544325335 1.676618812260553 -1.224646799147353e-16
-1.220150292021048 1.584687118923149 -1.224646799147353e-16
-1.342196856718072 1.482736523397237 -1.224646799147353e-16
-1.455757620738987 1.371411590172828 -1.224646799147353e-16
-1.560114616370424 1.251416151321121 -1.224646799147353e-16
-1.654608065086114 1.123508856641543 -1.224646799147353e-16
-1.738640548879164 0.9884983772334475 -1.224646799147353e-16
-1.811680787331045 0.8472382928170582 -1.224646799147353e-16
-1.873266996537455 0.7006216951276503 -1.224646799147353e-16
-1.92300980865484 0.5495755415020527 -1.224646799147353e-16
-1.960594733609272 0.3950547943559086 -1.224646799147353e-16
-1.985784147403947 0.2380363836038124 -1.224646799147353e-16
-1.998418794454604 0.07951303019385443 -1.224646799147353e-16
-1.998418794454604 -0.07951303019384773 -1.224646799147353e-16
-1.985784147403947 -0.2380363836038066 -1.224646799147353e-16
-1.960594733609273 -0.3950547943559012 -1.224646799147353e-16
-1.923009808654842 -0.5495755415020471 -1.224646799147353e-16
-1.873266996537458 -0.7006216951276439 -1.224646799147353e-16
-1.811680787331048 -0.847238292817053 -1.224646799147353e-16
-1.738640548879167 -0.9884983772334416 -1.224646799147353e-16
-1.654608065086117 -1.123508856641537 -1.224646799147353e-16
-1.560114616370428 -1.251416151321115 -1.224646799147353e-16
-1.455757620738992 -1.371411590172822 -1.224646799147353e-16
-1.342196856718078 -1.482736523397233 -1.224646799147353e-16
-1.220150292021054 -1.584687118923145 -1.224646799147353e-16
-1.09038954432534 -1.67661881226055 -1.224646799147353e-16
-0.9537350028570184 -1.757950381644864 -1.224646799147353e-16
-0.8110506416259939 -1.828167622708067 -1.224646799147353e-16
-0.6632385571041431 -1.886826599444266 -1.224646799147353e-16
-0.5112332648809582 -1.933556450916072 -1.224646799147353e-16
-0.3559957913551091 -1.96806173595684 -1.224646799147353e-16
-0.1985075978161331 -1.990124301044854 -1.224646799147353e-16
-0.03976437533015149 -1.999604659540131 -1.224646799147353e-16
0.1192302503396274 -1.996442873563867 -1.224646799147353e-16
0.2774710639781247 -1.980658932945006 -1.224646799147353e-16
0.4339576162126251 -1.952352628838104 -1.224646799147353e-16
0.5877005486758298 -1.911702922811525 -1.224646799147353e-16
0.7377278490480028 -1.858966815394779 -1.224646799147353e-16
0.8830909964318118 -1.79447772123843 -1.224646799147353e-16
1.022870958206833 -1.718643361159329 -1.224646799147353e-16
1.156184000449688 -1.631943184398328 -1.224646799147353e-16
1.282187275184433 -1.534925337387822 -1.224646799147353e-16
1.400084149138844 -1.428203198193506 -1.224646799147353e-16
1.509129240316454 -1.312451498540758 -1.224646799147353e-16
1.608633130541526 -1.188402057943426 -1.224646799147353e-16
1.697966724182725 -1.056839156905244 -1.224646799147353e-16
1.776565225498261 -0.9185945784459606 -1.224646799147353e-16
1.843931709456411 -0.7745423493012866 -1.224646799147353e-16
1.899640263455564 -0.6255932140444584 -1.224646799147353e-16
1.943338680080819 -0.4726888770658118 -1.224646799147353e-16
1.974750683872667 -0.3167960488144315 -1.224646799147353e-16
1.993677678029392 -0.1589003339434298 -1.224646799147353e-16
1.975528258147577 -4.838648715931152e-16 0.1545084971874736
1.904508497187474 -4.664700470059152e-16 0.2938926261462364
1.793892626146237 -4.393769725248056e-16 0.4045084971874736
1.654508497187474 -4.052377070485475e-16 0.4755282581475767
1.5 -3.67394039744206e-16 0.5
1.345491502812527 -3.295503724398645e-16 0.4755282581475769
1.206107373853764 -2.954111069636063e-16 0.4045084971874739
1.095491502812526 -2.683180324824969e-16 0.293892626146237
1.024471741852423 -2.509232078952967e-16 0.1545084971874742
1 -2.449293598294706e-16 9.494107596574928e-16
1.024471741852423 -2.509232078952966e-16 -0.1545084971874724
1.095491502812525 -2.683180324824966e-16 -0.2938926261462352
1.206107373853762 -2.95411106963606e-16 -0.4045084971874729
1.345491502812524 -3.295503724398639e-16 -0.4755282581475761
1.499999999999997 -3.673940397442052e-16 -0.5
1.654508497187471 -4.052377070485467e-16 -0.4755282581475778
1.793892626146234 -4.39376972524805e-16 -0.4045084971874753
1.904508497187473 -4.664700470059149e-16 -0.2938926261462377
1.975528258147576 -4.838648715931151e-16 -0.1545084971874747
1.271415102385101 -0.1401570056259412 -0.4485651667166098
1.266983957585434 -0.1577511441507062 0.4474002600998259
1.280080239757499 0.1636567606576978 0.4539928852467439
1.248633445392754 0.1448511487030358 -0.4369834603849521
1.044721350350471 -0.1324242444818454 0.2241943469526004
1.047657085837889 0.1347682380855512 0.2304802266634569
1.047657085852906 -0.1347682380880879 -0.2304802266927535
1.047657085837677 0.134768238087463 -0.2304802266635218
1.441909996123819 1.358366291544085 0.1366114668536226
1.441909996123812 -1.358366291544091 0.1366114668536232
1.443344615144744 1.358453800688663 -0.1326614060361191
1.444411125525031 -1.356359913745506 -0.1350267852748358
-1.924853030987347 -0.4681925117119998 0.1366114668542007
-0.4486274513673821 1.929462007812068 -0.1367652781001991
0.2042095310339382 -1.96683652490882 -0.1485946915319329
-1.39900255774919 1.399203722219503 0.1446122735154999
-1.269990706318272 -1.520324644537235 0.1366114668562577
-1.924853030987508 0.4681925117120457 0.1366114668536135
-0.4298296748008253 1.933781236227522 0.1366114668536146
-0.4298296748008143 -1.933781236227426 0.1366114668539541
-1.269990706318484 1.520324644537502 -0.1366114668550569
1.794447509546143 -0.8391790955499573 0.1366114668541753
1.79198259790468 -0.8482105236807479 -0.1307936752069901
1.790252311830665 0.838620959979416 0.1500967511892274
1.79773739368592 0.8323066327931528 -0.1363173026503582
0.3526094473558822 1.949340913375534 0.1366114668541906
0.3474448808270892 -1.949344393518289 0.1397733894283692
0.9446627753694841 -1.741228204387802 -0.1366114668542226
0.9446627753694965 1.741228204387795 -0.1366114668542222
0.9446627753694986 1.741228204387799 0.1366114668542074
0.9519072340305821 -1.73283583123829 0.1496468281493961
-1.686188420030812 -1.035599742368243 -0.1440095768847095
-1.021041660426527 -1.69934380108837 -0.1311349845882687
-1.973371454359184 -0.1755200979331398 -0.1359532718785267
-1.681815130352295 -1.046786170257544 0.1366114668542067
0.3612068441452038 1.948517666407697 -0.1339826635971579
-1.675945515819151 1.058588428785455 -0.1319605388872525
-0.8823123253610152 1.770196836653467 0.1470223927436747
-1.672313976127526 1.054796750614391 0.1493378369924355
-0.8746907569650932 -1.777408084431984 0.1366114668542256
-1.978492217086143 -0.007688303921387973 0.1450203518274671
-0.2748316718974186 -1.961818281861292 -0.1366114668553068
-1.883983999201532 0.6155862831433634 -0.1329344895487489
-0.8767325146742597 1.776766845323039 -0.1354537801033554
-1.387965235224554 -1.416239287134851 -0.1293725366986679
-1.881570287452623 -0.619642374518221 -0.1366114668553068
1.941944939504155 -0.3912969088282775 0.1366114668542087
1.941944939504155 0.3912969088282755 0.1366114668542081
1.941944939504146 -0.3912969088282758 -0.1366114668542389
1.944281078602464 0.3893835474322627 -0.1296853624709828
1.638868912465969 -1.112821686829014 0.1366114668542085
1.638868912465973 1.112821686829008 0.1366114668542079
1.639105736980775 -1.113089392919438 -0.1353862510086241
1.638868912465973 1.112821686829008 -0.1366114668542064
1.212164819645626 -1.567952796611069 -0.1334116598940029
1.208543838462134 1.569613076347026 -0.1366114668542064
0.6573429417638768 1.865306838968134 0.1475166074205498
1.208543838462133 1.569613076347026 0.1366114668542079
1.190802113013999 -1.582679818995288 0.1378305397024294
0.656929623227822 -1.86887851104616 0.1366114668542071
-0.1146607969481437 1.977385205244361 0.1375535956529496
-1.145186014386395 1.616419627255919 0.1366114668542077
0.03938612407814312 -1.980583790743139 0.136611466854207
-1.826391650750883 0.7671746587263069 0.1366114668542079
-1.494456436858467 -1.292080307551667 0.1543840724063159
-1.826391650750885 -0.7671746587263016 0.136611466854207
0.6609214418762691 -1.867577021007112 -0.1362576009402141
0.0393861240781546 1.980583790743139 -0.1366114668542064
0.6553863948654233 1.870547218172539 -0.1328099913787921
-0.5907928353901007 -1.891310061216646 -0.1349780058385028
-1.505955311995922 1.289762489951076 -0.1301163007885498
-1.956639700477234 0.313419744051137 -0.1344540624330116
1.725891702094293 0.135424998950132 0.4433374276366996
1.725891702094388 -0.1354249989503408 0.4433374276366415
1.73764696842833 0.1592389638241613 -0.4359016304171549
1.725614046658232 -0.1504682340041143 -0.4428328071902666
1.941542779343996 -0.1322329813913196 0.2259376111101777
1.941308661467808 0.1401916093317659 0.2252978847355858
1.9419885729157 -0.1279392731296491 -0.2256258391608922
1.941752488795342 0.1354622402935179 -0.2250841354187309
0.9979827644740057 -0.1348441958451843 -0.08367612538581672
0.9939442527524214 -0.2682599044835421 -0.1692279974212253
0.9626366798708348 -0.2715277585117116 -0.01408160270949631
0.9300711885008226 -0.3986013057489245 -0.1083778349896712
0.915492751951113 -0.4088123317636428 0.05115588120188475
0.856322300765522 -0.5197650502007494 -0.04144099265077877
0.8578476119012193 -0.5393183413526229 0.1145349856024874
0.7723054984330381 -0.6361414501462122 0.02377779890842567
0.7960825046081236 -0.6339014040005642 -0.131615922627772
0.6874054314010772 -0.7331373730196894 -0.07050446666479682
0.6797878835815439 -0.7446166557588958 0.09044723694651237
0.5715300118822662 -0.8206147911226691 -0.005252980442821492
0.5745825090114528 -0.8463868900970853 0.1498828137974935
0.4524951256607593 -0.8962028895687215 0.0627871928942941
0.4633782907637474 -0.9394548050905454 0.2127448939951468
0.3287329963393994 -0.9638317233688649 0.1342139947373255
0.3276990564169394 -0.9452668789012494 -0.02139526492802554
0.1957690725528611 -0.9833762912403573 0.05163823504238282
0.2003358057423255 -1.024093180244805 0.2039894579765171
0.06183523890798228 -1.014680403079392 0.127626287616104
0.06098383891388563 -0.999021276578316 -0.02966657889199951
-0.07606839974582816 -0.9997388975971221 0.05120319801281478
-0.07815392492703001 -1.008550374781739 -0.1069579921957656
-0.2122675216578901 -0.9779746557888588 -0.02729706919373003
-0.2134423644102277 -0.9945672734381893 0.1300631996582477
-0.3427512229613019 -0.9425999023264396 0.05452659434912521
-0.3478231680351015 -0.9491675809615151 -0.1037887986640908
-0.4688256163252418 -0.8839147411291342 -0.02347143587073939
-0.4829868650482689 -0.9130776804331421 -0.1785075840312197
-0.5891618998493624 -0.8215693526751391 -0.1042257732683536
-0.5886363452536089 -0.8121290916755057 0.05485923709634218
-0.6892578234033296 -0.7253287795733966 -0.02426051444214997
-0.7039950396933859 -0.7348820470746391 0.1317640204974231
-0.7841963088430404 -0.624551996109731 0.05005060295520792
-0.6974187019700783 -0.7613311661209889 -0.1772750014281263
0.735229046866365 -0.750268975324676 -0.2188912802937832
-0.8161624054988769 -0.6507722901394284 0.2047642821139538
-0.8726330307811614 -0.5218011662236728 0.1283042315874186
-0.9253709378924314 -0.5630418623043899 0.2761879583779308
-0.9613872256102372 -0.4204388145197138 0.2164973466167479
-0.9260899010783241 -0.3867701598891291 0.05997732224840536
-0.9880759779056618 -0.2752130031856326 0.1582034773649278
-0.9687144249231306 -0.2482133239437864 0.002957279824335601
-1.002170106494827 -0.1278100949892517 0.1009030716340687
-0.9977149623207778 -0.1047535828496639 -0.05647015228322537
-1.001678870914939 0.02105994135927682 0.04355025191936707
-1.012078632566166 0.04372692715378242 -0.113372003457113
-0.9862169571861074 0.1672007132936981 -0.01702517211038334
-1.012080763306631 0.1917962246387753 -0.1708454718863954
-0.957477739447156 0.3105237361060779 -0.08080535512689477
-1.039713144570395 -0.00576841293046074 0.1953221472245517
-1.041678561334593 -0.0811465518253664 -0.2069403409583248
-0.9999064216241215 0.3389166100122371 -0.2295018063720203
-0.9193862822511308 0.4484963988597926 -0.1497339121255457
-0.8853940839703199 -0.7054153101509145 0.3385433144848627
-1.035953170629443 -0.473037641296969 0.345782714695459
-0.9789858317609073 0.4845250806116025 -0.2894867052158402
-0.8751240910853171 0.5830569709357847 -0.2211554712373557
-0.8369281185633299 0.5551867016901834 -0.06566838741378202
-0.7673022600427177 0.6780078319685874 -0.1528535420296284
-0.748749552418703 0.6630367514127831 0.01103588377602437
-0.6556903617903019 0.7630996706883248 -0.07790724532430247
-0.6502728253429195 0.7683212531544916 0.08075584647689608
-0.5381781546946447 0.8428613218221012 -0.005046388241939677
-0.5612223492014438 0.8597379917286315 -0.1612152592607189
-0.428101502370164 0.9134879413919949 -0.09353445521845788
-0.4139989126518657 0.9149838770650466 0.06532795226775216
-0.2924162452639221 0.9569513692368217 -0.0251195900559548
-0.2868770362979534 0.976611116870843 0.1324938789695163
-0.1536510463343342 0.9903770098894003 0.04711906080979246
-0.1660145432903 0.9988120109591551 -0.1111674404231132
-0.02521929726865377 1.001480180835162 -0.04236077631886491
-0.01276691345128088 1.013689008854463 0.1165324234796181
0.1164331091129377 0.9940882913045189 0.02971411263492718
0.1280435292431296 1.02774828571436 0.1855256562965798
0.2559340683969413 0.9786022961461909 0.1066931201658012
0.2499866011786849 0.9712211364011851 -0.05356749058881259
0.3792248753723705 0.9256295932552427 0.01734039511723112
0.3829953494637045 0.9435665647004539 -0.1341546462245916
0.4061359623361503 0.9515302168483921 0.1827139902444436
-0.7705736527773104 0.6834295396905625 0.1705332976097277
0.4906568576483389 0.8764737326818232 -0.06667286466402349
0.5165652727335687 0.9126857887369085 -0.2153034290483913
0.4062018407467874 1.005631220548017 -0.278242128442739
-1.083154973834178 0.3851509445796069 -0.3566728303948312
0.5499408236062358 0.9943056723646903 -0.3430606605775804
0.650537510840846 0.8828304979551478 -0.2954479209053576
0.4518792507068682 1.104667071264356 -0.3950550867332481
0.6953676234549527 0.9842696758141372 -0.4037919233168226
0.7849003048608717 0.8587574071573364 -0.369743220417575
0.8564008534174096 -0.6626720102952307 -0.2756501139654753
0.81739568624702 -0.7971657360456573 -0.3488006775432864
0.5987402849372242 -0.9144747946704185 0.2904997848837765
-0.960922687866287 0.6272011069679594 -0.3546025217473674
-0.3527494046568286 -0.984120545035171 0.2082468952646556
0.9444822121242766 -0.7215627802419246 -0.3911669436497341
0.9194671528544798 -0.869757505279001 -0.4416845813635756
0.779083750922544 -0.9371356174858118 -0.4133548394849555
0.4857347097202187 -1.030495865995221 0.346193211745835
0.6325597286523036 -1.026692999569664 0.4043684600018461
0.5435383602321767 -1.139626662907022 0.4400520139936891
-0.6820659453282856 0.8088243666651881 0.2337852755069529
-0.8113445592522626 0.7499756014894856 0.3063891550281342
-0.7423589902586769 0.8834395450689818 0.3608848998445361
-0.8826059377057375 0.8385567775869098 0.4125073291080897
-0.9422432404470102 0.6955099075248181 0.3766265763004009
-0.2171671202893345 -1.062416954046177 0.2779646899090494
-0.3609194920335709 -1.074315086604657 0.3399209955010945
-0.2473893583246839 -1.163638166309824 0.3920201362130071
-0.3901021762999183 -1.199533956369859 0.4393826060824649
0.8446445157698319 0.9776436553326662 -0.4546730071778267
0.9540749964455751 0.8212978934649323 -0.4380218622041943
0.7600099726138182 1.109368146756356 -0.4752818655706481
-0.3646850225254083 -1.005256030759913 -0.2540685315395665
-0.5240751304710142 -0.9831749085941075 -0.3179701732259038
-0.413883492320529 -1.093059451933269 -0.3745695255378075
-0.5691880662759001 -1.091748367090229 -0.4216093497579666
0.0577042912073616 -1.033687312660378 -0.184528691071917
-1.030201634532862 0.7961598550801736 0.4591222613337047
-1.078587856282447 0.6466175536358307 0.4372923010407806
-0.9788385298871378 0.9452025775055234 0.4802066284911115
-1.178864786289896 0.7556907718970554 0.4899555031587853
-1.223152060700669 0.6034497921603783 0.4811233980439541
-0.001514057320717965 1.073715267875333 0.2613087010964985
0.1427262514524119 1.10827448364604 0.3219284149247702
0.01346854392303978 1.176155881531557 0.3810182760659806
0.157878911173066 1.22474414877456 0.4239226235305964
-0.4571577024242892 0.9616737066206188 -0.246181291196285
0.03053595853226139 1.311903525393645 0.4634147848155768
-0.1140157801366865 1.251678255236149 0.4369017424149885
-0.4721621328575678 -1.213563672179451 -0.4592030235013301
0.7007336727626696 -1.145535324579775 0.474665891457349
0.7966686094644564 -1.004187375751495 0.4498880969047347
0.8612581113039628 -1.156119230402125 0.496584522083973
0.9464411722140029 -1.025717341805455 0.4889904684861682
-0.09727769482764871 1.3997942753192 0.490534416925988
-0.2427382203064486 1.337436132543736 0.479791046500094
1.057756587822134 -0.7994500127432557 -0.4687043226288902
0.7495200326119482 0.7599369602524484 -0.2506663361030278
-0.2887658104208913 -1.296322816831195 0.4695199218235641
-0.441787655628103 -1.334575319873594 0.4910457783248876
-0.570806237060149 -1.204755662267899 0.4713352868936404
0.8958603121153134 -1.020570272814685 -0.4794083643637194
0.7520717029000077 -1.091045508009773 -0.4684265890891048
-0.6285063476389769 -1.224402539129133 -0.4844548718633165
-0.7272092146219612 -1.094848180691426 -0.4642579777723307
-0.7861619665896828 -1.236653815447925 -0.4988006017571156
-0.8796032141519331 -1.106422118822617 -0.4924540429195146
-0.9413807363564421 -0.3716053801863184 -0.1092041732484932
0.9182736190928947 1.113990432650611 -0.4968175072671209
0.6087580181913799 -1.273200848469664 0.4920604106563816
0.4521077628486891 -1.259897698715068 0.4732200533454032
0.5168956982305755 -1.402967500730182 0.4999765594281275
0.3612847740456183 -1.393643165334184 0.4963519363483421
0.1759010441091839 1.36949111284712 0.4855691606797236
0.3022338233335337 1.276632639564957 0.4632776854066578
-0.3166056320340109 -1.202984349038307 -0.4294626461580937
-0.3761661814329045 -1.340221723390468 -0.4881991658243997
-0.2205078565088404 -1.328905812782038 -0.4760402515448153
-0.6965733219313234 -1.367251036973487 -0.4988105928738076
0.3217609587809066 1.429712039097156 0.4988063558284763
0.4473431004014434 1.33355077583132 0.4911955995563081
0.1968097323551874 1.527187543158582 0.4984120988053148
-0.03793451538079925 1.038949159310608 -0.195115408165912
1.077900457179803 -0.644881291186598 -0.436467490599424
1.197672248812119 -0.7299645195614819 -0.4904200942384787
1.185309175533902 -0.8869471624377593 -0.4996163406175566
0.8754748467148356 -1.176196115014983 -0.4988597396347932
0.7295923748738607 -1.240913311633744 -0.4963267036620689
0.8341117889014981 1.246787617569051 -0.4999999945321744
-0.3291905064985387 -1.445946371611137 0.4997090587294029
-1.332562320232396 0.7170108560318502 0.4998252697602206
-1.289147290321518 0.8697290699197336 0.4969549521952905
-1.375889571077449 0.564239863726944 0.4998333220669003
-1.26863985228003 0.4512066666186932 0.4758514368089106
-1.419160692498615 0.4114501360071657 0.4994980870039479
-0.4881484839200887 -1.485886907271977 0.4958849033093669
-0.607130236734348 0.9192622739834493 -0.302197975238066
-0.5179845443071066 1.038739499617508 -0.367279181821455
-0.6722962049985365 1.012697768089128 -0.4111968522164413
-0.5962093481653395 1.1452033679786 -0.4542725632522606
-0.7531571822817352 1.134464371445661 -0.480495556918606
-0.4404298357540904 1.158256854410005 -0.4265755244326314
-0.5210460610982804 1.281337759937144 -0.486172748587127
-0.3655680127550343 1.296202118090572 -0.4759406294913442
-0.4467225287813559 1.420919704443214 -0.4998894808568755
-0.2881032428948961 1.426458547642921 -0.4979944886057507
-0.2797098069394369 -1.468601977279047 -0.4999750139012228
-0.1225895025552868 -1.449155270712689 -0.4979099908562328
-0.9456969909803914 -1.249524603656262 -0.4954835210378675
-1.03435791050003 -1.118516880303152 -0.4994486169168712
-0.225306474349165 1.492647530357452 0.4999086723701144
-0.3702055020258606 1.426094899510659 0.4992899705433263
-0.43066251999871 0.9590334770789527 0.2205932098119361
1.01490015435081 -1.168087242480363 0.4977480655802989
1.107770903450398 -1.038054465004438 0.4996712577233947
1.327701196612226 -0.8191031068195967 -0.4963822811760885
1.339627949148085 -0.6618583669684934 -0.4999664593352736
0.6065202928707031 -1.155824931818933 -0.4605327628226611
0.5841917771949554 -1.30376087909244 -0.4948845901206252
-0.6053782133393849 1.4152882685002 -0.4984510888279345
1.043485561738667 -0.8984668314555837 0.4846326806088447
1.1953054445147 -0.90708857266328 0.4999997280333732
1.125074189388073 -0.7651439728448589 0.4801751128850064
1.281277669592234 -0.7759372766654444 0.499995655228807
-0.1742137089422062 -1.40541337537892 0.4929224214109265
-0.216440490662591 -1.557389100339379 0.4947367275213011
0.92966983781186 -1.299481218704877 0.4903435905053316
0.944543981434437 -0.4415087866491321 0.202038888686298
0.3419585740091325 1.586211963469646 0.4847227488494635
0.422729999701462 -1.533123222316064 0.4917717672178399
0.8547701672813898 -1.335706338386768 -0.4925843516920332
1.001323474352853 -1.27140855901481 -0.4857859955732128
0.4617139723395817 -1.219684401290565 -0.4600469206827206
0.4409703956331123 -1.365842287325335 -0.4957914160721162
0.5632221829449162 -1.456779046884542 -0.4961578750628668
0.4197182619545316 -1.516423782527951 -0.4945775803754143
0.581819017163496 -1.544625052942377 0.4767901037076839
1.314523959050392 -0.9756126031198611 -0.480862740782602
-1.317654812138405 0.3062298974227163 0.4778323901094659
-1.467360257827006 0.2639307894781508 0.499917322134939
0.9960264744211292 1.251839657156097 -0.4899507455349089
1.07465863865177 1.116215304578341 -0.4975476463459415
-1.343742911693316 0.1484711699680305 0.4775692878905277
-1.505420758934698 0.1057870942489346 0.499916580389611
-1.399906791305232 -0.007872401179912348 0.4898834353533977
-1.548436293111602 -0.04705401118919515 0.4975783078483337
-1.445835098815621 -0.158181347408188 0.497921996320206
-1.5949468322089 -0.1963487975828042 0.488419607792679
-1.489823619481633 -0.3081770758566515 0.4995433835488983
-1.616607621783672 0.2222926358974058 0.482310763802889
-0.5310884841895743 1.55712552379768 -0.4784515811222118
1.216798016767237 -0.6450467644090343 0.4846858969986075
1.372443186423231 -0.6521502042597669 0.4996193491835053
-1.529196818538523 0.5251649953253528 0.4861516066173492
-0.9626250422631326 0.2926619522635646 0.07805527541005931
-0.1867845706059423 -1.592605409809928 -0.4891659702088187
0.26710012225604 -1.515222354743164 0.4985090385723421
1.438302928358264 -0.7890982413472577 0.4798403977480775
1.524834101492598 -0.6558039757564028 0.4737496640324297
-0.9666299501570677 -0.9757132220205448 -0.4837224277047907
-1.124186771866591 -0.9875256835171397 -0.4999865294585443
-1.057058034586825 -0.8452535499139662 -0.4780407083074402
-1.214000692175609 -0.8565123409698567 -0.4997964931364422
-1.14807183154038 -0.7152621211430371 -0.4777956878372629
-1.304609253611363 -0.7269008315996767 -0.4999570834695026
-1.23609432353575 -0.5828702955881103 -0.4818831899408931
-1.394579676543061 -0.5973841695291773 -0.4997060601014853
-1.325828771038901 -0.4529123762959769 -0.4901118600857398
-1.483229241087182 -0.4632468476251435 -0.497087646496685
-1.415714149547301 -0.3239091872554739 -0.4977191274233229
-1.572371708514327 -0.3319902329492724 -0.48840856029325
-1.503924059670617 -0.1890260359364891 -0.4997516642570853
-1.281800709096989 -0.9993063098532837 -0.4840432834057283
-1.46111415822536 -0.7369387239637663 -0.4810242652825541
1.260277117786203 -1.047945519067414 0.4802757704388357
-0.3497654833777571 -1.607358768158481 -0.4785213255261171
-0.02917281222603582 -1.574626461430965 -0.4943586629582399
-0.3546578821448474 1.583224156193012 0.4847712960384713
-0.5003236692234827 1.518869643315653 0.4900701773200202
-0.5157135128850273 1.361992290419906 0.4980918788171749
-0.6435420349959844 1.452460116970946 0.4920796780822529
0.3143585918767142 -1.271745155011632 -0.4625021901075366
0.908328368485829 1.384309228599369 -0.4751364973116701
0.7519995374478937 1.383011345158577 -0.4944580817376877
-0.2118161476591639 1.648759095465641 0.4729224561142706
0.2155495305099683 1.678883384825593 0.4613898874985752
1.469545332660847 -0.7498276126079935 -0.4770357927236701
1.481475362697435 -0.5936871954754909 -0.4906963756976396
0.06996429925351988 -1.078412469110621 0.2723424773652477
-1.440937620340434 0.8298681740924871 0.4727456681219491
-1.399218916264373 0.9772570529872775 0.4552720985575842
-0.09287922405210884 -1.712643205273265 -0.4513382772170786
0.06557017355166646 -1.696474045087568 -0.4592369739286685
1.458877815950217 -0.518324372468123 0.4976694165324155
1.610798340721279 -0.5246094133002891 0.4607985750841709
-0.6600589075121873 1.298098793288599 0.4980844961410896
-0.7879531173041907 1.386756992480136 0.4908956804570158
-1.635087973596538 -0.3488136910958305 0.4695286670243297
-1.527280753016559 -0.4635311565428556 0.4906832606906738
-1.733552063307672 -0.2358836106291413 0.433285590776296
-1.659543201013352 -0.200447146800171 -0.4696294109765081
-1.594416883169892 -0.05763650180704782 -0.4908031319774119
-1.434597588575985 -0.04607383807615351 -0.4958010988232279
-1.525877217550404 0.08535512807348547 -0.4992005825565445
-1.6790671364256 0.07357672163801816 -0.4662137977354293
-1.612084042034135 0.2166405634298763 -0.4837133701941796
-0.8239352616337909 0.9921829471797957 -0.453617740909383
-0.9097331369892359 1.118724088770283 -0.4966162579522648
-0.9817044161229047 0.9746415285335763 -0.4862034832103009
-1.068119051601619 1.106631217469074 -0.4985522491501785
-1.138745081743566 0.9636202492231918 -0.4999318569767977
-0.9986033193498943 1.252680423374398 -0.4894846094955509
-1.225279374378748 1.093226391727932 -0.4793860218386953
-1.29434796527117 0.9504190117402499 -0.4886755259598328
-1.102974978261537 -1.259545376290151 -0.4686660153435315
1.147919124032583 1.251825530498342 -0.4589241727111115
1.230869715867102 1.118160458072053 -0.4727103767684867
-0.6883078825270196 1.545652182108596 -0.4616733779805526
-0.6264598576536872 1.60401342418272 0.4480095052145005
-1.009852248183334 -1.387621237141019 -0.4508476785285059
1.083476891236821 -1.308674581592079 0.4586990484358057
-1.720135737236874 -0.3421429819265923 -0.4307772199589354
0.4874580501470305 -1.666718027649492 0.4405107941042296
0.2078660851512646 -1.372307087140302 0.4872855497992362
-0.6097222591886434 1.674725193718322 -0.4127068169659246
-0.4528965188702297 1.685557496518954 -0.4356686974378843
-1.36643311807484 0.09689178409072603 -0.4827676786264968
0.9886993327768897 -1.433917570601205 0.4376796473007319
-1.670201903033236 -0.5009941394187207 0.4365766276832437
-1.561530046709399 -0.6180292561348391 0.4667127374559339
-1.411944722407724 -0.5796221239924262 0.4993085551575572
-1.452773416732561 -0.7345270026291126 0.483363065398179
-0.2072425896662434 1.289022366819672 -0.4606508743182963
-0.129519374328459 1.431718011438518 -0.4960864945934243
-0.04322794807174164 1.311316276584295 -0.4633214334630928
0.02772046935539561 1.442413936005627 -0.4967035832124621
-0.05435262770773117 1.571392997241442 -0.4947403143577873
0.1031029269906246 1.578070926610906 -0.4933236954474394
0.187573444070488 1.441225995250607 -0.4978219195164935
0.2530700645365656 1.585705631614268 -0.4886840291684783
0.175445665490251 1.712136000838713 -0.4484574263926326
0.3367220672794557 1.710723666034518 -0.4366746033380526
0.3063221773432629 1.101041130804669 -0.3499281773475092
-1.299009783383327 -0.6911355077725372 0.4991828633549019
-1.345301581232826 -0.8479460767734808 0.4917901559440174
0.9774744563120298 -1.422833245087309 -0.4458863615411391
1.11787403584938 -1.358016815882676 -0.4277297163275562
0.3407650994731808 1.450504651904114 -0.4998998865827238
0.5397884928468917 -1.607891527813526 -0.4599485853170973
-1.175998846006678 -0.455280989008965 -0.4392086255241663
-0.06273463562627647 -1.304681585946673 -0.46090920152388
0.480225853810037 -1.08393172806044 -0.3887417552478231
0.8228009298124119 1.514649674114475 -0.4471635988230231
0.9613532098274681 -0.775535576016363 0.4241076764774074
-0.9995716481346417 -0.70980117439058 -0.4182084858349046
-0.6166345843755368 -0.8435569442408134 0.2070955609747517
1.604356371936902 -0.6779602298836881 -0.4376886096807123
1.619689582433478 -0.5224891047821313 -0.4574332913536011
1.726884280015005 -0.6034426616463814 -0.376262426545074
-1.377990180115565 1.074626028059102 -0.4344592351343773
-1.447039968033201 0.9332550780449936 -0.448070106592532
-1.363936907679683 0.8067840958448941 -0.4927763814666502
-1.515284613408226 0.7898560791151286 -0.454320508339624
-1.429919235377387 0.659152498509287 -0.4944137742546645
-1.578272062191237 0.6420032469883405 -0.4565571747300537
-1.304722635188943 1.214402397987267 -0.4125899912930298
-1.654512170676245 0.7665173222237768 -0.3812898808025615
1.351549833344911 -0.5048168429915971 -0.4967116014948448
-1.292518086756845 -0.1469661667282561 0.4586261561834034
1.59508116902443 -0.8172803156114321 -0.4056825873925257
-1.487121073762159 -0.881215317092611 0.4446802343467392
-1.377267866325496 -0.9965438774413431 0.4582618727311744
-1.226800621073679 -0.9440875785519868 0.4976895104960787
-1.265426415312779 -1.107433266712528 0.4658632618382016
-1.118356897046002 -1.070844687264887 0.497655444777668
-1.153569736956758 -1.219818880411622 0.4669018571924253
-1.003555129436026 -1.180126644387332 0.4975798137071687
-1.038880936178837 -1.329775849122713 0.4635218545930473
-1.173055509109885 0.3546573526936331 0.4179087133499789
0.3733482258590935 -1.672938894338745 -0.4518455029699936
-0.9719666351403879 -1.038143061709191 0.493899397246189
-0.9968412553014393 0.5536780726816318 0.3472833921953833
0.3590709750284167 1.729258953742523 0.4232809808708586
0.4891600311479699 1.64106843040336 0.4526341075468551
0.6668912005113868 1.514329178099282 -0.4754753666570494
0.00237790492150133 -1.820298369566384 -0.3839374421718235
0.4301345407498033 1.186175796554285 0.4395906031926991
0.5726071651197164 1.237323758809972 0.4809775326827061
0.5560765827706644 1.092926037693316 0.4184080238221597
0.7000080824556589 1.140147710466325 0.4729906573246535
0.718940145087368 1.294321954324729 0.4996230771272905
0.8439834625208371 1.196817283071001 0.4987361993286642
0.8302808328547309 1.047180589970337 0.4724760638080449
0.9702476594275993 1.10309447046136 0.4990430775727233
0.9505302872398047 0.9549391441286861 0.4761357924002883
1.089444778034768 0.998609370008389 0.4995101858090476
1.067197816357641 0.8491199024739804 0.4810884525714478
1.212600489643958 0.901700161291654 0.4998764813439853
0.934837851780315 0.800216364522087 0.4211887039114988
1.188895711413444 0.7470047678784946 0.490716482143991
1.335702204286714 0.8031707625583288 0.4965560705579569
1.311521333470324 0.6467173291699447 0.4985769484481425
1.457810389963639 0.7031319048007948 0.4857500496993278
1.153479401412889 0.5813636313632713 0.4545466354389349
0.8657737898237897 1.352017035071034 0.4887508228571856
1.433858670867951 0.5470829344314221 0.4987956726738789
1.576909729341261 0.6022984205468236 0.4633021769338826
1.112636080462854 1.160270601608547 0.4882980752196031
1.357379301137248 0.9572580115032744 0.4733800236672719
1.555416479320732 0.4480669112290604 0.4857139398554615
1.694216156888894 0.4903009070719933 0.4247864386773694
1.595233132718333 0.7538652243709858 0.4243777933770347
-0.5278058305737446 1.218073627323264 0.4693049565513528
-0.3398564005486674 1.730581588294583 0.4248477387819281
0.7340707056043355 1.638511638727785 -0.4033847477426389
1.582946793316381 -0.7923405660299637 0.4207193464173322
-1.756083901561989 0.2054695658320921 -0.4220686903909148
-1.816033118965712 0.06041104036839887 -0.3866356620990186
0.9737936639257914 1.526779599959438 -0.3915943412464447
0.64452338547539 -1.673383606337703 0.4049993391412949
-0.8901304956526573 -1.29034520588606 0.4954111969765719
-0.9242540006417872 -1.439114948841814 0.4535998858541289
1.745150163922262 -0.447555776656878 -0.3987755252367695
-1.274588302886851 0.68078368407899 -0.4969664356183131
-1.327281328994089 0.5148886322367978 -0.4941366584362358
1.069479790047967 -0.2711570671024072 -0.3043752846189859
-0.2590758285546151 1.19202960485334 0.4141506535159074
-1.157044857024579 -1.388101768945353 -0.3945818964905548
0.741701664539671 1.450007872110241 0.4831540654779659
0.8845776459755104 1.500605775067321 0.4375766473963681
-1.281190575248594 -0.04153410453102842 -0.4499072405608256
0.759927552103552 1.595287486054867 0.4227166706026431
-0.02961551286533407 -1.507735114568816 0.4999355800382289
-0.1033854094153958 -1.665968942831933 0.4705106129209383
-0.2557650554527877 -1.703674712761722 0.4476329206989622
-0.1434143810141553 -1.800141746211476 0.3955483870884419
-0.002641403563374311 -1.767620585105854 0.4223483942119292
1.546056779661328 -0.386015100766554 0.4911765534944217
-0.8229855522163483 1.222750168431252 0.4993190695772192
-0.932229553225641 1.320818142373397 0.4861983014053175
-0.9119472217477083 1.475039711600257 0.4417673928508477
-1.053138299397291 1.40938430629392 0.4274519534059076
-1.07544560986164 1.259278352397468 0.475038152690694
-1.195137884170921 1.331873011494853 0.4076776533835639
0.686062350529004 -1.548650031672312 -0.460908862813073
-1.30482481041256 -1.255766908572743 0.3915530669552779
-0.1943867851161 1.788092578626073 0.4010256207132656
1.010096084008871 1.405065446489295 0.4437191648912847
-1.228188327709589 0.1164710760615569 -0.4231826210232182
0.2129807352829535 1.820675659281343 0.372895082652281
1.495713108788721 -0.923499480134053 0.4283893441571756
-1.69329279175605 0.3475858588093828 -0.4446821845589316
-1.730729075495923 0.6150513159145795 -0.3695785574050452
-1.250669323424133 -1.261614722991272 -0.4166105729091413
-1.069048695229577 -1.46718801485888 0.3880110982399144
-0.7638250681845817 1.40868563731975 -0.4893928960800341
-0.8440425176407346 1.533553598666547 -0.4327328741517435
0.1527041193045346 -1.8029020264516 -0.3928078259218686
-1.798059173493051 -0.2091028433155542 -0.3921609687258348
-1.843343938626256 -0.3505246427367759 -0.3291528619254482
-1.768584373696561 -0.4830040202288403 -0.3726603200580658
-0.1855778393750419 1.056183796956173 -0.2590887348764808
-0.08418112650072514 -1.066958657704396 -0.2556088571073564
-1.538607474708157 0.9328524704367116 0.4005144496397864
-1.493267640020075 1.064927678913 0.371991729069504
-1.586763659775269 0.7835204227640901 0.4210456311943092
1.294627311325363 1.244985857539447 -0.4028802749050521
1.379683221206905 1.112595619449519 -0.4192842820469659
1.312551794035911 0.9829372997534438 -0.4800570532016951
1.461694055676494 0.9777476475391478 -0.4279553027395845
1.392555256785664 0.8467368511381692 -0.4828642675990985
1.541105255290232 0.8412834886040443 -0.4296237947890343
1.47109154287497 0.7098601775802523 -0.4818745829746366
1.617867704907439 0.7035939360914759 -0.4244733064266979
1.316754548254387 0.7120649316875584 -0.4999907375188365
1.547997240465371 0.5723670077167918 -0.4768360452030387
1.691376945336024 0.5648421436426105 -0.4120651646237292
1.622631451411195 0.4341583591852192 -0.4665878793475889
1.470364064996811 0.4398726099260032 -0.4987909568288089
1.204383638623336 1.375734390230336 -0.37699941975676
1.760515840276575 0.4250640844986059 -0.3914264668139066
-0.9541791376535732 -1.570117116668199 0.3690782325839015
-0.8092409823784107 -1.544936996857875 0.4363953166316059
1.812082548612049 0.5567440188637169 -0.3056737125546772
0.2120143577639318 -1.109011126010381 0.3353051773320195
0.5064792532382818 -1.746878566478282 -0.385167299157679
1.693543742360836 -0.4009876618591026 0.4384325749874133
1.746380086239428 -0.53221131141963 0.3793879873517249
0.1232779851803145 -1.562112367125451 -0.4954948281648371
1.410809268386853 0.3924981288674175 0.4987303036326584
1.018795635079475 1.537791274319591 0.3622346784243682
1.133566487713843 1.448061596897238 0.3675474089715356
-1.695051903848048 -0.6514351391897877 0.3875486911739394
-1.298242859732287 0.2394943366416404 -0.466533426118401
-1.510154411269628 -1.028079978896668 0.3783452467747822
-1.615516263163971 -0.9063238228545966 0.3547218260980582
-1.061335036331237 -1.508100042877276 -0.362736596242857
-0.9137314773022686 -1.511562805008416 -0.4231992814756002
-0.1512440631377698 -1.829570168797289 -0.370447053667047
0.0549587784024355 -1.114936877276183 -0.3205730770379799
0.1908081174767419 -1.064233000589791 -0.2731463943130794
-1.244765941687134 1.021904784136753 0.4876353991661261
1.623536048477749 -0.9218128532100612 0.3395981085960729
1.145545863213762 -1.208905365098088 -0.4718325122339086
1.260267657283046 -1.288545144201652 -0.3981934608647619
0.4882539398391649 1.780450580077017 0.3607720681142517
1.637951511459093 -0.3760709491194596 -0.4662559209923751
1.138740099563328 -1.429912007784027 0.3774295619494597
1.22927376166626 -1.306206199295581 0.4046627574641837
1.038241340963047 -1.545906263185064 0.3446949085285154
0.5956044751491872 1.374360819431656 -0.499995459973033
1.388950059087685 -0.3740775786090755 0.4961961827286214
1.545955681030565 0.2852808189661516 -0.4947805042649738
-0.06389987817322859 1.708721964265942 0.4538007529204941
-0.04470622385136581 1.837783963933509 0.3681499721862219
0.2460700650580629 1.825211979312423 -0.3649991030624686
0.09413723200537873 1.824458700320751 -0.3783460557818985
0.4034418801818414 1.815021671773411 -0.3476916647110093
0.8350355662191908 -1.427680308105312 0.4757088872974675
-1.66085005408947 0.8790158233501425 0.3259878478604112
-0.04827382639771567 -1.922439924650908 -0.2665185661456701
-1.516200012433397 1.048587780004673 -0.3633526663872511
-0.2926319515603018 -1.827508547345922 0.3562960605920478
-0.4178250879946084 -1.730954550597321 0.4137934403702518
-0.1873305128509673 -1.912424991072946 0.2688344793992195
-1.708341256312007 0.7353753083008944 0.3470966941630411
-1.543496692637448 0.3598885134358596 -0.4927396103448981
-1.266454859185839 -0.5453383881705609 0.4851074380991091
-1.146989694881476 -0.6747046018149722 0.4704718539031647
1.53628512708743 0.2646117672865702 0.4965178268050602
1.537092104880696 -1.050993713722297 0.3448447579057077
-0.5267087591162902 1.78970746715143 -0.3410782485996176
-0.3667176222139172 1.804023543170358 -0.3657516049372592
-0.2948189107339995 1.69088481848266 -0.4507476825647383
-0.2113186675294183 1.809625796289838 -0.3825780852442523
-1.193960627501953 -1.497931403685448 -0.2780581183383385
0.5427833478756555 -1.780786210905412 0.3452465491149372
0.3879493297643981 -1.77842986062705 0.3839773918757315
-1.075278079129711 -1.584534456783 0.2789798187634826
1.593669129777131 0.9544225280415751 -0.3494527930567733
1.107380984598129 -1.483527466815798 -0.3558365853902457
0.9480555725107608 -1.561242634389935 -0.3786351223611543
-1.02232918125146 1.54453930360336 0.3548711380529627
-0.8889496875308447 1.605495213795715 0.3710276644247912
0.09249229657451424 -1.179216405255783 0.3865338001647903
-1.077450322445832 0.5382766732556992 -0.4032812435452223
-1.048143110816679 0.833679943229471 -0.4734593100638458
-0.6786726352756046 1.771466503991915 -0.3039309508579898
0.9015074581222913 -0.5814277430286555 0.2597114004313169
1.016297314645407 -0.514238756928003 0.345937700549209
0.5724334708574403 1.650493772925198 -0.4347633436258183
-1.823762082101009 0.302703462999967 -0.3583289909080998
1.483337099775704 -0.254098040148159 0.4999755617775299
-1.788285598308921 -0.5303713027793313 0.3414272309317329
1.270812073846401 -1.415124381593462 0.2973372735154456
1.819594613429142 -0.3947911736952887 0.3449730740048438
0.266130311936248 1.317835446888885 -0.4751849155023177
-0.0236650398244826 -1.362908491580898 0.4808972907795547
-0.8299632633796438 -1.668724311093653 0.3430777957053909
-0.68908995678288 -1.646163106608182 0.4111187932659348
-0.7032338945232777 -1.761597414250041 0.3042497893754991
1.360552817101911 -1.293178613408835 0.3283497720444081
1.832668367952991 -0.522704210906113 -0.2921725747158576
-0.3213695987270541 1.850754035660632 0.3267670456983554
-0.4685505158874411 1.794488318665053 0.3524530195135714
0.6408934614320201 1.751236008782415 -0.3419104806047956
1.851414663652295 -0.5258077519163119 0.2639834967600889
1.779976426150782 -0.6610134252161247 0.301658336781126
1.041410596452639 -0.3549135978661101 0.3003025740415739
1.14102280817008 -0.4052130653968599 0.4079041786175516
1.428905563903391 1.226602341130079 -0.3212191384336223
1.851025558152207 -0.3682669901639049 -0.3162208906620364
-1.765764698092309 0.741611870921475 -0.2786141572358984
-1.067685215103606 0.07243138765414331 -0.2553815570035292
0.3752565598011685 -1.804526206397253 -0.3636771045837272
0.4791193946263173 -1.855829546506532 -0.2763666827948141
-1.702757999728428 0.877408433488408 -0.2781010649888049
-0.05682928385629397 1.12184687839332 -0.3287644678784036
0.0866745999733373 1.077871674460694 -0.2733732902633105
0.7988293879416506 1.732090775973472 -0.2898371451372044
1.396610940105104 0.3067261649550391 -0.4950610599547182
1.321253752669743 0.4485660447486611 -0.488919705255941
-0.3017282355691675 1.903113803413073 -0.2603267606568944
-0.135515495556905 1.909255218804533 -0.2802776460416107
-0.9903906227517333 1.651035071451536 0.2629023280609407
1.035732156787819 -1.6211840876831 -0.2653292606044498
-0.9566482991444522 -1.621420466571114 -0.321897096006788
-0.8128494812141752 -1.628356697560342 -0.3842172417555472
-0.8493662207774828 -1.726350216880827 -0.2650263657730602
-0.7063038808051213 -1.735141527567018 -0.3325382109174992
-0.6614852051307084 -1.620275609788183 -0.4329540077425349
-0.5564669580662288 -1.729673282425021 -0.3866809293079893
-0.5731595784985969 0.9524029216495362 0.3148341065077515
-0.6855792628575128 1.023809000580227 0.4222068082019751
-0.5015975724202635 -0.973211186876366 0.293035180895621
1.806602577663828 -0.6653657348602684 -0.2630140318957878
-0.2917603930091164 1.06017790026768 0.2994544622544877
-0.4443327167714201 1.045120477865675 0.3424200182990607
1.141873769718919 -0.2593529736917875 0.3764711523448495
-0.06886631331568616 -1.138795351824523 0.3478933111015754
-0.589439155189736 1.860956114296942 -0.2136079117307877
0.415353978474626 1.059508199909947 0.3449149966846011
0.5448221162591881 0.9675301015380393 0.3133638767499891
0.5554237114663823 0.8697769863851923 0.1759787480195102
0.66487703888335 0.862666152283158 0.2849645310900355
0.6705449051300235 0.7742431972401757 0.153816726091042
0.7739046088988576 0.7496984183169518 0.2673610156861769
0.7759253835363273 0.6607810810614153 0.1370953211997694
0.8704030688733986 0.6254439083150257 0.2581768481256629
0.8671366660476012 0.5335601592235993 0.1334636309325163
0.9519383148500317 0.4908639451546941 0.2568973269958079
0.9387774336633934 0.3981115258709952 0.138980460467514
0.8901177157856913 0.455732719360412 -0.0009642221164369346
0.9579722444971021 0.2868669569841094 0.00131761661644328
0.9427844598216512 0.3848154787922994 -0.1340174001778916
0.8734796508948398 0.5266925682630522 -0.1399525321076879
0.9621423755358697 0.4757031503334593 -0.2606576963499655
0.7074010569485434 0.7089669866473762 0.03900945556923452
0.9859833064926354 0.6024824589340305 0.362367482809016
1.015323578164181 0.3643778820941623 0.269313116975178
0.8840718868091179 0.6222982407979779 -0.2730319058999507
1.018116438430614 0.5716376911717381 -0.3735263094213302
1.07344469299195 0.450638511564122 -0.3704557686362908
1.133947013731774 0.5785958554140271 -0.445516849575087
1.073201723527759 0.6984234121268158 -0.4492200515603072
0.1615023110912416 1.913883833388996 -0.2702283738560862
1.251131299679334 0.2918800527706251 -0.4512843232928884
0.6979260693686924 -1.783297020824313 0.2788723459192053
0.7934617694643609 -1.669319875941471 0.3587305032782719
-1.14186289415827 -0.02152889551246421 -0.3491176459032272
-1.085805684376805 -0.1950064353202037 -0.3041911016855124
-0.4528408628541761 -1.835146114282205 0.312650186218055
0.3550731999555787 -1.901652705259312 -0.2473743843209931
1.159900996510178 0.2146363556988029 -0.3838478898975435
-0.7300293890690563 -1.816126787684581 -0.2020434080383061
-1.194452906566143 -1.492409309175559 0.2839558542676118
-0.6571070458456514 -1.509476878593753 0.4781168673880565
0.4277040065468337 1.318761249405876 -0.4869204406910503
0.2665732198075351 1.040073940039787 0.2612694318348123
-1.203803611879427 -0.1777403007851242 -0.4121026535375567
-1.870777184887991 -0.4836117806076382 -0.2512729808488907
-1.929681232106087 -0.3352109507688639 -0.19925934015574
-1.799865775166714 -0.6211833149522121 -0.2945301834924252
-1.683929215939693 -0.6126181594770796 -0.4059461438461704
-1.717090665264436 -0.7511480442783516 -0.3316243958422287
0.06598696497527762 1.190281582826378 -0.3939585029978798
0.2066170951164743 -1.17247567611824 -0.3927284525064846
0.1153576631547253 -1.509271207374124 0.4998130049178217
0.1832544217189113 -1.638578872774421 0.4773470777885838
-1.002004929681256 -0.222085480867598 -0.1600896224046614
-1.019451850298765 -0.344135582220452 -0.2649500570791913
-0.9326564997737544 -0.4846728013703541 -0.2201480297722572
-0.8601707284149355 -0.5171123627595635 -0.06024561262351133
-0.8620824772693538 -0.5975158038526052 -0.2156790308777978
-1.043251370595152 -0.4621619784669254 -0.3480604739574294
1.46309648600852 0.1665632939970383 -0.4992457637521729
0.4442646195805527 -1.870455167886752 0.2673965745770845
0.2973380543504657 -1.884477337658796 0.2893214013965097
0.1878475001022407 -1.951100045544661 0.1956726559249827
0.06978847610690785 -1.914236185384071 0.2781243706392304
0.2221525831812481 -1.675042699002178 -0.4626122823755056
0.8944893692690951 -0.530820444032056 -0.1962766328382564
0.9701571226533016 -0.5697588949839477 -0.3308222119874034
1.093849148591578 -0.4981729485605186 -0.4014546196867955
1.004005534776664 -0.4091884081719432 -0.2776686192081986
-1.00898312220841 0.1503405237326903 0.1404181442035251
-1.080484814972527 0.1242967602344305 0.2827279568147245
-1.126875303382716 0.002496792752751937 0.3328363335379212
-1.01807477081654 0.2770060953116956 0.2281500351914596
-0.9465327539641402 0.4083689104409088 0.1729607878337078
-1.190351293464644 0.1065208129336149 0.3962837436993684
-1.069203811749611 -0.1472420677721618 0.2701981460530586
-0.6899124695354782 0.8006212162275824 -0.2315934602134221
-0.7493781527579086 0.8799603865269057 -0.3626755903756549
-0.8428541369024731 0.7297482341355934 -0.3188652435312523
1.287494337913238 -1.140974276114089 -0.4488472207127559
1.394322134537228 -1.214480976715971 -0.3579705115970371
0.7915764968952742 -0.6646613540495463 0.1802461805723866
0.8471616851483068 -0.721441911769824 0.3162587788928304
0.7063415183738342 -0.8083305483686701 0.2608902556906283
0.8016426185504686 -0.8567099722778426 0.378488018359399
-0.6228303439244216 -0.8679231995012273 -0.2522146865039928
-0.7658702866602155 -0.8193445744439428 -0.3267697054857125
-0.6615909640535963 -0.9702939841487956 -0.3794376111274457
-0.7538619111956788 -0.7797881941415652 0.27829947029179
-0.6783908711496415 -0.9106477286685288 0.3423193046340085
-0.6016981487596093 -1.048527338060269 0.4065260707282211
-0.7516202516798728 -1.007088569111804 0.4367826311056151
-0.8316302615914344 -0.8700370752337458 0.4026505273178805
-0.9890644795015633 -0.7860359823446286 0.4404608352182488
-1.058300213139343 -0.3112261289248787 0.304108039967695
-1.147645726535125 -0.3749239897538806 0.4053978517992565
-1.158286970382896 -0.2252296755469681 0.3841723169012609
1.333954535231422 -1.372367667976598 -0.2805831474284804
-0.923097114510485 1.398681451217378 -0.4680625630806139
-0.9959099058472058 1.515228505734919 -0.389737659526147
-0.9075555543912469 1.636573767671504 -0.3347884557929305
-1.053032355101692 1.608797807751996 -0.2669300710165651
-1.141227830816277 1.485688784120872 -0.3325109882656173
-1.078653965557857 0.2279563850987593 -0.3032763263130374
0.7968294700586087 0.6044176939199246 -0.0113556853372121
0.6096819714170708 0.8235897817640981 -0.155212450834753
0.3272042829983797 -1.086162582252319 -0.3410572116662458
0.4161029815007539 -1.000508619196724 -0.2767663260401243
0.5630375589102821 -0.950340256598929 -0.3060471053957176
0.1540490173417706 -1.300886379789181 -0.4624832812843299
0.2952695348542086 -1.410692879454433 -0.4965379572135368
0.4586854429149629 -0.8973758078206302 -0.08801366759477941
0.5981460136531364 -0.8401917486129892 -0.1742852810976577
1.861150594109714 -0.6497068094146695 0.1669786241255322
0.9889538519121724 -0.2786153872485774 0.1633945027959582
0.627445523049213 -1.800858079601368 -0.2903851405579299
-0.3105873644033795 0.9871765628570717 -0.1834825354114033
-0.3359570610975031 1.068909896252653 -0.3255012269471808
0.1068947632122635 1.011450856477472 -0.1295834931472954
0.2453113641130834 1.024939627883316 -0.2257956061632107
-0.5428219487117821 0.8698114931156525 0.1570164776911223
1.058876939530712 0.4580354144017965 0.3606580735695437
1.123409336872103 0.3166622267264003 0.3731419835600852
-0.9080258311988825 0.4192833478053857 0.01243712325064256
-0.8575568535874291 0.5435801863706059 0.122838685520681
0.2844377257162577 1.141880188346165 0.381476658899835
-0.1435176147946727 1.03362292071048 0.2040670404293155
1.577441479963706 0.1351332984156429 0.4930259486044436
0.2052681169402987 -0.9948802437155431 -0.124838721907419
-0.4753217141660683 -0.9019252661319443 0.138307698304676
1.164795055161549 -1.052301303807752 -0.4951123595385938
-0.2205150552981161 -1.010964056346574 -0.1831062312220132
-0.2298372068250459 -1.095805414791687 -0.3245510389023599
-0.07660408682014495 -1.165100991884792 -0.3735254616646932
-1.194963364778334 0.4482931640561977 -0.4471596353742442
-0.07368530747457649 -1.042370240788358 0.2072413578676079
-0.2075719039575744 1.151113080120055 -0.3753499710742279
1.692770999981078 0.2970446306558882 -0.4496647271762272
1.822453739533936 0.2839207431121153 -0.3624403515958184
0.3405730978245501 -1.030941390978235 0.2799789446049961
0.3554547149698205 -1.13939999492643 0.3950863506912737
0.7003837420017057 0.9834328038251254 0.4054034585851616
1.141900374976224 -0.1385499896600978 -0.3573407637681049
1.186063188606858 -0.2750845783521349 -0.4125767090025224
1.328804361572919 -0.2783262419187441 -0.4793053797303908
1.423665092612571 -0.1429902030172684 -0.4951921054404153
0.9961128653862862 -0.1381091198107536 0.07489822290582542
0.613625883455463 1.103418041261891 -0.4400274899258766
-0.8335876347304172 0.9791884900386719 0.4518677188447239
-0.9293761410833865 1.095261171230046 0.4959426541443767
-1.071975481706739 1.097868368512463 0.4988138195279146
-1.21396004475268 1.187358249512192 0.4590852941127208
-1.326833543400014 1.260580880474691 0.3754763734265766
-1.293370876839901 1.396383537587788 0.2954970868756946
0.8993421915624453 -1.684133800358544 -0.2872952439796052
0.7938886167439246 -1.786722081871643 -0.2069614154018656
-1.134961171458585 0.9076588693782884 0.4978111233187485
-0.1339347830136918 1.123509101973041 0.3379073270210344
-0.8932578533315078 0.8330200212547839 -0.4151930041401915
0.2204398551066221 -1.223918728141689 0.4292612125082081
-1.021093292915774 -0.6136651771506785 0.3933315302018904
-1.131291641833878 -0.8224536265729097 0.4896225825217105
0.0698661164514059 1.620992530515451 0.484762177237659
-1.421712030634056 1.305159801048292 0.2552311746995886
-1.259254509575331 1.506551910046607 0.1874750628303666
-0.1287239884455479 -1.248217502282917 0.4357697552466876
1.502023267770884 -0.297284905709475 -0.4990280840053653
-0.5037831834108188 -1.605177973306302 -0.4655517935688908
-0.8782225382304653 0.6136690096025653 0.2574658160014316
0.1185448955019873 1.318494620101313 -0.4679296462893295
-0.5312507339744537 -1.3514791506173 -0.4977045685373527
0.6163739869656629 1.546230675646545 0.4721454972935006
1.009260851561442 0.9705048378121508 -0.4899334249818043
1.160837129013772 0.9769852614449073 -0.4997024003363073
1.064451759263708 -0.6465058042922207 0.4303255695122312
-1.801626038191986 -0.675172799045432 0.2650236044804857
-0.9075904148125093 -0.8391270676196303 -0.4246620656735624
-0.8711683677203778 -0.7092894062286927 -0.3288948852343236
0.6340698174196212 1.680563411097535 0.4028212847405739
0.761941655433615 1.713973977051519 0.3299200335430574
-1.120309905457647 0.4967879547802612 0.4179225117507798
-1.63750042896229 0.4989879804118157 -0.4529059016633082
-1.088043570222087 -0.5857702857310636 -0.4244383282177918
1.580776902590431 -0.1323538532196961 -0.4924945932523792
-1.265783842917423 -0.3029947090378461 0.4589279600274932
1.212156841367567 -0.5696540366668278 -0.4734851209412953
-0.5682109633062811 -1.741671859955376 0.3738516065718159
1.90217424495255 -0.5372242954923 -0.1512266545498765
1.143032576027725 0.1637481495393329 0.3616204588330503
0.9968727280639891 0.1352974949940088 -0.07730526062955406
0.9968686522827994 0.1365796992501609 0.0783788648943039
-1.455076774920157 0.2245301785438019 -0.4992320248610995
-0.3855784662217919 1.275558594476461 0.4711309692826948
1.060860368095897 0.7158657539706859 0.448900923205771
-1.347110648478476 -0.1853100678135885 -0.4799406418858578
1.293003305645818 0.4876708649921409 0.4858551162022354
1.268212650468424 0.3254944113845492 0.4622118972891944
1.38276141275016 0.2420751131496586 0.490656549729193
1.044539199652932 -0.9532946139342082 -0.4925754141633804
-0.8154389477067113 -0.9678319305555468 -0.4416303539107725
-1.571952489860998 0.3765831576523643 0.486254870070751
-1.715729618396401 0.3370289768951434 0.4338647213067117
-1.757733454413692 0.1821436447703065 0.4226503093072431
-1.83898403721799 0.2940947958790198 0.3445304192406844
-1.795999912779047 0.4465147586271746 0.3564103538157976
-1.874496377811573 0.1439176054547856 0.3249463128014726
-1.795109149218757 0.02900568565226844 0.4034504092595413
-1.929850520863402 0.2404814794095351 0.2284166220852801
-1.903264853271111 -0.003580899639625263 0.2955921873055671
-1.367489354956865 -0.8703797033707238 -0.4851422045570187
-1.427576003903346 -1.00160171482391 -0.4364789850419949
1.287718058118348 -0.5006487315009247 0.4857834770171335
0.6845723496272317 1.237015314991928 -0.4925144874383877
1.231206914202679 1.058385611873504 0.4844843124496673
1.369715972638423 1.109867851762048 0.4252844625931176
1.489006110974463 1.007493483070133 0.4016204833326521
1.48241076269771 1.149929438004241 0.3294284362299855
1.36802501569972 1.249322447171439 0.3544579698507409
1.608857974101001 1.038822078631924 0.2787455499743021
1.477294897649365 0.8567610586115691 0.4547926217622332
-1.802287544605818 -0.7623374578761161 -0.2031160320636992
-1.728846029949819 -0.8776428918816622 -0.239592822101794
-1.629385927349988 -0.8764634078539655 -0.3569159567637313
-0.3703154291695544 1.562207988206028 -0.4887432279124046
-0.8482196002810221 -1.129920419875364 0.4923495255265818
-0.7370266118297084 -1.250285816101967 0.4976277519289572
-1.371373974516109 -0.4088851519303229 0.4952206236442633
0.328630854908381 -1.655964014718265 0.4632050597871814
-0.8370023045799849 1.268032836106042 -0.4996247268469619
-1.076252453253073 1.378431579248523 -0.4336882967048623
-1.223321697760529 1.356645840808401 -0.3784660105299606
-1.156005073559829 1.238294975493405 -0.4608189778468734
-1.361734672723851 1.31913203180394 -0.3053923365093957
-1.442886264691625 1.180073736931703 -0.3427889071078788
-1.554818320580988 1.154231392616254 -0.2440089248452045
-0.1952870194472434 1.96423803231029 -0.1593673009320029
-1.170642107109722 1.472451234999113 0.3236775735246971
1.602041204791278 0.9013696539008086 0.368261235992028
1.704771331503637 0.7980245139635637 0.3222414861923706
0.05552266035745131 1.464003986572724 0.4987774545744623
1.394192617528568 0.5743132066849521 -0.4999383888442984
-1.203628022690385 0.8214357461796931 -0.4981661260694619
0.7554224113766976 -1.721222190200584 -0.3253130261076665
1.866322936022595 0.4122606903669155 -0.2842903703662319
1.172747652703365 -1.176942643111129 0.4732047413771461
-1.660357534266785 0.06721753540059212 0.4731251653447188
-1.693560943247825 -0.08263852817930244 0.4601630674373361
0.03192373863223176 -1.427311530715276 -0.4947404909072715
0.4690102036739265 1.486102694311005 0.4965829622887161
0.593142616248291 1.389594534050383 0.4998813755187995
0.7097361551391274 -1.394552031137833 -0.4957872812095434
0.8245797709185718 -1.48581951895688 -0.4585661531832603
1.634172050009555 -0.2653701586918529 0.4751793165908561
1.90474622476901 0.5443560054608665 0.1365063665075497
1.873213503273727 0.4563227151152178 0.2584985385746244
1.832050997230866 0.6021490255220387 0.2577090525920668
1.900553897526353 0.2945351249124244 0.2662086231194204
1.796519363081771 0.3907149803767839 0.3679770559872388
1.857049785876653 0.6931409210338648 0.1322594007055516
1.904807401185939 0.5452696140735848 -0.1354090604656061
1.833206388697764 0.681119885880324 -0.2058697870115808
1.019445812380091 0.3566103838860467 -0.27132238952474
1.715145800036221 0.9882808196656288 0.1416997490473547
1.72203318440538 -0.9799344034968143 0.1353556450473831
1.721878074582075 -0.9804783179437978 -0.1348772382927299
1.634860999537194 -1.023381949256631 -0.2572400210361869
1.55264898341542 -1.14530235466843 -0.2562197876006052
1.519162374351257 -1.035495767123695 -0.3679856157218489
1.461039554848481 -0.9247023965980024 -0.4444358451969656
1.54681493465018 -1.239057330265209 -0.133338751135524
1.723669673275868 0.977718110428626 -0.134183555647837
1.710576333646711 0.9002786801657391 -0.2499843234315107
1.235837472470871 0.8474806768494614 -0.4999977654897296
0.5085775056787066 -1.915152274944299 0.1346450990091604
1.545073430715435 -1.240329721101305 0.1353556450473712
1.545073430715495 1.240329721101254 0.135355645047317
1.5466950356527 1.240709117443096 -0.129895324634398
1.329551778665091 1.468824614199822 0.135817899579956
1.35420069041998 1.374232389714074 0.2562467884559458
1.315400167228157 -1.475202308005426 0.151527156495654
0.9899659513919192 1.253284724861258 0.4904793186112515
1.1239346377111 1.306149575650024 0.4474402758362047
1.079570921141995 1.661383865810276 0.1353556450473103
1.080850752045473 -1.660551527400741 0.1353556450471982
-1.399915754629267 -1.138023881163784 0.3968737203921514
-1.532585701783695 -1.13816017584544 0.2876290284686461
0.8109940817711375 1.807451671418915 0.1363183023995534
0.8041772995163514 -1.81079225597328 0.1353556450471842
1.329101629533372 1.469407561475585 -0.1353556450474728
1.35159313060687 1.367365099863037 -0.267183716897603
1.331005072780596 -1.467153790198747 -0.1367435144156048
1.242286090204735 -1.469938620621057 -0.2640736443420171
0.5071989201294047 1.915311718433737 0.1353556450473498
0.4192788343035002 1.879390392760385 0.2624343624290811
-0.2725817072703143 1.961925406078067 0.1373304426712033
-1.759630517101761 0.9106976263470759 0.1353556450473658
-1.386469362001344 -1.415405394783328 0.135355645047227
-1.387578397191267 -1.335423374841563 0.2620860677587368
-1.882146028935657 0.619028310428416 0.1353556450472648
-1.603673503004029 -1.158551972243015 0.1454193378842674
-1.760331717470468 -0.9093415023067354 0.1353556450473752
-1.882146028935651 -0.6190283104283394 0.1353556450473713
1.076580574373157 1.661896636565507 -0.1395436554596188
1.111918247112953 1.572062072827832 -0.2625024165734102
-0.5821189243792916 1.893546724887613 0.1365063665075487
-0.7311702102013794 1.84036750986086 0.1389896731468595
-0.7687430717655275 1.763891100775237 0.264789386718733
0.196622292734282 1.971223304309539 0.1365063665075517
0.040708755386709 1.980793672470434 0.1357757815631098
0.1239208331041504 1.924312256329489 0.2579934748845434
-0.1193511728629346 -1.977659166598686 0.1356149435837057
-0.5833786207080721 -1.89342279129524 0.1356149435837553
-1.019907191052083 -1.697918201518582 0.1376086769627611
-1.592820645983074 1.17826264959287 0.1356149435837229
-1.974742933469003 -0.1573911946944205 0.1365063665075566
-1.954801871741659 -0.3171578691519146 0.1387477461906824
-1.910627963877383 -0.2406522739279985 0.262219598851888
-0.7790252769006891 -1.397034921348539 0.4899878902088388
0.7960418553644595 1.814331504803042 -0.1355244921996452
0.954274684119379 1.659139286055894 -0.2803689313221884
0.5109170445245239 1.915508150820767 -0.1312163634711779
0.5063778805888737 -1.915192701401887 -0.1365063665078784
0.03944606563532723 -1.979416002134943 -0.1406531813749661
0.09686642699987234 -1.919042350671012 -0.2689794538768389
-0.1202603133009311 -1.976984238380252 -0.1377916775224056
0.2034637813648555 1.970580880177595 -0.1363240288601961
-0.4306518080077091 -1.933961929203819 -0.1353556450473133
-0.3491053118807712 -1.899517476217597 -0.2528896639715139
-1.395954277243163 1.399449484303316 -0.1510109262809785
-1.926287631247742 0.4665113419609082 -0.133049059134854
-1.851768262206739 0.5276513747117128 -0.2626201136647024
-1.757677877289446 0.9138058687300282 -0.1364253689166658
-1.145203264218023 1.616443975236127 -0.1365063665078353
-1.014511524342693 1.702398288741863 -0.1337992122641136
-1.594556982302259 -1.175273662599893 -0.1369516045574743
-1.581733474799025 -1.095913026521221 -0.2645276497788091
-1.504840917463397 -1.211146076008015 -0.2522794433943347
-1.153412949693225 -1.611008950937135 -0.135318353903539
-1.269632223330456 -1.521086347733796 -0.1353557020932208
-1.823075249553372 0.7678561565091957 -0.1460869278835482
-0.7307213562077709 1.841311473117644 -0.1365063665078297
-1.975306084188102 0.1564877696421603 -0.1347684586799397
-1.91773086134107 0.2273524733401138 -0.2531810410701948
-1.923929565321756 0.0748367442846755 -0.2627698970851653
-1.762756139471813 -0.3845869335587617 0.3967985561887082
-1.873108132947293 -0.3993837498517295 0.2785642291918438
-0.6790439786738559 1.274568081300387 -0.4968731383457884
0.8940512992478609 1.627131336167508 0.3505020678321307
0.800074116185037 0.6408162141651796 -0.1563311016385627
1.676002677605122 0.3416088807395599 0.4535477709494283
-0.2499861948164637 -1.723205236001234 -0.437951493244449
1.349335252093493 -0.9181242425431586 0.4822417332167192
-1.344632301274086 -1.130342041893181 -0.4291233591902666
1.515842963819899 1.090122986437979 -0.3394418330807054
-1.108161014768517 0.6900023491849476 -0.460585525248527
-1.605233261648973 1.019173385569084 0.2980653300459408
-1.496072210014712 -1.30094205126037 -0.1307754777661513
1.02254167082806 -1.117531972080275 -0.4997823744155382
-0.2019922271509566 1.90458388899123 0.278486702053472
-1.982382858463828 0.0006988877922854322 -0.1315547756820958
0.7693541972082018 -1.286595349112349 0.4999991490681701
0.6776476534553542 -1.418988330821455 0.4947168537690577
0.7432490848289773 -1.553326094486639 0.4480195565610824
-0.7273775577135387 -1.837738866962249 0.1516362517764172
-0.2747593284170812 -1.962283461724255 0.1350147668696516
-1.153144961173982 -1.609553438619693 0.1399951745838439
-0.07420949477376403 1.549892575954891 0.4973232372704697
-1.776977218889276 0.4595145706973901 -0.3707924067770044
-1.485290513563499 0.6769693964545599 0.4821814642878788
-1.836228755446028 -0.1386533367592823 0.3652501753970443
-1.192964890518946 -1.127398002801048 -0.4795896715544172
-1.593615109512565 -0.7641194610282703 0.422527844468649
-1.624129928224372 0.6315225426048527 0.4372073349545937
-1.670228759995168 0.4884921062315737 0.438525917405839
1.056335664850261 1.384456874265506 -0.4378507713471994
0.0208467324345739 1.701921351196955 -0.4573578389755792
-0.1332502454231078 1.700345817290302 -0.4557910646891182
-0.7680505903596249 1.53530388915441 0.4506007129673565
0.7977592534036758 0.8447250815042973 0.3683466789722415
1.857010890877273 0.1524402876221225 -0.3435755925280907
-1.263568432633631 -0.3179069301197853 -0.4595323507662047
-1.296432593192064 -1.370566648135774 -0.3171034701192926
1.705037937324332 -0.7464385026062285 -0.3456648975225456
1.721429930592938 0.6374598909471958 0.3705767884024599
1.856309619131151 0.1314847405996275 0.3459878380246029
1.848623530287831 -0.132915522713662 0.35371104534973
1.895964615098212 -0.2905946386717954 0.2742045752635378
1.847183117253286 -0.1348050723907449 -0.3550052579874163
0.8952250164218825 -1.55401941334984 0.4048415835232494
-0.8536989229719367 -1.377551435970995 -0.4852296278801934
-1.583767789449619 0.9072730541830253 -0.3797701963644136
-0.485943054465237 1.665905505539986 0.441155549044832
-0.3844953026247612 -1.595856707059755 0.4795533915473272
-1.634781017128993 -0.475072402112459 -0.4571978136271195
-0.4455467760430084 -1.481955108309635 -0.4977402817842113
-1.17856814479228 -1.357285608752576 0.4018132457472574
0.08733582817947658 1.763524668472302 0.42356934099508
-0.7600241044630853 1.659232403210695 -0.3799521506947781
-0.3993016250984811 -1.73503873602091 -0.413980018210679
1.255378830330697 -0.3171759231655658 0.4559648877917818
-1.742622719762088 -0.0682963390807 -0.4364438788199196
-0.2112192314956397 1.565706481398631 -0.4935764299389235
1.740496875716026 0.6853814573745677 -0.335661975665249
0.9359052983892024 -1.652409293780836 0.3012679815575792
1.663792001747972 -0.6637078239889895 0.4063882759881418
0.5051235837844144 1.499715949004388 -0.4931472320358504
1.40592119900923 -1.051370810333272 0.4297539897797878
1.318919712114712 -1.175991504116335 0.4227035893984446
1.239181725019279 -0.4154497359473595 -0.4612367161272251
0.2766978087409415 1.907679083284291 0.2590808338092404
-1.905048606824484 -0.2041653851430425 -0.2774513241230734
-1.86615574781082 -0.06788159728967255 -0.3391528155807999
-0.7607640466283456 -1.502624828385326 -0.4648203169123656
-1.038709162276285 0.4056130151247357 0.3191375195100222
-1.710376945458697 -0.7882075865210592 0.3211126687747542
1.771637983561015 -0.293375811367371 -0.4031417855615378
1.231106507063269 1.48029337633979 -0.2628597573331541
0.2372354935250564 -1.782397300325582 0.4014061607596737
1.70133695887719 -0.7915166490749798 0.3290731206987845
-1.544284047135652 -0.6049333190842192 -0.4741991345197095
1.247249867334121 1.206442315391828 0.4411934320528882
-0.06172318436691444 1.821931427420902 -0.3816884613904119
-0.6119913094415228 -1.367014746553997 0.4999949489116173
-0.597060751642277 -1.82358751403646 -0.273078269078008
1.701502060160687 -0.8965851323564611 -0.2661598011514037
1.238440803120943 1.47773127767337 0.2583842465100412
-0.5954392565325667 -1.494220491831894 -0.4880878377524008
-0.6233397649632468 1.825001585419573 0.2576275880885939
-0.7494317047670266 1.664888928781961 0.3792913974188926
-0.6208083579813358 1.729660392573123 0.36872908140353
-1.394546264319286 0.370665479343697 -0.4967365241001722
1.919590967239989 0.2666406858016083 -0.2411167779531807
-1.357249650530742 1.118130906958014 0.4279890768303902
-1.272710076398945 1.443709680771339 -0.2640342502125153
-1.38665819285937 -1.250996268091299 -0.3389591399143045
0.6389567746347469 1.786382911047883 0.3036761697787842
1.105982759981114 0.8389712172253311 -0.487338127807735
-1.629695965624019 1.010738736670926 -0.2748495870768081
0.8647507704583255 0.746754917215164 -0.349620646684501
1.495396964349475 -0.4417624311118781 -0.4964729852330242
1.247757121263723 1.347534692720269 0.3698174424837364
1.08649859278737 -1.658248046074221 -0.131162497864681
-1.617395976042562 -1.032340935827885 0.2731803220544087
0.6849909978692184 -0.8719967454134721 -0.3114750848712249
0.2686207792481983 -1.54978787312629 -0.4946577377909709
-0.8146267390492916 1.741887150575227 -0.2666497877056033
1.119592943936218 1.571859180373527 0.2554394853958695
-0.8757848285686279 -1.779631283542738 -0.1275657068746869
1.447284559142559 -1.169358561670015 0.3463075769260631
-1.597189162177055 -0.7456422874173138 -0.4254479341074766
-1.753657032170109 0.5875316641769908 0.3575988310977952
1.776447131843886 -0.2696239188790213 0.4023860239498357
1.967613430413942 0.2451493065835978 0.129917680783595
1.968659246543992 -0.239251511515295 -0.1287314267882793
1.967613430413958 -0.2451493065843499 0.12991768078319
0.5808562651123016 1.8473328508961 -0.2438599125935323
-1.508876975702899 1.282444990360195 0.1391532223080365
-1.487111082248177 0.5079197518074154 -0.4948673372779315
-0.6761368260451892 1.150896710763547 0.471924855857359
-0.03086951708244141 1.928498684037369 0.2572490946325161
-0.5437182568219514 -1.615834350630145 0.4561053292350242
-1.854605161890794 0.5354105089539323 0.2545677978327209
-1.129671876821609 -0.3288144985183229 -0.3812901685928781
1.578097093312196 -0.1227602086504251 0.4930856411854806
0.9948460134370344 0.2640634020450815 0.1686319816314442
-1.975878689211138 0.1696662539762227 0.1287099284124197
1.163906849030651 -1.527125891396582 0.2711348401208599
0.6002815150046601 0.8002564588267714 0.01933749396690276
0.008898864993049992 1.916240743737721 -0.2769953817666487
-0.9379008613801562 -1.682698019688318 0.2610706308181433
-1.034377866675972 1.688776804212526 0.1386907468035371
0.3660048941952651 1.207086436005744 -0.4393730958157101
-1.174868942915805 0.2778128309669883 -0.4053494953465257
-0.2065107500016951 -1.916452814386041 -0.2592362248902058
0.04445035013407343 -1.212163915142575 -0.4094126783577862
0.3533253345880119 -1.953298573277851 -0.1215634038620243
-1.93187649115514 -0.4605877094324987 -0.1173947666400067
0.04935512339439541 -1.638112103734057 0.4803323468653775
-0.9493731706074729 -0.5909524152163611 -0.3229309297156399
-0.5824073404869817 -1.832172572725567 0.2673632622002526
1.137237367771197 -0.1317163524687238 0.3519391837504226
-1.507662554860978 -0.8763556763646444 -0.4365003859088444
0.9944563264761999 1.656586727600281 0.251479720589644
-1.891705492824092 0.3976723009515336 0.2499306234922856
1.464496549231224 1.266162455968789 0.2448350383803084
1.552364972692506 -1.152436141932856 0.249368201971939
1.465023498916478 -1.2601470338992 -0.2510160606712452
1.4211743202347 -0.1335745085730802 0.4947067043379372
1.685185566135864 0.9308314541875133 0.263109259954902
0.9956591889606937 0.2581098445826926 -0.1665968768857568
0.3063647988660795 1.90170343294259 -0.2614075168267417
0.2123799438256508 1.2042662695041 -0.4161585760615729
-0.4404048704935392 1.8725481099297 -0.2655724092960903
1.64076118690894 -1.025690409440575 0.2465654839115514
-1.894838438370343 0.3816853896069182 -0.2501977740315471
1.599357423333649 0.1511448528017867 -0.4885297168275453
-1.475095393748096 -1.119283188398108 -0.3554215947099729
1.914214225145869 -0.5103395460315715 0.1362562907913974
-1.59779654837422 1.181091585364197 -0.113531028369554
0.6413256357213933 -1.018911689120806 -0.4029273666028691
1.972478941804352 0.2364414856748612 -0.1149820979586541
-1.061601849017439 -0.9349565345395754 0.4926558643601942
-0.4496678647041396 -1.82245692929859 -0.3283083019617352
1.356936001694579 -0.2469148556657172 0.4851924418172069
-1.112203715340467 0.2544658865678858 0.347962319436402
1.176281275294006 0.4367353895439857 0.4357156334416213
-1.134934520305179 -0.513295416080108 0.430449301865742
0.4044365937305379 1.603944142827348 -0.4756452235117474
-1.541783908567232 1.155186068913241 0.2608917231709499
0.8328185981599752 -1.741795168540457 0.2540361696497387
1.421680490023637 0.1105849037119758 0.4944899247418379
-1.064711423300153 -1.610911895944604 -0.2535040849844749
1.851537635482413 -0.7138074701088584 -0.124050509596664
-0.4663634921119743 1.878641814287826 0.2453528840532344
-0.3557609056593658 -1.902720532261108 0.2452972521444597
0.3731176054059876 -0.9566693765620984 -0.1616621865117316
0.5341952361135751 1.22547144584765 -0.472630148580558
-1.279975218305098 -1.387353543817596 0.3158408264583643
0.8165541496361064 -1.608222802289404 -0.3972388551812986
-1.753141348149296 0.8246437948111492 0.2422312919982668
-1.808801806985526 0.6811810177772534 0.2503431319465191
1.397424057799806 -1.066954098454201 -0.4281878445049584
0.9009774176164718 -0.9149406088974731 0.4509779438520598
-1.772695858581565 -0.8969980766581547 -0.1144713547048088
1.718669828001578 -0.894492998246703 0.2420439900427791
0.4575111236876149 1.714545257866787 -0.4178868129211671
1.895388914631912 -0.2744674145208562 -0.2786459146947859
1.190196889777337 0.4408843279031296 -0.4435602804537813
0.633132692527987 -1.685175200283372 -0.3998598428529682
1.119360013154283 1.468043104483338 -0.3608445037518497
-1.554588170350137 -0.9966642230190953 -0.3603329502612075
-1.956991078017755 0.325656876208317 0.1258531550394884
-0.9412913392060293 -0.9082982432676111 0.4616937386853183
-0.6856607199313363 -1.12879305223783 0.4667537861356797
-0.777705464434549 -0.6469097749693802 -0.1070395586910022
1.667032490191774 0.8227925855260979 -0.347992705041509
1.461983625246552 -1.2710202914514 0.2425354934092117
1.637819138451034 1.034853180133334 -0.242310191888836
0.5681333007735903 -1.854992299736183 0.2374047503671647
-0.0541116707697487 -1.876322731768429 0.3283191269527028
0.08525587587461791 -1.835221944114739 0.3691820272037725
-1.263820189269697 -0.005309692092063881 0.4407089350886854
1.260246290237494 0.5868142708740448 -0.4877881689386673
1.796018855236218 0.7232014995286337 0.2444729521885816
-1.864688782305361 -0.5334744907849863 0.2384113423916678
0.8654206612018949 1.731612783159834 0.2450564624043107
-1.695600438968311 -0.9272556504875873 0.2507486674299105
-0.3931566765319842 1.14821356550457 0.4098883424671418
-0.5534974985024048 1.083867251773071 0.412213535709379
0.9521142014152978 -0.647310812422547 0.3583583998332536
-1.183493378911068 0.5785628570090551 -0.465442024977733
-0.2963621325727312 -1.829145829187967 -0.3541069982172664
-1.43882203360343 1.182693950537797 0.3443553361712076
-1.830438403418908 -0.2807750653529973 0.3552510301410226
-1.402804481312259 -1.341359924295056 -0.2358050010385573
1.55078789384093 1.167518075770779 -0.2353542559286715
-1.102410784845049 1.583011671425274 0.2567406168183949
-1.940909566993588 -0.07334900393625703 -0.2331846849907777
0.163634080745823 -1.430682355657632 -0.4963881257304735
1.78943886317868 0.5156530041732357 0.3446333351908413
0.5382796317660613 1.857928908809486 0.2476988131136372
-0.9704796789674078 0.7452907024110554 -0.4166819385656063
1.786027661688096 0.2602975637898127 0.3962807327907231
1.138414380098965 -0.5451760865564633 0.4398427011831892
1.124853871005496 0.3310767231666029 -0.3778705318617394
0.8637244876489528 1.611943535210117 -0.3767140562888145
0.6972506854555934 1.807345019791501 -0.2426444181079945
-0.793678955871144 1.098881492303299 0.4786741870793437
1.189555958429489 0.7201965890243878 -0.4878814886669274
-1.645404095235599 -0.9841558722107681 -0.2754763778506908
-1.689466971954783 0.9599880730835306 0.231534192417407
-0.4805161291652459 -1.097582300380562 0.3986118701710337
0.4526139299242395 1.880791981172021 -0.2474298286417955
-0.8226106241297927 -1.750298524861564 0.2483376009347706
0.4891552942671771 0.876834082712125 0.06348924889826599
-1.218115597794543 0.2374844189859326 0.4277204264471089
1.563238293832613 1.156356342701546 0.2290565554790235
0.4996880685176954 -0.9155442635193632 -0.2029223786835383
1.104921564575494 -0.3696305442757111 -0.3712786713041617
1.201555410638511 0.2419132012575484 0.4180202318551523
1.150377222787456 -1.554790481651735 -0.2481079445180868
1.060303230725107 0.2517551594623501 0.2858683936090856
-0.07301122874427929 1.961619454086901 -0.1888163987697135
-1.186081029277211 1.540552670506198 -0.2294469348090467
-0.1894432623998717 -1.210164999102952 -0.4175186238251555
-0.9309041660932325 1.706197489833321 -0.2306373677713333
1.765081551320907 0.7850218540008463 -0.2521238350236296
0.09736394766867619 -1.292123128994976 0.4563953665580904
1.781415375543084 -0.7669982174111715 0.2383791572300364
0.2205887054217085 -1.875830256163945 -0.314434280372661
0.8707218878426747 0.7198737238648458 0.3360475487249963
-0.495684411649845 -1.881383631832012 -0.2268315208448637
-0.5849419948961311 1.90272975554924 -0.0964338606318446
-0.09059555129067363 1.205566215017035 -0.4065696608454641
-1.467019263547724 1.25994176939503 -0.2486240014355533
-1.940587971128394 0.1029821945887044 0.2312329103292796
-0.04635884930443091 -1.943314348224366 0.2301779402429799
1.592607862417837 -0.945972294130574 -0.3547358450395321
-0.3138295800990902 1.961171394786348 -0.116982897021591
1.652387056272849 0.2286799122446066 0.4708824784747325
1.370768557626829 -1.374467240840872 0.235293854553692
-0.347791022730234 1.913624165797402 0.2280349266344516
-0.317816110827349 1.184869640798404 -0.4187315687372424
-1.37746113462465 -0.2739334784384234 0.4907824393966173
1.88878701287876 -0.4189923846470346 0.2470513261938845
1.383756621499278 -0.3936553992249571 -0.4962233272627224
1.983768772268106 0.1139517572620725 -0.1131066796929076
1.983779953733102 0.1142799474470911 0.1129773746099843
1.983768772268317 -0.1139517572613132 0.1131066796921871
1.983779953733323 -0.1142799474463238 -0.1129773746092217
0.3279125823680726 -1.269730218456643 0.4630614919586292
1.053578079365443 -1.62406717868116 0.2449713619831454
0.3483643313558785 1.825747622565499 0.3483455957102909
-0.00880950913339793 -1.247366222981864 0.4314995847913283
-1.848099459726174 0.1798537706816523 -0.3502457608872184
-1.24793946085335 -0.4208277944108331 0.4653014420708291
-1.277731828550433 0.358508768253068 -0.4691447836325063
1.865973803042247 0.6961507266112473 -0.09124749733579603
0.7053820764301402 0.722819390191796 -0.0993321916178556
-1.307235454630431 -1.443514473241112 0.2231142781584709
0.7497765735689504 1.789839266354134 0.2364865036631603
1.470726982138352 1.277551806572709 -0.2217821662137895
-1.187505200572871 -0.09806528003044482 0.3935187972592129
-1.836834003964007 -0.770052141627574 -0.09062939969395514
0.6948073334764659 -0.9197796381712944 0.3597125399092325
-1.93312530055405 -0.1180055297035352 0.2434592373795966
-1.764446934127364 -0.8255817666774855 0.2219471276932472
0.8077464995093965 -1.820719844075848 -0.08989672078793023
-1.307681265587236 -1.444683648438245 -0.2207605205732147
0.9611946941814675 0.6853176818885315 -0.3845946814208069
-0.8657888845999332 1.704476401758023 0.2836421382110709
1.892261196547639 -0.4218804875323118 -0.2398430401507849
1.656218949783983 -0.2538183173672907 -0.4681670654060103
-0.9688178179970912 1.206842370098821 0.4977287519875717
0.07015850954162929 1.854324776203745 0.3514427277290419
-1.966960886401549 -0.3155463836895736 -0.08847121464658601
-0.9375877824651149 0.5099061006570708 0.2504969701426664
1.207548577281515 -1.39701372345479 -0.3604014537487971
1.773560032097631 -0.7842833270324772 -0.2389067468618532
1.134599140733487 0.1297646945859199 -0.3490456877252842
-0.7360413401550473 -1.851345585310729 -0.08744218751726388
-1.428302948145792 -1.224443267517612 0.323428611094858
1.06414049305389 -0.2363336054346756 0.2862793648418058
-1.822928782253432 0.6477544921056415 -0.2472403023106891
-1.130597807203163 0.1193652178201642 -0.343722165124906
0.0855117609719668 -1.398417713652457 0.4901070187298299
1.070465755000485 0.2399847658304949 -0.2960077960672431
0.8328014103299476 0.9352401712921152 0.4343272681167971
-0.7952725326802126 -0.6999687488704585 -0.2364477226825372
0.1991301260510656 -1.983045157545556 0.08326591844469151
0.3557244693736533 -1.170361802199336 -0.4164099407875465
0.11530315007748 -1.737456130953099 0.4379326307241801
0.1890988124293043 1.114009996157737 -0.3362433662452772
-0.8691788803263462 -0.9802257601423282 0.4625268621466838
-0.4980294905953755 -1.886415984724315 0.215762162248582
0.5690413911379515 -1.867151426589198 -0.2138969506898958
0.1759553104492798 -1.897642183467235 0.2921313661110609
0.3025606338741307 -1.020320244506871 -0.2451712626250361
-1.242321780397556 -0.7866640555763785 0.4991256418849304
-0.09382678193309239 1.988806473999908 -0.09434423907732881
1.472297987579938 -1.135001306949731 -0.3480192396356283
1.354575076608537 0.1958020596926567 -0.4824397023358907
-0.9557117050535932 -1.691283059922033 -0.2325423911451357
0.2631181677971377 -1.768149486875886 -0.4089926340760511
0.5207393411565866 1.787577842953762 -0.3450239556978593
1.996838839014696 0.07945016697171407 -1.224646799147353e-16
1.996838839014696 -0.07945016697171513 -1.224646799147353e-16
1.987764129073788 -4.868617956260282e-16 0.07725424859373674
1.987764129073788 -4.868617956260282e-16 -0.07725424859373739
1.991884386134053 0.05697587863103602 -0.05655333984645385
1.991889976866551 0.05713997372354532 0.05648868730499208
1.991884386134159 -0.05697587863065685 0.05655333984609347
1.991889976866662 -0.05713997372316214 -0.05648868730461092
1.984214180951029 0.2378481913789292 -1.224646799147353e-16
1.980645554221667 0.2020248202635132 0.06495884039179746
1.983078309916872 0.1976709098091449 -0.05749104897932712
1.988723225148749 0.1364260456027506 -0.05655333984645385
1.988728815881247 0.1365901406952599 0.05648868730499208
1.959044681976744 0.3947424629401196 -1.224646799147353e-16
1.958347811688411 0.3540464788213527 0.06830573342710398
1.959515881237565 0.3530897981233462 -0.06484268123549143
1.971182057143305 0.2809726776990137 0.06495884039179746
1.973614812838509 0.2766187672446455 -0.05749104897932712
1.921489471768193 0.5491410455551317 -1.224646799147353e-16
1.942641809792488 0.4319928929470425 0.06830573342710398
1.943809879341642 0.4310362122490361 -0.06484268123549143
1.924042452424915 0.508522441263338 0.0682531832537748
1.924073040633379 0.5089792455696971 -0.06770453023280312
1.87178598645599 0.7000677816728678 -1.224646799147353e-16
1.902193244112288 0.5849746097526601 0.0682531832537748
1.878345024666109 0.6593670675391593 0.06612970035277574
1.902223832320752 0.5854314140590193 -0.06770453023280312
1.882807033248906 0.6608719703278505 -0.04562374866789808
1.810248467477339 0.8465684638736184 -1.224646799147353e-16
1.817092010643539 0.8065816546403488 0.07504837559461364
1.820834551571167 0.8034244910472172 -0.06815865132517913
1.850490747666533 0.7338416351675732 0.06612970035277574
1.85495275624933 0.7353465379562645 -0.04562374866789808
1.737265974840496 0.9877168676755969 -1.224646799147353e-16
1.783408768664464 0.8786077692126857 0.07504837559461364
1.787151309592092 0.875450605619554 -0.06815865132517913
1.745855512767243 0.953437699055792 0.07084987452367728
1.750117449387066 0.9481563444372907 -0.06709177782391855
1.653299927362129 1.122620607424329 -1.224646799147353e-16
1.668417818324351 1.084830421867123 0.06830573342710389
1.668417818324351 1.084830421867123 -0.06830573342710325
1.706556262109475 1.022559988285434 0.07084987452367728
1.710818198729298 1.017278633666932 -0.06709177782391855
1.558881185428995 1.250426778242085 -1.224646799147353e-16
1.623751021503752 1.150611872386214 0.06830573342710389
1.623751021503752 1.150611872386214 -0.06830573342710325
1.576853280628512 1.214365889522337 0.06767782252365845
1.577664083097115 1.214555587693258 -0.06494766231719903
1.454606694727656 1.370327348367125 -1.224646799147353e-16
1.47551961822014 1.335408895042418 0.06830573342681126
1.476236927730602 1.335452649614707 -0.06633070301805959
1.527101335515978 1.276390609821002 0.06767782252365845
1.52791213798458 1.276580307991923 -0.06494766231719903
1.341135712161646 1.481564267790657 -1.224646799147353e-16
1.420997072631335 1.393284744868792 0.06830573342681126
1.421714382141797 1.393328499441081 -0.06633070301805959
1.364817963901971 1.448513906196661 0.06790894978997794
1.364592889336112 1.448805379834542 -0.06767782252373647
1.219185637817069 1.583434260893068 -1.224646799147353e-16
1.245365556823288 1.55226920686742 -0.06830573342710325
1.245365556823287 1.55226920686742 0.06830573342710389
1.305869526924766 1.501874975793819 0.06790894978997794
1.305644452358907 1.5021664494317 -0.06767782252373647
1.089527479328271 1.675293272778821 -1.224646799147353e-16
1.182363919455916 1.600778130372674 -0.06830573342710325
1.182363919455915 1.600778130372674 0.06830573342710389
1.117877460795846 1.646663525104298 0.06767782252365508
1.116382287411427 1.646919910481914 -0.06977182772980946
0.952980977319335 1.756560541198873 -1.224646799147353e-16
0.9837668667881709 1.729935782773558 -0.06830573342711116
0.983766866788172 1.72993578277356 0.06830573342710367
1.05122093967442 1.690013613484799 0.06767782252365508
1.049725766290001 1.690269998862414 -0.06977182772980946
0.8104094227399206 1.826722268316599 -1.224646799147353e-16
0.9138768859006605 1.76785296281311 -0.06830573342711116
0.9138768859006616 1.767852962813111 0.06830573342710367
0.8470425391014811 1.800964696328669 0.06815915119977665
0.839566425898142 1.804404613020733 -0.06776224609982263
0.6627141988619297 1.885334869103148 -1.224646799147353e-16
0.6975353954059467 1.862136827181454 0.07375830371027484
0.6965571219567199 1.864757016783656 -0.0664049956893961
0.774360965409577 1.833209243406844 0.06815915119977665
0.7668848522062379 1.836649160098908 -0.06776224609982263
0.5108290824442401 1.932027775824811 -1.224646799147353e-16
0.6225217452198599 1.888504880889828 0.07375830371027484
0.6215434717706332 1.89112507049203 -0.0664049956893961
0.5474497344026239 1.913507320622629 0.06767782252367484
0.5493087966001835 1.913605536816144 -0.06560818173558902
0.3557143400953874 1.966505780891552 -1.224646799147353e-16
0.3932835317842597 1.950846771106817 0.06830573342709523
0.3975822301789205 1.950435147622899 -0.066991331798579
0.470578268171021 1.933832173635919 0.06767782252367484
0.4724373303685806 1.933930389829434 -0.06560818173558902
0.1983506571588891 1.988550903254435 -1.224646799147353e-16
0.3150402556670099 1.964999923160268 0.06830573342709523
0.3193389540616707 1.96458829967635 -0.066991331798579
0.2370466783562098 1.975941118627271 0.0682531832537758
0.2404674226714965 1.975619906561299 -0.06816201443009812
0.03973293750475064 1.998023766551999 -1.224646799147353e-16
0.07930818720889768 1.988513332153503 -0.06830573342710325
0.1579262715369614 1.983833088936703 0.0682531832537758
0.07996950286317486 1.98861827301715 0.06788789078155487
0.1613470158522481 1.98351187687073 -0.06816201443009812
-0.1191359865731307 1.994864480292493 -1.224646799147353e-16
-0.07721258613914159 1.988494932392246 0.06877679782647476
-0.0001891256259924298 1.990094225141635 -0.06830573342710325
0.0004721900282847677 1.990199166005282 0.06788789078155487
-0.06679557863161592 1.994205566770019 -0.04717211953866447
-0.2772516945856107 1.979093018500848 -1.224646799147353e-16
-0.1565841973821329 1.983754753144608 0.06877679782647476
-0.1968973086316827 1.977181166677572 -0.07968365046600152
-0.2355446525432181 1.976024853561461 0.06866522133560161
-0.2561685889576061 1.975647847915602 -0.05849144851079556
-0.1461671898746072 1.989465387522381 -0.04717211953866447
-0.4336145281180239 1.950809093436458 -1.224646799147353e-16
-0.4023116213612408 1.948761871884455 -0.06838263905009959
-0.3929127330779624 1.950921486092182 0.06830573342680726
-0.3142887493127068 1.964993571017454 0.06866522133560161
-0.3349126857270948 1.964616565371595 -0.05849144851079556
-0.5872359109925416 1.910191525180172 -1.224646799147353e-16
-0.4799303581241652 1.931509229364071 -0.06838263905009959
-0.4705314698408868 1.933668843571799 0.06830573342680726
-0.5466760946301199 1.913551587901844 0.06825318325377432
-0.5480876298885398 1.918143103232657 -0.04821693031592236
-0.7371445993650607 1.85749711107617 -1.224646799147353e-16
-0.6226787407417131 1.890186662165941 0.06825318325377432
-0.6972043836527571 1.863597054652565 0.0694948365734297
-0.6969799566559528 1.864069036280957 -0.06825318325391493
-0.6240902760001329 1.894778177496754 -0.04821693031592236
-0.8823928222414987 1.793059002176469 -1.224646799147353e-16
-0.8466814834935009 1.799182229680769 0.0735111963718373
-0.8438915781501232 1.802467234015555 -0.06772689005167776
-0.771110425913683 1.834267566284465 0.0694948365734297
-0.7708859989168788 1.834739547912857 -0.06825318325391493
-1.022062273591173 1.717284596952711 -1.224646799147353e-16
-0.9180236641090131 1.764073609149168 0.0735111963718373
-0.9152337587656354 1.767358613483954 -0.06772689005167776
-0.9841232635998518 1.730174335193366 -0.06689960613205685
-0.9940564347664915 1.723363592928697 0.06934537340176851
-1.155269918173191 1.630652965591851 -1.224646799147353e-16
-1.117787779355865 1.646519219758236 0.0683057334271038
-1.117796404271679 1.64653139374834 -0.0682531832539177
-1.052450534334014 1.689508550501208 -0.06689960613205685
-1.062383705500654 1.68269780823654 0.06934537340176851
-1.28117357436956 1.533711821160193 -1.224646799147353e-16
-1.245070499169766 1.552505881730326 -0.06830573342752852
-1.182668153203721 1.600553373089534 0.0683057334271038
-1.23970240079819 1.545619514484878 0.09373753141518326
-1.182676778119535 1.600565547079638 -0.0682531832539177
-1.39897723872853 1.427074056785032 -1.224646799147353e-16
-1.370599707233631 1.44097012280837 0.07230613675774987
-1.306093781518278 1.50153058396737 -0.06830573342752852
-1.300725683146702 1.494644216721922 0.09373753141518326
-1.369075566980618 1.441093003850277 -0.07550546314048931
-1.507936118554705 1.311413870746974 -1.224646799147353e-16
-1.427380089244088 1.385307656196165 0.07230613675774987
-1.480856466367455 1.330587040061952 -0.06505815039427497
-1.425855948991075 1.385430537238072 -0.07550546314048931
-1.482317298220943 1.326928290266511 0.06957661115401821
-1.607361340728269 1.187462503981332 -1.224646799147353e-16
-1.533034964183173 1.270589320636098 -0.06505815039427497
-1.576467631176749 1.214839400456996 0.06780747179186142
-1.534495796036661 1.266930570840658 0.06957661115401821
-1.578955582372322 1.216253868342659 -0.05676551418477707
-1.696624306982639 1.056003616937495 -1.224646799147353e-16
-1.665276790452632 1.091048642713499 -0.06598026944362631
-1.66346102060682 1.089152803627967 0.07466891849621768
-1.623714355534594 1.150885753117207 0.06780747179186142
-1.626202306730167 1.15230022100287 -0.05676551418477707
-1.775160668105105 0.9178683350252528 -1.224646799147353e-16
-1.707293032349157 1.023543403009451 -0.06598026944362631
-1.705477262503345 1.021647563923919 0.07466891849621768
-1.749135532990463 0.9495980017902617 0.06767782252368283
-1.748159213084305 0.9511521229817379 -0.06821268445833295
-1.84247389193425 0.7739299939723543 -1.224646799147353e-16
-1.819036219040964 0.8072064757716826 0.0683057334271039
-1.785655652216403 0.878967959582067 0.06767782252368283
-1.784679332310246 0.8805220807735432 -0.06821268445833295
-1.817378018442208 0.807547224663127 -0.07304346394177418
-1.898138402596148 0.6250986183148515 -1.224646799147353e-16
-1.878625497869494 0.6581039891355068 -0.06646724477437452
-1.849829323644169 0.7338981769269786 0.0683057334271039
-1.877706512736556 0.6598250027780331 0.06767782252363236
-1.848171123045413 0.734238925818423 -0.07304346394177418
-1.941802271132056 0.4723151679289807 -1.224646799147353e-16
-1.923931419821174 0.5088840266070491 0.06830573342680671
-1.903496903928186 0.582580912322708 -0.06646724477437452
-1.902577918795249 0.5843019259652343 0.06767782252363236
-1.924648719951291 0.5080434417314804 -0.06652452956742705
-1.973189440506609 0.3165455889798605 -1.224646799147353e-16
-1.94272388229839 0.4316236530339772 0.06830573342680671
-1.958617217043253 0.3542372692035228 -0.06722703121650583
-1.943441182428507 0.4307830681584084 -0.06652452956742705
-1.958792905813513 0.3603558352821128 0.06292657751974415
-1.992101470929275 0.1587747068988334 -1.224646799147353e-16
-1.971211923940591 0.2757280638274747 -0.06722703121650583
-1.980545115796025 0.1972620766229863 -0.06738422933996989
-1.980831418307542 0.2038513187900175 0.06435496420620981
-1.971387612710851 0.2818466299060647 0.06292657751974415
-1.998418794454604 3.351485755587191e-15 -1.224646799147353e-16
-1.988455505770373 0.03591236313623323 0.07251017591373349
-1.986862439321353 0.1180003999180074 -0.06738422933996989
-1.990400826459216 0.04010595899306993 -0.06577738784104796
-1.987148741832871 0.1245896420850386 0.06435496420620981
-1.992101470929275 -0.1587747068988272 -1.224646799147353e-16
-1.985895124406894 -0.1275165640634938 -0.06797663593926342
-1.988455505770373 -0.04360066705761785 0.07251017591373349
-1.986580863961803 -0.1184521124441341 0.06825318325377826
-1.990400826459216 -0.03940707120078115 -0.06577738784104796
-1.97318944050661 -0.3165455889798539 -1.224646799147353e-16
-1.979577800881565 -0.2067782407684732 -0.06797663593926342
-1.980263540436475 -0.1977137891491135 0.06825318325377826
-1.970293009572803 -0.2775971263778606 0.06937387309534114
-1.976372516902748 -0.2767913836466901 -0.04423560732329307
-1.941802271132058 -0.4723151679289742 -1.224646799147353e-16
-1.94272388229831 -0.4316236530339505 0.06830573342710031
-1.957698302675466 -0.3561063317539079 0.06937387309534114
-1.946235612382207 -0.4278212518941999 -0.0586973833200034
-1.963777810005411 -0.3553005890227374 -0.04423560732329307
-1.89813840259615 -0.6250986183148455 -1.224646799147353e-16
-1.923931419821095 -0.5088840266070235 0.06830573342710031
-1.902290048053732 -0.5846089580101341 -0.06830573342765348
-1.902577918795246 -0.5843019259651933 0.06767782252368561
-1.927443149904991 -0.505081625467273 -0.0586973833200034
-1.842473891934253 -0.7739299939723485 -1.224646799147353e-16
-1.87741864199504 -0.6601320348229325 -0.06830573342765348
-1.849829323644171 -0.7338981769269728 0.06830573342710344
-1.877706512736554 -0.6598250027779917 0.06767782252368561
-1.855050500250732 -0.735336918377609 -0.04531469984697763
-1.775160668105108 -0.9178683350252472 -1.224646799147353e-16
-1.819036219040967 -0.8072064757716773 0.06830573342710344
-1.786006252400758 -0.8782898975618942 0.06767782252368755
-1.792188322956306 -0.8721181847376038 -0.05723567735240446
-1.824257395647527 -0.8086452172223135 -0.04531469984697763
-1.696624306982642 -1.05600361693749 -1.224646799147353e-16
-1.71241448445499 -1.012049059800842 -0.07200478844235482
-1.710227839615731 -1.017642273745493 0.06830573342710332
-1.749486133174818 -0.9489199397700885 0.06767782252368755
-1.755668203730366 -0.9427482269457981 -0.05723567735240446
-1.607361340728273 -1.187462503981326 -1.224646799147353e-16
-1.670398242558465 -1.07955429950489 -0.07200478844235482
-1.668211597719206 -1.085147513449541 0.06830573342710332
-1.629140784045073 -1.141030414442276 0.07270966894213367
-1.624582523694188 -1.149391259620715 -0.06847580227873723
-1.50793611855471 -1.311413870746969 -1.224646799147353e-16
-1.527285526614448 -1.271748229436391 0.07719203620315787
-1.581894059687228 -1.204984061782065 0.07270966894213367
-1.577335799336343 -1.213344906960504 -0.06847580227873723
-1.52809341319257 -1.276179101290743 -0.06538773888307572
-1.398977238728535 -1.427074056785028 -1.224646799147353e-16
-1.421861427981773 -1.393825438653836 -0.06468626834933403
-1.47510702879873 -1.331745948862245 0.07719203620315787
-1.421113491370168 -1.393408492478075 0.06767782252361344
-1.475914915376852 -1.336176820716596 -0.06538773888307572
-1.281173574369566 -1.533711821160189 -1.224646799147353e-16
-1.306093781518175 -1.501530583967234 0.0683057334281288
-1.365081045971316 -1.449487905266042 -0.06468626834933403
-1.364333109359711 -1.44907095909028 0.06767782252361344
-1.305914540024267 -1.501911435565515 -0.06767785104661045
-1.155269918173197 -1.630652965591847 -1.224646799147353e-16
-1.245070499169663 -1.55250588173019 0.0683057334281288
-1.18678162085714 -1.59784803493014 -0.06765917695176957
-1.244891257675755 -1.55288673332847 -0.06767785104661045
-1.186647626597518 -1.597120278771419 0.06999758729192192
-1.022062273591179 -1.717284596952707 -1.224646799147353e-16
-1.055715602375933 -1.68798130667446 -0.06556749229413443
-1.055148367688711 -1.687268506889566 0.06880433848138051
-1.121901247009283 -1.643813881598843 -0.06765917695176957
-1.121767252749661 -1.643086125440121 0.06999758729192192
-0.8823928222415062 -1.793059002176465 -1.224646799147353e-16
-0.9873883316417725 -1.728647091366617 -0.06556749229413443
-0.9142128799110558 -1.767679233038424 0.06830573342711274
-0.9868210969545507 -1.727934291581723 0.06880433848138051
-0.9147599157128232 -1.768790832593801 -0.06378285343734352
-0.7371445993650685 -1.857497111076166 -1.224646799147353e-16
-0.8428706992955436 -1.802787853570025 0.06830573342711274
-0.7692140996697663 -1.832953244835158 0.07581812588820855
-0.8434177350973109 -1.803899453125402 -0.06378285343734352
-0.7735459908905207 -1.839756604009398 -0.043721093758632
-0.5872359109925507 -1.910191525180169 -1.224646799147353e-16
-0.6270156962471219 -1.889068330330456 -0.06748900291925147
-0.6233085889061076 -1.890124695369753 0.06780747179187759
-0.6953080574088409 -1.862282733203258 0.07581812588820855
-0.6996399486295952 -1.869086092377498 -0.043721093758632
-0.4336145281180336 -1.950809093436456 -1.224646799147353e-16
-0.4705314698408862 -1.933668843571749 0.06830573342697698
-0.5510130501355295 -1.912433256066359 -0.06748900291925147
-0.5473059427945152 -1.913489621105656 0.06780747179187759
-0.4709425364443336 -1.933759190059946 -0.06767782252365673
-0.277251694585621 -1.979093018500847 -1.224646799147353e-16
-0.3929127330779617 -1.950921486092133 0.06830573342697698
-0.3154137316262638 -1.964940008909066 -0.06830573342765348
-0.3933237996814091 -1.95101183258033 -0.06767782252365673
-0.3153775598860952 -1.965172598840547 0.06750738343482575
-0.1191359865731423 -1.994864480292492 -1.224646799147353e-16
-0.2366696348567758 -1.975971291453073 -0.06830573342765348
-0.1589293853395339 -1.98389173382177 0.06780747179185281
-0.1593839555585321 -1.983554269712553 -0.06889583876120285
-0.2366334631166072 -1.976203881384554 0.06750738343482575
0.03973293750473796 -1.998023766551999 -1.224646799147353e-16
-0.0001891256260041878 -1.990094225141635 0.06830573342710346
-0.07955777409654308 -1.988631913069408 0.06780747179185281
-0.0001591548474121317 -1.989510330837537 -0.07032659068748311
-0.0800123443155413 -1.988294448960191 -0.06889583876120285
0.1983506571588761 -1.988550903254436 -1.224646799147353e-16
0.1617198906867828 -1.981639699236343 -0.07429734576596649
0.07930818720888526 -1.988513332153503 0.06830573342710346
0.07933815798747731 -1.987929437849405 -0.07032659068748311
0.1591801881953465 -1.989744015554711 0.04163295922234569
0.3557143400953749 -1.966505780891555 -1.224646799147353e-16
0.2408402975060314 -1.973747728926913 -0.07429734576596649
0.312457972402607 -1.965001663231647 0.06988669471418453
0.3153981992830683 -1.966978753111428 -0.06078170193101221
0.2383005950145952 -1.981852045245281 0.04163295922234569
0.5108290824442274 -1.932027775824815 -1.224646799147353e-16
0.3907012485198572 -1.950848511178196 0.06988669471418453
0.4712675609456659 -1.933752451891201 0.06732254950458015
0.4701677484007494 -1.933772665119995 -0.06825318325393927
0.3936414754003185 -1.952825601057978 -0.06078170193101221
0.6627141988619163 -1.885334869103152 -1.224646799147353e-16
0.6223150859518258 -1.890290716928843 0.06830573342710347
0.6243109952760495 -1.889639971909319 -0.0681288004701071
0.5481390271772681 -1.913427598877912 0.06732254950458015
0.5470392146323517 -1.913447812106706 -0.06825318325393927
0.8104094227399072 -1.826722268316605 -1.224646799147353e-16
0.6973287361379124 -1.86392266322047 0.06830573342710347
0.699324645462136 -1.863271918200946 -0.0681288004701071
0.7709525742821771 -1.83487953568403 0.06767782252359203
0.7727371742786997 -1.839843329735314 -0.04494836039396518
0.9529809773193225 -1.756560541198879 -1.224646799147353e-16
0.9138768859006479 -1.767852962813116 -0.06830573342711137
0.9174991152311969 -1.76365677623836 0.07482341407469802
0.8436341479740816 -1.802634988605855 0.06767782252359203
0.8454187479706041 -1.807598782657139 -0.04494836039396518
1.089527479328261 -1.675293272778828 -1.224646799147353e-16
0.9837668667881587 -1.729935782773565 -0.06830573342711137
0.9873890961187077 -1.725739596198809 0.07482341407469802
1.051860855126153 -1.689597444280035 0.06767782252359902
1.054684775497102 -1.688445703616775 -0.06558124893234056
1.21918563781706 -1.583434260893075 -1.224646799147353e-16
1.184174410047657 -1.599947990504698 -0.0667058299470015
1.173493056731843 -1.607311501696808 0.06891526985121463
1.11851737624758 -1.646247355899534 0.06767782252359902
1.121341296618529 -1.645095615236274 -0.06558124893234056
1.341135712161638 -1.481564267790664 -1.224646799147353e-16
1.247176047415029 -1.551439066999446 -0.0667058299470015
1.236494694099215 -1.558802578191555 0.06891526985121463
1.298793721206295 -1.505063822696624 0.07576357824782694
1.306596173982514 -1.501039563793285 -0.06837175720780246
1.454606694727649 -1.370327348367132 -1.224646799147353e-16
1.420997072631328 -1.393284744868799 0.06830573342681152
1.422247637331937 -1.392281555969506 -0.06751339263741797
1.357742158183501 -1.451702753099466 0.07576357824782694
1.36554461095972 -1.447678494196126 -0.06837175720780246
1.55888118542899 -1.250426778242092 -1.224646799147353e-16
1.475519618220133 -1.335408895042425 0.06830573342681152
1.476770182920743 -1.334405706143132 -0.06751339263741797
1.527972087483318 -1.275754414402983 -0.06666937556776208
1.527101335515944 -1.276390609821032 0.06767782252368552
1.653299927362125 -1.122620607424335 -1.224646799147353e-16
1.623751021503748 -1.15061187238622 0.06830573342710421
1.62386943376115 -1.150745725431432 -0.0676931255043121
1.577724032595853 -1.213729694104317 -0.06666937556776208
1.57685328062848 -1.214365889522366 0.06767782252368552
1.737265974840493 -0.9877168676756023 -1.224646799147353e-16
1.668417818324347 -1.084830421867129 0.06830573342710421
1.66853623058175 -1.084964274912341 -0.0676931255043121
1.709999954294052 -1.018386780201029 0.06767782252369148
1.7099223993824 -1.018658737424521 -0.06743861914636501
1.810248467477336 -0.8465684638736236 -1.224646799147353e-16
1.785506367522202 -0.878886836997959 0.06830573342708758
1.784273911701471 -0.8834025510633543 -0.06539683760349511
1.749299204951821 -0.9492644909713874 0.06767782252369148
1.749221650040168 -0.9495364481948791 -0.06743861914636501
1.871785986455988 -0.7000677816728725 -1.224646799147353e-16
1.819189609501277 -0.8068607224256219 0.06830573342708758
1.817957153680545 -0.8113764364910172 -0.06539683760349511
1.852541151783063 -0.712124579357978 0.08348931206276604
1.847734672469412 -0.7441749097050725 -0.06202525479833206
1.921489471768192 -0.5491410455551351 -1.224646799147353e-16
1.880395428782639 -0.637650011729564 0.08348931206276604
1.900907254204057 -0.5814087547683793 -0.07561332727493832
1.906927244300717 -0.567966380038015 0.06812814539569863
1.875588949468988 -0.6697003420766584 -0.06202525479833206
1.959044681976743 -0.3947424629401216 -1.224646799147353e-16
1.942641809792487 -0.4319928929470447 0.0683057334271043
1.942641809792483 -0.4319928929470438 -0.06830573342711949
1.922756462516685 -0.5049565862790559 -0.07561332727493832
1.928776452613344 -0.4915142115486917 0.06812814539569863
1.984214180951029 -0.2378481913789306 -1.224646799147353e-16
1.958347811688411 -0.3540464788213545 0.0683057334271043
1.958347811688406 -0.3540464788213536 -0.06830573342711949
1.971704965208329 -0.2780237801648632 -0.06436571339413968
1.971182057143312 -0.2809726776993907 0.06495884039159497
1.981168462286692 -0.1990759227293624 -0.06436571339413968
1.980645554221675 -0.2020248202638898 0.06495884039159497
1.988723225148854 -0.1364260456023715 0.05655333984609347
1.988728815881357 -0.1365901406948768 -0.05648868730461092
1.940018377667525 -4.751674592995152e-16 0.224200561666855
1.958535518745786 -0.06611649069566004 0.1902230541488257
1.958418459807692 0.07009580466588269 0.1899031909615297
1.979654105940339 0.05713997372354532 0.1337429358987289
1.979648515207947 -0.05697587863065685 0.1338075884398303
1.849200561666855 -4.529235097653605e-16 0.349200561666855
1.923025638265735 -0.06611649069566004 0.259915118628207
1.922908579327641 0.07009580466588269 0.2595952554409111
1.880409058159312 0.0657423702998135 0.3199402320854197
1.876566013737652 -0.06645776135683122 0.3238018357479832
1.724200561666855 -4.223073397866766e-16 0.4400183776675252
1.759892164120265 0.06771249947506579 0.4239229624120866
1.759892164120312 -0.06771249947517061 0.4239229624120575
1.825101122638694 0.06574237029981352 0.3752481676060382
1.821258078217034 -0.06645776135683121 0.3791097712686018
1.577254248593737 -3.863158733963768e-16 0.4877641290737884
1.690200099640883 0.0677124994750658 0.4594328428921381
1.690200099640931 -0.06771249947517059 0.4594328428921091
1.61597498857559 0.06756664920782122 0.4842771033760102
1.616302795249835 -0.06138010432521276 0.4843069496665287
1.422745751406264 -3.484722060920353e-16 0.4877641290737884
1.538720739981853 0.06756664920782125 0.4965129743022218
1.539048546656098 -0.06138010432521274 0.4965428205927404
1.46058716011735 -0.0667872542865403 0.4973533521689686
1.460840245011819 0.05529245185598774 0.497244962370919
1.275799438333145 -3.124807397017354e-16 0.4400183776675254
1.30623773019898 -0.07887557207535326 0.4614642591237014
1.312785871285013 0.08182838032884873 0.4647605716971603
1.383332911523613 -0.06678725428654028 0.4851174812427571
1.383585996418082 0.05529245185598775 0.4850090914447074
1.150799438333145 -2.818645697230516e-16 0.3492005616668554
1.236545665719599 -0.07887557207535324 0.4259543786436499
1.243093806805632 0.08182838032884875 0.4292506912171089
1.174569974940745 0.08187407476966632 0.3830644780102621
1.17167237081248 -0.06585817623436205 0.3782238404689482
1.059981622332475 -2.596206201888968e-16 0.2242005616668556
1.070106426581499 -0.06621212224092285 0.2590434865494187
1.071574294325208 0.06738411904277548 0.2621864264048469
1.119262039420126 0.08187407476966634 0.3277565424896436
1.116364435291862 -0.06585817623436203 0.3229159049483298
1.012235870926212 -2.479262838623836e-16 0.07725424859373757
1.034596546101447 -0.06621212224092284 0.1893514220700373
1.036064413845156 0.0673841190427755 0.1924943619254655
1.010292303619355 -0.06905455990537691 0.1147033600466498
1.010670197067611 0.06828984962508032 0.116443681040889
1.012235870926211 -2.479262838623836e-16 -0.07725424859373572
0.9989913822370029 -0.06742209792259227 -0.04183806269290789
0.9980564326931431 -0.06905455990537691 0.03744911145291318
0.9984363640319945 0.06764874749700429 -0.03865263031477656
0.9984343261413997 0.06828984962508032 0.03918943244715242
1.059981622332474 -2.596206201888965e-16 -0.2242005616668538
1.036064413852664 -0.06738411904404407 -0.192494361940113
1.03606441384505 0.06738411904373139 -0.1924943619254971
1.011227253163214 -0.06742209792259227 -0.1190923112866445
1.010672234958206 0.06764874749700429 -0.1159068789085132
1.150799438333144 -2.818645697230513e-16 -0.3492005616668541
1.071574294332716 -0.06738411904404408 -0.2621864264194944
1.071574294325101 0.06738411904373137 -0.2621864264048785
1.118695938894375 -0.06927499483004905 -0.32561669495717
1.115045321773006 0.06488234729295979 -0.3214691569357597
1.275799438333143 -3.124807397017349e-16 -0.4400183776675245
1.238761238119432 -0.07007850281297075 -0.4265368319520413
1.227370409623258 0.07242557435151777 -0.4207459787862125
1.174003874414993 -0.06927499483004906 -0.3809246304777889
1.170353257293624 0.06488234729295977 -0.3767770924563786
1.422745751406261 -3.484722060920346e-16 -0.4877641290737881
1.308453302598812 -0.07007850281297076 -0.4620467124320929
1.297062474102639 0.07242557435151775 -0.4562558592662641
1.404293994410522 0.08328164699851898 -0.4873870109498745
1.384578297712547 -0.07149510150863435 -0.4853601817939956
1.35003328971053 0.09790102984632816 -0.4789839802417334
1.577254248593734 -3.86315873396376e-16 -0.4877641290737889
1.481548243004259 0.08328164699851896 -0.4996228818760864
1.461832546306284 -0.07149510150863436 -0.4975960527202076
1.540388451295214 -0.06617692660984821 -0.4962472966261896
1.549678711666823 0.07557242640089319 -0.4942648584137727
1.724200561666853 -4.223073397866759e-16 -0.4400183776675266
1.6960777328079 0.07961948191208044 -0.4557149442823663
1.690061271922851 -0.07523411700205737 -0.4591805326689222
1.617642699888951 -0.06617692660984824 -0.4840114256999785
1.62693296026056 0.07557242640089316 -0.4820289874875615
1.849200561666854 -4.5292350976536e-16 -0.3492005616668565
1.765769797287282 0.07961948191208043 -0.4202050638023151
1.759753336402234 -0.07523411700205739 -0.423670652188871
1.825451758511754 0.07622014381106101 -0.374042044857783
1.82053787169976 -0.06740253619537265 -0.3797568775874458
1.940018377667525 -4.75167459299515e-16 -0.2242005616668562
1.923248535051586 -0.06396963656482479 -0.259759232653565
1.923130492991407 0.06773112014675872 -0.2594883807824843
1.880759694032373 0.076220143811061 -0.3187341093371642
1.875845807220379 -0.06740253619537266 -0.3244489420668271
1.958758415531638 -0.06396963656482479 -0.1900671681741835
1.958640373471459 0.06773112014675872 -0.1897963163031028
1.979648515207841 0.05697587863103602 -0.1338075884401911
1.97965410594045 -0.05713997372316214 -0.1337429358983482
1.206657738680662 -0.1393534976430195 -0.4029529652423574
1.228739145495979 -0.207620791989038 -0.4305709378595661
1.30010973197901 -0.2092416237723426 -0.4639352732235003
1.347540097498836 -0.1415736043216048 -0.4718786360785125
1.204428863652176 -0.2085520589212468 0.4119357062223377
1.261181393958065 -0.237463533658136 0.4516825739458038
1.202110662678315 -0.144733748309715 0.3996697219251242
1.344079138910067 -0.1456628263618932 0.4710534822188815
1.311959979640006 -0.2023329999082117 0.4662963509585164
1.211556407892612 0.1637024550985154 0.4078066720398971
1.274146445112962 0.2445755860211235 0.4581023912679691
1.33142082625383 0.2028659369036782 0.4723247174879684
1.350880364890568 0.1371208321848368 0.4742414049942909
1.240817825198005 0.2027849809576231 0.4360065585509481
1.249882372536044 0.2183656007368305 -0.4441338918389203
1.204267220951466 0.1797437522009194 -0.4104156751412478
1.19161629306312 0.1373079216444779 -0.3930145740551182
1.301604261000646 0.1703266041978462 -0.4597115813604214
1.016837601131322 -0.2055198158652114 0.1937944248742793
1.020417107868379 -0.1352666821462995 0.1495462849292129
1.090979359060834 -0.1320702984752846 0.2880667653515115
1.054430921702181 -0.1843789249582605 0.2552368558972031
1.095344830932807 0.1492581938124421 0.2960503427482536
1.022262869060344 0.1356739686678561 0.1544295457788804
1.021251549637462 0.1994158200653164 0.1995561041474505
1.053980158281498 0.1932616987739507 0.2581743101362712
1.022819925163456 -0.1348062169666361 -0.1570781760392851
1.020800669302664 -0.201514071285815 -0.1998541120569894
1.058568437950437 -0.2029626525952475 -0.2674277556558697
1.094778730414565 -0.1366591138740929 -0.2939104952304292
1.022264906950833 0.1350328665407359 -0.1538927436465379
1.021658137399186 0.1964390413350778 -0.1985385517746393
1.091128113285582 0.1322664663366914 -0.289762957194403
1.059061420419082 0.1873765019589789 -0.2632440113653824
1.493491713419657 1.299348006322669 0.1359835559504698
1.385730887394455 1.413595452871953 0.1362146832167893
1.398055343271899 1.366299340629079 0.1964291276547842
1.453203272677522 1.312264373756437 0.1907232526169655
1.493491713419623 -1.299348006322698 0.1359835559504972
1.378655081675985 -1.416784299774759 0.1440693116746386
1.451946810685182 -1.314693291497746 0.1895734801314174
1.40633927687532 -1.366416766192482 0.1859526607036576
1.495019825398722 1.299581459065879 -0.1312783653352585
1.386223122339058 1.413930681082124 -0.1340085255417959
1.397468872875807 1.36290945027585 -0.199922561466861
1.457035798641548 1.318002803630686 -0.1772217861249543
1.389182830378226 -1.364363790861052 -0.2078049663516581
1.495613030087606 -1.297708622005357 -0.1341827682051799
1.387708099152813 -1.411756851972126 -0.1358851498452203
1.454717312220754 -1.308253473822353 -0.1930214229730405
-1.903499529961499 -0.5436104110701696 0.135983555950786
-1.939827451364503 -0.3926751904319572 0.1376796065224415
-1.89898058196732 -0.4337881307818647 0.2075878480230222
-1.894770906646354 -0.500833501248493 0.1875114046229343
-0.3751778434682748 1.916287905612571 -0.1985460193785467
-0.519033303278559 1.895209061054505 -0.1751865949154934
-0.4445161609304606 1.901005058870884 -0.2011688436981447
-0.5167847231317566 1.916095881680654 -0.1165995693660218
-0.3812285157332361 1.945316701299208 -0.126874087560895
0.2796413654947584 -1.934244615084066 -0.197984537926463
0.1218277983346327 -1.973126263521882 -0.1446239364534495
0.1505379790169053 -1.942939437789916 -0.2087870727043858
0.278767432810975 -1.960067549093335 -0.1350790476969786
0.2123991182278233 -1.921333390536382 -0.231514485952297
-1.346186717294545 1.397793629903646 0.2200546801955973
-1.410357294191623 1.352181761633897 0.1999217241075442
-1.32912853366226 1.452877816133055 0.1660436681729333
-1.453939766726044 1.340824356289849 0.1418827479117682
-1.232221806442207 -1.506366976856397 0.2102836605619348
-1.328230034159808 -1.467865019660282 0.1359835559517424
-1.211567833746127 -1.564939041578464 0.1383033207200508
-1.288613080474351 -1.481919558889174 0.1798628725073643
-1.903499529961582 0.5436104110702309 0.1359835559504392
-1.889729096439151 0.5018015103329889 0.1955896323431672
-1.9082792619058 0.4329324063317896 0.1932710451729496
-1.940922054502631 0.3969246939601813 0.131232310946551
-0.3512056910355698 1.947853321152795 0.136970954762409
-0.5059742995900585 1.913663980557567 0.1365589166805817
-0.4480965834563998 1.906211525257674 0.1909821754534246
-0.3888103487655297 1.923702701012462 0.1823231967440331
-0.5066041477544432 -1.913602013761333 0.1361132052188547
-0.3522945016089478 -1.94803234897584 0.1358131168618028
-0.3927952902300901 -1.918250884244267 0.1909543594992069
-0.4639295826980949 -1.910098610475871 0.1761868145512681
-1.332972491780824 1.459887064420409 -0.1438111965680177
-1.207596985268253 1.568384309886814 -0.1365589166814461
-1.271350391358715 1.482017162654421 -0.2003228585337861
-1.228035867797848 1.53043865752185 -0.1830292008320518
1.827799051827928 -0.7444429524823134 0.1517950454898537
1.758240346975761 -0.9095567495233858 0.1359835559507792
1.75655866877386 -0.8668360468983302 0.1893277284484772
1.787931442544613 -0.8030886564805644 0.1874953120421058
1.756930336243377 -0.9143444208122729 -0.13283545674986
1.746742329032683 -0.8723978280186044 -0.1984767381791969
1.821760116693546 -0.7810089968948031 -0.1274220924018271
1.782771315001155 -0.8162469253566125 -0.1848502110344217
1.747511821667151 0.8183227369714898 0.236169118690799
1.823651048853659 0.7658809405066405 0.1411780759473895
1.752699055933443 0.9134508898225224 0.145898250118291
1.737718938983264 0.8847262070834647 0.2066030055720647
1.793135583533441 0.7809112297540248 0.1972848516889045
1.815471891191842 0.7567132593367384 -0.1710935448309694
1.760703533480894 0.9050123716108893 -0.1352504291490976
1.754156863666316 0.866292656479446 -0.1931508130409344
1.781409472503414 0.8086642433969995 -0.1942205688369938
1.831855598364084 0.7642286797022 -0.1137823999930771
0.4299041837426435 1.932326315904635 0.1359835559507702
0.3859441408296912 1.914365653067959 0.1995229146416358
0.2746158700450821 1.960282108842536 0.1365589166808711
0.3146536280484119 1.928509998329913 0.1978461503317155
0.395854750203821 -1.909899780702521 0.2035849820027268
0.3223914675887775 -1.916910865588542 0.2145473954124394
0.267646190464665 -1.950222219531475 0.1677230226766759
0.4280111932528979 -1.932248334231294 0.1372092442187648
0.2732875034390774 -1.966194775531922 0.1115196539365303
0.9901974660786514 -1.681206146035451 -0.2009703637293362
0.9220024834659647 -1.712681002373173 -0.2119533554169139
0.8692756960567043 -1.763975143129723 -0.1717864411280441
1.015580684078427 -1.699738125231011 -0.1338869823594518
0.8762046374394403 -1.780974024231825 -0.1132540938210764
0.8717460816555735 1.736659490180634 -0.2132243059957133
1.010621674871327 1.701562420476651 -0.1380775611569205
0.870352315366978 1.777779854595418 -0.1360679795269337
0.9494687297444377 1.700183745221845 -0.2084901990882053
1.012116848255747 1.701306035099037 0.1359835559507588
0.8778284285703181 1.774339937903357 0.1364648846268804
0.9695595509228492 1.69890746599404 0.1940455937219257
0.9050417182856967 1.736420493773816 0.1908339646292591
1.016378993038027 -1.696693679319516 0.1425012365982972
0.8780422667734668 -1.771814043605785 0.1425012365982902
0.9439062662098923 -1.692622562509563 0.2254574048534877
0.8923629160952786 -1.737315499889374 0.2018414988995674
1.002742656698013 -1.678451504959725 0.1973090950662708
-1.707517224990315 -0.9566213171249525 -0.1918011994932518
-1.640372701166535 -1.105436702484068 -0.1404805907210919
-1.633960947414919 -1.065756384444732 -0.2042686133317593
-1.729442139306189 -0.9662989095131987 -0.1292404657947592
-1.665796257633205 -1.009877807289505 -0.2097429773677002
-1.087227305059876 -1.655176376012752 -0.1332266692459039
-0.9484132444975772 -1.739487542315554 -0.1293503457314779
-1.04287654186334 -1.655127848516487 -0.1923195347863718
-0.98837668274006 -1.695313430505202 -0.1818386878667022
-1.951526343232636 -0.2553655243510019 -0.1676063060171333
-1.977877156411506 -0.08741060507042719 -0.1337540237803113
-1.939210030591834 -0.1898427415380912 -0.2067022980008001
-1.957140510676386 -0.1244345509346984 -0.1845689784346522
-1.970166170380367 -0.2455332408113567 -0.1122122432625564
-1.642744316678161 -1.10266907125028 0.1410154023692371
-1.721073423911382 -0.9780638362821397 0.135983555950791
-1.649605553197429 -1.039563553042715 0.2048958944543077
-1.688707784660303 -0.9870209103725656 0.1936800671420587
0.4360619443348639 1.932012908614232 -0.1325995135341679
0.2823353127550297 1.959549273292646 -0.135153346228677
0.3337858215056417 1.925110549675144 -0.1976950902119498
0.4069103870347217 1.914654823789859 -0.1907062461194767
-1.615381918200069 1.106409910700854 -0.1879847318662285
-1.716811696554298 0.9861971487577414 -0.1341929539019591
-1.652820740721585 1.03466358272819 -0.2034050629820303
-1.636871032096685 1.119840007074826 -0.1227457836284033
-0.9363514740563743 1.710615954052502 0.2049623604023077
-0.8067412677811974 1.805282173257164 0.1430060329452671
-0.8255276985632714 1.767043968714352 0.2059058897312039
-0.9583450960184937 1.729486820432996 0.1428565697736059
-0.8740506049804742 1.737336619205745 0.2153322654773728
-1.715972246614644 0.9827471884807335 0.1423467410199006
-1.6325673110553 1.116529700103631 0.1424763902880792
-1.638773618888249 1.036985068091737 0.2237015835191881
-1.607048942347379 1.104991409763816 0.2051147800816927
-1.680890474041154 1.007392411848961 0.1904360147049212
-0.9472989740085881 -1.737663142975283 0.1371100719084934
-0.801034157339316 -1.807573475697116 0.1441238593153214
-0.9062958091726248 -1.730053052060151 0.1988410488361844
-0.8486506905474429 -1.763853304646774 0.1924745338944981
-1.940878535178627 -0.005634601780506618 0.2203062695665171
-1.976617575277573 -0.08253974930790423 0.1407633591675119
-1.97718545314864 0.08098897502741735 0.1368651401199434
-1.959540094107269 0.04764694533365823 0.1881266310783734
-1.955808758820096 -0.06284691681246157 0.1942397946035319
-0.1975459925991749 -1.969401260120772 -0.1372015721888562
-0.3527417399525639 -1.947890105532556 -0.1359835559513101
-0.3119684918890949 -1.930667879039445 -0.1947505654134103
-0.2406712109495568 -1.939135548123667 -0.1979238458727563
-1.905135815224637 0.5410488125521358 -0.1329917743418015
-1.867876130704136 0.5716188289275381 -0.1977773016067257
-1.853529624377452 0.6917212198262795 -0.1395107087161486
-1.853456390727482 0.6316703876245024 -0.190087395929719
-0.9456220195084762 1.739582567032451 -0.1346264961837345
-0.8037269354410153 1.809039159220342 -0.1359800733055926
-0.8456796268617757 1.759326997949133 -0.2010517839044793
-0.9038183403837461 1.74148216757818 -0.1830455739373444
-1.328798729277505 -1.468662817434323 -0.1323641193959444
-1.442018722619633 -1.358590669197611 -0.1300740072324096
-1.395384858268407 -1.378799605714954 -0.1825887688686126
-1.347823250405895 -1.430461467786548 -0.1750665286359413
-1.876173736170307 -0.5516270775629296 -0.1939422238520988
-1.840718031309668 -0.6204128447352166 -0.215570825173866
-1.84192891602922 -0.6909899161971685 -0.169863749459503
-1.906723389303882 -0.5401150419753599 -0.1270031167476568
-1.859202145708315 -0.6948472580728975 -0.113620433274631
1.918954777301183 -0.3409457737500364 0.2054080210588733
1.954779184959056 -0.3182231077063137 0.1332645738186994
1.928079582325012 -0.4508182274299245 0.1364338788228031
1.915365976191457 -0.405144646737656 0.1918313965240466
1.923345582136583 0.467826457144571 0.1365589166808789
1.907579221388941 0.4238098119717467 0.1975550027144162
1.921249418515254 0.3429160168703499 0.2014100449868143
1.954779184959049 0.3182231077059366 0.1332645738189016
1.922059592228348 -0.4642606021602879 -0.1439190607020577
1.955302093024069 -0.3152742101717854 -0.1326714468212591
1.918666927068029 -0.332882161674566 -0.2076286907745124
1.917103068025892 -0.4065886981802938 -0.1882272535025119
1.90530200731253 0.4008221188995891 -0.2069878664186073
1.924544239894201 0.4673265807529238 -0.1325472114682945
1.931936022921227 0.3280121166169355 -0.1854010702120817
1.958380010203408 0.3129125165535619 -0.1223337302148184
1.680451048435675 -1.046378045162914 0.1359835559507958
1.591971171590702 -1.176575703965159 0.1359835559507898
1.595616942579237 -1.132628914380935 0.1929898344130737
1.639815049687455 -1.069256048134794 0.1915884753828799
1.623863443283487 1.075821882730466 0.207678508414255
1.677007356251097 1.050551253247319 0.1391556079507813
1.591971171590734 1.176575703965131 0.1359835559507624
1.601053603149293 1.134589014765277 0.1828340111666157
1.680491905781425 -1.046783855431618 -0.135131744650677
1.636983368258984 -1.068235671088035 -0.1963131360224055
1.595877360198098 -1.129195873793934 -0.1958030193046146
1.592960335815478 -1.176073361592323 -0.1343625010720741
1.681269292870921 1.045269898628817 -0.1353975112510217
1.592781974059337 1.176765402136052 -0.1332533957443022
1.638344025458504 1.073837433481171 -0.1894608293715212
1.594828403153452 1.140169881299894 -0.185982861391439
1.271584946213111 -1.517553293404908 -0.1350775871548038
1.227225454925181 -1.518945708616063 -0.19874265211801
1.149331706216498 -1.613100421342645 -0.1322870788793419
1.181271021216541 -1.561371639131402 -0.1907598022060449
1.268822733997753 1.519510318911305 -0.1359835559508396
1.142562206417645 1.615754856456266 -0.1380775611569126
1.160231042787544 1.570837574587429 -0.1995569417138083
1.219825172762701 1.524953226343408 -0.1997356120936803
0.7341685117675072 1.836379255193525 0.1419174549100516
0.5822709309466407 1.890309278700935 0.1414361262339498
0.6481498581993118 1.825844875008009 0.225596388599667
0.597811286764969 1.86161787388881 0.1976077102670935
0.7035597576664137 1.827573052661134 0.1920015555418551
1.269047808563612 1.519218845273424 0.1362146832170819
1.144057379802064 1.615498471078651 0.1359835559507591
1.223492320791538 1.523672177010198 0.1974978566821246
1.164068391199176 1.570736128360276 0.1960254761250387
1.253101140121078 -1.528941063500357 0.1446788480990417
1.135826432529736 -1.621615673198014 0.1365930923748138
1.177354481022325 -1.554902855195935 0.2044826899116446
1.122190096189721 -1.603373498838224 0.1914009508427874
0.6774278462982573 -1.826087765935236 0.2077419063867062
0.5827535644532643 -1.89201539299523 0.1356282829316837
0.7305534613720868 -1.83983538350972 0.1359835559506956
0.6125314620007061 -1.861935405391172 0.1870081086106859
-0.193621252109229 1.969655305661214 0.1374420191620765
-0.03697602078071736 1.979089438857397 0.1366646886080297
-0.1583265120495502 1.940984547117795 0.2080201488532109
-0.07276515701529257 1.952941944640865 0.1974013451427328
-1.202220261980863 1.561485768651263 0.1620432648422872
-1.089781940531183 1.652598215734222 0.1376511068288724
-1.123798399615722 1.599715649340596 0.1966760418363013
0.1136168120901919 -1.9658419181439 0.1661420613895949
0.05458730009252548 -1.947409988063605 0.2073679187467187
-0.03998252439239576 -1.979121478670912 0.1361132052189564
-0.003486362613143897 -1.961949069483752 0.1833947035485935
0.1192581250646044 -1.981814474144348 0.1099386926494493
-1.793011083926322 0.8389361425366914 0.1359835559507868
-1.85426883984327 0.6931014845773614 0.1359835559507364
-1.789766499450089 0.795909226768728 0.1894213794262374
-1.817596728868204 0.7241778382517801 0.1934772994003635
-1.513521069321081 -1.215120241698553 0.221006550437481
-1.440462899429906 -1.353742851167497 0.1448698587267714
-1.441017417024867 -1.313751841196615 0.2082350700825263
-1.549064969931248 -1.225316139897341 0.1499017051452917
-1.461379692502129 -1.258261787534639 0.2389063417505869
-1.814008844471436 -0.7211737288858668 0.2008175356673464
-1.793361684110677 -0.8382580805165185 0.1359835559507911
-1.854268839843268 -0.6931014845773205 0.1359835559507891
-1.795419292439125 -0.7963782127018936 0.1792792972737271
0.644183482462741 -1.83421755030424 -0.213321370749072
0.7274050293100969 -1.827149551439378 -0.1716095081710398
0.5836496612325714 -1.8913848612045 -0.1363819837240463
0.7343339706928328 -1.84414843254148 -0.1130771608640722
0.6149814165071104 -1.867364223798155 -0.1750772758150549
0.1004442175846981 1.947233812066068 -0.2034199203551463
0.1214249527215051 1.975582335460367 -0.1364677478572013
0.0241424945356023 1.94841226724043 -0.2068034243104275
-0.01681255233306234 1.97110162241502 -0.1627139328119599
-0.0272203289274689 1.984695132371523 -0.1154778529657676
0.7257141251149414 1.84243936148779 -0.1341672417892186
0.5831517196949736 1.893027684496653 -0.132013177424985
0.6181213299888624 1.85894003453432 -0.1883349519861622
0.6763185401605083 1.83894611898202 -0.1877272047433933
-0.6604111122295786 -1.853718424450614 -0.1685107069384044
-0.510722321698905 -1.912635995210233 -0.1351668254429081
-0.5939267935161889 -1.857448787626553 -0.2040281374582554
-0.5432386235199729 -1.886346846524329 -0.1809047633416833
-0.663417087772574 -1.871327823263688 -0.1112100966778834
-1.530386816288455 1.221996941283665 -0.1870626128168771
-1.450954794619542 1.344605987127196 -0.1405636135347642
-1.551875930185071 1.235427037657637 -0.1218236645790519
-1.486487287771823 1.274852129673053 -0.1893701511120515
-1.941463665862488 0.3899655430060226 -0.1337515607839328
-1.965972892332668 0.2349537568466487 -0.1346112605564756
-1.937185280909152 0.2703861086956254 -0.1938175517516032
-1.925739069423789 0.3475525668290276 -0.1923259182322793
1.651666591028999 0.1352791486828874 0.4681816881205716
1.791100660612722 0.1334548697748797 0.3946626328306513
1.755959681891194 0.1978612813699723 0.4198090802137113
1.689139379183571 0.1820524555973693 0.457109953055716
1.680031876051972 -0.2003975788210969 0.4592583721137488
1.78725761619111 -0.1341702608320014 0.3985242364931857
1.751169416969137 -0.202524458914681 0.4228617257932386
1.651994397703292 -0.129092603800383 0.4682115344110611
1.715208984204704 0.2281417972400248 -0.442783178796691
1.780050353981133 0.2215798534681383 -0.3991709910064867
1.797328929652802 0.1558396257231419 -0.3897386114726228
1.668502195880989 0.155191908312974 -0.4622156736223501
1.653195474624332 -0.1414110436119052 -0.4676637002213229
1.786398581955759 -0.1426366531974296 -0.3989190325888415
1.748626015109624 -0.2219220226857426 -0.4229872963759023
1.690916498221108 -0.2021432756857025 -0.4554999362981385
1.895083154815913 -0.1325742520524908 0.2898243282299539
1.918753697221104 -0.2114138100315575 0.2500710931868578
1.954578104878977 -0.1886911439878348 0.1779276459466839
1.962655775806157 -0.1230923693263164 0.1695221454011824
1.920931279497081 0.2173633671220951 0.2457532539275031
1.898809140299479 0.1358381749656967 0.2856428613800943
1.954461045940875 0.1926704579576818 0.1776077827595904
1.962544307600455 0.1272357783894285 0.169137629672785
1.894585845084493 -0.131372172760197 -0.2903155485741543
1.955323909729846 -0.183595392322472 -0.1771786329745857
1.918688743773806 -0.2012033438252526 -0.2521358769278391
1.962884263324511 -0.1211096102879865 -0.169301606885057
1.899381689836308 0.1439512639578202 -0.2843298639734108
1.930671728017666 0.2010514630475631 -0.2331004566859558
1.957115715299847 0.1859518629841896 -0.1700331166886925
1.962760630531724 0.1247069987777952 -0.1690954075558193
0.9959635086132135 -0.2015520501643632 -0.126452061403521
0.9803097221724202 -0.2031859771784479 -0.04887886404765651
0.9970478149301459 -0.1364766578279689 -0.00438895123999565
0.9782904663116281 -0.2698938314976269 -0.09165480006536078
0.962007720626622 -0.3334306051162333 -0.1388029162054483
1.031712021400194 -0.2697084857929746 -0.2368016410201056
0.9989748937645428 -0.3387241563277427 -0.2234483083147119
0.9463539341858287 -0.3350645321303181 -0.06122971884958377
0.939064715910974 -0.3401700451376772 0.01853713924619422
0.9757952658915037 -0.2750715728801445 0.07465645004323093
0.9793747726285604 -0.2048184391612326 0.03040831009816455
0.9227819702259679 -0.4037068187562837 -0.02861097689389325
0.8931967446331723 -0.4591831779748369 -0.07490941382022501
0.9122802788849589 -0.4647108748904902 -0.1523272339139639
0.9670383616387435 -0.4038948569604338 -0.1930232270989349
0.8859075263583175 -0.4642886909821961 0.004857444275552986
0.8866701819261662 -0.4740653365581329 0.08284543340218609
0.930018366692775 -0.4251605592063874 0.1265973849440914
0.9522233019316427 -0.3437138595061101 0.1072751919989215
0.8570849563333707 -0.5295416957766861 0.03654699647585433
0.81431389959928 -0.5779532501734808 -0.008831596871176552
0.8262024026868228 -0.5768332271006568 -0.08652845763927537
0.8754058350173085 -0.5252927471164026 -0.1188588127445176
0.8150765551671286 -0.5877298957494175 0.06915639225545656
0.9011957966678281 -0.4904135640008775 0.1582869371443927
0.8796775350117553 -0.5603730421906392 0.1871231930169022
0.8247120543982467 -0.6019898477010845 0.147390583087437
0.7841940015205808 -0.6350214270733882 -0.05391906185967315
0.7298554649170577 -0.6846394115829508 -0.02336333387818557
0.7260466910072909 -0.690379052952554 0.05711251792746902
0.7819409976641561 -0.6504014020978792 0.1020119897404061
0.7417439680046004 -0.6835193885101267 -0.1010601946462844
0.7656557757372443 -0.6920851896626201 -0.1752536014607776
0.8262416790127666 -0.6482867071478975 -0.2036330182966237
0.8452859369386093 -0.5823609240163101 -0.1639462777330142
0.6835966574913106 -0.7388770143892927 0.009971385140857776
0.6294677216416718 -0.7768760820711793 -0.03787872355380915
0.7113172391337211 -0.7417031741721827 -0.14469787347929
0.6427757225271068 -0.7866645608163393 -0.1223948738812273
0.625658947731905 -0.7826157234407825 0.04259712825184544
0.6271851962964983 -0.7955017729279905 0.1201650253720029
0.735682190238409 -0.704639004904221 0.1353467087594495
0.693064700977689 -0.776473602063783 0.1756687463185704
0.5730562604468594 -0.8335008406098772 0.072314916677336
0.5120125687715127 -0.8584088403456953 0.02876710622573631
0.5151077273986145 -0.8589952994716497 -0.04663332401880045
0.5848380127677013 -0.8304032698678292 -0.08976913077023961
0.5135388173361061 -0.8712948898329034 0.1063350033458938
0.5189803998876001 -0.8929208475938153 0.1813138538963202
0.5866613969743385 -0.8804308423837519 0.220191299340635
0.6404620136926436 -0.8273587192328777 0.2053865347440609
0.4579367082122534 -0.9178288473296334 0.1377660434447205
0.3906140610000793 -0.9300173064687932 0.09850059381580981
0.3900970910388494 -0.9207348842349854 0.02069596398313428
0.4555902842878611 -0.8967893486946759 -0.01261323735024265
0.3960556435515734 -0.9516432642297051 0.1734794443662362
0.5310592878504858 -0.926964799880482 0.2516223394394617
0.474556500241983 -0.9849753355428831 0.2794690528704909
0.4019756942941488 -0.9851980980343904 0.2463619193000715
0.3282160263781694 -0.9545493011350572 0.05640936490464998
0.2622510344461303 -0.9736040073046111 0.09292611488985417
0.2645344010408625 -0.9939624518068351 0.1691017263569213
0.3346530470819747 -0.9973865571735502 0.2070964696711608
0.2617340644849002 -0.9643215850708033 0.01512148505717864
0.3931922496659511 -0.9213213433609397 -0.05470446626140248
0.266483586678619 -0.9700735613083962 -0.07311699341772225
0.3504083309114635 -0.9509681277316739 -0.09152872571987855
0.1980524391475934 -1.003734735742581 0.12781384650945
0.1288021557304217 -0.9990283471598749 0.08963226132924342
0.1283764557333734 -0.9911987839093366 0.01098582807519166
0.2005185947465799 -0.9891282674779502 -0.03660024343251807
0.1310855223251539 -1.019386791662099 0.1658078727963105
0.1351500524979227 -1.051252824677713 0.2381659676708824
0.2061750817531287 -1.066552153127593 0.2696473176542683
0.2704544517834378 -1.02751728561152 0.2419842012907566
0.06140953891093395 -1.006850839828854 0.04897985436205225
-0.007116580418922939 -1.007209650338257 0.08941474281445939
0.06589976908075108 -1.046546436095007 0.1999843824906758
-0.005925034283297107 -1.028525321933875 0.1674338227418559
-0.007542280415971263 -0.999380087087719 0.01076830956040764
-0.008585043006572188 -1.003785825680027 -0.06831228554388255
0.05934406506062362 -1.016354294619347 -0.1070976349819582
0.1331259779270922 -0.9969507601469295 -0.07725265039970924
-0.07711116233642909 -1.00414463618943 -0.0278773970914754
-0.1441679607018592 -0.9888567766929904 0.01195306440954238
-0.1447553820780279 -0.9971530855176557 0.09063319883553125
-0.07487685361020233 -1.02105456919274 0.1292222779402113
-0.1452107232924601 -0.9932625152852987 -0.06712753069474781
-0.0102248168598342 -1.021118843721058 -0.1457433416338413
-0.08116752571387757 -1.037754516243067 -0.181283424651561
-0.149334490112573 -1.009757215564157 -0.1450321117088894
-0.2128549430340589 -0.986270964613524 0.05138306523225885
-0.277509372309596 -0.9602872790576492 0.01361476257769759
-0.2800453448464958 -0.9635711183751869 -0.06554293392891043
-0.2163912884780031 -0.9944693560677167 -0.1052016502078716
-0.2780967936857648 -0.9685835878823145 0.09229489700368647
-0.2830958845335281 -0.9893439092366801 0.1691550474614517
-0.2153047423497811 -1.028492113742183 0.2040139447836486
-0.1435638359424021 -1.018468757113274 0.1686522787629278
-0.3452871954982017 -0.9458837416439774 -0.02463110215748281
-0.4057884196432718 -0.9132573217277868 0.01552757923919291
-0.3477503138090652 -0.9633602236808053 0.1313867448068904
-0.4090364685636851 -0.9222625842291921 0.0964171463269006
-0.4083243921801717 -0.9165411610453247 -0.06363011726741512
-0.4154050165416852 -0.9311226306973286 -0.1411481913476553
-0.3562540952802549 -0.977211805860714 -0.1789286651018287
-0.2841691116666088 -0.9800658186540447 -0.143447514943052
-0.4759062406867554 -0.8984962107811381 -0.1009895099509795
-0.5289937580873021 -0.8527420469021366 -0.06384860456954647
-0.5287309807894254 -0.8480219164023199 0.0156939006128014
-0.4720736652456551 -0.8929200036305392 0.0574181312169683
-0.5360743824488157 -0.8673235165541406 -0.1413666786497866
-0.4238359437868386 -0.9591668555965274 -0.2162880577853931
-0.5035309977596415 -0.9481262945136248 -0.2482388786285618
-0.5529086044863453 -0.8905004399671848 -0.2153611352676063
-0.5888991225514857 -0.8168492221753224 -0.02468326808600569
-0.639209861626346 -0.7734490661242679 -0.06424314385525176
-0.6432903009097204 -0.791450259398064 -0.1407503873482399
-0.605996121886892 -0.8447462760881832 -0.1782202298861732
-0.6389470843284693 -0.7687289356244511 0.0152993613270961
-0.6463156924734974 -0.7735055693750724 0.09331162879688262
-0.6026354648145729 -0.8278430179581595 0.1309773990355469
-0.5319790297098386 -0.857027178903725 0.09658346770050907
-0.6966264315483578 -0.7301054133240179 0.05375175302763656
-0.7367270661231851 -0.6749403878415638 0.01289504425652897
-0.693338262686704 -0.7433299728471927 -0.1007677579351381
-0.7334816439189393 -0.6861192772713884 -0.0656500365665761
-0.7440956742682132 -0.6797170215921851 0.0909073117263155
-0.7600787225961314 -0.6928271686070337 0.1682641513056884
-0.6603148120344613 -0.7892194956577263 0.1694297907360874
-0.7289284754445324 -0.7573351206081022 0.2050317453946065
-0.8001793571709586 -0.6376621431245797 0.1274074425345809
-0.8284146698121009 -0.5731765811667019 0.08917741727131327
-0.8221835186289879 -0.5708321794346473 -0.005097504834151705
-0.7809508866387946 -0.6357308855395556 -0.02849447786789716
-0.6601245229472499 -0.8146271828111081 -0.2147448439660595
-0.7316444943151469 -0.7903378702824659 -0.2520223534569194
-0.7375620832023136 -0.7041204705451846 -0.1421572800595642
-0.7463456173251455 -0.7306499574957237 -0.2068613620553317
0.7958149501418873 -0.7064704928099533 -0.2472706971296292
0.7763123665566924 -0.7737173556851666 -0.2838459789185348
0.6666875302597507 -0.7952303619688326 -0.1965882806957204
0.7101100223677916 -0.8111328603690739 -0.2651831825825041
-0.8443977181400191 -0.5862867281815506 0.1665342568506862
-0.8707666716956541 -0.6069070762219091 0.2404761202459423
-0.8507782447345984 -0.6780938001451715 0.2716537982994083
-0.7850121583472778 -0.7152802421404968 0.2415318762028719
-0.8990019843367965 -0.5424215142640314 0.2022460949826747
-0.9170101281956993 -0.4711199903716933 0.1724007891020833
-0.8993614659297428 -0.4542856630564009 0.09414077691791199
-0.8664018795980484 -0.5194567644916182 0.03402930948195365
-0.9433790817513343 -0.4917403384120519 0.2463426524973394
-0.9053825109313757 -0.6342285862276522 0.3073656364313968
-0.9806620542609374 -0.5180397518006794 0.3109853365366949
-0.9732321154041026 -0.5883535197275342 0.3347597442899106
-0.9437385633442806 -0.4036044872044214 0.1382373344325766
-0.9747316017579495 -0.3478259088526732 0.1873504119908379
-0.9986701981198403 -0.4467382279083414 0.2811400306561034
-1.00984371937479 -0.3658324717222963 0.2603026932922214
-0.957082939491993 -0.3309915815373808 0.1090903998066666
-0.9474021630007274 -0.3174917419164577 0.03146730103637048
-0.9337353187173831 -0.3791877700377237 -0.02461342550004391
-0.8931303147466298 -0.4519412613243463 -0.0001341451875529857
-0.9783952014143962 -0.2617131635647095 0.08058037859463171
-0.9951230422002444 -0.2015115490874421 0.1295532744994983
-1.028639894827637 -0.2112275354788972 0.2142008117089932
-1.023188095522503 -0.2932195660552557 0.2311557586663114
-0.9854422657089787 -0.188011709466519 0.05193017572920216
-0.9832146936219542 -0.1764834533967252 -0.02675643622944488
-0.9550475806397865 -0.3099093520650524 -0.05312344671207879
-0.9853596773021933 -0.2351494024056922 -0.07856617129016291
-0.9999425344078023 -0.1162818389194578 0.02221645967542167
-1.001924488704883 -0.05337507681498743 0.0722266617767179
-1.020941625532611 -0.0667892539598562 0.1481126094293102
-1.035686959122219 -0.1375260813807068 0.1855506088435637
-0.9996969166178586 -0.04184682074519357 -0.006459950181929148
-1.004896797443472 -0.03051332784794076 -0.08492107787016917
-1.019696761827685 -0.09295006733751518 -0.1317052466207751
-0.9998599460010169 -0.163419531858631 -0.1082798873439434
-1.006878751740553 0.03239343425652962 -0.03491087576887295
-0.9939479140505234 0.09413032732648743 0.01326253990449187
-1.020696007742667 0.007645764214408038 0.1194361995719594
-1.005330996561675 0.08570023254598355 0.0919841980614461
-0.9991477948761367 0.1054638202237402 -0.06519858778374815
-1.012079697936399 0.1177615758962789 -0.1421087376717542
-1.026878596950379 -0.01870981233579199 -0.1601561722077189
-1.039881923834886 0.05807915740396287 -0.1843767802303211
-0.9991488602463692 0.1794984689662367 -0.09393532199838939
-0.9718473483166317 0.238862224699888 -0.04891526361863905
-0.97442099972462 0.2299313327786313 0.03051505164983799
-0.9976000396972586 0.1587706185131942 0.0616964860465709
-0.9847792513768936 0.2511599803724266 -0.1258254135066451
-1.005993592465376 0.2653564173255062 -0.2001736391292078
-1.039882989205119 0.1321138061464593 -0.2131135144449623
-1.045367364432244 0.2098763048687673 -0.2370608990997164
-0.9786920805356387 0.3247201730591575 -0.1551535807494575
-0.9384320108491434 0.3795100674829353 -0.1152696336262202
-0.9600513908551442 0.3015928441848212 -0.001375039858417727
-0.9327517853230192 0.3649035419557318 -0.03418411593812611
-1.024348133389402 0.07228605540111477 0.1678701457140384
-1.060098979771461 0.05926417365198488 0.2390250520196381
-1.083294223976556 -0.001635810088854401 0.2640792403812364
-1.054458478160003 -0.07650524035131129 0.2327601466388051
-1.0546818882191 -0.004357582085611544 -0.231160948980927
-1.091770727746431 -0.0513377236689153 -0.278028993430776
-1.063742122855699 -0.1380764935727851 -0.2555657213219186
-1.021841745507924 -0.1516160163464822 -0.1835149816814931
-0.9596463519376262 0.3937065044360148 -0.189617859248783
-0.9894461266925143 0.4117208453119198 -0.2594942557939303
-1.04153069772915 0.362033777295922 -0.2930873183834257
-1.039280193590989 0.2834364975554982 -0.2663890663425288
-0.9491860570060191 0.4665107397356976 -0.219610308670693
-0.8972551866682239 0.5157766848977886 -0.1854446916814507
-0.8781572004072304 0.501841550274988 -0.1077011497696639
-0.9137060567250066 0.4338898733325892 -0.06864839443745158
-0.8196279975829994 -0.7426017521462398 0.3084213923883263
-0.8585121727808771 -0.7877261926923302 0.3705969209013716
-0.9372292817359416 -0.7457256462477715 0.3895020748515557
-0.9532436884430469 -0.6595402436507964 0.3659374223433766
-1.047126691884393 -0.3921318851109238 0.324945377331577
-1.091799448582284 -0.4239808155254248 0.3755902832473578
-1.028523231772609 -0.5433514092238237 0.3695571224486747
-1.085443845467311 -0.4931665286885385 0.3881160082806004
-0.9270549614231122 0.5337910257736935 -0.2553210882265979
-1.031070402797543 0.4348380125956047 -0.3230797678053358
-0.9699542598135971 0.5558630937897809 -0.3220446134816038
-1.028218077103369 0.5114008769336509 -0.3463839743805313
-0.8560261048243235 0.569121836312984 -0.1434119293255688
-0.8212131755640174 0.630532401452186 -0.1870045066334921
-0.9180233894758021 0.605129038951872 -0.2878789964923615
-0.8589891139938951 0.6564026025356891 -0.270010357384304
-0.8021151893030238 0.6165972668293853 -0.1092609647217052
-0.7928388354910165 0.6091117265514832 -0.02731625181887882
-0.8724769748811062 0.4872350247477846 -0.02661563208156973
-0.8472424860753796 0.5493834440303946 0.02858514905344947
-0.7580259062307104 0.6705222916906852 -0.07090882912680202
-0.7114963109165098 0.7205537513284561 -0.1153803936769655
-0.728607364789098 0.739314524098085 -0.1922235011215253
-0.8050781984725954 0.7038780330520904 -0.2358593927804404
-0.7022199571045025 0.713068211050554 -0.03343568077413905
-0.6995111888808112 0.7156790022836373 0.04589586512646023
-0.7596616025980067 0.6732331455516728 0.09078459069287602
-0.803153203003066 0.6033084688916945 0.06693728464835266
-0.6529815935666108 0.7657104619214082 0.001424300576296805
-0.5969342582424733 0.8029804962552129 -0.04147681678312107
-0.6084563554958728 0.8114188312084782 -0.1195612522925107
-0.6728014156628901 0.7818604434579537 -0.1547503527688623
-0.5942254900187821 0.8055912874882964 0.0378547291174782
-0.710423239060115 0.7258753964225271 0.1256445720433119
-0.6661693853356025 0.7885728099098399 0.1572705609919245
-0.5965473870273508 0.819066373135072 0.1188861620840092
-0.5497002519480443 0.8512996567753663 -0.08313082375132928
-0.4831398285324043 0.878174631607048 -0.04929042173019878
-0.4760885336732552 0.8789225994435739 0.03014078201290624
-0.5405000517032135 0.8563364074688768 0.07598504472459133
-0.4946619257858039 0.8866129665603132 -0.1273748572395884
-0.5091900258128665 0.9107058491746252 -0.203698275228502
-0.5841762929678959 0.8895001328560403 -0.2317066172493924
-0.625567409368461 0.830179603978107 -0.1964043597370705
-0.4210502075110149 0.9142359092285207 -0.01410325147535286
-0.360258873817043 0.9352196553144083 -0.05932702263720634
-0.4426296023972266 0.9375808240063068 -0.1698578732073714
-0.3693444333867718 0.9503322521245332 -0.1385084953149306
-0.3532075789578939 0.9359676231509342 0.02010418110589868
-0.3504379744749095 0.9457974969679448 0.09891091561863422
-0.4223307163252878 0.9370086770719996 0.1429605810398442
-0.4784104306818239 0.8923976850903496 0.1111722149794372
-0.2896466407809377 0.9667812430538323 0.05368714445678072
-0.2230336457991281 0.973664189563111 0.01099973537691883
-0.229215394277111 0.9778816900979883 -0.06814351523953401
-0.3015018048336507 0.9720639660469467 -0.104301062733679
-0.2202640413161437 0.9834940633801217 0.08980646988965435
-0.3587697781483317 0.9678222969748979 0.1765435443907262
-0.2893187146535349 1.018394508569261 0.215974170612002
-0.215197325546313 1.005117018790661 0.1682804596994159
-0.1598327948123171 0.9945945104242777 -0.03202418980666037
-0.08943517180149396 0.9959285953622811 0.002379142245463775
-0.08320897989280751 1.002033009371932 0.08182574214470528
-0.1485843305645034 1.01199996529994 0.125593050619554
-0.09561692027947688 1.000146095897158 -0.07676410837098906
-0.1019745293355496 1.018880585134882 -0.1531414242945126
-0.1757961913326709 1.027497903957664 -0.185128087649797
-0.2383009538468397 0.9929942869081134 -0.1473249879172583
-0.01899310535996732 1.007584594844813 0.03708582358037659
0.04560690592214197 0.9977842360698403 -0.006323331841968864
-0.03157690632472651 1.020214670072885 -0.1187380922423885
0.04083773297180487 1.006465518656317 -0.08597213473308016
0.05183309783082841 1.003888650079491 0.07312326805727264
0.05763830789592434 1.020718647284411 0.151029039888099
-0.00714048538599942 1.043702138364898 0.1889205622880583
-0.0781422641229768 1.023655964782471 0.1602997319544668
0.1222383191780336 1.010918288509439 0.1076198844657535
0.1861835887549395 0.986345293725355 0.06820361640036418
0.1832098551458113 0.9826547138528521 -0.01192668897694271
0.1116639361626006 1.002769573890996 -0.04993469025618412
0.1919887988200354 1.003175290930275 0.1461093882311905
0.0632647359612058 1.050731776794847 0.2234171786965392
0.1353848903477707 1.0680113846802 0.253727035610675
0.1973083745253323 1.033911112877073 0.2233975440656961
0.2529603347878131 0.974911716273688 0.02656281478849429
0.317579471884656 0.9521159447007168 0.06201675764151615
0.3310350153665458 0.9650662564972915 0.1447035552051224
0.2612536441022382 1.009338118092989 0.1839812760003067
0.3146057382755277 0.9484253648282139 -0.01811354773579073
0.3164909753211947 0.9573938505508195 -0.09386106840670211
0.1784406821954742 0.9913359964393287 -0.091575491868054
0.2476489826458841 0.9980803821422507 -0.1396815483760117
0.3811101124180375 0.9345980789778483 -0.05840712555368026
0.3926804188542604 0.9385799050518174 0.1000271926808374
0.4349408665103547 0.901051662968533 -0.02466623477339618
0.4341900848197738 0.9012318379836839 0.04041482200774855
0.4368261035560217 0.9100201486911386 -0.1004137554443076
0.4497803110986366 0.9281261767186813 -0.1747290376364915
0.394598595105246 0.9745988926242356 -0.2061983873336654
0.314153356788394 0.9842530962918851 -0.1799751261939012
0.4107449704053882 1.00551920837917 0.2638144934645223
0.4754790392976692 0.9595301591932157 0.2480389334972163
0.4807798369012663 0.9106536016167922 0.1793463691319769
0.3363545910718427 0.9958020784440896 0.2219917110396279
0.4476456283016637 0.9141821497802586 0.1231016195713548
-0.726319799052798 0.7461269531778754 0.2021592865583403
-0.7909591060147865 0.7167025705900241 0.238461226318931
-0.8140652531823698 0.6135048630305842 0.1466859915652043
-0.8243980955038879 0.648549274646564 0.2139995568055796
0.5036110651909538 0.8945797607093658 -0.1409881468562074
0.5501694145327048 0.8500317572229606 -0.1109426577493882
0.5454691863264995 0.8383650957542973 -0.02366768534856036
0.489906075957758 0.8766539076969742 -0.00159180788287875
0.4613835567401781 0.9591585046424629 -0.2467727787455652
0.5332530481699023 0.9534957305507994 -0.2791820448129859
0.5835513917872073 0.8977581433460282 -0.2553756749768745
0.5631236220753197 0.8681377852505033 -0.1852579399415722
0.4780713321765115 0.9999684464563539 -0.3106513945101598
0.4290405457268278 1.055149145906187 -0.3366486075879935
0.3562620090450251 1.053336175676343 -0.3140851528951241
0.3257566024299354 1.015285424215667 -0.2520188673029749
-1.080302648140005 0.461713808917653 -0.3799770369700267
-1.080904469696017 0.3065536648391831 -0.3299745783539343
-1.139059169306256 0.4167220543179023 -0.4019162328845377
-1.129011958374991 0.3314818877732976 -0.3810111628706785
0.6002391672235409 0.938568085159919 -0.319254290741469
0.500910037156552 1.049486371814523 -0.3690578736554143
0.6226542235305943 0.9892876740894136 -0.3734262919472015
0.5817833535308494 1.048861856813291 -0.3915440752517285
0.6729525671478993 0.9335500868846425 -0.3496199221110901
0.7177189078508588 0.870793952556242 -0.3325955706614663
0.7000287717263971 0.8213837291037981 -0.2730571285041927
0.6301097411289585 0.853210139859623 -0.2253301858700553
0.3791007140250655 1.102854101034512 -0.3724916320403786
0.5327525670811656 1.104042556263123 -0.4175412883295624
0.4089420724510666 1.15587675363505 -0.4172140912744791
0.4930372434102216 1.165069258556003 -0.433842617656903
0.7401339641579122 0.9215135414857367 -0.3867675718671988
0.7700060696123923 0.9809566655734017 -0.4292324652473246
0.7276887980343855 1.046818911285246 -0.4395368944437353
0.6544967534552079 1.043843858538014 -0.4219097066213496
0.8147724103153517 0.9182005312450012 -0.4122081137977008
0.8694876506532234 0.8400276503111344 -0.4038825413108846
0.7672101687364099 0.8093471837048924 -0.3102047782603014
0.8248255376595985 0.8027561621862502 -0.359681933551038
0.8368982698322147 -0.729918873170444 -0.3122253957543809
0.900441532770843 -0.6921173952685776 -0.3334085288076047
0.8754451113432523 -0.5967462271636433 -0.2359633734018659
0.9132789880353556 -0.6162154526395892 -0.3032361629764394
0.8809389491856483 -0.7593642581437909 -0.3699838105965103
0.8684314195507499 -0.8334616206623291 -0.395242629453431
0.798239718584782 -0.8671506767657345 -0.381077758514121
0.7511933420581192 -0.8345812407295647 -0.3301378812072557
0.5422374973287214 -0.9724853303328196 0.3183464983148058
0.6156500067947639 -0.9705838971200411 0.3474341224428113
0.6525409016555292 -0.8614026715195443 0.2756950202872024
0.6467738092068451 -0.9171272164208564 0.3251061623965045
-1.019186505156059 0.5827388901118293 -0.3789418826462948
-0.90188841238438 0.6784746705517763 -0.3367338826393098
-1.034541851317402 0.6586017280764536 -0.4075940234979472
-0.9657011834168474 0.6862459046895074 -0.3856422301564868
-0.2849582624730815 -1.023268749540674 0.2431057925868525
-0.3568344483451997 -1.029217815819914 0.2740839453828751
-0.427173488538546 -0.9786658659557685 0.2506410380801383
-0.4140355594114484 -0.9430229055835577 0.1732772967846658
0.9319746824893782 -0.7956601427604628 -0.4164257625066549
1.001119399973205 -0.7605063964925901 -0.4299356331393122
1.01119133465204 -0.6832220357142613 -0.4138172171245791
0.9573196673887892 -0.6456608376129361 -0.3609945778185688
0.8492754518885119 -0.9034465613824063 -0.4275197104242655
0.9886118703383068 -0.8346037590111284 -0.4551944519962329
0.9076637324848966 -0.9451638890468431 -0.4605464728636475
0.9820031762537059 -0.9115260596066046 -0.467129997763478
0.8374720315189287 -0.9788529451502486 -0.4463816019243375
0.7655777269112758 -1.014090562747792 -0.4408907142870302
0.7320373743958812 -0.904566181449642 -0.3624149621780902
0.7102046933219687 -0.9780236533033089 -0.4081411030439123
0.5591472191862612 -1.028594432782442 0.3752808358738405
0.5146365349761977 -1.085061264451121 0.393122612869762
0.4131539037723844 -1.030718628486728 0.3130860781754156
0.4205947123450196 -1.084947930460826 0.3706397812185543
0.5880490444422402 -1.083159831238343 0.4222102369977676
0.6666467007074866 -1.086114162074719 0.4395171757295976
0.71461416905838 -1.015440187660579 0.4271282784532904
0.6636835310643847 -0.9732363188704791 0.3820404999555393
0.6221360164974232 -1.142580993743398 0.4573589527255191
0.5761481892117783 -1.206413755688343 0.4660562123250354
0.4978230615404329 -1.199762180811045 0.4566360336695461
0.4494965376009986 -1.139513328916726 0.4175691823424814
-0.7467052522902741 0.7793999840773369 0.2700872152675435
-0.7122124677934812 0.846131955867085 0.2973350876757445
-0.6276127619134413 0.8806136441573622 0.2743096910073521
-0.6124439470200338 0.8393179298904203 0.1954008765990376
-0.7768517747554697 0.8167075732792337 0.3336370274363352
-0.8469752484790001 0.7942661895381977 0.359448242068112
-0.8767938998496364 0.7227427545071519 0.3415078656642676
-0.844783548741364 0.6818223055460255 0.281927485514783
-0.8124824639822072 0.8609981613279458 0.3866961144763129
-0.6577592843786368 0.917921233359259 0.3378595031761438
-0.7139691265580949 0.9536242728246042 0.3915458540232556
-0.7879733124945471 0.9313140175538268 0.40637630934463
-0.9124245890763738 0.767033342555864 0.3945669527042453
-0.9564037861192998 0.8173583163335417 0.4358147952208972
-0.9307222337964376 0.8918796775462166 0.4463569787996006
-0.8580967862180773 0.9088726338127908 0.4321875239764068
-0.9862224374899362 0.7458348813024959 0.4178744188170528
-1.010415548364729 0.6710637305803244 0.4069594386705908
-0.9695422478742248 0.6245939901032249 0.3619549842478921
-0.9102328893387377 0.6545894585636918 0.3170461961509163
-0.2890433061614527 -1.068366020325417 0.308942842705072
-0.2322782393070092 -1.113027560178001 0.3349924130610283
-0.1430167168025103 -1.10060615293535 0.3129290005053124
-0.1454262138819555 -1.052393597417268 0.2426030238883287
-0.3041544251791274 -1.118976626457241 0.3659705658570508
-0.3755108341667446 -1.136924521487258 0.3896518007917797
-0.4312585322269172 -1.023763136740512 0.3164780881983578
-0.4207178105994084 -1.08594869349261 0.3692664328360641
-0.3187457673123011 -1.181586061339841 0.415701371147736
-0.2680775843727876 -1.22998049157051 0.4307700290182856
-0.158127835820185 -1.151216759067174 0.3699567236572913
-0.1880566733851159 -1.20592783429637 0.4138949457298474
-0.3394339933604048 -1.247928386600527 0.4544512639530145
-0.4159449159640106 -1.267054638121726 0.4652141922036762
-0.4804542066800336 -1.202144809318879 0.4553589464880526
-0.4353091527325821 -1.14855812837521 0.4189972381267493
0.8993597561077036 0.8994707743987993 -0.4463474346910105
0.802327244191825 1.043505901044511 -0.4649774363742374
0.8814590674313634 1.045817043991638 -0.4757452572224738
0.9269526836656368 0.9740742465724085 -0.4723032160798155
1.013638359986667 0.759860652795874 -0.4436209568822508
0.9816679240035084 0.8959013656385415 -0.4639776435929993
1.030028878213344 0.8301345553451317 -0.4626799950059647
0.9094128834519504 0.7840264053400481 -0.3938212544443477
0.9576348453135213 0.7533077876767319 -0.4113082718125006
0.8391417958533565 1.111679289703483 -0.4860496864188845
0.7970608807576581 1.178077882162703 -0.4876409300514112
0.6868179280346406 1.106393094009123 -0.4576546777482624
0.7222911611205249 1.173191730874142 -0.4838981765045179
-0.4443800764982112 -0.9942154696770101 -0.2860193523827352
-0.3892842574229686 -1.049157741346591 -0.314319028538687
-0.2926000389117622 -1.008110043553244 -0.2185873813807899
-0.2972611146752271 -1.0505307227758 -0.2893097852209632
-0.4689793113957715 -1.038117180263688 -0.3462698493818557
-0.5466315983734571 -1.037461637842168 -0.3697897614919352
-0.5734527371977178 -0.9255490540476674 -0.2850924298649483
-0.5928330472623052 -0.9767344463714516 -0.3487038921766747
-0.4915357792982146 -1.092403909511749 -0.3980894376478871
-0.4430228125890484 -1.15331156205636 -0.4168862745195688
-0.3652445621772699 -1.148021900485788 -0.4020160858479506
-0.3218603495727874 -1.094432433362478 -0.3495602822200837
-0.520675099566734 -1.15265601963484 -0.4404061866296484
-0.5988472069574385 -1.158075453109681 -0.4530321108106415
-0.6481986404489306 -1.093298273890827 -0.4429336637651486
-0.6153895151647482 -1.031021175619512 -0.4005234804427061
-0.01323841764668177 -1.050322985182387 -0.2200687740896367
0.05633153480489855 -1.074312094968281 -0.2525508840549484
0.1242562043420518 -1.048960156625085 -0.2288375426924982
0.1314862040738302 -1.014283778187961 -0.154683706489668
-1.054394745407655 0.7213887043580022 0.4482072811872426
-1.00452008221 0.8706812162928486 0.4696644449124081
-1.104533210411379 0.7759253134886145 0.474538882246245
-1.082581402995723 0.8519093622292311 0.4784666923262266
-1.128726321286171 0.701154162766443 0.4636239020997829
-1.150869958491558 0.6250336728981045 0.4592078495423674
-1.037714555791943 0.6001478131587312 0.3922878466180819
-1.099448880870047 0.5717027542080459 0.4276074063957802
-0.9062130823087775 0.9621955337720977 0.4660371736679177
-0.9541073354852622 1.020231874367785 0.4880746413177441
-1.025407005796938 1.021535473008993 0.4895102240095131
-1.056899850672861 0.9264307234419059 0.48900887590493
-1.201008423495282 0.6795702820287168 0.4855394506013697
-1.255713553261146 0.7363508139644528 0.494890386459503
-1.234006038305707 0.8127099209083946 0.4934552276770379
-1.15691297887424 0.8316748206376718 0.4938833132387669
-1.277857190466533 0.6602303240961143 0.4904743339020874
-1.299520815889059 0.5838448279436612 0.4904783600554272
-1.245895956490349 0.5273282293895358 0.4784874174264324
-1.171730983079158 0.5501188734703197 0.4495229548973669
0.07060609706584696 1.090994875760687 0.2916185580106343
0.005977243301160908 1.124935574703446 0.3211634885812396
-0.07251583605769535 1.053669094292907 0.232687870762907
-0.06772442016720488 1.098612184924187 0.2996080140587664
0.07809739768772583 1.142215182588799 0.3514733454953754
0.1503025813127389 1.1665093162103 0.3729255192276833
0.2046497356299735 1.074174211842914 0.2915989233797912
0.2135819885843348 1.125077335996103 0.3517025369123026
0.08567372754805289 1.200450015153059 0.4024704497982885
0.02200225122765059 1.244029703462601 0.4222165304407787
-0.05027361810682334 1.213917068383853 0.4089600092404846
-0.06023311954532601 1.149832491752299 0.3594628015435075
0.0942074348526637 1.268323837084103 0.4436687041730866
0.1668899776411249 1.29711763081084 0.45474589210516
0.2300563672532998 1.250688394169758 0.4436001544686271
0.2211583184446619 1.183312168560362 0.4026996412152157
-0.5321439695793186 0.9404679903020341 -0.2741896332171755
-0.4875711233656979 1.000206603119064 -0.30673023650887
-0.3838725334138343 0.9744251347388453 -0.2148319133038442
-0.3965573817608962 1.015291801436636 -0.2858412590717329
-0.04173991080221254 1.281790890314897 0.4501582636152827
-0.03337086814769366 1.355848900356423 0.4769746008707824
0.1032185013207226 1.340697319120383 0.4744919727476502
0.04302930944485635 1.387953755983184 0.4810961196950195
-0.1056467374821676 1.325736265277675 0.4637180796704883
-0.1783770002215675 1.294557193889943 0.4583463944575412
-0.1865458043456508 1.221853930044745 0.425526197965448
-0.1239752815751891 1.187593678604595 0.3874045347180115
-0.5503342402482724 -1.218983105654292 -0.4718289476823233
-0.3943838824457894 -1.208274010608879 -0.4443328348297119
-0.4241641571452361 -1.276892697784959 -0.4737010946628649
-0.5017064334160107 -1.282521411398375 -0.4784537960193415
0.748701141113563 -1.074861350165635 0.4622769941810418
0.7809958920333162 -1.15082727749095 0.485625206770661
0.6547458454770247 -1.20936808652472 0.4833631510568653
0.7350439349854356 -1.216065336846062 0.4873325202627595
0.8289633603842096 -1.08015330307681 0.4732363094943539
0.8715548908392297 -1.014952358778475 0.4694392826954515
0.7991556140074625 -0.9304486740146689 0.4141880576320669
0.8488230135404641 -0.9595639923244841 0.4504330203783973
0.7457379714704612 -0.9619835069613948 0.4048003184069836
0.9038496417589829 -1.09091828610379 0.4927874952850706
0.9380791328273863 -1.162103236441244 0.497166293832136
0.8954639745579114 -1.2278002245535 0.4934640562946523
0.8153061542560822 -1.221357289757237 0.4982918355760715
0.9806706632824064 -1.096902292142909 0.4933692670332336
1.0271060378322 -1.031885903404947 0.4943308631047815
0.9949633669763351 -0.9620920866305196 0.4868115745475065
0.9237092949152373 -0.9703289753514643 0.469984206169114
-0.1700079575670487 1.368615203931468 0.485162731713041
-0.1612920845884069 1.446220902838326 0.4952215446480512
-0.0208775172350987 1.431899130945962 0.4946559357502252
-0.08574359480070637 1.474843425637046 0.4939288270982289
-0.2340223473278068 1.415041831450594 0.4898498594351042
-0.3064718611661546 1.381765516027198 0.4895405085217102
-0.2509070244305319 1.264732868698538 0.4469708500080007
-0.3141583432641202 1.306497363510099 0.4754610078913943
1.067828522500968 -0.7221656519649269 -0.4525859066141571
1.127714418317127 -0.7647072661523688 -0.4795622084336845
1.121532881678018 -0.8431985875905075 -0.4841603316232234
1.051147893737533 -0.876372313338732 -0.4806398683961353
0.816795959710533 0.6911176005252131 -0.2618491210014893
0.6796010020145096 0.7917633710082732 -0.2029393934688904
0.7747970743984927 0.700376587208814 -0.2034987188707952
0.8071354015351369 0.7533459387338062 -0.3001434913937644
0.7274510545210442 0.7413781752221222 -0.1749992638604417
-0.3652767330244971 -1.315449068352395 0.4802828500742258
-0.308978158459715 -1.371134594221166 0.4846144902764835
-0.2314897596815487 -1.350868096105057 0.4812211716172453
-0.2087448994332196 -1.272270159557056 0.4526448385351258
-0.506296946344126 -1.269665491070746 0.481190532609264
-0.3854890810633209 -1.390260845742366 0.4953774185271452
-0.4649680697740959 -1.410231113572786 0.4934653408171272
-0.5268894825348129 -1.350795033213796 0.4955203636182525
-0.5862521929098792 -1.126641500164084 0.4389306788109307
-0.6539164244449287 -1.227520739184933 0.4844815194112988
-0.5913987732508359 -1.285885204410948 0.4856651179026288
-0.6282334784957426 -1.166774357252864 0.46904453651466
-0.5256611831126974 -1.15116898132423 0.4349735785323371
0.8239660075076605 -1.055807890412229 -0.4739174767264122
0.8856675794150745 -1.098383193914834 -0.4891340519992563
0.9701997558841227 -0.9869324433744467 -0.4859918892635499
0.9592009914716866 -1.06905112244748 -0.4895953693896288
0.8137732748074216 -1.133620811512378 -0.483643164361949
0.7408320388869343 -1.165979409821758 -0.4823766463755869
0.6792959978853554 -1.123435219914353 -0.464479675955883
0.6966986693107005 -1.05497859856529 -0.435676977845987
-0.6778577811304691 -1.159625359910279 -0.4743564248178236
-0.7073341571143299 -1.230528177288529 -0.4916277368102161
-0.6625398347851501 -1.29582678805131 -0.4916327323685621
-0.5798785408067153 -1.287940844873217 -0.4910797202003346
-0.7566855906058221 -1.165750998069675 -0.4815292897647232
-0.8034062143869471 -1.100635149757021 -0.4783560103459227
-0.6944000893377787 -1.032571082420111 -0.4218477944498882
-0.7713240811643363 -1.031340055623486 -0.4529441658415516
-0.8328825903708079 -1.171537967135271 -0.4956273223383151
-0.7413676442605031 -1.301952426210706 -0.4988055973154616
-0.8659294787850371 -1.243089209552093 -0.4971420613974916
-0.8199304447808098 -1.30710262570946 -0.4920151148186545
-0.9126501025661622 -1.177973361239439 -0.4939687819786911
-0.9569805623259815 -1.112469499562884 -0.4959513299181929
-0.9231165821545004 -1.041067670421581 -0.4880882353121527
-0.8475210809293222 -1.037127024689082 -0.4670421984151436
-0.971692833018849 -0.2968454305269582 -0.1346468978265773
-0.9804162933276037 -0.3578704812033852 -0.1870771151638423
-0.9370186180650983 -0.4281390907783362 -0.1646761015103752
-0.9007757323856889 -0.444358871472941 -0.08472489293600226
0.8761927039971964 1.180389025109831 -0.4984087508996476
0.957150046757012 1.182915044903354 -0.4933841264010149
0.9964661288723324 1.115102868614476 -0.4971825768065312
0.9637672353271682 1.042247635231381 -0.4933754661244626
0.5304328905200345 -1.266549273592366 0.4826402320008924
0.5628268582109777 -1.338084174599923 0.4960184850422545
0.6890561076997908 -1.279898098791007 0.4960297798622758
0.643202835823367 -1.34609458964556 0.4933886322127197
0.4845017305396323 -1.331432599722625 0.4865983063867654
0.4066962684471537 -1.326770432024626 0.4847859948468726
0.4037812389092548 -1.199648846820749 0.4341532020183384
0.3900101726083809 -1.264813958585855 0.4681407726520161
0.4390902361380969 -1.398305333032183 0.4981642478882348
0.4698128489660187 -1.468045361523123 0.4958741633229837
0.5493573576970358 -1.47379627683628 0.4883833315679057
0.5972716758429648 -1.410977915775819 0.4973467065985926
0.3920073868735402 -1.463383193825124 0.494061851783091
0.3141924481508291 -1.454432760038674 0.4974304874603421
0.2845754295984415 -1.382975126237243 0.4918187430737891
0.3445986782068455 -1.331686691895413 0.4797067141534856
0.2390674337213587 1.323061876206039 0.4744234230431907
0.2488310014450452 1.399601575972139 0.4921877582540999
0.1863553882321856 1.448339328002851 0.4919906297425192
0.1157118522333176 1.416747549709922 0.492173307627093
0.3119973910572201 1.353172339331057 0.4810420206175671
0.3747884618674885 1.305091707698139 0.477236642481483
0.3661841820416685 1.231404218059621 0.4514341442996784
0.2933357745248957 1.209256413955561 0.4223771721532464
-0.3463859067334577 -1.271603036214388 -0.4588309059912467
-0.2685567442714256 -1.265945080910173 -0.4527514488514545
-0.2732214194295284 -1.149394881914997 -0.3770068425302268
-0.2530244472169413 -1.20657467407063 -0.4234906349916246
-0.2983370189708724 -1.334563768086253 -0.4821197086846075
-0.3279379941861708 -1.404411850334757 -0.4940870898628112
-0.4537084577036791 -1.345850437003884 -0.4929518671808762
-0.4108564787379565 -1.411088415850052 -0.4929697238043055
-0.2501088317241387 -1.398753895030542 -0.4880076327230191
-0.1715486795320636 -1.389030541747364 -0.4869751212005241
-0.1416212460675584 -1.316793699364355 -0.4684747265343477
-0.204975559454356 -1.269535405942495 -0.4467794376849854
-0.6139120279528885 -1.359365093795393 -0.4982575807055802
-0.77513612245163 -1.372401236472241 -0.4920201103770006
-0.7286686842798344 -1.434937932679406 -0.4818154548930866
-0.646006289231945 -1.43073576440269 -0.4934492153131043
0.384552029591175 1.381631407464238 0.4950009776923922
0.259285345568047 1.478449791127869 0.4986092273168956
0.3318597663950196 1.507962001283401 0.4917645523389699
0.3953855812274165 1.45790736670408 0.4976946590585962
0.4387388205756233 1.259863286192802 0.4653931013745036
0.5099751327605799 1.285437267320646 0.4860865661195071
0.4581766520376849 1.409826735071162 0.4938892809225121
0.5202428583248672 1.361572654940851 0.4955384875375538
0.26938415318216 1.556699753314114 0.4915674238273892
0.2061796314325779 1.603035463992087 0.479900993151945
0.1333379244032967 1.574090036837017 0.4915871380214869
0.1261661963563194 1.495595764865653 0.4985947766898886
-0.1117561773779206 1.047566478133391 -0.2271020715211964
-0.04738189961854661 1.080398018851964 -0.2619399380221578
0.02437004229626903 1.058410416885651 -0.2342443492146112
0.03448012391573213 1.02520000789404 -0.1623494506566037
1.137786352995961 -0.6874229053740399 -0.4634437924189514
1.024028789916552 -0.6073200930852729 -0.3836448512934137
1.08587480288569 -0.5715271198735583 -0.4189610551431098
1.145028649273685 -0.6072676639267129 -0.4549763057703596
1.191490712173011 -0.8084558409996205 -0.4950182174280177
1.262686722712173 -0.7745338131905393 -0.4934011877072836
1.268650098980102 -0.6959114432649877 -0.4951932767868762
1.204914545089843 -0.6498092781141549 -0.481952607589887
1.256505186073064 -0.853025134628678 -0.4979993108968225
1.249916567292147 -0.9312798827788102 -0.4902395407000793
1.175052115347726 -0.9696242331227554 -0.4973643500780752
1.114924187593417 -0.9201208881859837 -0.4960958773904685
0.8025336107943482 -1.208554713324363 -0.497593221648431
0.8651225069981127 -1.255951226700876 -0.4957220456634132
0.9383991605338442 -1.223802337014896 -0.492322867604003
0.9490082587714477 -1.146864043547629 -0.4993210570251657
0.6680563338722819 -1.198369121726338 -0.478429733242365
0.6568920760344081 -1.272337095363092 -0.495605646891347
0.7921812710776253 -1.288309825010256 -0.494455527677051
0.7196642650064941 -1.317732671385788 -0.4960569924358061
0.9150691316613137 1.249313637362574 -0.4949753700335416
0.8712200786936635 1.31554842308421 -0.4875682459219223
0.7930556631746959 1.314899481363814 -0.497229038134931
0.7593420692643649 1.241901466280489 -0.4962572409852811
-0.4086694952093137 -1.465916639441557 0.4977969810193849
-0.2517021077203724 -1.425679873495028 0.4963157400701647
-0.2728154985805649 -1.501667735975258 0.497222893125352
-0.3568429045616499 -1.520901539335446 0.489631225138365
-1.310854805276957 0.793369962975792 0.4983901109777555
-1.354225945654922 0.6406253598793972 0.4998292959135605
-1.386749970286415 0.7734395150621687 0.4862854689410849
-1.408926416897948 0.696990126243205 0.4910033670240497
-1.365042455330976 0.8497986220061104 0.4848503101586198
-1.344183103292945 0.9234930614535055 0.4761135253764373
-1.266956616004326 0.9458169270282435 0.4922951756807082
-1.212054230890051 0.888693969649011 0.4973830377570195
-1.322264711678739 0.5077232651728186 0.4878423794379054
-1.397525131788032 0.4878449998670549 0.4996657045354241
-1.452543194807986 0.5447024295261484 0.4929924643421247
-1.430590042320474 0.620604630090752 0.4910073931773895
-1.343900272389323 0.4313284013129295 0.4876747619064292
-1.293147332209218 0.3787182820207048 0.4768419134591882
-1.220847680694958 0.4029320096561632 0.4468800750794448
-1.194474878868839 0.4739973106994772 0.4468869742798453
-1.36840775231851 0.358840016714941 0.4886652385567068
-1.44326047516281 0.3376904627426582 0.4997077045694435
-1.474178755518569 0.4683075656662593 0.4928248468106485
-1.495556591179807 0.394016646829765 0.4928764785373494
-0.57262776488287 -1.497681892932865 0.4870008853487117
-0.4363218932724249 -1.540871807165866 0.487719147428347
-0.5500698966808057 -1.426450826912987 0.4979399261104921
-0.5159333703710201 -1.550860628951061 0.4759951162721955
-0.5625573905207273 0.9790008868004788 -0.3347385785297605
-0.6397132208664422 0.9659800210362887 -0.3566974137272536
-0.6485213531349131 0.8599417451055158 -0.266895717725744
-0.6782541947461282 0.8996113302551775 -0.3324367828068604
-0.5951403746528215 1.025718633853318 -0.3892380170189481
-0.5570969462362231 1.091971433798054 -0.4107758725368578
-0.4792071900305985 1.098498177013757 -0.3969273531270432
-0.4269708027023049 1.053824697935081 -0.3463902043843179
-0.634252776581938 1.078950568033864 -0.432734707734351
-0.7127266936401359 1.073581069767395 -0.4458462045675237
-0.7481157333161637 1.002440357634462 -0.4324072965629122
-0.7108371788782226 0.9463290773080169 -0.3869362212960481
-0.6746832652235374 1.139833869712131 -0.4673840600854333
-0.518319591959715 1.151730111194303 -0.440424043842446
-0.55862770463181 1.213270563957872 -0.4702226559196938
-0.6376266634195977 1.209885724639493 -0.4755728507990245
-0.788546221957763 1.063323659312729 -0.4670566489139945
-0.8314451596354855 1.126594230107972 -0.4885559074354354
-0.7950797434308601 1.201248603775852 -0.490060141882784
-0.7161005804777956 1.204516226373024 -0.4886843476321973
-0.4807379484261854 1.219797307173575 -0.4563741365098792
-0.4029989242545623 1.227229486250289 -0.4512580769619878
-0.3881934484257967 1.113583375331329 -0.3760383756899061
-0.3791229732907197 1.171563247604205 -0.4226535465849369
-0.4433070369266573 1.288769939013859 -0.4810566890392356
-0.4838842949398182 1.351128732190179 -0.4930311147220012
-0.5632121372188327 1.348313014218672 -0.4923119187075308
-0.6000450198860682 1.277952920618766 -0.4915229434664578
-0.4061452707681951 1.358560911266893 -0.4879150551741098
-0.3268356278249652 1.361330332866747 -0.4869675590485475
-0.2864053012106388 1.292612242455122 -0.4682957519048203
-0.3416920617911916 1.240535879444488 -0.4473360991142933
-0.367412885838126 1.423689126043068 -0.4989419847313131
-0.5260503710603703 1.418103986471707 -0.499170284842405
-0.4889055064854651 1.489022614120447 -0.4891705309895437
-0.4085189789754551 1.491563846324621 -0.4943163543846401
-0.2476729162805698 1.357740457231297 -0.4793226814620235
-0.2088113086116776 1.42908827954072 -0.4970404915995875
-0.3292093360322252 1.494333267924475 -0.4933688582590777
-0.2496612371952679 1.496082514520777 -0.4957854592723371
-0.2011496547473619 -1.458878623995868 -0.4989425023787278
-0.2332471887726896 -1.530603693544487 -0.4945704920550208
-0.314737645158597 -1.537980372718764 -0.48924816971367
-0.3626282914912227 -1.475278542794341 -0.498857647842717
-0.1546870365806145 -1.520880340261308 -0.4935379805325257
-0.0758811573906613 -1.511890866071827 -0.4961343269072364
-0.09266206909078162 -1.376918428329681 -0.4794095961900564
-0.04533288196152751 -1.438233400713983 -0.4963252408817521
-0.9900274507402106 -1.184020741979707 -0.4974660689773693
-1.024335984620964 -1.254534989973206 -0.4820747681906995
-0.9777746195818625 -1.31857292039864 -0.4731655997831867
-0.8996979569761641 -1.313538019813628 -0.4903565744590305
-1.000493930328549 -1.047115051161848 -0.491585522310831
-1.07927234118331 -1.053021281910146 -0.4997175731877077
-1.068666444380783 -1.189031128296651 -0.4840573161302014
-1.113661400509488 -1.1229574415521 -0.4895191442356442
-0.2977559881875128 1.459371214934056 0.4995993214567204
-0.2899821782470062 1.537935843275232 0.4923399842042929
-0.2185613110041644 1.570703312911547 0.4864155642421926
-0.1497579845614645 1.521270053156171 0.4986159548202921
-0.362431692085354 1.504659527851836 0.4920306332908988
-0.4352645856246716 1.472482271413156 0.4946800739316732
-0.4429595074554439 1.394043594965283 0.4986909246802506
-0.3778919841238262 1.35082674699356 0.4852104699130105
-0.5019110492486535 0.9557181993642445 0.2677136581598438
-0.3612114565039132 1.009605688673316 0.2600238360332119
-0.4374976183850651 1.002076977472314 0.2815066140554984
-0.4867422343552461 0.9144224850973026 0.1888048437515292
1.061335528900604 -1.103070853742401 0.4987096616518468
0.9722849960813349 -1.23378423059262 0.4940458280428153
1.049188522793816 -1.238380912036221 0.4782235570080523
1.093823903527087 -1.172514942795746 0.4854764034787226
1.075628232594533 -0.9682606482300109 0.4921519691661197
1.151538173982549 -0.9725715188338591 0.499835492878384
1.1840240106183 -1.042999992035926 0.4899735140811152
1.140259278076881 -1.107498554057783 0.4864379995502705
1.333664572880155 -0.7404807368940451 -0.498174370255681
1.321112577831309 -0.897357854969729 -0.4886225109793452
1.398623264636537 -0.7844653597137952 -0.4867090369498793
1.394370375730353 -0.8719027517087996 -0.470409063186527
1.404586640904466 -0.7058429897882434 -0.4885011260294719
1.41055165592276 -0.6277727812219922 -0.4953314175164566
1.345588891246498 -0.5833376049800453 -0.4983390304150592
1.275892395257826 -0.6157562018176606 -0.4867257901382844
0.5953560350328293 -1.229792905455687 -0.4777086764716432
0.5341171326051424 -1.187754666554749 -0.4602898417526908
0.54337307334037 -1.119878329939687 -0.4246372590352421
0.6239229642960482 -1.087368310469869 -0.4317300647127651
0.5229528747672685 -1.261722640191503 -0.4774657554016729
0.5125810864140339 -1.334801583208888 -0.4953380030963707
0.5737069800699358 -1.380269962988491 -0.495521232591746
0.6469639661670414 -1.349156455115136 -0.4953359356650843
-0.5682333487644796 1.48620689614894 -0.4884513349750732
-0.6468430479332022 1.480470225304398 -0.4800622334042436
-0.6846016407619833 1.411986952909975 -0.4939219924539843
-0.6422110960066204 1.344928174900293 -0.4976621135868615
1.119395503126684 -0.9027777020594319 0.492316204321109
1.08427987556337 -0.8318054021502213 0.4824038967469255
1.002419385783068 -0.8370012037359733 0.454370178543126
0.9722314896775696 -0.9067037201765284 0.4678053122304522
1.160189816951387 -0.8361162727540694 0.4900874204591898
1.238291557053467 -0.8415129246643622 0.4999976916310901
1.227791281150452 -0.9775170458653472 0.4901377492361044
1.272320348304097 -0.9126064076032193 0.4911207306250462
1.203175929490154 -0.7705406247551516 0.4900853840569067
1.170936103077655 -0.7050953686269466 0.4824305049418069
1.043213699607771 -0.770339774430611 0.4521413946812068
1.094762974325891 -0.7058248885685399 0.4552503411986188
1.249037843179736 -0.7104920205372394 0.4923407761137072
1.326860428007733 -0.7140437404626057 0.4998075022061561
1.359790298975249 -0.782517759006351 0.4899180264884422
1.315306460842864 -0.8470307596043015 0.4911186942227631
-0.1953270998023986 -1.481401237859149 0.4938295744661138
-0.1019146109037701 -1.456574244973868 0.4964290007245777
-0.09893937438334438 -1.384160933479909 0.4869098560952406
-0.1514688486938771 -1.326815438830918 0.4643460883288071
-0.1230280017639625 -1.532562107454097 0.497336153779765
-0.1599129500389934 -1.611679021585656 0.4826236702211197
-0.2361027730576893 -1.630531906550551 0.4711848241101316
-0.3004678966436761 -1.576622903699567 0.4871450595343141
1.006573364524341 -1.304077900148478 0.4745213194705686
0.9591845852943748 -1.366699394653041 0.4640116189030318
0.8823527020155254 -1.363580763405094 0.4830262389013995
0.8495120175100308 -1.293038283908613 0.4951713697867508
0.9230257197783641 -0.5114682648388937 0.2308751445588074
0.980420648039922 -0.4778737717885675 0.2739882946177535
0.992977288943538 -0.3982111922576211 0.251170731363936
0.9667489166733048 -0.3600620869488547 0.1827166957411281
0.2787540522595504 1.632547674147619 0.4730563181740194
0.3505147745187747 1.657735458606084 0.454001864860161
0.4155593025785512 1.613640196936503 0.4686784281981593
0.4054843888415295 1.536157328890325 0.4906528555690898
0.502274508432479 -1.538874137629221 0.4842809354627619
0.344915060978751 -1.524172788529614 0.495140402895091
0.4550940249242462 -1.599920624982778 0.4661412806610347
0.3756804273049215 -1.594543618517164 0.4774884135025106
0.9280468208171213 -1.303557448700789 -0.489185173632623
0.9161223117967098 -1.379269791737038 -0.4692353566165862
0.7822531612102586 -1.365129184762301 -0.4941858164507883
0.8396749690999807 -1.410762928671824 -0.4755752524376468
0.9893989653324413 -1.347120902051059 -0.465836178557176
1.059598755101117 -1.314712687448743 -0.4567578559503845
1.073434668783308 -1.240156962056449 -0.4788092539035607
1.011932572590456 -1.194470265547543 -0.4927841849943755
0.451342183986347 -1.29276334430795 -0.4779191683774184
0.3880362821081479 -1.245714778151098 -0.4612745553951286
0.4709699130748093 -1.151808064675503 -0.4243943379652718
0.4087192208566175 -1.19502310174495 -0.4382284307351335
0.5020962892890143 -1.411310667104938 -0.4959746455674915
0.430344328793822 -1.441133034926643 -0.4951844982237653
0.3776644937549132 -1.318793721168483 -0.4791468030898264
0.3681199652436604 -1.388267583389884 -0.4961646866428265
0.4914702224497239 -1.486601414706246 -0.4953677277191406
0.5515053378959039 -1.532335287349034 -0.478053230189982
0.6246422667369601 -1.502714539278427 -0.4785333689379699
0.6364791690420217 -1.425665539011187 -0.4959725781362051
0.4797533774007117 -1.562157655170738 -0.4772630828462557
0.3965332439068125 -1.594681338433348 -0.473211541672704
0.3574938984043701 -1.463558330991192 -0.4955577687944756
0.344169520601365 -1.53310582782712 -0.4946176590831926
0.5346385336552633 -1.605671540295935 0.4586504489059567
0.613171201319443 -1.60900432964004 0.4408947214244894
0.6297333353094251 -1.481806691881916 0.4857534787383708
0.6625340509962367 -1.548975573714508 0.4624048301343832
1.301009148481814 -1.058293439616975 -0.4648549807476789
1.23965950710597 -1.013956953463806 -0.4879875501605979
1.387781756949436 -0.9501574998589317 -0.4626492929897838
1.355974008425099 -1.021283350787031 -0.4545252926437802
-1.392507534982705 0.2850803434504335 0.4888748561222024
-1.330698861915861 0.2273505336953734 0.4777008389999968
-1.245355160624145 0.3304436250581747 0.4478705517297224
-1.267885204966474 0.2718571582043245 0.4527764082782874
-1.405551584760161 0.2062009797230906 0.4887433050127333
-1.486390508380852 0.1848589418635427 0.499916951262275
-1.541983939805339 0.2431117126877783 0.491114042968914
-1.519656373844002 0.3202569735652575 0.493086096102845
1.03534255653645 1.184027480867219 -0.4937491959404252
0.9521774214534791 1.318074442877733 -0.4825436214232895
1.071972799226856 1.25183259382722 -0.4744374591230102
1.026181069635695 1.318148265710802 -0.4639007584410542
1.111288881342177 1.184020417538342 -0.4782359095285265
1.152764177259436 1.117187881325197 -0.4851290115572141
1.041959745106606 1.043360071195246 -0.4937405356638729
1.117747883832771 1.046600283011624 -0.4986250233411244
-1.424581835314007 0.1271291321084826 0.4887429341400693
-1.371824851499274 0.0702993843940591 0.4837263616219627
-1.26704710257898 0.1274959914508227 0.4369265157949481
-1.303781550481507 0.07158073893798332 0.4591391114896066
-1.280929254743929 0.1929777944769816 0.4526448571688183
-1.452663775119965 0.04895734653451113 0.4949000078715043
-1.52692852602315 0.02936654152986973 0.4987474441189723
-1.561014190359185 0.1640398650731702 0.49111367209625
-1.582889146600742 0.08650231482476337 0.4865208728671649
-1.474171542208417 -0.02746320618455375 0.4937308716008657
-1.422870945060426 -0.08302687429405017 0.4939027158368018
-1.346212439031038 -0.07741928395408422 0.4742547957684005
-1.331863490287465 -0.006591046635988114 0.4652961852210415
-1.497135695963611 -0.1026176792986916 0.4977501520842699
-1.571691562660251 -0.1217014043859997 0.4929989578205063
-1.604396913689193 0.01008176210569849 0.4853517365965263
-1.620998618179713 -0.06484626968424879 0.4788706876428349
-1.52039096551226 -0.1772650724954961 0.4931708020564425
-1.467829359148627 -0.2331792116324198 0.4987326899345522
-1.369176592786233 -0.1525737570682221 0.4782740762518047
-1.411648116720135 -0.2160574129233057 0.4943522178584117
-1.542385225845267 -0.2522629367197278 0.4939814956707886
-1.615017402902719 -0.2725812443393174 0.4789741374085044
-1.664249447758286 -0.2161162041059727 0.4608525992844875
-1.644253887728362 -0.1394936628810533 0.4742913376150075
-1.562455796539086 -0.328495383476241 0.484536025286614
-1.508552186249096 -0.3858541161997536 0.495113322119786
-1.430598796998871 -0.3585311138934872 0.4973820035965808
-1.433642377053142 -0.2910552771475374 0.4951629114727578
-1.594280055822335 0.299437896774885 0.48428281693682
-1.666168620090037 0.2796608063962746 0.4580877425548003
-1.687170538098682 0.2022181403338561 0.452480536555066
-1.638482578025229 0.1447550856489989 0.4777179645738039
-0.609698183358297 1.551388852953138 -0.4700624795513823
-0.5704053716891089 1.615925358758001 -0.4455791990440682
-0.491992501529902 1.621341510158317 -0.4570601392800481
-0.4507019566795644 1.559666756001854 -0.4835974045173082
1.294620601595234 -0.6485984843344006 0.4921526230910565
1.140624888015473 -0.6457762843506275 0.4575057332554194
1.252258037442792 -0.5728477479549795 0.4852346870078705
1.177606198433101 -0.5951114254827488 0.4622642990908984
1.405373057390747 -0.7206242228035122 0.4897298734657914
1.448638643957915 -0.6539770900080848 0.4866845066079675
1.415660501186724 -0.585237288363945 0.4986443828579604
1.330080622270789 -0.5763994678803458 0.4927014131003194
-1.550574654199761 0.4508740764888585 0.4862032383440501
-1.507243666051011 0.6010671958899563 0.484166535452614
-1.576663373381448 0.5783437689651028 0.4616794707859715
-1.599712789266846 0.5068285507784632 0.4623387620115941
-0.9858040822357712 0.2215012379981274 0.1092367098067922
-0.9903499065398365 0.2848340237876301 0.1531026553007595
-0.9545788981136364 0.3505154313522367 0.1255080316218835
-0.9353254367310075 0.3559726500344752 0.04524619933035093
-0.2682750269918497 -1.599982088984205 -0.4838436478674679
-0.107978691415989 -1.583615935620446 -0.4917623165835293
-0.1398318973290255 -1.652624307541597 -0.4702521237129487
-0.218385382711203 -1.657905322905581 -0.4635587317266339
0.2374831037036523 -1.443764720941733 0.4928972941857892
0.1912288927053827 -1.512246781058644 0.4991610217450819
0.2251772719874756 -1.576900613758792 0.487928058180463
0.2978654885822105 -1.585593184730714 0.4808570491797618
1.481568514925431 -0.7224511085518303 0.4767950308902537
1.510624860837322 -0.7907194036886107 0.4502798720827048
1.467008018573492 -0.8562988607406554 0.4541148709526266
1.393819090225878 -0.8536112419452082 0.4810410654823983
1.491855958721408 -0.5870641741122629 0.4857095402824226
1.567816221106939 -0.590206694528346 0.4672741195583003
1.553890447404489 -0.7240722708931833 0.447234505224881
1.594313051620285 -0.6597558998726962 0.4400689700102858
-1.045408361011829 -0.9816194527688422 -0.4918544785816675
-1.011843992371946 -0.9104833859672554 -0.4808815680061155
-0.9371101824847885 -0.9074201448200876 -0.4541922466891766
-0.8910344489318895 -0.9717725762880458 -0.4626763908077816
-1.090622403226708 -0.916389616715553 -0.4890136188829922
-1.1690937320211 -0.9220190122434981 -0.4998915112974932
-1.20299374048179 -0.9934159966852116 -0.4920149064321363
-1.158575831192769 -1.057461843159094 -0.4897881005064807
-1.135529363381217 -0.8508829454419115 -0.4889186007219412
-1.102564933063602 -0.7802578355285017 -0.4779181980723516
-1.028314841360733 -0.7775273621522731 -0.4481245970711724
-0.9823242246996672 -0.8421903087667982 -0.4513513869905013
-1.181036261857995 -0.7858872310564469 -0.4887960904868526
-1.259304972893486 -0.7917065862847668 -0.4998767883029724
-1.247900700636299 -0.9279093254115702 -0.4919198882710852
-1.290745023566237 -0.8634460221702902 -0.4924693488467304
-1.226340542575871 -0.7210814763713569 -0.4888763856533828
-1.192083077538065 -0.6490662083655737 -0.479839438889078
-1.073821739837511 -0.7125316477668086 -0.4480020868360838
-1.118057700881234 -0.6505162034370504 -0.4511170080275274
-1.270351788573556 -0.6548855635938935 -0.4909201367051979
-1.349594465077212 -0.662142500564427 -0.499831571785494
-1.382861705918362 -0.7319197777817215 -0.4904906743760283
-1.336049304284114 -0.7986402674852002 -0.4925496440132607
-1.315337000039405 -0.5901272325586437 -0.4907946250211892
-1.280961547287325 -0.5178913359420436 -0.4859975250133164
-1.206046584771214 -0.5190756422985376 -0.4605459077325297
-1.162068946878918 -0.584320290659587 -0.4531607590793424
-1.360204223790981 -0.525148272912577 -0.4949089600936125
-1.438904458815121 -0.5303155085771604 -0.4983968532990851
-1.427846917384211 -0.6671614467464717 -0.4903651626920197
-1.469431861839356 -0.6011587443066982 -0.4869525973105974
-1.404529006063042 -0.4580796119605601 -0.4935997532912124
-1.370771460293101 -0.3884107817757254 -0.4939154937545314
-1.25091380852279 -0.4540966826524709 -0.4646602428049531
-1.294698601836266 -0.3854096532078811 -0.4748221054259723
-1.449471695317241 -0.3935780174403086 -0.497403386960004
-1.527800474800754 -0.3976185402872079 -0.4927481033949675
-1.559005129108087 -0.4691596248688013 -0.4771427300619022
-1.513756644111417 -0.5340900833546813 -0.4856433905081973
-1.494042929030813 -0.3279497101023731 -0.4930638438582864
-1.459819104608959 -0.2564676115959815 -0.4987353958402041
-1.381412399012889 -0.2546096275345312 -0.4888298846545903
-1.339641291090466 -0.3209080586876296 -0.4786257390947638
-1.538147884092472 -0.2605081344428807 -0.4940801122751676
-1.615957454763839 -0.2662186898747217 -0.479018985634879
-1.6462537228756 -0.3370666074379323 -0.4595928901260927
-1.60357636282166 -0.4035313175308657 -0.4728031869601848
-1.581733630341985 -0.19473659136833 -0.4846905376167967
-1.549170471420255 -0.1233312688717685 -0.4952773981172486
-1.469260824123301 -0.1175499370063213 -0.4977763815401566
-1.425517354074547 -0.1871680518750388 -0.4898461530714715
-1.324645032026927 -0.9348430066120037 -0.4845927439813735
-1.354688356500168 -1.000454012338597 -0.4602611342238616
-1.313216505185537 -1.064824175873232 -0.4565833212979974
-1.237382799807968 -1.063352156327166 -0.4818164774800727
-1.414301756591112 -0.803659213667245 -0.4830832349197864
-1.502699102680506 -0.6709360215239928 -0.4776116999011318
-1.529151660201208 -0.74129050569054 -0.4532360996950153
-1.484388356543169 -0.8066472001642053 -0.4587623255956993
1.216512385244784 -1.112444081089272 0.4767402559079909
1.304806184939848 -0.9830348808052864 0.4812587518277774
1.333099158397717 -1.049658164700343 0.4550148801093118
1.289598414950458 -1.111968511591875 0.4514896799186401
-0.426774333394288 -1.606268370732391 -0.4720365595475039
-0.2998758390971104 -1.665282002079858 -0.458236409385283
-0.3976561297103828 -1.544656938234058 -0.4881308036551641
-0.3745335542381191 -1.671198752089696 -0.4462506718683981
-0.06102601813907233 -1.643634833352115 -0.4728484700876592
0.01819868066281532 -1.635550253259267 -0.4767978184434541
0.04705258647713933 -1.568369414278208 -0.4949267455615385
0.001375463203097969 -1.500968996073121 -0.4945495769327557
-0.427490775684165 1.551046899754333 0.4874207366792458
-0.2832370149020056 1.615991625829327 0.478846876076371
-0.3472571413467574 1.656902872243798 0.4548095174101997
-0.4203004683050422 1.624564830866499 0.4629634225416517
-0.508018591054255 1.44043096686778 0.4940810280685975
-0.5719328521097335 1.4856648801433 0.4910749277011366
-0.563391763438585 1.561441533749187 0.4690398412672604
-0.4931333618443599 1.59238757442782 0.4656128631824261
-0.5796277739405058 1.407226203695426 0.4950857784497139
-0.5878862101986073 1.330045541854253 0.4980881874791322
-0.521759671729386 1.290032958871585 0.4836984176842639
-0.4506459895534096 1.318775442448184 0.4846114240499348
-0.6518004712540859 1.375279455129773 0.4950820871116712
-0.7157475761500875 1.419608554725541 0.4914876792696344
-0.6350009463248358 1.528236770576833 0.4700445916483768
-0.7057963126778046 1.493882003062678 0.4713401955248048
0.2604878434965943 -1.222110415564936 -0.4276153213070106
0.2342038046092424 -1.286315767400406 -0.4624927356959332
0.3048140633654614 -1.341219017233032 -0.4795200736605367
0.3350415306251837 -1.221053478605484 -0.4394560654475416
0.8301639529668614 1.383660286878973 -0.4847972895246789
0.8655646491491205 1.449479451356922 -0.4611500480673466
0.9410610162058102 1.455544414279404 -0.4333654192790574
0.9823320166680451 1.384383051432438 -0.4564936343294348
0.7874002336301529 1.448830509636526 -0.4708108402803554
0.7094453689796403 1.44867026162893 -0.4849667241973685
0.6738020062985405 1.378686082295117 -0.4972267708553603
0.7182859435375627 1.310013330075253 -0.4934862845880377
-0.2758362741039156 1.689670341880112 0.4488850974480993
-0.2031014663876319 1.718425837045857 0.4369740384137681
-0.1378580129161962 1.678740529865792 0.4633616045173824
-0.1430128212164639 1.599325835710266 0.4851228466923702
0.2873102527691925 1.704071169284058 0.4423354341847169
0.2142651328964609 1.749779522053468 0.4171424850754281
0.1427078234806871 1.649937957670522 0.4730760323681171
0.1514426793447224 1.721204026648947 0.4424796142468276
1.475510347679141 -0.6717574040417422 -0.4838660842106549
1.536950852298875 -0.7138939212458408 -0.4573622012021912
1.532313250842639 -0.7835539641097128 -0.4413591900580979
1.465292443754664 -0.8372650046029979 -0.4607358189603179
1.542915867317169 -0.6358237126795895 -0.464192492689176
1.550582472565456 -0.5580881501288111 -0.4740648335256203
1.416512598021173 -0.5492520192335439 -0.4937039885962422
1.488436163523455 -0.5177248132936845 -0.4935846804653319
0.1409893285087258 -1.093711797560501 0.3038238273486336
0.08122829791401706 -1.128814437183202 0.329438138765019
0.0005489929689168616 -1.108603910467572 0.3101178942334115
-0.001860504110528308 -1.060391354949489 0.2397919176164278
-1.420078268302404 0.9035626135398823 0.4640088833397666
-1.489772547524296 0.8813603222645994 0.4366300588808678
-1.513850640057852 0.8066942984282885 0.4468956496581291
-1.463114066951967 0.7534187852735235 0.4774635662049139
-1.468913195486265 0.9550547617119945 0.4278932740986853
-1.446243278142224 1.021092365950139 0.4136319138135441
-1.321992428975754 0.9995809185620154 0.4714537488618551
-1.378234283397558 1.047693979972645 0.4416305876939872
-0.01365452525022119 -1.704558625180416 -0.4552876255728735
-0.04525065956530375 -1.766470787419824 -0.4176378596944511
-0.1220616435949393 -1.771106687035277 -0.4108926654420628
-0.1714327094342863 -1.71792422063725 -0.4446448852307638
0.0339740392365839 -1.758386207326976 -0.421587208050246
0.1091371464281005 -1.749688035769584 -0.4260223999252686
0.09442407936599047 -1.62929320610651 -0.4773659010467528
0.1438613783664573 -1.685758372044873 -0.460924628152087
1.534838078335748 -0.5214668928842061 0.4792339958082932
1.502467297805773 -0.4521697366173385 0.4944229850134186
1.423913937518951 -0.4462009755385993 0.4969327996305185
1.373297937034283 -0.5094865519845239 0.4917264467747745
1.578427560191303 -0.4553122570334216 0.4759875642892963
1.652171041541058 -0.4627985375796958 0.4496155750357921
1.678589213480354 -0.5284103623599595 0.4200932812179479
1.637295171234626 -0.5941586186446393 0.4335934255361563
-0.7240060124081891 1.342427892884368 0.4944900882990527
-0.593932369042966 1.258086210305932 0.4836947263462212
-0.7415222298642679 1.260424480859926 0.4987017828591543
-0.6680978667786883 1.224497752026073 0.4850046759992243
-0.8054693347602695 1.304753580455694 0.4951073750171175
-0.8600913352649159 1.353787567426767 0.4885469909311667
-0.8499501695259495 1.430898352040197 0.4663315366539317
-0.7780018538319078 1.461030440817273 0.4707481967121862
-1.581184363306548 -0.406172423819343 0.4801059638575017
-1.684320018452105 -0.2923486508624859 0.4514071289003129
-1.652644938314887 -0.4249039152572756 0.4530526473537867
-1.698922056534176 -0.3667003123272961 0.433163611606519
-1.598741328024898 -0.4822626479807882 0.4636299441869587
-1.544405399862979 -0.5407802063388474 0.4786979990733038
-1.469612737712141 -0.5215766402676409 0.4949959079241155
-1.449327363766334 -0.4362081542365893 0.4929519421674685
-1.713556503277748 -0.1592610694042219 0.446724329106816
-1.748154101389743 -0.3102352720939515 0.4150420734825021
-1.78489040937685 -0.1872684736942118 0.3992678830866702
-1.78199523336329 -0.2583293379910693 0.3942683104586593
-1.626980042091622 -0.1290418243036094 -0.48021627147696
-1.689839469125114 -0.2712950643633816 -0.4502033154677217
-1.728801187253202 -0.2047749950578626 -0.4308951898511714
-1.70108296038772 -0.1343717429404355 -0.4530366448982138
-1.514507235872938 -0.05185516994160067 -0.4933021154003199
-1.560147050360148 0.01385931313321883 -0.4950018572669782
-1.636742009797746 0.007970109915485173 -0.4785084648564206
-1.66851980146599 -0.06296642044387391 -0.4636235053986658
-1.480237403063194 0.01964064499866598 -0.4975008406898862
-1.400515353325412 0.02540897300728626 -0.4892843887248624
-1.357894081912289 -0.04380397130359097 -0.4728541696920268
-1.39085411852723 -0.115691952944871 -0.4878708703545428
-1.602472176988002 0.07946592485575182 -0.482707190145987
-1.568980629792269 0.1509978457516809 -0.4914569763753621
-1.446155167812622 0.09112345608210576 -0.4909841305915207
-1.49047699623528 0.1549426533086437 -0.499216303708822
-1.645575589229868 0.1451086425339473 -0.4749635839648045
-1.717575518993795 0.1395231437350551 -0.4441412440631721
-1.747550127695656 0.06699388100320852 -0.426424729917224
-1.710844928093844 0.002640191278659082 -0.4513288382776744
-1.684083971798062 0.2110550646309842 -0.4528910302925472
-1.652688416895092 0.2821132111196296 -0.4641977773765557
-1.577790367335791 0.288264538432868 -0.4882264902695389
-1.533580408477146 0.2205853709868391 -0.4914726975276396
-0.8668341993115134 1.055453517975039 -0.4751169994308239
-0.9028198388783478 0.9834122378566861 -0.469910612059842
-0.7866567071958498 0.9360716668533506 -0.4081466656425189
-0.8585965574826493 0.9126014842172898 -0.4344053725247873
-0.9457187765560703 1.04668280865193 -0.4914098705812829
-0.9889260942954273 1.112677653119678 -0.4975842535512217
-0.9541682281695651 1.18570225607234 -0.4930504337239079
-0.8733677207846104 1.193378462438162 -0.4981204923996134
-1.024911733862262 1.040636373001325 -0.4923778661802397
-1.060224748933236 0.9691308888783841 -0.4930676700935493
-1.014923763469792 0.9041607358815237 -0.4798313966370734
-0.9374811347272063 0.9038307748941801 -0.4506982436752462
-1.103432066672593 1.035125733346133 -0.4992420530634881
-1.033361185475757 1.179655820421736 -0.4940184293228647
-1.146699212990184 1.099928804598503 -0.4889691354944369
-1.112062062580724 1.17246309648124 -0.479685613498526
-1.182012228061157 1.028423320475562 -0.4896589394077465
-1.216546523507368 0.9570196304817209 -0.4943036914683152
-1.093444096280123 0.8986500962263314 -0.4866955835203217
-1.171186552216976 0.8925279977014424 -0.4990489915231298
-0.9608502169301897 1.325680937295888 -0.4787735862880824
-0.9178028119649396 1.26035662974022 -0.4945546681712564
-1.037427886301484 1.31555600131146 -0.4615864531002066
-1.077304196454862 1.245487699433901 -0.4751517936712122
-1.259813669824959 1.021822701734091 -0.4840307738992641
-1.301634777247157 1.083926209893517 -0.4569226284865363
-1.265001004783846 1.153814394857599 -0.4459880065658626
-1.190642223969289 1.165760683610668 -0.4701024998427844
-1.336169072693367 1.012522519899676 -0.4615673805471051
-1.370693966652186 0.9418370448926218 -0.4683728162761824
-1.329142436475427 0.878601553792572 -0.4907259537132415
-1.248987993980777 0.8859273789599715 -0.4934208260146474
-1.056413613222435 -1.323583306715585 -0.4597568469360187
-1.130009917643058 -1.323823572617752 -0.4316239559170432
-1.176822150842835 -1.260580049640711 -0.4426382941263364
-1.147969934390242 -1.193471689545599 -0.4741278434489744
1.189394419949843 1.184992994285198 -0.4658172747397991
1.221273217678973 1.248405694018895 -0.4309022238080818
1.176151381327959 1.313779960364339 -0.4179617962339358
1.102127394441422 1.318141202381924 -0.4483874720291554
1.262748513596233 1.18157315780575 -0.4377953258367694
1.305276468537004 1.115378038760786 -0.4459973294077263
1.271710754951507 1.050548878912749 -0.4763837149850909
1.195853422440437 1.04757285975848 -0.486206388552397
-0.6490150708578315 1.610188687913459 -0.4371900974732387
-0.7260664753558006 1.477168909714173 -0.4755331370302934
-0.7661752000838771 1.539602890387572 -0.4472031260661481
-0.7241659934950524 1.602442292659645 -0.4208127643376653
-0.6972552240066561 1.569658656668565 0.4493051090909285
-0.5562014560594621 1.634959464861353 0.4445825271296663
-0.6879457812103569 1.634451176482341 0.4136504513166965
-0.6236341078175115 1.666836908377922 0.4083692933090153
-1.083448552603956 -1.387861503043186 -0.4227147875095303
-1.035593642257286 -1.447860640009148 -0.4067921373856814
-0.961791862742801 -1.449592021074718 -0.437023480002053
-0.9317755855776352 -1.382586336556007 -0.4680386532043497
1.036088112006855 -1.371296076096642 0.4481893478682688
1.111108495400075 -1.369293294688053 0.4180643051926327
1.156375326451541 -1.30744039044383 0.4316809029499947
1.128112271970093 -1.242808612351604 0.4659518949064759
-1.759097455364963 -0.2756229126210732 -0.4114690943423851
-1.781739837931565 -0.3463338123316841 -0.3799650409421918
-1.744360055466718 -0.4125735010777163 -0.4017187700085006
-1.677458377182934 -0.4086076920195256 -0.4439875167930274
0.5659907178112102 -1.670050816993597 0.4227550666227622
0.5151206990113431 -1.723752119277452 0.3928786716095834
0.4377036899557143 -1.722573944138271 0.4122440929899805
0.4080444525277057 -1.661341021183878 0.4518579269457055
0.161611874152995 -1.440789147257213 0.4935492773585289
0.2141529701289434 -1.298112907640996 0.4582733811537222
0.1526150164099704 -1.332215108067639 0.4718404581786633
0.2678893337596686 -1.321018652798472 0.4751735208789327
0.1466889230616157 -1.38536240039638 0.488696284264533
-0.5313093890294366 1.680141345118638 -0.4241877572019045
-0.5682155091524668 1.732216330434876 -0.3768925327827711
-0.644197447232124 1.723095848855119 -0.3583188839119572
-0.6848731818258644 1.666978798464509 -0.3963294838303514
-0.48980263899326 1.737632481835192 -0.388373473018751
-0.4098070705420735 1.744790519844656 -0.4007101511875718
-0.3738577148021146 1.688221157500807 -0.4432081900013113
-0.4116059740198921 1.623882742362491 -0.4622059626751445
-1.323811846661717 0.0276788397798488 -0.4663374595936612
-1.297310722892214 0.1066814300761415 -0.4529751498248575
-1.332337988903564 0.1681930603661832 -0.4746505523724489
-1.410754946497498 0.1607109813172639 -0.4909998517437981
1.063719716170109 -1.431914789192616 0.4075546046250959
1.013470336869968 -1.489911916893135 0.3911872779146237
0.9118674494980403 -1.430798939353259 0.4566942672990997
0.941962174599386 -1.493968491975522 0.4212606154119907
-1.615865974871318 -0.5595116977767799 0.4516446825695888
-1.682626903440642 -0.5762146393042542 0.4120626594285915
-1.729243750671078 -0.515682721099026 0.3890019293074883
-1.716479021252525 -0.4427905364887412 0.4166875919359759
-1.486737384558561 -0.5988256900636326 0.4830106463067456
-1.50715173172098 -0.6762781293819758 0.4750379014270565
-1.628290975278724 -0.6347321976623134 0.4271307143149367
-1.577572578110982 -0.6910743585815546 0.4446202909622915
-1.432359069570142 -0.6570745633107694 0.4913358102778681
-1.355477252895525 -0.6353788158824817 0.4992457092562296
-1.339199790796781 -0.5624802560814935 0.4922079966283331
-1.391659348461916 -0.4942536379613746 0.4972645894009102
-1.375891600057944 -0.7128312552008249 0.4912729643765404
-1.399037498982694 -0.7912365397012967 0.4875766106710982
-1.46994724524736 -0.8078711598608619 0.4640216498724591
-1.523194263122563 -0.7493232318286915 0.452945454933414
-0.1683809819973512 1.360370189129095 -0.4783686844558603
-0.1252352688689925 1.300169321701983 -0.4619861538906946
-0.2074072468119089 1.220067723469864 -0.4180004226962621
-0.1489190704784585 1.247294290918354 -0.4336102675818802
-0.2625293502467962 1.236946003809038 -0.4396912215277694
-0.08637366120010032 1.371517144011406 -0.4797039640282585
-0.0508994524865317 1.437065973722073 -0.4963950389029432
-0.09193600101809508 1.50155550433998 -0.4954134044756058
-0.1703693029120493 1.498712246418575 -0.4948314622661739
-0.007753739358173015 1.376865106294961 -0.4800125083377775
0.01137950845176799 1.250798929705336 -0.4286399682304863
0.03765847371512283 1.314905448342804 -0.4656255398762111
-0.06691174968120764 1.258441245800665 -0.4349455471542785
-0.01331607917616778 1.506903466623535 -0.4957219487851247
0.06541169817301011 1.510242431308267 -0.4950136393299508
0.1076469567129418 1.441819965628117 -0.4972627513644778
0.07313268242869145 1.38045427805347 -0.4823166147508958
0.02437514964144672 1.574731961926174 -0.4940320049026133
-0.01675294763657863 1.636657174219199 -0.4760490766666832
-0.09380143656541946 1.635869407265872 -0.4752656895234527
-0.1327859296016854 1.568549739320037 -0.4941583721483553
0.1453381855305563 1.509648460930757 -0.4955728074819664
0.1780864957635951 1.581888279112587 -0.4910038623079588
0.1392742962404378 1.645103463724809 -0.470890560920036
0.06197482971259925 1.639996138903931 -0.4753407672115093
0.2203217543035268 1.513465813432437 -0.4932529743424858
0.2641692717718345 1.44586532357736 -0.4988609030496086
0.226851878003368 1.379530721069746 -0.4865034175094056
0.1530591697862377 1.37986030767596 -0.4828757829029114
0.2142578650134083 1.64892081622649 -0.4685707277805554
0.2948960659080107 1.648214648824393 -0.4626793162532654
0.2969175820048732 1.518105141759191 -0.494291957875601
0.3287533291335518 1.594824887220808 -0.4821646263401128
0.2560838663848534 1.711429833436615 -0.4425660148653426
0.210757865274157 1.768673990075568 -0.4067282647275506
0.1347914487478149 1.768297350579732 -0.4134017410872656
0.09814619896241247 1.707028676017834 -0.4529076326841059
0.2913960661687593 1.76796782267347 -0.4008368532002606
0.3700819737306486 1.762872668903964 -0.392183134024531
0.3705793305049968 1.657333904430933 -0.4561599134249
0.3971165954835353 1.712634461950652 -0.4272807081296099
0.2758167707281731 1.062990379343992 -0.28786189175536
0.336163535769264 1.154063783405206 -0.3946506365816096
0.2593510605844568 1.152653700154384 -0.383043376704541
0.2477104948862836 1.107525563481203 -0.3430857717963932
-1.322155682308076 -0.769540792273009 0.4954865096494597
-1.282732321284583 -0.618236947971549 0.4921451507270055
-1.222999739132401 -0.6829200547937546 0.4848273586290333
-1.270665781890441 -0.7388997816744578 0.4991542526199162
-1.416211327497493 -0.8645806969330458 0.4682351951453783
-1.361284723779161 -0.9222449771074119 0.4750260143375959
-1.286051101153252 -0.8960168276627338 0.4947398332200481
-1.293811680815191 -0.8173050661749297 0.4954578989144739
1.047674246080705 -1.390425030484993 -0.4368080389343477
1.042427720455079 -1.453180355951554 -0.4008614734656924
0.9627650144113953 -1.492037939738622 -0.4122607419511467
0.9010271136153007 -1.454326382022094 -0.4522262573621997
1.131709949531571 -1.283461090490382 -0.4497811142807324
1.189070846566213 -1.323280980042164 -0.4129615885961591
1.112627510223755 -1.420772141349237 -0.391783150858901
1.162711306565448 -1.377515269668733 -0.3940655850381767
0.3034477057047145 1.384170049396499 -0.4875424010425207
0.3842345530100073 1.384632950654995 -0.4934101636368871
0.4229443416287976 1.475110300454251 -0.496523559309287
0.3726008466018594 1.52722439736573 -0.4877725550472356
0.4565683593529926 -1.640415211076136 -0.4558970441435454
0.6129254216879478 -1.578270779742919 -0.4604287240650852
0.5231338730425867 -1.677385047145904 -0.4225579422373881
0.5864605926874393 -1.646533364048449 -0.4299042140850328
-1.109625108300915 -0.4587214837379452 -0.3936345497407979
-1.132021208114383 -0.5205256373700142 -0.4318234768709791
-1.219783639320155 -0.3865939595643751 -0.4493704881451855
-1.152835361414143 -0.3920477437636439 -0.4102493970585223
0.04565719085774709 -1.302783982867927 -0.4616962414041049
-0.06966936122321071 -1.234891288915732 -0.4172173315942866
-0.01540544849702236 -1.365996558330974 -0.4778248462155757
-0.00914214274610152 -1.258422750544624 -0.4351609399408331
-0.1260889490130741 -1.257423292524813 -0.4392139126745178
0.4037150684042083 -1.08504715515638 -0.3648994834570345
0.4481644176553954 -1.042220173628582 -0.3327540406439737
0.5216317063601595 -1.017135992329685 -0.3473944303217703
0.5607757447657151 -1.051421708590623 -0.3958345609253461
0.4179751615918451 -1.127146765129888 -0.4025758480176848
0.7448460651618993 1.514489426106879 -0.4613194827400363
0.7784358177083737 1.57658065642113 -0.425274173282831
0.8982972968691016 1.520714637036957 -0.4193789700347339
0.8432627087306823 1.563296604662296 -0.4119388275559188
0.9042574474878875 -0.7484887438930935 0.3701832276851189
0.8814979141889683 -0.8161227741471029 0.4012978474184032
1.012902484545588 -0.7110206901542919 0.4272166229948193
0.93116531372197 -0.8452380924569181 0.4375428101647336
0.9567337056213829 -0.711423194219455 0.3912330381553305
-0.9535810314735755 -0.7744641210051051 -0.4214352757542335
-0.9353700079275098 -0.7095452903096364 -0.3735516855346142
-1.043807609178365 -0.6477857300608219 -0.4213234070263482
-0.9744724093710573 -0.6503767948034705 -0.3705697077752723
-0.5591160783979001 -0.9083840655585897 0.2500653709351863
-0.6852482477856078 -0.8116725691911892 0.2426975156332708
-0.6475127277625892 -0.8771023364546711 0.2747074328043801
-0.5459781492708026 -0.8727411051863789 0.1727016296397138
1.61202297718519 -0.6002246673329097 -0.4475609505171567
1.665620325975953 -0.6407014457650347 -0.4069755181128931
1.599718770480666 -0.74762027274756 -0.421685598536619
1.654697154630617 -0.7121993662449583 -0.3916767536016289
1.673286931224241 -0.5629658832142563 -0.4168478589493375
1.68241987317787 -0.4850224407195046 -0.4281044082951853
1.628820546946286 -0.4492800269507954 -0.4618446061729881
1.557543273391476 -0.4821257679470047 -0.4769531382933127
1.736017221968634 -0.5254992191516297 -0.3875189758909218
1.779776323983998 -0.5630734362762472 -0.3342175006304658
1.766743428839416 -0.6344041982533248 -0.3196382292204308
1.715961108669668 -0.6749405821263049 -0.3609636620338098
-1.412515074074383 1.003940553052048 -0.4412646708634547
-1.341356407652254 1.144514213023185 -0.4235246132137035
-1.447095096274481 1.061606904031888 -0.3989059507608142
-1.410438222403595 1.127349882495403 -0.3886240711211281
-1.405488437856442 0.8700195869449439 -0.4704232440295911
-1.481162290720714 0.861555578580061 -0.451195307466078
-1.481619990233299 0.9909214290248334 -0.4057113864898915
-1.51540387874141 0.9202640661140095 -0.4139201514784728
-1.439610760543955 0.7983200874800114 -0.4735484449031371
-1.396928071528535 0.7329682971770906 -0.4935950778606574
-1.319262605283267 0.743783889961942 -0.4948714085424816
-1.283782465185034 0.8141099210122935 -0.4954712537680561
-1.472601924392806 0.7245042888122077 -0.4743671412971442
-1.546778337799731 0.7159296630517346 -0.4554388415348388
-1.584898392042235 0.7781867006694527 -0.4178051945710928
-1.549526201428922 0.8485645666490769 -0.4170453523520188
-1.504095648784312 0.6505778727488138 -0.4754854744923591
-1.352253769132119 0.6699680912941386 -0.4956901049364888
-1.378600282185738 0.5870205653730425 -0.4942752163454501
-1.458515158812782 0.5835361251583513 -0.494640555766298
-1.616392116433741 0.7042602846060586 -0.4189235277663076
-1.654500568843579 0.62852728145146 -0.4130678660675495
-1.607886245576763 0.5704956137000782 -0.4547315381966809
-1.532691572219707 0.574961499397878 -0.4757122560039926
-1.264022166474736 1.285524119397834 -0.3955280009114952
-1.230363854374386 1.226348686740336 -0.4367044845699516
-1.333228653956397 1.266767214895604 -0.3589911639012128
-1.373804449940284 1.197238067459485 -0.3776894492004543
-1.692620623086084 0.6907843190691781 -0.3754342191038034
-1.710138434384277 0.7540645965726258 -0.32995201901923
-1.678635085202336 0.8219628778560923 -0.3296954728956832
-1.619139980062932 0.836895188203401 -0.3805300385834876
1.281853337356239 -0.5372354398292125 -0.48509836121807
1.295365779182095 -0.4601332894694783 -0.4789741588110349
1.423473398847193 -0.4732896370517376 -0.4965922933639345
1.367653227422094 -0.4492361211082772 -0.4964674643787836
-1.22540252856987 -0.1860979211376121 0.4213992365423321
-1.279150964837134 -0.2249804378830511 0.4587770581054483
-1.278169138013271 -0.07613792941016 0.4496675456360444
-1.334989610690747 -0.2104498225833397 0.4747042977900103
-1.240011643664858 -0.1225157233793505 0.4260724767213081
1.528060361936455 -0.8709913561047172 -0.4250592162947456
1.650059553174381 -0.7818594091088302 -0.3756737424575356
1.648291614592559 -0.8569327239839466 -0.3359211942719647
1.593844515721134 -0.8816263048710031 -0.3802092162160289
-1.432194470043828 -0.938879597266977 0.4514710535389568
-1.498637742515894 -0.9546476479946395 0.4115127405607607
-1.551318668463065 -0.8937695699736038 0.3997010302223987
-1.540368091637363 -0.8226673890604407 0.4336040394076941
-1.302034243699588 -0.970315727996665 0.4779756916136266
-1.321347140819137 -1.051988572076935 0.462062567284688
-1.443711138797562 -1.012311928169006 0.4183035597529783
-1.388591810477382 -1.067283879302563 0.4275677965616629
-1.246113518193229 -1.025760422632257 0.4817763861671402
-1.17257875905984 -1.007466132908437 0.4976724776368734
-1.179046131453778 -0.8832706025624482 0.4936560465088946
-1.144201235045559 -0.9395220565457811 0.4951726874281365
-1.234561200735617 -0.8653758170641827 0.4984075761905046
-1.19189165617939 -1.089138976988707 0.4817593533079348
-1.209498076134768 -1.163626073562075 0.4663825595153135
-1.285125612862669 -1.181600087642635 0.4287081643967398
-1.332671084971023 -1.122728573938156 0.4313684911151765
-1.13596331700138 -1.145331783838255 0.4822786509850466
-1.060956013241014 -1.12548566582611 0.4976176292424184
-1.045161766093195 -1.054493874487039 0.4957774210119285
-1.089979373031721 -1.002900610902231 0.4951556545689311
-1.078562433196392 -1.199972762399477 0.482240835449797
-1.096225336567798 -1.274797364767168 0.4652118558927363
-1.229197273684659 -1.237792894492182 0.4292274620738516
-1.166068940874519 -1.288552244582099 0.4343575514698413
-1.021218032807432 -1.254951246755023 0.480550834150108
-0.9877608822882071 -1.109134853048262 0.4957396054766789
-0.9468428125443418 -1.235235925136696 0.4964955053418704
-0.9258873648585242 -1.155023532131348 0.4949646696168752
-0.9645057159157471 -1.310060527504386 0.4794665257848096
-0.9815674684103119 -1.384445398982264 0.4585608702235881
-1.053964815704207 -1.398481931990797 0.4257664764164809
-1.108724540485558 -1.343530728937645 0.4326675501701523
-1.146682707283766 0.4257226537369472 0.4179156125503793
-1.105882335693085 0.3801351839091844 0.3685231164300006
-1.142629612225176 0.3045616196307595 0.3829355163931905
-1.195585553452214 0.2960708858397829 0.4228145698985439
0.4399137395486876 -1.709908730408514 -0.4185064010638363
0.374302392830131 -1.738732550367999 -0.4077613037768604
0.2977504045201708 -1.673990796670461 -0.4572288926727496
0.3209845025536459 -1.611363383732518 -0.4732516203804822
0.3182331968281156 -1.720544190607316 -0.4304190685230224
-0.910093117710705 -1.084031740792278 0.4931244613863854
-1.016784242078913 -0.9865497981243834 0.4932776308031916
-0.9566289871732085 -0.9732206524884013 0.4777965679657536
-0.9205727577333671 -1.00918441092576 0.4782131296964364
-0.9375318967659523 0.5836735411420986 0.3023746040984074
-1.058575580379543 0.5252330137309464 0.3826029519730816
-1.017775208788862 0.4796455439031838 0.3332104558527028
-0.967214518883277 0.5317920866693513 0.2988901811690248
0.4241155030881933 1.685163692072941 0.4379575442088568
0.2860258551556851 1.774967306511933 0.3980880317615698
0.4236624574337908 1.75485476690977 0.3920265244925552
0.3537176531921477 1.777503288154011 0.3858132882905747
0.4887069854935674 1.710759505240188 0.4067030878305534
0.5527670090568164 1.593649553024952 0.4623898024201778
0.5616149242837956 1.660815920750447 0.4277276961437145
0.4790851174109482 1.563585562357182 0.4746085349177856
0.7004809530578612 1.576420408413533 -0.4394300571998442
0.631247837830287 1.444344998765469 -0.4877354133150412
0.6196623356844135 1.58241147551224 -0.4551193551414339
0.5860073921479005 1.507022563551835 -0.4843112993464499
0.07754101211301795 -1.811600198008992 -0.3883726340468461
-0.07443307910813421 -1.824934269181836 -0.3771922479194353
-0.02294796073810717 -1.871369147108646 -0.3252280041587468
0.04962216596068684 -1.869670360118698 -0.3264584480243312
0.5013708529347598 1.211749777682128 0.4602840679377026
0.4931055617602338 1.1395509171238 0.4289993135074294
0.4227442596122146 1.122841998232116 0.3922527999386501
0.3572861332330305 1.164027992450225 0.4105336310462671
0.5643418739451904 1.165124898251644 0.4496927782524329
0.6363076237876877 1.188735734638148 0.4769840950036798
0.6457736551035422 1.26582285656735 0.4903003049049983
0.5828748906840038 1.313459146430177 0.4904294541007528
0.6280423326131617 1.11653687407982 0.4456993405734066
0.4857152806226452 1.076217118801631 0.3816615102533804
0.5504493495149263 1.030228069615678 0.3658859502860744
0.628230162386185 1.038179420759221 0.4119057412036606
0.7094741137715135 1.217234832395527 0.486306867225972
0.771995772488248 1.168482496768663 0.4858634283266589
0.7651444576551949 1.093664150218331 0.4727333605663492
0.7001959122286823 1.061790257145725 0.4391970579549076
0.7814618038041026 1.245569618697865 0.4991796382279773
0.7923569674555788 1.323169494697881 0.494186949992238
0.7303209048135195 1.372164913217485 0.4913885713026281
0.6560413806678296 1.341958244187556 0.4997522263230449
0.837132147687784 1.121998936520669 0.4856061315683545
0.9071155609742182 1.149955876766181 0.4988896384506938
0.8548786261723134 1.274417159071017 0.4937435110929249
0.9169747069563782 1.22505100396613 0.4946077589699578
0.9002642461411651 1.075137530215849 0.4857595706903841
0.8904055600472678 1.001059867049512 0.4743059281041666
0.7653322874282182 1.015306696897731 0.4389397611966033
0.8315411215923392 0.9912103806312262 0.453401665962421
0.960388973333702 1.029016807295023 0.4875894349865058
1.029846218731184 1.050851920234875 0.4992766316908854
1.041441869945226 1.131682536034953 0.4936705763961632
0.9801068054097593 1.178189597661309 0.4947611980919874
1.019987532637286 0.9767742570685376 0.4878229891046679
1.008864051798723 0.9020295233013332 0.478612122485868
0.9426840695100598 0.8775777543253865 0.4486622481558936
0.8916658487848761 0.9450896577104007 0.4552315302585427
1.078321297196204 0.9238646362411846 0.4902993191902477
1.151022633839363 0.9501547656500215 0.4996933335765165
1.101040429248811 1.079439985808468 0.4939041305143254
1.160325846118723 1.028497490940947 0.4919972491293574
1.139899153000799 0.8754100318828172 0.4904824669577165
1.001017834068978 0.8246681334980337 0.4511385782414733
1.128046763885542 0.7980623351762375 0.4859024673577194
1.064029092226769 0.7824928282223331 0.4649946878886094
1.200748100528701 0.8243524645850743 0.4952964817439881
1.274151346965336 0.8524354619249914 0.4982162759509711
1.284989895390603 0.9294790863974642 0.4866282525056286
1.221903701923318 0.9800428865825791 0.4921803968968262
0.9604105791364752 0.7013494117280588 0.3917780933602574
0.9978491099381062 0.7580410592463864 0.4350448135586349
0.8662985525919954 0.8224707230131921 0.3947676914418702
0.9027798698114948 0.7600450441934664 0.3786181263182475
0.8838196310551313 0.8677282679071011 0.4277579860141479
1.262298957850079 0.7750877652184116 0.493636276350974
1.250208522441884 0.6968610485242197 0.4946467152960667
1.171187556413166 0.6641841996208829 0.472631558791463
1.12487803975467 0.7314352609245902 0.469808702674881
1.323611768878519 0.7249440458641367 0.4975665095030497
1.396756297125176 0.7531513336795618 0.4911530601286423
1.346540752711981 0.8802143870308016 0.4849680471126144
1.40649855096804 0.829965910584949 0.4756743461600951
1.384665861716981 0.6749246169853698 0.4921634990737351
1.232500367441606 0.614040480266608 0.4765617919435387
1.372690002169137 0.5969001318006835 0.4986863105610107
1.302262319558071 0.5671940970810428 0.492216032325189
1.445834530415795 0.6251074196161084 0.4922728611866034
1.51736005965245 0.6527151626738092 0.4745261133166052
1.526521761340986 0.7284985645858904 0.4550639215381813
1.467552643806502 0.779946481706182 0.4702713357307805
1.069731353952762 0.5919230451486509 0.4084570591239755
1.106178170471801 0.5196995228825338 0.4076023545042393
1.107169884754393 0.6486146926669786 0.451723779322353
1.223241353529354 0.5345172481777061 0.4702008758205852
1.164880338353448 0.5090495104536286 0.4451311344402781
0.8037377271817303 1.401012453590637 0.4859524441675757
0.87517571789965 1.426311405069178 0.4631637351267769
0.9379349369163303 1.378541240780164 0.4662349938742352
0.9278698706078545 1.302650879966146 0.4896150707342185
1.505384200104606 0.5746906774891228 0.4810489248038807
1.494637575094341 0.4975749228302413 0.4922548062646702
1.422333969627402 0.4697905316494198 0.4987629881532687
1.363430988256884 0.5173768997117815 0.4923253944380572
1.566163104330996 0.525182665887942 0.474508058394672
1.635562943115077 0.5462996638094084 0.444044307805626
1.586071431029797 0.6780818224589047 0.4438399851554586
1.649169829967099 0.6198791557470097 0.4169394826681713
1.171921497332766 1.109328106741025 0.4863911938346351
1.051301015927387 1.206777663234903 0.4893886969154273
1.118285359086977 1.233210088629286 0.4678691755279039
1.179942973898487 1.183356458500187 0.4647457536362456
1.294293107669963 1.007821811688389 0.4789321680584696
1.363547636887835 1.033562931632661 0.4493322431301948
1.423192706055855 0.9823757472867036 0.437500253499962
1.417337099393306 0.9070095350574218 0.4640863227147526
1.624816318104813 0.4691839091505269 0.4552501892664155
1.483112873853793 0.420282520048239 0.49222212174406
1.545850803204081 0.3563393392578154 0.4911158833302609
1.615709578462927 0.3948378959843102 0.4696308554024449
1.745367759985333 0.4405079437243886 0.3963817473323041
1.685109417247008 0.4159548939057766 0.4391671048133988
1.707823043740916 0.5638803990095945 0.3976816135399146
1.741827510033787 0.5029769556226145 0.3847098869341053
1.536264015183849 0.8053131414912775 0.439585207569634
1.598637168754805 0.8276174391358972 0.3963195146845314
1.650002232110985 0.7759448691672748 0.3733096397847027
1.658331531655635 0.6956625576590908 0.3974772908897473
-0.4566921483977683 1.246816110899863 0.4702179629170238
-0.601971328309467 1.184485169043405 0.470614906204356
-0.4604812535528644 1.183143596413917 0.4395966495092474
-0.5406516645380748 1.150970439548167 0.4407592461303659
-0.2671215928323837 1.759337083460328 0.4129366797475968
-0.3306129996378607 1.790667811977607 0.3758073922401417
-0.4042034582180543 1.762534953479818 0.3886503791477498
-0.4128997275069522 1.698243546917285 0.43300164391338
0.6532520882308879 1.644502705826491 -0.4190740456842286
0.6874820835181779 1.6948738237551 -0.3726476141737173
0.7664500467729931 1.685301207350629 -0.3466109464399216
0.7988975966266442 1.625227586968951 -0.3900494020157267
1.539329951052551 -0.8579200230820083 0.4245543452872539
1.603241420897065 -0.8570767096200125 0.3801587275067025
1.623369397532177 -0.7280241950094766 0.4135538112027369
1.642141876096785 -0.7919286075524717 0.3748962335580583
-1.786058510263851 0.1329403031002455 -0.4043521762449667
-1.724688346659019 0.2765277123207374 -0.4333754374749232
-1.789922991831499 0.2540865144160295 -0.3901988406495073
-1.802091680644082 0.1926616682568722 -0.3861572256390666
-1.869981342143734 0.06762389232653718 -0.324702779592092
-1.7793279193639 -0.003942649356150567 -0.4115397704594691
-1.841094433388266 -0.003735278460636843 -0.3628942388399092
-1.832066289345943 0.1201324055250256 -0.3684407114931185
1.042855955519372 1.549420836393635 -0.3270483789099274
0.9640341740225852 1.592959443007666 -0.3359816362843165
1.015064664388026 1.455618237112472 -0.4147225562968221
1.046576838540037 1.497411352221388 -0.3762194224991472
0.918759075787372 1.569361567584778 -0.3841541987676296
0.5936533666755228 -1.727084908621558 0.3751229441281161
0.6712247274220412 -1.728340313581008 0.3419358425302501
0.7189925774698754 -1.671351741139587 0.3818649212097834
0.6938862351521837 -1.613354850412171 0.4265094478511887
-0.9071922481472223 -1.364730077363937 0.4745055414153504
-0.8691750479668396 -1.210132812880712 0.4938803612515769
-0.8135785537411828 -1.270315510994013 0.4965194744527646
-0.8345778862766733 -1.343690063617299 0.4926995435927054
-0.9966513479356819 -1.453151481850347 0.4208054920470216
-0.9392165691476801 -1.504616032755006 0.4113390592190152
-0.866747491510099 -1.492025972849845 0.4449976012428674
-0.8516396387712382 -1.418074935095176 0.4717938880314838
1.691550837690678 -0.4118133628881688 -0.4325157231145723
1.788909265937627 -0.4851299937814955 -0.3454740499763136
1.798087861037235 -0.4079113834103914 -0.357498207949403
1.758394073741639 -0.3704657940121244 -0.4009586553991537
-1.30093481594047 0.5978361581578939 -0.4955515470272744
-1.239108162788618 0.7511097151293415 -0.4975662808438875
-1.191374658827684 0.6853930166319688 -0.47877598043342
-1.229040840898959 0.6296732705440226 -0.481204230298023
-1.261122346886212 0.4815908981464978 -0.47064814690524
-1.360913796656688 0.4427770557902474 -0.495436591268204
-1.407196205621133 0.5114041920221066 -0.4945019978570837
-1.255387353952579 0.5467257446229264 -0.4797893417069844
-1.302506578772261 0.436698700244933 -0.4816407210343711
1.036742662412315 -0.3401727376371751 -0.2910219519135923
1.105690082512095 -0.2048535283812525 -0.3308580241935454
1.127771489327412 -0.273120822727271 -0.3584759968107541
1.08720067731173 -0.3203938056890592 -0.3378269779615738
-0.2754181107818658 1.12610375256051 0.3568025578851975
-0.1965053057841535 1.157769353413191 0.3760289902684709
-0.3223271473882035 1.233794099664901 0.4426408113993011
-0.3261162525432997 1.170121585178955 0.4120194979915246
-1.203857090224356 -1.324858245968312 -0.405596234699848
-1.109189946677908 -1.448100905911315 -0.3786592463667059
-1.175502742263266 -1.4430165863154 -0.3363200074144467
-1.226738725108321 -1.379334208540564 -0.3558426833049236
0.8131396552575907 1.475306823588781 0.460365356437167
0.7508146083216115 1.522647679082554 0.4529353680403044
0.679037825752667 1.498119273878393 0.4776497813857332
0.6674221403939811 1.419801203080312 0.4915177204983827
0.8222525990395312 1.547946630561094 0.4301466589995056
0.9473368649921906 1.452835610778308 0.4406479061438264
0.9516866405274926 1.519198524693456 0.3999056629103682
0.8893144726116856 1.563868555617415 0.3940393576142494
-1.254689451479092 0.03746848576526425 -0.4365449307920219
-1.211526734703432 -0.03153150002174632 -0.3995124432320264
-1.242497093564011 -0.1096372026580763 -0.4310049470491911
-1.314150611863535 -0.1134220861723085 -0.4649239412233417
0.6881507695346074 1.570759080850706 0.4474310839480719
0.6969986847615866 1.637925448576201 0.4127689776716085
0.7609346037685836 1.654630731553193 0.3763183520728502
0.8269894256757064 1.611209411111188 0.3866093692173869
-0.06650046114036495 -1.586852028700374 0.4852230964795836
-0.02664027634490834 -1.435321803074857 0.4904164354088918
0.0428710751446956 -1.50850316097147 0.4998742924780253
0.009869805264530667 -1.572923609151436 0.4901339634518032
0.02794812405331637 -1.453076414110636 0.4950212993840294
-0.1795752324340917 -1.684821827796828 0.4590717668099503
-0.1233998952147756 -1.733055344521705 0.4330295000046901
-0.05301340648938507 -1.716794763968894 0.4464295035664337
-0.02701514301050021 -1.652040523282995 0.4754214798931579
-0.1995897182334715 -1.751908229486599 0.4215906538937021
-0.2741985035065447 -1.765591630053822 0.401964490645505
-0.336795071723698 -1.717314631679522 0.4307131805346071
-0.3201301790387744 -1.649765709910739 0.4635931561231447
-0.0730278922887648 -1.783881165658665 0.4089483906501856
-0.2180231662872286 -1.813825146778699 0.3759222238402449
-0.1653724469325613 -1.856283368642211 0.3321914332438307
-0.09876302589195199 -1.838232238989952 0.3619337570205723
0.02335685991551055 -1.702866344419955 0.4513403705386534
-0.0283765371665615 -1.821971658437141 0.375333760582316
0.0413072361556218 -1.801421264610296 0.3957652107078509
0.05633087325705284 -1.752538358029476 0.4301405124680546
1.619800261011082 -0.3935013813128283 0.4648045642409175
1.467503419374506 -0.3800463396878148 0.4936863681115216
1.514696939718516 -0.3200565704573565 0.4955760576359758
1.590114414835441 -0.3256926297292035 0.4831779350426389
-0.8776075527209947 1.271784155402325 0.4927586854912683
-0.8761808466498674 1.159005669830649 0.497630861860798
-0.7495611891307687 1.186823439597399 0.4856219627172891
-0.8083322540437461 1.160815830367276 0.4889966283282814
-0.8959016851067197 1.214796269265036 0.4985239107823954
-0.9220883874866747 1.397928926986827 0.4639828471280826
-0.992683926311466 1.365101224333658 0.4568251274056125
-1.003837581543641 1.290048247385432 0.4806182270480057
-0.9505236856113661 1.263830256236109 0.4919635266964446
-0.9825427605724996 1.442212008947088 0.4346096731283776
-0.9671382014995841 1.509789507601809 0.3983192654519052
-0.9004484546392765 1.540267462697986 0.4063975286378194
-0.8399989060536666 1.505171800377334 0.4461840529091021
-1.064291954629466 1.334331329345694 0.4512450530483008
-1.124138091784106 1.370628658894387 0.4175648033947358
-1.037733740324375 1.47696180494864 0.3911615457294352
-1.111890203253506 1.440917770646517 0.3755647634653023
-1.135291747016281 1.29557568194616 0.441357903037129
-1.07371054578419 1.178573360454965 0.4869259861093043
-1.14470282730716 1.22331830095483 0.4670617234017074
-1.022131713929366 1.233060361248144 0.4863834523391328
-1.204548964461801 1.259615630503523 0.4333814737481423
-1.260985713785468 1.296226945984772 0.3915770134050702
-1.244254380505411 1.364128274541321 0.3515873701296293
-1.182889995640322 1.402162123246983 0.3656776134541305
0.6978992528340657 -1.471601031405072 -0.4783480720113082
0.7553210607237879 -1.517234775314596 -0.4597375079981667
0.7513082500825552 -1.578436416980858 -0.4290738589971859
0.6595975215284955 -1.616912615977842 -0.4303843528330206
-1.352370282520913 -1.196895394868263 0.3942133936737147
-1.346201603801913 -1.295595141707153 0.3268195673570073
-1.24169647760242 -1.306526258662659 0.3966831563512676
-1.292400014358829 -1.321560226195169 0.3536969467068211
-1.366563879279176 -1.240105088045177 0.357490839025068
-0.1291433316446643 1.748407271446007 0.4274131868168799
-0.1195465044837329 1.812938271279791 0.3845877964497437
-0.257878191921577 1.819423307143352 0.3638963332058105
-0.1981895061335283 1.846338233808651 0.3397561613833688
1.014445859544173 1.471428360404443 0.4029769216578265
1.071831285861357 1.426563521693267 0.4056332869314102
1.000031017700395 1.329175085675277 0.4670992417512681
1.067015360859985 1.35560751106966 0.4455797203637447
-1.263215593720938 0.1779827063515987 -0.4448580235708096
-1.18502561093393 0.04747109027454636 -0.3861501334632227
-1.201528635312697 0.1971419535142726 -0.4142660581848719
-1.179393067456376 0.1179181469408606 -0.3834523930740621
0.1684507841935519 1.872493957805416 0.3154442787684122
0.150158281731215 1.792100163876823 0.3982322118236805
0.2448392720119475 1.864177371282817 0.3159879582307607
0.280672533319416 1.823211640923421 0.3606203391812859
0.1415696224122914 1.837500217742544 0.3621689051906615
1.559624578633235 -0.9226561666720572 0.3839937263766242
1.516402606834709 -0.987246596928175 0.3866170510314417
1.422524180441107 -0.9208118613386058 0.4553155386869474
1.450817153898976 -0.9874351452336625 0.4290716669684818
-1.618394742196749 0.3537371861226212 -0.4687108974519149
-1.758527436928529 0.3251446609046749 -0.4015055877335157
-1.66539661035917 0.4232869196105993 -0.4487940431111199
-1.735135005322663 0.4035502147533864 -0.407737295667968
-1.748246886794116 0.6783315934180272 -0.3240963573204718
-1.684114752229106 0.5570196481631976 -0.4112422295341767
-1.791248668851331 0.5713513453131461 -0.3160993355348738
-1.753853147192599 0.5372829433059848 -0.3701854820910248
-1.776828928874677 0.6314029040101106 -0.3084094298578672
-1.297650812349109 -1.195978382442226 -0.422866966049704
-1.22181710697154 -1.19450636289616 -0.4481001222317792
-1.273550958308099 -1.316090685563523 -0.366857021514217
-1.318663758141752 -1.256305495541286 -0.3777848564117229
-1.011613916441575 -1.518652565763539 0.378544665411908
-1.072163387179644 -1.52586123582094 0.3334954585016985
-1.13175080089786 -1.479798662017219 0.3359834762537631
-1.123808420010928 -1.412236811805728 0.3949121719935859
-0.8039337929126582 1.471119617993149 -0.4610628851158888
-0.8434610913475333 1.403683544268564 -0.478727729580324
-0.8004136863822833 1.338359236712896 -0.494508811463498
-0.7214345234292188 1.341626859310068 -0.4931330172129113
-0.8835698160756098 1.466117524941963 -0.4503977186161787
-0.9199762117439703 1.524391052200733 -0.4112352668389453
-0.8757990360159907 1.585063683169026 -0.383760664972337
-0.80203331105191 1.596393000938621 -0.4063425124232608
0.1874283512428913 -1.738972362726889 -0.4277100541486871
0.1247852731522034 -1.860972188561306 -0.3308936398993537
0.1866464123631215 -1.839366141307772 -0.3536210531472648
0.2079111435508361 -1.785525756663743 -0.4009002299989599
-1.820701556059653 -0.2798137430261651 -0.3606569153256415
-1.770340946627569 -0.1386995911981271 -0.4143024237728772
-1.851553890158767 -0.2066341142292984 -0.3348061464244541
-1.832107460651935 -0.1384922203026134 -0.3656568921533173
-1.805964156161408 -0.4167643314828081 -0.350906590991757
-1.857060561757123 -0.417068211672207 -0.2902129213871695
-1.886512585366171 -0.3428677967528199 -0.2642061010405941
-1.87419627272537 -0.2773450139399092 -0.3033020930242608
-1.819680779292276 -0.4833079004182392 -0.3119666504534783
-1.784225074431637 -0.5520936675905261 -0.3335952517752455
-1.726256794818127 -0.54781108985296 -0.3893032319521181
-1.701682695412777 -0.4790382111706497 -0.4149290668425927
-0.1212035616156679 1.089015337674747 -0.2939266013774422
-0.2480826018892107 1.021680179906622 -0.221285635143942
-0.2607674502362725 1.062546846604413 -0.2922949809118308
-0.1965748716663082 1.103648438538114 -0.3172193529753543
-0.01461117404914482 -1.09094776749029 -0.2880909670726681
-0.1523480908994206 -1.038961357025485 -0.2193575441646848
-0.1570091666628855 -1.081382036248042 -0.2900799480048581
-0.08039260666043505 -1.116029824794594 -0.3145671593860248
-1.515937557364116 0.9988900746748556 0.3862530893546452
-1.562685567241713 0.8581864466004008 0.4107800404170478
-1.599728764398813 0.905934146893427 0.3632511487500988
-1.571920368178565 0.9760129280028976 0.3492898898428636
-1.549250450834524 1.042050532241042 0.3350285295577224
-1.425258645275409 1.091529292935506 0.3999904029499471
-1.517525774293654 1.11005687391312 0.316441726120227
-1.466044836811752 1.123810814725398 0.3581735326203558
-1.623806856932369 0.8312681230571163 0.3735167395273602
-1.647552458043638 0.7594478655324922 0.3840711626786751
-1.536027086669384 0.730244909609325 0.451613547741094
-1.60544679399982 0.7075214826844713 0.4291264830744514
1.337155266266135 1.178790738494483 -0.411082278476009
1.249505474974349 1.310360123884892 -0.3899398473309061
1.361766437614377 1.235794099334763 -0.3620497066693372
1.323110220966117 1.306175478701242 -0.3350319959013275
1.346117507621408 1.047766459601482 -0.4496706676243305
1.4206886384417 1.045171633494334 -0.4236197923932752
1.404294392555148 1.169598980289799 -0.3702517102402941
1.447763092513402 1.101359302943749 -0.3793630575638356
1.387122924856202 0.9803424736462958 -0.4540061779706398
1.352553525410788 0.9148370754458065 -0.4814606604003968
1.236694461524841 0.9799612805991755 -0.4898797267690012
1.274194633253391 0.9152089883014526 -0.4900274093457123
1.427124656231079 0.9122422493386585 -0.4554097851693415
1.501399655483363 0.9095155680715961 -0.4287895487643094
1.527681592726812 0.9660850877903615 -0.3887040478981789
1.488768509748197 1.033935316988563 -0.3836985679101449
1.466830256037948 0.8440101698711068 -0.4562440311940664
1.431823399830317 0.7782985143592107 -0.4823694252868675
1.354654902520025 0.7794008914128638 -0.4914275025589675
1.314196364628268 0.8471087639938153 -0.491431016544414
1.506098399082601 0.7755718330921484 -0.4557491888818355
1.579486480098836 0.7724387123477601 -0.4270485506078661
1.567387192533681 0.8978530083228098 -0.3895382939229038
1.604068872741003 0.8320380370650711 -0.3888082499152717
1.544479623891204 0.7067270568358641 -0.4531739447006673
1.393923045564678 0.7109625546339053 -0.4909326602467366
1.509544391670171 0.6411135926485221 -0.4793553140888377
1.432642080201769 0.6420866921326023 -0.4909064859094675
1.582932472686405 0.6379804719041339 -0.4506546758148683
1.654622325121732 0.6342180398670432 -0.4182692355252136
1.679182290311733 0.6944876967330218 -0.3800676410459735
1.642450097549607 0.7631932608087869 -0.3862330057341035
1.355473582891477 0.6431890691862552 -0.4999645631815675
1.276296010362629 0.7797728042685099 -0.4999942515042831
1.288500419245941 0.6494396012808016 -0.4938894532287519
1.253155253341938 0.716130760355973 -0.493936113092882
1.619687092900698 0.5686045756797011 -0.444450604913384
1.585314345938283 0.5032626834510056 -0.4717119622753138
1.509180652731092 0.5061198088213975 -0.4878135010159238
1.47109492899697 0.5733401072008719 -0.4883872170236685
1.657004198373609 0.4995002514139149 -0.439326521985659
1.725946392806299 0.4949531140706083 -0.4017458157188178
1.751729746974036 0.5607930812531637 -0.3588694385892032
1.715936910526025 0.6251118005085892 -0.3738635701444891
1.546497758204003 0.4370154845556112 -0.4826894180881989
1.691573645843885 0.4296112218419126 -0.4290071730807478
1.58429356622088 0.3597195890756854 -0.4806841918062814
1.657701225696136 0.3656014949205537 -0.4581263032619081
1.508159873013688 0.3625767144460774 -0.4967857305468913
1.433487502550958 0.3732993874405212 -0.4969260083917635
1.395808908833277 0.4442193273373322 -0.4938553310423749
1.43227834126269 0.5070929083054776 -0.4993646728365536
1.277988384615103 1.371549745046686 -0.3220915683271815
1.130359651736798 1.380095632247921 -0.4074250955519797
1.217745072843302 1.428013883285063 -0.3199295885449571
1.161871825888809 1.421888747356837 -0.3689219617543049
1.786299194444312 0.4909040516811615 -0.3485500896842919
1.726643420128827 0.3610543575772471 -0.4205455969950669
1.791484789905255 0.3544924138053607 -0.3769334092048625
1.813419388149585 0.4186623874327607 -0.3378584185900693
-0.8817100600159919 -1.557527056763037 0.4027367746077537
-1.014728608391642 -1.577325786725599 0.3240290256736921
-0.8920712005166085 -1.619420713880926 0.3560780141446462
-0.9460399995168647 -1.626407568178258 0.3150744317010225
-0.8196021228790272 -1.606830653975764 0.3897365561684983
-0.7491654695806453 -1.595550051733029 0.4237570549487704
-0.7331740141120311 -1.527206937725814 0.4572560920098312
-0.79413312963955 -1.470985959103207 0.4631916034202224
1.839202742317322 0.4845023546153162 -0.2949820414604546
1.858444974898994 0.5510068164686508 -0.2205413865101417
1.822644468654906 0.6189319523720205 -0.255771749783129
1.776289712164038 0.6210627381191423 -0.3206678441099631
0.152253327169223 -1.144113765633082 0.3609194887484049
0.2762937277942409 -1.069976258494308 0.3076420609685078
0.2837345363668761 -1.124205560468406 0.3651957640116466
0.216227106435277 -1.166464927076035 0.3822831949201138
0.4408679065197252 -1.775702386437767 -0.3744222018707031
0.4927993239322995 -1.801354056492407 -0.3307669909762465
0.5669623881437473 -1.773868323039825 -0.3377762198578044
0.5698059728831344 -1.716026883380827 -0.3925135710053236
1.719961914300132 -0.4665994866393662 0.4089102811695691
1.756569177894989 -0.3978894177771956 0.3917028244961286
1.663857896185196 -0.3331789102754777 0.4568059457891347
1.734995437102361 -0.3353057903690619 0.4204092994686245
1.782987349834285 -0.4635012425574593 0.3621805306782844
1.798897374945861 -0.5290095316679709 0.3216857420559069
1.763178256195105 -0.5966123683178773 0.3405231620664255
1.7050860439937 -0.5979595677043097 0.3928881316699333
0.1727152841807813 -1.618577533063815 -0.4790535552701713
0.07760086190627312 -1.494711948920364 -0.4951176595360544
0.1959493822142564 -1.555950120125871 -0.495076282977904
0.1434560329630687 -1.496397361391542 -0.4959414769476553
1.473547197737141 0.3285549480769939 0.4976240652188593
1.351906287016336 0.4400844969297792 0.4922927099174469
1.339510959427638 0.3589962701259833 0.4804711004609264
1.396785340568506 0.3172866210085381 0.4946934266809258
1.076181061396659 1.492926435608415 0.3648910436979519
0.9564234671636679 1.58246130524355 0.3563683731282494
1.069194289507847 1.554825227346559 0.3088370819101188
1.006625980777837 1.597189000959936 0.3068571995070061
1.128750562712471 1.377105586273631 0.4074938424038702
1.186003645417393 1.462896437285304 0.3129658277407884
1.190661804488783 1.397798144808754 0.368682425727636
1.126579715825031 1.509960388635383 0.3114934471837025
-1.741668751078485 -0.5909032209845595 0.3644879610528362
-1.748338971020017 -0.6633039691176099 0.3262861478272125
-1.644333506680307 -0.7077773001090291 0.4050382678212942
-1.702714424653372 -0.7198213628554234 0.3543306799743468
-1.376659817326222 0.2320122575927211 -0.4828827254897502
-1.346394562025786 0.3050799079926687 -0.4816349751092866
-1.236555901324046 0.2586535838043144 -0.4359414607324633
-1.28798734414136 0.2990015524473543 -0.4678391048754537
-1.5628353372168 -0.9672019008756323 0.3665335364364202
-1.455035082949447 -1.083051930030226 0.3876094835834668
-1.521370056526661 -1.083120077371054 0.3329871376217142
-1.563775193656095 -1.030210457362277 0.3257627844145954
-1.604565686338268 -0.8352216419414334 0.3886248352833536
-1.662946604311334 -0.8472657046878278 0.3379172474364062
-1.616456119603267 -0.9693323793412409 0.3139510740762335
-1.655558351066141 -0.916789736671092 0.3027352467639844
-0.987533256816753 -1.509831423942846 -0.3929679388592285
-1.127647831916595 -1.503015723281362 -0.3203973572905978
-1.008991667737845 -1.564760254724195 -0.3423168461248225
-1.063023229815695 -1.55950596941094 -0.3081203406136659
-0.9351898882233604 -1.566491635789765 -0.3725481887411941
-0.8632904792582219 -1.569959751284379 -0.4037082616155737
-0.8837152001371027 -1.444557120489706 -0.4542144546778968
-0.8372477619653071 -1.507093816696871 -0.4440097991939829
-0.09975894476774272 -1.876005046724099 -0.3184828099063586
-0.2006151289771167 -1.776387702399262 -0.404199273455748
-0.1788774065697324 -1.873011491591665 -0.3148416392786264
-0.2238030978552505 -1.829357998992628 -0.3622770259421567
0.1228834479395887 -1.089584938932987 -0.2968597356755296
0.1307879367594549 -1.143706276697212 -0.3566507647722322
-0.01082265420885473 -1.140018934580488 -0.3470492693513366
0.04970456426825447 -1.163550396209379 -0.364992877697883
0.1987126062966081 -1.118354338354015 -0.3329374234097821
0.2590062002375608 -1.075197791421055 -0.3071018029896626
0.1980381172085203 -1.029556622152667 -0.1989925581102492
0.2466843756754363 -1.042276622548331 -0.2591588284690578
-1.158370711696937 1.059886576324608 0.4932246093470204
-1.229362993219907 1.104631516824473 0.4733603466394234
-1.189863556572859 0.9647818267575208 0.4927232612424373
-1.301007796108938 1.070017845547383 0.4578122379982581
1.580314076679223 -0.9864032834661791 0.3422214332508903
1.66243650367747 -0.8566647511425205 0.3343356146474287
1.632148617693344 -0.9737516313253181 0.2930817962538121
1.671102938239664 -0.9081529257283821 0.290821049319426
1.202906760248404 -1.24872525464987 -0.4350129865493352
1.2165201005635 -1.174939820606089 -0.4603398664733322
1.155170459187655 -1.13060333445292 -0.4834724358862512
1.084043767020911 -1.163218668589181 -0.4858074433247234
1.273880997598142 -1.214759710157871 -0.4235203407887589
1.327294895910137 -1.251513060458812 -0.3780819862308995
1.297111096257234 -1.330456406089125 -0.3393883041466211
1.233908117282281 -1.342779433828221 -0.3792974573067795
0.561161878629393 1.730506995587276 0.3817966764274128
0.4537663870713325 1.829920486418701 0.3116032152716663
0.5636053572369559 1.78341674556245 0.3322241189465179
0.5132667858026131 1.819189744443251 0.3042354406139444
0.4183091355975217 1.803099101321258 0.3545588319122713
1.569987389614989 -0.3366779274144673 -0.4826420024988702
1.704794747510054 -0.3347233802434153 -0.4346988532769565
1.566674237904284 -0.4089166901156688 -0.4813644531126997
1.647085230621538 -0.3149446332433752 -0.4672114931991928
1.184006930614794 -1.368059103539804 0.3910461597068217
1.088490720263188 -1.487909135484546 0.3610622352389875
1.204776086704864 -1.422518194688745 0.3373834177324526
1.15132347429699 -1.478518949590305 0.3242822010351598
1.25004291775633 -1.360665290444522 0.3510000154898146
1.294913289384085 -1.299692406352208 0.3665062647542959
1.201010707184812 -1.241574421203355 0.4389337494206649
1.274096736890486 -1.241098851705958 0.4136831734313141
0.9667331786924648 -1.549962838267452 0.3747682460258824
0.9870733196761248 -1.59915777848295 0.3229814450430473
1.101074094996849 -1.536516077290823 0.3079148743246876
1.045909710164245 -1.584986720933112 0.2948331352558304
0.5116542408480105 1.346561034418766 -0.4934579503320417
0.6400884123882095 1.305688067211792 -0.4962549737057104
0.5503640294668009 1.437038384218022 -0.4965713460044416
0.5648998556313811 1.299916132639653 -0.4863128042767955
1.436143579431694 -0.3140878093786172 0.4980858722530757
1.338334058603016 -0.4373631550550001 0.4909898298728774
1.322164444709191 -0.3456267508873206 0.4760805352602016
1.372943030391132 -0.3104962171373963 0.4906943122729142
1.471283310567835 0.2960034919605954 -0.494920782109846
1.504526083519542 0.2259220564815949 -0.4970131340085734
1.619363340505822 0.2911627248110199 -0.4722226157206005
1.572656552182107 0.2182128358839692 -0.4916551105462595
-0.0543030510122972 1.773252964099725 0.410975362553358
0.002983119139088657 1.664857247390696 0.4692814650790765
-0.0690546864734963 1.629307270110416 0.4755619950954819
0.01171797500312399 1.736123316369122 0.438685046957787
-0.1233492255011612 1.87118392646237 0.3233183371198469
0.02131480216405538 1.800654316202905 0.3958596565906509
-0.03778787046690361 1.883141323985439 0.312699533409369
0.01272614284513174 1.846054370068627 0.3597963499576319
0.1701036485317208 1.824835339816587 -0.3716725794221836
0.3247559726199521 1.820116825542917 -0.3563453838867389
0.2037861880746523 1.86954790635071 -0.3176137384592774
0.2762174319620712 1.863457706127507 -0.3132033099446052
0.1278197715483102 1.869171266854874 -0.3242872148189924
0.05749198221997631 1.763190025758853 -0.4178519473787389
0.01620702381923214 1.823195063870827 -0.3800172585861552
0.05151804849921436 1.870349722029236 -0.3276707187742736
0.3549033395239605 1.858362552358 -0.3045495907688755
0.4304765019347281 1.764783464820099 -0.3827892388160882
0.4280279050530404 1.847906826472716 -0.2975607466764024
0.462090610669214 1.801299757363587 -0.3463578102044343
0.8021948817136964 -1.35713782860883 0.4878540181828188
0.7563416098372725 -1.423334319463384 0.4852128705332626
0.7891423255240841 -1.490503201295976 0.461864221929275
0.8651302913205366 -1.490849860727576 0.4402752354103585
-1.684595655200738 0.8071955658255184 0.3365422710117262
-1.633041657869221 0.9490946044596131 0.312026588953176
-1.706995701119383 0.8518298090806459 0.284109569929339
-1.675158513022126 0.9195019482168365 0.2787610201389091
-0.004413880381194221 -1.950927963392926 -0.2035858737603181
0.02429630030107834 -1.92074113766096 -0.2677490100112545
-0.08426706984932339 -1.94971208151558 -0.2021551218340378
-0.1273922881997054 -1.919446369518474 -0.2628773955179379
-1.479543138562511 1.114330758468188 -0.353070786747565
-1.535509166507192 1.101409586310463 -0.3036807956162277
-1.549983900941508 0.9779304170938492 -0.3715614313758323
-1.572947989028708 1.0296632583378 -0.3191011267320296
-0.3552285197774551 -1.779231548971622 0.3850447504811498
-0.2399812322056346 -1.869966769209434 0.3125652699956336
-0.372736407207239 -1.831327330814063 0.3344731234050514
-0.3241964286098338 -1.865114539803515 0.3007966563682537
-0.4353329754243923 -1.783050332439763 0.3632218132941534
-0.4930180256504447 -1.736313205276348 0.3938225234710339
-0.4011601953096848 -1.663405628828538 0.4466734159587895
-0.4807716724082799 -1.673394450613733 0.434949384802638
-0.153340842856951 -1.945042078835816 0.2022247114914626
-0.2310449206340243 -1.9373542263986 0.2019246231344355
-0.2715457092551665 -1.907572761667027 0.2570658657718396
-0.120721091810358 -1.894373861420688 0.2985768031759611
-0.1168446810776991 -1.927869669648656 0.2495062098210997
-1.66623559226819 0.6834489254528735 0.3921520145588174
-1.730999144241058 0.6614534862389425 0.3523477626304181
-1.730741302230652 0.7800095515560218 0.2946639930806539
-1.758571531648767 0.7082781630390739 0.2987199130547801
-1.590498560799869 0.4294382469238377 -0.4728227560041032
-1.499286733778802 0.2922093459898307 -0.4959858176029988
-1.469021478478367 0.3652769963897783 -0.4947380672225352
-1.515303887442812 0.4339041326216375 -0.4938034738114148
-1.206722277033657 -0.6100214949927665 0.4777896460011369
-1.318914416850974 -0.4771117700504419 0.4901640308716861
-1.200694689745509 -0.5293169021253344 0.4577783699824255
-1.257197160019595 -0.483083091290697 0.4752044400849691
-1.068027087191519 -0.7303702920798003 0.4554663445607068
-1.084041493898625 -0.6441848894828253 0.4319016920525275
-1.139140668357677 -0.7485791141939409 0.4800472182124376
-1.140962107593327 -0.5940000089475401 0.4504605778844534
-1.194655737639516 -0.7306843286956753 0.4847987478940475
1.556863303525568 0.1998725328511065 0.4947718877047519
1.459523269918795 0.2533434402181144 0.4935871882671267
1.606143902346276 0.303110324013065 0.4750327988772443
1.478982808555533 0.187598335499273 0.4955038757734491
1.594336091680139 0.2466458397655884 0.4837001526398964
1.471506651944964 -1.051182262027784 0.3872993738427478
1.492188332011628 -1.110176137696156 0.3455761674158854
1.544728538786601 -1.101714927827576 0.2971064799388233
1.588926645894818 -1.038342061581436 0.2957051209086295
-0.4467131906651037 1.796865505160894 -0.3534149267684384
-0.6026906971959474 1.780586985571673 -0.3225045997288037
-0.5580739571530131 1.825331790724186 -0.2773430801652027
-0.4835568148049147 1.831127788540565 -0.3033253289478539
-0.3307682664739584 1.747454180826509 -0.4082496437509987
-0.2890181448716678 1.806824669730098 -0.3741648450907558
-0.3342229288915424 1.853568673291715 -0.3130391827970768
-0.4035612463537282 1.838285826550029 -0.3156620071166747
-0.2530687891317089 1.750255307386249 -0.4166628839044953
-0.3325671699517769 1.626546403344344 -0.4697454552385715
-0.2140345780785536 1.695615317886481 -0.4532693736269282
-0.2530190711148196 1.628295649940646 -0.4721620562518309
-0.2565234515492929 1.856369799851455 -0.3214524229505734
-0.1734170815431617 1.859440507547185 -0.3314278656429315
-0.172284456476263 1.75498580679007 -0.4191845749666853
-0.1365209259481664 1.81577861185537 -0.3821332733173321
-1.173686788597589 -1.554470177311292 -0.2066882361209388
-1.231796425416205 -1.509508875709622 -0.2067069102157797
-1.245196610347008 -1.434249025910611 -0.2975807942288156
-1.129336025401053 -1.554421649815026 -0.2657811016614067
-1.250820946544594 -1.471307526061847 -0.2494093194557766
0.4653663388200268 -1.779608035766231 0.3646119704953344
0.6203547086221739 -1.782041615864862 0.3120594475170713
0.4935239837281041 -1.825620689396082 0.3063215618460109
0.5554583243246229 -1.817889255320797 0.291325649741051
0.4161069746724754 -1.824442514256901 0.325686983226408
0.3426436920574319 -1.831453599142923 0.3366493966361206
0.3582900923363895 -1.717196937672657 0.4235912258314565
0.3125924116447273 -1.780413580476316 0.3926917763177026
-1.134865492847927 -1.538471882979279 0.2814678365155472
-1.047592635090897 -1.641226329150791 0.2082942478631219
-1.114211520151847 -1.597043947701346 0.2094874966736633
-1.006589470254934 -1.633616238235659 0.2700252247908129
1.652122731711921 0.9273506041036571 -0.299718558244142
1.554756046798515 1.022272757239777 -0.3444473130687393
1.630350809984452 0.8886075567838365 -0.3487227490491411
1.615744134114082 0.9946378540874548 -0.2958814924728047
1.027718278554445 -1.522385050602867 -0.3672358538757
1.071556570692974 -1.552355777249449 -0.3105829229973477
1.174833537401432 -1.476733043718428 -0.3099551148661314
1.128879103692793 -1.519158974233767 -0.3019722649541663
1.157464780939822 -1.440270595135294 -0.3581190195695214
0.9918938646492899 -1.591213361036518 -0.321982191482802
0.923698882036603 -1.62268821737424 -0.3329651831703797
0.8863176717146664 -1.523531076673408 -0.4186006377722074
0.8823048610734336 -1.58473271833967 -0.3879369887712265
-0.9556394343911523 1.575017258699538 0.362949401238877
-1.006359902001597 1.597787187527448 0.3088867330569517
-1.096485644180591 1.508495269301237 0.3392743557888299
-1.062369983048254 1.563775487514317 0.3058058774356788
-0.9396701551412889 1.628265142623626 0.316964996242866
-0.8285001389452348 1.570399551475063 0.4108141886960739
-0.8191906961489357 1.635192071288838 0.3751595309218419
-0.877369286065389 1.654985807776869 0.3273349013179311
0.01181299162941404 -1.159005878540153 0.3672135556331829
0.1564660758405682 -1.201567566698736 0.4078975063364992
0.09492812212159521 -1.235669767125379 0.4214645833614403
0.04184139372055816 -1.213291314118824 0.4090166924780593
-1.136206843612082 0.4932849186559485 -0.4252204394597332
-1.092805668607174 0.6141395112203234 -0.4319333843968746
-1.13047185067845 0.5584197651323771 -0.4343616342614776
-0.9707004820740932 0.8333499822421275 -0.4443261571020186
-1.125885566753532 0.827557844704582 -0.4858127180666538
-1.078152062792598 0.7618411462072093 -0.4670224176561864
-1.009311394892043 0.7894853228202632 -0.445070624314726
-0.6340558952326703 1.816211309144429 -0.2587694312943888
-0.7046969957416878 1.806388988554779 -0.2202186586829097
-0.719348369869345 1.715349453601305 -0.3419415507763839
-0.7466496871624482 1.756676827283571 -0.2852903692817965
0.9589023863838492 -0.5478332499783293 0.3028245504902629
0.8465419775087828 -0.623044548539101 0.2199787905018517
0.874334571635299 -0.6514348273992397 0.2879850896620737
0.9268108297687945 -0.6143692777256012 0.3090349001322853
1.028853955549023 -0.4345761773970566 0.3231201372953915
1.078660061407744 -0.4597259111624314 0.3769209395833802
1.040374536954558 -0.5803722806101119 0.3881316350307201
0.9842057580303525 -0.580774784675275 0.3521480501912313
1.077355847372186 -0.5297074217422332 0.3928902008661991
0.6066634661447302 1.700864890853806 -0.388336912115307
0.5387785273209273 1.575104860964793 -0.4639552878308343
0.4884350322939891 1.627218957876273 -0.4552042835687828
0.5149722972725277 1.682519515395992 -0.4263250782734928
0.5465864060070135 1.71903580793948 -0.3898936496618388
-1.87074647172104 0.2650279681700404 -0.3057550159891473
-1.800369650495143 0.3811090168486786 -0.364560698842552
-1.859300260235676 0.3421944263034427 -0.3042633824698234
-1.835930770913592 0.2412786168408096 -0.3542873758976591
1.558754574892629 -0.259734099420006 0.4875774391841931
1.53071709654395 -0.1884291243992921 0.4965306014815053
1.452255710005202 -0.1938362743606196 0.4973411330577336
1.420136550735141 -0.2505064479069381 0.4925840017973684
-1.794955818250453 -0.6027720509123817 0.3032254177061093
-1.775520868890367 -0.4574791181690465 0.3691128935602206
-1.830696865628107 -0.4648775263155304 0.3099957300617883
-1.826487190307141 -0.5319228967821588 0.2899192866617003
1.315682445474156 -1.354151497501149 0.3128435227799269
1.293106120537279 -1.445163344799444 0.2244322150055498
1.217359461438526 -1.471125136495022 0.2842360568181527
1.320790315736615 -1.394795811217167 0.2663155640345688
1.835504638540718 -0.4602994628058003 0.3044782853824664
1.857779614263677 -0.342692906183542 0.3095888246341908
1.798020872636514 -0.332207546287155 0.3736795489773397
1.854190813153951 -0.4068917791711616 0.2960122000993641
0.3469171592415409 1.31829834814738 -0.481052678096684
0.1923376037191177 1.318165033495099 -0.4715572808958236
0.3160676030657565 1.262460941447315 -0.4572790056590139
0.2392551278809494 1.261050858196493 -0.4456717457819453
-0.07619451413501525 -1.305562996931907 0.4583335230131211
0.03684945392209679 -1.327515810287937 0.4686463286688225
-0.01623727447894027 -1.305137357281381 0.4561984377854414
0.0309233605737421 -1.380663102616678 0.4855021547546923
-0.7595266100812619 -1.657443708850917 0.3770982944856628
-0.7665985789514607 -1.715160862671847 0.323663792540445
-0.8839320623799 -1.675711165390986 0.3020742132617671
-0.8262869437547182 -1.709511417977609 0.2957076983200808
-0.6961619256530789 -1.703880260429111 0.3576842913207169
-0.6730985013142656 -1.577819992600968 0.4446178303269956
-0.6286504600445806 -1.693917483281779 0.3924851999188753
-0.6164041068024158 -1.630998728619163 0.4336120612504795
-0.6357224289147794 -1.751634637102709 0.3390506979736575
-0.7153057261184081 -1.799668140606145 0.2279430205759581
-0.6428206175051296 -1.796884993487804 0.2858065257878758
-0.7629222593265352 -1.755947969555803 0.2762936951551349
1.339736264608312 -1.234585058762585 0.3755266807214264
1.403918688122235 -1.231268587539425 0.3373286744852356
1.411268221174231 -1.282099452430118 0.2854426327268099
1.36566068736437 -1.333822927124854 0.2818218132990501
1.841846963052599 -0.4454856005350089 -0.304196732688947
1.81963547280841 -0.5940349728831906 -0.2775933033058227
1.86742130645277 -0.5299642531992065 -0.2216996146328671
1.862464782250315 -0.4722923492192124 -0.2660078074333213
-0.3949600573072476 1.822621177162842 0.3396100326059634
-0.2616809129390054 1.877668962325931 0.3026268738759137
-0.3938665454195142 1.864697924974229 0.2860599648757949
-0.334580310728644 1.882189100729017 0.2774009861664035
-0.4772467851763391 1.73019691210252 0.3968042842792017
-0.5459451404253439 1.809744952042313 0.3050403038010827
-0.5446794369343885 1.762074355619088 0.3605910504585507
-0.4674570039997077 1.83656506647644 0.2989029517834029
0.7198614246868353 1.741663392377944 -0.315873812871
0.6108748632721608 1.799284429839258 -0.292885196599164
0.6690720734438067 1.779290514286958 -0.292277449356395
0.5808164012943033 1.769406925868088 -0.3434672181513274
1.815695544901538 -0.5934105885662183 0.2828209167706075
1.856282628881004 -0.5877572806654907 0.2154810604428106
1.882814444399082 -0.5180736489739417 0.2001198937757431
1.870100838265528 -0.4724000682816732 0.2555174114769867
1.820563510130248 -0.6553601173153971 0.2343184804533291
1.721884213949377 -0.6623606246025571 0.3540233063846339
1.740656692513986 -0.7262650371455522 0.3153657287399553
1.780695900846933 -0.7140058213136481 0.2700187470055813
1.091216702311359 -0.380063331631485 0.3541033763295627
1.091642183085779 -0.3071332857789488 0.3383868631932117
1.015182224182406 -0.3167644925573437 0.231848538418766
1.052775544753265 -0.2956236016503929 0.2932909694416899
1.1414482889445 -0.3322830195443237 0.3921876654812005
1.214370433144214 -0.4529308984488923 0.4468438278173426
1.198200819250389 -0.3611944942812129 0.4319345332046667
1.139718594134523 -0.4751945759766616 0.4238734399003704
1.39024934725513 1.296983720496558 -0.2942014276656126
1.472374263861645 1.158362663784029 -0.3303304857571638
1.48984672887216 1.197060208450429 -0.2782866971811469
1.449816273020871 1.252077073851394 -0.2715006523237059
1.811331770856611 -0.3308214007656379 -0.3596813381117872
1.87320723639206 -0.3213672023423805 -0.2974334026784112
1.871643377349923 -0.3950737388481083 -0.2780319654064107
-1.734261348910368 0.8095101522049415 -0.2783576111123517
-1.79441997382284 0.7547340137153353 -0.2123505425597234
-1.79434674017287 0.6946831815135582 -0.2629272297732937
-1.104774054630938 0.02545124607083955 -0.3022496014533782
-1.073169590330732 0.1501938863764513 -0.2793289416582833
-1.099141511153385 0.09589830273715376 -0.2995518610642176
0.4271879772137429 -1.830177876451893 -0.3200218936892706
0.3651648798783736 -1.853089455828282 -0.3055257444523601
0.2979226326114385 -1.840178231280599 -0.3390556924781941
0.3191873637991531 -1.786337846636569 -0.3863348693298891
0.417096297290948 -1.878741125882922 -0.2618705335579036
0.5532824588377652 -1.82834381305395 -0.283375911676372
0.4927486376075955 -1.88551112395421 -0.2064365246513463
0.5240803928821344 -1.861490486547865 -0.2451318167423549
-1.730217938508937 0.8956071511092181 -0.2072632169527353
-1.7629166246409 0.8226322949988019 -0.2120939964361765
-1.643262894589024 0.8923407438357167 -0.3289356306766092
-1.666226982676223 0.9440735850796671 -0.2764753260328065
0.01492265805852167 1.099859276427007 -0.3010688790708571
0.004578840559491825 1.156064230609849 -0.3613614854381417
-0.1322005939069342 1.136479979256688 -0.3520572194763157
-0.0737124175734838 1.163706546705178 -0.3676670643619339
0.07633078247430747 1.134076628643536 -0.3336658966305951
0.0967846815928004 1.044661265469083 -0.201478391705303
0.1659929820432103 1.051405651172005 -0.2495844482132606
0.1378867062013208 1.095940835309215 -0.3048083282542938
0.797435621653055 1.773211140388257 -0.2126808186684248
0.8765520360305148 1.695615031014683 -0.2851030382296964
0.8312769377953018 1.672017155591795 -0.3332756007130094
0.748040036698622 1.769717897882487 -0.2662407816225995
1.358932346387424 0.3776461048518501 -0.4919903826053296
1.323871119892219 0.2993031088628321 -0.4731726916238033
1.429853713056812 0.2366447294760387 -0.4971534118534455
1.375593008356821 0.2512641123238479 -0.4887503811453044
1.286192526174539 0.3702230487596431 -0.4701020142744147
1.357723185099156 0.5114396257168066 -0.4944290470501197
1.25572532122354 0.4447251863258954 -0.4662399928548611
1.290750021453619 0.517690157811353 -0.4883539370973041
-0.2186218655630363 1.906184511108803 -0.2703022033492526
-0.2485076275082054 1.933675917861681 -0.2098470307944487
-0.3710665530313533 1.887830956671387 -0.2629495849764923
-0.3077789078341289 1.932142599099711 -0.1886548288392427
-0.1654012575020742 1.936746625557411 -0.2198224734868068
-0.09861933996190973 1.865593323112717 -0.3309830537160113
-0.06330831528192753 1.912747981271127 -0.2786365139041297
-0.1042633621505922 1.935437336445717 -0.2345470224056621
-1.012384244713853 1.669905937832031 0.2007965374322389
-1.046400703798391 1.617023371438405 0.2598214724396678
-0.9280897536758332 1.67775573660478 0.2732722331360058
0.9675371741751321 -1.652658944020822 -0.2763122522920275
1.061115374787595 -1.63971606687866 -0.1982458792345654
1.093054689787638 -1.587987284667418 -0.2567186025612683
-0.8847488901793137 -1.624888582065728 -0.3530571688811676
-0.9030072599609675 -1.673885341725971 -0.2934617308899241
-1.010679861222303 -1.616166181257859 -0.2877005904956315
-0.9561800020990227 -1.656351763246574 -0.2772197435759619
-0.831107850995829 -1.677353457220584 -0.3246218037643037
-0.7595766810096483 -1.68174911256368 -0.3583777263365232
-0.7371673431724418 -1.624316153674263 -0.408585624749041
-0.7868067639212604 -1.565490762972834 -0.4245187793339564
-0.7778350507913021 -1.730745872223922 -0.2987822883452798
-0.7896978049232696 -1.771238502282704 -0.2335348869056831
-0.8625755246730553 -1.752990750211783 -0.1962960363238736
-0.902538962915538 -1.70881663840143 -0.248784378459098
-0.6838945429679149 -1.677708568677601 -0.3827461093300171
-0.6313854194356751 -1.73240740499602 -0.3596095701127443
-0.7181666349370888 -1.7756341576258 -0.2672908094779026
-0.6516823162236991 -1.779364520801739 -0.3028082399977536
-0.6089760815984686 -1.674974446106602 -0.4098174685252621
-0.5826341942707636 -1.612726791547243 -0.4492529006557128
-0.711124625879527 -1.561450219086755 -0.4488871623274502
-0.6284622308316375 -1.557248050810039 -0.4605209227474679
-0.5301250707385239 -1.667425627865661 -0.42611636143844
-0.4778842915823549 -1.732356009222966 -0.4003304737593342
-0.5767638548542529 -1.776630398230741 -0.3298795991929986
-0.5030674113851842 -1.776065105861806 -0.3574946156348622
-0.6293694206780549 0.9881059611148814 0.3685204573548633
-0.5087461476350085 0.9987616997576056 0.3286270624034061
-0.5579907636051895 0.9111072073825943 0.2359252920994369
-0.5633285385005009 1.018135086711303 0.3635238211085652
-0.759583448793965 1.001498745309449 0.4370372635233495
-0.680858044451351 1.087352855671887 0.4470658320296671
-0.6195383806799588 1.053838126176649 0.4172101719556771
-0.7396291093643284 1.061345246441763 0.4504404976406594
-0.5899942217849525 -0.9419294577724474 0.3176772427648148
-0.5516478605899364 -1.010869262468317 0.349780625811921
-0.4884596432931659 -0.9375682265041552 0.2156714396001485
-0.4910568507927547 -1.035396743628464 0.3458235255333274
1.854388411308189 -0.6012950151762841 -0.2071203432228321
1.75582025749408 -0.7059021187332484 -0.3043394647091667
1.82907010657312 -0.6895866024845634 -0.1935322707462259
1.790081304880729 -0.7248245309463728 -0.2509603893788205
-0.3680465548902683 1.052649189066678 0.3209372402767742
-0.2176390039018946 1.04690041048908 0.2517607513419016
-0.2128475880114041 1.091843501120361 0.3186808946377611
-0.3424585347705503 1.104195732886125 0.3546714023608148
-0.4187446966517021 1.096667021685123 0.3761541803831013
-0.4989151076369124 1.064493864819373 0.3773167770042198
1.198626300024809 -0.2882644484286767 0.4162180200683157
1.139555568745058 -0.1955346630802556 0.364205168047636
1.103007131386405 -0.2478432895632316 0.3313752585933276
-0.07127581039513133 -1.090582796306441 0.2775673344845916
-0.09879515088061704 -1.19350642705372 0.3918315331741315
-0.03883791122454204 -1.193080787403194 0.3896964479464519
-0.6600802556987535 1.851133793707293 -0.1750571391193088
-0.5149220128416376 1.866752112113321 -0.239590160513439
-0.5871905750429336 1.881842934923091 -0.1550208861813162
0.480088047366907 1.013519150723993 0.3291394367172951
0.3409635991410805 1.049791069974867 0.3030922142597067
0.3498958520954418 1.100694194128056 0.363195827792218
0.5501229138627852 0.9186535439616158 0.2446713123847496
0.604849577571269 0.9150981269105987 0.2991642039200123
0.6226029291304469 0.9754814526815824 0.3593836676675753
0.6101503751748661 0.8662215693341752 0.2304716395547728
0.6129843082982029 0.822010091812684 0.1648977370552761
0.5778526132355212 0.8350167226059819 0.09765812099320648
0.5222895028667797 0.8733055345486587 0.1197339984588881
0.6677109720066867 0.8184546747616668 0.2193906285905388
0.7193908238911038 0.8061822853000549 0.2761627733881062
0.6826303904425279 0.9230494780541417 0.3451839948375985
0.731318146143513 0.8536956168937276 0.3266556050311386
0.7222247570144406 0.7619708077785637 0.2105888708886094
0.7232351443331755 0.7175121391507955 0.1454560236454057
0.6889729810392835 0.741605091943776 0.09641309083013826
0.6354132100673417 0.7872498280334735 0.08657711002897238
0.7749149962175925 0.7052397496891836 0.2022281684429731
0.822153838886128 0.6875711633159888 0.2627689319059199
0.7858319311512667 0.7972117499106246 0.3178538473292092
0.8223132483707661 0.7347860710908989 0.3017042822055866
0.823164226204863 0.6431124946882205 0.1976360846627161
0.8215310247919643 0.5971706201425073 0.1352794760661428
0.7416632202424354 0.6848740338543957 0.08805238838450194
0.786377426797468 0.6325993874906699 0.06286981793127863
0.8687698674604999 0.5795020337693125 0.1958202395290896
0.9111706918617151 0.5581539267348599 0.2575370875607355
0.928193187683017 0.6139631836245281 0.3102721654673395
0.8705624783580366 0.6726588160899358 0.2971121984253296
0.9095374904488165 0.5122120521891467 0.1951804789641621
0.9029570498554973 0.4658358425472973 0.1362220457000152
0.8786271909166463 0.4946464392920057 0.06624970440803968
0.831983068053105 0.568988926571762 0.0610539727976521
0.9453578742567126 0.4444877355128447 0.197938893731661
0.9689608106713336 0.5466732020443623 0.309632404902412
0.9836309465071065 0.4276209136244282 0.2631052219854929
1.005407627190372 0.4744496797782453 0.3087777002826758
0.9144475747245424 0.4269221226157036 0.06900811917553855
0.9483748390802478 0.3424892414275523 0.07014903854197865
0.9770505059137874 0.3812447039825788 0.204146788721346
0.9668117235502138 0.3310874639580383 0.1538062210494791
0.9240449801413967 0.3712998381722608 0.0001766972500031725
0.9164510878036712 0.4202740990763557 -0.06749081114716428
0.8817986833402656 0.4912126438117321 -0.0704583771120624
0.84347359292215 0.5300752066401684 -0.006159953726824518
0.9503783521593766 0.3358412178882044 -0.06634989178072417
0.9774224862805456 0.2110822259890591 -0.03799382200655539
0.9774204483899507 0.2117233281171352 0.03984824075537359
0.9764091289670682 0.2754651795145955 0.08497479912394372
0.9768157167288979 0.272488400783401 -0.08263963013465678
0.9081320553582455 0.4557540235276758 -0.1369849661427898
0.9524634176787604 0.4302593145628794 -0.1973375482639286
0.9811151361008712 0.370712931339173 -0.2026698948513158
0.9692218243911724 0.321462661687496 -0.1503071385318242
0.9178110132153547 0.5011978592982558 -0.2003051142288267
0.8787757688519788 0.5744954045305151 -0.2064922190038193
0.8351545604767243 0.5655551310914884 -0.07565410872244999
0.8367768835399384 0.5837543912141159 -0.1481418168731253
0.9231071311724938 0.5490006955657186 -0.2668448011249581
0.990129406983242 0.5236704207525987 -0.3170920028856479
1.01779353426391 0.4631708309487907 -0.3155567324931282
0.9907940939579805 0.416156767109753 -0.2659900429373527
0.752115263503576 0.6566923402836504 0.01382688511601121
0.6538412859766017 0.7546117227370739 0.02917347476806864
0.7063915666893418 0.715893188419586 -0.03016136802431054
1.022430123011674 0.5302589366679136 0.3615127781892798
1.023421837294266 0.6591741064523582 0.4056342030073935
0.9283525971676551 0.6611780913994382 0.3492075157670061
1.037100258847447 0.4112066482479794 0.3149855952723608
1.069366457518142 0.3405200544102813 0.3212275502676316
1.005084795800608 0.3142206420696219 0.2189725493033111
1.037813404444644 0.3080665207782562 0.2775907552921318
0.9510941626198661 0.596967965984858 -0.3232791076606404
0.8420730014970774 0.6315572274815788 -0.2146815037692567
0.8744113286337216 0.6845265790065709 -0.3113262762922259
0.9226332904952927 0.6538079613432547 -0.3288132936603788
1.045780565711282 0.5111381013679301 -0.3719910390288105
1.076031726081194 0.5751167732928826 -0.4095215794982086
1.045659080979187 0.6350305516492769 -0.4113731804908187
0.9896555663060409 0.6284776865301348 -0.3790604954210686
1.103695853361862 0.5146171834890746 -0.4079863091056889
1.04644525268602 0.4036244477250844 -0.3208890790805154
1.131820791384643 0.4457614197336258 -0.407008024545036
1.099149281998723 0.3908576173653625 -0.3741631502490151
1.103574368629767 0.6385096337704215 -0.4473684505676971
1.162071951754556 0.5097400916585784 -0.4445385650144341
1.197096651984634 0.582705063144036 -0.4666525092568772
1.161751486080632 0.6493962222192075 -0.4666991691210072
1.089592241754436 0.7686973146760734 -0.4682790896840211
1.131378840978624 0.7093100005756018 -0.4685507701136173
1.017198208854613 0.6918705470076736 -0.416907366490557
0.1824830462280486 1.942232356783296 -0.2032762013581412
0.08520058804214581 1.915062288563359 -0.2736118778113674
0.2339335549786606 1.907793633165793 -0.265817945341414
1.205516148094756 0.253258204234714 -0.417566106595216
1.220664094728336 0.3663821903368774 -0.4474223018733349
1.187992585342415 0.311478387968614 -0.4145774275773139
1.302853188143936 0.2438410562316409 -0.4668620128143895
0.7456939194165266 -1.726308448382892 0.3188014245987386
0.7510516844425219 -1.797044638398796 0.2071139954831948
0.7653723337643338 -1.762546094682385 0.2664542577844721
0.6330296850711413 -1.819144660280248 0.258138548143185
0.768355427146669 -1.611322985214055 0.4033750299196772
0.8443433929431217 -1.611669644645656 0.3817860434007607
0.8646835339267817 -1.660864584861153 0.3299992424179256
0.813140183812168 -1.705557522240964 0.3063833364640053
-1.113834289267538 -0.108267665416334 -0.3266543737943698
-1.172833253018849 -0.09963459814879419 -0.380610149720392
-1.136230350680717 0.04891816115385 -0.3464199055140667
-1.144804648128116 -0.1863733680526639 -0.3581468776115346
-1.043905307029031 -0.2085459580939009 -0.2321403620450869
-1.052628767337785 -0.2695710087703279 -0.2845705793823519
-1.107738780599207 -0.2619104669192633 -0.3427406351391953
-0.5105259130802287 -1.78840898711879 0.3432508963949354
-0.5176241016705789 -1.833659343503886 0.2900067242091537
-0.404300884256771 -1.868933323271656 0.2789737191812574
-0.4754351767247758 -1.86078104950326 0.2642061742333185
0.4307255402722262 -1.908422703330599 -0.1919403754144358
0.3541992672717953 -1.927475639268581 -0.1844688940915087
0.2878309526886436 -1.888741480711628 -0.280904332346827
1.142377433757837 0.2728565394327029 -0.3808592108796415
1.147250068621832 0.1722005251423614 -0.3664467888114139
1.115183375755332 0.2273105607646489 -0.3399278429823933
-0.6635450703556667 -1.819857150860521 -0.237560838558157
-0.8029071088188422 -1.79787903561366 -0.1648045574564965
-0.7330353646120518 -1.833736186497656 -0.144742797777785
-1.173798933870062 -1.550981373897626 0.2119755144257279
-1.186510525679211 -1.424847458964067 0.3428845500074346
-1.23721406243562 -1.439881426496577 0.299898340362988
-1.250844180598287 -1.467961891208335 0.2535350662130413
-0.7180661613731703 -1.453255899971146 0.4840523787984476
-0.6345491776435871 -1.438245812573875 0.4890559081498369
-0.6004126513338014 -1.562655614611949 0.4671110983115404
0.466413795165624 1.409238599205132 -0.4900338363634503
0.3968544503710494 1.26292384270581 -0.4631467682533802
0.4809496213302044 1.272116347626763 -0.4797752946358042
0.2755054727618964 1.090977064192976 0.3213730453673236
-1.275457130178952 -0.1815251842993564 -0.4460216477117073
-1.233686022256529 -0.2478236154524547 -0.4358175021518808
-1.166737744350518 -0.2532773996517235 -0.3966964110652174
-1.900229208497039 -0.409411365688251 -0.2252661605023153
-1.835321480027353 -0.5523975477799251 -0.272901582170658
-1.901326838021566 -0.4720997450200685 -0.1843338737444487
-1.917364919465285 -0.2696881679559532 -0.2383553321394067
-1.930778861630614 -0.3978993301006813 -0.1583270533978733
-1.948321059253818 -0.3253786672292187 -0.143865277401163
-1.741897495553204 -0.6169007372146459 -0.3502381636692978
-1.758478220215575 -0.6861656796152819 -0.313077289667327
-1.801076659886266 -0.6917603864141642 -0.2488231077780622
-1.700509940602065 -0.6818831018777156 -0.3687852698441996
-1.659355116534343 -0.5438452807947693 -0.431571978736645
-1.614106631537673 -0.6087757392806494 -0.4400726391829399
-1.640559189058374 -0.6791302234471968 -0.4156970389768235
-1.759689104935127 -0.7567427510772338 -0.2673702139529639
-1.722968347607127 -0.814395468080007 -0.2856086089720113
-1.673238296307212 -0.8138057260661585 -0.34427017630298
-1.657139913720746 -0.7483951658478327 -0.3785361649748527
0.09226593023863246 1.254388101463846 -0.4309440746436046
0.1391834544004642 1.197273926165239 -0.4050585395297264
-0.01230429315769801 1.197923898921707 -0.400264081921672
0.127542888702291 1.152145789492057 -0.3651009346215785
0.266910689057427 -1.129319129185279 -0.3668928320863653
0.1803330562291225 -1.23668102795371 -0.4276058668954072
0.1255337226252739 -1.192319795630407 -0.4010705654321354
0.2811707822450638 -1.171418739158788 -0.4045691966470156
0.1493060424368183 -1.573925040074272 0.4885800413532028
0.08235639327456035 -1.573691655554091 0.4900726758915996
0.100434712063346 -1.45384446051329 0.4949600118238258
0.2559426383136461 -1.647271443746343 0.4702760687878826
0.2102449576219838 -1.710488086550001 0.4393766192741287
0.1163047725566533 -1.638345488254239 0.4788397123269806
0.1492787858981956 -1.68801750186376 0.457639854256382
-1.010728389990011 -0.283110531544025 -0.2125198397419264
-0.9760541750362599 -0.4144041917954031 -0.2425490434257243
-1.031351610446959 -0.4031487803436887 -0.3065052655183104
-1.074561863560187 -0.3364750403693875 -0.3231201128360347
-0.8964136140943449 -0.5008925820649588 -0.1401968211978843
-0.8973694885215542 -0.5410943026114796 -0.2179135303250275
-0.9879539351844533 -0.4734173899186397 -0.2841042518648433
-0.9410148351906137 -0.5378126082933576 -0.2715394797439485
-0.8611266028421447 -0.5573140833060843 -0.1379623217506546
-0.8189380964247422 -0.5820110688644718 -0.08364258565725678
-0.8666254224948657 -0.653402605040649 -0.2722869580560607
-0.9057278239384134 -0.5942341095344832 -0.2693049802967189
-0.8198939708519515 -0.6222127894109927 -0.1613592947844
-0.8286775049747832 -0.6487422763615318 -0.2260633767801675
-1.06564747040862 -0.5239661320989945 -0.3862494010876106
-1.08646162370838 -0.3954882384926242 -0.3646753212751538
-0.9963122706013126 -0.5265571968416433 -0.3354957018365347
1.531226954671084 0.1588540733994125 -0.4938877402898591
1.408835781308528 0.1811826768448475 -0.4908427330440318
0.3708013369655092 -1.877466252772774 0.2783589879867971
0.4764210626296297 -1.892803721415526 0.2010208367931224
0.5061989601770714 -1.862723733811467 0.2524006624721246
0.2425927772263533 -1.917788691601729 0.2424970286607462
0.2672867739377611 -1.833437318992189 0.3453637810780917
0.2366466823998727 -1.891059760563016 0.2907263837537853
0.1288179881045743 -1.932668115464366 0.2368985132821066
0.1934888130766532 -1.967072601545109 0.1394692871848371
0.1819014052757603 -1.924371114505948 0.2439020110180218
0.007838402668579575 -1.89527945857625 0.3032217487959666
0.07752217599076289 -1.874729064749405 0.3236531989215015
0.01171481340123847 -1.928775266804219 0.2541511554411052
0.1228718932780938 -1.905939184425653 0.2851278683751456
0.2453866812147232 -1.612415286064234 -0.4786350100832383
0.2426353754891929 -1.721596092939032 -0.4358024582257783
0.9323232459611983 -0.5502896695080018 -0.2635494224128299
0.9492474520228797 -0.4700044261019996 -0.2369726260232275
1.03200313562244 -0.5339659217722332 -0.3661384158370994
0.9870813287149829 -0.4894736515779454 -0.304245415597801
1.048927341684121 -0.4536806783662309 -0.339561619447497
1.153002994979573 -0.5339134926136733 -0.4374698703140454
1.166515436805429 -0.456811342253939 -0.4313456679070102
1.099385356583536 -0.4339017464181149 -0.3863666454954786
1.054463549676079 -0.3894094762238272 -0.3244736452561802
-1.044733968590469 0.1373186419835604 0.2115730505091248
-1.013528946512475 0.2136733095221929 0.1842840896974924
-1.103680059177622 0.06339677649359121 0.3077821451763229
-1.049279792894534 0.200651427773063 0.2554389960030921
-1.135418054218586 0.1154087865840227 0.3395058502570465
-1.096344265156497 0.1893813234011582 0.3153451381255633
-1.15861329842368 0.05450880284318343 0.3645600386186448
-1.098039557566164 -0.07237263750970495 0.3015172397954899
-1.195347746326207 -0.001406449669655972 0.3867726343133033
-1.157190251977794 -0.04778424363884644 0.363177565398567
-0.9823037623903402 0.3426875028763022 0.2005554115125837
-1.028391966546413 0.3413095552182156 0.2736437773507409
-1.065139243078504 0.2657359909397907 0.2880561773139309
-0.9272792925815113 0.4138261291231473 0.09269895554217517
-0.9020448037757847 0.4759745484057574 0.1478997366771944
-0.9926209581202124 0.4069909627828222 0.246049153671865
-0.9420602682146275 0.4591375055489898 0.2117288789881871
-1.151277504402556 0.1804933497507504 0.3721230315678852
-1.227085741367171 0.05060556042077552 0.4184963393940269
-1.204233445629593 0.1720026159597738 0.4120020850732387
-1.063752012444477 -0.2292340983485203 0.2871530930103768
-1.113745391066254 -0.186235871659565 0.3271852314771597
-1.128354506161241 -0.1226536739013033 0.3318584716561358
-0.7196453111466934 0.8402908013772441 -0.2971345252945385
-0.7663833032189757 0.765184725181588 -0.2752293518723372
-0.7961161448301909 0.8048543103312495 -0.3407704169534536
-0.8213180030447083 0.8564902038908448 -0.3889342972579232
-0.8680559951169904 0.7813841276951887 -0.3670291238357219
-0.9066669079349405 0.7375194682733244 -0.3677735910484293
1.340908236225233 -1.17772762641503 -0.4034088661548965
1.226144696537393 -1.096637789960921 -0.4719797901256748
1.342459197856522 -1.103964187284145 -0.4385175326088572
1.364138334884325 -1.293424322346285 -0.3192768295127588
1.429672816726853 -1.237314005307586 -0.3044932861341412
1.395873096168517 -1.140717537585086 -0.3930791780509978
1.433310061058583 -1.174741141832851 -0.3529948756163327
0.8193690910217906 -0.6930516329096852 0.2482524797326085
0.7489590076345543 -0.7364959512091083 0.2205682181315075
0.7767516017610705 -0.7648862300692471 0.2885745172917294
0.8244021518493877 -0.7890759420238334 0.3473733986261147
0.8996379432818022 -0.6843763620961855 0.337308589363042
0.7539920684621514 -0.8325202603232564 0.3196891370250137
0.7005744259251501 -0.8640550932699822 0.3103013977999304
0.8513100180834702 -0.8858252905876578 0.4147329811057294
0.7482249760134673 -0.8882448052245685 0.3691002791343158
-0.6943503152923185 -0.843633886972585 -0.2894921959948527
-0.6422106539890089 -0.9191085918250115 -0.3158261488157192
-0.7137306253569059 -0.8948192792963692 -0.3531036583065791
-0.8367303507363624 -0.8292358210317865 -0.3757158855796374
-0.8185193271902966 -0.7643169903363178 -0.3278322953600181
-0.7906546171834634 -0.8935882524997448 -0.3842000296982425
-0.7805714096702141 -0.7596566616572007 -0.2816087140841249
-0.7385149558801538 -0.9690629573521712 -0.4105339825191091
-0.7161263911726601 -0.845217961405047 0.3103093874628993
-0.7927460863935566 -0.8249126346876555 0.3404749988048352
-0.6400445099546254 -0.9795875333643987 0.3744226876811148
-0.7150055614147571 -0.9588681488901662 0.3895509678698118
-0.755010566370538 -0.8903424019511373 0.3724849159759445
-0.676659200219741 -1.027807953586036 0.4216543509169181
-0.6436794343454728 -1.088660195149049 0.4366399284319504
-0.5411071389624276 -1.073054819220415 0.4025689704496274
-0.7916252566356536 -0.9385628221727748 0.4197165792117478
-0.7999199259804475 -1.068504494493584 0.4645660783160984
-0.7186404858056046 -1.067940810674817 0.4517682086206474
-0.8103995660031095 -0.993657164627066 0.4496547466261495
-0.9103473705464988 -0.8280365287891872 0.4215556812680646
-0.8864608003987318 -0.8891676592506785 0.4321721330015994
-0.8504045709588903 -0.925131417688037 0.4325886947322821
-1.005078886208668 -0.6998505797476535 0.4168961827100696
-1.06017806066772 -0.8042448044587691 0.4650417088699796
-1.025333164259501 -0.860496258442102 0.4665583497892215
-0.9651779093537962 -0.8471671128061198 0.4510772869517836
-1.102972969837234 -0.3430750593393797 0.3547529458834758
-1.10829359176112 -0.2682279022359234 0.344140178434478
-1.152966348459011 -0.3000768326504244 0.3947850843502587
-1.206714784726274 -0.3389593493958634 0.4321629059133749
-1.141290123420152 -0.4441097029169943 0.4179235768324993
-1.197792593694238 -0.3978758920823569 0.4353496469350428
-1.21203540665016 -0.2641121922924071 0.4215501384643771
-1.172896085477884 -0.1616474777887065 0.3888455570802369
1.332479804006009 -1.419760729087673 -0.2086633309220426
1.288120312718079 -1.421153144298828 -0.2723283958852487
1.39948901707395 -1.316257350937899 -0.2657996040498628
1.270751556256469 -1.384690695715694 -0.3204923005886388
-0.9595035101788454 1.456954978476149 -0.4289001113033805
-0.880049709545235 1.33335714366171 -0.4838436449637879
-0.999674783881779 1.388556515232951 -0.4508754298927381
-0.9517327301192264 1.575901136703212 -0.3622630576595388
-1.024471130474449 1.562013156743457 -0.3283338652713561
-1.068568868331741 1.500458644927895 -0.3611243238958821
-1.036081179550139 1.446830042491721 -0.4117129781155047
-0.9802939547464697 1.62268578771175 -0.3008592634047478
-0.8337898294271662 1.647903085441099 -0.3573703032438543
-0.8610911467202693 1.689230459123366 -0.3007191217492669
-0.9192298602422397 1.671385628752412 -0.2827129117821319
-1.097130092958984 1.547243295936434 -0.2997205296410912
-1.099117809659858 1.612620891494061 -0.2017182187622002
-1.033771939722193 1.655598048246929 -0.2003646416403393
-1.119556692189452 1.574675239129097 -0.2481885029128059
-0.9919682605974625 1.657497648792658 -0.2487837193939492
-1.108740142034675 1.432060181684697 -0.3830996424852398
-1.182274764288403 1.421167312464636 -0.3554884993977889
-1.206968953607611 1.464699232446105 -0.2982726192390663
-1.163654430046744 1.513120727313535 -0.2809789615373319
-1.126761454236831 0.2528846080328738 -0.3543129108297816
-1.10462588638051 0.1736608014594618 -0.3234992457189717
0.7984517931218229 0.6226169540425521 -0.0838433934878874
0.7511057732443744 0.6636185420558602 -0.05534393847753385
0.6049817432108655 0.8119231202954348 -0.06793747843392511
0.6575320239236055 0.7732045859779471 -0.1272723212263043
0.3716536322495668 -1.043335600724522 -0.3089117688531851
0.3414643761860165 -1.128262192225827 -0.3787335762268962
0.3148824584362552 -1.053241413379595 -0.293114237145641
0.489570270205518 -0.9754244378978266 -0.2914067157179209
0.3946102934533707 -0.9785889978794113 -0.2192142562759279
0.4578955250092246 -0.9580264413580437 -0.2398443523618313
0.3593318076874423 -1.010414431851798 -0.2609687943325802
0.5805917862817092 -0.8952660026059591 -0.2401661932466876
0.6240142783897502 -0.9111685010062005 -0.3087610951334713
0.6021815973158378 -0.9846259728598675 -0.3544872359992933
0.5313628137139887 -0.9329422600591462 -0.2544847420396279
0.2246592760979896 -1.355789629621807 -0.4795106192489333
0.09298637798700121 -1.364098955252229 -0.4786118860958007
0.09924968373792203 -1.256525147465878 -0.435947979821058
0.1588415490437968 -1.365784367723406 -0.4794357035074017
0.2819451570512034 -1.480240376290361 -0.4955978475022539
0.2294518078000158 -1.420687617556032 -0.4964630414720052
0.5284157282840496 -0.8687837782168097 -0.1311494743462186
0.4159015241604753 -0.9270225921913643 -0.1248379270532555
0.4791867557163292 -0.9064600356699968 -0.1454680231391589
0.6415685057611773 -0.8560942470132307 -0.2428801829844413
0.5489170410854158 -0.8778680060661762 -0.188603829890598
1.887682409627792 -0.5800231777231205 0.1516174574584648
1.821282984826399 -0.7083525134129205 0.2026788906777843
0.9925333586492293 -0.2083622535296655 0.1191463628508918
1.026547172483031 -0.2574744963416265 0.224836933818882
0.7106670698965688 -1.793790080736505 -0.2486732779798977
0.6914339672129552 -1.761040134900976 -0.3078490833327981
0.6302891077885999 -1.74301663994237 -0.3451224917054491
0.5982434570935822 -1.834004753095283 -0.2521410456239128
-0.3232722127504413 1.028043229554862 -0.254491881179292
-0.2717644825275388 1.110011488186354 -0.3504255990107043
-0.326886585962426 1.126889768525528 -0.3721163978422116
0.1761030636626734 1.018195242180394 -0.1776895496552531
0.2172050882711938 1.069474812020526 -0.2810194862042439
1.091143138201407 0.3873488205640984 0.3669000285648144
1.117579107412359 0.4473854019728911 0.3981868535055825
1.133220956449914 0.2402051881328666 0.3673812211965678
1.195810993670263 0.3210783190554748 0.4176769404246398
1.149845306083054 0.376698808135193 0.4044288085008533
1.162482373755307 0.2792877139919744 0.3955811077076188
1.091856283798605 0.2842086930943752 0.3295051885845854
-0.8827913423931557 0.4814317670879958 0.06763790438566177
-0.8678896959089472 0.5786245979865856 0.1901522507610563
-0.897572318026272 0.5267431435138383 0.1866678278316737
-0.1387261989041823 1.078566011341761 0.2709871837251749
1.499560984993671 0.1228591010638093 0.4937579366731407
1.614914268118278 0.1819066053301248 0.481954213539588
0.2891928611731431 -0.9757748101388207 -0.1432504542095753
0.2539143754072147 -1.007600244111207 -0.1850049922662275
1.104667127407241 -1.00279795887098 -0.4938438868509871
1.093668362994805 -1.084916637944013 -0.497447366977066
-0.225176131061581 -1.053384735569131 -0.2538286350621866
-0.1532206468225954 -1.13045320333824 -0.3490382502835265
-0.2096402346124588 -1.15298520694732 -0.3710348313637577
-0.01607686834303576 -1.188632453513684 -0.3914690700112397
-0.1330236746100083 -1.187632995493872 -0.3955220427449244
-1.184916153847069 0.363052997511593 -0.426254565360385
-1.189228371844701 0.5134280105326264 -0.4563008301759885
-1.236347596664383 0.4034009661546329 -0.4581522095033753
-0.149083727624124 1.178339647568545 -0.390959815959846
-0.2626940073924617 1.167991360459229 -0.3970407699057351
1.757612369757507 0.2904826868840018 -0.4060525393860228
1.646064211657364 0.2240947417288375 -0.4690972220018862
1.844388337778265 0.3480907167395154 -0.3233653609810252
1.839732315205604 0.2181805153671189 -0.3530079720619546
1.871022353386962 0.2752807144568618 -0.3017785647744996
0.3480139063971853 -1.085170692952333 0.3375326476481349
0.2879472850382213 -1.18165936153406 0.4121737815997409
0.3416836486689465 -1.204565106691537 0.4290739213249514
0.7490714977026908 0.9140789426647113 0.3868750687787016
0.7665925761658267 0.9593364875586203 0.4198653633509793
1.163981781791541 -0.2068172840061164 -0.3849587363853136
1.257433775089888 -0.2767054101354395 -0.4459410443664566
1.212622456813068 -0.3452671571497472 -0.4369067125648737
1.145492376591176 -0.322357561313923 -0.3919276901533421
1.376234727092745 -0.2106582224680063 -0.487248742585403
1.415413814671901 -0.2878055738141095 -0.4891667318678781
1.283993043296099 -0.3468879889330518 -0.4702710479288079
1.356280491536098 -0.3359908205718506 -0.4877643534965566
1.462844180191727 -0.2201375543633717 -0.4971100947228903
1.502220997601501 -0.1376720281184822 -0.4938433493463972
0.6490991165413473 1.17021667812691 -0.4662709886821322
0.5739105597845191 1.164444743554771 -0.4563288192532173
-0.8814818879069019 1.037224830634359 0.4739051864945503
-0.8136332953007805 1.039034991170986 0.4652709529620338
-1.000675811395063 1.096564769871255 0.4973782368361457
-0.8615275484772653 1.097071331766673 0.4873084206118602
-0.9490969795402389 1.151051770664433 0.4968357030659742
-1.14296776322971 1.142613309012328 0.4789495568203177
-1.103468326582662 1.002763618945376 0.4983124714233316
-1.020396649851915 1.152355369305642 0.4982712857577432
-1.270396794076347 1.223969564993442 0.4172808337696486
-1.285604847641711 1.152744578235103 0.4435371854715555
-1.310102210119957 1.32848220903124 0.3354867301511356
-1.374272787017035 1.282870340761491 0.3153537740630826
-1.342041596965378 1.189355893716352 0.4017327251284833
-1.382827788501722 1.221637415506244 0.3599158547988921
-1.357541453736979 1.35077166931804 0.2753641307876417
-1.276312693207616 1.451467723817198 0.2414860748530306
-1.232006491974811 1.434417386293451 0.3095873302001959
0.846615404153185 -1.735427941115094 -0.2471283296907353
0.8273823014695715 -1.702677995279564 -0.3063041350436359
0.8579481705992759 -1.646178301323974 -0.3422670495804519
0.7746555140603111 -1.753972136036114 -0.266137220754766
0.8008175581266606 -1.803720962973746 -0.1484290680948979
-0.9318687661494578 0.7891553618329197 -0.4159374713528989
0.1589019013876492 -1.258020928568332 0.4428282895331492
0.2741762187373474 -1.246824473299166 0.4461613522334187
-1.078013906610476 -0.5634802966153932 0.4118904160338162
-1.096446745425658 -0.8787050805562425 0.4911392234409524
-1.186806711115717 -0.804558841074644 0.4943741122033205
0.06269438840442861 1.542498258544088 0.4917698159060607
-0.002171689161179061 1.585442553235171 0.4910427072540644
0.07860097231544125 1.692258599493876 0.4541657591163695
-1.465294503168477 1.293802395704243 0.1971921985038126
-1.481747969600644 1.230172934980766 0.2580614489352693
-1.430267032118743 1.243926875793044 0.2997932554353981
-1.214948308342526 1.48950157252286 0.2555763181775318
-1.18083264721019 1.54478179073594 0.2221078398243808
-0.06876674878947292 -1.24779186263239 0.4336346700190079
1.541400085180658 -0.2148193794645855 -0.4957613386288722
1.498710116060179 -0.3695236684106765 -0.4977505346191948
1.44288994463508 -0.345470152467216 -0.4976257056340438
1.579121108777433 -0.2755516115383828 -0.4835975747056878
-0.4746649797269136 -1.543566540807968 -0.481646037676551
-0.45154240425465 -1.670108354663606 -0.4397659058897849
-0.5496112199716927 -1.549699232569098 -0.4768198156606458
-0.9079051603477901 0.561787555129818 0.253981393072049
0.1654624196638191 1.261380444802707 -0.4420441111754512
-0.488398755008731 -1.416717129463468 -0.497722425160782
-0.5633449952535101 -1.422849821224597 -0.4928962031448768
0.6252219021926421 1.61339704337204 0.4374833910170373
0.5426920953197947 1.516166684978775 0.4843642297911084
0.604758301606977 1.467912604848464 0.48601343640615
1.085048990287607 0.973745049628529 -0.4948179126590558
1.057621805771278 0.9047380275187409 -0.4886357763947696
1.198337300742321 0.9122329691471843 -0.4998500829130185
1.133409944497443 0.9079782393351192 -0.4935202640720212
1.008282980339503 -0.6469083083573839 0.3943419846727424
1.101433069681337 -0.5958409454243421 0.4350841353477102
-1.841886033563818 -0.6471005547368858 0.2001896247639285
-1.756001491825341 -0.7316901927832455 0.29306813662762
-1.833157410248674 -0.6043236449152092 0.2517174734360768
-1.783036486159675 -0.7503772828614588 0.2434853660868665
-0.8893793912664436 -0.7742082369241615 -0.376778475453943
-0.8615146812596104 -0.9034794990875885 -0.4331462097921674
-0.9102707691639254 -0.650120910722527 -0.3259129074749818
-0.8332204502002951 -0.7046290775495756 -0.2826713039584304
0.6980057364266181 1.697268694074527 0.3663706591418157
0.636513296027184 1.733473161072709 0.353248727259679
0.827996477340738 1.670552656609514 0.3402110506875941
0.700449215034181 1.750178444049701 0.3167981016609208
0.813681158317755 1.722793380105676 0.2874882479736841
0.7558591145012827 1.751906621702827 0.2832032686031088
-1.079509533866966 0.4512004849524984 0.368530015630401
-1.707238823925783 0.4792512755546029 -0.4118491542201563
-1.562305755605233 0.5034538661096156 -0.4738866194706198
-1.01870837041478 -0.5883613504737124 -0.3736846289667158
1.618497926187207 -0.1930860852934934 -0.4803308293291947
-1.318578908716766 -0.3559399304840845 0.4770742918358782
-1.321622488771037 -0.2884640937381348 0.4748551997120553
-1.256861651885387 -0.3619112517243396 0.4621147010491611
1.225669283193423 -0.4925518863070936 -0.4673609185342602
-0.5559646100641162 -1.67875310529276 0.41497846790342
-0.5753091518966313 -1.786922216340472 0.3206074343860342
1.876855940217482 -0.6255158828005791 -0.1376385820732703
1.897217720750095 -0.4795523915123059 -0.1955348473503307
1.172293993333118 0.2028306753984407 0.3898203453441013
1.101667903376416 0.2077516545008415 0.323744426221068
0.9968706901733942 0.1359385971220849 0.0005368021323749195
0.9962659585123415 0.1967036697883507 -0.1219510687576554
0.995857332859917 0.2003215506476212 0.123505423262874
-1.424811519619721 0.2975978289437494 -0.4979842744806359
-0.389367571376888 1.211886079990516 0.4405096558749183
-1.305339540556054 -0.2516084989666869 -0.4697364963260313
1.280607978057121 0.4065826381883451 0.4740335067457149
1.234642290469912 0.4622031272680633 0.4607853748219284
1.325487031609292 0.2837847622671039 0.4764342235091937
1.222246962881215 0.3811149004642674 0.4489637653654078
1.234884030553467 0.2837038063210488 0.4401160645721733
1.402220951386898 0.1763300084308172 0.4925732372355155
1.033540435240496 -1.035413293007242 -0.4961788942894593
-1.6438410541287 0.3568060672737539 0.4600597956887313
-1.621090624928083 0.432537631941969 0.462390393738295
-1.736731536405047 0.2595863108327249 0.4282575153069774
-1.777356827807196 0.3155618863870816 0.3891975702736981
-1.755864765587724 0.391771867761159 0.3951375375612546
-1.692979189195785 0.4127605415633586 0.4361953193562753
-1.798358745815841 0.2381192203246631 0.3835903642739638
-1.816114916112633 0.1630306251125461 0.3737983110543578
-1.776421301816225 0.1055746652112875 0.4130503592833922
-1.709045494340239 0.1246805900854493 0.447887737325981
-1.817491974998519 0.3703047772530972 0.350470386528241
-1.856740207514782 0.2190062006669027 0.3347383660210785
-1.884417279040696 0.2672881376442774 0.2864735206629823
-1.865344765021041 0.3458835484152767 0.297230521366485
-1.733114336387108 0.4675034324293742 0.3974681356108183
-1.774828472474578 0.5170232114020827 0.3570045924567964
-1.825302537334921 0.4909626337905534 0.3054890758242592
-1.843852702801569 0.4220935297893541 0.3031704886540416
-1.834802763515165 0.08646164555352703 0.364198361030507
-1.902173449337488 0.1921995424321604 0.2766814674433763
-1.888880615541342 0.07016835290758018 0.3102692500535199
-1.907542174469984 0.123449900021745 0.2780896115653761
-1.849187001244934 0.01271239300632159 0.3495212982825542
-1.727733341742771 0.04811161052643028 0.43828778730213
-1.744335046233291 -0.026816421263517 0.4318067383484387
-1.815668952332393 -0.05482382555350693 0.3843502923282928
-1.95286460503727 0.2050738666928789 0.1785632752488499
-1.910778006843747 0.3190768901805343 0.2391736227887828
-1.943420799440579 0.283069177808926 0.1771348885623842
-1.935219245995898 0.1717318369991198 0.2298247662072798
-1.869746804358569 -0.07111711819945378 0.3304211813513057
-1.921926412199753 0.04970064747453958 0.2634125488174234
-1.91819507691258 -0.06079321467158021 0.2695257123425819
-1.397532679430105 -0.935990709097317 -0.4608105947995068
-1.437575954908922 -0.8733676898676841 -0.4608212952329316
-1.386104152588716 -1.065971878358546 -0.4328011721161308
-1.467619279382162 -0.9389786955942774 -0.4364896854754197
-1.451335698825721 -1.060442451611009 -0.3959502898759839
-1.491082087126741 -0.9991329689215027 -0.3984059676516012
1.271548444224523 -0.4089123273332452 0.4708741824044577
1.213066219108657 -0.5229124090286941 0.4628130891001613
0.6093837928704033 1.231243380419789 -0.4825723180094729
1.300461443420551 1.084126731817776 0.4548843875213924
1.2392283907684 1.132413963632666 0.4628388722512777
1.429361041806443 1.058680667416091 0.4134524729628848
1.426063367668067 1.129898644883145 0.3773564494115516
1.368870494169072 1.179595149466744 0.3898712162219292
1.308482919986272 1.158155083576938 0.4332389473230029
1.485708436836086 1.078711460537187 0.3655244597813188
1.548932042537732 1.023157780851029 0.3401830166534771
1.483150504311914 0.932127270840851 0.4282065525474427
1.54552365788287 0.9544315684854707 0.38494085966234
1.425217889198715 1.19962594258784 0.3419432030403632
1.545634368399355 1.094375758318082 0.3040869931021438
1.473453655964467 1.208045946986515 0.287131737305147
1.522824528265162 1.153142890352893 0.2792424958545045
1.36111285305985 1.311777418442757 0.3053523791533433
1.307637441516921 1.227882381281634 0.3978257009518146
1.307891068481722 1.298428569945854 0.3621377061672387
1.416260782465472 1.257742451570114 0.2996465041155246
1.60544958944614 0.9700958662663663 0.323503392983165
1.662001887068611 1.013551449148776 0.2102226495108284
1.647021770118432 0.9848267664097188 0.270927404964602
1.586048133966807 1.097589210666735 0.2539010527266627
1.539668051220322 0.8790653562561889 0.4115269288771306
-1.765566787277819 -0.8199901748788891 -0.2213544270827466
-1.787491701593692 -0.8296677672671353 -0.158793693384254
-1.819560774284912 -0.766194799751845 -0.1468727158788272
-1.679115978649903 -0.8770531498678138 -0.2982543894327627
-1.750770944265692 -0.8873204842699085 -0.1770320884033014
-1.687125062592709 -0.9308993820462151 -0.2575345999762424
-1.613287544763522 -0.8110528476356396 -0.3911819454356039
-1.568524241105483 -0.876409542109305 -0.3967081713362879
-1.591987048850062 -0.9365638154365303 -0.3586244535124694
-1.637395011292793 -0.9303096400323667 -0.3161961673072111
-0.2907673303325971 1.56395723480233 -0.491159828925664
-0.7926231060553652 -1.190103117988665 0.4949886387277695
-0.7669401601061792 -1.129356736056597 0.4795516558311308
-0.8586992403036842 -1.055073090008846 0.4774381938366328
-0.7580259443651988 -1.323660368725253 0.493807821068898
-0.6745089606356156 -1.308650281327982 0.4988113504202872
-0.7113436658805223 -1.189539434169898 0.4821907690323185
-1.374417554570379 -0.3414093151843731 0.4930015315204402
-1.30965671768473 -0.4148564731705779 0.4802610328575462
0.2829331742167187 -1.719180657521923 0.4323056102734276
-0.7580231416269204 1.271300458703214 -0.4982489325963751
-1.149787075506801 1.367538710028462 -0.4060771536174115
-1.116128763406451 1.308363277370964 -0.4472536372758679
-1.189663385660179 1.297470408150903 -0.419642494188417
-1.29252818524219 1.337888936306171 -0.3419291735196782
-1.248015887079737 1.40017776078987 -0.321250130371238
-1.402310468707738 1.249602884367822 -0.3240906218086373
-1.378844474983507 1.359290758053628 -0.2282016313951871
-1.317222374561398 1.38142085628764 -0.2847132933609555
-1.414376968135788 1.289536900599485 -0.2770081689724745
-1.498852292636307 1.167152564773978 -0.2933989159765417
-1.454952764119675 1.220007753163367 -0.295706454271716
-1.592257143102503 1.08248506464359 -0.2594292559610063
-1.576307434477604 1.167661488990225 -0.1787699766073793
-1.510918792064356 1.207086581005642 -0.2463164631403789
-0.1341491240957614 1.962928743198595 -0.1740918498508582
-0.2545582997731668 1.962704713548319 -0.138175098976797
-0.1445569006901679 1.976522253155099 -0.1268557700046659
-1.136526445977385 1.527731453212194 0.290209095171546
1.653406268147458 0.8496970839321861 0.3452513610921993
1.643613385463571 0.9161005540441609 0.315685247973465
1.713100631048287 0.7177422024553797 0.3464091372974153
1.69497844881975 0.8644279840755384 0.2926753730736363
1.750395093369927 0.7606130067460987 0.2833572191904761
-0.009343417208156356 1.506948281263808 0.498050345922466
1.327219453883031 0.5805637387794984 -0.4938632788914828
-1.155894518729451 0.7557190476823203 -0.4793758256589944
0.785988280506402 -1.664722496244994 -0.3612759406444825
0.6942775519523423 -1.703198695241978 -0.3625864344803174
1.885565168604267 0.4787651522202502 -0.209849715415919
1.892956951631292 0.3394506880842619 -0.2627035741597064
1.245833682409039 -1.176467073613732 0.4479541653877954
-1.676959238757305 -0.007710496389355156 0.4666441163910274
-1.764894849346926 -0.1106459324692924 0.4127066214171902
0.09777890968902739 -1.428996943186454 -0.4955643083188725
0.5310764099611087 1.437848614180694 0.4982321689037578
0.7671579630288496 -1.440185775047356 -0.4771767171964019
0.8205669602773391 -1.547021160623142 -0.4279025041822795
1.705309590926721 -0.2674970387854371 0.4387826702703459
1.606134571660875 -0.194065183671139 0.4841324788881683
1.888979864021368 0.5003393602880422 0.1975024525410871
1.868398610999938 0.5732525154914526 0.1971077095498082
1.880898005322831 0.6187484632473657 0.1343828836065507
1.852632250252296 0.5292358703186283 0.2581037955833456
1.88688370040004 0.3754289200138211 0.2623535808470224
1.834866433177749 0.4235188477460009 0.3132377972809316
1.831326183226203 0.4859878596442267 0.3015659368827328
1.844550391553759 0.6476449732779518 0.1949842266488092
1.776740463911902 0.6198044582346173 0.3141429204972633
1.814034926233542 0.6626752625253363 0.2510910023903242
1.810744930204773 0.5589010148476372 0.301171193891454
1.848536630304062 0.3426250526446042 0.3170928395533296
1.878431758328752 0.2130099327560259 0.3060982305720117
1.934083663970148 0.2698422157480111 0.1980631519515077
1.843290779607224 0.2774163443511185 0.3312446779550717
1.736261020343446 0.3661619305581719 0.4107624134683335
1.792979113130226 0.4531839922750098 0.3563051955890401
1.791273512384933 0.3255062720832983 0.382128894388981
1.826534320556435 0.7081712102812492 0.1883661764470666
1.869006894941851 0.6131947499769543 -0.1706394237385934
1.885390602114093 0.620710170342416 -0.1133282789007011
1.786851632206895 0.6832506716274458 -0.2707658813384149
1.799143970009336 0.7330708699405852 -0.2289968110176052
1.849590095870006 0.6886353062457857 -0.1485586421736884
1.007552500670392 0.3073601142343697 -0.2189596332052484
1.072149841692794 0.3438435535263248 -0.3245964606932397
1.044955783690288 0.2982975748582708 -0.2836650927959916
1.700165683086043 0.959556136926571 0.2024045045011283
1.68139718565716 -1.002812406468695 0.1909605644794672
1.720351506203479 -0.9372137008717587 0.1886998175450811
1.678369537059635 -1.001930133600215 -0.1960586296644584
1.711690067371381 -0.9385317251501295 -0.2005185197220668
1.593754991476307 -1.084342151962531 -0.256729904318396
1.577011686944226 -1.029438858190163 -0.3126128183790179
1.668181529848941 -0.9599835408065462 -0.2616999110937953
1.613734430977516 -0.9846771216936028 -0.3059879330378595
1.535905678883339 -1.090399060896063 -0.312102701661227
1.5497319590328 -1.192179842466819 -0.1947792693680646
1.508836241165949 -1.202724694283815 -0.2536179241359252
1.512473485497679 -1.140151830809081 -0.3021195136181167
1.490100964599869 -0.9800990818608488 -0.4062107304594073
1.458293216075532 -1.051224932788948 -0.3980867301134037
1.555885118384547 -0.9907340306271346 -0.3613607303806905
1.495730180965597 -1.085248537036713 -0.3580024276787386
1.429231806324144 -0.9958282475261016 -0.436311844850962
1.526823708633159 -0.9353373453642881 -0.3995858451182489
1.505919216783329 -1.249602182082205 -0.1921774059033846
1.71712300346129 0.9389983952971825 -0.1920839395396738
1.680744405863451 1.00628564528098 -0.1882468737683365
1.688804411919243 0.8615356328459185 -0.2989885142365099
1.674197736048873 0.9675659301495367 -0.2461472576601733
1.737828942483809 0.8426502670832927 -0.2510540792275701
1.170910116225993 0.8432259470373962 -0.4936679466487323
1.21269671545018 0.7838386329369246 -0.4939396270783285
0.5383554032261484 -1.885072287340241 0.1860249246881626
1.54871920170397 -1.196382931517081 0.1923619235096551
1.503528527980993 -1.255675006276353 0.1889455692282914
1.50478498997336 1.253246088535022 0.1900953417138127
1.554155862274054 1.1983430319014 0.1822061002631702
1.548741464746815 1.204113596606937 -0.1826247902815347
1.508711008895526 1.259130462007902 -0.1758387454240938
1.341876234542535 1.421528501956948 0.1960323440179509
1.283996290893017 1.473277945936596 0.1971010730449986
1.296320746770462 1.425981833693722 0.2573155174829935
1.300978905841851 1.360883541217171 0.3130321154698411
1.409348619825602 1.320197422841431 0.2505409134181271
1.239653508129404 -1.501164099701004 0.2113309983082569
1.343084362427493 -1.424834774423149 0.193410505524673
1.056950294551509 1.279717150255641 0.468959797223728
1.18559225252261 1.256295945520926 0.4443168539445465
1.185845879487411 1.326842134185147 0.4086288591599705
1.099581932539107 1.616621523091901 0.1953975652215899
1.037013623809097 1.658985296705279 0.1934176828184771
1.067214415705458 -1.64230935304095 0.1901635035151718
-1.466250728206481 -1.138092028504612 0.3422513744303988
-1.414109351387529 -1.181233574340698 0.3601511657435047
-1.568129602393862 -1.148356074044227 0.2165241831764568
-1.574990838913128 -1.085250555836663 0.2804046752615274
-1.480444324964743 -1.181301721681526 0.3055288197817521
0.8382073714865161 1.769532227289374 0.1906873824019321
0.780385327670044 1.798645468886524 0.1864024030313569
0.8184979488381633 -1.776293712256868 0.1946959073484615
1.340347380070121 1.418386330669311 -0.2012696809725379
1.28010406829832 1.474850468907687 -0.1991077011903135
1.291349818835069 1.423829238101414 -0.2650217371153786
1.411160056372611 1.322458453217873 -0.2444829415556962
1.286645581492666 -1.468546205409902 -0.200408579378811
1.196331656496096 -1.512364551136396 -0.2560907944300519
1.224917333743125 -1.433476172037924 -0.3122375490454071
0.4632388772164524 1.897351055597061 0.1988950037382154
0.522739275947733 1.886620313621612 0.1915272290804935
0.3479883215222208 1.893534738022338 0.2607575981191608
0.4787792330347808 1.868659650784935 0.2550665877713592
0.3838215828296894 1.852569007662942 0.305389979069686
-0.2372869672106355 1.933254647534649 0.2079085723623377
-0.3101863650002742 1.937774785937735 0.1826826846528274
-1.756385932625529 0.8676707105791126 0.1887934685228163
-1.724548744528272 0.9353428497153032 0.1834449187323864
-1.387023879596305 -1.375414384812445 0.1987208564029819
-1.346852408315888 -1.42945993401222 0.1792349616028489
-1.333776807748182 -1.36138845932958 0.2889634471085506
-1.347406925910849 -1.389468924041337 0.2426001729586039
-1.407940672668529 -1.279933321179587 0.2927573394267974
-1.868375595413226 0.5772194096911741 0.1949617214399929
-1.845473917960591 0.6501046641028347 0.192849388496892
-1.610534739523295 -1.09544645403545 0.209299829969338
-1.72796607821939 -0.9182985763971614 0.1930521562386429
-1.762389325798916 -0.8674616344921104 0.1786513863703112
-1.873417405620506 -0.5762514006066628 0.1868834937195196
1.094249410743055 1.61697935469667 -0.2010230360165145
1.015427629246268 1.6605179613107 -0.2099562933909036
1.033096465616166 1.615600679441863 -0.2714356739477993
1.171512377088111 1.526177724583811 -0.2626810869532822
1.115639130133618 1.520052588655585 -0.31167346016263
-0.6566445672903355 1.866957117374236 0.1377480198272041
-0.6027293446712692 1.859274155153593 0.1970669772980713
-0.5242412082456329 1.886094269587719 0.1909296252803916
-0.7499566409834535 1.802129305318048 0.2018895299327963
-0.6772549875823131 1.832684547640217 0.1983086306177267
-0.6960414183643872 1.794446343097405 0.2612084874036634
-0.759087388266277 1.714390014778599 0.3220403920688128
-0.6947757148734317 1.74677574667418 0.3167592340611315
-0.8172659781827303 1.73418375126663 0.274215762464902
0.1186655240604955 1.976008488389986 0.1361410740353308
0.1602715629192162 1.947767780319514 0.1972499206960476
0.2366600507376118 1.939451193796915 0.1977936001583961
0.08231479424542969 1.952552964399961 0.1968846282238266
0.004919619152133795 1.954646178253901 0.1965124380978129
0.2003093209225459 1.91599566980689 0.258537154346892
0.04652565801085448 1.926405470183429 0.2576212847585297
0.09703967132288983 1.889318516266617 0.3047181013067927
-0.197055250640008 -1.96997131416147 0.1353148552266787
-0.08285501108368278 -1.960486757411526 0.1828964419133428
-0.6553780892108054 -1.865580829128745 0.1436255976800863
-0.5828929805975269 -1.862797682010404 0.2014891028920039
-0.5407040556517237 -1.889919388009778 0.1756885529161686
-1.086526076113032 -1.653735820069137 0.1388019257733025
-0.9789040262161195 -1.69030811060345 0.1993396538904522
-1.550848810842986 1.230353819976533 0.1373840829458797
-1.567302277275153 1.166724359253056 0.1982533333773364
-1.964772402605331 -0.2372745319231676 0.1376270563491195
-1.942685448673193 -0.1990217343112095 0.1993629826797223
-1.953934117011526 -0.1376983621989778 0.1899828019435766
-1.932714917809521 -0.2789050715399566 0.2004836725212852
-1.913955002344476 -0.3582708095018221 0.2086559876912631
-1.891868048412338 -0.320018011889864 0.2703919140218659
-1.873428359661705 -0.1896528053436404 0.3137348871244662
-1.870533183648146 -0.2607136696404979 0.3087353144964553
-1.921876632215717 -0.1793289018157669 0.2528394181157423
-0.695508293171106 -1.382024833951268 0.4949914195602281
0.7466462704100265 1.810838262297271 -0.1890844551538198
0.908999585884166 1.635541410633006 -0.3285414938055015
0.5458866548184127 1.881420500858433 -0.1875381380323551
0.4817654872243817 1.898150065996394 -0.1893230960564867
0.4298516075884428 -1.934245637339869 -0.1290348851849513
0.5377096358634126 -1.891172063995542 -0.1752016585988871
0.06815624631759978 -1.949229176402978 -0.2048163176259025
-0.04040712383280194 -1.978200120257598 -0.1392224294486858
0.1587275662107904 -1.897436303417479 -0.2917068671247499
-0.1633855316513131 -1.946718526383147 -0.1985139512063057
0.2549142901154675 1.936142156560092 -0.1988657728434689
-0.3898785599442401 -1.916739702710708 -0.1941226545094136
-0.463168109828777 -1.907672780517916 -0.1810935829460885
-0.2778080309412331 -1.907985145301819 -0.2560629444308598
-0.3993865882924554 -1.860987202758094 -0.2905989829666245
-0.3227337222267512 -1.864331652702782 -0.3034983310943902
-0.4223948617653081 -1.890450554024805 -0.2398605924081888
-1.334332176821054 1.421579582537328 -0.2075225882467469
-1.431486770395444 1.329695626849173 -0.1998174638582659
-1.88902794672724 0.4970813583363105 -0.1978345863997782
-1.910563034809042 0.4240983657839132 -0.1916234165832006
-1.814372740548007 0.4935829727045514 -0.3167062602208534
-1.873303350288541 0.4546683821593155 -0.2564089438481248
-1.837348522230085 0.5877029334086772 -0.2549302079876958
-1.790376563421409 0.8408310126196119 -0.141256148400107
-1.693686921456732 0.9622723027004771 -0.205637477996737
-1.079857394280358 1.659421131988995 -0.1351527893859744
-1.165642146747617 1.578498322871162 -0.182976650658441
-0.9727078452179626 1.704297889287592 -0.1822182900177234
-1.588145228550642 -1.135593344560557 -0.2007396271681417
-1.549698949882828 -1.193209869303954 -0.1946155239759045
-1.545314596158485 -1.238107856930132 -0.1338635411618128
-1.543287196131211 -1.153529551264618 -0.2584035465865719
-1.52841443427356 -1.107598107459665 -0.309974622244391
-1.568160822574581 -1.046288624770158 -0.3124303000200083
-1.613568785017312 -1.040034449365995 -0.27000201381475
-1.500456563739054 -1.256044063634193 -0.191527460580243
-1.445749555161384 -1.231071172049657 -0.2956192916543197
-1.489968155605746 -1.165214632203062 -0.3038505190521538
-1.453822699387828 -1.276253000151536 -0.244042222216446
-1.211522586511841 -1.566047649335466 -0.1353370279983799
-1.109062186496689 -1.610960423440869 -0.1944112194440069
-1.288656744458846 -1.482884998086021 -0.1780581113332178
-1.823002015903401 0.7078053243074186 -0.1966636150971187
-0.7726740476285312 1.791599311846436 -0.2015780771067165
-0.657831675551951 1.872020614333441 -0.1164701135698372
-1.946518472764586 0.191920121491137 -0.1939747498750672
-1.949617824754929 0.1156622569634179 -0.1987691778825525
-1.978844471325965 0.07859332871722287 -0.1331616171810177
-1.920830213331413 0.1510946088123946 -0.2579754690776801
-1.906284649855706 0.304518931473516 -0.251689407550871
-1.882915160533622 0.203603122010883 -0.3017134009787066
-1.953156211892792 0.03776781603848046 -0.1971623363836306
-1.895042656566288 0.003477573497501475 -0.3009613563329826
-1.932419566157672 0.000743870174209238 -0.2479772910379715
-1.886014512523965 0.1273452574831639 -0.3065078289861919
-1.817932136209553 -0.3919853417052456 0.337681392690276
-1.796597271445361 -0.3326809994558795 0.3760247931648654
-1.868898457626327 -0.4664291203183579 0.2584877857917558
-1.851773268183101 -0.3400794076023634 0.3169076296664332
0.9442538128620304 1.641859031883895 0.3009908942108873
0.8797359802248779 1.679372059663671 0.2977792651182207
0.7527280963075886 0.6818178021784878 -0.1278316466282091
1.731015169646609 0.3009532222646862 0.4249142518700757
1.664194866938985 0.2851443964920832 0.4622151247120804
-0.3246439099574724 -1.729121986011072 -0.425965755727564
-0.2731741636945975 -1.776175532594601 -0.3960292457308577
1.377628225551362 -0.9847475264382153 0.4559978614982535
-1.268798595896516 -1.128870022347114 -0.4543565153723419
-1.365645247066728 -1.19066915499224 -0.3840412495522856
-1.409863847511091 -1.124812615145645 -0.3922724769501198
1.576831051135467 1.062488083285657 -0.2908760124847707
1.533315428830414 1.128820531104379 -0.2873980445046884
-1.145827196839792 0.6342826030970014 -0.46301377511313
-1.039320346867962 0.7176465257980016 -0.4386337319070666
-1.573508585108102 1.087179727241162 0.2794785266084454
-1.647350116801878 0.9895807293263071 0.2647997612316739
-1.449438345663486 -1.321150987777713 -0.1832902394023543
-0.116430872116699 1.916541286514299 0.2678678983429941
-0.2748916249405953 1.909104027394316 0.2532608143439618
-1.961646212728708 -0.0363250580719858 -0.1823697303364367
0.7235009253317779 -1.352791839966902 0.4973580014186139
0.7104483691421657 -1.486157212654047 0.4713682051650701
0.8192370506254298 -1.553672753918239 0.4264305700421659
-0.6548924491002602 -1.834955719843908 0.2094997569883349
-0.7749940909216657 -1.794018695911907 0.1999869263555939
-0.3152601170382235 -1.932501996992682 0.1901560095070556
-1.835907828629809 0.4205999801521542 -0.3104950904042758
-1.554710220893935 0.6542459695297063 0.4596943996212363
-1.833333579432468 -0.2097142010561398 0.3602506027690334
-1.884677028000039 -0.1283294332314087 0.3043547063883205
-1.651996027485631 -0.7761635237746647 0.3718202566217016
-1.64717934410977 0.5600073244182132 0.4378666261802164
-1.68889348019724 0.6095271033909218 0.3974030830261944
-1.711942896082638 0.5380118852042822 0.3980623742518171
1.087847839002272 1.426249989374422 -0.3993476375495245
-0.05620175649426693 1.701133584243629 -0.4565744518323487
-0.02043822596617027 1.761926389308928 -0.4195231501829956
-0.1722347384593737 1.633026149344467 -0.4746837473140209
-0.0974867148950111 1.761138622355602 -0.418739763039765
-0.7587411475633257 1.600096408968186 0.4149460551931246
0.8342405706231752 0.7822994026845715 0.3521971138486189
0.8152803318668117 0.8899826263982062 0.4013369735445194
1.888300929058631 0.2095404867118654 -0.2923461852406357
-1.19662015472762 -0.3233607143190541 -0.4204112596795414
-1.341545393025717 -1.310781458113537 -0.3280313050167986
-1.349618537252162 -1.355963286215415 -0.2764542355789249
-1.30205692938965 -1.40762514828701 -0.2689319953462537
1.70326999874251 -0.8215118174813447 -0.3059123493369746
1.739298984710981 -0.7653609148193528 -0.2922858221921994
1.758724392914578 0.6803306952379147 0.3075248702955208
1.755434396885809 0.5765564475602157 0.3576050617966506
1.821168640409623 0.1958911521947201 0.371134285407663
1.872294072693022 -0.2117550806927287 0.3139578103066339
1.812535331065859 -0.2012697207963416 0.3780485346497828
1.836205873471049 -0.2801092787754084 0.3382952996066868
1.931789022756085 -0.2678719726280727 0.2020611280233639
1.892375813988486 -0.354793511659415 0.2606279507287111
1.80941055040715 -0.2140904418790579 -0.3790735217744771
1.871286015942599 -0.2046362434558005 -0.3168255863411011
0.9155651574055425 -1.603214353565338 0.3530547825404143
-0.8072314848001412 -1.44008813217816 -0.4750249723962795
-1.606731877536819 0.9590058954269758 -0.3273098917206109
-0.5533757062232865 1.697782949056554 0.404942315224181
-0.4641067797233563 -1.60584552884495 0.4678293603911757
-1.589532532132322 -0.5400028605983391 -0.4656984740734145
-0.5204930162877875 -1.488087800070764 -0.492914059768306
-1.229271681548689 -1.372319576285086 0.3588270361028109
0.07874716886055294 1.808924722338023 0.387506034362061
-0.7873254217561885 1.700559776892961 -0.3233009692001907
-0.4244847449013103 -1.77874783265975 -0.3711441600862071
-0.3478318788356061 -1.782092282604439 -0.3840435082139727
1.306157416012638 -0.2820453894156415 0.4705786648044944
-1.804389233786454 -0.06808896818518628 -0.3877983472003598
1.7037646829539 0.7540870214503328 -0.341827340353379
1.752789213518467 0.735201655687707 -0.2938929053444393
0.8843619482745888 -1.697102231160647 0.277652075603659
0.9947416888773229 -1.638238236230998 0.2731196717703623
1.682564480312581 -0.7276122365319846 0.3677306983434632
0.4547800887574761 1.551830045915868 -0.4843962277737989
1.362420455561971 -1.113681157224804 0.4262287895891163
1.426602879075895 -1.110364686001643 0.3880307833529255
1.383102135628636 -1.172675032893175 0.3845055831622539
1.172051644797386 -0.3925401401115353 -0.4162576937156934
1.311469173259278 -0.4045525675861583 -0.4787300216949737
0.31253107004841 1.866713352924895 0.3037132147597656
-1.885602177317652 -0.1360234912163575 -0.3083020698519366
-1.922979086909036 -0.1387571945396498 -0.2553180045569255
-1.903532657402204 -0.07061530061296478 -0.2861687502857888
-0.6781016515804561 -1.49842266010861 -0.4764540773323832
-1.075456438808376 0.3300394508463108 0.3335499194732121
-0.9881484723706998 0.4577595578909032 0.2848172448263443
-1.702988692213504 -0.8577316185043232 0.2859306681023324
-1.73741193979303 -0.8068946765992724 0.2715298982340007
1.833513449096463 -0.2839216129441136 -0.3408938501281619
1.713928466672499 -0.2735970643673308 -0.4356544254837741
1.175233260108776 1.474168240411564 -0.3118521305425019
0.1612456846998372 -1.80880962222016 0.3852940939817231
0.1762693218012682 -1.75992671563934 0.4196693957419269
0.2065954019871681 -1.840019741896408 0.3467687634353673
1.710003393439384 -0.8430048236608414 0.2855585553707818
1.741376167210137 -0.7792574332430756 0.2837261389644105
-1.570736604656354 -0.6752878032507665 -0.449823534313593
1.247503494298922 1.276988504056048 0.4055054372683123
-0.02641215968693222 1.869086085579311 -0.3293419215785303
-0.5233643081732083 -1.823022221667525 -0.3006932855198716
-0.546372581646061 -1.852485572934236 -0.2499548949614358
1.647054961289262 -0.9212787132435176 -0.3104478230954679
1.737531046129159 -0.8404342296944691 -0.2525332740066284
1.243098962192333 1.412632985196819 0.3141008444968888
1.179016873528581 1.524795229023448 0.2569118659529553
-0.6220740614722913 1.777330988996348 0.3131783347460619
-0.5448516285376106 1.8518216998537 0.2514902360709141
-0.6851200313741812 1.697274660677542 0.3740102394112113
-0.8076102946834799 1.684682665269992 0.3314667678149817
-1.440828673283731 0.4392926155755562 -0.4958019306890519
-1.336139046434859 0.3645871237983825 -0.4829406538663393
1.946034954522171 0.2515410857382347 -0.1780494379559174
-1.398035842067086 1.150412428747905 0.3861722065007989
-1.229395552838078 1.492131175638769 -0.246740592510781
-1.430876793303733 -1.185139728244704 -0.3471903673121387
-1.394731337085815 -1.296178096193178 -0.2873820704764309
0.5886182032004041 1.822155909928684 0.2756874914462107
0.6943666741018486 1.788111088701008 0.2700813367209722
1.147769359205302 0.7795839031248595 -0.4876098082373312
0.9129727323198965 0.7160362995518477 -0.3671076640526539
1.439576792924376 -0.4177089151684176 -0.4963481562478733
1.118437907787413 -1.606519263862978 -0.1896352211913839
-1.656498207505436 -0.9797982931577364 0.2619644947421596
0.6631583167953059 -0.9454542172671391 -0.357201225737047
0.2161274299970107 -1.490235114391961 -0.4955229317607222
-0.872765452571262 1.724042320204274 -0.2486435777384683
1.057024635206209 1.614222953986904 0.2534596029927567
-0.8059130843618376 -1.815488434426734 -0.1075039471959754
-0.9157482668111105 -1.735457171732386 -0.1800540490099113
1.499824765917532 -1.160897351801435 0.297837889449001
1.454634092194556 -1.220189426560707 0.2944215351676374
-1.552425858519017 -0.8109989818909791 -0.4309741600081605
-1.804131097030452 0.5614710865654615 0.306083314465258
-1.781229419577818 0.634356340977122 0.3039709815221571
1.975696692073522 0.1797146270153445 0.1214475276967897
1.932024080587952 -0.2568594630180756 -0.2036886707415326
1.976219600138657 -0.1767657294808094 -0.1208544006987505
1.975691101341138 -0.1795505319228315 0.1215121802376886
0.6390534752839475 1.827338935343801 -0.2432521653507634
0.5167350975182705 1.864062416034061 -0.2456448706176639
0.550797803134444 1.817455346924931 -0.2944419341456958
-1.525330442135065 1.218815529636718 0.2000224727394933
-0.614817162273797 1.117381981268309 0.442069195783369
-0.7349078909581666 1.124889101533423 0.4752995214683514
0.01964449622959394 1.891411730120557 0.304345911180779
-1.873155327357443 0.4665414049527329 0.2522492106625033
-1.83170348443816 0.6082957633655928 0.25245546488962
1.499635706773448 -0.1281673586117527 0.4938961727617089
1.027574622081071 0.2579092807537158 0.2272501876202649
-1.966434883614446 0.2476615650922698 0.1272815417259541
-1.958233330169766 0.1363242242824635 0.1799714193708497
1.108742464198047 -1.575596535038871 0.2580531010520026
0.5447184046359186 0.8385452707694483 0.04141337143258438
0.6528317957174001 0.7615379245092837 -0.03999734882547642
-0.03205618187561465 1.938930098912311 -0.2329058902681811
-0.8802557427549744 -1.716498272274941 0.254704115876457
-1.068394325760511 1.6358942378189 0.197715681810966
0.2891924190104579 1.205676352754922 -0.4277658359386415
0.4501000651544201 1.216278940926697 -0.4560016221981341
-1.226300385733119 0.3181607996100282 -0.437247139489516
-1.152733375059484 0.1985890243935763 -0.3745358302357158
-0.2514364412872132 -1.872799321787004 -0.3066716115537361
-1.949418688778345 -0.3880670465610361 -0.1029329906432963
0.0823291367359377 -1.687784117343578 0.4591324887947788
-0.5402184155411787 -1.859294278724941 0.2415627122244173
1.100688930412543 -0.1840249789516997 0.3191092742961142
-1.531125362605557 -0.9365099496918698 -0.398416668085026
0.9299384938390474 1.694099755380058 0.2482680914969773
-1.924348285420923 0.3616645885799252 0.187891889265887
1.513867421531919 1.211259399335167 0.2369457969296659
1.596563079800723 -1.089063275686716 0.2479668429417451
1.507174298969529 -1.211728216692128 0.2459518476905753
1.468660743248208 -1.197574170424466 -0.2995176501534368
1.389055160964639 -0.1902446821193987 0.4899495730775721
1.03306247198059 0.2490473052065937 -0.2313023364765
0.3794893643951596 1.891247707057305 -0.2544186727342686
0.2007393781274776 1.159138132830918 -0.376200971153425
1.679715507455259 -0.960091703843639 0.2443047369771652
-1.514841782049116 -1.057973705708602 -0.3578772724855902
1.901500619012315 -0.464665965339303 0.1916538084926409
1.978123857036229 0.1751966214684669 -0.1140443888257808
-1.001446594111734 -0.9216273889035933 0.4771748015227563
-0.3730149986384354 -1.825801379243279 -0.3412076500895008
-0.4726761381769923 -1.851920280565301 -0.2775699114032995
-1.165159656567505 0.2459751527769092 0.3878413729417555
-1.191436990579265 -0.4670616052454705 0.4478753719682855
0.4309738587090765 1.659244700347067 -0.4467660182164572
-1.490302971085331 1.168940009725519 0.3026235296710788
-1.010211564176873 -1.651097477933318 -0.2430232380648053
1.812548833790022 -0.7490453985706678 -0.1814786282292586
-0.4070772574211041 1.896132990042614 0.236693905343843
-0.4268951981273706 -1.894568258492712 0.2305297071965209
0.4364028369618415 -0.9361068200407308 -0.1822922825976349
0.3378391196400591 -0.9884948105344847 -0.2034167245683838
-1.293605336467764 -1.415434008529354 0.2694775523084176
0.7248434210820467 -1.646699001286388 -0.3985493490171335
-1.780971577567411 0.7529124062942013 0.2462872119723929
-1.72130416005204 0.8923159339473399 0.2368827422078369
1.434861022689872 -1.100977702701966 -0.3881035420702934
-1.804764931272786 -0.8335251091428644 -0.102550377199382
1.750042601772331 -0.8307456078289372 0.2402115736364078
0.4891252324221008 1.751061550410274 -0.3814553843095132
1.893825055589775 -0.348173951026584 -0.2592444774227854
1.225221590007416 0.5138492993885873 -0.4656742246962243
1.157525380391417 0.3859805255348663 -0.4107154061577603
-1.599996132792868 -0.9904100476149317 -0.3179046640559492
-0.9052351097661877 -0.9442620017049697 0.462110300416001
-0.7864889985573809 -0.6734392619199193 -0.1717436406867697
1.716057020756341 0.8039072197634721 -0.3000582700325693
1.41637609143669 -1.322743766146136 0.2389146739814519
1.594303516145982 1.101185627952057 -0.2388322239087537
0.01557210255243461 -1.855772337941584 0.3487505770782376
-0.05023526003708981 -1.909818539996398 0.2792485335978414
0.100279512976049 -1.786339037533919 0.4035573289639763
0.1306055931619488 -1.866432063790987 0.3306566966574167
-1.225662694921284 -0.05168748606125435 0.4171138661739492
1.224901124333492 0.6535054299492162 -0.4878348288027974
0.8075986173854226 1.760726024756984 0.2407714830337355
-1.730023686547837 -0.8764187085825363 0.2363478975615789
-0.4733270875171945 1.116040408638821 0.4110509390882604
-1.355242873449747 -1.393021786366651 -0.228282760805886
1.510757437989641 1.222534941171744 -0.2285682110712305
1.719207358980472 0.2444887380172097 0.4335816056327278
1.097659813002991 0.2855307444985489 -0.3369391639644913
0.4866766355404131 1.834184912062891 -0.2962268921698274
-0.08341900533868585 1.975212964043404 -0.1415803189235211
0.04427721926763913 -1.26974467598842 0.4439474756747093
0.0914378543203215 -1.345270421323716 0.4732511926439601
0.2418534366094231 -1.821989871519915 -0.361713457224356
1.102532447866986 0.1848747302082074 -0.3225267418962637
1.013328865052708 1.585993652947722 -0.3114885630473478
1.909865016894566 -0.3625482702938146 -0.2183668072332699
-1.205862858019465 -1.540762464110829 0.1868541652359045
1.066113215812079 0.5472938348996995 0.3925240639391649
-0.5988743426484806 -0.9091386199285694 0.2808166821681271
0.8992556158101754 1.710819422139054 -0.235605847771205
1.250039696701736 -1.472484193665157 0.2399997567106531
1.833176604370756 -0.7544760847553045 0.1011966969932358
1.228039898873042 -0.4076792400211168 0.4498841811421556
-1.27386721943815 1.524658517455665 0.06249168761012214
0.4554373523566548 0.9928561727654595 0.2803309545596779
-1.490790971634729 1.247596953440576 0.2184253733928584
1.223369709757602 -1.528336006132432 0.1868308454396478
1.935331033560017 -0.301671944954809 -0.1813296027791014
-1.140958648956612 -1.562165734859417 0.2343102825383128
-0.8862978867581403 -0.4752278962907885 0.04267864707077088
1.929152621512505 -0.4670700271287959 -0.09594604046803849
-0.2282570015258078 1.125238869031354 0.3505041475971432
-1.485115028929318 -1.218227916971573 0.2551472373232733
0.04107937344924199 -1.34429316548371 -0.4727109912384939
-0.4827182717562423 0.9855189588647214 0.2926157782062495
0.8465113395585355 1.762550161721437 -0.1873243680636906
1.189051748795798 -0.4836792944847493 0.4445101189392914
1.879558556443919 -0.3548716307390243 -0.2782366151692025
0.5021272633539069 0.9296124349238747 0.2240188716713143
-0.5938955307765047 -0.9774620845350546 0.3472935187526169
1.861070961940194 0.5047581077680724 -0.2417910477955051
0.5094773551601451 1.397612672613973 -0.4933543775666445
-0.1778075973099015 -1.121616824060175 0.3392927124078773
0.4245308966014762 1.422993950104792 -0.4933225197698748
-0.7129943781712966 1.719480140710107 0.3376032885137185
-1.763865982458036 0.7956254869730263 -0.2342673833694172
0.9839045416146303 0.1862480504094264 0.0007970736270643729
-1.761170375523748 0.853023486242544 -0.1868711205963396
1.511802365691591 0.1701099898047297 0.4946779000504473
0.04525491061652254 -1.272577293626143 -0.4442683870553321
1.22141218587835 -0.2447600136693532 0.4266121000788191
-1.089115272072305 -0.7610647369108369 0.4668517572143747
-0.6709637315700366 1.772851026255978 0.297048685403619
0.8700525045087478 -0.78456248668801 0.3729514912432123
-0.8390000226797124 -0.5544885083643224 0.03936974063970507
-1.052382489099604 -0.6914685871034264 0.4347547397744346
-1.687773119577538 0.9943776780621363 -0.1810784982935755
-1.696710614213964 0.933984346296454 -0.2297920069940929
1.446909009953742 0.2057572613827349 0.4938881004253637
-1.54357188054873 -1.196264151880041 0.1958108129197431
-0.1964115771231382 1.947964833437886 0.1844569134592083
-1.217080599038818 0.01780269200602143 -0.407402502495757
1.654290895534398 1.04664152837552 0.1856855886252882
-0.8144115081898207 0.5872678798245241 0.02273539396097444
-1.436779260731842 -1.283982316636947 0.2466329170866369
1.047591168535163 1.631032665149744 -0.2274716677850725
-0.437033102609633 1.02310770083026 -0.3129872333216403
1.726736403156722 0.8558256427101644 0.2451491657788334
-0.5236632645908073 1.027130217096094 0.3564892201720637
0.4468568250569232 -1.89089165105591 -0.2200824778745619
1.868240855673896 -0.6832807909201382 0.05565954137517732
1.76368083285684 0.7866156578238711 0.2389370631900599
-1.11630736447448 -0.4154191553314044 -0.3895197560248246
-0.3146642993652386 1.13347369020853 0.3744978194125123
0.4049254717108214 -1.92338132664635 -0.1684813848969653
-1.60644371544791 1.076385401698905 0.2360982967364421
0.6940851938898023 -1.818385727493374 -0.2112013856333365
1.612694701448431 0.2444901008079422 -0.4776583160895821
-1.547827176751068 1.205297902955436 0.1785532963542365
1.43619599627368 0.05552109799901253 -0.4915913406332497
-0.8296332163931455 -0.8754345242063734 -0.3976873750233492
0.811222011868701 0.6743504717385354 -0.2266764478805137
-1.064125032571842 -0.3783706864019001 -0.3314335665431663
1.38772102180986 0.1207884512298982 -0.4857379080785466
0.4615759283074053 -1.103174174609558 0.3937771921435993
0.8879910819981361 -0.8490620523972262 0.4178578795629554
0.719677664037622 -1.820989262614584 0.1836131526068655
-0.3361352405569944 -1.064706965828289 -0.3177296986599113
1.009929355882976 -0.1830495838470588 0.1541623575514613
1.935174328338775 -0.3090136180281409 0.1802445743003122
-1.048844675026879 0.6184933764695354 -0.4061564301803722
1.578428466592633 -0.04411795107323228 -0.4893409504666523
-0.5139758163299049 -1.395825657899856 0.4956418768486239
-1.408236071171579 1.326174428500762 -0.2350090880753092
0.8327808966264638 0.7096633727551968 -0.2911062962291598
-0.7922933529278141 0.6300154924913172 0.101469288968811
1.283534693518523 1.329361782544273 -0.3490211371864717
-1.602306176892611 1.129415156373501 0.1819481679157028
-1.208196938660925 1.569219552075225 0.1080288432281914
1.249949433621478 0.2436881244332652 0.4447416714636969
-0.274121652383835 1.926711153622233 0.214617357119709
0.9918393446206775 1.687421375669732 -0.1855080178786765
0.9938938421229492 0.7061881924756012 0.4108190366420952
0.9305143487052083 0.7075241824403212 0.3732012451485037
1.358375335278541 1.279651099510855 -0.3304277100787591
1.850032112831917 0.5943778396058752 -0.2156508533439547
-1.333484641347531 1.462830718554449 0.1106957787819555
1.905137138603666 0.4489712839575877 -0.1831282644342736
1.89939072604177 0.1887371582812726 0.2791647819598697
1.669729780091028 0.9859781174950221 0.2278515196588529
1.66720705550315 -0.8201013168580404 -0.3391690953554916
1.838070005148738 -0.234216099426324 -0.3455976527479134
1.066774358667141 0.6332372814226626 0.4219383471512406
-0.6710062642412661 -1.810502951312619 0.2410831011173896
-1.584551726943428 -1.109684361305447 0.2354095628024407
1.044419826651483 0.7862308409390263 -0.4581933471907456
-0.7538804614736496 -0.9292577910046927 0.3939174876858347
-1.120460378773687 1.181501656807374 0.4776457554437765
-0.1199062470265324 -1.081194182219686 0.2776997862927442
-1.013187793867404 0.6874980528546542 -0.4106233285205002
1.847630392781866 0.2287724764339548 0.3361590646449155
-0.4314571470529001 1.088635416760056 -0.3731186444004224
-1.841194639822119 0.4562837783386737 -0.294536764824418
-1.912845989522112 -0.3190646309772143 0.2265105247448047
-0.3201087770598619 -1.130616405254421 -0.3761944035327537
0.3626877202061038 1.017037452266042 0.2629661395879523
0.9599123745732494 -1.682182030809815 -0.2297453238127592
0.2775434784265986 -1.928307258907249 0.2082558155832872
0.3630158515860359 -1.901425633021279 0.2321637884673211
-1.138331994235126 -0.1568456744498583 0.3492964200711775
0.9961571380516006 0.7350129958267598 -0.4239455317284361
0.2599571454704084 -1.914773162110692 -0.2368011187418624
-1.127861438568399 -0.0809368516832849 0.3321844256167309
1.629730363867652 -0.8866125806994892 -0.3421927445278205
1.136095680470031 -1.57795762969101 0.2179789139354782
-0.9644963621429873 -0.4001379212590415 -0.1981007533666472
1.108410314808305 -1.622432841692396 0.1727191822442576
-0.5857489464024209 -1.454126177473243 0.4913322398696802
-1.936033764429918 -0.2382988112816821 -0.2042213120524467
-1.831859246453543 0.3813011411014252 -0.3264397239055504
1.310351434325361 0.2437420950639685 0.4689537774217105
0.08398281707530274 -1.847414248896332 -0.3485749073235103
1.915051062829644 -0.5451687955341901 -0.05040888484995892
1.866351865883733 0.2343339055119487 -0.31571090735903
1.908898855827043 -0.3669613107157025 0.2192891227705437
-0.741340243510889 1.784888375894929 -0.2356957016904743
1.676591797247686 0.2024761490939454 -0.4580320248069758
0.4503669460168955 -1.17964145218284 0.4361194726767887
1.068357308064342 1.52229492575687 -0.3383137538572349
-0.515548015736363 0.9270826306147137 0.2308145980036033
-0.5849513869335036 -1.015072419944377 -0.3730057113704388
-0.5311846236539562 -0.9062311324163747 0.2128128133916829
-0.448679549147107 -1.64754853609574 0.4498173870508677
1.302415232738918 -1.436486692932134 -0.2271334353953674
0.6384485209506238 0.7822218769275552 -0.07840238282856861
1.781478382490844 -0.1928830392540767 -0.4003266169130735
-0.1483265533619727 -1.183550340139088 0.3918944008537568
1.022297841648225 -1.673553446048374 -0.1777010751077845
1.906118115637535 0.1848477379057496 -0.2699255019666675
1.501480665067666 -0.09178135207898826 -0.4958955662309315
0.016990168507886 -1.887260214962768 -0.3064784873981108
1.750957235981115 0.2467347791973883 -0.4160022363964002
-0.6526627483171525 -1.052296843976817 -0.4217683128859144
1.36979024451235 -1.398627123973617 -0.184117815706307
1.912126793668112 -0.4501338972842959 -0.1758937205183001
-0.9092137886165673 -0.425162634278337 -0.03649082120786639
-1.467439324268239 1.21434660683311 0.2868260780139154
0.6535706369889437 -0.7997780314082171 0.1670734354782114
-1.786491518863979 0.5340724204412274 -0.3343303592822507
-0.8284268293435026 0.6636043456799885 -0.2309580855994121
1.812337826399647 -0.7519613741252661 0.1806564160699146
-1.456309617595603 1.316384581216474 -0.1765837428350272
0.9760069920099695 -0.3586832061348033 -0.1850914838730317
-1.082776743785259 -1.630668698973758 0.1855278901033626
0.7119163975643659 -1.614016011415029 -0.41933585361578
-1.729243436187399 -0.93674690363602 -0.1660245845637708
-0.9876125054454877 -0.3126088144247894 -0.1780812842441153
-1.205668600175211 -1.543342234118793 -0.1829107247783661
-0.1897375969391603 1.072436640983734 0.2804762765682792
-0.9690269382629069 1.703336237439176 0.1828718225360508
-1.68681284840541 -0.9657995021535578 -0.2196929256123981
0.9835013871739283 0.2267580988536036 -0.0808615069662892
-0.7476333994735077 -0.919156829716095 -0.3826125568413103
-0.3969201858100296 1.90170797371828 -0.2208881493510613
-1.634294869799628 -1.079226359442815 0.1850703755976276
-0.5708995462773413 1.783050098885916 0.3262698963352318
1.182031698358516 -0.1829401567704058 0.391936865398366
-0.3547284223452132 1.931249068670496 -0.1713583119262282
-1.166883009690341 0.07143579945641897 -0.3720074773504505
1.783166594353341 0.6542701386659561 0.2909195977277028
-1.343466342121986 1.387430398959532 -0.2401458376676298
0.1738882211518397 -1.920569710581259 -0.2440028085938109
-0.9128306109042272 1.708569436621009 0.2311889530052288
-1.956671190955607 -0.2754258107971924 -0.1412279422269509
0.7255855170566118 -1.769600783891198 -0.2742198606891539
-1.917587678558766 -0.3949113769052147 0.1846411474122423
0.6265547707741704 -0.8563974110453914 0.2337576181239661
1.129545872079202 0.4920448117696845 0.4169734474833666
-0.892966971951359 0.6466687706797791 -0.2982077455053251
-1.208952360428764 -0.08026776694287227 -0.4037091800005365
0.6521561357426763 1.072168850661589 0.4322673799106583
1.722246065858595 0.4075415893961123 0.4154370885380121
-0.5194179243208874 1.832710572790818 0.2851444972184666
0.3939208408381965 -1.066945750633296 0.3404195023473682
-1.012329462988067 -0.6288412917793349 -0.3885259145894455
1.022476525859018 -0.3162017932526308 -0.2504239670828033
1.805703866279846 0.1985333315194664 -0.380639191513688
-1.093991555302472 1.629402700964573 0.1773476101587133
0.9832289700723119 0.2291700194264506 0.08277615438073045
-1.042393091424252 1.640941182363112 0.2194445638942909
0.701800128171052 -0.9426813506733632 -0.3759190969863498
0.2045331257093485 1.884222332965041 0.2966564637820217
-1.317209314721474 1.434046389951299 0.2091948077405204
-1.176900489382185 1.102377134053803 0.4818448376022538
1.653633148812045 -0.0942740290746036 -0.4702852195300745
-1.4984341266056 0.6030251657683477 -0.4819460954208832
-1.01102871052065 -1.655050225996633 0.2258863755147957
1.032605231772178 -0.2157910790550328 0.2246227381967881
-0.3679007093083906 1.005920055243448 -0.2517216845182897
-0.6310545063028642 -1.854444743661019 0.184871485853475
-1.801808706652031 0.5968190609106446 -0.2931463244601456
0.05708463708711933 -1.471808011865132 0.4966185345619601
-0.8675036011165472 0.506016745288725 0.02320247378584717
0.5668734480233567 0.8334399910908976 -0.06751594051062458
0.01074373609405004 -1.423020439934057 0.4903132965158711
-0.8996325103627344 0.9332814989893853 -0.4516714094199585
-1.55285672698371 1.208361822643842 -0.1625520846677695
1.293099596536903 -0.2406139743273298 0.4628525299029382
-1.139639430225978 1.404569517595962 0.3862690601047229
-0.4187612022421565 1.84129472287117 0.308190983088387
-1.850737749169109 -0.5748124900260237 -0.2274715437322076
-1.03874630318849 1.187996363669584 0.4905269080687267
-0.6662777155577039 1.824578030468834 -0.2180150763655357
0.7783073223483395 -1.778628148446016 0.2227547202053761
1.316233341604605 0.1135510694652307 -0.4649838069561396
-0.1938136713769944 -1.950789206465296 0.1798213966175256
-0.2716790948828567 -1.037341833966058 -0.2539086005546465
0.7350364178469304 -1.671540064257787 -0.3741372413806445
0.1462935757662281 1.038087386273827 -0.2095841298579389
-0.6193883685836982 -1.127358684188666 0.4482050479191804
-1.371361821741049 1.366915686951861 0.2317801783635944
0.6153915234775456 -0.8875095835417968 -0.2639358237882001
-0.6040787799528382 1.020026391334278 0.3830848168063685
0.1356866926429111 1.866437563938192 0.3274437617552888
-0.5510068383283347 -1.116955100236243 0.4254910759309651
0.4506931270052362 1.179074984372584 -0.4356861103765055
-1.402128629293851 -1.166873832794196 -0.374501364604848
-1.972884638210946 0.244453171262784 0.08485436115063601
-1.137361666831777 -1.573284083522396 -0.2222935190754508
0.6710215494611145 0.7440142785553144 -0.01366174736057277
-0.3785080378564207 1.881006671915286 0.2667182854620138
-1.509264298708211 1.234645217320786 -0.2075830756897692
0.2237769637740589 1.92872271550306 -0.2226533065143414
0.0293462220791613 -1.940299425818955 -0.2253837337991584
-1.620153267341386 1.074519519357545 -0.2169396836030884
0.9804635372617426 -1.669770767900095 0.2319620572300403
1.310682315845576 -0.3973007444251886 0.4793148491791789
-0.1972345026028818 -1.316651231497677 0.4660706994937261
1.423052198475031 -0.04766340100575635 -0.4902401211959971
-0.8174764645325512 -0.9524504681626258 0.4339866735233931
-1.767943144379067 -0.8456594754719777 -0.1857267362901006
0.7435575524373652 1.056920368087263 0.4502900599059534
-0.9247521679120559 0.700746681171536 -0.3633832346147419
0.1347840721780839 1.955016168103243 -0.1810546231901629
-0.8073602033104407 1.786655156338637 -0.1795366447722628
-0.6028321461496774 -0.9404640307480435 -0.3165408236191141
-0.5099181027076136 -1.696153587060947 0.4145834587256973
0.290345141458713 1.940267326509294 -0.1772380697613652
0.9825677990564312 -0.2294174218570142 0.0747370409974291
-1.238862966685721 -0.2250635171043568 0.4339088110373858
0.7674285542245953 0.6560177660923 -0.08900632619787681
0.7365375344790973 0.6787346902530323 -0.02389280712861106
1.219888580527422 0.2171225190574879 -0.4240385578584613
-1.609520128258119 1.131303802255302 -0.1631668307006703
-1.80393913571713 -0.8097958920539483 -0.1360722621541544
0.2545590480242311 -1.327774804751748 -0.4738411428684677
-1.043163058464218 -0.1660794893377227 -0.2237403550161662
-0.9743684600903638 0.8804471643392771 -0.4582852658047794
1.740740039110931 0.7195619681464643 0.312430408927804
-0.8221904225744024 0.9017211183204951 -0.4104954451417431
1.839350818781711 -0.312036738684044 -0.3326695303061201
-0.4928238256835524 1.88765541067957 -0.2053151997090257
-0.1088675790707456 -1.338846456414245 0.4698631558123896
1.262094217521626 -0.2311892752989401 -0.4468157518165077
-1.035847569332492 0.1838811264262721 0.2170987120699031
0.06992910005414875 1.936902789289952 -0.2279450741589804
-1.567627857800568 0.5496369930691906 -0.4681101378904311
0.6735934973068596 -0.7745326989857849 -0.1545603426854125
-1.648833855549816 0.5853475144382453 -0.4263472112661357
0.3042026885258429 -1.940595934481994 -0.1725108265716501
0.3448361847745251 0.9913791377105957 -0.2127307936101805
-1.035754154785609 -0.2537424994694179 -0.2430769270564551
-1.333186473954602 0.4146876266111876 -0.4866726553896381
-1.715068907782496 0.524517955674595 -0.397758955281786
0.4438303722795487 -0.9231964826340308 -0.1508660775966831
0.2250082347783197 -1.248369070306351 -0.4392379746327837
-1.868706144032763 0.02245539578780061 -0.3295194582549946
1.760058127716448 0.4655562972073377 0.3791322766184832
-0.3764165954375069 1.084503981212642 0.3505876076735635
1.022670602007181 -0.4923734172388032 -0.3366484836274659
0.6297847308336313 -0.9470828970444023 -0.3401498522899373
-0.9021972230671297 0.769352985933811 -0.3835800620790167
-0.5415284007099249 -1.302115242898497 0.4874586713767151
-0.6250535731276624 0.815652370978444 0.1571858665583238
0.01377097087717143 1.854210290493125 -0.345676632979653
-1.078597419900907 -0.05017122931662354 0.2661188756051772
0.4296362184748122 -0.957574086426062 -0.213783630411798
-0.3902741139280663 -0.9428819044978517 0.1336937293061523
-0.7546276813122516 -0.8534909993479466 0.3410897674145597
-1.338206317352727 -0.3286044464688642 0.4816436743561246
-1.219716956040181 1.400235928027252 0.3422841045946519
-0.2207265823562405 1.014057456924133 -0.1845795702369991
1.199792888656061 -0.1845971912127246 -0.4061608798290791
-0.2407183480339142 1.023470645949667 0.2120051272177732
0.7259019662835507 -0.7392028527257041 0.1771945577365091
0.3192784607343779 1.043870659745334 -0.2846553039844864
0.1512601752081341 -1.030933518988571 -0.1941712690974718
0.942855364182194 -0.4462033859843079 -0.1941076956787088
-0.766689622160223 0.7361257607772544 -0.2344374152581009
-0.541002867151083 1.897715959219417 -0.1489356834876105
-0.9390612091420518 0.3734380701699531 0.08781772883146988
0.4426347122852246 1.250439710419757 -0.4663078950291061
-0.2903842828694149 1.889654030149755 0.277762891462093
0.6004274803438527 1.014629647685494 0.3790584530524368
-1.212770085904204 -0.156753707435223 0.4121057567812924
-1.121410970019121 -0.3037932647419092 0.3645594028894041
-0.8354510148650682 0.613559578554578 0.1836125997106134
0.9975132639857937 -0.6454009888041567 -0.3861522154121872
-0.1166418402020521 1.635791211895491 0.4746821487684115
0.8534756122463799 0.5289476605144631 -0.05075747985377897
1.262361092097825 1.407797622144388 -0.3023476313291724
1.255604450708393 -1.056296061013901 -0.4749407736779839
-0.7510740254555364 -1.783211602024618 0.2347412140288957
-1.168950436268925 1.568661069575933 0.1936090488343231
-1.295032426095627 -0.3775692184596673 0.4731500085808618
-0.4865172555251762 -1.689963330584077 -0.422070913695853
-0.1704440389273643 1.563766400592661 0.4900514552516183
0.1990183837546287 1.280198778831433 -0.4530910459510734
0.2168502724825353 1.015474840633446 0.1844960694323977
-1.827907869075052 -0.6677210491155164 -0.2114192274704771
1.827700307432073 0.3151825563596737 0.3434888039657941
0.5883742888696402 0.8999910800687966 0.2581023852865116
1.261818660876986 -1.501681735810291 -0.1780762728838749
0.4939978827907975 1.584717954918978 -0.4678519330578053
-0.6772364238630412 -0.9887545452802003 0.3952093354892816
-0.8482096897310343 -0.7892536827640887 -0.3601088854645328
0.4298953661028387 -1.000297354021334 0.2796390167819927
1.280132871601549 1.399832786702571 0.2948161591499078
-0.6392943253671447 -1.843674787645896 -0.203366560984939
-0.007090091281705943 1.770010198890584 0.4151733553672654
1.840345092409976 -0.2310446934214929 0.3434338815210345
-0.1158408470605139 1.936822592757653 0.2244297974463126
0.4781270627585311 1.656327724539777 -0.4427651266862442
-0.4796256380516885 -1.7692575082783 0.3667650777200409
0.3095477501802089 0.9900688176781234 0.183558847415019
0.6727886861295732 -0.8208191564503791 -0.2348838820875553
-0.5993491575128882 0.8770129271434589 0.2352119532352756
-0.7485365397967453 0.9616137005986097 -0.4091633945004931
1.780973263667494 0.5850873068808234 0.3243063920617893
0.009500933847164968 -1.826388420329674 0.3732831827894682
0.6409963311233682 -1.835722610535552 0.2176295210468591
-1.177885025942852 0.1712163749495698 -0.3907514271648833
-1.266658840774285 0.4405635215153545 -0.4701470258143288
-0.4432228970810534 -0.9530856660144938 0.2131965914883175
-1.324126141969641 -1.326181275743967 0.3231599870574597
-0.4176167639623523 -1.649191825828564 -0.4526843791018956
-1.954240096030765 0.2452682031980249 0.1609932351790627
1.346857232603399 -0.09438240288106996 -0.4730951767682003
-0.04302935802110652 -1.959613388388701 -0.1816544750143473
-1.177435800510034 1.520671605490332 0.2559644177244862
-0.63994138611046 -1.274018741641288 0.4896526625780717
1.221542729915281 -0.9716203564551241 -0.4918638136462508
-1.060652656784293 -0.8478153811523712 0.4742464273667179
0.9305976118980409 1.599287473741817 -0.3495591096191492
-0.9040384795834839 0.4570774815389668 0.1027455322016771
-0.2773740882919748 1.037423418688633 -0.2560241657450216
-1.082036529252824 1.475458281632131 0.3686668883278558
-1.233766710119227 0.2112594145567286 -0.4316885141627149
1.047302242808227 -0.5709377115770214 -0.3895814407578743
-0.9441662697991108 -1.719341435212961 0.17843025821171
-0.2726169156424714 -1.925809661686103 0.2163821661377769
0.5248480739291864 1.557800600120303 0.4737875223763572
0.2007309095013439 1.002537206920658 -0.1363155299664396
-1.043060360583777 0.08962295701222001 0.2061560827476004
0.157771491167962 0.9922534280610588 -0.05114562370039361
-1.016791712564581 0.05521068405383545 0.1264301811158146
-1.013799484445542 -0.1359952051808761 -0.1411667052154039
-0.2563393843192005 0.9809799810176828 -0.1065898552968238
-1.265971464809219 0.08322743026986051 0.4381873222261938
-0.428966184484204 -0.909479969862506 0.05645428559435394
-0.5770909762497821 0.8269980226974152 0.07757531197535959
0.107985415687182 -1.009196277651413 -0.1130113306237785
-0.6644978562737313 -1.194611510202565 0.4785722749860924
0.9070157817799354 -0.5877504497704115 -0.2675829862637117
0.9876470608654352 -1.030465619609723 -0.490588717647546
-0.1781777962079624 -1.057909376280886 -0.2544220424105765
-0.1276167022419571 -1.028824362944236 -0.1818910268417117
-0.1680982640580462 -1.033118156090908 0.2050897491449684
0.7568945586588746 1.288938092573185 -0.4956575212360833
-0.6194216851570901 0.859873827313221 -0.2316688982374023
0.8489909090982094 -0.6091312861092836 -0.2011808898105013
-0.6821402863425782 0.8666146255793125 -0.298822341942381
-0.9427095376363903 0.3408230120583428 0.003229014511269034
1.108915047874978 0.2440551785760278 0.3402102786674071
-0.1946818991423201 1.000203682490241 0.1278933267362081
0.8513612839639672 0.531236857501312 0.04038124115962242
1.155999107846113 0.2407745258410939 0.3842608914160959
-0.4721206811222671 -1.565859321653959 0.4771812080305727
-0.5432974464812349 -0.9213919295094923 -0.2495641479203721
0.5536238803603712 -0.9020254229104272 -0.2277515883923045
0.8503105223062616 -0.5951358128102749 0.1848308555353969
-1.250736600984168 0.1641588006291927 0.4338578193456684
0.8467485467219574 -0.6558436696160087 0.2520721199655113
-0.682962455573619 -0.8446642890169692 0.2759047786335168
0.4078443727697236 -1.056867643169828 -0.3355217643180644
-1.070915714554136 1.642546690576662 -0.1790785499295047
-1.373568718583206 -1.271877850310639 0.3256892486029576
-1.455531501356955 -1.193808510832475 -0.3155533926728707
-0.9195675794801215 1.306464903565939 -0.4857239664743755
-0.6914971784215339 -0.7860757284856725 0.2057196839213216
0.9068770435265865 -1.709013431186528 0.2349836597855714
0.6773921207414375 1.331462493194054 -0.4956560097163694
-1.095263665090617 -0.2278992907480029 0.3194928343073382
1.20658813736617 1.424442522430293 0.3319163659884378
0.03110068881921797 1.697746387751232 0.454044090384411
-1.053905120338719 0.3173413132302011 -0.2964836543599629
0.3775614616425656 -0.978075973145882 0.2089792777791561
1.752849900791663 0.3308738083020522 0.4059351865757967
-1.038526667598205 -0.244560399960891 0.2441698877952272
0.2927644382518242 0.9799091096616518 -0.1378392476588716
-0.9114026548483775 -0.457796848105412 -0.1298659385480872
1.090651688909846 1.519237350530118 0.3284071909305911
1.07305448466936 -0.5686402159255625 0.4053686570815431
-0.02419577384558093 -1.086526020574501 0.2758257154448103
-0.9984532402225573 -0.4303234540192438 -0.2777195202696259
0.3766420816468957 1.129188061603466 0.3886607529257117
1.163866744923668 1.499217351648045 0.2937903802924821
-1.193682262039019 0.03456930453143433 0.3899430041086584
0.1791143335010255 1.058698903133396 0.2562411676853875
1.536136530124245 0.2009963219216589 -0.494185328281564
1.02310620266271 0.8769246495008046 -0.4717644716645779
-1.422249619232131 -0.2327484303351838 -0.4924704778554219
0.6115264493882283 1.836539552941834 0.2329638634376571
0.4013460782732698 -1.700370634331602 0.4292310819223809
0.5389680339329929 0.8709164343942767 -0.1457295815157226
1.301111541286854 -0.5787764155423061 -0.4900543939238046
0.9236800627316626 -0.6513312285070344 -0.332546423200871
1.935040274952055 -0.222658975549155 0.2100199557189685
-0.1690087972349978 1.18907232068751 0.3963199076506435
1.028778688480499 -1.672484845773397 0.1766579450599132
0.09900736676243056 -1.948640007223957 0.2034694978061401
-0.3650451030525474 -1.850373411568052 -0.3117683213835052
0.1736949255052417 1.072273766167249 -0.2784707542239328
-0.130207473381972 -1.109288354793625 -0.3178951192248032
-0.2216263857303744 -1.236059495141312 0.4324366044277529
0.5595089356292934 1.473975968002644 0.4895366117003387
-1.83672123929284 -0.6871252560666911 0.178996905460688
-1.110691525614606 0.41901944086621 0.384989581536927
-1.428544098908359 -0.1401366472754104 -0.4918311349887237
-1.001105562352322 0.36366267362578 0.2400827808450632
0.6190271523121599 -0.7979813042517826 -0.08334757606842536
1.249819013109257 -0.653825641065601 -0.4879572248383492
1.206474283738362 -0.09290233176201311 -0.4034714758907292
-0.6762681981635977 0.9373068095331609 -0.3586901392767207
-1.026889370474904 -0.5462948931381167 -0.3651432439636204
-1.127679941259213 0.1617611532453104 0.3423246733168317
0.3389353632665316 1.201562874821802 0.4281149824997306
1.147833083880837 -0.04618332988669947 -0.3519139623672711
-0.4914866685360446 1.150051481533635 0.4304689449092913
0.6565304958226211 -1.59044491792224 0.4432696664700204
1.021768652529727 -0.09017778809753307 0.1512003556819667
-1.151859741524477 1.324457465183443 -0.4243244283605654
0.8792978612252846 -1.737361362205996 -0.2102893754118978
0.4334290020287828 -1.911650612116447 0.1806050210048714
0.1661488932829847 -1.838420475969185 0.354239851358169
-0.07816067307577949 1.183781079580249 0.3852757818340011
-0.9993176290378174 1.343264484613433 -0.463745156427009
1.459208662333181 -1.009050754058633 -0.4135364351412577
1.194583087466253 0.6285355717708199 -0.4737288357268939
-0.5629912621958971 -1.537066045498625 0.4767023666441492
-0.807357500564175 -0.5961913779462249 -0.03907818945310188
0.236842952774934 -1.854838940483871 0.3276196427557481
-0.02274775216519557 1.626535690245428 0.4786287224762076
1.524269930539192 -0.9687234859507572 -0.3890524353194489
0.689667826508078 1.065685287944128 -0.4397004262711158
-1.150567531617486 1.009144007342502 0.4947534473375965
-0.02261217812904589 1.235721358142569 -0.4212831991021456
-0.9151129203063717 1.213145782750241 -0.4952418647649259
-0.06277993831025649 1.882475796654385 -0.3129871630662238
0.3221216413328062 1.0804874427653 0.3292203624730828
0.9167032665804542 -1.489965132811375 -0.4276958790285179
1.73019455933425 0.9192444112775194 0.1849685867304947
-0.524078922183343 -1.442551583586276 -0.4945108960246549
1.234752879638928 1.026027673090135 -0.484156610102163
-1.296593001891108 1.296726756866536 -0.3654827794441287
-0.7347463754607563 -1.010991365131923 -0.4284419809368497
-0.907059837098942 1.174951236586707 0.4976634919030559
-0.8200469167533461 0.6823580502608712 0.2447960895464312
-0.3817772074584506 -1.795547164835822 -0.3654651061298935
0.6820254299891912 1.813843005456717 0.2292264269541648
-1.228016468836434 1.269781071429691 -0.4172916598899546
-0.8332975412836521 1.173740432107329 -0.4922455139059442
-1.187335088949188 0.4342173246975292 0.4372275539698898
0.03364422707059236 -1.87526028708908 0.3252085082652352
-1.871391500081195 -0.3069370297109085 0.2986782860615848
-1.893327339959154 -0.165770380130272 0.290309670542843
0.9532888882075751 -0.9478741306759648 -0.4712227866302252
-1.241089164508318 1.458462227544503 0.2688832410769195
-1.402979558520517 0.4644912877959701 -0.4952468399381131
1.132234898563008 0.6657386188550769 -0.4608727966007738
1.79526193767528 0.6410817873728695 -0.282401825077169
-0.7538419626155356 0.9621456785626267 0.4116531422970784
0.5191679059365319 1.306197838228394 -0.4865153497482138
-1.190572179945148 -0.3010494581128983 0.4161660429093368
0.1323039347676386 1.23768082414393 -0.4260155751162607
-0.6856211882047347 -1.852927478070652 -0.1414878671313576
-1.894741321165252 -0.5212806215194526 -0.1684264047814014
0.9855774365770422 -0.1814936913892165 -0.007619835063162536
1.07729197521418 -1.041042629940745 -0.4958233827058374
0.5427871561501219 -0.8527274491854295 -0.08918397637841953
1.936491996469368 0.226625346942596 0.2071413962128671
-0.1195107621490719 -1.988904399655079 -0.04593055917413527
-0.003739691979312001 1.391900595761856 0.484242218772009
0.75418551937653 -1.825006315651535 -0.1443719123766699
1.251349758399685 -0.3229535187394128 -0.4510396016200461
-1.076953615387598 1.289802326038775 -0.4613306280157622
-0.476365936560188 1.285208170739877 0.4795092682170741
-0.6187768011815846 -1.314377575573307 -0.493656677758159
0.8234610790461619 0.5906421587827189 -0.1025464396944876
-1.083742223532157 -0.01008135322789576 -0.2704798479550271
0.8856081315039971 -1.414786367476986 -0.4656789554721442
-1.071130063305519 1.459782956368105 -0.3853123148322088
0.4129396349189578 -1.618601754894607 0.4651625403697503
-0.2921178571330645 1.60626642936244 -0.4776891134720221
-0.8784007474916806 -1.736801542993955 0.2153398995357132
0.5371612628022521 1.70069414052597 0.4054091534672269
0.04710130413517443 1.273364159837328 -0.441736527583434
1.598731243004653 -0.3090580573987418 -0.4778170234679169
-1.204033939479449 0.5171481378531109 0.4582991155345482
-0.7484577683749171 -1.483816265600056 0.4681666914095004
1.092026913518776 0.9288204388274631 -0.4923246510419488
0.4333762696103429 1.571127696061337 0.4779799395616782
1.341294852190197 -0.1871578168539846 -0.4743542172958053
1.582443744016022 1.026466231537629 -0.3104016060087715
1.257232310894858 0.4920882145086119 -0.4734227182161299
1.704805798522022 0.2768621189246597 0.440236994071628
-0.9900564802624056 1.13332396994711 0.4974950752199543
-1.192733564408428 -0.03362605978991891 0.3890213552952732
-1.565417482146232 -0.850552866991826 0.4073099683044821
1.136212809168726 1.337338931664728 -0.4245914546050236
1.568149998703954 1.097498080780697 -0.2723687602994043
1.155455161177548 1.070453674698434 -0.4899868078169118
-1.118522887019448 0.4572402606305013 -0.4023712364380992
1.180265224646655 -1.087647542394327 0.4843839231797922
1.250648160868093 -1.133626555431626 0.4587280337381421
-1.280717744418973 0.7696678420345258 -0.4959696477181417
-1.634763243347024 0.3119682568149711 0.4674767850601172
-1.414770548873218 0.5606536275178334 -0.4944725899896106
1.31943406265945 1.041837158379609 0.461049599570019
0.06603619168551582 1.002339776205718 -0.04741005227707771
0.8330962152104656 -0.9252793189756036 0.4264513530387312
1.006861535746236 -0.04603637327025136 0.07646890669776685
1.394012902885975 0.6654127719842543 -0.4939345697792572
-0.3437017040124886 0.952538624495296 -0.1007121935619387
0.813297173214179 0.5995863114016463 0.08640108893169118
-0.9989596501031522 0.1128670594618884 0.05564774133750296
0.6011004566257698 -1.365052226673767 0.495584607951189
-1.571404862104361 0.0419835394867772 0.4902066845275545
-0.6356083935090746 0.8078196262148464 -0.1569053215994811
-0.9894781056417216 -0.1916841292203495 -0.07120083162118374
0.9556944279113734 -0.3196518258413106 0.06682292709611554
0.6302818851599187 0.8355621119695087 0.2049200017335292
-0.1703121672943454 -0.9991630289723906 -0.1057870975371696
-1.745907658384467 0.02189714097523901 -0.4297644462181225
0.4942368601526628 -0.8713978295040069 -0.01015981838110227
-0.510927891914973 -0.8659896996455281 0.05656516651009292
-0.9984198245369212 1.43078051206694 -0.4304961731038744
-0.9973192225750105 -0.8764302533839384 0.4649368127545871
0.9916361432664162 -0.3583459239212732 0.2219119885079434
-1.037029020938278 -0.09360685856395808 0.188807788303893
-0.4238324937108933 1.354548594802342 0.4895042728810653
-0.1210653572102108 -1.01222547060789 0.1295025851795568
-0.5649930362740176 -0.8675234108698362 -0.1783160146011887
0.1540070094690152 -0.9924259371780723 -0.03428902191901189
-1.040480803001455 0.01167058766085311 -0.1918979671396557
-0.3110077486195419 -0.9884625560226675 -0.1803211871418902
0.8072432024098438 -0.6133737151827937 0.1061863216944332
-0.9282966176323897 0.3927678275904187 -0.07270071466726598
-0.4983330053527641 0.8758855640009334 0.0724326805723116
0.6366942990480813 0.9378763525487743 0.3345772888083954
0.01937141022897522 -1.045154370992791 0.2024033742829865
-1.030213716829537 0.2528897399165905 -0.2345412015238177
-0.1033118581934293 1.012562979818114 0.1225728415729087
0.8489647248809136 -0.5614956327444565 -0.1231111827056024
0.6675719184826092 -1.505646492750157 0.4731755046792747
0.05187828260160052 1.042757230082925 -0.1993573971921726
0.6504060892512084 1.46194436060239 0.4850603127634219
1.181729238326142 -0.4944255737249019 -0.4453921522517719
-1.262755505072388 -1.173118255895167 -0.4417745345512751
0.2898806333020916 -1.006288764863968 0.2060607991062796
-0.7580064521293138 -0.7218141771185443 0.2049425909677223
-1.173556868866551 0.1994903728291445 0.3906554965276265
1.240313708828112 -1.219713448841015 0.4335236960799247
-0.7564011551785254 1.225688429617363 -0.4923311407037854
-0.1978665276714943 -1.976308940428799 -0.09146771479257083
-1.002587805551747 -0.3356259822100751 0.2262696213164569
0.974790882579204 0.4057096710039351 -0.2219991620175324
0.7643728538304636 -0.926892328733544 0.3960295517244554
1.267629466577253 -0.4966402052019281 -0.4771444795211218
0.9562173422330204 -0.5032559157293156 -0.2682558213446195
-1.754447254000508 -0.152391825189242 0.4195662778702254
-1.53688583653058 0.2670197518031793 -0.491895001800059
0.8446865337464174 -1.337918958640846 0.4886838756236564
0.5922615849971619 0.8730353561520515 -0.2219879335961673
1.084240660523883 0.1681725661679593 -0.2918445701520164
0.8534273821080082 -1.24739859940645 0.4956424205524916
-1.061925061017487 0.9835766051320917 0.4922771904459249
-1.082357754308546 0.04034171335224056 0.2702954791923991
-1.551973456490559 0.2876021943426403 0.4894943186695264
0.852541884629665 0.5966023410754032 -0.1897718465487338
1.267062234994628 0.9724479282228108 0.4859136058203082
-1.046530376013639 0.4693175661489695 -0.3498135930519646
-1.146933993943293 1.406922068059266 -0.3815550985001467
-1.85909837424744 -0.220026892013426 0.3275736014633183
0.4864554647403576 -1.011593534618698 -0.323851728894555
1.417075225549538 1.290506415855275 -0.2700616738483383
-1.195459113448584 0.7307405931478769 -0.4852393623121007
-0.7607149197319534 0.8034432789633605 -0.3043780980401097
-1.377737588931196 -0.7780730863113888 -0.4887078511030252
-0.8375067533069623 -1.460362289016076 0.4599943642315245
-0.6828063329757779 1.701808033640311 -0.3655299728395642
1.067592082647912 -0.4256639670027243 -0.3501339700663852
-1.277368278535499 -0.134861491043247 -0.44731684532808
-1.150995760509439 0.3704189798675976 -0.4030606537052004
-0.04066009880378999 1.124460083793311 0.3267447680611712
1.579673040048432 -0.2278190254321539 -0.4865632475545849
-0.884969901819348 -0.533100322660841 -0.1653575577578555
0.7816932334724718 -0.7314779380626802 0.2524650717186152
0.5921207896164752 -1.455526961498005 0.4904945056349563
0.9980318766200972 -0.09098443855197935 -0.002925967493330117
-0.3726769529245946 1.646216767735881 -0.4583865359716757
-1.287304298547079 0.8595462845882791 -0.493206011165315
1.522780737805035 0.921874731860837 0.4082247803623044
-1.774966282637537 -0.06409539309543877 0.4096212173646405
0.4167750923293776 1.518054914578616 -0.4895641140434405
-0.8965531042254294 -0.9275574067319073 -0.4500049490963752
-1.078562349965703 -0.6702778604215602 -0.4401475006299864
-0.6761368363736436 1.184745273574883 -0.4772137528388851
-1.674019946254799 -0.1716236454637493 0.460622755335437
-0.8772701126432461 0.6863848395389563 0.313493849109989
1.095016321213885 -0.091106075916062 -0.2939045388690312
0.8162177398943559 -1.730692690810257 -0.2731898951630458
0.7270780799229094 -1.632009858921938 0.4039164663268831
1.131547810116128 -0.964181026726573 -0.4957680381065102
-1.048000445292862 0.8830071006546619 0.4790466710478549
-1.594128638328385 0.1317657551823108 0.4851175031790729
1.830668786790413 -0.3183365770820352 0.3405212244060724
-0.9742765662351799 0.4412960087409051 0.2475317591621321
-1.652636956084189 0.4007014135930271 0.4528818362611005
-1.639744948103883 0.7168060912232791 0.4017832201039813
-1.34213107688647 -0.2757087283962825 -0.4790640400251285
1.471093800289636 0.6188467973273321 -0.4862163390073246
-1.312885019986864 1.454494603204053 -0.1838855477828503
1.066760421101325 1.296040687306649 -0.4622418965310733
-1.808049956909342 -0.4381139953966075 0.3389300054374282
1.098578167638151 -0.4882093029604421 0.3978948601166499
-1.48088528922753 -1.101421345301964 0.35428266521186
-1.511169866669095 -0.793287260249998 0.4501903814045224
0.2481834867409525 1.214418992228561 0.4228923226123631
-0.8195175208982772 0.9003949375648546 0.4084199825991165
1.441226769920358 0.9405041843949921 0.4432643762540525
1.010954425108138 -0.6026851245475903 0.3782072232982313
1.284779940560208 0.2108444203887725 -0.4569024953379104
1.832305861808644 0.7365257484282414 -0.1444781956659117
1.007484835442143 -0.04494806528172826 -0.07939487419109605
1.236408798506851 0.9358010793492708 -0.4932524063425773
0.9979137934489296 0.09062573141472315 0.0003578680882502609
0.1851776150581119 -1.514194198636458 -0.4955135638954272
0.68459480862511 1.377974786828451 0.494219506041352
1.022999159991038 0.0904493124452373 0.1544558629150783
1.023000518584696 0.09002191102715722 -0.1540979948268494
0.4835716560232366 0.8993804286485698 0.1407273290540733
-1.727319430390206 0.4240119472512973 0.4096003308427827
-0.848680216390293 1.138964277321532 0.4913119702669799
-1.089782379956556 -0.09922729421934479 -0.2867496961823549
-1.67203557978586 -0.01745203974990988 -0.464486936177587
0.7595647037141826 1.197723693105778 -0.4892654491804034
0.7606791389609157 -1.377754662679705 0.4901416300448984
-0.9400377288208307 -0.6700143319452113 -0.3566781002616228
-0.1499930090629701 1.109714585156516 -0.3210677246097041
1.42778376308016 -0.8769073213414899 0.4634904917073241
-0.9941391338125495 -0.5499148935840125 0.3384340677584267
0.6196447768388839 1.027331129813573 -0.3956266912734265
1.953344767819211 -0.3935939449028397 -0.04553715561807969
1.954123480851983 0.392956157770834 -0.04322845415699433
1.953344767819213 -0.3935939449028403 0.0455371556180695
1.953344767819214 0.3935939449028382 0.04553715561806929
0.7031088509707436 0.7955359226134284 0.2353807576224181
-1.696690231531256 0.2471550858542852 0.4462752648056146
1.418164240652125 -0.2395337835484958 -0.4911751897253904
1.020965345411284 0.7884006736555844 0.4503926932295725
1.54957619543025 -0.8959850021133362 -0.4016180925430078
0.6852532896183119 -1.326261509467823 0.4955921378312032
0.3179385593992785 -1.738930391890299 0.4161962041408622
1.405367128250045 1.024873115445152 0.4334283231976805
1.050293052826416 -0.729061784384481 0.444869452958215
1.930809053289741 0.469114012857219 -0.08836480764552967
1.898224935606433 -0.08838283470166068 0.2911804275353814
-1.182203064068206 -1.21618603402749 -0.4549554199356967
1.379223748300207 0.4757506427636602 0.4944603641695909
1.891668360903716 -0.5952131898302332 0.1010783049723098
-0.977092799852134 -0.886697946518047 -0.4621417338952644
1.134411826974077 0.6814113844041506 0.4647213469295656
0.619050038426333 -1.385030652371605 -0.4956099154643451
1.930009948117995 0.4694472637849838 0.09103927778725256
-1.157403241766072 -0.6279675674874037 -0.4613724019986492
-0.1647031606687808 -1.755139536690596 -0.4199122747095249
-1.132570470606629 0.07777145530693245 0.3372826780173381
1.081585539742328 1.0212351346118 -0.4957278238880177
-0.965183952129219 -0.7017054898820737 0.390778559968334
1.324008408167032 0.4018878017480358 0.4822657723746961
0.2328789560970571 -1.026477829604068 -0.2143854596151782
1.162576515786496 -0.6481666158049693 -0.4667909019263993
-1.107989462242212 0.3382454181287515 0.3616695174321343
-0.04019287433191845 -1.985334966685109 -0.09281495296579061
0.6530068962043492 -1.466660369898229 -0.4842846730284944
-1.74041454693799 -0.4719841252522712 0.3916008049345616
-0.5279372834483729 -1.039773608439066 0.3660577072649586
1.915908389435132 0.5475460321903766 0.04550212216918317
1.346127769994698 0.5604903761978359 0.4944092457747523
-0.6860180820595828 1.626536593012538 -0.4181107818804184
0.8722761865699941 1.667724532413161 -0.3156400442494025
1.804159844286451 -0.8471158171426652 -0.04359789173566345
1.806078109546866 0.8418145201801299 -0.04543910088345279
1.803583082261781 0.8439192959088843 0.05003225039640905
1.804981481500272 -0.8441053410990681 0.04553715561805835
-0.2452953670863095 -1.169651587644316 -0.3905107696285364
-0.4509878971501222 -1.391218660772468 -0.4945480053819879
-0.8074171254935352 -1.056367410023197 -0.4661141248675393
-1.419596818045443 0.7412828088596323 0.4849174673900161
-1.42911267740813 -1.054215912500598 0.411160279966036
0.7850486073575365 -0.7954941441387789 0.3185456843142859
1.905237446768078 0.3807182496186393 0.2204395428494177
0.7401249658550695 0.7282408988728476 0.1860910209923294
1.416989853297148 -0.9643315110034946 0.4467950223845609
1.648489589063406 -1.119354300559228 0.04553715561806943
1.64848958906341 1.119354300559222 0.04553715561806922
1.64848958906341 1.119354300559222 -0.04553715561806887
1.648568530568342 -1.119443535922703 -0.04512875033620811
0.8999077345788487 1.267373014334431 0.4926554469323671
0.09680987664340122 1.74617201745214 -0.4280537737167034
-0.8563158332127259 1.538612938183461 0.4211319234143318
-1.143824063471501 -0.131425210539264 -0.3551371337087654
1.302915430294294 -1.258458772273584 0.3852387063023455
0.9989328536244596 0.5171272728301737 0.3266409611247892
1.108102391447213 -0.3398265456515858 0.3615593016679917
1.390884381730144 -0.5867874684785271 -0.495791478842586
1.667597085938278 -0.448705276852823 -0.4408215791942485
1.468554369048063 0.2528567593060764 -0.4963624426572883
1.502155087657962 -0.1908763206488131 -0.4955715942327199
1.207716625249182 -0.7287093379731125 0.4882855550374736
1.472781312841572 -0.3380635731745962 0.495782766000191
1.71824655298079 -0.3723341790479028 -0.4227244105968941
1.546317065812857 0.386437262692458 -0.4867197801471239
1.292319753769605 -0.5992819000565753 0.4900295743997488
1.54565216274926 0.6619403737961734 -0.4610613115347911
-0.1322645546501926 1.480778127210514 0.4959221088555241
0.9192841381870087 0.4741785434164296 0.1764471394652794
0.7283192827712219 0.8338416217883108 -0.3052858258086535
1.62066854573753 0.5237891701815406 -0.4518296963914523
0.8378217061524423 0.6065950495333468 0.1762452667526495
1.856762254627284 0.380524273468142 0.2975614058937612
0.8067443537695279 0.6786411358977976 0.2208777283372031
1.000750630844161 -0.4368870471477484 0.2827597210923603
1.500836958265005 0.3683922691276827 0.49365402343106
1.121288398547147 -0.8568997923212409 0.4882691738424081
0.9686797755592021 0.4177844510399506 0.2217303014795
-1.770815703342695 0.2710891391814899 0.4003484832848798
-1.678232870154716 0.1572179386894348 0.4593620794849503
1.634015223004416 0.8177531307451193 0.3716268385204778
0.8964926832570105 0.5499560042311064 0.2161792686846624
1.538577645444275 -0.4763162955116554 0.4832148483703361
0.9496635284325742 -0.3763121685537841 0.1388630908947136
1.373013020163932 -0.5570411027429382 0.4943574142443514
-1.101005836034143 -0.6005550650152528 0.4314175619902657
1.252668013509677 0.571917275175119 0.4796595666964376
1.200552434498336 -0.8160566073911945 0.4933901653823956
1.452051701288682 -0.6087595174947642 0.4903461432494502
1.466694806191845 0.4625493248426333 0.494413305387333
1.468250684983622 0.7992935057741554 -0.4647875484542565
1.290172957594234 -0.6910447484447486 0.4947669671369733
1.388933702166023 0.9358072661435869 -0.463625541180126
1.01834429363597 0.427650681927876 -0.3008119515036655
-0.1316970778439433 1.522939163359531 -0.494801079630045
1.156231339138348 0.8326082772147098 0.490560472019808
-1.140683274146921 0.5822851001921567 0.4454460702785048
1.393467115971674 0.75622065346866 -0.4882431960308573
1.217965482098885 0.6583619094705702 0.4812800220103561
1.464628218233077 -0.4261390172812509 0.4950140509184862
1.470976895377494 0.3439598646157314 -0.4962108403495003
1.546997585624459 0.4821326589426714 -0.4807382937931455
0.9289557979820623 0.3802370674051723 0.04644461832250679
1.450852668200018 1.366369499140971 -0.04422046867870643
1.45120817166011 -1.36567153682659 -0.04500892842494535
1.45037446185971 1.366340329426112 0.04553715561787414
1.450374461859703 -1.366340329426118 0.04553715561787431
1.19927841876285 -1.134060315006643 -0.4719306974950861
1.307701577036639 1.071231125758339 -0.4573505706723826
1.522061626509981 0.5324827554024354 0.4826039298210743
0.9170195931740449 1.035071401520128 0.4825516445936855
1.215638371365424 1.578827199377721 0.04553715561806922
1.209724462882706 -1.583182780260479 0.04594351323414305
0.7600519701811598 0.6580552538762388 0.05491636381059726
0.3853193974806175 -1.430986316435906 -0.4956356512203557
1.115520636567922 -0.9478699563744341 0.4947678887885376
1.619080630236278 0.6136010291502928 -0.4377915054178219
1.105651298622327 0.7706634747743869 0.4735686193070699
1.401063464767304 0.6323107228007205 0.4943742236071164
1.032565879134356 -0.9874128794218257 0.4910981356061359
0.9502082433360561 1.751449762261848 0.04553715561806907
0.9526230628897424 -1.74865230454535 0.04988227604979864
1.80961469667582 -0.4461756592422986 -0.3357229968715545
0.5054175591681594 1.039988113047101 0.3588956324189166
1.430216214835456 -0.6684577250173259 -0.4892328759188611
1.026713085708738 -0.7219646947239261 -0.4321129189593494
0.4176256941614713 0.9152232968791733 -0.06116237192379467
1.691508079007931 0.4746881957754785 -0.4233598369284082
-0.5987664626458252 1.23370306973871 -0.4791061500617254
1.568507105689272 -0.5980455100471035 -0.4619394255773177
1.543354834357547 0.7515792007585907 -0.445323894730123
1.697241342123582 -0.5244958476951301 -0.4108237477118148
0.6609237798292454 1.878658859058143 0.04917220247351652
0.6607860069838848 -1.879849416417488 0.04553715561806895
0.6745067690693145 -1.313075407288006 -0.4956661916640792
0.1668035689176695 1.000146291055023 0.1073109630324361
1.035724293877405 0.9342228055370185 0.4855781435935946
-0.2443147759654032 0.9746464986656883 0.05149778324111797
1.7439944668695 0.903434474462506 -0.1734950605765686
1.27870641639016 0.7322976198689227 0.4952831670500301
1.531503419388031 -0.5662459205082716 0.4774058852163388
1.066243573089375 -0.4247884733969911 0.3513814844027781
1.616799620914481 -0.4372040586419819 0.463469234522002
1.161273528502691 1.224287497550133 0.4589772610362319
-1.398985678402083 1.417783945263189 0.04820409117183321
-0.8823659899480042 1.785438280335468 0.04900746424789149
-1.151908616910926 1.625908519479874 0.04553715561806917
-0.1176442566981351 1.989038055276449 0.04585119855098314
0.3546793758488857 1.960784158386213 0.04553715561806345
-0.4323529103456243 1.94513314103348 0.04553715561787147
0.352957853672613 -1.9607853184338 0.04659112980945632
0.03961733302920634 -1.992210441282379 0.04553715561806893
1.135441321806339 -0.6855655138487046 0.4650621931319484
-0.4323529103456272 -1.945133141033446 0.04553715561798461
-0.8798254671493685 -1.787842029594971 0.04553715561807512
-1.688520863364268 1.055601328163127 0.04977927899747842
0.9841886517925867 0.8680918037082511 0.4594709829610783
-1.277445951685801 -1.529249428952538 0.0455371556187525
-0.3781722200953173 0.9284743958979544 -0.01777536433555351
-1.837113144873128 0.7716782155570051 0.04553715561806923
-1.503442891322629 -1.304969349681868 0.05146135746877187
-1.936152524417206 0.4709409491900023 0.0455371556178711
0.7179571152049649 0.7146637549829892 0.1099738342866819
0.7102684797188902 0.908619193642207 -0.3563276882132517
0.02614896613100102 1.003085826998048 0.03462858659856012
-1.691687914772526 -1.052931134710841 0.04553715561806884
0.6095639434486799 1.156799168989871 0.4574587379431731
1.28833379819081 -0.736975331116524 -0.4955896115832803
0.6699131716232883 0.8221190799905648 -0.2337755692810461
-1.99177660199845 -0.002562767973793757 0.04834011727582229
0.2950485149826656 0.9584843419342063 0.02348867489807324
-1.83711314487313 -0.7716782155569994 0.04553715561806893
1.558189745052992 0.8373319789611212 0.4158105503770986
1.465118189250797 0.8885893290937871 -0.4468144550425725
-1.936152524417154 -0.4709409491899827 0.04553715561806684
-0.5091673354220841 0.8720290849809093 -0.08659870090703882
1.38464302363977 1.024426855580704 -0.4424322126627485
-0.1149616289644293 0.9968897338945725 -0.03546971864406188
0.861206605692093 0.8858996519849783 -0.4208126965998654
0.5196060962133947 1.172141864352524 0.446325386565855
0.264822951826639 1.403188698014535 -0.4909689072005117
0.8986772718322286 0.4624681348183355 0.09049328976119779
1.04330432031807 -0.8130487934389352 0.4629718233237528
1.215638371365424 1.578827199377721 -0.04553715561806887
1.216845365093249 -1.578273772799073 -0.04447055329800104
0.3448664726520875 1.362367116066292 -0.4873350809253639
1.123081028012122 0.9164764779246745 0.4934917065748269
1.231102619470015 -1.21280826180461 -0.4396243979371421
-0.6147137806092887 0.7914274152216393 -0.0007325956964486883
0.4671883673316979 1.112870011385849 0.4009712078998199
1.111109764604685 -0.7247652744971118 -0.4651973024889309
1.322998664151394 0.349057420824775 -0.4784216961678492
0.7914241259437423 1.128048527835888 0.4814009734871208
0.5723478690602168 0.9299406530189155 -0.2846040035104431
1.003407574900724 1.018880994866145 0.4915630185940197
-0.4600928565722248 0.8904443800930476 -0.01108429706421513
0.8815039849343891 1.115697447834233 0.4900851135698108
-0.126663304022148 1.344018884947495 -0.4733529341249378
0.3932371548282601 1.265453070650187 0.464687962718555
0.8681226309941407 -1.062007982653025 0.4784876958249586
-0.3986155230659442 0.9541127369565618 -0.1743994272753821
-0.06387908568475627 1.001848733193008 0.04043023599018188
0.01458031685427016 1.017293398874414 -0.1223532258773575
1.088247791138665 -1.279443579998525 -0.4617827413782258
0.3470983020351541 0.9519207020832753 0.1022491685091586
1.48952626339095 0.6175044199263469 0.4826159664356964
0.9347323577801184 1.184398826131207 0.4960861985042129
0.2074512595628546 0.9813039079506316 0.02761324740397192
-0.2040272782961854 0.9820467966951257 -0.02972265655642518
-0.3310973980712471 0.9495154543909038 0.05756741372710453
1.02303741000507 -1.077286349763419 0.4954699305966206
-0.2130961292175823 1.652312372390531 -0.46670505906426
0.04200963719550347 -1.521350119757231 -0.4948646606767828
-1.504330597893067 0.7634526644370457 0.4586575878680457
1.245732801781372 0.8172918972428258 0.4957163446819777
0.483361602090321 1.252350110398526 0.4705879118105711
-0.1352773315634679 -1.360914223147133 -0.4782864813083094
0.9302914733681482 0.3758050517122736 -0.0445546685592951
1.765990764153351 0.9095397738892447 -0.09016695276606508
1.763475299328339 -0.9157611400235021 -0.08855697116657339
1.764348639816595 -0.9125693591642441 0.09065570396718607
1.608847455183629 0.5135554129492924 0.4579341851555712
0.2604695360267448 1.492478759589663 -0.4954686117558985
1.017901168986145 0.4993264510231065 -0.3348799248025289
-0.2869712817720579 1.337227677517722 -0.4781953308051304
1.11096086306779 -1.126246213662038 -0.4889090820626802
1.368344642573559 0.7176733321763561 0.4936276895684757
-0.5850302885621301 0.8218996614130192 -0.08138963094232035
-0.6658615046951865 0.881555611127902 0.3031680939530801
-1.78357118946448 0.359212843800446 0.3782684981210646
0.07723657496826213 1.01184186195778 0.1105907308037084
-1.823737956481085 0.2067186820347039 0.3640423471164667
1.906634889182297 0.4639918764681199 0.1772054573121274
0.1061322801388361 1.48723695262238 -0.495949732725465
0.0532251155019817 -1.611070957881328 -0.4830301550172485
0.1011570623621797 -1.070952396842118 -0.2594160541409921
-0.2131292745621752 1.7336188106876 -0.4297056108327029
1.520817969780722 0.1059027155996082 -0.4959251601932395
0.7099873369598099 -1.058805233300311 0.4429741494546433
0.2415431651971987 -1.107623752986783 -0.33564401949527
-0.002696399754585304 1.079555904054874 -0.2657510554358753
-0.07583142054400761 -1.425352327176211 0.4912517640762367
0.1468089586791497 -1.724806256847115 -0.4382190274086809
-0.04834228434826834 1.39514940800948 -0.4853705037563265
-0.3714776839393822 1.726821952723991 -0.4173893283132939
-0.5739117822025853 -1.651708955173169 -0.4283955768731383
-0.6670326105382621 0.9532171557662482 0.3659752715180876
0.2509744204436025 -1.054681899077807 0.2730911933045109
0.3374022753382533 0.9468057647856272 -0.05679391389872437
-0.7009708078161717 0.7535250531700809 0.1616914731978589
-0.6849042465173082 0.7314858917518666 0.004628161642872661
1.447044282103532 1.089096924278807 0.385444460718585
-0.7043016971228327 0.7472429062948316 -0.154118082522451
-0.2082884022965329 1.382399641967037 -0.4849106191724905
1.445193405424698 -0.6990174737878091 0.4844031369880042
0.9502082433360556 1.751449762261847 -0.04553715561807414
0.9502082433360431 -1.751449762261853 -0.04553715561807428
0.4634058266152041 0.9109086953730618 -0.1387103133123355
-0.442347969869135 1.245265577479241 -0.4628963008370342
-0.4821605179986324 0.9116332132470818 -0.1669770018918206
1.151149159517152 1.162067097716246 -0.4763940652751799
-0.5601975479317379 -0.8525371006827545 0.1334208321252566
0.9361082300720218 0.5729301041345835 0.2924805526434957
-0.9261101435558429 -0.7527392160796343 -0.3905884789142635
-0.7239140580839075 0.7013814180232317 -0.07324163452596884
0.7543105633546213 1.210428982620685 0.4904499779268694
0.6621166132000339 -1.879415586404472 -0.04541920031340477
-0.9257608828191796 -1.42557849270681 -0.4530921959614331
-0.9880733658446587 -0.7980605973080589 -0.4403037532719691
-0.5182079094088455 1.114066574002038 -0.4160424231687823
0.6860694018988376 1.149933834336725 -0.4692746143116375
-0.726879522383335 -1.661257944971848 -0.3832364868051938
-0.8872240373385707 -1.016655757132903 -0.472602274845026
0.9963195773885981 1.16068179812835 -0.4947719663826571
0.2120045928719278 1.290289300395546 0.4575898232056593
-0.9139341019003139 1.006550746258081 0.4760056671600707
-0.7452564982797417 0.8140798377412185 0.300353110126541
-0.7184793283356473 -1.566858994019937 0.4418769924285324
-0.3044265566585853 -1.290703961736938 -0.4645673545091029
1.650310078128461 -0.601297332104067 -0.4237947758597957
-1.166712246588172 -0.5413071901093796 -0.4485100478942838
0.6602715975297609 1.880405652126278 -0.04426999712626411
1.768234270630086 -0.5245675497364575 -0.3557368421659004
0.2003036151172301 -1.981312777139231 -0.04953156384397769
-1.114675864093781 0.8198364987851724 0.4822962959370795
0.6714984043694893 1.423900447563172 -0.4899763027892567
-0.8251255692544626 -1.223517147287797 0.4951294914773703
1.518459022431728 -0.673825012655724 -0.468473592700674
-0.8983440341077641 0.9209826150437017 0.4481938921479751
0.7959041349639661 -0.6822807965401569 -0.2087191056290102
-0.07638945197991767 1.013080450368308 -0.1162145416359634
1.568890785767957 -1.068060023682919 -0.2938151414528803
-0.6414186813340196 -1.695030139926741 -0.3840577159893412
1.378958159473719 -0.743596362132028 -0.4911281777450107
1.301726749466457 1.15858064502034 -0.4316249779068349
-0.9139684084565686 -1.200130756716252 0.4951135120701075
-1.068233838087282 -0.7567722818158611 -0.4580149606598693
-1.360740427299806 0.003094613827848031 -0.4761586726701834
-1.091827254479596 -1.156930070687947 0.4873790385590873
1.174562518782063 -1.285155775060806 -0.4325852298087423
0.6638517975542478 1.223931141200342 0.4845304223782167
-0.290951733492445 1.768178052647619 -0.3996924575820833
-0.9775221870891735 -1.266749233132035 0.485504288425596
-1.20352797781082 -1.040788510843134 0.4870694057039828
-1.291937340344341 0.05727625187375151 -0.4519525134035136
-1.031292887207472 -1.096371464453804 0.4963782185770086
-1.75079312160099 -0.5722684982193774 -0.3577122157988872
1.315049092503641 0.8020941532250631 -0.4942842568692216
-1.809112993814675 0.1183556452924535 0.383682343789419
-0.8184728002216253 -0.7119919314773027 0.2738690222968688
1.314028043244504 -1.214666799010571 -0.4016703977248516
0.1507946636652172 -1.117215184661405 -0.3288159746191813
0.5161533730067739 -1.153147020389979 -0.4364404795844015
-0.8881134106711145 0.4743221494517872 -0.06765505876289506
-0.3526951486907191 -1.676828656806266 0.4469932508721804
-0.9859417072192166 0.203401063096651 0.06714941583440037
-0.7546613857859529 0.747409835948412 0.2369025760482716
-0.2076023886678547 -1.415554353591258 -0.4913084187674236
-0.8413081624250172 1.358466641547723 -0.48569339533587
-0.8236287522524778 -0.7850801931754084 0.3398311040315111
-1.245973980193776 -0.4970212202976841 -0.4704012251835998
0.3571126275052945 1.346631818164478 0.4844265469304807
-0.7760980675136447 -1.619941471519903 0.3968639685343105
-0.2640566752872121 -1.382560854607084 0.4873838006546311
-0.4008837524040358 -1.169869157717009 -0.4210783983990771
0.3575451747786595 1.960509742730267 -0.04466088786571937
1.150496917488803 -1.348264262890562 0.413597122616483
-0.1567009369828308 1.715191212785885 0.4425829432493435
-1.356148148647974 0.7155734261443903 -0.4947188637798759
0.3026807235194341 -1.093117503971682 0.336790157542763
-0.6827490867326075 1.366180662373446 -0.4949057077512524
-1.17911768310518 -1.132698944796346 0.476806854602765
-0.1400899041567104 -1.490179196762371 0.4958649096568188
0.1812488118658927 1.535000851158594 -0.493276548044137
-1.510979510472165 -0.09757879193989681 -0.4954519650192417
-0.8958913735579236 -1.51805635412263 0.4196911450232121
0.03961733302921863 1.992210441282379 -0.04553715561806887
-0.2764450203562203 -1.973334772954329 -0.04553715561843569
-1.237484779150214 -0.63705949925269 0.4849207184523919
-1.44230264140041 0.04539102469601933 -0.4925897866687564
-0.9965609784293609 0.2400028571026502 0.1488744849350147
-1.311044049424342 0.9562969690145882 0.4799541499730002
-1.616291175475878 0.3080383118917062 -0.4737117216993365
-1.38790930750787 -0.668428211464692 0.4939514946368793
-1.343929622419442 0.6182749382750249 -0.4951722894364045
-1.316456689544 -0.9295258442556036 0.4825805130570902
-0.5884215524584007 -1.903897703858995 -0.04499266861283435
-1.464726061077485 -0.07103591992576516 0.4951279131739791
-1.510201850168718 -0.2209024069492146 0.4952949958872611
-1.500251840711227 -0.5537275122233737 0.4855681844347217
-1.325803121658963 -0.6053653399785081 0.494532952203856
0.9552786084081933 1.336789068807196 0.4743164354532405
-1.065335267523874 -1.243240457973889 0.4760011751642138
-1.689731376594809 1.056865220886815 -0.04398684629575091
-1.507275849701778 1.304196743815008 -0.04337210026285002
-1.277445951685868 1.52924942895263 -0.04553715561835239
-1.395306570893874 -1.423462466901635 -0.04312417889955605
-1.021722069202962 -1.711304331664595 -0.04371166152942299
-1.693145677998699 -1.049202325414407 -0.04800319229490325
-1.893420268131276 0.6219278399243554 -0.04431149651624972
-0.880506053052419 1.787628283225326 -0.04515126003445188
-1.892615697548307 -0.6232798703826373 -0.04553715561843569
-1.967672860496817 0.315503640670286 -0.04481802081100392
-1.289831634237318 -1.016021574235286 0.4739382150218183
-1.985858132072578 -0.1643565039102647 -0.04531775729284232
-0.43861883586781 1.943693398228328 -0.04558842603339976
-1.550730782031577 -0.3735073078317792 0.4865851037546339
-1.365694927116238 -0.7578695290583769 0.4914453615656995
-1.857623460100481 0.05644746382247626 0.341329636455527
-1.475416061949894 -0.6440594609187926 0.4831281193372234
-0.9516836042285366 0.7767421800639672 0.416085388914065
-1.416356820644416 0.08212862101235092 0.4891231012111788
-0.3364333164352599 0.9986074980724918 0.2175138503453134
-0.9638820340419124 0.8599730700575355 0.4506120729776353
-1.477031343664202 0.9916790674456628 0.4092594257556249
-0.784326643674917 0.6320770950238512 -0.06916201522246201
-1.376434608975442 0.8922847656664995 0.474990906291608
-1.379419992292566 -0.1043399717721188 0.4821438626190024
-1.459588003770988 0.9133258991721588 0.4428440721064399
-0.3667979281437621 1.381193456725569 -0.4912748663179902
-0.8771461639665926 0.5289133571619201 -0.1455192569255611
-1.529739408045374 -0.1338613853933958 0.4946399706537396
-1.354215743631449 0.8055360333480236 0.4898419633591534
-0.6535116048708129 -1.716477460271199 0.3630733964044166
-0.6364219897741772 -0.7968560276636527 0.1312396061895056
-1.26685813228127 0.7808102326162132 0.4955785750380988
-0.9510884774910937 -1.353078667950196 0.4708443124745827
-1.484587947783844 0.01695356062660904 0.4957927745304474
-1.733628552123615 -0.6616498395692144 -0.3440335743936081
-0.9601970249363435 -1.066884073715438 -0.4918750291803922
-1.095884759035068 0.7328227268710199 0.4621233551777568
-1.222958134489079 0.9330975744782585 0.4941338248933884
-1.573286141762357 -0.284446521511762 0.4858305527886357
-1.586337567586398 -0.5275181840321385 0.4646575419432837
-1.595407062857632 0.8651295721836481 0.3825159762315022
-1.244859722407654 0.6920504733630946 0.4903013903209867
-1.017010910420773 0.7127624387469408 0.4243470462249621
-1.438841309485007 0.1727296845650386 0.4924677301383593
-1.529796212848459 0.1973368398748304 0.4940482221091463
-1.376252660552909 0.2395439522896325 0.4851063333783108
0.6319486526340116 0.953801948711325 -0.3474335015999202
-1.441415694038196 0.5002849983531542 0.4951610052293991
-0.1128489617957549 -1.538795713984527 -0.4938115413410971
-0.894409752553632 -1.587113323046624 -0.3764378730793118
-0.723198676846311 0.7049291814192791 0.08744167595421604
-1.297621435172239 0.1509523989313078 -0.4574945752560386
-0.9687732462987987 0.2567954672211135 -0.00659175060907293
-1.436380252155099 0.7519308911564365 -0.4805035546869796
-0.9757441890146042 0.326012319338723 0.1597220328117422
-1.160201567757671 0.6685860392310881 0.4694570674145067
-1.52210291827462 0.8487470224310961 0.4314352496520149
-0.9410753635100043 1.541691409666444 0.3892220651095339
-1.310534650670171 0.6282335039730575 0.4935939966236917
-1.610856876548778 -0.437779662352469 0.465596185132749
-1.401391920821342 0.3272036076360109 0.4924159330827843
-1.651984990058915 0.7993038514717089 0.3647100577392539
-1.368441613661352 0.8968193952100458 -0.4765073380063383
-1.403230173773494 -0.9085684237691449 0.4649107543406437
-1.518297229765427 -0.006118403936571953 -0.4952682711190614
0.8727595839295686 -0.7271335088609375 -0.3385392450528319
-0.8121031624055591 0.8239906413817923 0.3599271279935867
-0.8644611278038759 -1.594592808206576 0.3828504483069661
1.286879550871524 -1.338169731432626 0.3434499343413458
-0.8264514898971216 0.6054171681981851 -0.1465591335602554
-1.349924518703224 -0.5112818880311033 0.4932122056336432
0.7749708146952187 0.9402235794347132 -0.4094027169707414
0.7119704081028143 -1.708666834367829 0.3475340627795907
-1.642261284530228 -0.5901528449144492 0.4302793521043723
1.187784488583767 -0.9976961855783776 0.4933155853985345
-1.654528956371037 -0.2603486997692586 0.4637446218644349
-0.5192284150059034 1.19493266077525 -0.455673612090673
-1.428398690575849 -0.8212294654984015 0.4732778185629785
-0.7895065275989265 -1.696616147336062 -0.3272606061487022
-1.335151785639017 0.3896289000161917 0.4843939713074414
-1.049291585536828 -0.9361641518172169 -0.4872498884902584
-1.354563371952031 0.475632222117601 0.491727615293253
-1.271780768136945 1.329612476519111 0.3595503712286117
-1.01452070732672 -0.03750618885347853 0.1132584902593291
-0.2751586568825298 -1.10012340232022 0.3366352738743837
-1.289227161352716 0.5396321075020052 0.485602718973255
-1.458181117119095 -0.9686130578102073 0.4270957846175653
0.03194409369744031 1.130000045226798 -0.3320320870465313
-1.761654513449652 -0.6189930803381837 0.3313331755287194
-0.9949729206056132 -1.469094695008904 -0.4122611854156544
-0.9020296083544391 -0.7871627892430962 0.3938848923403307
-1.717846468396735 -0.5609335271292799 0.3885175165963053
-1.005890784010299 0.6319351779474268 0.3870674231788549
-1.019816632050033 -0.1834217219823487 0.176434898350685
-1.241273654227366 -1.194339685232297 0.4414393953286349
-0.8756424757872093 -0.6397431541982442 0.2731651849922491
-1.25311672450944 0.3706979722450143 0.4571975134227852
-0.01882728757549273 -1.661247903930599 -0.468311304701329
0.4129598749975539 -0.9129485254302003 -0.01554057987617028
-0.2611196297854636 -1.013701590839846 0.2054249282773176
-1.50782530365895 0.6970039415375854 -0.4684304857747807
-0.5678594169903198 1.292721570343923 0.4884937771698725
-0.08314706466430848 -1.744577091383087 0.4294691314071031
-1.347305483624657 1.320708073036924 0.3087348783339533
-1.537597249398586 -0.9385397062812918 0.3925824357398599
0.2787503271509744 -1.427057535739217 0.4940488415733068
-0.8787312458016702 0.7613474288670711 0.3651743534788749
-1.139710186100938 -0.8056760040089532 -0.4852109630937151
-0.9244987350324517 0.5053594834690599 -0.2201253628595805
-0.7407623715619338 -1.692161610650625 0.3528154594489416
0.9541162514007118 -0.5123917622019302 0.2692293298889413
-1.44208716304037 0.8432984176683388 -0.4650556654662688
-1.813075777917089 -0.5292663719295635 -0.3061544947997939
-1.318834257039237 -0.5443889471377549 -0.4905670367093727
-1.777354683186564 -0.3918905482974028 -0.3775301339808165
-1.687153578450725 0.2565653293571171 -0.450154748381342
-1.229591802895831 -0.6750110827769413 -0.4865453204158862
-1.056197536227717 0.9239805736620798 -0.4865315500836481
-1.585961381284621 -0.1490365615145693 -0.4867280690703351
-0.9589234811074694 0.3659789149927026 -0.1533470245414869
-0.9742371113773706 -0.4855061060403575 0.2794893398967126
0.7862201311770297 -1.101947310244465 0.4737128368153523
-0.9824939445083123 -1.492140026789631 0.4035630722259816
-1.408257387224461 -0.4133561370588647 -0.494972878001916
-1.60567613200338 0.12519080438046 -0.4830425834953845
-0.9197970647612767 -0.5017606143492589 0.2069965121940325
-1.497336639244081 -0.2816418187137451 -0.4952931173245527
-0.8773766307591799 1.39420494881793 0.4729537915710604
-0.2399482353677787 -1.469582949109812 0.4957894025538768
-0.8713887913908233 -0.5785384395558304 0.2030854906931011
-1.245310490774538 1.259937380493912 0.4140797736409538
-1.010727877350067 -1.412026270941136 0.4350442795623635
-1.041724877507896 -1.027251928613612 -0.4943858580267353
-0.9852584866466315 0.2231735580128504 -0.08955866637455785
-1.005786280691009 0.5500009536117537 -0.3491234901694766
-0.938344203570837 0.5649277195051156 -0.2884148994001878
-0.9391023446596383 0.6209523299363384 0.3271252614990719
-0.5312357540828159 1.639136071344986 -0.4422756985086736
-1.112926560308477 -1.514710593605813 0.3169822570903362
-0.9660928452120531 0.4239793631612107 -0.2229074745711354
-0.9672231638446792 1.60035652961687 0.3296003768462316
-0.3883113154414944 -1.252256581536075 -0.4589549451612744
-0.4487743000668123 1.759762835613581 -0.3808328503249204
1.753172814009802 -0.4426633823246737 0.3875978787813274
-0.9958049007988197 1.476321107165846 0.4080301614365727
-0.8243305817076929 -0.5990418174909441 0.1277063722188601
-1.599787079048632 0.03376511596815194 -0.4854058374231285
-1.08063303676797 -0.3863959199919094 0.3517628688208035
-0.1009976290468981 1.778199502275174 0.4076587819399939
-1.018546869793008 -0.4015675282471872 0.2887960337599673
-0.9999914868890709 0.07732919393558578 -0.02894897454937641
-0.4444455342115569 1.332819860823643 -0.4873342863117822
-0.96577169145688 1.401747386755858 0.4518058825540243
0.009493981036357324 -1.071860949213653 -0.2535702084057511
-0.3220740316692326 -1.754045936901655 0.4059074738870873
-0.2921279482937273 -1.379243171150518 -0.4880714770901459
-1.020682409073069 0.4028642117344821 -0.2918871139942306
-1.707678289498994 0.7951792088778866 -0.312668367675755
0.3967298600618397 1.65217978253851 0.4535459457557258
-0.3087524483484979 -1.219831646503626 0.4336408880396787
-0.8729546670453701 -1.658709127004094 -0.3237135678451318
-1.030614870325468 0.1026515131489004 -0.1798663441156792
-1.757712925139683 0.2852529625471473 -0.4083599552859821
-1.373126037806645 0.9861000392814487 -0.457068289228914
-1.063390030588392 1.536571699202596 -0.3297262396027764
0.2666319420745414 1.358611930503078 0.4825510673049526
-1.682411693340575 0.1652289502999955 -0.457331952773508
-1.131748499543008 -0.8964305248003207 -0.4926079103008089
-0.9898216414593027 0.2804121902523635 -0.1603842111284368
-1.582689615425236 0.732792216109082 -0.4307225212907464
-1.654504436121134 0.6745239617088989 -0.4024752043125535
1.396076252590553 0.3983882732099011 -0.4942572406798227
-0.7681179180117677 -0.6700687777745995 0.1288596351888616
0.1977745356840201 1.98277503693947 0.04550212216918383
-0.9200367191565743 -0.4430033802108386 0.1349263001508573
-1.401212562889715 -0.5045144644834325 -0.4956351888946367
0.01351140173140574 -1.013752988006811 -0.1070510873865607
-1.000521313243515 -0.07050124549321293 0.0293277237567368
-1.311761084563391 -0.6357184322389881 -0.4938487778372937
-1.827568499070269 -0.4390468145244181 -0.3176953876108016
-1.750394718984434 0.1131524426128364 -0.4249727167417876
-1.490438366382936 -0.3730487559432965 -0.4944051114044193
0.9408664792895918 -1.116641271562648 0.4944410187168134
-1.578612989732765 -0.2404878052286442 -0.4859298785089477
-0.116480470981107 -1.577031052580043 0.4883943068268228
-1.219457473797828 1.002421884230458 -0.4893311349251086
-1.222227259109117 -0.7662250979041901 -0.4925164214810693
-1.017157385407179 -0.04739106917374931 -0.125594165566221
-0.9453950207859657 -0.3355296213397447 -0.01542319039191741
-1.003458784352968 0.1342412883620853 -0.1004142158179639
-1.052806647989365 0.1640613324638926 -0.243167785067654
-1.161514512928414 1.259503204468171 0.4472670333956596
-0.9921518359802496 1.159345243204585 -0.4948843721993314
-0.310278672326578 -1.040284195228669 0.2753775268915998
-0.9863201697745397 -0.2170788073728902 0.08735460960777737
-1.881267451873445 -0.3897824580377593 -0.259895060976693
-1.020271154161524 1.329826933688262 0.462896135833973
-0.9585177015314077 -0.3608073258648252 0.144892715410027
-0.977238270925986 -1.547027771485602 -0.3692776579084151
1.075169381718113 0.5336240193832957 -0.396499642544236
-0.4620808947114568 1.435652277748739 0.4958173422268404
-0.6364703152479541 -0.8169412394324519 -0.1779051537334909
-1.650683548921518 -0.2915267872253453 -0.4629383970762311
-1.003824155267294 -0.01332223811220157 -0.04209730127365709
-1.032835304004287 -1.54061319610336 0.3453563831957662
-1.302664063227752 1.127418272591434 -0.4421450827553675
-0.9532193718774514 -1.158154534260677 -0.4957953936247511
-1.717001981421492 0.707726836353277 -0.3431608651478351
-0.3532479908491777 -1.358948169438642 0.4867582529592848
-0.5488746204760711 -0.8392043951599263 -0.02427932401425026
-0.5274241611552479 0.9732251600738588 -0.3052194827519353
-1.78717961645206 -0.3005901559929742 -0.3840303502034061
-1.725912703914426 -0.2505643240141058 -0.4308558665537594
-1.447076720194055 1.018822962036256 -0.4152940027047201
-1.107907264476617 1.33351189006208 0.4367225864933885
-0.8436549001119338 1.446973562401225 -0.4633961111041305
-0.6834305315460778 -0.8858539193646552 -0.3194740010390504
-0.797658131787859 -1.145974704987323 -0.4851708741496537
-1.299205839921828 1.039423810509095 -0.4675069276443019
-0.9895331645795785 -0.160259000594234 0.01579673305839298
-0.8477227409153935 1.310108434428262 0.4921376838131842
-1.170229719570083 -1.303087289408925 -0.4266194949144091
-0.7258163906465853 -0.6949209409192556 0.05251803633682701
-0.3328036755527243 -1.145829069761447 0.3904412459321889
-1.386767696126595 -0.6870745750308734 -0.4935624696178473
-1.560377124854893 -1.160777588376376 -0.2179195659102061
-1.06285618315603 1.014964331741947 -0.4948958631124257
-0.9707000303202763 -0.2806347283325676 -0.08877883860960634
-1.144047835907978 1.054492619473399 -0.4926233759885572
-0.9609601013023722 -0.3033988290061827 0.07371269314588959
-0.2602019149970359 -0.9793687643656495 -0.104730699693278
-0.685837054683662 1.456542029309515 -0.4831724542961737
-0.7618998302172201 -1.759206177377475 -0.2665359949096218
-0.3877659674696954 -1.797869737408482 0.3609132290601182
-1.206662724379729 -0.9477814447800933 -0.494608768666905
0.08975190779160784 1.069912679078578 0.2562542574392828
-0.6606297361167748 -0.7574466394411804 0.05412091438387177
-0.5901085206243848 1.525114394823107 0.4767197868722579
-0.5855302487881249 1.904643258415986 0.04550212216918284
0.07355073259256746 -1.773224813701851 -0.4119940806741202
0.02549025621276301 1.530625953285992 -0.4949225310058963
-0.4197088820155768 -1.422136199585569 0.4955465801212191
-0.6416345428456128 -1.136999695636929 -0.4567740664645379
-0.3735518807829708 -1.276810697691549 0.4666494354103055
-0.2161874662184969 1.873998272835815 -0.3077274973142525
-0.2639268347177254 1.574876927338702 0.4858674748409522
-0.1963612933668887 -1.503454219267221 -0.4956836583220914
-1.881110311964322 0.2261646269144468 0.2992977847091458
-0.3765921717210541 1.791941314206756 0.368022601331285
0.1967746235206767 -1.465600216419197 0.4952025310964667
-0.3984983518695929 -0.9558337640515234 -0.178788304744959
-0.4675653563293901 -1.246288312837117 0.467254557100331
-1.074242481503781 1.199202205445626 -0.4829519454975342
-0.7037472120533277 -1.276102463850181 -0.4940220221647466
-0.9210165126661418 1.482487851872948 -0.4301776989195015
-0.5954966991569942 1.065546878561745 -0.4109161990967189
-1.019508072475087 -1.298897072362477 -0.4716657383033017
1.378515311052083 -0.4643502275260411 0.4932163587593901
-0.8704873905740024 -1.197533512642268 -0.4955793885714992
0.5892064198149961 1.462801982178442 -0.4895393528886443
0.1607714875865924 -1.070505591788603 0.2705457042245947
-1.027676626580653 -1.209195620083188 -0.4878660510994234
-1.938988836950309 0.1528923290889832 -0.2169064656117666
0.9201491732693903 1.419229418875884 0.4566822117149461
-0.102945535628029 -1.626625025504719 -0.4782876367947124
-0.9158359926263958 1.56178529069099 -0.3857529964902737
0.3765173345651389 -1.844454122057533 0.3135651226164419
-0.3889185432597488 1.021443951737436 0.2874892301218282
-0.9865188682379197 1.066665611590978 -0.4937906634375814
-1.07607738051305 -1.427941016321216 -0.4027220570873059
-0.2486864444413104 1.722477754128765 0.4329319385364881
0.9739019842669635 -0.7969234327547271 -0.4338519492140667
-0.1675216152941129 -1.72326180060171 0.4378973069027808
-0.5531930723681647 1.444440683568835 0.4934139114064827
-0.7569991923442422 1.302535318066663 0.4960997487251082
-0.4342145484389838 -1.02716346376243 -0.3155360767677593
-0.7497962163046875 1.046448362238195 -0.4484367166814767
-0.6223520228354337 -0.7863424079746805 -0.02454235020472045
-0.2306037960090816 -1.777108335439707 0.3998257894598173
-0.2077922818084748 -1.846691761543448 0.3402263090265698
-0.9051242715819772 1.028516188161218 -0.4788124940239829
-0.6953731108515718 -0.8161996466887196 -0.2520864644726105
-0.606438151797733 1.370850400226484 0.4960853510135058
-0.1918636518435915 -1.642344251977678 0.4709600870470672
-0.9854992717800485 1.586866693719473 -0.3304853954452142
-0.6586128084075901 -0.7694097661231748 -0.1019204297128766
-0.5297758457250544 1.716663385796236 -0.3964845876678089
-0.4083956844647302 1.509396233006441 0.4913771479672726
-0.2932548417708343 1.838921047624423 -0.3362188169461353
0.1046912355161725 1.169724837984052 0.3756231048404491
-0.1672594286046487 -0.9907602756080567 0.05132310949244415
-0.6971846866041208 1.379105300913227 0.4936866182267861
0.7478899596366188 -0.6818064866515514 0.09815707214244153
-0.3029809973427861 -0.9737625735999332 0.1309455630906762
-1.986315291775852 -0.1583135361640249 0.04550212216918547
-0.765391822784112 1.495963806031631 -0.4612663827374434
-1.089957361156483 -1.345089460792174 -0.4380318634541974
-0.6738875784818704 1.09745516917113 -0.4486549907957693
-0.7139591762835403 -1.185301511756161 -0.4825044837975876
-0.4850778971513323 -1.132790497067649 -0.4184606329323681
-0.4050888230368876 -1.010548939505398 0.2804010238871237
-1.137446840285923 -1.464711071836026 -0.3451255370239168
-1.354299604101018 -0.09097267014025683 -0.4752163270899705
-1.639914229065571 1.118856085616268 0.09498426019205276
0.4727302425956947 -1.741978033060651 0.3899115783649661
-0.8289418603015873 1.081790469131913 -0.4769098519267512
-0.05205051089359819 1.481841648228529 -0.4958434640545579
-0.5991369953466638 0.9902331805633618 -0.360224669758654
-0.513658127074291 -0.872853924745805 -0.1020682643901042
-0.3771794896495097 0.9502094903382807 0.1394716803497349
-0.5566188489241483 -1.176571526132937 -0.4550890817075377
0.1607417931055205 1.609021152833209 0.4815213878471831
-0.5081471867966149 -1.920253492812913 0.09074213681256975
1.236894206986083 -0.8120049296062793 -0.4954729053440413
-0.3021101434508929 1.654188279984412 0.46084716364489
-0.2852042614639405 1.789809400860429 0.3842134683978497
-0.03990980803831434 -1.985949205627318 0.09074213681263754
-0.4572490060148971 -0.9671695399290541 -0.2501820962655634
-0.6050345511935128 1.745299721620556 -0.3525720054745107
1.870003575091201 0.534275915366041 0.217571319224747
-0.2052766096659167 1.260381330877742 0.4436144808103299
-0.5023822296891477 -1.055994242539201 -0.3713830161738927
-0.5982735165272103 1.807376695146763 -0.286205703729465
0.5963576754402706 -1.537773535456793 -0.4723384410643457
-0.2561537030098066 -0.9717139438511625 0.0524309082712143
-0.3009473042180978 -0.9565807130256045 -0.02551975783623188
1.526758282591058 1.065414999902099 0.3365981565123132
1.364007928124576 -0.7390619074241563 0.4931518007201299
-0.9494443169580649 -1.744425555865143 0.0914067146056622
0.4454949820051838 1.7169259880743 0.4122290521773218
-0.2108435835244386 1.925535684842632 -0.2333239025435027
-0.5418367627866937 0.9135579907775665 -0.2365315085650233
0.5071482383651779 -1.493571925329541 0.4895128101178838
-0.6097062086350791 1.592500966541533 -0.4509439253562297
0.5508086808017466 -1.226423404067313 -0.4718214245420023
-0.5277297421034384 1.464444498913698 -0.4922640502690073
0.1885707357098922 -1.554357478297236 0.4918897070929159
-0.316723286173291 1.500655528687041 0.494656646317304
0.4056809866164694 -1.285757281209177 -0.4727801756207912
0.905961448428923 -0.4632131532551326 0.1225765851635567
0.124823651197322 -1.122213333458929 0.3313938182873525
0.1214386379381704 1.302046262338442 0.4576355230086323
-0.03527547830614487 -1.115665508955124 -0.3165691319366765
-0.008310381859647017 -1.743138539975739 -0.4315042311058568
0.3503716320010401 -1.480662914131138 0.495544247379508
0.5376813903046039 -1.801188730862061 -0.317306374170141
-0.03487692007346451 -1.036398781715504 -0.182365180125013
0.5712668175953055 -1.628242228976524 0.4407667456510695
0.9178015789359802 -1.387026365803798 0.4679107083678436
-0.6082581933519929 1.506021991468825 -0.479525349310233
-0.09344721287071171 1.072326611553367 -0.2609895369735988
0.6284109342399126 -1.745822279355809 0.3430394113918125
0.5455670282374748 -0.9001054966193497 0.2177091642254723
0.2550792657687574 1.669521766162499 -0.4579386862997212
-0.2720866203077121 -1.556188718415819 -0.4892207698787196
-0.2794167322271581 1.418726187470616 0.4929965631378448
0.4434294117082944 -1.352169454926478 0.4898495163739576
0.7060010678696287 1.530508677937218 0.4593387444580365
0.4583324324068688 -1.809890413139738 0.3322068385225844
1.072868079035161 1.20662683074426 -0.4821408548639872
-0.5243822677396738 1.372515244293519 -0.4948377727573123
0.6960614568815239 -1.162594583820816 -0.4750953518579449
-0.4332118831362041 -0.9153866675079305 -0.1019226061886833
0.5093453484924428 -1.926416084350505 -0.04550212216929288
0.5348013804240819 -1.224241736697252 0.4684441593318246
-0.3864666691072151 -0.9252274081390297 -0.02424454672856834
0.2868430883817422 1.514370515241795 0.4939804011610849
1.05415273560073 1.463639439235375 0.3911670840957295
0.5723449077699155 -0.9905545534117678 0.3470204855438192
0.03119676083744932 -1.132141408730309 0.3355898628772045
1.212941978358663 -1.38374752955769 0.3598098643096963
1.055873443505951 -0.0449227460293628 -0.2262937833421537
1.055873443500875 0.04492274602915416 -0.2262937833324098
1.05489486500514 -0.04414141482728198 0.2241984900954372
1.055873443500946 0.0449227460285169 0.2262937833323893
-0.02930615610414079 -1.018929847154957 0.1286902811655089
0.1061960501249097 -0.9990259902993551 0.04986598125549577
0.558254927832692 -1.706962614964202 0.396918894120154
0.6256105872157166 -1.103951662352154 0.4396954551509615
0.4973356890039962 -1.581488767635978 0.4696908883432511
0.1107117813012759 -1.039062017478273 0.2013194076526229
0.4336368239925519 -1.443244629460143 0.4960334209981032
-0.1884407964944208 1.40995931274013 0.4900780452653988
-0.06571332820466137 -1.857436154338194 -0.3403010206615136
1.032223988838088 -1.350752873328265 -0.4531340244806361
-0.1221632821102494 -0.9954213093892399 -0.02768395445889361
-0.08058179408945909 -1.787503914545646 -0.4019075910186498
1.266744107353013 0.04828371623434507 -0.4390067385733337
1.274337993017129 -0.04671900187531394 -0.4428673073505529
1.277226372141263 0.05455225355256572 0.4446765468605982
1.272860944750575 -0.05258371471690227 0.4424790051449589
0.2314905784150926 1.442130231700953 0.4942625384378382
0.03963731354826772 -1.99182117841298 -0.04688439379165544
0.4956253817225498 -1.296429189236113 -0.4835743089584874
0.05156024601824457 1.11938187768431 0.3214184640290831
0.6666297122625081 -0.880861660403461 0.3037008601612124
1.683993812228308 1.052647221133292 0.09277040530052082
0.3055263598491726 1.66478476734592 0.4564645390729657
0.06729447120945573 1.237601185233254 0.4227852281373846
0.2416126248781953 -0.9904337316180092 0.1299472292520751
0.1772062190058138 1.625304186354629 -0.4768217170028501
0.9261354954174535 0.4624037324629369 -0.1782092095451817
0.9105228294496928 -1.261103670805521 -0.4924100289666797
0.1718843208512309 1.787268893490629 -0.3972675284123333
0.5259204930902148 -1.312022015971638 0.4884190078099708
0.2625337469404462 1.742939332616486 0.4191886503405716
0.03792085282371024 1.038384187481386 0.1877889269575655
1.224472050408349 1.204990615369948 -0.4448382747948834
0.3287446708397867 1.783652439040117 -0.3831217903705101
0.2514392789580961 1.597427630484607 0.4815082450511179
0.1526467057343897 -1.007383291521518 0.1277513268783347
-0.1513438984235946 1.329636221033028 0.4690757352803569
1.754658444741549 0.5155500823349778 -0.3697217813307709
1.007113464711741 0.04552656641672013 0.07762912069392634
0.6176766837287421 -1.186120945318821 0.4689261053691399
0.2429120819700331 -0.97450780461905 -0.03153191726435389
0.4909026456955305 0.9708742272165387 -0.278868739356237
0.8095657991439982 1.281052090822254 0.4957033664377135
-0.06025250547735792 1.321125351982998 0.4636169813855178
-0.02333709256046176 1.24657922072045 0.4271116010988487
1.009348961133164 -1.258747680925773 0.4822635681738121
-0.4624944604541193 0.9146096157532173 0.1476458799236035
1.532156146914619 0.9244845547282559 -0.4023439635284641
0.3696423928056994 -0.9351004972796119 0.05853530756786469
0.8030085288435981 -0.736702240555188 -0.2811140239341817
1.070305441192346 -1.390834719992437 0.4246027525619991
0.3501995074546784 -1.349426773930466 -0.4849438544643965
-1.151914366854802 1.625916635473277 -0.04550212216927851
-1.154650928679873 -1.624104960706943 -0.04510611796784642
0.6577984589910542 1.601111529917421 -0.4378744860085022
-0.7350035183126308 1.852101898423328 -0.04550212216927665
0.4031497181276882 -1.854002819387699 -0.2958060572331781
1.007114823305471 0.04509916499800278 -0.07727125260567518
-1.836007677807291 0.7719053814846347 -0.04869564262784948
0.01558355935867992 -1.004480192418277 0.04972096891230643
0.5539442662015662 -1.065605176157302 0.3968712285804568
-0.03107949525299085 -1.002436849652392 -0.02847379102498344
0.529461451924328 -1.375460737767439 -0.4956112937518695
-1.436866483313464 -0.4840128108218683 0.4950708131641647
1.367754903503699 -0.9064727021791534 -0.4738936223852186
0.6401014816465064 -1.233499707515039 -0.4839146855351184
1.367738698811886 1.194727939373015 -0.3811278984618801
1.055226924434422 -1.469911947190099 0.3866013725929023
0.2840670417697333 -0.9641582978368239 0.05481898828389426
0.1672365360515611 1.85451817100739 -0.3378578442334845
1.146912670722718 -0.8054538982474989 -0.4862469191616419
1.023370530726445 -0.08987081131109081 -0.1562216164220142
0.5159510951403967 -0.9614751552520615 0.2831459635415861
0.4183613462995146 -1.741447889071427 -0.4002299689038
0.2527459326092565 1.749357215395218 -0.416710377597718
1.000615353941857 -1.347357790299387 0.462240762080623
1.057442839308407 1.087324814026099 0.4956171128671247
0.9711564550212856 1.481154165292069 0.4145101635706737
0.9547769002585339 0.5565463607677251 -0.3024053038904155
0.4442849935535056 -1.599084734893407 -0.468790556220835
-0.1298422993487137 1.031314989075312 -0.188457194488502
0.4536184025552559 -1.802411439794023 -0.3417370288454067
1.010970337806973 -1.489201115431014 -0.3934526897641797
-0.05259952852222385 1.040342399146759 0.193969388335144
0.4732053239814223 -1.675902996210184 -0.43232046248159
0.7472305559238975 1.470663399124112 -0.4723656824059201
0.4746369468441867 -1.446348372245942 -0.4955089571701325
0.7245978516593353 1.707279474494557 -0.3450441244948796
0.9021272755007274 0.4557469221385879 -0.09164471813400547
0.961043306953675 -1.622186840810526 -0.3104198756484031
0.4148688042546353 -0.9331631393427106 0.1365820272089221
1.683574056440515 -0.4859361288596739 0.426206379141103
0.5075763125821132 -1.527031452408673 -0.4835613469184594
0.9445226993154242 -1.343316047496296 -0.474752236268795
0.9352760344888775 -1.207895897195788 0.4948920593898678
0.7646995657647926 -1.323723893719448 -0.4948994455212152
1.06757649225318 -1.421459175928594 -0.409817554419647
0.785712974829568 -1.1693849782195 -0.4878710107953223
0.831479898278407 1.338036063775666 -0.4898648578605107
0.8409760358255149 1.067000744913211 -0.4755907933385319
0.6491325459645987 1.680080473478466 -0.3933528573244176
0.9016409874080108 1.475246167557761 -0.4379648124603793
0.7954022875395778 1.515300377744143 0.4478157944923257
1.515361274389081 -0.7457475943778747 0.4581031360659464
1.406717250345284 1.169706578979243 0.3697236228912813
0.7754718664836094 1.365448953835335 0.490509321820814
1.329514775683899 -1.291797929631407 -0.3455823732967598
0.8306843667796571 1.434210227416199 0.4698271785771732
0.4352541543146868 0.9539611913284599 -0.209233401238574
0.3881344229323062 1.070446474205681 -0.3410751308411655
0.7412542786427115 1.555830163647181 -0.4420079044075705
0.8199457962900287 -1.250938588345165 -0.4959235983296318
0.8937816837419255 -0.796162007188861 -0.3938840675188653
0.9161372941385073 1.204205902458586 -0.495589415778068
0.8411356205767189 -1.095937298613147 -0.4822315643625392
1.030389571298903 -1.555318062962945 -0.3332669894519499
1.301893998355973 0.887376311784419 0.489937525189738
0.4693406383532971 1.034867988059021 -0.3387859585845225
1.783654121408702 -0.179321480181008 0.3998114989787357
0.8090052553126217 -1.016250466103423 -0.45372993097926
0.4968186418119866 -0.8940148615854507 0.1418049668956448
1.652613893081824 0.09018609912192482 0.47063054479624
0.9065646377466091 0.5415646531314965 -0.2245473781192013
1.024283230427457 1.172216598977055 0.4926068238011926
0.9012996838193158 -0.5207516236768035 0.1920950915733675
0.7666740372795342 1.023760492634386 -0.4445822653550991
-0.5344863888824797 -1.802996848987716 0.3179550183300411
1.728682697254012 0.05307965460805348 -0.4386461285840693
1.724671723330646 -0.05015607800137173 -0.4409565208417732
1.724764275142699 -0.04514166631678054 0.4411247276572305
1.724764275142668 0.04514166631671038 0.44112472765725
1.543317750674411 0.6864318499062013 0.4578100066700817
0.8277096119153783 1.427323415957474 -0.4722527259574603
1.075088391896716 0.616218986237527 -0.4227544035189081
1.275844777065507 -0.8938876241257391 -0.492287120858749
-0.6018227510371738 1.323731369912577 -0.4938323252536167
0.7131662711385531 -0.7046318263082658 0.01457352306338041
-0.4314499903004485 1.730325137499874 0.4061521024467772
1.215643357993761 1.290848592756042 -0.4129346224576412
0.9128222106028187 1.294312167774839 -0.4883624124595845
1.940526511559682 -0.04407766046377352 0.2247795781479626
1.940448472267619 0.04673053644392164 0.2245663360230986
1.94059641471013 0.04515408009783899 -0.2244950862508145
1.940675109416916 -0.04264642437655002 -0.2246756541648682
0.8936276195118132 -0.4830622666605766 -0.1153651534929022
0.5328692155181595 -0.8544015235961586 0.06913900874965537
0.8648037386307791 -0.9424877985264993 -0.4448159284040835
0.7395723276251887 -0.7057692507816432 -0.1403372231954506
0.8374651268694037 1.156715398992006 -0.4906997891233145
0.6086334681584209 -0.8038727789928833 0.07835902343372812
1.556327624540726 -0.7483560527010379 -0.4401356632656361
-1.620826292377365 -1.102262143829786 -0.1818296104069977
-1.949892215335469 0.2324199956778037 -0.1741345207277153
-0.8284967143306298 0.8142428806390943 -0.3655779460156996
-0.9412471216191455 -1.116063375323962 0.4946095788266465
1.037027042884431 -0.224728403224679 -0.2346945029109883
0.8386488633413479 -0.8680196196034901 -0.4012800327972725
0.2043175443139341 -1.380753871633748 -0.4851364547427801
-1.149801166513399 1.14605086156347 -0.4795857496119158
0.8082367679355612 -0.5966026347825085 -0.04975970545670836
0.6462411089549625 -0.7661229399670848 0.004896596612964686
1.013194701026445 -0.1792907794722714 -0.1611281164999318
1.788718408543941 -0.5971708691375875 -0.3104830110522398
0.7771153270916114 -1.196083301364749 0.4904165208698307
0.9848545656990874 -0.224877286280146 -0.08899524183884609
1.567398650194284 -0.8792176331246927 0.3962355997235269
1.597525157907643 -1.180517821957915 0.09065570396719319
1.597525157907666 1.180517821957894 0.09065570396717493
-1.200991082689999 0.8443595703983591 0.4949071928909414
0.7519311448140796 -0.6677267423888219 -0.05944753012804771
1.552113754049056 -0.9654353490221371 0.370944070219652
-1.707833709354143 -0.4334064680892971 -0.4202117845480403
-1.257226355838282 -1.485416142317969 0.2145605330941135
-0.03994619204969695 -1.48369775428631 -0.495669714907248
1.505654276821122 -0.8349794291704248 0.4429830294408618
0.9360668734409234 -0.359647132008093 -0.02376785216576094
-1.724087980662587 0.9869642249163101 -0.0894619692679728
0.9622173737080262 -0.3127963229147261 -0.09722914504013096
-1.972576644023095 0.2359812990990366 -0.08974084037098377
1.374679791761662 1.398408820675762 -0.1784002559937316
-1.645117822473063 -1.111460753869891 -0.09365372714739466
0.8765542215392848 -0.489298574439005 0.04141662471786447
0.8288251370332599 -0.5650749472331947 0.03229059728671144
1.805796454440288 -0.4842700790104102 0.3294481860388859
-0.05113346651644383 -1.393716129124879 -0.4845198944291281
0.9006287470724859 -0.4423928959044389 -0.03288764881285509
0.1907495505029078 1.359185354080269 -0.4803121604360469
1.419428694707185 -0.8312110386751975 -0.4726179730322415
1.608871906644463 -1.093924565614833 -0.2162820198818054
1.792590392014168 -0.5730108295173556 0.3150099402976466
-1.691774207521414 -0.8350847813379931 -0.3093777249025847
-1.070254433709845 0.2185895807046706 0.2862801038141954
1.577316659050393 0.04504443280521403 0.4895180689173401
0.4263624005962623 1.914681008189885 0.1781338247768738
-1.397914134957781 0.6527400387377846 0.4939466853716665
1.499722963704635 1.30387147222417 -0.08751891022350571
-0.7599571171461408 1.317095518242059 -0.4952969204242614
1.132347553316081 1.601190595246788 -0.1795525129624118
-1.422834732017026 -1.347636359058852 0.1839419284040932
1.566635096622247 0.9825617385342885 0.3495424230996607
-0.7940752024426407 1.791485149096521 0.1836004842030891
1.673811464938302 0.7297832097605818 0.3723986893239551
-1.695764868921749 -0.5235648606061263 -0.4119347591771186
1.313648174430815 0.8923849425803582 -0.4876396954301743
1.385798104163604 -1.420590599247674 0.09604620778309235
1.847148396856456 -0.5750980804195605 -0.2354710870538406
1.273427630770555 1.524454342644888 0.09080978881138792
1.148099586684609 1.620980042185208 0.09065570396717267
1.390843464605656 1.418688186785916 -0.089339017027864
1.391833449148157 -1.417238967379253 -0.09059009989681359
1.018542981427629 -1.704010239932787 0.09500082439886474
0.8795826178574869 1.781052532348379 0.0909765897512536
0.7329449239307254 -1.846212527471407 0.09065570396713037
-1.36978119086814 1.237869388907637 -0.3535904116367681
0.4312553278993081 1.939001753549124 0.09065570396718008
-0.3528023911420797 1.95458945942081 0.09131396984160596
1.83084722797093 -0.612175995515702 0.244206819222249
-0.09298881837636082 1.076949096852952 0.2677610228489495
1.423602497299906 0.7876879086568976 0.4790329140065059
-1.799234318394563 0.8417035259634803 0.09065570396719119
-1.445561139866268 -1.359632430835939 0.09657990581784759
-1.860601558741332 0.6956082214274577 0.09065570396715754
-1.552748185410975 -1.234016143705266 0.09993447009686107
1.056470336131558 -1.199281965397724 -0.4858002940742199
-1.726929132233977 -0.9815420165992403 0.09065570396719395
1.390125467691109 0.8723966108910575 0.4749095719958207
-1.860601558741331 -0.6956082214274283 0.09065570396719273
-1.462826115671434 -0.3935311281099433 0.4951490892946118
-0.0379054722971914 1.985927845751642 0.09110979240535312
-0.3515295972619663 -1.931765895760903 -0.1749522586247113
-0.8081777257294606 1.812910656407466 0.09533735529684469
-1.102431262274639 -0.501071084402318 -0.4039024758997958
1.441477249643398 1.143106982339193 -0.3599817511870979
-1.147356582196 -1.438960977595672 0.3579267327515945
-1.647012653284764 0.8503996032984035 -0.34638704738526
-1.887346630885338 0.5365829999386614 -0.1762012207827685
-1.946749878779427 -0.3934683917399385 0.09178640434829433
-1.079722011139968 -1.64042154932337 -0.1733191411587609
0.08817946936322345 1.884861092482489 -0.3085232704682111
1.14710280442833 1.621150965770285 -0.09205170743794178
1.09539372155938 0.09950546254162797 0.2953311038809147
0.2755676013561006 1.967074383543359 0.09103927778724739
1.915928781574108 0.547850568394616 -0.04513635348853545
-0.507727288020355 1.920294804010403 0.09103927778705441
0.5814827517177471 1.554846300009623 -0.4677953141062394
0.1370002473044097 -1.644543037071732 -0.4724480281563371
-1.983884648336583 -0.08153084293655206 0.09384223944500787
0.8745985423885935 1.783345810143087 -0.09071198635128915
-1.808270528846206 -0.0252556320006579 -0.3874107854999127
1.758580193263863 0.3353431527555366 -0.4011771818619841
1.789271235211828 -0.3697328593960512 -0.3727127338201146
0.5798679451777513 1.622620839049146 0.4425336298603099
1.830411269054577 0.7687680767715208 0.09411871729825962
0.435360501627455 1.938792815355522 -0.0883996756894453
1.746174931667722 -0.6717489663709594 -0.3283137853211358
0.2807138964960656 1.966585826510099 -0.09010223081911804
-0.3538264237534123 -1.954613982340651 -0.09065570396754009
-1.333264771757696 -1.473354052755293 -0.08824274626396295
-0.9483263472913211 1.745705171903257 -0.08975099745582305
-1.46345896772649 0.5887914185022856 0.4893887976573761
-1.452555736659358 1.353541188142406 -0.09370907568984281
-1.911093813034705 0.5438910555354414 -0.08866118289453434
-0.9364160540452205 -1.338232425589425 -0.4771869424821889
0.5849999570469908 -1.898157548406841 -0.09092132248269753
0.1209619490029643 -1.98089846686921 -0.09641595763563303
1.729892583239071 0.9879048516722743 0.04723324968245148
1.732733874318954 0.9843839485932732 -0.04472785188261241
1.732188378028789 -0.9851227129493396 0.04511854834912762
1.732136674754354 -0.9853040177650008 -0.04495907943091004
-0.2855669495800466 -1.618973506720286 0.4739743465891968
1.500118433497222 -1.302622914183824 -0.08945517880345333
-1.211781420852518 1.573818579565593 -0.09103927778763077
-1.088281384815031 -1.662323854762018 -0.08881777949726928
-0.8061681708360058 1.815415313716251 -0.09065338220372843
-1.860108748430786 0.6946880449267364 -0.09300713914409908
-1.60251444247987 1.184395885851845 0.04520498119457424
-0.5859501475643912 -1.904601947218526 0.04520498119458502
-0.1192077153364064 -1.98912937572789 0.04520498119456851
-1.021343912744814 -1.710829131807998 0.04586955898758697
-1.228669027709173 1.181974588402868 -0.4509316636595329
-1.769333071166552 0.9165141795935113 -0.045475122972222
-1.986503008682218 0.1580123944799424 -0.04492281955997996
0.7997237026437151 0.7884830948749829 -0.323343401068368
-1.603093221252935 -1.183399556854182 -0.04565053485249152
1.554819135503563 1.247187557975755 -0.04329844154479939
1.554278600524472 -1.247061092528496 0.04511854834912365
1.554278600524495 1.247061092528475 0.04511854834910559
1.390995857232893 -0.989089699390688 -0.451162143494842
1.209740063212996 0.1091349700656768 0.4067072804224227
0.2922333854556139 -1.204860877776402 -0.4238801944671892
1.337274400996128 1.477317716593712 0.04527263319331859
1.332557197183811 -1.479443614528918 0.05050905216521792
1.895376974910013 -0.1852477142589256 0.2846177439078152
1.086208626599513 1.670656803789306 0.04511854834910334
1.086635236900665 -1.670379357652799 0.04511854834906598
0.8106043090836595 1.820298736017371 0.0454394341331844
0.8083320483320554 -1.821412264202163 0.04511854834906132
-1.639836106045078 -0.819550290134642 0.3661207797804871
1.337124351285555 1.477512032352299 -0.04511854834915768
1.337758832367957 -1.476760775260025 -0.04558117147186835
0.5096190283392951 1.926455756694453 0.04511854834911652
-0.6827078773959544 -1.424508848832096 0.4893665688361709
-0.2756950321471786 1.973370481026588 0.04577681422373437
-0.5439730714903328 -1.263148453975295 -0.4804541546339998
-1.76998395110399 0.9154780987991938 0.04511854834912185
-1.394807946486138 -1.423184502784461 0.04511854834907559
1.510112806777112 0.7712527292611165 0.4549734882795319
-1.892807611375984 0.6230751823527063 0.0451185483490882
-1.606132061486858 -1.177825660068556 0.04847311262808907
-1.770217684560228 -0.9150260574524101 0.04511854834912499
-1.892807611375983 -0.6230751823526769 0.0451185483491237
1.121655297414716 0.1947952720384059 -0.342967124563357
1.712170294649277 -0.2234730255070717 0.4403009227257778
0.04005821013207009 1.992280401858143 0.04525859385436987
-0.7351531363105002 1.8517872440044 0.0463298910489531
-1.967060250918293 -0.3167496823705409 0.04624924873022739
-1.464373243958963 0.3183613904411195 -0.4962360531020566
0.8053068355950094 1.645464266424632 0.3677129239926104
-0.3328407295180337 1.346363208843619 0.4834039954420383
1.730049504712727 -0.618977520208248 0.3624782000403309
1.085211844343233 1.670827727374383 -0.04651455181987301
-1.327319939185863 -1.214317677658584 -0.3948976906712374
0.5844025591941194 -1.898577902933995 0.0904188552877891
0.1135073412230459 -1.955098292571592 -0.1860757755945792
0.9312922765527363 -1.104766119969981 -0.4926834928046835
1.760654445788383 0.915165452697 0.09726550007886064
0.8056202336147669 1.82259201381208 -0.04517483073321513
-0.8291150017149298 -1.547514776984695 -0.4240789467145043
0.5108584031376681 1.926521234156796 -0.04373878782372605
0.2000550318942113 1.982560895562155 -0.04544134295339878
-1.019545357175013 1.712322494215762 -0.04459973742137127
-1.277326457356529 -1.529503330018058 -0.045118567364407
-0.4326269547479254 -1.945193372025577 -0.04511854834910452
-1.397969584900074 1.417865865957794 -0.05033697542699291
-1.936630724503951 0.4703805592729565 -0.04434968637828474
-0.3535282648576683 -1.95470881130284 0.09054207790786852
-0.8043729854348752 -1.814438191367433 0.09608257287688089
-1.214428653171103 -1.571521734026691 0.09220221381336718
1.665281603700015 -1.038983220039956 -0.175834503445847
-1.737733379299745 0.09278895527438902 0.4330752946371677
-0.7618335239640771 -1.088600680408333 0.4652953142559589
-0.7788114038309809 -1.327152096130802 -0.4942802741703722
1.935345578030534 -0.2138860663886001 -0.2110010602146525
0.9654719644264823 0.3099307601197005 -0.09976555348240172
1.68683510330819 1.049126318054291 -0.09026500750068116
1.686289607018025 -1.049865082410357 0.09065570396719717
1.686316845248525 -1.050135622589493 -0.09008782976711804
1.508555352177919 -0.8306034416058093 -0.4423847417710538
-1.504634865902003 1.127630969850877 -0.3167168327801115
-1.749408079940024 -0.7970427980120434 -0.2581110833359073
-1.38262196632391 0.2782299981763798 -0.4875006583598909
1.132481117877016 -0.2282638783715466 -0.3580975857965378
-1.624763304451929 0.4021541175523527 -0.4634425655223793
-0.4006114310144628 -1.50922999531429 0.491715784528699
-0.7338889188145586 -1.850911029704861 0.05054541725880566
-0.2764209058627745 -1.973489832908649 0.04500492228988379
-1.154561599173459 -1.623619789934462 0.04666505819461458
0.2626363092801248 -1.157443283026167 0.3865509135105005
1.598065692886735 1.180644287405175 -0.08883559716286815
-0.2898793011866967 1.518124339082527 -0.4934380488190263
1.375220821736297 1.400474431819327 0.1762253849631748
0.9664466639652494 -1.188378882036689 -0.4948093698745148
-0.9994826818458726 1.672464528775726 -0.2104555503506707
-1.139898037308332 -0.9004992465548239 0.4933226524593278
-0.8427314823008504 -1.463913023121579 -0.4577497420893864
0.8106452902384068 -1.59222179459265 0.403863881120868
1.715035128925315 -0.7054126327600313 0.3457065778226842
1.498704222385258 1.30371583706203 0.09065570396697985
1.498704222385234 -1.303715837062051 0.09065570396699807
-1.199650790494175 -1.03807666539049 -0.4878731614728966
1.691972763889616 0.3854223581132378 -0.4358930244459076
0.1204172937417138 1.958776411036487 0.1767585409850684
-1.273132633630007 -1.085682118182504 -0.464252104716804
0.2312457323254016 1.096742870677331 0.3215581685531392
1.044281635163965 1.588745727431133 0.2897179614699605
1.39051530797592 1.418464701312468 0.09080978881119284
1.031501647139567 -0.2899541968497877 0.249992147226446
1.086345750292366 -0.1814917649501976 -0.2973987583599482
-0.7450329109910764 -1.583752378577951 -0.4273305221368159
1.26279651847553 -1.530935821462845 0.09645256539936109
-1.110099259760171 -1.16848675313145 -0.4825681012716066
1.142612288503053 -1.625058176931452 0.09106206158320913
1.910064993955016 0.3560949745335955 -0.2183641702634651
-1.946724256362682 -0.2384004459247779 0.1791579038500423
1.01570155157278 1.707085143785799 0.09065570396717253
-1.844867585978632 -0.03774285024887971 0.3547642573207175
0.8797251766595817 -1.779368602816667 0.09500082439886008
0.7353549575276769 1.843908441927274 0.09461163660670102
0.5840808035230415 1.897440493404464 0.09429075082263316
-1.443197188028715 1.32893617120933 0.1796655568410417
1.498512140521407 1.161414467779612 -0.2986717424809997
-0.1952500340115267 1.976478304122428 0.09162801277471762
-1.88720140727132 0.5408771103647979 0.1755116365778664
-1.723528347369484 0.9846642513983048 0.09489782734660039
-1.332885641679231 -1.472822187572599 0.0906557039678282
1.007254313443182 -0.8741673773188218 -0.4676547727186153
-1.910002956192668 0.5455987878808382 0.09065570396695942
-1.646698899480813 -1.109615666380699 0.09401026824615803
1.273277581059983 1.524648658403475 -0.09065570396722644
1.275119055870218 -1.523343974732546 -0.09005172476986927
-1.7994680518508 -0.8412514846166967 0.09065570396719402
-1.910002956192613 -0.5455987878807954 0.09065570396719065
-0.3671409214717833 -1.43025960299305 -0.4953048205032779
-1.773081328345656 -0.7115562723688932 -0.2764235371327843
1.059468963133375 -0.3499920065166872 -0.3177741917104487
1.864615669292176 0.6132153173389233 0.1754916066017227
1.338511189629642 -1.005813523981282 0.464090497811781
0.1350388208641061 -1.228508657016665 -0.4215414707162002
0.1188537661535439 1.982819950114613 0.0907607160235538
-0.9933967175590879 1.046110705749344 0.4916543673878009
1.268305938131465 -0.957719444757951 0.4875057438963094
-1.642429487626731 -0.3830685389961079 -0.4587945312931017
0.9359934545922829 0.9231487955365831 -0.4608760981212751
0.6929486293874171 -1.235110507387263 0.4889084837273002
-0.861852626847337 -1.287909951691727 -0.4931712502250589
-0.6588425638949352 1.873580278064247 0.09183201321813605
1.0147047693165 1.707256067370874 -0.09205170743794704
-1.971776317538203 -0.2375284824833805 0.09175137089941297
0.08731988766629885 1.381799541604497 0.4825871333565876
0.7297186997592998 1.847948512790118 -0.08944482785947912
1.356305283347997 -0.8277199201852868 0.4873592620645346
-0.3100420999286302 -1.53306405967009 0.4913330592660103
0.58466799602193 1.899252763934942 -0.08800878494999005
0.1206933852608836 1.982535848161533 -0.09097849857146754
-0.5108926360929228 -1.919609480445512 -0.09011121696193876
-1.33604728009324 1.467503550746019 -0.09587413104534519
-1.947840688444749 0.3916619601226513 -0.08916770718928856
-1.48615781339554 0.350654694379227 0.4952234264032127
1.127968815712983 -0.5709027588046481 -0.437135743742505
1.479575470892883 -1.008621334729874 0.4009960306142237
-1.083368110962017 1.665153692079514 -0.09010185959064966
-1.214398488348245 -1.572260805864692 -0.09022468533225331
-0.1329407015421595 1.612481765310125 -0.4813692696619429
-1.295366433581279 -0.8179309586467524 -0.4949652603876545
1.443285269408147 0.2997283364345488 0.4953015600556372
-1.620998093401446 -0.564207960224586 -0.4457810306643331
0.6282299754851252 1.307080082395028 0.4934939951095987
-0.5375755271141357 1.596262857679453 0.4597450771931176
1.620452710807613 0.3388279362690863 -0.47034437026293
-1.065246339013845 0.5656945270325746 0.4008327349956479
1.796183495150612 0.1038930838154278 -0.394661906710907
-1.938294123637101 -0.04309157775484947 0.2280239255042103
-1.212240356568374 0.9118250023810449 -0.4955911696686974
-0.6793508276697655 1.530592476769359 0.4635632987547034
-0.8226503098038412 1.465700197744934 0.4610879287584067
0.09979844163848317 1.664042759548858 -0.4663796536052171
0.2425081316160766 -1.463721036079451 -0.495861273578327
-0.3934857790529173 1.659903750009194 0.4502581946217438
1.177750727293802 0.9862317143911824 0.4946236598675667
-1.797477971391287 0.8429667726854273 -0.09417076560007138
-1.373250917575761 0.1869720997587228 -0.4828443765353325
0.5384819859228557 1.067463594963646 -0.3927144124122351
1.90109062562003 0.09596750930521331 -0.2875174513643531
-1.200138014435037 -0.8510684202337583 0.4954792449675733
0.9638652305325101 0.3163472949667288 0.1029766862384672
-1.716342542244456 0.004528230957852708 0.4455795473471988
1.318993599567129 -1.421597976813253 0.2280527615215972
0.9063199718059877 -1.471872430685452 0.4394100393738163
1.442807386797274 -0.5134221565263221 -0.4946269874751696
-1.65567140324376 1.011319403089002 0.2263124531519277
-0.5149230719954646 -1.527117857815943 -0.483793304368501
1.579523218348792 -1.165816359284359 -0.1749815965815844
-0.1354306991064802 1.777301013667014 -0.4066858704412608
1.470851307663584 0.5288509414425824 -0.4918551302920486
1.590524298852317 -0.7039507885917854 0.4336190954793012
1.869455880932173 0.3209407064268797 -0.2959491666384104
-1.984724369092538 -0.08477808011156739 -0.08916934918687421
-1.446598355326086 -1.362864309522681 -0.08671600482160646
1.624590857343907 -0.3507909737725032 0.4682628150242303
-1.2123208973872 -1.277623799245647 0.4200893899649868
-1.255132016559737 -0.408700098474909 -0.4629509454587036
-1.095499258733564 -1.384749824244723 0.4177820661934064
-0.6655666401340166 1.666187581845935 0.398676661345641
0.7519774348345075 -1.466664911137802 0.4728150992092026
1.67365680956956 -0.5735095162363028 0.4155249461413459
-0.2430356014767065 1.09206892444296 -0.3199799776326298
1.000731036435369 1.066903525013701 -0.4947661928649555
-1.612314689522776 -0.1086804456504339 0.4820536610261163
-0.5869025483580314 -1.573224691642126 -0.4621978796879422
0.1073995030546815 1.537394686748919 0.4939839102058121
1.7479854565547 0.6023225399602984 -0.3511336176145518
-0.02714595672389666 1.172564892078911 -0.3764308772405825
-1.695376072235496 0.6514765050275793 0.3806342867384767
-0.1765499964915049 -1.676151283694809 -0.4594852468901154
1.149680211740151 -1.593663774779008 -0.1708940340922569
-1.21241986832525 1.428681435233538 -0.3250037496693644
0.1567197505753718 -1.865924877762186 -0.3254071867237895
-1.119977382758527 0.7817060128647039 -0.4774036537939448
1.59818460072416 -1.180182927042691 -0.08957500071471608
1.887145424700409 0.6210300468463951 0.08958858907103373
-0.1361857824844126 1.846937480838424 -0.3481813975587584
1.79203131579056 0.08896991318325302 0.3979445876162587
1.788896596685918 -0.09509110213161986 -0.4007821874550528
-1.23524602422783 0.5139148844340169 -0.4689127729294043
1.554859101836054 -1.246636962249797 -0.04444625037850809
-1.584521524511363 0.8212154851739769 -0.405126861835533
1.584346019414015 -0.4467741616711563 -0.4733873991930002
0.5376976272564836 1.320156356230558 0.4906848359192712
0.3075076258799734 -1.815101499537143 0.358234984677305
-1.515669256638739 0.9630386374108973 -0.3970643231147322
-1.335037117739944 -0.364909497890412 -0.4824544460917559
1.851804004736994 0.05081342920737385 -0.3473255719539346
-0.6579982451752513 -1.872662752567252 0.0957503984533908
-0.197539366365383 -1.976688976455931 0.09020990348445242
-1.087813898850468 -1.661363484132941 0.09253461718220164
-1.563460655576834 -0.4234364942289583 -0.4808980068056848
0.349528696800108 1.912136796473403 0.2193755543641707
-1.910331626708722 -0.02213128564708469 -0.2783691325522477
1.897893395785486 -0.08758144850679812 -0.2915079077648488
1.900708925928811 0.0905587833104643 0.2883927829688084
0.9691010869345118 1.60716977936246 0.3214054889487143
-1.347536678755847 -1.080667008439218 0.4403329516538425
1.849008217873847 -0.04430517423788763 0.3507040562278134
-1.531012678168232 0.1755086233490546 -0.4940486592039412
0.9740552300539397 -1.511281082378703 0.3957387131174989
-0.8183934794717224 -1.774036096036049 -0.1982118268953511
0.1950142961139119 1.158299606922255 0.3757758991184005
-1.689348672033862 -0.411464921357771 0.4343012836320939
-1.445692152413529 1.101095848331826 -0.3802002695431692
0.38771820206069 -1.113485370837365 -0.3820696359005384
-1.078309803832393 -0.2893188386863262 -0.3168104424525273
0.7963620311130296 -1.405359296160493 -0.4823125953616123
-1.117169857628523 -1.077813522207113 -0.4930082726432776
-1.665527601315111 -0.1087933292293063 -0.4656254739246132
1.68324717531983 0.6512725123695514 -0.3907334822385587
-0.7569689773473556 -1.169666429405054 0.4855770211970729
-1.702590146535872 0.4353628033061962 -0.4227934976664147
-1.773140851947221 0.6681392263138987 -0.298477672317211
-0.6213338547103738 1.222356377125137 0.4797714361832672
-0.9439527715928416 -0.6273741165353277 0.3360209343548946
-1.358955355985733 -0.9570959093493059 -0.468554824334914
0.7604901450129274 -0.8687660329816471 -0.3578768672998223
-1.634118256875404 -0.02082500132263515 0.4769555135434628
-1.271991878990186 1.109131313535653 0.4582365900364123
-1.84881723964793 -0.2545976237317908 -0.3329217182581188
-1.466659293968024 -0.646418737525721 -0.4849764866345829
1.4524067469011 1.060155417808882 -0.3955604726224186
0.6047906869633314 1.278949193423745 -0.4883800319973262
0.824503222490017 -1.511675271980597 0.4428566757939332
1.678759529758746 -0.6759471313787659 -0.3865386445827773
1.545123914526484 -0.3717060953136042 -0.4872523300769216
0.608750043867022 0.8147588808173798 0.1163776560258183
0.8461854991089744 1.574341532429899 0.4035984619437139
0.5031653067745536 1.403082668064236 0.4958866457879412
1.148210484231339 0.05458271651311079 0.3533405273889204
0.1242504917136169 1.687800194604449 0.456573801910438
-0.8644699243983779 -1.375498358692138 0.4796663243465132
-1.553378696365295 -1.066193696856664 0.3130515324326123
-0.3683804002819355 1.469862080097388 -0.4955423991250103
1.701387641404759 -0.3119939131433256 0.4386659718427017
0.3775765788213219 1.500675565625936 0.4933706889888853
1.065869951522332 0.3796918410741197 0.3343710580349357
0.4299933342394737 -1.938949765766897 0.0914728294791765
-0.446974868611189 1.589333101682884 0.4719990074677745
1.179425136073232 -0.3272473207514044 0.4134467395847276
-1.531823369926789 -1.229120596622759 -0.1733355085726535
-1.960539502657896 0.07734113390637375 -0.1763643771490669
-0.2957975050276185 1.268341443957846 0.4550242230995654
0.5100785568557205 -1.926402608864643 0.04488169966972006
0.2880405294295132 -1.632589822155738 -0.4697051743788234
1.866873919596211 0.6977588281265333 0.04408646690185045
0.9868968359190732 1.340201920006991 -0.4676460047312594
1.599808147987283 -0.6147070710152271 0.4469788383682475
-1.535972857651509 -0.705558573264074 0.4575345491075873
-0.3583406887867341 -1.519305284582388 -0.4920788737371837
1.098472903501524 -1.127694783531977 0.4902080215602799
-0.7641248348769465 1.579479394661946 -0.4247861342756914
0.0450324245612622 -1.551706141892332 0.4933603106071427
1.816430838611035 0.3737485059925456 -0.3460523962586524
1.631190930884177 0.6645411786216684 0.4194189195711258
1.641878437938249 0.4266588996802045 0.4546827164940864
-0.8942080051990682 -0.6325858750992197 -0.2891682819425871
-1.271494230997178 -0.2269857662394993 -0.4505252153965398
-0.7331819142199333 1.458173666201831 0.4778586905022085
-1.051953441011791 0.4853596808622096 0.3614478078187284
1.275306122066809 -0.867050030623961 0.4940790388262998
0.02319901057248911 1.617128425016435 -0.4818072829269353
-0.03865484308132047 1.471230279282272 0.4955450362569733
-0.7703454305105352 -1.415809100443269 -0.4829535125554556
-1.123672939309292 -1.302293446095637 0.4440789858442433
-0.6725628360972068 -1.539040310001801 -0.4619540541357671
-0.7567988996949467 -0.7027365633202759 -0.1735874276005552
1.167552453821919 0.8878123851732331 -0.4956794312112573
-0.4514334774097861 1.601630336174221 -0.4676211688241669
-1.234715591213592 -1.340094380024133 -0.3760986465063295
1.183856197546119 1.54065617517155 -0.2206578802535903
-0.463662297268603 1.092400431714439 0.3881739654918605
-0.4598596827549753 -1.301754848729073 -0.4817022526210275
-1.892691259185609 -0.2966336595495607 -0.2686211754014205
1.161832768535482 -1.26394114133293 0.4455221824257118
-1.515364123630349 0.8767947371143824 -0.4273869370988566
-1.506770000299379 0.4377327629949609 0.490634854564016
1.851570247488287 0.04382824686654219 0.3481296537861043
1.848528080195665 -0.04493502413024859 -0.3511354604403765
-0.3647343358929809 1.137345463820354 -0.3902694400390183
1.151615804294228 -1.619381342361206 -0.08819138591956133
-0.6777980071721516 -1.791618609762686 -0.2692199626779377
0.5332334567586354 1.144518852791299 -0.4359042417465609
0.2753098496103686 1.942747766989788 0.1773995557236609
-1.287763585409821 -0.908732784731288 -0.4896606603663964
1.075512223188624 1.239901634039943 0.4754058898890197
1.328330285224088 1.188544204775105 0.4069786214989156
1.018010775454562 -1.70603987054045 -0.08925798823963459
1.649358584647181 -0.7491883463646444 0.3853935810347529
-1.802279213688653 -0.1150935932286423 -0.3892525543755181
0.0170597606783644 1.544963031014355 0.4936209563608637
1.686080378093319 -0.9668151331856301 -0.2194256868267735
-1.856421176042785 -0.1603832752494231 -0.336255036143236
-1.375199693332045 1.156367387659357 -0.3966127111784286
-1.13017207175021 0.8729119795441186 -0.4905190977033684
1.258845473416056 1.505389656073406 0.1769378709814017
-0.4355136577758402 1.213948595768098 0.4501080894337299
0.3394869922886277 -1.568103197259164 0.4844952885257878
-0.2621787496000543 -1.641056471323215 -0.4685462629931283
-0.9501871639507243 -1.745641822091991 -0.08623356382098528
-1.993073482457678 0.00023296259743071 -0.04385159189403201
-1.503981482374711 -1.307923264251436 -0.04359182592205052
1.395270145065041 0.4875839537865388 -0.4958830169763495
1.008712944181642 0.4377590805502176 0.2956228391801765
1.523735383091175 1.007431054006234 -0.3722833096256877
1.323327609127808 1.323696509868594 0.3268407335968077
-1.890387895234132 0.4670917738725038 0.21370329605954
1.353927777201812 0.3200225511338751 0.4838662502170153
1.554521976482196 -0.301827766535522 0.4887771439542692
-1.323388993451535 -1.167074685483018 0.4180966830618769
-1.578079214796007 -0.8328204572119745 -0.4062880922600174
-1.454545718063692 1.351020100917508 0.09458849860784542
1.532187303160129 -0.5193129104565001 -0.4815342174280883
1.185738550694793 -1.450159936963882 -0.3267705611603533
1.256250658352925 1.5064380047208 -0.1782756230782778
1.646053615138713 -0.174518455430873 0.4705341284709927
1.634825159428555 -0.7472263493671162 -0.3963453648652611
0.4186323684995146 1.828529531800967 0.3238506754178745
0.9324748601009487 1.55517612851814 0.3834377978842889
1.144429257566767 1.07242186116348 0.4907641911594393
-0.6077544374794478 -1.404316893140894 -0.4948676663878537
1.013123917185908 0.1784704464602646 0.1591636910630683
-1.128040238558941 0.2083781446286373 -0.3507826622614897
-1.601563596815533 0.9436805597853125 0.3415225425153794
-0.629971753150161 -1.59049144527736 0.4484469966296718
-1.554098101783942 -0.5144175229406073 -0.476161531547838
-0.7077510156433845 1.809753398685223 0.2204688826513954
1.194796731248869 0.5354314847304006 -0.4589550996558452
-1.647888584930493 -0.791084579849877 -0.3713294289044788
1.206313875436315 1.28670886125404 0.4194837167909431
-1.710465392125341 -0.3230947450945779 0.433204271329778
-0.2392495369980369 1.847810167759312 0.335426456155031
0.7186463416522627 1.663274958067974 0.3851526629620914
-1.063993661283465 -0.5333327448425852 0.3898545155876971
1.41446305322431 -1.329624871873768 -0.2222086644581871
0.3169728217261519 -1.860669722606836 -0.3084952564257937
1.978680597438667 0.240281896447152 0.0433058935945316
1.97902920281535 -0.2383159647577187 -0.04291047559609316
1.978680597438672 -0.2402818964474037 0.04330589359439661
-1.985369245702178 0.07889989587610007 -0.08877441145401187
-1.550247936229133 -1.24254395506046 -0.08924236077454194
0.1427444789406075 1.453560880859476 0.4942529046865003
0.8748640280918153 -1.625249527690716 0.3549466894530335
-1.733408364756164 -0.1592821097321417 -0.4327447528407541
1.095868321002989 -0.8798972630384077 -0.486965359136609
1.089199069811271 1.386425539678853 0.419568949899675
0.2862063256124931 -1.705377026738936 -0.4411501398071835
1.789469286176152 -0.08944684055466773 0.4005189900579484
-1.849486949810999 -0.6092252000862526 0.2129301973065083
1.317247569363825 -0.3624771256970202 -0.4789218077067794
1.303933755734504 1.439022012559471 -0.2217997064260767
0.1719553646574662 1.754361237526413 0.4192847703819787
1.282724251391741 1.124898593009127 0.4503207356985577
0.199080311526458 1.934404881307773 0.2178602250671119
1.93670408914815 0.3103271134414325 0.1775792569190745
-0.8372073921650224 1.609786589849582 -0.3824911602131507
1.090869324120882 -1.611407538469685 -0.2148665676624059
1.664185272274364 0.5766864061886708 0.4195551346712372
0.721006678096244 0.8969413458708603 0.3529048895491462
1.652832430864686 -0.0860617358669221 0.4706504423232329
1.092483406978065 -0.08804686565018983 0.2900087189497533
1.738454244215814 -0.908424657993669 -0.1772769048837079
-1.638740584934022 0.9318067414474531 -0.3109069494766756
0.1165356122399418 -1.38629342205403 -0.4845372993073583
-0.2442102014837223 1.208335029246044 -0.4182441380432556
-0.2096139495729983 1.474627680160024 -0.4958858043793661
1.261263067572558 -1.413106670684148 -0.3016860818397649
0.5780220911486823 1.729769208220458 -0.3738992599761577
1.361507380843765 0.1721055925064441 0.479713119905925
0.5760239274673777 -1.08622278300006 -0.4174006282244511
0.1421212500771498 -1.971576331277785 0.1385166804079604
0.3865007015792967 -0.9331040210946594 -0.09035703967817883
-1.449129036848467 0.1355923635693378 -0.4937334286813802
-1.565394700521046 0.6973374539411675 0.4468114768122606
-1.215812692572865 -1.418866606922192 -0.3299144949827286
-1.616732353356671 -0.6778612854509657 0.4255964243661741
-1.986693877023229 0.1624052225912965 0.04290330947080651
0.9794858990872939 1.431848567608105 -0.4348605366351048
0.8551328385046461 0.8600605391061665 0.4079542170001791
-0.270281611705167 1.94284107683657 -0.1788923195368295
0.9240596621413895 1.020712975265143 -0.480474646475584
1.203442899736798 -0.09648916553981009 0.4012826470125741
-1.351336338091474 -1.043750022190125 -0.4498818758793299
-0.721460663269319 -0.7111899068879218 -0.1028583581870928
-1.735684962499577 -0.7049385082520928 0.3245616548097265
-0.9568083982979995 1.738974674170287 0.09523771318240391
-1.089984475129234 1.660605081242999 0.09176740455258159
0.724160363181315 -1.01569760487213 -0.4282362650589764
1.307397757402005 1.440262760529089 0.2168163115153143
1.207587994117571 0.5019232952997993 0.4587057950275972
-0.6199438635045423 -1.762800774676166 -0.3307658031011655
-1.553937412685465 1.237374597091396 0.09158938863058645
1.884450714630176 -0.6255416598818723 -0.09175905471551354
0.8679086905882575 0.8089367392791442 -0.3857952431020901
-1.878777127270807 0.3039137753156664 -0.2872359353366139
1.812973774970406 0.4646895979097461 -0.3271301832449386
-0.8389480939088253 1.746188113062242 0.2318179725578262
-0.8020607947943517 -1.312555314445522 0.4943422797047893
-1.590459356131563 0.4634134197364303 0.470310798031313
-1.566904766212801 1.071185969763951 -0.2940703927697546
0.6701237854962786 1.607360524266316 0.4325611508789058
-1.474030988255298 -0.5551881120795134 -0.4903309470392932
-1.890872969757063 -0.08674658870081424 0.3014338666940694
-1.475051346401637 0.4128245815289907 -0.4947811572410006
0.5870935106311777 1.749132300740811 0.3557565075445366
0.2783353098666916 -1.966931343710559 -0.09005269846465241
1.86799586430865 0.6408467421883853 -0.1441754482709943
1.344549926877553 -0.09710855090792891 0.4725450741951133
0.4312202771298368 -1.940281301172614 -0.08602325678996763
0.8677729976755552 0.7882717232970767 0.3751943105362456
-1.912152195754202 -0.543268541817589 -0.08466874449843788
1.191153007480127 -1.457387426924691 0.3153005585285884
0.3538957556872744 -1.579716849997662 -0.4803602737121263
1.589234761337761 0.3514291864183969 0.4785931792033167
-0.05558538023208834 1.657886721909566 -0.4692964060074949
-1.013821596260091 -1.667179585651669 -0.2057271535726264
1.603655060133195 1.102666702720826 0.2148045241025112
-1.285922148961108 1.373162517794561 -0.3159641990839572
-0.7197270952579083 1.223915224161133 0.4897761405252226
-0.4493754807134949 1.513417738815641 -0.4890280966304973
0.7640406429205678 1.784589100189338 -0.2226686851482813
1.188859195173098 1.539734511464641 0.2168117329200395
1.584621973507039 0.05038161760059532 -0.4880193249917077
-1.666347986273103 -0.7345873955797058 0.3770630681391142
1.090374899430332 -1.21790148906119 0.4765506184644169
1.189301087544844 0.3596306758849784 0.4236898380969669
0.9686053963942024 -0.8629810054564734 0.453239433646104
-1.712582428930358 -0.9611277743506221 0.1742385931104975
-0.9891193593878137 -1.612449864379839 0.3030428940551758
1.963836901426494 0.3142070273071846 -0.08155582014321233
0.1749821698150228 -1.170715419802618 0.383700063335006
1.798675111234864 0.7661494575581077 -0.1981036415618561
1.483473479960891 1.223890741157856 -0.2594518535253611
-1.113381972155013 0.05675590332061444 -0.3160737893438875
0.7401260921955677 -1.476340527255675 -0.4717540990686256
0.881362399764977 -0.9816151088181413 0.4632855030809876
-1.135586455712373 -0.9832962667854832 0.4960002732113136
-0.05804223245181609 1.741399531969386 -0.4316124550183698
0.9060565164500224 0.8967985599809628 0.4438839214761947
0.424838710658566 0.9179979642719199 0.0878478780866469
0.4127047542854255 1.416455169746494 0.4955283058911668
-0.6455429665146393 1.852971940056015 0.177707875914334
0.9202096987970242 -0.7147627667362446 0.3662416184011638
1.088517850481297 -1.669611530543959 -0.04372083262156041
-1.666069681127062 -0.7031361637242485 -0.3876728245986252
-0.7709486178196913 1.033959660974066 0.4509162380420143
-0.01889056319479158 -1.690567210557282 0.4577304513327484
0.4819374686362421 1.839256627215629 0.2903017478856567
-1.940781680495216 0.0305709970092304 0.2239484831541046
0.5615296828139041 -1.017727891260058 -0.3659054090821366
-0.03494051954795872 1.962225853917388 0.1768594906161919
1.657092651205206 0.8924979312444706 -0.315809940509931
0.3784916867288607 -1.223009304032714 0.443789298665102
0.432554765174424 -1.157992643850114 -0.4217328722393634
1.135902567846782 1.60095204084361 0.1758021990991292
1.359746843416757 -1.140803117094754 -0.4116685256049171
-1.608467475084134 -0.6543979219928709 -0.4351977374911188
-0.7093477327239736 -1.338111828001501 0.4958701970164711
-1.534195789179356 -0.6958381101550998 -0.4602237779699134
-1.261787670264003 0.5914117244416143 -0.4855150396774273
1.4942028377742 -0.1701442524572215 0.4959226357669826
-1.764677364248778 0.36993463083558 -0.3912678607480118
-1.545702792125735 1.005651178306265 0.3568571695850771
1.181044527545473 0.1630840663292529 -0.38995901266926
-0.1470284120394741 1.843486810516937 0.3492207649843198
1.145984146062117 -0.4277510762611964 -0.4113233357060608
-0.8801901576838801 -1.788583095965223 -0.04252190229156239
-1.886846683635161 0.3107495254133628 0.2742925549394167
1.287677334765855 1.267766485094512 0.3884896147957885
-1.863197467722751 0.2366365690072444 -0.3205852642885044
0.2448075023267985 -1.961163198869502 0.1395706545993478
-0.5251006427780046 1.730018072259387 0.3874458833206445
1.919064389560751 -0.536207212380614 0.04541876359713238
-1.642783376426495 1.121062956930398 -0.08183052241893556
-1.554622158913522 1.240756742212131 -0.08121577638603465
1.565202081032485 -0.2140761358301457 0.4894135065179555
-1.576554589169012 0.9888665236195416 -0.3393241499428243
1.349084077531221 0.09141388812322443 0.4746703560453862
0.3327572525800948 1.546718142115243 -0.4880763797543164
-0.6003397256370375 -1.667889772397901 0.413691909690925
1.328372676303382 -1.091769277839007 0.4442444498723561
1.04133222437063 1.321499915666859 0.4605462531129136
1.635939933557107 -0.8352233561050015 0.3631301919040632
-1.11222596076928 0.2969733868817848 -0.3550995506847981
1.013396334287453 0.1760585258880548 -0.1581274547262776
-1.335823297422748 0.04509635889868477 0.4693872194442036
-0.1176801783394443 -1.944466168631999 0.2115424544086351
0.9566396580609986 -0.5809924374597352 0.3213358336045932
0.2379790583384613 1.88026641521467 -0.2988783312484322
-0.5188509282665218 1.841070563792691 -0.2734195232088319
-0.3696169094255413 1.859895152171044 -0.2972169249634146
-0.4330318142771948 -1.564830616591473 -0.4806044669597397
-0.9910460666809463 0.4897323961544794 0.3056392939493573
1.420202411925008 1.332920379075649 0.212564431229959
-0.5777370900334201 1.666526440765276 0.4192980452209542
-1.92618236390175 0.3212702188564618 0.201400133539018
-1.508249737604103 1.301757577284715 0.0463844074360121
-1.415767899641843 -1.0837423150384 -0.4070079796474115
-1.581022216825387 -0.9889149125263833 0.335415798309083
1.865036536131463 -0.7046476778182011 -0.04135016986555475
-1.199014640444889 -0.2748205764744108 -0.4176417242988799
-1.939776542725752 -0.1510114956708131 -0.2155297603307926
0.9090360877362361 0.6492666970379674 0.3188639598865584
-0.4476777312063601 -1.048369524620528 0.3438560155225831
-1.189746385153972 -0.367334139215691 -0.4266770482944164
1.395574085116975 1.296572430951434 0.2851799322289983
1.961436351263588 0.3177474214087677 0.088843049212601
1.961784956640268 -0.3157814897193341 -0.08844763121417275
1.961436351263593 -0.3177474214090196 0.08884304921246622
-0.8082263129361417 -1.788481825418599 0.1788617731884712
1.724203639076236 0.764398632300504 -0.3119261719101292
1.197030953999884 1.141699509624626 0.4713252732407195
0.7747354789976763 -1.731470688435414 0.2972130062824054
-1.923069666729549 0.3074858689993896 -0.2126109591782512
-1.299347746227812 1.188690012314966 0.4208502481232292
0.5823865681674162 1.877796073296469 -0.1692954224811674
-1.33374483616075 1.039097581360682 0.4569655248513668
0.2596617996277774 -1.603255080745283 0.4796870587160358
0.2497069233841162 -1.692313395939422 0.4473194327784797
-1.416578735605064 1.053438546286097 0.4184176348191594
-1.732508275830515 -0.973698732086613 -0.08616031052983948
-1.556036067949305 0.455598748551697 -0.4801709497620459
1.632028248342714 0.9570077289067487 0.3033720153070774
0.04458669046947266 1.944534870945763 0.2170061170267231
1.884805300558974 -0.4850465608649726 0.2157637045817903
1.214310151661517 -0.5636238608221408 0.47010402506631
1.499707323329114 0.08190606737587278 0.4958386244487605
-1.311253369825189 -1.294392546406115 -0.3575577276475794
-0.1652948520150208 -1.157023801926477 -0.3718650414640696
-1.17353437237097 -0.7612740946547535 0.4864066927699351
0.0177535933576794 1.782770492979536 -0.4057974520492966
1.463432621010829 -1.090574361908528 0.3736354415371863
-1.311921021432973 -0.2412981180681752 0.4694455185358379
-1.106669029044448 -1.538981114169109 -0.2980995998552234
0.2936487854068057 -0.9906232882615041 -0.1772240570147289
-0.333017767764234 -1.688534246726875 -0.4434842789937484
-1.967789986343657 0.3195826847226793 0.0419510516798294
-1.637775330021812 -1.038556213700077 -0.2280045348380698
0.8237729175250831 -1.671192930949511 -0.3366157084228568
-0.2785744566902116 -1.880884690226659 0.2901425973785756
-0.4804748475084377 -1.167290639672773 0.4364432543823797
-1.271474660901354 -0.8595659036339486 0.4962017694416755
-1.293171107208755 0.2307284954588932 0.4610407014823675
-0.2005342450666816 -1.951751778209195 -0.1778797897559727
0.6196611786346276 -1.613905586589736 -0.4402390969943795
-0.1575619181783295 -1.281250799277221 -0.4514893589646169
-1.434242637907063 -0.9161123648530928 -0.4527071918359526
1.835880968728193 0.7676665695685605 -0.07585493332871811
0.7080118905310754 -0.9835533378308178 0.4046563656052711
-1.546205753442131 0.6112189781282551 0.4685134686199406
1.578769105291303 -1.168529183287725 0.1737784379578395
-0.6842588750307451 -1.454698785730235 -0.4839062491795247
-0.1095939949487644 -1.226649192311472 -0.4173177623379096
0.2469107846285502 1.079996918281907 -0.3039890499186657
-0.635034168764546 1.868332447654608 -0.1488493796234873
1.763195162544622 -0.3551342514778042 0.3952638909806976
0.7455136337286278 0.8190298840348024 0.3068907419161513
0.5890191562718273 -1.744303948787674 -0.3584707608561923
-0.2968755710828755 1.256698041902883 -0.4517743575156277
0.7342638234669229 -0.8616067196059357 0.3330302713197533
0.5168946452338806 1.717538957915249 -0.3992247040816149
0.03434580559521375 1.357408277563745 -0.4759848876549615
-0.9638306918620573 1.650523021752274 -0.2774519648602763
0.6720002089846325 -1.735751823361775 -0.3385193365061882
-1.756933365155881 0.6680293300850462 0.3183462190691184
1.324829393287823 -0.4379739927213046 -0.4847238816282641
-0.06672248511575943 -1.814695021028586 0.3820719694176913
1.600602291753045 0.8728328673905725 -0.3756897642957722
-0.9080109744796935 1.25013689363449 0.4944153743233695
-1.371938106732372 -0.1930269975249558 0.4824435306334089
-1.797488207690079 -0.7559764081497398 0.2078607330093133
1.09258257646123 0.08817764422446085 -0.2911395135116804
0.7458719103275344 -0.8064771522612685 -0.2930556809027648
1.334105772130992 0.2648027591394402 -0.4762616951944991
-1.521988625087798 -0.7863122292485748 -0.4476575284329584
0.2863211443400049 -1.816168649812361 -0.3623680063441464
-0.7146473842601129 1.601402080706364 0.4259672052002499
-1.664937181787723 -1.002127585524339 0.220180152112842
-0.2358747324541518 1.971844576047164 -0.09211673265119802
-0.03162945743744933 -1.227315497658013 -0.4146157805154531
0.119248833489612 -1.986690607284187 0.07329246176629947
0.8879839712364376 -1.617866412345961 -0.3543897405073527
0.9564572185913773 -1.584111656771913 0.3502681578697813
1.819723909844726 0.4542302332217458 0.3237029765842348
0.2990211471883186 -1.345226823643709 0.4822329927020692
0.6029475726726461 -1.806358510488636 0.2871745484671024
-1.862687381337881 0.1050338517782422 -0.3332171066904674
1.735028316886837 0.5478046007308083 0.3799988540902235
1.196446653326668 0.09153861442965179 -0.3968458817659031
1.577535196833223 -0.04092006955014196 0.4895379664443524
-0.6633575775497637 -1.876494081990547 -0.07414006445192228
0.8487659638742685 -1.782890043445098 -0.1444898676813395
1.267256923265328 -1.352642178544347 -0.3463926873473465
1.610665024022472 -1.096982746067481 0.2108483842458996
-1.984263233583961 0.08049699341622972 0.0912434267466289
-1.890964777274941 0.458616035426513 -0.2152889822770345
-0.2180389819040653 -1.858389604123766 -0.3279300922581731
0.798874860398313 1.660848649970458 -0.3566453163895526
-0.4278733570185185 -1.90763925107095 0.1992236270823319
1.647354867291625 0.9631847961135495 -0.2805824361257067
0.9829823417548696 0.342184270003413 0.1923085196913787
0.886773027129052 1.551124269761344 -0.4051573321194274
-0.5149342370481539 1.921916071425794 -0.0777330462440146
0.3372409844857999 -1.748538195870628 -0.408171747209924
-1.68267190679655 0.5691821043378057 0.4111106944860759
1.945450329215602 0.2974885729695774 -0.1619280794609392
1.184950052946962 1.441356957017821 -0.3335678936139213
-0.6596339694026789 1.876955942703717 -0.07764674237989148
1.375585696119727 -1.212842893065062 0.3657869794563053
-1.139760391025947 -0.2338537448745502 -0.3658613079386491
-0.2894443230901039 1.973119143929348 -0.03899429900719708
1.333147451587812 -1.06118032589605 -0.4526326020001055
0.1234916910013531 1.81284170131913 0.3826357171254677
1.992485877254164 0.09106009379683976 0.03765912486999468
1.992485877254238 -0.0910600937965847 -0.03765912486974066
1.992482150099166 0.09095069706850023 -0.03770222656430261
1.992482150099236 -0.09095069706824782 0.03770222656406227
-1.056329216144431 0.3123616656681057 0.2984166247126279
1.113629429852342 -1.500981387455224 0.3310864368662783
0.8736925061141769 1.760097552988849 0.1726620772193572
0.8785000904368975 -1.78547525656736 -0.07550272921405099
0.7354652634778894 -1.84908789349258 -0.07538477390938148
-1.026167471286106 1.707781999372649 0.0462302489345123
0.2965152824961692 -1.143000020189965 -0.383398534986759
-1.97537216272156 -0.24303428840884 -0.07480816217503762
1.986436070626893 0.03809331581569672 0.08916195726581926
1.986436070626967 -0.03809331581544159 -0.08916195726556551
-1.839113162224022 0.6891279956439922 0.1741034146159973
-0.8021439942191654 1.601896010577362 0.4003065916036801
-1.412886242874131 -0.3303319020751326 0.4951821488632596
0.1020087412176611 -1.166525489512333 -0.3742380693007503
-1.215854712081524 0.361538254425418 -0.4405513047844254
-0.9147040492168604 -0.5577136734797735 -0.2529193301218983
1.986432343471894 0.03798391908735719 -0.08920505896012747
1.986432343471965 -0.03798391908710472 0.08920505895988684
-0.1353428798457268 -1.889487635944746 -0.2987339482343076
1.166681432530107 -1.502752189696197 -0.2893393914167832
-1.739961901648108 0.507512843011913 0.3841783674398107
1.168419415562889 1.367248621755844 0.3949350424304923
1.875593160969293 -0.561951369120851 0.1890728038923395
-1.809315147796391 0.2293422665045705 -0.376881147395411
-1.840230612007482 -0.7173439913406371 -0.1434522995376537
0.3985630820744867 1.778485718795013 0.377466214898467
1.675132356938413 0.7372559929973805 -0.369375995711152
1.421888242629989 1.334456902374803 -0.2072090963825039
0.111279602975957 1.400711517119182 -0.4874850496727617
-0.2839927314850658 -1.881705373263869 -0.2887442956929954
0.926673487028456 0.751123497522876 -0.3907457301031674
-0.7511078262626606 1.724195352592612 -0.316844296419457
0.985963153720812 0.3331785690870129 -0.1906455555294628
-0.1250149632334473 -1.938625659139067 -0.2211821561860938
1.66722109459343 -1.039482166588801 0.172844198604381
-0.1684700149714971 1.215233887318921 -0.4141901687459961
1.690688381791205 0.9709499902425666 -0.2088260236560612
1.438310775876219 1.22180478038149 0.3095738148203449
-1.229440419554119 -0.7175013883879626 0.4895934530476657
1.875701269817727 -0.4939363313102416 -0.2277474231388397
0.8629677105689696 -1.761807751917343 0.1796795476154397
1.914982059176261 -0.4402096131689612 0.1733063612798302
-1.800073074057536 -0.2184373375804737 0.3845955987714543
0.6594091590277423 0.7611555475714411 0.07072122520905975
0.3549180049262539 -1.962103378353654 -0.04052113462067485
-1.445422022681068 -0.8278913678997114 -0.4675556185828058
-0.2768159112599616 -1.925929524154977 -0.2162457852390088
0.2746820236187599 -1.971016161336284 0.07434643595768686
1.201609377545939 -1.53089396629462 -0.2151977495847023
-1.607851835586021 0.5483932147205931 0.4539616196592606
-0.3534499696257538 -1.93292841007093 0.1723078286226885
-1.938493677806419 -0.4684060150968157 -0.03913158888000231
-0.7806185192642437 -1.815701218846016 -0.1390171008100856
1.499757137848965 -0.08544490574116857 0.4959307818411393
-0.907347754137791 -1.640513149150056 0.3244088863691453
-1.863890429318029 -0.6967720704244796 -0.0757469555164207
0.1159890694226773 -1.595320727960867 0.485830809857261
1.325230886811935 0.536564507435886 -0.4922154210129688
-1.914978289934457 0.1624604264843417 0.2615319484053441
-1.182793024790831 -0.577779468688547 0.4620095312893386
-1.80568800034881 0.6013743969693921 0.2875032536256784
-1.818200139602089 -0.5796728642032498 0.2816207259346288
1.348364759838237 -0.1794135027965012 0.4757664687516567
1.390708490088834 -1.132240292039874 0.3995883853680985
0.2520728408753198 -1.288652011246211 0.4598694180886913
-0.8333195567062793 -0.5871793138605162 -0.1276547340641038
1.144267865909675 -1.412852668717755 -0.381322585155533
0.787821995062128 0.9886178550291925 0.4374022635033345
-1.843329343669445 0.6770656439194003 -0.1754205732476621
-0.6179507327721802 -1.778480615643662 0.3151548860491891
-0.5858133850404462 1.150945863286627 0.4511477827060302
0.3747354407484654 1.13759821269159 -0.3947854532988225
1.064540063851471 1.629943257928028 0.2140916170109412
0.4589317170875558 1.827797165299731 -0.3133818163502213
1.006230007662564 1.686399599266118 0.1744822774970539
-0.9750936803254598 -0.5125957316845469 -0.2970464778151088
-1.924516533943118 0.3971738962906321 0.1707984151284625
1.034268776666677 0.2168622665309943 0.2283268673013289
1.890140489227917 0.6223378515764286 -0.07555218593380075
1.072581458792513 0.3794418728722572 -0.3398828966742567
0.678322749162661 1.726973433065646 0.3454724960208052
1.807514131934526 -0.6925728173473219 0.2356720393788982
-0.823006244095747 -1.039078249709832 0.4638863395929602
1.082033070391853 -0.1668247341284149 0.2874709651816096
1.521495805660693 -1.21483557294428 -0.2135248664691248
0.9544610064737332 0.6264178712860825 -0.3437176322473626
-0.8116868247947052 -0.6481314425641479 -0.1863887707504458
0.3532797375594489 1.281227710766835 -0.467159484003026
1.48541651969723 -1.285188092636638 -0.1731271990272017
-1.128105549532309 1.588598151164773 -0.210961124111149
0.7757320903612275 -1.547564117639532 -0.4389046237258774
-0.8274021326345413 1.679231107152475 -0.3271301313977706
1.642990307371906 -0.9553131252478888 -0.2927118890757076
1.146278748145829 -0.04390545082290812 0.3501134356947112
1.197725799326346 0.294689946456166 0.4177913709014773
0.3278695253523128 -1.492301511702891 -0.495257758459974
-1.673831215863659 -0.8739290199544144 0.3088610541009076
-1.803922909966371 0.7190741731787708 -0.2239804624767119
1.154128255776835 1.506799517883654 -0.295402225886138
1.853438152699597 -0.6387991668204756 -0.1794303986807761
-1.910778302716406 -0.4264701469363336 -0.1893090292148791
-0.4314858627449186 -1.8677860124494 -0.2693431622593709
1.693821399771966 -0.9667059370613641 0.2079883730005712
-1.962120150369732 -0.09436167610644787 0.1749953185715401
-1.254456057836646 -1.333468687047638 0.3697357130536332
-1.84222981427371 0.379427285152576 0.3169571321829225
-0.8428411258899814 -0.6689246529839187 -0.2603405462648862
0.6191361186878113 -1.845195509065893 -0.2135132307293466
-1.822100891946005 -0.3549152495878294 0.3435379385071915
1.422221941015742 -0.04452483619102698 0.4900783208285047
0.6666392104973681 -1.088594042983171 -0.4439622395048783
1.483826658690179 1.288286156204709 0.1722673834270827
0.5676071645531142 1.879515822070452 0.1768570218605122
-0.0278819329621115 -1.603938720378269 0.4835928466081816
1.663837629649817 0.1034612722086492 -0.4666532017974259
-1.335639446697186 -1.385536740289692 -0.2578896639103549
-1.429779774718082 1.12191751213627 0.3814453806903673
-1.360427737941014 -1.398114414288668 0.2068519969881449
1.814440317647845 0.7516544601806382 0.1756097013611202
0.5180698453977092 1.838567558340628 -0.2787712323110623
-1.779721172000647 0.8341720266281772 0.1713994679666135
-0.4355437530363058 -1.874760877089209 0.2579032002036989
1.496656823303945 -1.180150231839121 -0.2850850293024929
-1.520556595336839 -1.142114096975782 -0.2907428959610389
0.204683782536587 -1.595647646417973 -0.4842549494437712
0.814128583381736 0.771432407895365 0.3239184144611382
-1.847436855831311 0.4598658561775468 0.2869695917136014
1.245832410469416 0.416633555306892 0.4612608823110171
-1.361965089121232 -1.320974280174043 -0.2972892036907182
-1.05064179373461 -1.014648094504551 0.4947369021280171
1.944607465946561 0.2128481372566625 -0.1937276704435219
1.663999367476926 0.8767418740172951 0.3178706607131002
-0.4251471771794417 -1.904954345751143 -0.2050256099545636
1.397766722895043 -1.282331892863923 -0.2965232398989209
0.3186255813686613 1.847312361342808 -0.3246994282000732
-1.896586628796333 0.1606809961021472 -0.2887322330141928
1.049829780643445 1.459759859569427 -0.3967632054484979
1.177125396960491 0.8022161610330601 -0.491739127321464
0.8630631643551464 -1.55176165187874 -0.4114800435752378
-0.8964550385825855 -1.049429747242294 0.4829252616398182
1.409741053519322 -0.2916968248076506 0.4937880621077861
-0.5572740604848376 1.865730041531671 0.2131622795497924
-0.4446104172745822 1.822093040083829 -0.324134087610989
-1.374301742511395 1.187135245990167 0.3826069288093915
-0.794654553710829 1.711085477105074 0.3092409741162321
1.933165948243615 -0.4581084439752203 0.09095591921520201
-1.604173076610252 1.185338864442287 -0.03784367612318475
1.588704554441328 0.2094749926489399 0.4868087512947454
-1.904037973876297 -0.115131995456324 -0.2832629415648837
0.4415792728646558 1.914939266133495 -0.1708762852367104
1.745050173984367 -0.9045354990978248 0.1713370339814458
1.980302434568803 0.2373792894775732 -0.03832736598621812
-1.88754998208 -0.4670169174495718 0.2178623461459041
-1.758816639259349 -0.7629873840813256 0.2693611336494957
0.1139201257926398 1.12738775114827 -0.3345250531688225
0.6881946934863864 0.7687820440694475 -0.1684036595185455
-1.925921923365106 0.3872054918729878 -0.1725669651998042
-1.123034905375139 0.602280626483234 -0.4431029312571608
1.08366429753024 0.1834238490290781 0.2926563597018643
-0.7184650149246153 1.091195734549024 0.4576019503795593
0.9636347171897141 -0.9463749273861707 0.4748670309823576
1.600463113422462 -0.999498992124311 0.310336116804444
1.714230125053131 0.8360310398975611 -0.2833669544988831
-1.488241282940113 1.198082299647662 -0.2784739444628788
0.7516587417423751 0.7078575215364746 -0.1687765431198154
1.576739421494047 -1.076373421698576 0.280259481263066
-0.03140167772835908 1.98966497476106 -0.07698523531051177
-1.12678040506506 1.545013087459688 -0.2762959980304097
-1.734079612401947 0.8984431647472518 0.2030403764876799
-1.801420702279984 0.5231523105860325 0.3228589942487712
1.037927343266286 0.2109542828335501 -0.2310282998721739
0.3314095751821864 1.633457813492044 -0.4670012853394261
1.176722159400543 -0.3533882861917352 -0.4150306988113031
1.443881207011215 -1.203209772521634 -0.3190019373013036
0.840471205294457 1.690906032126287 0.3084928545931663
0.3012690508148384 -1.211016313841587 0.4291363517193703
-1.848517665937326 0.6118732790532005 0.2134221916088349
1.868115413802038 -0.3681260656713729 0.2887429918207554
1.829150647614501 -0.7788534476969643 -0.08494806160121808
-1.042261268184201 0.7563243316084914 -0.4502422579593263
0.7162263118951587 1.830741247589027 -0.1703263005621439
-0.9706268810385316 0.8039968889651035 -0.4351114175898812
-0.8076256034498898 -1.819714830520512 -0.0716692981306503
1.323731152006816 0.6243974697488518 -0.4959057651006007
-0.4927706970973637 1.90198992513432 0.172823572471466
-0.09252265602825462 1.890288845654036 0.3012952562907367
-1.49660890970482 -0.9582072047358833 -0.4111041070706823
1.717823660001077 -0.2325541209129253 -0.4380472193859382
-0.1136886963428862 1.268634952807001 -0.4435139895422844
-0.3152166508292253 -1.762463267070037 -0.4020128365574648
0.05440327518777942 1.902378572190201 0.2888950990820338
1.33375496370432 -0.3127227858134529 0.47911783744587
1.482989017361933 -1.289905434698932 0.1715008684367353
1.126693105542627 1.409411456326393 -0.391898231618603
-1.027564919591948 -1.580144135130998 -0.3127125924113733
-1.257091372139882 -1.487900466619163 -0.2113914470015913
1.254193980708805 0.3937768084741387 -0.4612547696675369
-1.774339064930593 -0.9109115822362165 -0.03815711823493634
0.004938824708476721 -1.18845932668739 0.3886422320192313
-1.948772393734312 0.1710433093248207 0.1961198202756598
1.422390664278721 0.03686163457065838 0.4900060609631383
1.178628722398336 0.2791977105453436 -0.4043342483507238
-0.3670779066912813 -1.855125064629745 0.3047478329848541
0.03759603795658002 1.818544469536518 0.3810540136367813
1.119522517232274 0.4038110102240609 0.3898385635237501
0.3995565948992028 1.676404355576217 -0.443402213256989
0.903339117149637 0.6847902799672244 -0.3357490780017529
-1.217665423221173 -1.412349487248577 0.3338699754910778
-1.377681171062539 -1.206078019084712 0.370618466147429
-0.4684788159562832 -1.762389649248173 -0.3763230831601345
-0.6796597067902729 -1.061469653136634 0.4366874959898386
0.399225023716304 1.746763531891572 -0.4007510269900763
-0.9138924633388946 0.4872850658228618 0.1820988144990184
0.5551634487466578 1.808254133311462 0.3040490170022244
0.3020282595877419 -0.9656054997262969 -0.102632057782392
-1.467905869596789 -1.284482683854481 -0.2062866407330145
-0.9508460646829159 -1.723419381517714 -0.1637476942026971
1.023490940775441 0.2933988145338646 0.2412711640719026
-1.318748355777258 -0.05338275333341078 0.4630728422084955
-1.949073996926391 0.0007288760469013027 -0.2091697859193463
-1.707444219516924 0.813011642154062 0.3051052780072397
0.776981468578443 0.9211326855405128 0.4026924685580668
-0.8634915829631975 -1.700573618547845 0.2841620091527683
0.9926397235021581 -0.6897840642437103 0.4042638819409641
0.5778801432267063 -1.879674361908881 0.1695537720768441
0.2203802883006621 -1.911073188890231 0.2590418078108511
0.007601680572121326 -1.164067261434517 -0.3678370723534864
1.660989021129422 -0.9473320869657798 0.2760691941834678
0.9002611148952986 -0.6500601557403421 0.3114428597191337
0.0540056233028337 -1.714396273264337 0.4468711239338289
-1.953144037055321 -0.3903962958259912 -0.06862199376219762
0.8540618886711795 -1.687841446087588 0.3046782181618633
-1.947479614204845 0.3963013940920905 0.08748820729770061
1.512247212238587 -1.124262805775056 0.3135068456012366
-1.038376862949414 1.59286201549339 0.2915046943107661
0.8087304388473276 1.776301240310961 0.2059537561556748
-1.200006312164144 1.48998371179947 -0.2753307244290598
-0.05373284580114281 -1.286164072281893 0.4493888769391902
-0.9206620267663422 -0.8547904336153285 0.4349350337404825
-0.06879993696487734 -1.211459692363101 0.4050542170465304
1.654203299677549 -0.1788801348637004 -0.4678314886162187
1.08524208978638 -1.565699777754269 0.2869337035441735
-1.216442946781456 -0.4931538662205006 0.4602860606785601
0.5598001462043868 -1.679981764858393 -0.4149919091092482
-0.6384045291350356 1.086190987705615 0.4354483999229044
1.420482473901661 -0.2115291347956521 0.4932915693108914
1.114417210181335 -0.209134310531729 0.3382299003123593
0.02162979957026522 -1.300799281185912 0.4562640807096578
1.503381868587182 1.190816078891525 0.2677733433631058
-1.942839536554259 -0.3704483479636454 -0.1350417738141109
-0.001805743797392644 1.873535808058207 0.3256139315159266
1.894853534933632 -0.1790705866804167 -0.2864256706143648
0.7393711990346549 1.820865925580394 0.1734404711610879
-0.2325307968423216 -1.793973744662164 -0.3875018483762542
-0.750386532226973 -0.6655968502175026 -0.02708315672598143
-1.188747565522145 0.649782963424331 -0.4743313286148577
1.071588479462024 0.3092239576277148 -0.3150669058179075
-0.2871150252941422 1.134964205723704 -0.373194255586217
1.208222742141245 0.189772703818193 0.4112111919783155
1.666785908064292 1.041797659130323 -0.1710350714636265
1.376026240326266 -1.402678613463463 0.1744774926343231
-1.563878884187034 -0.9164944357459017 -0.3845830976445945
0.6107978230654233 1.188634934033823 -0.4683907086482741
-0.1282855215449571 -1.86296315635095 0.3309006644801214
0.3481136581334401 1.870939032870058 0.2899535973162041
1.255518932307123 0.673025263861997 -0.4918867983748105
1.608668483463148 0.7892233367405393 -0.4006966020857471
-1.546761603412093 1.079762377798441 0.3103162607621316
-0.8347234256326015 1.6582868481119 0.3446537333515849
-0.5343985248042151 -1.79190590858669 -0.3293558334492441
1.097830121391135 -1.553167345383544 -0.2897579301709274
0.5183937560765995 -1.835411226176116 0.2833492913530621
-1.89056261407612 -0.5402317709751084 0.17012615143108
1.13252953216702 0.4900395649604263 -0.419844299555053
-1.167791607414965 0.2822025527491506 0.3978638197444966
1.810566748414624 -0.7211521773338679 -0.2086570961181017
0.5482868402460731 0.8489558426413629 0.08626849696155965
0.5069918086776165 -1.880199914189078 0.2131488079844699
-1.80707021662554 -0.838096170367594 -0.06836691813292135
0.2793476251265912 1.851367455043711 0.3267738373906041
-1.70115279139785 0.8878825637482741 0.2665844440920284
1.831567787894424 0.524708248270164 0.2869469754525109
1.828373212781245 0.6728304820281791 0.2114804684954
1.524269424593111 1.22094950659053 0.203082412968883
1.122913480646121 0.7525304061255116 -0.4748132226783232
-1.428947308850508 -1.352847087563426 -0.1653176718344588
-1.151969022045078 0.521710898106984 -0.4386276346323998
0.2815050499857213 1.243062717466243 -0.4435721957932002
-1.431434530545009 -1.26783408946479 -0.2756811947823988
-0.1183322463681807 1.159508724510137 -0.3702280332660319
1.551502343543775 1.11503595311257 0.2790768472277703
-1.395789202545833 1.249478210686926 0.3250209614324576
-1.965554626605533 -0.08272340469237048 -0.1668975775171334
1.02852358544709 0.2849016647664114 -0.2446423541592467
-0.3459369904361304 1.205267254944791 0.431723321755248
-1.106177805823249 -0.4537523490436525 0.3938766227868191
1.609158648252646 1.105064314244374 -0.2047586382239046
0.4882524620663221 1.884210340001202 0.2151629401966894
0.1062786015194564 -1.47336875116612 -0.4955411482675274
-0.8522142438949825 1.057777051190673 0.4754948533561481
1.139888052043304 -0.6122428850859061 0.4516180558980094
1.421348059972324 -1.138812127373301 -0.3780591985792079
1.578783947319868 1.173682960014294 -0.1672870158057586
-0.4146613965476778 1.908682405437584 0.2033330925137669
1.247382659718249 0.7599140658538025 -0.4959566638918312
0.1558219070767442 1.169519282829405 -0.38212014843491
1.757798426217846 0.8392023889865793 -0.2128084870351661
-0.7528538404368356 -0.7602148298117969 -0.2468308098654587
-1.842027504520525 -0.4877431811386824 0.2861342675050815
-1.537139012965753 -1.070620145979475 -0.3267607315833299
0.4929428696429104 -0.9554643797716721 -0.26191193670646
-1.796111601961902 0.7576664904382365 0.2097286302663313
0.3733951909785077 1.910337693507436 -0.2142733363552317
-0.8936209181332346 -1.732421520115199 -0.2083781545976276
-1.176839902564551 -0.4363490667482739 0.4337161985786092
-1.324929690042265 -1.38876379730009 0.2670137241251907
1.423273667163674 -1.244519155510083 0.3057309474598943
-0.9923571424993995 -1.641205140812584 -0.2693145240454662
-1.098460691068744 1.533334070009249 0.3117631094653516
1.726700009860883 -0.8091023206650556 -0.2835771485119342
0.02093858362687335 -1.946044774783859 0.2149712592454724
-1.756761470482276 0.747066706963099 0.279890372702609
1.981686626903889 -0.1726671325963643 0.081008120158459
1.78940966097118 0.1757357677798574 0.3952019994840086
1.681180945118839 -0.8692741668439147 0.3035717397792121
-1.236275306347611 0.299457223034094 0.4411538433021846
1.982038959435569 -0.1708105976350162 -0.0805696004658337
1.981690354058812 0.1727765293247059 0.0809650184645264
-0.2421855836475743 -1.247351720307766 -0.4410071738426882
0.8068653743552335 1.588368282684126 -0.4090874676181588
1.721435473351746 0.2081341583281838 0.4368335463007184
-1.24292727066488 1.501528998605013 -0.210030883958873
0.2949023384547262 1.170797945438171 -0.4018199497415973
-0.9407160683700617 1.728454207966075 -0.1666301200462674
0.348622632791088 -1.035663815318638 -0.2876649334438021
1.58239354567136 1.169835916877269 0.1670078891268495
1.404861416947693 -0.3230888489510587 -0.4915189303328262
0.05307022293872013 -1.35114977807611 0.4757998920224917
0.7123245116097546 1.763557268182463 -0.2914640146166648
0.4530123424292956 0.8929791362163971 0.004718926450491206
1.761733515695264 -0.7320291881663247 -0.2825285587600622
-1.366150327374683 -1.400760953289384 -0.19531268610348
-0.1346045812494759 1.945037568400575 -0.2094871152477757
-1.667878684178469 -0.9127540573154652 -0.2906617189054054
-0.410512599166245 -1.123810447785026 0.3926384905848643
-0.7852692606775714 -1.726873416735086 0.2985550620052202
-1.707137155061356 0.9751608166816658 0.1720758914857361
1.805693421828241 -0.7821004402740277 -0.1645836438885024
0.9179760956419852 1.671776948975874 0.2823460836086951
-1.423880066987733 1.253049179376891 -0.298935081684276
-0.3746046531121578 1.213109537766327 -0.4404159075537393
-1.437706617640635 -0.246763967234421 0.4960826064219072
1.621558286988467 0.2783001867569122 0.4736493587430737
-0.04210796602974082 -1.967185768522064 0.1674681168936309
0.3804350397541267 -1.307757027501965 0.4775444938841248
1.487211052360539 -1.197604998351424 0.2794037574357379
-0.5864712722937381 1.907704268636528 -0.03214462021061495
1.582210412102096 -1.0016166701703 -0.326653827265856
-1.775582202066131 -0.3004152031803001 0.3951117257020089
1.12015484774344 -0.3052907299100844 -0.3627435549752234
1.066345381920464 0.3109317560943042 0.3094411647147829
-1.906116400737026 0.0811063001346216 0.2839238034787732
-0.1625404663988192 1.981056269118351 -0.08457051333644396
1.410234473064555 -0.4467448911094774 -0.4964693046635305
-1.200424999937906 1.559107096759942 -0.1675215893906463
0.6444977818111061 1.841741696286713 -0.2064381073601063
-0.8911223914276697 0.5557184322100807 0.210267157221593
-0.3728176076071905 1.952898379518419 -0.08458272504059672
1.33404448285838 -1.360923411947723 0.2869936333711819
0.1445304288861428 -1.920992804798656 0.2553094642250913
-0.3500674682671245 1.936443602700997 0.1673256120530899
0.8383431885383102 0.6983386834989411 0.2871951375122787
0.5188398416952649 -0.8843706066509943 -0.1550737757919918
-1.593908580128254 -1.025577707250362 -0.3001123259635692
1.651906746110283 0.1664127365367938 0.4690819515719585
1.853265429986732 -0.4465304367528784 0.2853359656529391
-1.642837559391615 -0.9553068030566898 0.2928836051941258
1.779594938578233 0.7171743990852461 -0.2645518659001531
-1.651850095897742 0.9527257606675855 0.2851957901079197
0.1159708983969289 -1.671382369153859 0.4652040184593805
1.966872291116162 0.08482385225961885 0.1642612521776812
1.967098928265533 -0.08073974019199114 -0.1643705703191962
0.175223295975521 -1.296116314758989 0.4576473762885116
1.967016506403675 0.08313799918519667 -0.1642331040997044
1.966946603253297 -0.08206157955087777 0.1645175959966128
1.869848591984742 0.6987620966523275 -0.03041583244526543
-1.2952560981851 -0.4583504448372389 0.4818765012714005
1.424887392999064 -1.334617941278788 0.2048136049388423
0.3068053472224163 1.791894078529788 0.3815072197444768
-1.840593929277504 -0.7726373765240903 -0.03020979989798513
-0.505709685015885 -1.902218540750826 -0.1657217239102266
1.486922210978599 1.292238241568156 -0.1614462989614355
1.688602814934697 -0.3077550259513738 -0.4458549239866411
-1.2204563434353 -0.36624883106752 0.4432090846325263
0.8095217816630704 -1.824721460236352 -0.02996557359597683
-1.806738826751292 0.1485781256273811 -0.3863167044590506
1.017504285379947 0.6517929283956951 -0.4024470141341481
-0.9150430649608371 1.653668895668425 0.3058573768989343
-0.04248396219973902 1.977003239609983 -0.1399240349004162
1.08247495307515 -0.2835333923308578 0.3210176970760764
-1.266024828760418 -1.437727233419823 -0.2719740363436153
-0.9921643270281241 1.262312954956562 0.4863217353611944
0.6420357823553312 -0.9536491441371256 0.3515269282649517
-1.323506984200669 0.3228895280794685 -0.4774715779503598
-1.971113255804923 -0.3162125205497605 -0.02949040488219542
-0.9375505253323397 0.5590843943137559 0.2850820594464938
1.522736637210661 1.228592999928861 -0.1956772489256197
-1.453601468186251 -1.166875774842278 0.3359771199852186
-1.939498732633479 -0.1720163327753181 0.2140617342463471
1.858651707550946 -0.4376172295341099 -0.282745501842893
-0.7367768462950615 -1.855446602487688 -0.02914739583908804
1.764844237696935 -0.8335567704026107 0.2056782047089969
0.934846587682531 1.709809238382638 0.211049216616054
1.19523009013798 -1.347858561179706 -0.3954415436470384
-0.1106995850264513 1.992845144861631 -0.03144807969244302
-1.321759574714082 -1.460669761102297 -0.1618295864550345
1.519807342884831 -1.221262051495187 0.2090864468095073
1.754242920190352 -0.7398427639007586 0.289703538236649
1.145399339133258 0.04325489819530642 -0.3491489370196641
-1.723474772851457 -0.8470150012287107 0.264602821299304
0.6396668039999717 1.801971293156672 -0.2761382704354408
0.514795746520355 1.881210994296296 -0.2075020349021686
-0.7642671113775604 1.157509457166033 0.4833060375046406
0.871204176808161 0.979119968463713 0.4609797081083768
-1.092312329288209 0.1399176635243556 -0.3007933494804909
1.40476083424072 0.2230305062149114 -0.4922488420142606
-0.8107703956869353 -0.7428675765143646 -0.2973707711341911
-1.250281210399508 0.2919386452872323 -0.4470092350324777
-0.5037459287014207 -1.904540004082327 0.1626628575620971
-0.8740878066055946 1.741617161910529 -0.2109136451934307
-1.852893681220568 0.5969973833202392 -0.2142649685080468
-1.321231840983349 -1.459748170853892 0.1650271300206519
-0.09593367764171563 -1.910687357021914 0.2757771821983008
0.3772656778633164 -1.220597119500511 -0.446319683859268
0.1986104801229392 -1.986715654684809 0.02775530614823042
0.2735243447830841 -1.056905275782994 -0.2864582895347871
1.514703115115538 -1.105266476247285 -0.3240748809860274
0.2126582900943068 -1.748698070776554 -0.4214709141244751
-1.295544381671236 -0.7752485467074655 0.4966995537279499
-0.5611793328940742 -1.865427069028373 -0.2116292652537915
0.1362451697593189 -1.426665336055628 0.4924018578156293
-0.9205754083251761 -1.679684581124658 -0.273155284308328
0.5585354362711605 -1.841279684232366 -0.2602162580142133
-1.783723434116239 -0.8340326425701742 0.1646380798649431
-1.964986292475225 0.08832004821451304 0.1683210635230555
1.96430832734209 -0.1637780150789942 0.156320657195185
1.964809257731005 -0.1604902440304226 -0.1557782135194644
1.96423401520495 0.1665402877874849 0.1560643133763883
1.9660000676226 0.1619518277434839 -0.1510576376900975
-0.8807001603746033 -0.919520359547895 0.4422903760499609
0.5787802378676981 -1.883307049666066 -0.1622203060459961
0.1367653664499375 -1.231752754130816 0.4240634597436963
0.7923796300681535 1.745142008855162 0.2704876665368428
1.118406874172053 0.2618992815653002 -0.3525754059421753
-1.491291194063579 1.134269232788013 0.3257462628038872
1.397768333325097 -1.312888715233703 0.2687263733357706
-1.247947825533138 -0.08344704628358827 0.4309512961771005
-1.48575318933386 -1.039183042080371 -0.3840778433377252
1.733807387473951 -0.8176692882442848 0.2698320893238667
1.460392284539878 -0.3775675786821034 -0.4972414655003707
1.188727353487389 0.3546137012801192 -0.4242383785361363
-0.8843621531779237 1.694886136026684 -0.2773585370899557
-1.609792730978574 -0.9524278343612762 -0.3309084282918766
0.5266978889733921 0.8511880914069065 0.005384626067048421
0.1785976884404825 -1.719477434684367 0.4388952897574792
0.5181795554510474 -1.879391224832539 -0.2089233333308627
-0.9916199411212853 -0.9604659465054594 0.4827496667639005
0.2121369975077936 -1.815627256497144 -0.3720782467901936
-0.008242079891024897 1.95281466285592 -0.2008077491301895
1.009241572905898 -1.607460911882353 0.29697808402308
1.755681563387666 -0.8430263276898954 -0.2119534077400823
-0.06654261976937811 1.929038472209718 -0.2486964755259909
0.3874735363240535 1.865839028629341 -0.2855096700598488
-1.260554526500557 -1.441092442078089 0.2743036529614823
1.129498484591595 0.4075331875446182 -0.3972955269839371
0.7168916678791041 1.763398718151179 0.2900275689950007
-0.5141376759987538 -1.842476025055688 -0.276072697294869
1.98330846403395 0.1697645256267875 -0.07602959255052061
0.5808296892336361 1.795382234210759 -0.3102647829653957
1.462961473243667 -1.079150390842542 -0.3813975666208119
-0.5546051505968097 -1.870670449581707 0.2062467893441966
-0.5110925646455112 -1.851244890577362 0.2652585368889632
0.363927073593624 -0.9924994134218981 -0.2278665917256307
0.460564115008681 1.772381590864653 -0.3702008111100119
-0.01022734798909059 -1.911291088458955 0.2788738126116377
0.06034891170326417 -1.239568585744208 0.4248095838380697
-1.740126363522048 -0.8873929731572693 0.2026838133901776
0.1459315064923848 -1.78502512513114 0.4028402728958754
0.1103332208102685 -1.882366770988682 0.3131459213180213
0.2359336445327394 1.139772465488835 -0.3674433732181198
0.06597254079624119 -1.78009955339123 0.4098210173799606
-0.9274789515575877 -0.9755556883730435 0.4727066660260637
-0.1207083433748717 1.971554653465699 -0.1475093129263484
0.1302472645973025 -1.354282643262578 0.4779293116957188
$EndNodes
$Elements
1 8520 1 8520
2 1 3 8520
1 578 3866 5681 3865 
2 1075 5346 5681 3866 
3 1059 3865 5681 5346 
4 147 2124 5682 2123 
5 1387 5653 5682 2124 
6 1282 2123 5682 5653 
7 115 1984 5683 1982 
8 1121 4728 5683 1984 
9 795 1982 5683 4728 
10 778 4667 5684 3804 
11 877 3805 5684 4667 
12 563 3804 5684 3805 
13 515 3610 5685 3608 
14 845 4578 5685 3610 
15 754 3608 5685 4578 
16 127 2037 5686 2034 
17 1075 4521 5686 2037 
18 739 2034 5686 4521 
19 714 4425 5687 4424 
20 1222 5301 5687 4425 
21 1035 4424 5687 5301 
22 75 1798 5688 1796 
23 869 2002 5688 1798 
24 120 1796 5688 2002 
25 967 5149 5689 4484 
26 1155 4485 5689 5149 
27 729 4484 5689 4485 
28 30 1573 5690 1565 
29 920 1568 5690 1573 
30 29 1565 5690 1568 
31 258 2570 5691 2569 
32 762 4601 5691 2570 
33 761 2569 5691 4601 
34 1212 5592 5692 5042 
35 1264 5043 5692 5592 
36 919 5042 5692 5043 
37 1035 5301 5693 2162 
38 1222 2164 5693 5301 
39 157 2162 5693 2164 
40 147 2123 5694 2122 
41 1282 5586 5694 2123 
42 1209 2122 5694 5586 
43 795 4728 5695 4357 
44 1121 4359 5695 4728 
45 698 4357 5695 4359 
46 216 2404 5696 2403 
47 812 2416 5696 2404 
48 219 2403 5696 2416 
49 77 1808 5697 1807 
50 943 2121 5697 1808 
51 147 1807 5697 2121 
52 756 4588 5698 3899 
53 913 3900 5698 4588 
54 586 3899 5698 3900 
55 163 2190 5699 2186 
56 1397 5313 5699 2190 
57 1041 2186 5699 5313 
58 865 4939 5700 3585 
59 1003 3587 5700 4939 
60 510 3585 5700 3587 
61 372 3032 5701 3030 
62 757 4571 5701 3032 
63 752 3030 5701 4571 
64 739 4520 5702 2034 
65 1074 2036 5702 4520 
66 127 2034 5702 2036 
67 729 4486 5703 4484 
68 1319 5150 5703 4486 
69 967 4484 5703 5150 
70 1282 5653 5704 4492 
71 1387 4493 5704 5653 
72 731 4492 5704 4493 
73 258 2571 5705 2570 
74 763 4604 5705 2571 
75 762 2570 5705 4604 
76 845 4872 5706 4578 
77 846 4579 5706 4872 
78 754 4578 5706 4579 
79 643 4133 5707 4132 
80 1015 5224 5707 4133 
81 999 4132 5707 5224 
82 797 4735 5708 4241 
83 1161 4243 5708 4735 
84 670 4241 5708 4243 
85 287 2688 5709 2679 
86 759 2680 5709 2688 
87 285 2679 5709 2680 
88 507 3575 5710 3574 
89 1161 4735 5710 3575 
90 797 3574 5710 4735 
91 1184 5558 5711 5355 
92 1185 5356 5711 5558 
93 1062 5355 5711 5356 
94 732 4495 5712 4494 
95 1095 4509 5712 4495 
96 736 4494 5712 4509 
97 945 5097 5713 4648 
98 946 4649 5713 5097 
99 773 4648 5713 4649 
100 736 4509 5714 4508 
101 1095 5409 5714 4509 
102 1087 4508 5714 5409 
103 689 4322 5715 4319 
104 1266 4973 5715 4322 
105 883 4319 5715 4973 
106 510 3588 5716 3585 
107 1230 4940 5716 3588 
108 865 3585 5716 4940 
109 758 4592 5717 1918 
110 1155 1919 5717 4592 
111 100 1918 5717 1919 
112 688 4316 5718 4314 
113 917 4886 5718 4316 
114 849 4314 5718 4886 
115 1062 5356 5719 5354 
116 1185 5556 5719 5356 
117 1183 5354 5719 5556 
118 838 4856 5720 3599 
119 840 3600 5720 4856 
120 513 3599 5720 3600 
121 212 2387 5721 2386 
122 812 2404 5721 2387 
123 216 2386 5721 2404 
124 849 4885 5722 4314 
125 916 4315 5722 4885 
126 688 4314 5722 4315 
127 135 2071 5723 2070 
128 1193 5410 5723 2071 
129 1087 2070 5723 5410 
130 1087 5410 5724 4508 
131 1193 4511 5724 5410 
132 736 4508 5724 4511 
133 953 5108 5725 4320 
134 1266 4322 5725 5108 
135 689 4320 5725 4322 
136 1041 5311 5726 2186 
137 1055 2189 5726 5311 
138 163 2186 5726 2189 
139 1050 5329 5727 2170 
140 1114 2172 5727 5329 
141 159 2170 5727 2172 
142 608 3991 5728 3915 
143 789 3916 5728 3991 
144 590 3915 5728 3916 
145 974 5171 5729 2133 
146 1018 2134 5729 5171 
147 150 2133 5729 2134 
148 239 2496 5730 2486 
149 880 2488 5730 2496 
150 237 2486 5730 2488 
151 1053 5337 5731 2188 
152 1397 2190 5731 5337 
153 163 2188 5731 2190 
154 1059 5346 5732 5344 
155 1075 5345 5732 5346 
156 1058 5344 5732 5345 
157 357 2973 5733 2764 
158 873 2766 5733 2973 
159 306 2764 5733 2766 
160 122 2013 5734 2010 
161 1244 5217 5734 2013 
162 994 2010 5734 5217 
163 757 4591 5735 4571 
164 1304 4573 5735 4591 
165 752 4571 5735 4573 
166 735 4506 5736 4504 
167 1077 4719 5736 4506 
168 792 4504 5736 4719 
169 76 1801 5737 1795 
170 869 1798 5737 1801 
171 75 1795 5737 1798 
172 994 5218 5738 2010 
173 1299 2014 5738 5218 
174 122 2010 5738 2014 
175 509 3584 5739 3581 
176 1218 4789 5739 3584 
177 814 3581 5739 4789 
178 586 3902 5740 3899 
179 1303 4589 5740 3902 
180 756 3899 5740 4589 
181 1077 5389 5741 4719 
182 1231 4720 5741 5389 
183 792 4719 5741 4720 
184 1111 5460 5742 2080 
185 1264 2081 5742 5460 
186 137 2080 5742 2081 
187 871 4953 5743 2195 
188 911 2196 5743 4953 
189 165 2195 5743 2196 
190 893 4990 5744 4251 
191 1251 4252 5744 4990 
192 672 4251 5744 4252 
193 1069 5374 5745 5373 
194 1264 5592 5745 5374 
195 1212 5373 5745 5592 
196 93 1887 5746 1884 
197 815 1891 5746 1887 
198 94 1884 5746 1891 
199 842 4867 5747 4865 
200 955 5073 5747 4867 
201 932 4865 5747 5073 
202 780 4675 5748 2808 
203 1104 2810 5748 4675 
204 317 2808 5748 2810 
205 814 4789 5749 4776 
206 1218 4777 5749 4789 
207 810 4776 5749 4777 
208 93 1889 5750 1887 
209 1417 4792 5750 1889 
210 815 1887 5750 4792 
211 277 2649 5751 2647 
212 896 2657 5751 2649 
213 279 2647 5751 2657 
214 840 4860 5752 3600 
215 1278 3602 5752 4860 
216 513 3600 5752 3602 
217 158 2168 5753 2166 
218 1043 4701 5753 2168 
219 787 2166 5753 4701 
220 292 2710 5754 2708 
221 888 2718 5754 2710 
222 294 2708 5754 2718 
223 103 1933 5755 1932 
224 902 4951 5755 1933 
225 870 1932 5755 4951 
226 145 2114 5756 2113 
227 1210 5501 5756 2114 
228 1142 2113 5756 5501 
229 705 4387 5757 2626 
230 1110 2628 5757 4387 
231 272 2626 5757 2628 
232 95 1898 5758 1890 
233 939 1893 5758 1898 
234 94 1890 5758 1893 
235 319 2820 5759 2819 
236 1178 2964 5759 2820 
237 355 2819 5759 2964 
238 988 5204 5760 5202 
239 1350 5403 5760 5204 
240 1084 5202 5760 5403 
241 317 2811 5761 2808 
242 1194 4676 5761 2811 
243 780 2808 5761 4676 
244 259 2576 5762 2495 
245 880 2496 5762 2576 
246 239 2495 5762 2496 
247 639 4116 5763 4065 
248 1045 4067 5763 4116 
249 626 4065 5763 4067 
250 137 2081 5764 2079 
251 1264 5374 5764 2081 
252 1069 2079 5764 5374 
253 29 1568 5765 1567 
254 920 2174 5765 1568 
255 160 1567 5765 2174 
256 952 5107 5766 1924 
257 1335 1927 5766 5107 
258 101 1924 5766 1927 
259 1050 5330 5767 5329 
260 1357 5464 5767 5330 
261 1114 5329 5767 5464 
262 1058 5345 5768 2035 
263 1075 2037 5768 5345 
264 127 2035 5768 2037 
265 778 4668 5769 3783 
266 949 3784 5769 4668 
267 558 3783 5769 3784 
268 558 3786 5770 3783 
269 1346 4669 5770 3786 
270 778 3783 5770 4669 
271 626 4067 5771 4066 
272 1045 4487 5771 4067 
273 730 4066 5771 4487 
274 643 4134 5772 4133 
275 1016 5254 5772 4134 
276 1015 4133 5772 5254 
277 114 1980 5773 1571 
278 920 1573 5773 1980 
279 30 1571 5773 1573 
280 999 5224 5774 2125 
281 1015 2126 5774 5224 
282 148 2125 5774 2126 
283 1012 5247 5775 2242 
284 1140 2243 5775 5247 
285 176 2242 5775 2243 
286 974 5172 5776 5171 
287 1244 5262 5776 5172 
288 1018 5171 5776 5262 
289 1138 5493 5777 3666 
290 1180 3667 5777 5493 
291 529 3666 5777 3667 
292 1143 5504 5778 5503 
293 1282 5539 5778 5504 
294 1171 5503 5778 5539 
295 563 3806 5779 3804 
296 949 4668 5779 3806 
297 778 3804 5779 4668 
298 1119 5469 5780 4448 
299 1235 4449 5780 5469 
300 720 4448 5780 4449 
301 1041 5312 5781 5311 
302 1198 5340 5781 5312 
303 1055 5311 5781 5340 
304 290 2700 5782 2698 
305 1192 4690 5782 2700 
306 784 2698 5782 4690 
307 845 4874 5783 4873 
308 848 4878 5783 4874 
309 847 4873 5783 4878 
310 602 3967 5784 3966 
311 907 5016 5784 3967 
312 906 3966 5784 5016 
313 759 4595 5785 2680 
314 891 2681 5785 4595 
315 285 2680 5785 2681 
316 1110 5459 5786 2628 
317 1317 2629 5786 5459 
318 272 2628 5786 2629 
319 1012 5249 5787 5247 
320 1318 5497 5787 5249 
321 1140 5247 5787 5497 
322 361 2988 5788 2972 
323 873 2973 5788 2988 
324 357 2972 5788 2973 
325 1123 5472 5789 5406 
326 1250 5407 5789 5472 
327 1086 5406 5789 5407 
328 1071 5379 5790 5378 
329 1101 5380 5790 5379 
330 1072 5378 5790 5380 
331 294 2718 5791 2717 
332 888 2884 5791 2718 
333 335 2717 5791 2884 
334 761 4602 5792 2569 
335 798 2572 5792 4602 
336 258 2569 5792 2572 
337 126 2030 5793 2029 
338 910 4543 5793 2030 
339 745 2029 5793 4543 
340 817 4796 5794 2025 
341 818 2026 5794 4796 
342 125 2025 5794 2026 
343 816 4793 5795 2024 
344 817 2025 5795 4793 
345 125 2024 5795 2025 
346 831 4839 5796 4838 
347 1378 4896 5796 4839 
348 852 4838 5796 4896 
349 784 4692 5797 2698 
350 1385 2702 5797 4692 
351 290 2698 5797 2702 
352 113 1977 5798 1973 
353 1345 4721 5798 1977 
354 792 1973 5798 4721 
355 827 4826 5799 4824 
356 1378 4839 5799 4826 
357 831 4824 5799 4839 
358 1180 5552 5800 3667 
359 1353 3668 5800 5552 
360 529 3667 5800 3668 
361 1222 5602 5801 2164 
362 1367 2165 5801 5602 
363 157 2164 5801 2165 
364 327 2852 5802 2851 
365 811 4775 5802 2852 
366 810 2851 5802 4775 
367 157 2165 5803 2163 
368 1367 5308 5803 2165 
369 1039 2163 5803 5308 
370 355 2964 5804 2962 
371 1178 4733 5804 2964 
372 796 2962 5804 4733 
373 132 2058 5805 2056 
374 1166 4745 5805 2058 
375 801 2056 5805 4745 
376 711 4413 5806 4412 
377 1250 5472 5806 4413 
378 1123 4412 5806 5472 
379 101 1925 5807 1924 
380 953 5105 5807 1925 
381 952 1924 5807 5105 
382 617 4029 5808 3731 
383 1079 3734 5808 4029 
384 545 3731 5808 3734 
385 76 1802 5809 1800 
386 943 1808 5809 1802 
387 77 1800 5809 1808 
388 894 4993 5810 4992 
389 1187 5488 5810 4993 
390 1135 4992 5810 5488 
391 1142 5502 5811 2113 
392 1360 2116 5811 5502 
393 145 2113 5811 2116 
394 707 4396 5812 4394 
395 1201 5429 5812 4396 
396 1096 4394 5812 5429 
397 173 2233 5813 2230 
398 1251 4990 5813 2233 
399 893 2230 5813 4990 
400 279 2657 5814 2656 
401 896 2864 5814 2657 
402 330 2656 5814 2864 
403 1059 5348 5815 3865 
404 1285 3868 5815 5348 
405 578 3865 5815 3868 
406 752 4572 5816 3030 
407 876 3033 5816 4572 
408 372 3030 5816 3033 
409 295 2722 5817 2712 
410 843 2714 5817 2722 
411 293 2712 5817 2714 
412 754 4580 5818 3608 
413 885 3611 5818 4580 
414 515 3608 5818 3611 
415 1148 5509 5819 4295 
416 1216 4296 5819 5509 
417 683 4295 5819 4296 
418 1046 5321 5820 4897 
419 1047 4898 5820 5321 
420 853 4897 5820 4898 
421 861 4926 5821 4925 
422 1374 5604 5821 4926 
423 1223 4925 5821 5604 
424 1143 5503 5822 2235 
425 1171 2236 5822 5503 
426 174 2235 5822 2236 
427 287 2689 5823 2688 
428 921 4596 5823 2689 
429 759 2688 5823 4596 
430 745 4544 5824 2029 
431 1197 2032 5824 4544 
432 126 2029 5824 2032 
433 1135 5488 5825 2250 
434 1187 2251 5825 5488 
435 178 2250 5825 2251 
436 94 1893 5826 1892 
437 939 5008 5826 1893 
438 901 1892 5826 5008 
439 545 3734 5827 3733 
440 1079 4282 5827 3734 
441 680 3733 5827 4282 
442 893 4989 5828 2230 
443 894 2231 5828 4989 
444 173 2230 5828 2231 
445 324 2840 5829 2721 
446 843 2722 5829 2840 
447 295 2721 5829 2722 
448 110 1962 5830 1960 
449 1046 4897 5830 1962 
450 853 1960 5830 4897 
451 943 5094 5831 2121 
452 1387 2124 5831 5094 
453 147 2121 5831 2124 
454 219 2416 5832 2415 
455 812 2853 5832 2416 
456 327 2415 5832 2853 
457 1264 5638 5833 5043 
458 1308 5044 5833 5638 
459 919 5043 5833 5044 
460 191 2304 5834 2294 
461 839 2296 5834 2304 
462 189 2294 5834 2296 
463 612 4010 5835 4009 
464 1123 5406 5835 4010 
465 1086 4009 5835 5406 
466 236 2484 5836 2482 
467 834 2492 5836 2484 
468 238 2482 5836 2492 
469 869 4950 5837 2002 
470 1344 2005 5837 4950 
471 120 2002 5837 2005 
472 1084 5403 5838 2215 
473 1350 2217 5838 5403 
474 169 2215 5838 2217 
475 180 2260 5839 2258 
476 824 2268 5839 2260 
477 182 2258 5839 2268 
478 698 4359 5840 4358 
479 1121 5371 5840 4359 
480 1068 4358 5840 5371 
481 1274 5646 5841 3975 
482 1284 3976 5841 5646 
483 604 3975 5841 3976 
484 130 2050 5842 2047 
485 1279 5179 5842 2050 
486 977 2047 5842 5179 
487 327 2851 5843 2850 
488 810 4774 5843 2851 
489 809 2850 5843 4774 
490 1093 5425 5844 4344 
491 1094 4345 5844 5425 
492 695 4344 5844 4345 
493 882 4972 5845 4587 
494 913 4588 5845 4972 
495 756 4587 5845 4588 
496 136 2076 5846 2073 
497 1226 4540 5846 2076 
498 744 2073 5846 4540 
499 977 5180 5847 2047 
500 1325 2051 5847 5180 
501 130 2047 5847 2051 
502 773 4651 5848 4648 
503 1245 5098 5848 4651 
504 945 4648 5848 5098 
505 843 4869 5849 4864 
506 955 4867 5849 4869 
507 842 4864 5849 4867 
508 742 4534 5850 1968 
509 1248 1970 5850 4534 
510 112 1968 5850 1970 
511 1055 5340 5851 2061 
512 1198 2063 5851 5340 
513 133 2061 5851 2063 
514 1183 5556 5852 4464 
515 1185 4465 5852 5556 
516 724 4464 5852 4465 
517 100 1920 5853 1918 
518 1236 4593 5853 1920 
519 758 1918 5853 4593 
520 112 1972 5854 1968 
521 1354 4535 5854 1972 
522 742 1968 5854 4535 
523 608 3993 5855 3991 
524 1400 4710 5855 3993 
525 789 3991 5855 4710 
526 1011 5244 5856 5243 
527 1299 5495 5856 5244 
528 1139 5243 5856 5495 
529 1084 5402 5857 5202 
530 1189 5203 5857 5402 
531 988 5202 5857 5203 
532 1079 5393 5858 1975 
533 1345 1977 5858 5393 
534 113 1975 5858 1977 
535 744 4542 5859 2073 
536 1386 2077 5859 4542 
537 136 2073 5859 2077 
538 801 4747 5860 2056 
539 1391 2060 5860 4747 
540 132 2056 5860 2060 
541 871 4954 5861 4953 
542 998 5031 5861 4954 
543 911 4953 5861 5031 
544 111 1966 5862 1965 
545 1101 5379 5862 1966 
546 1071 1965 5862 5379 
547 271 2624 5863 2303 
548 839 2304 5863 2624 
549 191 2303 5863 2304 
550 877 4963 5864 3805 
551 1261 3808 5864 4963 
552 563 3805 5864 3808 
553 272 2627 5865 2483 
554 834 2484 5865 2627 
555 236 2483 5865 2484 
556 789 4709 5866 3916 
557 799 3917 5866 4709 
558 590 3916 5866 3917 
559 548 3746 5867 3743 
560 897 3750 5867 3746 
561 549 3743 5867 3750 
562 570 3834 5868 3833 
563 1105 5250 5868 3834 
564 1013 3833 5868 5250 
565 724 4466 5869 4464 
566 1269 5557 5869 4466 
567 1183 4464 5869 5557 
568 895 4994 5870 2648 
569 896 2649 5870 4994 
570 277 2648 5870 2649 
571 938 5085 5871 3606 
572 1234 3607 5871 5085 
573 514 3606 5871 3607 
574 585 3895 5872 2259 
575 824 2260 5872 3895 
576 180 2259 5872 2260 
577 894 4992 5873 2231 
578 1135 2232 5873 4992 
579 173 2231 5873 2232 
580 160 2176 5874 2175 
581 1312 5607 5874 2176 
582 1226 2175 5874 5607 
583 946 5099 5875 4649 
584 1220 4650 5875 5099 
585 773 4649 5875 4650 
586 1226 5607 5876 4540 
587 1312 4541 5876 5607 
588 744 4540 5876 4541 
589 276 2645 5877 2644 
590 1255 5574 5877 2645 
591 1199 2644 5877 5574 
592 609 3996 5878 3994 
593 1165 5363 5878 3996 
594 1065 3994 5878 5363 
595 909 5026 5879 1978 
596 920 1980 5879 5026 
597 114 1978 5879 1980 
598 906 5016 5880 4204 
599 907 4205 5880 5016 
600 661 4204 5880 4205 
601 174 2234 5881 1897 
602 939 1898 5881 2234 
603 95 1897 5881 1898 
604 523 3643 5882 3640 
605 1213 3647 5882 3643 
606 524 3640 5882 3647 
607 1068 5372 5883 4358 
608 1225 4360 5883 5372 
609 698 4358 5883 4360 
610 870 4952 5884 1932 
611 1398 1935 5884 4952 
612 103 1932 5884 1935 
613 306 2766 5885 2765 
614 873 4957 5885 2766 
615 872 2765 5885 4957 
616 1067 5369 5886 5368 
617 1235 5469 5886 5369 
618 1119 5368 5886 5469 
619 1086 5408 5887 4009 
620 1399 4011 5887 5408 
621 612 4009 5887 4011 
622 807 4769 5888 3925 
623 1401 3927 5888 4769 
624 592 3925 5888 3927 
625 237 2488 5889 2487 
626 880 4969 5889 2488 
627 879 2487 5889 4969 
628 861 4925 5890 2579 
629 1223 2580 5890 4925 
630 260 2579 5890 2580 
631 592 3927 5891 3924 
632 1401 4438 5891 3927 
633 717 3924 5891 4438 
634 466 3410 5892 3408 
635 914 3418 5892 3410 
636 468 3408 5892 3418 
637 990 5208 5893 2214 
638 1254 2216 5893 5208 
639 169 2214 5893 2216 
640 1155 5517 5894 1919 
641 1259 1922 5894 5517 
642 100 1919 5894 1922 
643 601 3964 5895 3962 
644 992 3972 5895 3964 
645 603 3962 5895 3972 
646 723 4461 5896 4459 
647 1269 4466 5896 4461 
648 724 4459 5896 4466 
649 800 4743 5897 2108 
650 802 2109 5897 4743 
651 144 2108 5897 2109 
652 906 5018 5898 3966 
653 1389 3968 5898 5018 
654 602 3966 5898 3968 
655 707 4394 5899 4393 
656 1096 4598 5899 4394 
657 760 4393 5899 4598 
658 1043 5316 5900 4701 
659 1265 4702 5900 5316 
660 787 4701 5900 4702 
661 102 1931 5901 1886 
662 1417 1889 5901 1931 
663 93 1886 5901 1889 
664 684 4298 5902 4297 
665 1120 5366 5902 4298 
666 1066 4297 5902 5366 
667 887 4979 5903 2709 
668 888 2710 5903 4979 
669 292 2709 5903 2710 
670 998 5223 5904 5222 
671 1284 5646 5904 5223 
672 1274 5222 5904 5646 
673 738 4518 5905 4517 
674 875 4960 5905 4518 
675 874 4517 5905 4960 
676 846 4876 5906 2821 
677 1289 2824 5906 4876 
678 320 2821 5906 2824 
679 114 1979 5907 1978 
680 919 5025 5907 1979 
681 909 1978 5907 5025 
682 868 4947 5908 4934 
683 1199 4935 5908 4947 
684 864 4934 5908 4935 
685 752 4573 5909 4570 
686 1304 4576 5909 4573 
687 753 4570 5909 4576 
688 1065 5365 5910 3994 
689 1390 3998 5910 5365 
690 609 3994 5910 3998 
691 320 2825 5911 2821 
692 1327 4877 5911 2825 
693 846 2821 5911 4877 
694 1227 5609 5912 2604 
695 1272 2605 5912 5609 
696 266 2604 5912 2605 
697 1190 5565 5913 5454 
698 1252 5455 5913 5565 
699 1108 5454 5913 5455 
700 1221 5600 5914 1618 
701 1287 1619 5914 5600 
702 39 1618 5914 1619 
703 695 4347 5915 4344 
704 1267 5426 5915 4347 
705 1093 4344 5915 5426 
706 1223 5604 5916 4665 
707 1374 4666 5916 5604 
708 777 4665 5916 4666 
709 723 4462 5917 4461 
710 1357 5641 5917 4462 
711 1269 4461 5917 5641 
712 169 2217 5918 2214 
713 1350 5209 5918 2217 
714 990 2214 5918 5209 
715 1081 5395 5919 4693 
716 1246 4695 5919 5395 
717 785 4693 5919 4695 
718 680 4282 5920 4281 
719 1079 5391 5920 4282 
720 1078 4281 5920 5391 
721 990 5207 5921 2069 
722 1193 2071 5921 5207 
723 135 2069 5921 2071 
724 129 2046 5922 2044 
725 1367 5522 5922 2046 
726 1159 2044 5922 5522 
727 671 4247 5923 4246 
728 1155 5149 5923 4247 
729 967 4246 5923 5149 
730 384 3081 5924 2815 
731 921 2816 5924 3081 
732 318 2815 5924 2816 
733 94 1892 5925 1884 
734 901 1888 5925 1892 
735 93 1884 5925 1888 
736 848 4884 5926 4878 
737 1409 4881 5926 4884 
738 847 4878 5926 4881 
739 977 5179 5927 5175 
740 1279 5176 5927 5179 
741 976 5175 5927 5176 
742 549 3750 5928 3749 
743 897 3761 5928 3750 
744 552 3749 5928 3761 
745 272 2629 5929 2627 
746 1317 4845 5929 2629 
747 834 2627 5929 4845 
748 166 2201 5930 2200 
749 1081 4693 5930 2201 
750 785 2200 5930 4693 
751 1096 5429 5931 2101 
752 1201 2102 5931 5429 
753 142 2101 5931 2102 
754 293 2714 5932 2713 
755 843 4863 5932 2714 
756 841 2713 5932 4863 
757 683 4296 5933 4294 
758 1216 5091 5933 4296 
759 942 4294 5933 5091 
760 134 2067 5934 2066 
761 1246 5395 5934 2067 
762 1081 2066 5934 5395 
763 870 4951 5935 2263 
764 902 2264 5935 4951 
765 181 2263 5935 2264 
766 528 3661 5936 3660 
767 940 4895 5936 3661 
768 852 3660 5936 4895 
769 860 4924 5937 4923 
770 1374 5447 5937 4924 
771 1104 4923 5937 5447 
772 777 4666 5938 4664 
773 1374 4924 5938 4666 
774 860 4664 5938 4924 
775 102 1929 5939 1928 
776 793 4696 5939 1929 
777 786 1928 5939 4696 
778 135 2072 5940 2069 
779 1254 5208 5940 2072 
780 990 2069 5940 5208 
781 1279 5650 5941 5176 
782 1379 5177 5941 5650 
783 976 5176 5941 5177 
784 441 3309 5942 3308 
785 866 4938 5942 3309 
786 865 3308 5942 4938 
787 230 2460 5943 2459 
788 809 4712 5943 2460 
789 790 2459 5943 4712 
790 468 3418 5944 3417 
791 914 4389 5944 3418 
792 706 3417 5944 4389 
793 1139 5495 5945 5216 
794 1299 5218 5945 5495 
795 994 5216 5945 5218 
796 833 4843 5946 3409 
797 914 3410 5946 4843 
798 466 3409 5946 3410 
799 1171 5539 5947 4491 
800 1282 4492 5947 5539 
801 731 4491 5947 4492 
802 112 1970 5948 1969 
803 1248 4599 5948 1970 
804 760 1969 5948 4599 
805 717 4435 5949 3080 
806 921 3081 5949 4435 
807 384 3080 5949 3081 
808 99 1916 5950 1915 
809 900 5000 5950 1916 
810 899 1915 5950 5000 
811 825 4818 5951 4817 
812 828 4820 5951 4818 
813 826 4817 5951 4820 
814 785 4694 5952 2200 
815 1224 2202 5952 4694 
816 166 2200 5952 2202 
817 524 3647 5953 3646 
818 1213 5084 5953 3647 
819 937 3646 5953 5084 
820 214 2395 5954 2291 
821 868 2292 5954 2395 
822 188 2291 5954 2292 
823 524 3646 5955 3645 
824 937 4008 5955 3646 
825 612 3645 5955 4008 
826 792 4720 5956 1973 
827 1231 1976 5956 4720 
828 113 1973 5956 1976 
829 257 2568 5957 2567 
830 875 2589 5957 2568 
831 262 2567 5957 2589 
832 809 4774 5958 4712 
833 810 4713 5958 4774 
834 790 4712 5958 4713 
835 584 3894 5959 3891 
836 1372 5561 5959 3894 
837 1186 3891 5959 5561 
838 937 5083 5960 4008 
839 1123 4010 5960 5083 
840 612 4008 5960 4010 
841 867 4946 5961 4945 
842 1333 5643 5961 4946 
843 1271 4945 5961 5643 
844 441 3308 5962 3307 
845 865 4764 5962 3308 
846 806 3307 5962 4764 
847 577 3863 5963 3861 
848 1167 5438 5963 3863 
849 1099 3861 5963 5438 
850 1013 5251 5964 3833 
851 1315 3836 5964 5251 
852 570 3833 5964 3836 
853 756 4589 5965 4586 
854 1303 4590 5965 4589 
855 757 4586 5965 4590 
856 822 4811 5966 4810 
857 824 4812 5966 4811 
858 823 4810 5966 4812 
859 1199 5574 5967 4935 
860 1255 4936 5967 5574 
861 864 4935 5967 4936 
862 834 4845 5968 4844 
863 1317 5033 5968 4845 
864 914 4844 5968 5033 
865 320 2823 5969 2817 
866 1178 2820 5969 2823 
867 319 2817 5969 2820 
868 241 2504 5970 2503 
869 876 2661 5970 2504 
870 280 2503 5970 2661 
871 1177 5549 5971 4267 
872 1224 4268 5971 5549 
873 676 4267 5971 4268 
874 827 4824 5972 2455 
875 831 2456 5972 4824 
876 229 2455 5972 2456 
877 1271 5643 5973 4931 
878 1333 4932 5973 5643 
879 863 4931 5973 4932 
880 204 2356 5974 2355 
881 885 2633 5974 2356 
882 273 2355 5974 2633 
883 844 4871 5975 4870 
884 848 4874 5975 4871 
885 845 4870 5975 4874 
886 940 5088 5976 5087 
887 1359 5192 5976 5088 
888 982 5087 5976 5192 
889 603 3972 5977 3971 
890 992 5027 5977 3972 
891 909 3971 5977 5027 
892 249 2536 5978 2535 
893 872 4045 5978 2536 
894 621 2535 5978 4045 
895 99 1915 5979 1914 
896 899 4999 5979 1915 
897 898 1914 5979 4999 
898 247 2528 5980 2527 
899 882 4587 5980 2528 
900 756 2527 5980 4587 
901 189 2296 5981 2295 
902 839 4854 5981 2296 
903 837 2295 5981 4854 
904 262 2589 5982 2588 
905 875 3553 5982 2589 
906 502 2588 5982 3553 
907 296 2726 5983 2725 
908 884 4202 5983 2726 
909 660 2725 5983 4202 
910 182 2268 5984 2267 
911 824 4809 5984 2268 
912 821 2267 5984 4809 
913 238 2492 5985 2491 
914 834 4841 5985 2492 
915 832 2491 5985 4841 
916 760 4600 5986 1969 
917 1348 1971 5986 4600 
918 112 1969 5986 1971 
919 414 3202 5987 3201 
920 879 4830 5987 3202 
921 829 3201 5987 4830 
922 797 4737 5988 4736 
923 1272 5609 5988 4737 
924 1227 4736 5988 5609 
925 1114 5464 5989 4460 
926 1357 4462 5989 5464 
927 723 4460 5989 4462 
928 762 4606 5990 3745 
929 897 3746 5990 4606 
930 548 3745 5990 3746 
931 852 4896 5991 3660 
932 1378 3664 5991 4896 
933 528 3660 5991 3664 
934 850 4890 5992 4889 
935 852 4891 5992 4890 
936 851 4889 5992 4891 
937 259 2577 5993 2576 
938 924 4970 5993 2577 
939 880 2576 5993 4970 
940 274 2637 5994 2636 
941 822 2915 5994 2637 
942 343 2636 5994 2915 
943 444 3322 5995 3321 
944 1122 4255 5995 3322 
945 673 3321 5995 4255 
946 772 4646 5996 4645 
947 860 4658 5996 4646 
948 775 4645 5996 4658 
949 639 4118 5997 4116 
950 1172 5319 5997 4118 
951 1045 4116 5997 5319 
952 835 4847 5998 3130 
953 886 3131 5998 4847 
954 397 3130 5998 3131 
955 720 4450 5999 4448 
956 1329 5470 5999 4450 
957 1119 4448 5999 5470 
958 920 5046 6000 2174 
959 1312 2176 6000 5046 
960 160 2174 6000 2176 
961 982 5193 6001 5087 
962 1371 5089 6001 5193 
963 940 5087 6001 5089 
964 923 5053 6002 4566 
965 1154 4567 6002 5053 
966 751 4566 6002 4567 
967 370 3025 6003 3024 
968 1122 3322 6003 3025 
969 444 3024 6003 3322 
970 716 4434 6004 4432 
971 1247 5056 6004 4434 
972 925 4432 6004 5056 
973 254 2556 6005 2549 
974 798 2552 6005 2556 
975 253 2549 6005 2552 
976 802 4750 6006 2109 
977 976 2110 6006 4750 
978 144 2109 6006 2110 
979 1013 5252 6007 5246 
980 1318 5249 6007 5252 
981 1012 5246 6007 5249 
982 763 4607 6008 4604 
983 764 4605 6008 4607 
984 762 4604 6008 4605 
985 153 2146 6009 2145 
986 1047 5321 6009 2146 
987 1046 2145 6009 5321 
988 1161 5524 6010 4407 
989 1263 4408 6010 5524 
990 710 4407 6010 4408 
991 845 4873 6011 4872 
992 847 4875 6011 4873 
993 846 4872 6011 4875 
994 932 5072 6012 4865 
995 933 4866 6012 5072 
996 842 4865 6012 4866 
997 193 2312 6013 2311 
998 895 2648 6013 2312 
999 277 2311 6013 2648 
1000 1181 5554 6014 5298 
1001 1196 5299 6014 5554 
1002 1034 5298 6014 5299 
1003 794 4725 6015 2209 
1004 1179 2211 6015 4725 
1005 168 2209 6015 2211 
1006 673 4256 6016 4253 
1007 1152 4258 6016 4256 
1008 674 4253 6016 4258 
1009 1141 5499 6017 5498 
1010 1207 5500 6017 5499 
1011 1142 5498 6017 5500 
1012 1114 5463 6018 2172 
1013 1215 2173 6018 5463 
1014 159 2172 6018 2173 
1015 1263 5637 6019 4408 
1016 1281 4409 6019 5637 
1017 710 4408 6019 4409 
1018 683 4294 6020 4293 
1019 942 4715 6020 4294 
1020 791 4293 6020 4715 
1021 258 2572 6021 2555 
1022 798 2556 6021 2572 
1023 254 2555 6021 2556 
1024 214 2396 6022 2395 
1025 1199 4947 6022 2396 
1026 868 2395 6022 4947 
1027 280 2661 6023 2660 
1028 876 4572 6023 2661 
1029 752 2660 6023 4572 
1030 358 2977 6024 2976 
1031 833 3409 6024 2977 
1032 466 2976 6024 3409 
1033 1139 5496 6025 5243 
1034 1315 5245 6025 5496 
1035 1011 5243 6025 5245 
1036 1295 5662 6026 3941 
1037 1296 3942 6026 5662 
1038 596 3941 6026 3942 
1039 787 4703 6027 2166 
1040 1294 2169 6027 4703 
1041 158 2166 6027 2169 
1042 1228 5611 6028 3992 
1043 1400 3993 6028 5611 
1044 608 3992 6028 3993 
1045 890 4986 6029 3890 
1046 1372 3894 6029 4986 
1047 584 3890 6029 3894 
1048 273 2633 6030 2632 
1049 885 4580 6030 2633 
1050 754 2632 6030 4580 
1051 1053 5335 6031 3978 
1052 1273 3980 6031 5335 
1053 605 3978 6031 3980 
1054 435 3286 6032 3283 
1055 1154 5053 6032 3286 
1056 923 3283 6032 5053 
1057 963 5138 6033 5136 
1058 1287 5600 6033 5138 
1059 1221 5136 6033 5600 
1060 93 1888 6034 1885 
1061 901 1917 6034 1888 
1062 99 1885 6034 1917 
1063 1078 5392 6035 4281 
1064 1080 4283 6035 5392 
1065 680 4281 6035 4283 
1066 992 5213 6036 5045 
1067 1312 5046 6036 5213 
1068 920 5045 6036 5046 
1069 981 5190 6037 2822 
1070 1178 2823 6037 5190 
1071 320 2822 6037 2823 
1072 397 3131 6038 2923 
1073 886 2924 6038 3131 
1074 345 2923 6038 2924 
1075 917 5037 6039 4886 
1076 1257 4887 6039 5037 
1077 849 4886 6039 4887 
1078 578 3869 6040 3866 
1079 1321 5386 6040 3869 
1080 1075 3866 6040 5386 
1081 879 4969 6041 4830 
1082 880 4831 6041 4969 
1083 829 4830 6041 4831 
1084 872 4957 6042 4045 
1085 873 4046 6042 4957 
1086 621 4045 6042 4046 
1087 702 4376 6043 3963 
1088 992 3964 6043 4376 
1089 601 3963 6043 3964 
1090 653 4174 6044 3990 
1091 1228 3992 6044 4174 
1092 608 3990 6044 3992 
1093 822 4810 6045 2915 
1094 823 2916 6045 4810 
1095 343 2915 6045 2916 
1096 138 2085 6046 2083 
1097 1225 5372 6046 2085 
1098 1068 2083 6046 5372 
1099 684 4299 6047 4298 
1100 1270 5471 6047 4299 
1101 1120 4298 6047 5471 
1102 543 3726 6048 3724 
1103 1004 5060 6048 3726 
1104 927 3724 6048 5060 
1105 874 4960 6049 2559 
1106 875 2560 6049 4960 
1107 255 2559 6049 2560 
1108 825 4817 6050 2453 
1109 826 2454 6050 4817 
1110 229 2453 6050 2454 
1111 252 2548 6051 2547 
1112 874 2559 6051 2548 
1113 255 2547 6051 2559 
1114 224 2436 6052 2435 
1115 825 2453 6052 2436 
1116 229 2435 6052 2453 
1117 223 2432 6053 2431 
1118 809 2460 6053 2432 
1119 230 2431 6053 2460 
1120 246 2524 6054 2523 
1121 872 2536 6054 2524 
1122 249 2523 6054 2536 
1123 402 3153 6055 3152 
1124 1297 4835 6055 3153 
1125 830 3152 6055 4835 
1126 206 2364 6056 2354 
1127 885 2356 6056 2364 
1128 204 2354 6056 2356 
1129 242 2508 6057 2501 
1130 876 2504 6057 2508 
1131 241 2501 6057 2504 
1132 199 2336 6058 2335 
1133 884 2726 6058 2336 
1134 296 2335 6058 2726 
1135 320 2824 6059 2822 
1136 1289 5191 6059 2824 
1137 981 2822 6059 5191 
1138 821 4808 6060 2616 
1139 822 2617 6060 4808 
1140 269 2616 6060 2617 
1141 954 5109 6061 2828 
1142 1113 2829 6061 5109 
1143 321 2828 6061 2829 
1144 622 4050 6062 4049 
1145 888 4979 6062 4050 
1146 887 4049 6062 4979 
1147 622 4049 6063 2343 
1148 887 2344 6063 4049 
1149 201 2343 6063 2344 
1150 285 2681 6064 2351 
1151 891 2352 6064 2681 
1152 203 2351 6064 2352 
1153 348 2937 6065 2936 
1154 968 3318 6065 2937 
1155 443 2936 6065 3318 
1156 243 2512 6066 2511 
1157 832 2968 6066 2512 
1158 356 2511 6066 2968 
1159 187 2288 6067 2287 
1160 821 2616 6067 2288 
1161 269 2287 6067 2616 
1162 832 4840 6068 2968 
1163 833 2969 6068 4840 
1164 356 2968 6068 2969 
1165 228 2452 6069 2451 
1166 879 3202 6069 2452 
1167 414 2451 6069 3202 
1168 878 4968 6070 4964 
1169 1337 5096 6070 4968 
1170 944 4964 6070 5096 
1171 248 2532 6071 2525 
1172 882 2528 6071 2532 
1173 247 2525 6071 2528 
1174 769 4634 6072 4633 
1175 860 4646 6072 4634 
1176 772 4633 6072 4646 
1177 944 5095 6073 4964 
1178 1335 4967 6073 5095 
1179 878 4964 6073 4967 
1180 355 2965 6074 2963 
1181 1216 5509 6074 2965 
1182 1148 2963 6074 5509 
1183 293 2713 6075 2367 
1184 841 2368 6075 2713 
1185 207 2367 6075 2368 
1186 864 4937 6076 4934 
1187 1333 4948 6076 4937 
1188 868 4934 6076 4948 
1189 185 2280 6077 2279 
1190 837 4398 6077 2280 
1191 708 2279 6077 4398 
1192 830 4836 6078 3152 
1193 1331 3154 6078 4836 
1194 402 3152 6078 3154 
1195 837 4853 6079 4398 
1196 838 4399 6079 4853 
1197 708 4398 6079 4399 
1198 844 4870 6080 3609 
1199 845 3610 6080 4870 
1200 515 3609 6080 3610 
1201 862 4927 6081 3590 
1202 863 3591 6081 4927 
1203 511 3590 6081 3591 
1204 1088 5411 6082 4913 
1205 1089 4914 6082 5411 
1206 857 4913 6082 4914 
1207 605 3981 6083 3978 
1208 1397 5337 6083 3981 
1209 1053 3978 6083 5337 
1210 1092 5423 6084 5422 
1211 1252 5565 6084 5423 
1212 1190 5422 6084 5565 
1213 854 4902 6085 3427 
1214 984 3428 6085 4902 
1215 471 3427 6085 3428 
1216 211 2384 6086 2383 
1217 844 3609 6086 2384 
1218 515 2383 6086 3609 
1219 1159 5521 6087 2044 
1220 1265 2045 6087 5521 
1221 129 2044 6087 2045 
1222 443 3318 6088 3317 
1223 968 4242 6088 3318 
1224 670 3317 6088 4242 
1225 831 4838 6089 4837 
1226 852 4890 6089 4838 
1227 850 4837 6089 4890 
1228 651 4166 6090 4165 
1229 1196 5554 6090 4166 
1230 1181 4165 6090 5554 
1231 918 5041 6091 4254 
1232 1152 4256 6091 5041 
1233 673 4254 6091 4256 
1234 231 2464 6092 2463 
1235 859 2591 6092 2464 
1236 263 2463 6092 2591 
1237 194 2316 6093 2309 
1238 895 2312 6093 2316 
1239 193 2309 6093 2312 
1240 1105 5448 6094 5250 
1241 1318 5252 6094 5448 
1242 1013 5250 6094 5252 
1243 831 4837 6095 2419 
1244 850 2420 6095 4837 
1245 220 2419 6095 2420 
1246 255 2560 6096 2558 
1247 875 2568 6096 2560 
1248 257 2558 6096 2568 
1249 327 2853 6097 2852 
1250 812 4778 6097 2853 
1251 811 2852 6097 4778 
1252 651 4167 6098 4160 
1253 1202 4162 6098 4167 
1254 650 4160 6098 4162 
1255 930 5067 6099 4403 
1256 1319 4405 6099 5067 
1257 709 4403 6099 4405 
1258 448 3338 6100 3337 
1259 891 4595 6100 3338 
1260 759 3337 6100 4595 
1261 811 4780 6101 4775 
1262 814 4776 6101 4780 
1263 810 4775 6101 4776 
1264 546 3738 6102 3737 
1265 881 4603 6102 3738 
1266 761 3737 6102 4603 
1267 1181 5555 6103 4165 
1268 1202 4167 6103 5555 
1269 651 4165 6103 4167 
1270 830 4835 6104 4823 
1271 1297 4825 6104 4835 
1272 827 4823 6104 4825 
1273 253 2552 6105 2551 
1274 798 2753 6105 2552 
1275 303 2551 6105 2753 
1276 672 4252 6106 4250 
1277 1251 4791 6106 4252 
1278 815 4250 6106 4791 
1279 928 5063 6107 2699 
1280 1192 2700 6107 5063 
1281 290 2699 6107 2700 
1282 431 3270 6108 3260 
1283 950 3261 6108 3270 
1284 429 3260 6108 3261 
1285 155 2156 6109 2155 
1286 1316 5567 6109 2156 
1287 1191 2155 6109 5567 
1288 482 3474 6110 3473 
1289 983 4355 6110 3474 
1290 697 3473 6110 4355 
1291 261 2585 6111 2578 
1292 861 2579 6111 2585 
1293 260 2578 6111 2579 
1294 376 3049 6112 3048 
1295 941 3656 6112 3049 
1296 527 3048 6112 3656 
1297 269 2617 6113 2615 
1298 822 2637 6113 2617 
1299 274 2615 6113 2637 
1300 1142 5501 6114 2239 
1301 1210 2240 6114 5501 
1302 175 2239 6114 2240 
1303 586 3900 6115 2773 
1304 913 2774 6115 3900 
1305 308 2773 6115 2774 
1306 1039 5308 6116 2042 
1307 1367 2046 6116 5308 
1308 129 2042 6116 2046 
1309 818 4799 6117 2177 
1310 819 2178 6117 4799 
1311 161 2177 6117 2178 
1312 1258 5633 6118 5399 
1313 1307 5400 6118 5633 
1314 1083 5399 6118 5400 
1315 738 4519 6119 4518 
1316 1408 4961 6119 4519 
1317 875 4518 6119 4961 
1318 622 4051 6120 4050 
1319 889 4980 6120 4051 
1320 888 4050 6120 4980 
1321 318 2816 6121 2687 
1322 921 2689 6121 2816 
1323 287 2687 6121 2689 
1324 1004 5230 6122 5060 
1325 1005 5061 6122 5230 
1326 927 5060 6122 5061 
1327 931 5068 6123 2191 
1328 1057 2193 6123 5068 
1329 164 2191 6123 2193 
1330 538 3703 6124 3702 
1331 1169 5082 6124 3703 
1332 936 3702 6124 5082 
1333 462 3394 6125 3269 
1334 950 3270 6125 3394 
1335 431 3269 6125 3270 
1336 829 4832 6126 4827 
1337 1169 4828 6126 4832 
1338 828 4827 6126 4828 
1339 188 2292 6127 2290 
1340 868 2300 6127 2292 
1341 190 2290 6127 2300 
1342 344 2921 6128 2920 
1343 941 3049 6128 2921 
1344 376 2920 6128 3049 
1345 99 1914 6129 1880 
1346 898 1882 6129 1914 
1347 92 1880 6129 1882 
1348 356 2969 6130 2967 
1349 833 2977 6130 2969 
1350 358 2967 6130 2977 
1351 814 4790 6131 4788 
1352 1234 5085 6131 4790 
1353 938 4788 6131 5085 
1354 826 4822 6132 4821 
1355 1260 4834 6132 4822 
1356 830 4821 6132 4834 
1357 334 2881 6133 2880 
1358 881 3738 6133 2881 
1359 546 2880 6133 3738 
1360 92 1882 6134 1874 
1361 898 1877 6134 1882 
1362 91 1874 6134 1877 
1363 572 3844 6135 3843 
1364 1304 5670 6135 3844 
1365 1303 3843 6135 5670 
1366 579 3873 6136 3127 
1367 1118 3129 6136 3873 
1368 396 3127 6136 3129 
1369 88 1862 6137 1860 
1370 902 1933 6137 1862 
1371 103 1860 6137 1933 
1372 985 5197 6138 5196 
1373 987 5198 6138 5197 
1374 986 5196 6138 5198 
1375 126 2031 6139 2030 
1376 911 5028 6139 2031 
1377 910 2030 6139 5028 
1378 125 2027 6140 2024 
1379 1029 4794 6140 2027 
1380 816 2024 6140 4794 
1381 1296 5665 6141 5542 
1382 1412 5544 6141 5665 
1383 1173 5542 6141 5544 
1384 308 2774 6142 2757 
1385 913 2758 6142 2774 
1386 304 2757 6142 2758 
1387 471 3429 6143 3427 
1388 985 4903 6143 3429 
1389 854 3427 6143 4903 
1390 1023 5276 6144 5275 
1391 1277 5279 6144 5276 
1392 1024 5275 6144 5279 
1393 783 4689 6145 4688 
1394 1324 5667 6145 4689 
1395 1298 4688 6145 5667 
1396 796 4734 6146 2962 
1397 1216 2965 6146 4734 
1398 355 2962 6146 2965 
1399 212 2388 6147 2387 
1400 1290 4783 6147 2388 
1401 812 2387 6147 4783 
1402 1173 5544 6148 4797 
1403 1412 4798 6148 5544 
1404 817 4797 6148 4798 
1405 673 4255 6149 4254 
1406 1122 5040 6149 4255 
1407 918 4254 6149 5040 
1408 1024 5280 6150 5275 
1409 1353 5277 6150 5280 
1410 1023 5275 6150 5277 
1411 267 2609 6151 2608 
1412 903 2705 6151 2609 
1413 291 2608 6151 2705 
1414 661 4206 6152 4204 
1415 912 5017 6152 4206 
1416 906 4204 6152 5017 
1417 805 4761 6153 3522 
1418 1349 3524 6153 4761 
1419 494 3522 6153 3524 
1420 471 3428 6154 3413 
1421 984 3414 6154 3428 
1422 467 3413 6154 3414 
1423 743 4538 6155 4537 
1424 1224 5549 6155 4538 
1425 1177 4537 6155 5549 
1426 761 4603 6156 4602 
1427 881 4738 6156 4603 
1428 798 4602 6156 4738 
1429 701 4372 6157 3567 
1430 1007 3568 6157 4372 
1431 505 3567 6157 3568 
1432 1018 5262 6158 2012 
1433 1244 2013 6158 5262 
1434 122 2012 6158 2013 
1435 1150 5511 6159 5057 
1436 1182 5058 6159 5511 
1437 926 5057 6159 5058 
1438 628 4074 6160 3449 
1439 929 3450 6160 4074 
1440 476 3449 6160 3450 
1441 525 3650 6161 3648 
1442 988 5199 6161 3650 
1443 986 3648 6161 5199 
1444 324 2841 6162 2840 
1445 955 4869 6162 2841 
1446 843 2840 6162 4869 
1447 598 3952 6163 3949 
1448 1389 5015 6163 3952 
1449 905 3949 6163 5015 
1450 281 2665 6164 2575 
1451 924 2577 6164 2665 
1452 259 2575 6164 2577 
1453 1154 5516 6165 5515 
1454 1307 5633 6165 5516 
1455 1258 5515 6165 5633 
1456 1191 5568 6166 2155 
1457 1376 2157 6166 5568 
1458 155 2155 6166 2157 
1459 986 5198 6167 3648 
1460 987 3649 6167 5198 
1461 525 3648 6167 3649 
1462 467 3414 6168 2983 
1463 984 2984 6168 3414 
1464 360 2983 6168 2984 
1465 538 3702 6169 2956 
1466 936 2957 6169 3702 
1467 353 2956 6169 2957 
1468 819 4803 6170 4802 
1469 1296 5662 6170 4803 
1470 1295 4802 6170 5662 
1471 1101 5444 6171 5380 
1472 1309 5382 6171 5444 
1473 1072 5380 6171 5382 
1474 1125 5475 6172 5381 
1475 1381 5383 6172 5475 
1476 1072 5381 6172 5383 
1477 275 2641 6173 2640 
1478 954 2828 6173 2641 
1479 321 2640 6173 2828 
1480 909 5027 6174 5026 
1481 992 5045 6174 5027 
1482 920 5026 6174 5045 
1483 1186 5560 6175 3891 
1484 1213 3892 6175 5560 
1485 584 3891 6175 3892 
1486 784 4691 6176 4686 
1487 1324 4689 6176 4691 
1488 783 4686 6176 4689 
1489 643 4135 6177 4134 
1490 1158 5256 6177 4135 
1491 1016 4134 6177 5256 
1492 753 4574 6178 2668 
1493 904 2669 6178 4574 
1494 282 2668 6178 2669 
1495 670 4244 6179 4241 
1496 1272 4737 6179 4244 
1497 797 4241 6179 4737 
1498 852 4895 6180 4891 
1499 940 4892 6180 4895 
1500 851 4891 6180 4892 
1501 925 5056 6181 4759 
1502 1247 4760 6181 5056 
1503 805 4759 6181 4760 
1504 168 2213 6182 2209 
1505 1396 4727 6182 2213 
1506 794 2209 6182 4727 
1507 144 2111 6183 2108 
1508 1232 4744 6183 2111 
1509 800 2108 6183 4744 
1510 181 2264 6184 2255 
1511 902 2256 6184 2264 
1512 179 2255 6184 2256 
1513 886 4978 6185 4977 
1514 1113 5109 6185 4978 
1515 954 4977 6185 5109 
1516 190 2300 6186 2299 
1517 868 4944 6186 2300 
1518 867 2299 6186 4944 
1519 176 2244 6187 2242 
1520 1208 5248 6187 2244 
1521 1012 2242 6187 5248 
1522 59 1718 6188 1715 
1523 1080 1724 6188 1718 
1524 60 1715 6188 1724 
1525 307 2770 6189 2768 
1526 995 2798 6189 2770 
1527 314 2768 6189 2798 
1528 911 5032 6190 2196 
1529 1383 2198 6190 5032 
1530 165 2196 6190 2198 
1531 900 5005 6191 5000 
1532 1164 5001 6191 5005 
1533 899 5000 6191 5001 
1534 471 3430 6192 3429 
1535 987 5197 6192 3430 
1536 985 3429 6192 5197 
1537 572 3841 6193 3301 
1538 948 3302 6193 3841 
1539 439 3301 6193 3302 
1540 323 2837 6194 2836 
1541 926 2894 6194 2837 
1542 338 2836 6194 2894 
1543 860 4923 6195 4658 
1544 1104 4659 6195 4923 
1545 775 4658 6195 4659 
1546 230 2458 6196 2457 
1547 789 4497 6196 2458 
1548 733 2457 6196 4497 
1549 505 3568 6197 3103 
1550 1007 3105 6197 3568 
1551 390 3103 6197 3105 
1552 855 4907 6198 4906 
1553 985 4917 6198 4907 
1554 858 4906 6198 4917 
1555 389 3101 6199 3100 
1556 983 3474 6199 3101 
1557 482 3100 6199 3474 
1558 693 4339 6200 4337 
1559 1157 5185 6200 4339 
1560 979 4337 6200 5185 
1561 138 2086 6201 2085 
1562 1329 5606 6201 2086 
1563 1225 2085 6201 5606 
1564 543 3725 6202 3723 
1565 934 4220 6202 3725 
1566 665 3723 6202 4220 
1567 494 3523 6203 3522 
1568 925 4759 6203 3523 
1569 805 3522 6203 4759 
1570 922 5051 6204 4225 
1571 1388 4228 6204 5051 
1572 666 4225 6204 4228 
1573 353 2957 6205 2745 
1574 936 2746 6205 2957 
1575 301 2745 6205 2746 
1576 796 4732 6206 4130 
1577 1073 4131 6206 4732 
1578 642 4130 6206 4131 
1579 929 5065 6207 5062 
1580 1192 5063 6207 5065 
1581 928 5062 6207 5063 
1582 388 3097 6208 3096 
1583 1004 3726 6208 3097 
1584 543 3096 6208 3726 
1585 99 1917 6209 1916 
1586 901 5003 6209 1917 
1587 900 1916 6209 5003 
1588 1109 5456 6210 4362 
1589 1293 4364 6210 5456 
1590 699 4362 6210 4364 
1591 1283 5654 6211 4530 
1592 1298 4531 6211 5654 
1593 741 4530 6211 4531 
1594 1105 5449 6212 5448 
1595 1355 5673 6212 5449 
1596 1318 5448 6212 5673 
1597 905 5015 6213 5013 
1598 1389 5018 6213 5015 
1599 906 5013 6213 5018 
1600 1297 5666 6214 4825 
1601 1378 4826 6214 5666 
1602 827 4825 6214 4826 
1603 530 3672 6215 3671 
1604 1127 4180 6215 3672 
1605 655 3671 6215 4180 
1606 475 3446 6216 3445 
1607 1130 4117 6216 3446 
1608 639 3445 6216 4117 
1609 1109 5457 6217 5456 
1610 1311 5661 6217 5457 
1611 1293 5456 6217 5661 
1612 476 3450 6218 3147 
1613 929 3149 6218 3450 
1614 401 3147 6218 3149 
1615 263 2592 6219 2590 
1616 890 4386 6219 2592 
1617 705 2590 6219 4386 
1618 374 3041 6220 3040 
1619 1000 3279 6220 3041 
1620 434 3040 6220 3279 
1621 1000 5226 6221 3279 
1622 1163 3282 6221 5226 
1623 434 3279 6221 3282 
1624 521 3635 6222 3634 
1625 997 3887 6222 3635 
1626 583 3634 6222 3887 
1627 956 5110 6223 3179 
1628 957 3180 6223 5110 
1629 409 3179 6223 3180 
1630 584 3892 6224 3642 
1631 1213 3643 6224 3892 
1632 523 3642 6224 3643 
1633 568 3826 6225 3825 
1634 970 5152 6225 3826 
1635 969 3825 6225 5152 
1636 250 2540 6226 2538 
1637 874 2548 6226 2540 
1638 252 2538 6226 2548 
1639 311 2786 6227 2785 
1640 1278 4860 6227 2786 
1641 840 2785 6227 4860 
1642 89 1866 6228 1859 
1643 902 1862 6228 1866 
1644 88 1859 6228 1862 
1645 632 4091 6229 4089 
1646 996 4096 6229 4091 
1647 634 4089 6229 4096 
1648 244 2516 6230 2514 
1649 872 2524 6230 2516 
1650 246 2514 6230 2524 
1651 767 4626 6231 4624 
1652 860 4634 6231 4626 
1653 769 4624 6231 4634 
1654 226 2444 6232 2434 
1655 825 2436 6232 2444 
1656 224 2434 6232 2436 
1657 331 2869 6233 2859 
1658 1117 2861 6233 2869 
1659 329 2859 6233 2861 
1660 403 3158 6234 3156 
1661 1001 3165 6234 3158 
1662 405 3156 6234 3165 
1663 240 2500 6235 2499 
1664 832 2512 6235 2500 
1665 243 2499 6235 2512 
1666 221 2424 6236 2422 
1667 809 2432 6236 2424 
1668 223 2422 6236 2432 
1669 183 2272 6237 2262 
1670 870 2263 6237 2272 
1671 181 2262 6237 2263 
1672 763 4608 6238 4607 
1673 765 4611 6238 4608 
1674 764 4607 6238 4611 
1675 201 2344 6239 2341 
1676 887 2348 6239 2344 
1677 202 2341 6239 2348 
1678 464 3402 6240 3401 
1679 1156 3862 6240 3402 
1680 577 3401 6240 3862 
1681 190 2299 6241 2298 
1682 867 2308 6241 2299 
1683 192 2298 6241 2308 
1684 209 2376 6242 2363 
1685 885 2364 6242 2376 
1686 206 2363 6242 2364 
1687 854 4903 6243 4901 
1688 985 4907 6243 4903 
1689 855 4901 6243 4907 
1690 1257 5632 6244 4887 
1691 1288 4888 6244 5632 
1692 849 4887 6244 4888 
1693 728 4481 6245 3092 
1694 870 3093 6245 4481 
1695 387 3092 6245 3093 
1696 229 2456 6246 2427 
1697 831 2428 6246 2456 
1698 222 2427 6246 2428 
1699 439 3302 6247 3028 
1700 948 3029 6247 3302 
1701 371 3028 6247 3029 
1702 203 2352 6248 2339 
1703 891 2340 6248 2352 
1704 200 2339 6248 2340 
1705 207 2368 6249 2365 
1706 841 2372 6249 2368 
1707 208 2365 6249 2372 
1708 196 2324 6250 2323 
1709 884 2336 6250 2324 
1710 199 2323 6250 2336 
1711 230 2457 6251 2439 
1712 733 2440 6251 2457 
1713 225 2439 6251 2440 
1714 205 2360 6252 2359 
1715 887 2709 6252 2360 
1716 292 2359 6252 2709 
1717 186 2284 6253 2277 
1718 837 2280 6253 2284 
1719 185 2277 6253 2280 
1720 232 2468 6254 2450 
1721 879 2452 6254 2468 
1722 228 2450 6254 2452 
1723 245 2520 6255 2507 
1724 876 2508 6255 2520 
1725 242 2507 6255 2508 
1726 764 4613 6256 4605 
1727 897 4606 6256 4613 
1728 762 4605 6256 4606 
1729 198 2332 6257 2331 
1730 891 3338 6257 2332 
1731 448 2331 6257 3338 
1732 227 2448 6258 2446 
1733 859 2464 6258 2448 
1734 231 2446 6258 2464 
1735 251 2544 6259 2531 
1736 882 2532 6259 2544 
1737 248 2531 6259 2532 
1738 184 2276 6260 2275 
1739 821 2288 6260 2276 
1740 187 2275 6260 2288 
1741 396 3129 6261 3128 
1742 1118 5467 6261 3129 
1743 1117 3128 6261 5467 
1744 738 4517 6262 2912 
1745 874 2913 6262 4517 
1746 342 2912 6262 2913 
1747 927 5061 6263 3909 
1748 1005 3910 6263 5061 
1749 588 3909 6263 3910 
1750 823 4814 6264 4813 
1751 1164 5090 6264 4814 
1752 941 4813 6264 5090 
1753 1108 5453 6265 4012 
1754 1126 4013 6265 5453 
1755 613 4012 6265 4013 
1756 197 2328 6266 2315 
1757 895 2316 6266 2328 
1758 194 2315 6266 2316 
1759 215 2400 6267 2382 
1760 844 2384 6267 2400 
1761 211 2382 6267 2384 
1762 1260 5635 6268 4834 
1763 1331 4836 6268 5635 
1764 830 4834 6268 4836 
1765 668 4236 6269 4235 
1766 1163 5226 6269 4236 
1767 1000 4235 6269 5226 
1768 984 5195 6270 2984 
1769 1102 2985 6270 5195 
1770 360 2984 6270 2985 
1771 140 2092 6271 1716 
1772 1080 1718 6271 2092 
1773 59 1716 6271 1718 
1774 220 2420 6272 2410 
1775 850 2412 6272 2420 
1776 218 2410 6272 2412 
1777 776 4663 6273 4653 
1778 1017 4654 6273 4663 
1779 774 4653 6273 4654 
1780 840 4861 6274 2785 
1781 1380 2787 6274 4861 
1782 311 2785 6274 2787 
1783 941 5090 6275 3656 
1784 1164 3657 6275 5090 
1785 527 3656 6275 3657 
1786 821 4809 6276 4808 
1787 824 4811 6276 4809 
1788 822 4808 6276 4811 
1789 1002 5228 6277 3379 
1790 1125 3381 6277 5228 
1791 459 3379 6277 3381 
1792 686 4307 6278 3405 
1793 947 3406 6278 4307 
1794 465 3405 6278 3406 
1795 386 3089 6279 3088 
1796 1116 4273 6279 3089 
1797 678 3088 6279 4273 
1798 265 2601 6280 2584 
1799 861 2585 6280 2601 
1800 261 2584 6280 2585 
1801 106 1947 6281 1946 
1802 1402 5680 6281 1947 
1803 1395 1946 6281 5680 
1804 312 2791 6282 2790 
1805 1116 3089 6282 2791 
1806 386 2790 6282 3089 
1807 906 5017 6283 2737 
1808 912 2738 6283 5017 
1809 299 2737 6283 2738 
1810 826 4819 6284 2454 
1811 827 2455 6284 4819 
1812 229 2454 6284 2455 
1813 399 3141 6285 3140 
1814 956 3179 6285 3141 
1815 409 3140 6285 3179 
1816 775 4659 6286 4657 
1817 1104 4675 6286 4659 
1818 780 4657 6286 4675 
1819 568 3825 6287 3781 
1820 969 3782 6287 3825 
1821 557 3781 6287 3782 
1822 263 2590 6288 2478 
1823 705 2480 6288 2590 
1824 235 2478 6288 2480 
1825 985 5196 6289 4917 
1826 986 4918 6289 5196 
1827 858 4917 6289 4918 
1828 1072 5382 6290 5381 
1829 1309 5474 6290 5382 
1830 1125 5381 6290 5474 
1831 863 4930 6291 3591 
1832 864 3592 6291 4930 
1833 511 3591 6291 3592 
1834 1045 5320 6292 4487 
1835 1377 4490 6292 5320 
1836 730 4487 6292 4490 
1837 997 5221 6293 3887 
1838 1110 3888 6293 5221 
1839 583 3887 6293 3888 
1840 832 4841 6294 4840 
1841 834 4842 6294 4841 
1842 833 4840 6294 4842 
1843 424 3242 6295 3241 
1844 965 3275 6295 3242 
1845 433 3241 6295 3275 
1846 642 4131 6296 3880 
1847 1073 3881 6296 4131 
1848 581 3880 6296 3881 
1849 484 3483 6297 3482 
1850 1153 4395 6297 3483 
1851 707 3482 6297 4395 
1852 824 4816 6298 4812 
1853 1334 4815 6298 4816 
1854 823 4812 6298 4815 
1855 799 4739 6299 3917 
1856 950 3918 6299 4739 
1857 590 3917 6299 3918 
1858 263 2593 6300 2592 
1859 1228 4984 6300 2593 
1860 890 2592 6300 4984 
1861 304 2758 6301 2748 
1862 913 2750 6301 2758 
1863 302 2748 6301 2750 
1864 939 5086 6302 5048 
1865 1388 5051 6302 5086 
1866 922 5048 6302 5051 
1867 812 4782 6303 4778 
1868 813 4779 6303 4782 
1869 811 4778 6303 4779 
1870 837 4854 6304 4853 
1871 839 4855 6304 4854 
1872 838 4853 6304 4855 
1873 396 3128 6305 2868 
1874 1117 2869 6305 3128 
1875 331 2868 6305 2869 
1876 179 2256 6306 1865 
1877 902 1866 6306 2256 
1878 89 1865 6306 1866 
1879 693 4337 6307 3486 
1880 979 3487 6307 4337 
1881 485 3486 6307 3487 
1882 473 3438 6308 3437 
1883 997 3635 6308 3438 
1884 521 3437 6308 3635 
1885 975 5174 6309 5160 
1886 993 5161 6309 5174 
1887 971 5160 6309 5161 
1888 962 5135 6310 5134 
1889 1125 5228 6310 5135 
1890 1002 5134 6310 5228 
1891 507 3576 6311 3575 
1892 1263 5524 6311 3576 
1893 1161 3575 6311 5524 
1894 932 5073 6312 3221 
1895 955 3222 6312 5073 
1896 419 3221 6312 3222 
1897 423 3238 6313 3237 
1898 938 3606 6313 3238 
1899 514 3237 6313 3606 
1900 360 2985 6314 2978 
1901 1102 2981 6314 2985 
1902 359 2978 6314 2981 
1903 407 3174 6315 3173 
1904 1002 3379 6315 3174 
1905 459 3173 6315 3379 
1906 284 2677 6316 2664 
1907 924 2665 6316 2677 
1908 281 2664 6316 2665 
1909 91 1877 6317 1875 
1910 898 1943 6317 1877 
1911 105 1875 6317 1943 
1912 911 5031 6318 5028 
1913 998 5029 6318 5031 
1914 910 5028 6318 5029 
1915 788 4704 6319 3872 
1916 1118 3873 6319 4704 
1917 579 3872 6319 3873 
1918 886 4977 6320 2924 
1919 954 2925 6320 4977 
1920 345 2924 6320 2925 
1921 299 2738 6321 2728 
1922 912 2730 6321 2738 
1923 297 2728 6321 2730 
1924 409 3182 6322 3157 
1925 1001 3158 6322 3182 
1926 403 3157 6322 3158 
1927 1142 5500 6323 4428 
1928 1207 4429 6323 5500 
1929 715 4428 6323 4429 
1930 829 4833 6324 4832 
1931 1392 5536 6324 4833 
1932 1169 4832 6324 5536 
1933 956 5111 6325 5110 
1934 1129 5115 6325 5111 
1935 957 5110 6325 5115 
1936 685 4302 6326 4061 
1937 1128 4063 6326 4302 
1938 625 4061 6326 4063 
1939 950 5102 6327 3261 
1940 1136 3262 6327 5102 
1941 429 3261 6327 3262 
1942 635 4103 6328 4090 
1943 996 4091 6328 4103 
1944 632 4090 6328 4091 
1945 119 2000 6329 1998 
1946 1189 5402 6329 2000 
1947 1084 1998 6329 5402 
1948 400 3145 6330 3144 
1949 1130 3446 6330 3145 
1950 475 3144 6330 3446 
1951 1100 5441 6331 4420 
1952 1101 4421 6331 5441 
1953 713 4420 6331 4421 
1954 709 4405 6332 4402 
1955 1319 4486 6332 4405 
1956 729 4402 6332 4486 
1957 654 4178 6333 4177 
1958 1041 5309 6333 4178 
1959 1040 4177 6333 5309 
1960 491 3511 6334 3510 
1961 1127 3672 6334 3511 
1962 530 3510 6334 3672 
1963 305 2762 6335 2761 
1964 881 2881 6335 2762 
1965 334 2761 6335 2881 
1966 282 2669 6336 2666 
1967 904 2673 6336 2669 
1968 283 2666 6336 2673 
1969 568 3828 6337 3827 
1970 975 5160 6337 3828 
1971 971 3827 6337 5160 
1972 709 4404 6338 4403 
1973 1305 5066 6338 4404 
1974 930 4403 6338 5066 
1975 786 4699 6339 1928 
1976 1417 1931 6339 4699 
1977 102 1928 6339 1931 
1978 123 2019 6340 2015 
1979 1373 5258 6340 2019 
1980 1016 2015 6340 5258 
1981 90 1872 6341 1864 
1982 179 1865 6341 1872 
1983 89 1864 6341 1865 
1984 628 4075 6342 4074 
1985 1028 5064 6342 4075 
1986 929 4074 6342 5064 
1987 89 1868 6343 1867 
1988 946 5097 6343 1868 
1989 945 1867 6343 5097 
1990 648 4155 6344 4154 
1991 1314 5575 6344 4155 
1992 1200 4154 6344 5575 
1993 588 3910 6345 3753 
1994 1005 3754 6345 3910 
1995 550 3753 6345 3754 
1996 104 1937 6346 1861 
1997 946 1863 6346 1937 
1998 88 1861 6346 1863 
1999 90 1873 6347 1871 
2000 945 1944 6347 1873 
2001 106 1871 6347 1944 
2002 258 2573 6348 2571 
2003 1330 4610 6348 2573 
2004 763 2571 6348 4610 
2005 957 5115 6349 5114 
2006 1129 5124 6349 5115 
2007 960 5114 6349 5124 
2008 905 5014 6350 3949 
2009 1323 3951 6350 5014 
2010 598 3949 6350 3951 
2011 230 2459 6351 2458 
2012 790 4708 6351 2459 
2013 789 2458 6351 4708 
2014 461 3390 6352 3389 
2015 1156 3402 6352 3390 
2016 464 3389 6352 3402 
2017 291 2706 6353 2704 
2018 968 2937 6353 2706 
2019 348 2704 6353 2937 
2020 1116 5466 6354 4273 
2021 1117 4274 6354 5466 
2022 678 4273 6354 4274 
2023 514 3607 6355 3605 
2024 1234 5074 6355 3607 
2025 933 3605 6355 5074 
2026 621 4047 6356 4044 
2027 892 4514 6356 4047 
2028 737 4044 6356 4514 
2029 417 3214 6357 3213 
2030 1107 4001 6357 3214 
2031 610 3213 6357 4001 
2032 234 2475 6358 2407 
2033 916 2408 6358 2475 
2034 217 2407 6358 2408 
2035 264 2597 6359 2596 
2036 903 2609 6359 2597 
2037 267 2596 6359 2609 
2038 77 1807 6360 1805 
2039 147 1812 6360 1807 
2040 78 1805 6360 1812 
2041 3 1436 6361 1434 
2042 148 1441 6361 1436 
2043 4 1434 6361 1441 
2044 78 1811 6362 1805 
2045 145 1806 6362 1811 
2046 77 1805 6362 1806 
2047 4 1440 6363 1434 
2048 146 1435 6363 1440 
2049 3 1434 6363 1435 
2050 765 4615 6364 4611 
2051 766 4612 6364 4615 
2052 764 4611 6364 4612 
2053 957 5112 6365 3180 
2054 958 3181 6365 5112 
2055 409 3180 6365 3181 
2056 901 5007 6366 5003 
2057 922 5004 6366 5007 
2058 900 5003 6366 5004 
2059 558 3784 6367 3776 
2060 949 3778 6367 3784 
2061 556 3776 6367 3778 
2062 529 3668 6368 3665 
2063 1353 5280 6368 3668 
2064 1024 3665 6368 5280 
2065 329 2861 6369 2860 
2066 1117 5466 6369 2861 
2067 1116 2860 6369 5466 
2068 983 5194 6370 4355 
2069 1173 4356 6370 5194 
2070 697 4355 6370 4356 
2071 568 3827 6371 3826 
2072 971 5154 6371 3827 
2073 970 3826 6371 5154 
2074 382 3073 6372 3072 
2075 930 3601 6372 3073 
2076 513 3072 6372 3601 
2077 148 2126 6373 1441 
2078 1015 1443 6373 2126 
2079 4 1441 6373 1443 
2080 81 1828 6374 1825 
2081 1141 2238 6374 1828 
2082 175 1825 6374 2238 
2083 613 4013 6375 3441 
2084 1126 3442 6375 4013 
2085 474 3441 6375 3442 
2086 565 3816 6376 3815 
2087 951 4157 6376 3816 
2088 649 3815 6376 4157 
2089 76 1803 6377 1801 
2090 1253 4949 6377 1803 
2091 869 1801 6377 4949 
2092 421 3230 6378 3220 
2093 932 3221 6378 3230 
2094 419 3220 6378 3221 
2095 559 3791 6379 3790 
2096 949 3806 6379 3791 
2097 563 3790 6379 3806 
2098 378 3057 6380 3056 
2099 1006 3121 6380 3057 
2100 394 3056 6380 3121 
2101 4 1442 6381 1440 
2102 1009 2117 6381 1442 
2103 146 1440 6381 2117 
2104 425 3246 6382 3236 
2105 938 3238 6382 3246 
2106 423 3236 6382 3238 
2107 658 4193 6383 3349 
2108 1106 3350 6383 4193 
2109 451 3349 6383 3350 
2110 826 4821 6384 4819 
2111 830 4823 6384 4821 
2112 827 4819 6384 4823 
2113 401 3149 6385 3148 
2114 929 5062 6385 3149 
2115 928 3148 6385 5062 
2116 233 2472 6386 2471 
2117 916 4885 6386 2472 
2118 849 2471 6386 4885 
2119 951 5103 6387 4157 
2120 952 4158 6387 5103 
2121 649 4157 6387 4158 
2122 884 4976 6388 4202 
2123 1413 4203 6388 4976 
2124 660 4202 6388 4203 
2125 343 2917 6389 2914 
2126 941 2921 6389 2917 
2127 344 2914 6389 2921 
2128 538 3704 6390 3703 
2129 1260 5535 6390 3704 
2130 1169 3703 6390 5535 
2131 60 1724 6391 1723 
2132 1080 5392 6391 1724 
2133 1078 1723 6391 5392 
2134 394 3121 6392 3120 
2135 1006 3973 6392 3121 
2136 604 3120 6392 3973 
2137 488 3499 6393 3498 
2138 1100 4420 6393 3499 
2139 713 3498 6393 4420 
2140 846 4877 6394 4579 
2141 1327 4581 6394 4877 
2142 754 4579 6394 4581 
2143 5 1445 6395 1439 
2144 1009 1442 6395 1445 
2145 4 1439 6395 1442 
2146 561 3799 6396 3798 
2147 951 3816 6396 3799 
2148 565 3798 6396 3816 
2149 477 3454 6397 3451 
2150 1153 3483 6397 3454 
2151 484 3451 6397 3483 
2152 1075 5386 6398 4521 
2153 1321 4522 6398 5386 
2154 739 4521 6398 4522 
2155 74 1792 6399 1790 
2156 121 1797 6399 1792 
2157 75 1790 6399 1797 
2158 6 1451 6400 1449 
2159 123 1456 6400 1451 
2160 7 1449 6400 1456 
2161 7 1455 6401 1449 
2162 122 1450 6401 1455 
2163 6 1449 6401 1450 
2164 75 1796 6402 1790 
2165 120 1791 6402 1796 
2166 74 1790 6402 1791 
2167 888 4981 6403 2884 
2168 1340 2885 6403 4981 
2169 335 2884 6403 2885 
2170 336 2889 6404 2888 
2171 1150 5057 6404 2889 
2172 926 2888 6404 5057 
2173 326 2849 6405 2839 
2174 955 2841 6405 2849 
2175 324 2839 6405 2841 
2176 449 3342 6406 2944 
2177 1124 2945 6406 3342 
2178 350 2944 6406 2945 
2179 654 4177 6407 3675 
2180 1040 3676 6407 4177 
2181 531 3675 6407 3676 
2182 839 4858 6408 4855 
2183 840 4856 6408 4858 
2184 838 4855 6408 4856 
2185 1010 5239 6409 2118 
2186 1012 2119 6409 5239 
2187 146 2118 6409 2119 
2188 765 4616 6410 4615 
2189 767 4619 6410 4616 
2190 766 4615 6410 4619 
2191 1107 5452 6411 4001 
2192 1162 4002 6411 5452 
2193 610 4001 6411 4002 
2194 73 1786 6412 1780 
2195 149 1781 6412 1786 
2196 72 1780 6412 1781 
2197 9 1465 6413 1459 
2198 150 1460 6413 1465 
2199 8 1459 6413 1460 
2200 8 1461 6414 1459 
2201 152 1466 6414 1461 
2202 9 1459 6414 1466 
2203 72 1782 6415 1780 
2204 151 1787 6415 1782 
2205 73 1780 6415 1787 
2206 551 3758 6416 3757 
2207 1036 3812 6416 3758 
2208 564 3757 6416 3812 
2209 500 3548 6417 3547 
2210 1131 4266 6417 3548 
2211 676 3547 6417 4266 
2212 600 3960 6418 3959 
2213 1133 4379 6418 3960 
2214 703 3959 6418 4379 
2215 790 4711 6419 4708 
2216 799 4709 6419 4711 
2217 789 4708 6419 4709 
2218 721 4451 6420 4234 
2219 1163 4236 6420 4451 
2220 668 4234 6420 4236 
2221 770 4638 6421 4636 
2222 877 4667 6421 4638 
2223 778 4636 6421 4667 
2224 729 4483 6422 4479 
2225 758 4480 6422 4483 
2226 728 4479 6422 4480 
2227 376 3048 6423 3047 
2228 527 3333 6423 3048 
2229 447 3047 6423 3333 
2230 517 3618 6424 3617 
2231 666 3882 6424 3618 
2232 582 3617 6424 3882 
2233 672 4250 6425 4249 
2234 815 4526 6425 4250 
2235 740 4249 6425 4526 
2236 901 5008 6426 5007 
2237 939 5048 6426 5008 
2238 922 5007 6426 5048 
2239 383 3074 6427 3070 
2240 411 3071 6427 3074 
2241 382 3070 6427 3071 
2242 597 3946 6428 3945 
2243 712 4245 6428 3946 
2244 671 3945 6428 4245 
2245 666 4226 6429 3882 
2246 1171 3885 6429 4226 
2247 582 3882 6429 3885 
2248 637 4110 6430 4108 
2249 672 4112 6430 4110 
2250 638 4108 6430 4112 
2251 412 3194 6431 3187 
2252 967 3189 6431 3194 
2253 411 3187 6431 3189 
2254 633 4092 6432 4088 
2255 635 4090 6432 4092 
2256 632 4088 6432 4090 
2257 314 2799 6433 2797 
2258 1122 3025 6433 2799 
2259 370 2797 6433 3025 
2260 769 4632 6434 4631 
2261 771 4635 6434 4632 
2262 770 4631 6434 4635 
2263 268 2612 6435 2599 
2264 317 2600 6435 2612 
2265 265 2599 6435 2600 
2266 636 4104 6436 4100 
2267 637 4101 6436 4104 
2268 635 4100 6436 4101 
2269 767 4624 6437 4623 
2270 769 4627 6437 4624 
2271 768 4623 6437 4627 
2272 1010 5240 6438 5239 
2273 1013 5246 6438 5240 
2274 1012 5239 6438 5246 
2275 767 4623 6439 4619 
2276 768 4620 6439 4623 
2277 766 4619 6439 4620 
2278 709 4401 6440 3091 
2279 728 3092 6440 4401 
2280 387 3091 6440 3092 
2281 649 4156 6441 3830 
2282 689 3831 6441 4156 
2283 569 3830 6441 3831 
2284 381 3066 6442 3062 
2285 382 3063 6442 3066 
2286 380 3062 6442 3063 
2287 771 4641 6443 4635 
2288 779 4637 6443 4641 
2289 770 4635 6443 4637 
2290 957 5113 6444 5112 
2291 959 5116 6444 5113 
2292 958 5112 6444 5116 
2293 958 5119 6445 3181 
2294 1001 3182 6445 5119 
2295 409 3181 6445 3182 
2296 571 3839 6446 3838 
2297 994 5214 6446 3839 
2298 993 3838 6446 5214 
2299 769 4631 6447 4627 
2300 770 4628 6447 4631 
2301 768 4627 6447 4628 
2302 454 3359 6448 3355 
2303 597 3356 6448 3359 
2304 453 3355 6448 3356 
2305 387 3093 6449 2271 
2306 870 2272 6449 3093 
2307 183 2271 6449 2272 
2308 453 3358 6450 3193 
2309 967 3194 6450 3358 
2310 412 3193 6450 3194 
2311 916 5036 6451 4315 
2312 1262 4317 6451 5036 
2313 688 4315 6451 4317 
2314 563 3807 6452 3797 
2315 951 3799 6452 3807 
2316 561 3797 6452 3799 
2317 381 3067 6453 3066 
2318 383 3070 6453 3067 
2319 382 3066 6453 3070 
2320 418 3215 6454 3192 
2321 453 3193 6454 3215 
2322 412 3192 6454 3193 
2323 565 3815 6455 3814 
2324 649 3830 6455 3815 
2325 569 3814 6455 3830 
2326 631 4084 6456 4080 
2327 632 4081 6456 4084 
2328 630 4080 6456 4081 
2329 383 3075 6457 3074 
2330 412 3187 6457 3075 
2331 411 3074 6457 3187 
2332 629 4076 6458 4072 
2333 630 4073 6458 4076 
2334 628 4072 6458 4073 
2335 782 4683 6459 4662 
2336 1017 4663 6459 4683 
2337 776 4662 6459 4663 
2338 493 3520 6460 3519 
2339 1157 3532 6460 3520 
2340 496 3519 6460 3532 
2341 556 3777 6461 3775 
2342 559 3779 6461 3777 
2343 557 3775 6461 3779 
2344 301 2746 6462 2732 
2345 936 2734 6462 2746 
2346 298 2732 6462 2734 
2347 632 4089 6463 4081 
2348 634 4082 6463 4089 
2349 630 4081 6463 4082 
2350 559 3790 6464 3789 
2351 563 3797 6464 3790 
2352 561 3789 6464 3797 
2353 597 3945 6465 3356 
2354 671 3357 6465 3945 
2355 453 3356 6465 3357 
2356 672 4249 6466 4112 
2357 740 4113 6466 4249 
2358 638 4112 6466 4113 
2359 637 4108 6467 4101 
2360 638 4102 6467 4108 
2361 635 4101 6467 4102 
2362 772 4643 6468 4639 
2363 773 4640 6468 4643 
2364 771 4639 6468 4640 
2365 10 1471 6469 1469 
2366 109 1476 6469 1471 
2367 11 1469 6469 1476 
2368 70 1772 6470 1770 
2369 110 1777 6470 1772 
2370 71 1770 6470 1777 
2371 11 1475 6471 1469 
2372 107 1470 6471 1475 
2373 10 1469 6471 1470 
2374 71 1776 6472 1770 
2375 108 1771 6472 1776 
2376 70 1770 6472 1771 
2377 663 4214 6473 4213 
2378 886 4847 6473 4214 
2379 835 4213 6473 4847 
2380 627 4068 6474 3448 
2381 628 3449 6474 4068 
2382 476 3448 6474 3449 
2383 565 3814 6475 3813 
2384 569 3817 6475 3814 
2385 566 3813 6475 3817 
2386 552 3760 6476 3759 
2387 554 3763 6476 3760 
2388 553 3759 6476 3763 
2389 13 1486 6477 1479 
2390 156 1481 6477 1486 
2391 12 1479 6477 1481 
2392 69 1767 6478 1760 
2393 157 1762 6478 1767 
2394 68 1760 6478 1762 
2395 777 4664 6479 4625 
2396 860 4626 6479 4664 
2397 767 4625 6479 4626 
2398 395 3124 6480 3115 
2399 866 3117 6480 3124 
2400 393 3115 6480 3117 
2401 374 3039 6481 3038 
2402 381 3062 6481 3039 
2403 380 3038 6481 3062 
2404 633 4093 6482 4092 
2405 636 4100 6482 4093 
2406 635 4092 6482 4100 
2407 556 3778 6483 3777 
2408 949 3791 6483 3778 
2409 559 3777 6483 3791 
2410 561 3798 6484 3796 
2411 565 3800 6484 3798 
2412 562 3796 6484 3800 
2413 374 3038 6485 2793 
2414 380 2794 6485 3038 
2415 313 2793 6485 2794 
2416 15 1496 6486 1489 
2417 128 1491 6486 1496 
2418 14 1489 6486 1491 
2419 67 1757 6487 1750 
2420 129 1752 6487 1757 
2421 66 1750 6487 1752 
2422 582 3884 6488 3883 
2423 731 4455 6488 3884 
2424 722 3883 6488 4455 
2425 761 4601 6489 3744 
2426 762 3745 6489 4601 
2427 548 3744 6489 3745 
2428 376 3047 6490 3046 
2429 447 3327 6490 3047 
2430 446 3046 6490 3327 
2431 274 2636 6491 2635 
2432 343 2804 6491 2636 
2433 316 2635 6491 2804 
2434 257 2565 6492 2561 
2435 260 2563 6492 2565 
2436 256 2561 6492 2563 
2437 636 4105 6493 4104 
2438 640 4109 6493 4105 
2439 637 4104 6493 4109 
2440 359 2981 6494 2980 
2441 1102 2993 6494 2981 
2442 362 2980 6494 2993 
2443 447 3332 6495 3331 
2444 517 3612 6495 3332 
2445 516 3331 6495 3612 
2446 631 4085 6496 4084 
2447 633 4088 6496 4085 
2448 632 4084 6496 4088 
2449 517 3617 6497 3616 
2450 582 3620 6497 3617 
2451 518 3616 6497 3620 
2452 17 1505 6498 1499 
2453 155 1500 6498 1505 
2454 16 1499 6498 1500 
2455 65 1746 6499 1740 
2456 158 1741 6499 1746 
2457 64 1740 6499 1741 
2458 347 2933 6500 2931 
2459 1006 3057 6500 2933 
2460 378 2931 6500 3057 
2461 252 2546 6501 2545 
2462 254 2549 6501 2546 
2463 253 2545 6501 2549 
2464 554 3768 6502 3767 
2465 556 3771 6502 3768 
2466 555 3767 6502 3771 
2467 246 2522 6503 2521 
2468 248 2525 6503 2522 
2469 247 2521 6503 2525 
2470 123 2017 6504 2016 
2471 1027 5282 6504 2017 
2472 1026 2016 6504 5282 
2473 559 3789 6505 3788 
2474 561 3792 6505 3789 
2475 560 3788 6505 3792 
2476 418 3216 6506 3215 
2477 454 3355 6506 3216 
2478 453 3215 6506 3355 
2479 709 4402 6507 4401 
2480 729 4479 6507 4402 
2481 728 4401 6507 4479 
2482 454 3360 6508 3359 
2483 646 3944 6508 3360 
2484 597 3359 6508 3944 
2485 567 3824 6509 3823 
2486 1176 5304 6509 3824 
2487 1037 3823 6509 5304 
2488 31 1576 6510 1570 
2489 114 1571 6510 1576 
2490 30 1570 6510 1571 
2491 27 1556 6511 1550 
2492 136 1551 6511 1556 
2493 26 1550 6511 1551 
2494 29 1567 6512 1560 
2495 160 1561 6512 1567 
2496 28 1560 6512 1561 
2497 22 1530 6513 1524 
2498 159 1525 6513 1530 
2499 21 1524 6513 1525 
2500 19 1515 6514 1509 
2501 124 1510 6514 1515 
2502 18 1509 6514 1510 
2503 24 1542 6515 1535 
2504 117 1537 6515 1542 
2505 23 1535 6515 1537 
2506 63 1736 6516 1730 
2507 125 1732 6516 1736 
2508 62 1730 6516 1732 
2509 61 1727 6517 1720 
2510 161 1721 6517 1727 
2511 60 1720 6517 1721 
2512 411 3188 6518 3071 
2513 930 3073 6518 3188 
2514 382 3071 6518 3073 
2515 58 1711 6519 1705 
2516 118 1706 6519 1711 
2517 57 1705 6519 1706 
2518 55 1696 6520 1690 
2519 138 1692 6520 1696 
2520 54 1690 6520 1692 
2521 34 1592 6521 1585 
2522 137 1587 6521 1592 
2523 33 1585 6521 1587 
2524 554 3769 6522 3768 
2525 558 3776 6522 3769 
2526 556 3768 6522 3776 
2527 52 1681 6523 1675 
2528 115 1676 6523 1681 
2529 51 1675 6523 1676 
2530 244 2514 6524 2513 
2531 246 2517 6524 2514 
2532 245 2513 6524 2517 
2533 36 1602 6525 1595 
2534 162 1596 6525 1602 
2535 35 1595 6525 1596 
2536 50 1672 6526 1665 
2537 163 1666 6526 1672 
2538 49 1665 6526 1666 
2539 38 1611 6527 1605 
2540 116 1606 6527 1611 
2541 37 1605 6527 1606 
2542 765 4617 6528 4616 
2543 777 4625 6528 4617 
2544 767 4616 6528 4625 
2545 267 2606 6529 2598 
2546 268 2599 6529 2606 
2547 265 2598 6529 2599 
2548 250 2538 6530 2537 
2549 252 2541 6530 2538 
2550 251 2537 6530 2541 
2551 48 1662 6531 1655 
2552 133 1657 6531 1662 
2553 47 1655 6531 1657 
2554 548 3743 6532 3739 
2555 549 3740 6532 3743 
2556 547 3739 6532 3740 
2557 344 2920 6533 2919 
2558 376 3042 6533 2920 
2559 375 2919 6533 3042 
2560 317 2809 6534 2600 
2561 861 2601 6534 2809 
2562 265 2600 6534 2601 
2563 41 1627 6535 1620 
2564 139 1621 6535 1627 
2565 40 1620 6535 1621 
2566 255 2557 6536 2553 
2567 256 2554 6536 2557 
2568 254 2553 6536 2554 
2569 46 1651 6537 1645 
2570 164 1647 6537 1651 
2571 45 1645 6537 1647 
2572 571 3838 6538 3837 
2573 993 5174 6538 3838 
2574 975 3837 6538 5174 
2575 629 4077 6539 4076 
2576 631 4080 6539 4077 
2577 630 4076 6539 4080 
2578 44 1641 6540 1635 
2579 111 1636 6540 1641 
2580 43 1635 6540 1636 
2581 243 2509 6541 2505 
2582 244 2506 6541 2509 
2583 242 2505 6541 2506 
2584 627 4069 6542 4068 
2585 629 4072 6542 4069 
2586 628 4068 6542 4072 
2587 249 2533 6543 2529 
2588 250 2530 6543 2533 
2589 248 2529 6543 2530 
2590 289 2694 6544 2610 
2591 290 2611 6544 2694 
2592 268 2610 6544 2611 
2593 546 3736 6545 3735 
2594 548 3739 6545 3736 
2595 547 3735 6545 3739 
2596 507 3573 6546 3538 
2597 716 3539 6546 3573 
2598 498 3538 6546 3539 
2599 769 4633 6547 4632 
2600 772 4639 6547 4633 
2601 771 4632 6547 4639 
2602 382 3072 6548 3063 
2603 513 3064 6548 3072 
2604 380 3063 6548 3064 
2605 12 1480 6549 1479 
2606 154 1485 6549 1480 
2607 13 1479 6549 1485 
2608 68 1761 6550 1760 
2609 153 1766 6550 1761 
2610 69 1760 6550 1766 
2611 507 3574 6551 3573 
2612 797 4431 6551 3574 
2613 716 3573 6551 4431 
2614 556 3775 6552 3771 
2615 557 3772 6552 3775 
2616 555 3771 6552 3772 
2617 663 4213 6553 4212 
2618 835 4216 6553 4213 
2619 664 4212 6553 4216 
2620 240 2498 6554 2497 
2621 242 2501 6554 2498 
2622 241 2497 6554 2501 
2623 546 3737 6555 3736 
2624 761 3744 6555 3737 
2625 548 3736 6555 3744 
2626 343 2914 6556 2804 
2627 344 2805 6556 2914 
2628 316 2804 6556 2805 
2629 740 4525 6557 4524 
2630 786 4528 6557 4525 
2631 741 4524 6557 4528 
2632 549 3749 6558 3748 
2633 552 3755 6558 3749 
2634 551 3748 6558 3755 
2635 264 2594 6559 2583 
2636 265 2584 6559 2594 
2637 261 2583 6559 2584 
2638 554 3767 6560 3763 
2639 555 3764 6560 3767 
2640 553 3763 6560 3764 
2641 244 2513 6561 2506 
2642 245 2507 6561 2513 
2643 242 2506 6561 2507 
2644 552 3759 6562 3755 
2645 553 3756 6562 3759 
2646 551 3755 6562 3756 
2647 493 3517 6563 3512 
2648 494 3513 6563 3517 
2649 492 3512 6563 3513 
2650 334 2880 6564 2879 
2651 546 2902 6564 2880 
2652 340 2879 6564 2902 
2653 312 2788 6565 2783 
2654 313 2784 6565 2788 
2655 311 2783 6565 2784 
2656 306 2765 6566 2515 
2657 872 2516 6566 2765 
2658 244 2515 6566 2516 
2659 250 2537 6567 2530 
2660 251 2531 6567 2537 
2661 248 2530 6567 2531 
2662 342 2913 6568 2539 
2663 874 2540 6568 2913 
2664 250 2539 6568 2540 
2665 391 3108 6569 3107 
2666 663 3569 6569 3108 
2667 506 3107 6569 3569 
2668 256 2562 6570 2554 
2669 258 2555 6570 2562 
2670 254 2554 6570 2555 
2671 565 3813 6571 3800 
2672 566 3801 6571 3813 
2673 562 3800 6571 3801 
2674 553 3766 6572 3756 
2675 1036 3758 6572 3766 
2676 551 3756 6572 3758 
2677 252 2547 6573 2546 
2678 255 2553 6573 2547 
2679 254 2546 6573 2553 
2680 246 2523 6574 2522 
2681 249 2529 6574 2523 
2682 248 2522 6574 2529 
2683 246 2521 6575 2517 
2684 247 2518 6575 2521 
2685 245 2517 6575 2518 
2686 373 3034 6576 2792 
2687 374 2793 6576 3034 
2688 313 2792 6576 2793 
2689 1132 5483 6577 4338 
2690 1157 4339 6577 5483 
2691 693 4338 6577 4339 
2692 436 3290 6578 3289 
2693 1003 4153 6578 3290 
2694 648 3289 6578 4153 
2695 625 4062 6579 3341 
2696 1124 3342 6579 4062 
2697 449 3341 6579 3342 
2698 559 3788 6580 3779 
2699 560 3780 6580 3788 
2700 557 3779 6580 3780 
2701 546 3735 6581 2902 
2702 547 2903 6581 3735 
2703 340 2902 6581 2903 
2704 337 2892 6582 2891 
2705 510 3012 6582 2892 
2706 367 2891 6582 3012 
2707 772 4644 6583 4643 
2708 774 4647 6583 4644 
2709 773 4643 6583 4647 
2710 123 2016 6584 1456 
2711 1026 1458 6584 2016 
2712 7 1456 6584 1458 
2713 74 1794 6585 1792 
2714 1020 2006 6585 1794 
2715 121 1792 6585 2006 
2716 120 2003 6586 1791 
2717 1019 1793 6586 2003 
2718 74 1791 6586 1793 
2719 569 3829 6587 3817 
2720 570 3818 6587 3829 
2721 566 3817 6587 3818 
2722 499 3543 6588 3537 
2723 507 3538 6588 3543 
2724 498 3537 6588 3538 
2725 781 4678 6589 4661 
2726 782 4662 6589 4678 
2727 776 4661 6589 4662 
2728 365 3002 6590 2995 
2729 492 2996 6590 3002 
2730 363 2995 6590 2996 
2731 663 4215 6591 4214 
2732 1113 4978 6591 4215 
2733 886 4214 6591 4978 
2734 561 3796 6592 3792 
2735 562 3793 6592 3796 
2736 560 3792 6592 3793 
2737 240 2499 6593 2498 
2738 243 2505 6593 2499 
2739 242 2498 6593 2505 
2740 280 2660 6594 2659 
2741 752 2667 6594 2660 
2742 282 2659 6594 2667 
2743 957 5114 6595 5113 
2744 960 5120 6595 5114 
2745 959 5113 6595 5120 
2746 252 2545 6596 2541 
2747 253 2542 6596 2545 
2748 251 2541 6596 2542 
2749 959 5121 6597 5116 
2750 961 5117 6597 5121 
2751 958 5116 6597 5117 
2752 1009 5235 6598 2117 
2753 1010 2118 6598 5235 
2754 146 2117 6598 2118 
2755 497 3533 6599 3526 
2756 498 3527 6599 3533 
2757 495 3526 6599 3527 
2758 436 3289 6600 3288 
2759 648 3353 6600 3289 
2760 452 3288 6600 3353 
2761 296 2725 6601 2724 
2762 660 4196 6601 2725 
2763 659 2724 6601 4196 
2764 694 4342 6602 4336 
2765 1132 4338 6602 4342 
2766 693 4336 6602 4338 
2767 815 4791 6603 1891 
2768 1251 1894 6603 4791 
2769 94 1891 6603 1894 
2770 310 2779 6604 2651 
2771 311 2652 6604 2779 
2772 278 2651 6604 2652 
2773 660 4201 6605 4200 
2774 862 4763 6605 4201 
2775 806 4200 6605 4763 
2776 737 4512 6606 2911 
2777 738 2912 6606 4512 
2778 342 2911 6606 2912 
2779 592 3924 6607 3079 
2780 717 3080 6607 3924 
2781 384 3079 6607 3080 
2782 452 3354 6608 3352 
2783 820 4028 6608 3354 
2784 617 3352 6608 4028 
2785 493 3518 6609 3517 
2786 495 3521 6609 3518 
2787 494 3517 6609 3521 
2788 692 4332 6610 3485 
2789 693 3486 6610 4332 
2790 485 3485 6610 3486 
2791 750 4563 6611 4562 
2792 923 4566 6611 4563 
2793 751 4562 6611 4566 
2794 752 4570 6612 2667 
2795 753 2668 6612 4570 
2796 282 2667 6612 2668 
2797 644 4137 6613 2327 
2798 895 2328 6613 4137 
2799 197 2327 6613 2328 
2800 255 2558 6614 2557 
2801 257 2561 6614 2558 
2802 256 2557 6614 2561 
2803 241 2503 6615 2502 
2804 280 2574 6615 2503 
2805 259 2502 6615 2574 
2806 240 2497 6616 2493 
2807 241 2494 6616 2497 
2808 239 2493 6616 2494 
2809 971 5158 6617 5154 
2810 972 5155 6617 5158 
2811 970 5154 6617 5155 
2812 238 2491 6618 2490 
2813 832 2500 6618 2491 
2814 240 2490 6618 2500 
2815 365 3003 6619 3002 
2816 493 3512 6619 3003 
2817 492 3002 6619 3512 
2818 417 3211 6620 3191 
2819 418 3192 6620 3211 
2820 412 3191 6620 3192 
2821 14 1490 6621 1489 
2822 127 1495 6621 1490 
2823 15 1489 6621 1495 
2824 66 1751 6622 1750 
2825 126 1756 6622 1751 
2826 67 1750 6622 1756 
2827 257 2566 6623 2565 
2828 261 2578 6623 2566 
2829 260 2565 6623 2578 
2830 362 2990 6624 2986 
2831 363 2987 6624 2990 
2832 361 2986 6624 2987 
2833 243 2510 6625 2509 
2834 306 2515 6625 2510 
2835 244 2509 6625 2515 
2836 475 3443 6626 3146 
2837 476 3147 6626 3443 
2838 401 3146 6626 3147 
2839 515 3611 6627 2375 
2840 885 2376 6627 3611 
2841 209 2375 6627 2376 
2842 770 4636 6628 4628 
2843 778 4629 6628 4636 
2844 768 4628 6628 4629 
2845 514 3605 6629 3604 
2846 933 5072 6629 3605 
2847 932 3604 6629 5072 
2848 238 2490 6630 2489 
2849 240 2493 6630 2490 
2850 239 2489 6630 2493 
2851 549 3748 6631 3747 
2852 551 3751 6631 3748 
2853 550 3747 6631 3751 
2854 64 1742 6632 1740 
2855 165 1747 6632 1742 
2856 65 1740 6632 1747 
2857 479 3462 6633 3461 
2858 1145 4190 6633 3462 
2859 657 3461 6633 4190 
2860 514 3604 6634 3229 
2861 932 3230 6634 3604 
2862 421 3229 6634 3230 
2863 359 2979 6635 2971 
2864 361 2972 6635 2979 
2865 357 2971 6635 2972 
2866 903 5009 6636 2705 
2867 968 2706 6636 5009 
2868 291 2705 6636 2706 
2869 747 4552 6637 4551 
2870 750 4558 6637 4552 
2871 749 4551 6637 4558 
2872 419 3222 6638 2848 
2873 955 2849 6638 3222 
2874 326 2848 6638 2849 
2875 400 3142 6639 2855 
2876 401 2856 6639 3142 
2877 328 2855 6639 2856 
2878 305 2761 6640 2760 
2879 334 2874 6640 2761 
2880 333 2760 6640 2874 
2881 904 5011 6641 2735 
2882 905 2736 6641 5011 
2883 299 2735 6641 2736 
2884 280 2659 6642 2658 
2885 282 2662 6642 2659 
2886 281 2658 6642 2662 
2887 719 4444 6643 4129 
2888 796 4130 6643 4444 
2889 642 4129 6643 4130 
2890 335 2883 6644 2882 
2891 337 2886 6644 2883 
2892 336 2882 6644 2886 
2893 517 3616 6645 3612 
2894 518 3613 6645 3616 
2895 516 3612 6645 3613 
2896 509 3582 6646 3245 
2897 938 3246 6646 3582 
2898 425 3245 6646 3246 
2899 16 1501 6647 1499 
2900 167 1506 6647 1501 
2901 17 1499 6647 1506 
2902 582 3883 6648 3620 
2903 722 3621 6648 3883 
2904 518 3620 6648 3621 
2905 61 1726 6649 1725 
2906 113 1731 6649 1726 
2907 62 1725 6649 1731 
2908 297 2730 6650 2729 
2909 912 2742 6650 2730 
2910 300 2729 6650 2742 
2911 443 3317 6651 3316 
2912 670 3728 6651 3317 
2913 544 3316 6651 3728 
2914 580 3876 6652 3875 
2915 981 5186 6652 3876 
2916 980 3875 6652 5186 
2917 447 3331 6653 3327 
2918 516 3328 6653 3331 
2919 446 3327 6653 3328 
2920 283 2673 6654 2672 
2921 904 2735 6654 2673 
2922 299 2672 6654 2735 
2923 187 2287 6655 2286 
2924 269 2393 6655 2287 
2925 214 2286 6655 2393 
2926 249 2534 6656 2533 
2927 342 2539 6656 2534 
2928 250 2533 6656 2539 
2929 1022 5271 6657 5267 
2930 1023 5268 6657 5271 
2931 1021 5267 6657 5268 
2932 750 4562 6658 4558 
2933 751 4559 6658 4562 
2934 749 4558 6658 4559 
2935 376 3046 6659 3042 
2936 446 3044 6659 3046 
2937 375 3042 6659 3044 
2938 626 4064 6660 3447 
2939 627 3448 6660 4064 
2940 476 3447 6660 3448 
2941 580 3875 6661 3696 
2942 980 3697 6661 3875 
2943 536 3696 6661 3697 
2944 423 3237 6662 3228 
2945 514 3229 6662 3237 
2946 421 3228 6662 3229 
2947 486 3488 6663 3392 
2948 590 3393 6663 3488 
2949 462 3392 6663 3393 
2950 535 3690 6664 3686 
2951 536 3687 6664 3690 
2952 534 3686 6664 3687 
2953 663 4212 6665 3569 
2954 664 3570 6665 4212 
2955 506 3569 6665 3570 
2956 549 3747 6666 3740 
2957 550 3741 6666 3747 
2958 547 3740 6666 3741 
2959 692 4333 6667 4332 
2960 694 4336 6667 4333 
2961 693 4332 6667 4336 
2962 537 3698 6668 3694 
2963 580 3696 6668 3698 
2964 536 3694 6668 3696 
2965 533 3682 6669 3677 
2966 534 3678 6669 3682 
2967 532 3677 6669 3678 
2968 486 3489 6670 3488 
2969 608 3915 6670 3489 
2970 590 3488 6670 3915 
2971 536 3695 6671 3687 
2972 540 3688 6671 3695 
2973 534 3687 6671 3688 
2974 620 4042 6672 4041 
2975 803 4748 6672 4042 
2976 802 4041 6672 4748 
2977 634 4097 6673 4082 
2978 1028 4083 6673 4097 
2979 630 4082 6673 4083 
2980 961 5128 6674 5117 
2981 962 5118 6674 5128 
2982 958 5117 6674 5118 
2983 233 2469 6675 2399 
2984 844 2400 6675 2469 
2985 215 2399 6675 2400 
2986 835 4846 6676 4216 
2987 836 4217 6676 4846 
2988 664 4216 6676 4217 
2989 660 4200 6677 4196 
2990 806 4197 6677 4200 
2991 659 4196 6677 4197 
2992 392 3112 6678 3051 
2993 511 3052 6678 3112 
2994 377 3051 6678 3052 
2995 237 2487 6679 2467 
2996 879 2468 6679 2487 
2997 232 2467 6679 2468 
2998 594 3935 6680 3934 
2999 1148 4295 6680 3935 
3000 683 3934 6680 4295 
3001 414 3199 6681 2443 
3002 825 2444 6681 3199 
3003 226 2443 6681 2444 
3004 280 2658 6682 2574 
3005 281 2575 6682 2658 
3006 259 2574 6682 2575 
3007 337 2891 6683 2890 
3008 367 3006 6683 2891 
3009 366 2890 6683 3006 
3010 615 4022 6684 4021 
3011 984 4902 6684 4022 
3012 854 4021 6684 4902 
3013 233 2470 6685 2469 
3014 848 4871 6685 2470 
3015 844 2469 6685 4871 
3016 427 3253 6686 3244 
3017 509 3245 6686 3253 
3018 425 3244 6686 3245 
3019 334 2879 6687 2878 
3020 340 2898 6687 2879 
3021 339 2878 6687 2898 
3022 718 4439 6688 4128 
3023 719 4129 6688 4439 
3024 642 4128 6688 4129 
3025 349 2939 6689 2814 
3026 384 2815 6689 2939 
3027 318 2814 6689 2815 
3028 294 2717 6690 2716 
3029 335 2776 6690 2717 
3030 309 2716 6690 2776 
3031 18 1511 6691 1509 
3032 134 1516 6691 1511 
3033 19 1509 6691 1516 
3034 667 4229 6692 3464 
3035 668 3465 6692 4229 
3036 480 3464 6692 3465 
3037 444 3321 6693 3320 
3038 673 3982 6693 3321 
3039 606 3320 6693 3982 
3040 521 3634 6694 3633 
3041 583 3641 6694 3634 
3042 523 3633 6694 3641 
3043 644 4138 6695 4137 
3044 896 4994 6695 4138 
3045 895 4137 6695 4994 
3046 379 3061 6696 3060 
3047 1102 4023 6696 3061 
3048 615 3060 6696 4023 
3049 533 3683 6697 3682 
3050 535 3686 6697 3683 
3051 534 3682 6697 3686 
3052 385 3082 6698 3078 
3053 592 3079 6698 3082 
3054 384 3078 6698 3079 
3055 497 3534 6699 3533 
3056 499 3537 6699 3534 
3057 498 3533 6699 3537 
3058 461 3387 6700 3268 
3059 462 3269 6700 3387 
3060 431 3268 6700 3269 
3061 641 4124 6701 3879 
3062 642 3880 6701 4124 
3063 581 3879 6701 3880 
3064 20 1520 6702 1519 
3065 166 1526 6702 1520 
3066 21 1519 6702 1526 
3067 58 1712 6703 1710 
3068 140 1716 6703 1712 
3069 59 1710 6703 1716 
3070 503 3559 6704 3558 
3071 688 4310 6704 3559 
3072 687 3558 6704 4310 
3073 463 3397 6705 3391 
3074 486 3392 6705 3397 
3075 462 3391 6705 3392 
3076 414 3200 6706 3199 
3077 828 4818 6706 3200 
3078 825 3199 6706 4818 
3079 351 2948 6707 2947 
3080 661 3345 6707 2948 
3081 450 2947 6707 3345 
3082 611 4003 6708 3404 
3083 686 3405 6708 4003 
3084 465 3404 6708 3405 
3085 491 3508 6709 3504 
3086 503 3505 6709 3508 
3087 490 3504 6709 3505 
3088 583 3886 6710 3641 
3089 584 3642 6710 3886 
3090 523 3641 6710 3642 
3091 531 3673 6711 3562 
3092 532 3563 6711 3673 
3093 504 3562 6711 3563 
3094 56 1701 6712 1700 
3095 168 1707 6712 1701 
3096 57 1700 6712 1707 
3097 405 3163 6713 3159 
3098 406 3160 6713 3163 
3099 404 3159 6713 3160 
3100 407 3171 6714 3167 
3101 408 3168 6714 3171 
3102 406 3167 6714 3168 
3103 489 3500 6715 3376 
3104 490 3377 6715 3500 
3105 458 3376 6715 3377 
3106 503 3558 6716 3505 
3107 687 3506 6716 3558 
3108 490 3505 6716 3506 
3109 564 3812 6717 3811 
3110 1036 3988 6717 3812 
3111 607 3811 6717 3988 
3112 535 3691 6718 3690 
3113 537 3694 6718 3691 
3114 536 3690 6718 3694 
3115 33 1586 6719 1585 
3116 135 1591 6719 1586 
3117 34 1585 6719 1591 
3118 31 1577 6720 1575 
3119 169 1581 6720 1577 
3120 32 1575 6720 1581 
3121 29 1566 6721 1565 
3122 119 1572 6721 1566 
3123 30 1565 6721 1572 
3124 50 1671 6722 1670 
3125 143 1677 6722 1671 
3126 51 1670 6722 1677 
3127 53 1686 6723 1685 
3128 131 1691 6723 1686 
3129 54 1685 6723 1691 
3130 47 1656 6724 1655 
3131 130 1661 6724 1656 
3132 48 1655 6724 1661 
3133 36 1601 6725 1600 
3134 141 1607 6725 1601 
3135 37 1600 6725 1607 
3136 26 1552 6726 1550 
3137 142 1557 6726 1552 
3138 27 1550 6726 1557 
3139 44 1642 6727 1640 
3140 144 1646 6727 1642 
3141 45 1640 6727 1646 
3142 38 1612 6728 1610 
3143 170 1616 6728 1612 
3144 39 1610 6728 1616 
3145 531 3674 6729 3673 
3146 533 3677 6729 3674 
3147 532 3673 6729 3677 
3148 41 1626 6730 1625 
3149 132 1631 6730 1626 
3150 42 1625 6730 1631 
3151 23 1536 6731 1535 
3152 112 1541 6731 1536 
3153 24 1535 6731 1541 
3154 457 3371 6732 3175 
3155 458 3176 6732 3371 
3156 408 3175 6732 3176 
3157 491 3509 6733 3508 
3158 504 3557 6733 3509 
3159 503 3508 6733 3557 
3160 961 5130 6734 5128 
3161 964 5132 6734 5130 
3162 962 5128 6734 5132 
3163 489 3501 6735 3500 
3164 491 3504 6735 3501 
3165 490 3500 6735 3504 
3166 283 2671 6736 2670 
3167 297 2674 6736 2671 
3168 284 2670 6736 2674 
3169 403 3155 6737 3150 
3170 404 3151 6737 3155 
3171 402 3150 6737 3151 
3172 247 2527 6738 2526 
3173 756 3031 6738 2527 
3174 372 2526 6738 3031 
3175 283 2672 6739 2671 
3176 299 2728 6739 2672 
3177 297 2671 6739 2728 
3178 450 3344 6740 3343 
3179 624 4052 6740 3344 
3180 623 3343 6740 4052 
3181 238 2489 6741 2485 
3182 239 2486 6741 2489 
3183 237 2485 6741 2486 
3184 351 2947 6742 2946 
3185 450 3339 6742 2947 
3186 449 2946 6742 3339 
3187 406 3169 6743 3160 
3188 528 3161 6743 3169 
3189 404 3160 6743 3161 
3190 450 3343 6744 3339 
3191 623 3340 6744 3343 
3192 449 3339 6744 3340 
3193 364 2998 6745 2994 
3194 365 2995 6745 2998 
3195 363 2994 6745 2995 
3196 236 2481 6746 2466 
3197 237 2467 6746 2481 
3198 232 2466 6746 2467 
3199 405 3164 6747 3163 
3200 407 3167 6747 3164 
3201 406 3163 6747 3167 
3202 351 2946 6748 2942 
3203 449 2944 6748 2946 
3204 350 2942 6748 2944 
3205 720 4447 6749 4443 
3206 942 4445 6749 4447 
3207 719 4443 6749 4445 
3208 211 2383 6750 2374 
3209 515 2375 6750 2383 
3210 209 2374 6750 2375 
3211 300 2741 6751 2740 
3212 351 2942 6751 2741 
3213 350 2740 6751 2942 
3214 537 3699 6752 3698 
3215 581 3874 6752 3699 
3216 580 3698 6752 3874 
3217 403 3156 6753 3155 
3218 405 3159 6753 3156 
3219 404 3155 6753 3159 
3220 803 4751 6754 4748 
3221 804 4749 6754 4751 
3222 802 4748 6754 4749 
3223 369 3018 6755 2847 
3224 419 2848 6755 3018 
3225 326 2847 6755 2848 
3226 297 2729 6756 2727 
3227 300 2731 6756 2729 
3228 298 2727 6756 2731 
3229 351 2949 6757 2948 
3230 912 4206 6757 2949 
3231 661 2948 6757 4206 
3232 407 3172 6758 3171 
3233 457 3175 6758 3172 
3234 408 3171 6758 3175 
3235 488 3496 6759 3375 
3236 489 3376 6759 3496 
3237 458 3375 6759 3376 
3238 623 4054 6760 4053 
3239 679 4060 6760 4054 
3240 625 4053 6760 4060 
3241 300 2740 6761 2739 
3242 350 2743 6761 2740 
3243 301 2739 6761 2743 
3244 297 2727 6762 2674 
3245 298 2675 6762 2727 
3246 284 2674 6762 2675 
3247 399 3139 6763 3138 
3248 403 3150 6763 3139 
3249 402 3138 6763 3150 
3250 399 3140 6764 3139 
3251 409 3157 6764 3140 
3252 403 3139 6764 3157 
3253 399 3138 6765 3134 
3254 402 3135 6765 3138 
3255 398 3134 6765 3135 
3256 264 2596 6766 2594 
3257 267 2598 6766 2596 
3258 265 2594 6766 2598 
3259 352 2952 6767 2951 
3260 413 2960 6767 2952 
3261 354 2951 6767 2960 
3262 367 3011 6768 3010 
3263 436 3204 6768 3011 
3264 415 3010 6768 3204 
3265 657 4189 6769 4188 
3266 747 4546 6769 4189 
3267 746 4188 6769 4546 
3268 241 2502 6770 2494 
3269 259 2495 6770 2502 
3270 239 2494 6770 2495 
3271 486 3490 6771 3489 
3272 653 3990 6771 3490 
3273 608 3489 6771 3990 
3274 228 2451 6772 2442 
3275 414 2443 6772 2451 
3276 226 2442 6772 2443 
3277 521 3633 6773 3632 
3278 523 3636 6773 3633 
3279 522 3632 6773 3636 
3280 414 3201 6774 3200 
3281 829 4827 6774 3201 
3282 828 3200 6774 4827 
3283 300 2739 6775 2731 
3284 301 2732 6775 2739 
3285 298 2731 6775 2732 
3286 623 4053 6776 3340 
3287 625 3341 6776 4053 
3288 449 3340 6776 3341 
3289 600 3959 6777 3958 
3290 703 4374 6777 3959 
3291 702 3958 6777 4374 
3292 350 2943 6778 2743 
3293 352 2744 6778 2943 
3294 301 2743 6778 2744 
3295 457 3373 6779 3371 
3296 488 3375 6779 3373 
3297 458 3371 6779 3375 
3298 354 2959 6780 2958 
3299 399 3134 6780 2959 
3300 398 2958 6780 3134 
3301 679 4277 6781 4060 
3302 685 4061 6781 4277 
3303 625 4060 6781 4061 
3304 473 3437 6782 3436 
3305 521 3628 6782 3437 
3306 520 3436 6782 3628 
3307 530 3669 6783 3561 
3308 531 3562 6783 3669 
3309 504 3561 6783 3562 
3310 461 3388 6784 3387 
3311 463 3391 6784 3388 
3312 462 3387 6784 3391 
3313 269 2615 6785 2614 
3314 274 2618 6785 2615 
3315 270 2614 6785 2618 
3316 282 2666 6786 2662 
3317 283 2663 6786 2666 
3318 281 2662 6786 2663 
3319 641 4126 6787 4124 
3320 718 4128 6787 4126 
3321 642 4124 6787 4128 
3322 714 4423 6788 4233 
3323 721 4234 6788 4423 
3324 668 4233 6788 4234 
3325 236 2482 6789 2481 
3326 238 2485 6789 2482 
3327 237 2481 6789 2485 
3328 687 4311 6790 3506 
3329 982 3507 6790 4311 
3330 490 3506 6790 3507 
3331 267 2607 6791 2606 
3332 289 2610 6791 2607 
3333 268 2606 6791 2610 
3334 787 4700 6792 3871 
3335 788 3872 6792 4700 
3336 579 3871 6792 3872 
3337 488 3497 6793 3496 
3338 652 3502 6793 3497 
3339 489 3496 6793 3502 
3340 374 3040 6794 3039 
3341 434 3068 6794 3040 
3342 381 3039 6794 3068 
3343 407 3173 6795 3172 
3344 459 3372 6795 3173 
3345 457 3172 6795 3372 
3346 359 2980 6796 2979 
3347 362 2986 6796 2980 
3348 361 2979 6796 2986 
3349 491 3510 6797 3509 
3350 530 3561 6797 3510 
3351 504 3509 6797 3561 
3352 747 4551 6798 4550 
3353 749 4554 6798 4551 
3354 748 4550 6798 4554 
3355 354 2958 6799 2954 
3356 398 2955 6799 2958 
3357 353 2954 6799 2955 
3358 420 3223 6800 3219 
3359 421 3220 6800 3223 
3360 419 3219 6800 3220 
3361 352 2951 6801 2950 
3362 354 2954 6801 2951 
3363 353 2950 6801 2954 
3364 603 3971 6802 3970 
3365 909 5021 6802 3971 
3366 908 3970 6802 5021 
3367 224 2435 6803 2426 
3368 229 2427 6803 2435 
3369 222 2426 6803 2427 
3370 286 2682 6804 2678 
3371 287 2679 6804 2682 
3372 285 2678 6804 2679 
3373 352 2950 6805 2744 
3374 353 2745 6805 2950 
3375 301 2744 6805 2745 
3376 530 3670 6806 3669 
3377 654 3675 6806 3670 
3378 531 3669 6806 3675 
3379 737 4513 6807 4512 
3380 805 4516 6807 4513 
3381 738 4512 6807 4516 
3382 713 4419 6808 4168 
3383 931 4169 6808 4419 
3384 652 4168 6808 4169 
3385 479 3461 6809 3460 
3386 657 4184 6809 3461 
3387 656 3460 6809 4184 
3388 233 2471 6810 2470 
3389 849 4882 6810 2471 
3390 848 2470 6810 4882 
3391 488 3498 6811 3497 
3392 713 4168 6811 3498 
3393 652 3497 6811 4168 
3394 298 2733 6812 2675 
3395 541 2676 6812 2733 
3396 284 2675 6812 2676 
3397 222 2428 6813 2418 
3398 831 2419 6813 2428 
3399 220 2418 6813 2419 
3400 533 3684 6814 3683 
3401 605 3692 6814 3684 
3402 535 3683 6814 3692 
3403 217 2406 6815 2398 
3404 233 2399 6815 2406 
3405 215 2398 6815 2399 
3406 398 3136 6816 2955 
3407 538 2956 6816 3136 
3408 353 2955 6816 2956 
3409 436 3288 6817 3287 
3410 452 3347 6817 3288 
3411 451 3287 6817 3347 
3412 192 2308 6818 2307 
3413 867 2318 6818 2308 
3414 195 2307 6818 2318 
3415 273 2630 6819 2350 
3416 285 2351 6819 2630 
3417 203 2350 6819 2351 
3418 523 3640 6820 3636 
3419 524 3637 6820 3640 
3420 522 3636 6820 3637 
3421 455 3364 6821 3300 
3422 572 3301 6821 3364 
3423 439 3300 6821 3301 
3424 595 3936 6822 3929 
3425 596 3930 6822 3936 
3426 593 3929 6822 3930 
3427 909 5025 6823 5021 
3428 919 5022 6823 5025 
3429 908 5021 6823 5022 
3430 530 3671 6824 3670 
3431 655 4176 6824 3671 
3432 654 3670 6824 4176 
3433 332 2872 6825 2871 
3434 483 3207 6825 2872 
3435 416 2871 6825 3207 
3436 283 2670 6826 2663 
3437 284 2664 6826 2670 
3438 281 2663 6826 2664 
3439 422 3231 6827 3227 
3440 423 3228 6827 3231 
3441 421 3227 6827 3228 
3442 235 2477 6828 2465 
3443 236 2466 6828 2477 
3444 232 2465 6828 2466 
3445 718 4440 6829 4439 
3446 720 4443 6829 4440 
3447 719 4439 6829 4443 
3448 708 4397 6830 3090 
3449 709 3091 6830 4397 
3450 387 3090 6830 3091 
3451 521 3632 6831 3628 
3452 522 3629 6831 3632 
3453 520 3628 6831 3629 
3454 620 4041 6832 4040 
3455 802 4743 6832 4041 
3456 800 4040 6832 4743 
3457 426 3247 6833 3243 
3458 427 3244 6833 3247 
3459 425 3243 6833 3244 
3460 481 3469 6834 3468 
3461 620 4036 6834 3469 
3462 619 3468 6834 4036 
3463 576 3858 6835 3403 
3464 611 3404 6835 3858 
3465 465 3403 6835 3404 
3466 424 3239 6836 3235 
3467 425 3236 6836 3239 
3468 423 3235 6836 3236 
3469 468 3417 6837 3416 
3470 706 3425 6837 3417 
3471 470 3416 6837 3425 
3472 460 3383 6838 3267 
3473 461 3268 6838 3383 
3474 431 3267 6838 3268 
3475 231 2461 6839 2449 
3476 232 2450 6839 2461 
3477 228 2449 6839 2450 
3478 218 2411 6840 2405 
3479 234 2407 6840 2411 
3480 217 2405 6840 2407 
3481 310 2780 6841 2779 
3482 312 2783 6841 2780 
3483 311 2779 6841 2783 
3484 614 4016 6842 3878 
3485 641 3879 6842 4016 
3486 581 3878 6842 3879 
3487 428 3255 6843 3251 
3488 429 3252 6843 3255 
3489 427 3251 6843 3252 
3490 464 3399 6844 3395 
3491 465 3396 6844 3399 
3492 463 3395 6844 3396 
3493 216 2402 6845 2401 
3494 218 2405 6845 2402 
3495 217 2401 6845 2405 
3496 430 3263 6846 3259 
3497 431 3260 6846 3263 
3498 429 3259 6846 3260 
3499 456 3369 6847 3368 
3500 600 3953 6847 3369 
3501 599 3368 6847 3953 
3502 349 2940 6848 2939 
3503 385 3078 6848 2940 
3504 384 2939 6848 3078 
3505 216 2401 6849 2397 
3506 217 2398 6849 2401 
3507 215 2397 6849 2398 
3508 603 3970 6850 3969 
3509 908 5019 6850 3970 
3510 907 3969 6850 5019 
3511 537 3700 6851 3699 
3512 614 3878 6851 3700 
3513 581 3699 6851 3878 
3514 369 3019 6852 3018 
3515 420 3219 6852 3019 
3516 419 3018 6852 3219 
3517 227 2445 6853 2441 
3518 228 2442 6853 2445 
3519 226 2441 6853 2442 
3520 235 2480 6854 2479 
3521 705 2626 6854 2480 
3522 272 2479 6854 2626 
3523 235 2479 6855 2477 
3524 272 2483 6855 2479 
3525 236 2477 6855 2483 
3526 541 3715 6856 2676 
3527 924 2677 6856 3715 
3528 284 2676 6856 2677 
3529 484 3480 6857 3184 
3530 485 3185 6857 3480 
3531 410 3184 6857 3185 
3532 614 4018 6858 4017 
3533 795 4357 6858 4018 
3534 698 4017 6858 4357 
3535 231 2462 6859 2461 
3536 235 2465 6859 2462 
3537 232 2461 6859 2465 
3538 703 4378 6860 4374 
3539 744 4375 6860 4378 
3540 702 4374 6860 4375 
3541 335 2882 6861 2776 
3542 336 2777 6861 2882 
3543 309 2776 6861 2777 
3544 691 4328 6862 3484 
3545 692 3485 6862 4328 
3546 485 3484 6862 3485 
3547 647 4148 6863 4144 
3548 715 4145 6863 4148 
3549 646 4144 6863 4145 
3550 600 3958 6864 3957 
3551 702 3963 6864 3958 
3552 601 3957 6864 3963 
3553 212 2386 6865 2385 
3554 216 2397 6865 2386 
3555 215 2385 6865 2397 
3556 461 3389 6866 3388 
3557 464 3395 6866 3389 
3558 463 3388 6866 3395 
3559 850 4889 6867 2473 
3560 851 2474 6867 4889 
3561 234 2473 6867 2474 
3562 673 4253 6868 3982 
3563 674 3983 6868 4253 
3564 606 3982 6868 3983 
3565 218 2412 6869 2411 
3566 850 2473 6869 2412 
3567 234 2411 6869 2473 
3568 225 2437 6870 2433 
3569 226 2434 6870 2437 
3570 224 2433 6870 2434 
3571 362 2991 6871 2990 
3572 364 2994 6871 2991 
3573 363 2990 6871 2994 
3574 600 3957 6872 3953 
3575 601 3954 6872 3957 
3576 599 3953 6872 3954 
3577 296 2724 6873 2723 
3578 659 4048 6873 2724 
3579 622 2723 6873 4048 
3580 594 3934 6874 3933 
3581 683 4289 6874 3934 
3582 682 3933 6874 4289 
3583 337 2890 6875 2886 
3584 366 2887 6875 2890 
3585 336 2886 6875 2887 
3586 231 2463 6876 2462 
3587 263 2478 6876 2463 
3588 235 2462 6876 2478 
3589 732 4494 6877 3653 
3590 736 3654 6877 4494 
3591 526 3653 6877 3654 
3592 388 3096 6878 3095 
3593 543 3719 6878 3096 
3594 542 3095 6878 3719 
3595 288 2690 6879 2686 
3596 318 2687 6879 2690 
3597 287 2686 6879 2687 
3598 747 4550 6880 4546 
3599 748 4547 6880 4550 
3600 746 4546 6880 4547 
3601 225 2440 6881 2438 
3602 733 2447 6881 2440 
3603 227 2438 6881 2447 
3604 576 3859 6882 3858 
3605 711 4004 6882 3859 
3606 611 3858 6882 4004 
3607 473 3436 6883 3435 
3608 520 3624 6883 3436 
3609 519 3435 6883 3624 
3610 855 4906 6884 4905 
3611 858 4912 6884 4906 
3612 857 4905 6884 4912 
3613 334 2878 6885 2874 
3614 339 2875 6885 2878 
3615 333 2874 6885 2875 
3616 464 3400 6886 3399 
3617 576 3403 6886 3400 
3618 465 3399 6886 3403 
3619 420 3224 6887 3223 
3620 422 3227 6887 3224 
3621 421 3223 6887 3227 
3622 227 2446 6888 2445 
3623 231 2449 6888 2446 
3624 228 2445 6888 2449 
3625 524 3644 6889 3637 
3626 526 3638 6889 3644 
3627 522 3637 6889 3638 
3628 524 3645 6890 3644 
3629 612 3652 6890 3645 
3630 526 3644 6890 3652 
3631 740 4524 6891 4113 
3632 741 4114 6891 4524 
3633 638 4113 6891 4114 
3634 212 2385 6892 2381 
3635 215 2382 6892 2385 
3636 211 2381 6892 2382 
3637 20 1521 6893 1514 
3638 1063 1517 6893 1521 
3639 19 1514 6893 1517 
3640 216 2403 6894 2402 
3641 219 2409 6894 2403 
3642 218 2402 6894 2409 
3643 426 3248 6895 3247 
3644 428 3251 6895 3248 
3645 427 3247 6895 3251 
3646 199 2335 6896 2334 
3647 296 2342 6896 2335 
3648 201 2334 6896 2342 
3649 223 2429 6897 2425 
3650 224 2426 6897 2429 
3651 222 2425 6897 2426 
3652 424 3240 6898 3239 
3653 426 3243 6898 3240 
3654 425 3239 6898 3243 
3655 620 4040 6899 4036 
3656 800 4037 6899 4040 
3657 619 4036 6899 4037 
3658 464 3401 6900 3400 
3659 577 3857 6900 3401 
3660 576 3400 6900 3857 
3661 428 3256 6901 3255 
3662 430 3259 6901 3256 
3663 429 3255 6901 3259 
3664 312 2789 6902 2788 
3665 373 2792 6902 2789 
3666 313 2788 6902 2792 
3667 430 3264 6903 3263 
3668 460 3267 6903 3264 
3669 431 3263 6903 3267 
3670 385 3083 6904 3082 
3671 593 3923 6904 3083 
3672 592 3082 6904 3923 
3673 470 3424 6905 3423 
3674 473 3431 6905 3424 
3675 472 3423 6905 3431 
3676 422 3232 6906 3231 
3677 424 3235 6906 3232 
3678 423 3231 6906 3235 
3679 223 2431 6907 2430 
3680 230 2439 6907 2431 
3681 225 2430 6907 2439 
3682 219 2415 6908 2414 
3683 327 2423 6908 2415 
3684 221 2414 6908 2423 
3685 225 2438 6909 2437 
3686 227 2441 6909 2438 
3687 226 2437 6909 2441 
3688 733 4498 6910 2447 
3689 859 2448 6910 4498 
3690 227 2447 6910 2448 
3691 603 3969 6911 3965 
3692 907 3967 6911 3969 
3693 602 3965 6911 3967 
3694 469 3420 6912 3412 
3695 471 3413 6912 3420 
3696 467 3412 6912 3413 
3697 273 2631 6913 2630 
3698 286 2678 6913 2631 
3699 285 2630 6913 2678 
3700 221 2421 6914 2417 
3701 222 2418 6914 2421 
3702 220 2417 6914 2418 
3703 800 4742 6915 4037 
3704 801 4038 6915 4742 
3705 619 4037 6915 4038 
3706 601 3961 6916 3954 
3707 602 3955 6916 3961 
3708 599 3954 6916 3955 
3709 219 2413 6917 2409 
3710 220 2410 6917 2413 
3711 218 2409 6917 2410 
3712 657 4188 6918 4184 
3713 746 4186 6918 4188 
3714 656 4184 6918 4186 
3715 781 4679 6919 4678 
3716 783 4682 6919 4679 
3717 782 4678 6919 4682 
3718 438 3295 6920 3027 
3719 439 3028 6920 3295 
3720 371 3027 6920 3028 
3721 208 2372 6921 2371 
3722 841 2389 6921 2372 
3723 213 2371 6921 2389 
3724 430 3265 6922 3264 
3725 481 3384 6922 3265 
3726 460 3264 6922 3384 
3727 223 2430 6923 2429 
3728 225 2433 6923 2430 
3729 224 2429 6923 2433 
3730 614 4017 6924 4016 
3731 698 4125 6924 4017 
3732 641 4016 6924 4125 
3733 519 3625 6925 3432 
3734 525 3433 6925 3625 
3735 472 3432 6925 3433 
3736 368 3014 6926 2846 
3737 369 2847 6926 3014 
3738 326 2846 6926 2847 
3739 612 4007 6927 3652 
3740 732 3653 6927 4007 
3741 526 3652 6927 3653 
3742 319 2818 6928 2813 
3743 349 2814 6928 2818 
3744 318 2813 6928 2814 
3745 208 2369 6929 2362 
3746 209 2363 6929 2369 
3747 206 2362 6929 2363 
3748 356 2966 6930 2763 
3749 357 2764 6930 2966 
3750 306 2763 6930 2764 
3751 481 3468 6931 3467 
3752 619 4032 6931 3468 
3753 618 3467 6931 4032 
3754 481 3467 6932 3384 
3755 618 3385 6932 3467 
3756 460 3384 6932 3385 
3757 520 3630 6933 3624 
3758 681 3626 6933 3630 
3759 519 3624 6933 3626 
3760 601 3962 6934 3961 
3761 603 3965 6934 3962 
3762 602 3961 6934 3965 
3763 615 4021 6935 4020 
3764 854 4024 6935 4021 
3765 616 4020 6935 4024 
3766 841 4863 6936 4862 
3767 843 4864 6936 4863 
3768 842 4862 6936 4864 
3769 325 2842 6937 2838 
3770 326 2839 6937 2842 
3771 324 2838 6937 2839 
3772 473 3435 6938 3431 
3773 519 3432 6938 3435 
3774 472 3431 6938 3432 
3775 221 2422 6939 2421 
3776 223 2425 6939 2422 
3777 222 2421 6939 2425 
3778 456 3368 6940 3367 
3779 599 3948 6940 3368 
3780 598 3367 6940 3948 
3781 587 3903 6941 3440 
3782 613 3441 6941 3903 
3783 474 3440 6941 3441 
3784 210 2378 6942 2377 
3785 212 2381 6942 2378 
3786 211 2377 6942 2381 
3787 286 2683 6943 2682 
3788 288 2686 6943 2683 
3789 287 2682 6943 2686 
3790 424 3241 6944 3240 
3791 433 3249 6944 3241 
3792 426 3240 6944 3249 
3793 1091 5417 6945 5414 
3794 1092 5415 6945 5417 
3795 1090 5414 6945 5415 
3796 468 3416 6946 3415 
3797 470 3419 6946 3416 
3798 469 3415 6946 3419 
3799 327 2850 6947 2423 
3800 809 2424 6947 2850 
3801 221 2423 6947 2424 
3802 470 3423 6948 3419 
3803 472 3421 6948 3423 
3804 469 3419 6948 3421 
3805 219 2414 6949 2413 
3806 221 2417 6949 2414 
3807 220 2413 6949 2417 
3808 202 2348 6950 2347 
3809 887 2360 6950 2348 
3810 205 2347 6950 2360 
3811 379 3060 6951 3059 
3812 615 3452 6951 3060 
3813 477 3059 6951 3452 
3814 749 4560 6952 4554 
3815 794 4555 6952 4560 
3816 748 4554 6952 4555 
3817 683 4293 6953 4289 
3818 791 4291 6953 4293 
3819 682 4289 6953 4291 
3820 420 3225 6954 3224 
3821 432 3233 6954 3225 
3822 422 3224 6954 3233 
3823 253 2551 6955 2550 
3824 303 2747 6955 2551 
3825 302 2550 6955 2747 
3826 210 2377 6956 2373 
3827 211 2374 6956 2377 
3828 209 2373 6956 2374 
3829 438 3297 6957 3296 
3830 478 3305 6957 3297 
3831 440 3296 6957 3305 
3832 25 1546 6958 1540 
3833 1060 1543 6958 1546 
3834 24 1540 6958 1543 
3835 452 3352 6959 3351 
3836 617 3731 6959 3352 
3837 545 3351 6959 3731 
3838 496 3529 6960 3525 
3839 497 3526 6960 3529 
3840 495 3525 6960 3526 
3841 319 2819 6961 2818 
3842 355 2938 6961 2819 
3843 349 2818 6961 2938 
3844 323 2834 6962 2720 
3845 324 2721 6962 2834 
3846 295 2720 6962 2721 
3847 288 2691 6963 2690 
3848 319 2813 6963 2691 
3849 318 2690 6963 2813 
3850 742 4532 6964 4340 
3851 743 4341 6964 4532 
3852 694 4340 6964 4341 
3853 370 3024 6965 3023 
3854 444 3292 6965 3024 
3855 437 3023 6965 3292 
3856 367 3010 6966 3006 
3857 415 3007 6966 3010 
3858 366 3006 6966 3007 
3859 959 5122 6967 5121 
3860 963 5129 6967 5122 
3861 961 5121 6967 5129 
3862 723 4459 6968 3846 
3863 724 3847 6968 4459 
3864 573 3846 6968 3847 
3865 483 3475 6969 3207 
3866 807 3208 6969 3475 
3867 416 3207 6969 3208 
3868 205 2359 6970 2358 
3869 292 2366 6970 2359 
3870 207 2358 6970 2366 
3871 288 2692 6971 2691 
3872 320 2817 6971 2692 
3873 319 2691 6971 2817 
3874 469 3422 6972 3420 
3875 987 3430 6972 3422 
3876 471 3420 6972 3430 
3877 323 2836 6973 2835 
3878 338 2843 6973 2836 
3879 325 2835 6973 2843 
3880 854 4901 6974 4024 
3881 855 4025 6974 4901 
3882 616 4024 6974 4025 
3883 358 2974 6975 2970 
3884 359 2971 6975 2974 
3885 357 2970 6975 2971 
3886 368 3016 6976 3015 
3887 479 3439 6976 3016 
3888 474 3015 6976 3439 
3889 671 4246 6977 3357 
3890 967 3358 6977 4246 
3891 453 3357 6977 3358 
3892 325 2844 6978 2842 
3893 368 2846 6978 2844 
3894 326 2842 6978 2846 
3895 670 4243 6979 3728 
3896 1161 3730 6979 4243 
3897 544 3728 6979 3730 
3898 448 3335 6980 2326 
3899 644 2327 6980 3335 
3900 197 2326 6980 2327 
3901 368 3015 6981 3014 
3902 474 3020 6981 3015 
3903 369 3014 6981 3020 
3904 1098 5434 6982 5431 
3905 1099 5432 6982 5434 
3906 1097 5431 6982 5432 
3907 564 3811 6983 3810 
3908 607 3912 6983 3811 
3909 589 3810 6983 3912 
3910 436 3287 6984 3204 
3911 451 3205 6984 3287 
3912 415 3204 6984 3205 
3913 855 4904 6985 4025 
3914 856 4026 6985 4904 
3915 616 4025 6985 4026 
3916 697 4354 6986 4353 
3917 817 4793 6986 4354 
3918 816 4353 6986 4793 
3919 756 4586 6987 3031 
3920 757 3032 6987 4586 
3921 372 3031 6987 3032 
3922 468 3415 6988 3411 
3923 469 3412 6988 3415 
3924 467 3411 6988 3412 
3925 479 3460 6989 3459 
3926 656 3904 6989 3460 
3927 587 3459 6989 3904 
3928 444 3320 6990 3319 
3929 606 3845 6990 3320 
3930 573 3319 6990 3845 
3931 274 2635 6991 2634 
3932 316 2639 6991 2635 
3933 275 2634 6991 2639 
3934 594 3932 6992 3928 
3935 595 3929 6992 3932 
3936 593 3928 6992 3929 
3937 438 3296 6993 3295 
3938 440 3299 6993 3296 
3939 439 3295 6993 3299 
3940 456 3367 6994 3363 
3941 598 3365 6994 3367 
3942 455 3363 6994 3365 
3943 292 2708 6995 2707 
3944 294 2711 6995 2708 
3945 293 2707 6995 2711 
3946 358 2976 6996 2975 
3947 466 2982 6996 2976 
3948 360 2975 6996 2982 
3949 208 2370 6997 2369 
3950 210 2373 6997 2370 
3951 209 2369 6997 2373 
3952 594 3933 6998 3932 
3953 682 3937 6998 3933 
3954 595 3932 6998 3937 
3955 682 4290 6999 3937 
3956 684 3938 6999 4290 
3957 595 3937 6999 3938 
3958 466 3408 7000 3407 
3959 468 3411 7000 3408 
3960 467 3407 7000 3411 
3961 841 4862 7001 2389 
3962 842 2390 7001 4862 
3963 213 2389 7001 2390 
3964 440 3303 7002 3299 
3965 455 3300 7002 3303 
3966 439 3299 7002 3300 
3967 385 3084 7003 3083 
3968 594 3928 7003 3084 
3969 593 3083 7003 3928 
3970 855 4905 7004 4904 
3971 857 4908 7004 4905 
3972 856 4904 7004 4908 
3973 208 2371 7005 2370 
3974 213 2379 7005 2371 
3975 210 2370 7005 2379 
3976 484 3481 7006 3480 
3977 691 3484 7006 3481 
3978 485 3480 7006 3484 
3979 437 3291 7007 3026 
3980 438 3027 7007 3291 
3981 371 3026 7007 3027 
3982 692 4334 7008 4333 
3983 742 4340 7008 4334 
3984 694 4333 7008 4340 
3985 303 2752 7009 2751 
3986 305 2755 7009 2752 
3987 304 2751 7009 2755 
3988 202 2345 7010 2338 
3989 203 2339 7010 2345 
3990 200 2338 7010 2339 
3991 440 3304 7011 3303 
3992 456 3363 7011 3304 
3993 455 3303 7011 3363 
3994 189 2295 7012 2283 
3995 837 2284 7012 2295 
3996 186 2283 7012 2284 
3997 204 2355 7013 2349 
3998 273 2350 7013 2355 
3999 203 2349 7013 2350 
4000 42 1632 7014 1625 
4001 1070 1628 7014 1632 
4002 41 1625 7014 1628 
4003 615 4020 7015 3452 
4004 616 3453 7015 4020 
4005 477 3452 7015 3453 
4006 479 3459 7016 3439 
4007 587 3440 7016 3459 
4008 474 3439 7016 3440 
4009 358 2975 7017 2974 
4010 360 2978 7017 2975 
4011 359 2974 7017 2978 
4012 323 2835 7018 2834 
4013 325 2838 7018 2835 
4014 324 2834 7018 2838 
4015 294 2716 7019 2715 
4016 309 2719 7019 2716 
4017 295 2715 7019 2719 
4018 273 2632 7020 2631 
4019 754 2684 7020 2632 
4020 286 2631 7020 2684 
4021 656 4185 7021 3904 
4022 695 3905 7021 4185 
4023 587 3904 7021 3905 
4024 590 3918 7022 3393 
4025 950 3394 7022 3918 
4026 462 3393 7022 3394 
4027 137 2079 7023 1587 
4028 1069 1588 7023 2079 
4029 33 1587 7023 1588 
4030 482 3473 7024 3472 
4031 697 4349 7024 3473 
4032 696 3472 7024 4349 
4033 466 3407 7025 2982 
4034 467 2983 7025 3407 
4035 360 2982 7025 2983 
4036 493 3519 7026 3518 
4037 496 3525 7026 3519 
4038 495 3518 7026 3525 
4039 356 2967 7027 2966 
4040 358 2970 7027 2967 
4041 357 2966 7027 2970 
4042 207 2365 7028 2361 
4043 208 2362 7028 2365 
4044 206 2361 7028 2362 
4045 247 2526 7029 2518 
4046 372 2519 7029 2526 
4047 245 2518 7029 2519 
4048 309 2775 7030 2719 
4049 323 2720 7030 2775 
4050 295 2719 7030 2720 
4051 445 3325 7031 2907 
4052 918 2908 7031 3325 
4053 341 2907 7031 2908 
4054 118 1994 7032 1706 
4055 1067 1708 7032 1994 
4056 57 1706 7032 1708 
4057 344 2919 7033 2918 
4058 375 2922 7033 2919 
4059 345 2918 7033 2922 
4060 444 3319 7034 3292 
4061 573 3293 7034 3319 
4062 437 3292 7034 3293 
4063 606 3984 7035 3845 
4064 723 3846 7035 3984 
4065 573 3845 7035 3846 
4066 161 2179 7036 1721 
4067 1066 1722 7036 2179 
4068 60 1721 7036 1722 
4069 292 2707 7037 2366 
4070 293 2367 7037 2707 
4071 207 2366 7037 2367 
4072 484 3482 7038 3481 
4073 707 4329 7038 3482 
4074 691 3481 7038 4329 
4075 1009 5236 7039 5235 
4076 1011 5238 7039 5236 
4077 1010 5235 7039 5238 
4078 315 2802 7040 2772 
4079 586 2773 7040 2802 
4080 308 2772 7040 2773 
4081 294 2715 7041 2711 
4082 295 2712 7041 2715 
4083 293 2711 7041 2712 
4084 707 4393 7042 4329 
4085 760 4330 7042 4393 
4086 691 4329 7042 4330 
4087 394 3120 7043 3119 
4088 604 3578 7043 3120 
4089 508 3119 7043 3578 
4090 202 2346 7044 2345 
4091 204 2349 7044 2346 
4092 203 2345 7044 2349 
4093 202 2347 7045 2346 
4094 205 2353 7045 2347 
4095 204 2346 7045 2353 
4096 971 5159 7046 5158 
4097 974 5163 7046 5159 
4098 972 5158 7046 5163 
4099 383 3076 7047 3075 
4100 417 3191 7047 3076 
4101 412 3075 7047 3191 
4102 138 2083 7048 1692 
4103 1068 1693 7048 2083 
4104 54 1692 7048 1693 
4105 543 3723 7049 3719 
4106 665 3721 7049 3723 
4107 542 3719 7049 3721 
4108 742 4533 7050 4532 
4109 991 4536 7050 4533 
4110 743 4532 7050 4536 
4111 243 2511 7051 2510 
4112 356 2763 7051 2511 
4113 306 2510 7051 2763 
4114 389 3098 7052 2867 
4115 396 2868 7052 3098 
4116 331 2867 7052 2868 
4117 477 3451 7053 3183 
4118 484 3184 7053 3451 
4119 410 3183 7053 3184 
4120 378 3054 7054 3050 
4121 392 3051 7054 3054 
4122 377 3050 7054 3051 
4123 379 3058 7055 2999 
4124 410 3000 7055 3058 
4125 364 2999 7055 3000 
4126 807 4767 7056 3208 
4127 808 3209 7056 4767 
4128 416 3208 7056 3209 
4129 370 3023 7057 3022 
4130 437 3026 7057 3023 
4131 371 3022 7057 3026 
4132 393 3116 7058 3110 
4133 441 3111 7058 3116 
4134 392 3110 7058 3111 
4135 185 2278 7059 2270 
4136 387 2271 7059 2278 
4137 183 2270 7059 2271 
4138 448 3336 7060 3335 
4139 704 4136 7060 3336 
4140 644 3335 7060 4136 
4141 305 2760 7061 2759 
4142 333 2769 7061 2760 
4143 307 2759 7061 2769 
4144 659 4198 7062 4048 
4145 889 4051 7062 4198 
4146 622 4048 7062 4051 
4147 452 3351 7063 3347 
4148 545 3348 7063 3351 
4149 451 3347 7063 3348 
4150 332 2871 7064 2870 
4151 416 3099 7064 2871 
4152 389 2870 7064 3099 
4153 645 4142 7065 4141 
4154 871 4505 7065 4142 
4155 735 4141 7065 4505 
4156 296 2723 7066 2342 
4157 622 2343 7066 2723 
4158 201 2342 7066 2343 
4159 482 3471 7067 3126 
4160 579 3127 7067 3471 
4161 396 3126 7067 3127 
4162 386 3088 7068 3087 
4163 678 3494 7068 3088 
4164 487 3087 7068 3494 
4165 379 3059 7069 3058 
4166 477 3183 7069 3059 
4167 410 3058 7069 3183 
4168 621 4044 7070 2910 
4169 737 2911 7070 4044 
4170 342 2910 7070 2911 
4171 696 4350 7071 3870 
4172 787 3871 7071 4350 
4173 579 3870 7071 3871 
4174 193 2310 7072 2302 
4175 271 2303 7072 2310 
4176 191 2302 7072 2303 
4177 500 3545 7073 3541 
4178 501 3542 7073 3545 
4179 499 3541 7073 3542 
4180 415 3203 7074 3007 
4181 435 3008 7074 3203 
4182 366 3007 7074 3008 
4183 370 3022 7075 2800 
4184 371 2801 7075 3022 
4185 315 2800 7075 2801 
4186 330 2863 7076 2862 
4187 332 2866 7076 2863 
4188 331 2862 7076 2866 
4189 591 3919 7077 3908 
4190 927 3909 7077 3919 
4191 588 3908 7077 3909 
4192 697 4353 7078 4349 
4193 816 4351 7078 4353 
4194 696 4349 7078 4351 
4195 400 3144 7079 3142 
4196 475 3146 7079 3144 
4197 401 3142 7079 3146 
4198 362 2992 7080 2991 
4199 379 2999 7080 2992 
4200 364 2991 7080 2999 
4201 347 2930 7081 2831 
4202 377 2832 7081 2930 
4203 322 2831 7081 2832 
4204 205 2358 7082 2357 
4205 207 2361 7082 2358 
4206 206 2357 7082 2361 
4207 63 1738 7083 1735 
4208 1077 1744 7083 1738 
4209 64 1735 7083 1744 
4210 279 2656 7084 2655 
4211 330 2858 7084 2656 
4212 329 2655 7084 2858 
4213 205 2357 7085 2353 
4214 206 2354 7085 2357 
4215 204 2353 7085 2354 
4216 339 2900 7086 2899 
4217 388 2906 7086 2900 
4218 341 2899 7086 2906 
4219 607 3987 7087 3986 
4220 651 4160 7087 3987 
4221 650 3986 7087 4160 
4222 277 2646 7088 2622 
4223 278 2623 7088 2646 
4224 271 2622 7088 2623 
4225 448 3337 7089 3336 
4226 759 4382 7089 3337 
4227 704 3336 7089 4382 
4228 667 4231 7090 4229 
4229 714 4233 7090 4231 
4230 668 4229 7090 4233 
4231 91 1875 7091 1869 
4232 105 1870 7091 1875 
4233 90 1869 7091 1870 
4234 90 1871 7092 1869 
4235 106 1876 7092 1871 
4236 91 1869 7092 1876 
4237 88 1860 7093 1854 
4238 103 1855 7093 1860 
4239 87 1854 7093 1855 
4240 87 1856 7094 1854 
4241 104 1861 7094 1856 
4242 88 1854 7094 1861 
4243 200 2340 7095 2330 
4244 891 2332 7095 2340 
4245 198 2330 7095 2332 
4246 196 2323 7096 2322 
4247 199 2329 7096 2323 
4248 198 2322 7096 2329 
4249 482 3472 7097 3471 
4250 696 3870 7097 3472 
4251 579 3471 7097 3870 
4252 279 2654 7098 2650 
4253 310 2651 7098 2654 
4254 278 2650 7098 2651 
4255 389 3100 7099 3098 
4256 482 3126 7099 3100 
4257 396 3098 7099 3126 
4258 198 2331 7100 2325 
4259 448 2326 7100 2331 
4260 197 2325 7100 2326 
4261 332 2870 7101 2866 
4262 389 2867 7101 2870 
4263 331 2866 7101 2867 
4264 314 2797 7102 2796 
4265 370 2800 7102 2797 
4266 315 2796 7102 2800 
4267 545 3733 7103 3732 
4268 680 4192 7103 3733 
4269 658 3732 7103 4192 
4270 391 3107 7104 3106 
4271 506 3565 7104 3107 
4272 505 3106 7104 3565 
4273 201 2341 7105 2337 
4274 202 2338 7105 2341 
4275 200 2337 7105 2338 
4276 545 3732 7106 3348 
4277 658 3349 7106 3732 
4278 451 3348 7106 3349 
4279 92 1881 7107 1879 
4280 102 1886 7107 1881 
4281 93 1879 7107 1886 
4282 93 1885 7108 1879 
4283 99 1880 7108 1885 
4284 92 1879 7108 1880 
4285 85 1846 7109 1844 
4286 101 1851 7109 1846 
4287 86 1844 7109 1851 
4288 86 1850 7110 1844 
4289 100 1845 7110 1850 
4290 85 1844 7110 1845 
4291 339 2899 7111 2875 
4292 341 2876 7111 2899 
4293 333 2875 7111 2876 
4294 60 1723 7112 1720 
4295 1078 1728 7112 1723 
4296 61 1720 7112 1728 
4297 378 3055 7113 3054 
4298 393 3110 7113 3055 
4299 392 3054 7113 3110 
4300 303 2751 7114 2747 
4301 304 2748 7114 2751 
4302 302 2747 7114 2748 
4303 271 2625 7115 2624 
4304 1380 4859 7115 2625 
4305 839 2624 7115 4859 
4306 150 2134 7116 1460 
4307 1018 1462 7116 2134 
4308 8 1460 7116 1462 
4309 388 3095 7117 3094 
4310 542 3323 7117 3095 
4311 445 3094 7117 3323 
4312 305 2759 7118 2755 
4313 307 2756 7118 2759 
4314 304 2755 7118 2756 
4315 196 2321 7119 2314 
4316 197 2315 7119 2321 
4317 194 2314 7119 2315 
4318 497 3535 7120 3534 
4319 500 3541 7120 3535 
4320 499 3534 7120 3541 
4321 775 4656 7121 4652 
4322 776 4653 7121 4656 
4323 774 4652 7121 4653 
4324 346 2928 7122 2927 
4325 391 3102 7122 2928 
4326 390 2927 7122 3102 
4327 500 3547 7123 3546 
4328 676 4261 7123 3547 
4329 675 3546 7123 4261 
4330 330 2862 7124 2858 
4331 331 2859 7124 2862 
4332 329 2858 7124 2859 
4333 542 3720 7125 3323 
4334 609 3324 7125 3720 
4335 445 3323 7125 3324 
4336 253 2550 7126 2542 
4337 302 2543 7126 2550 
4338 251 2542 7126 2543 
4339 475 3444 7127 3443 
4340 626 3447 7127 3444 
4341 476 3443 7127 3447 
4342 675 4262 7128 3549 
4343 677 3550 7128 4262 
4344 501 3549 7128 3550 
4345 388 3094 7129 2906 
4346 445 2907 7129 3094 
4347 341 2906 7129 2907 
4348 196 2322 7130 2321 
4349 198 2325 7130 2322 
4350 197 2321 7130 2325 
4351 314 2796 7131 2771 
4352 315 2772 7131 2796 
4353 308 2771 7131 2772 
4354 636 4106 7132 4105 
4355 643 4120 7132 4106 
4356 640 4105 7132 4120 
4357 88 1863 7133 1859 
4358 946 1868 7133 1863 
4359 89 1859 7133 1868 
4360 279 2655 7134 2654 
4361 329 2781 7134 2655 
4362 310 2654 7134 2781 
4363 195 2319 7135 2317 
4364 884 2324 7135 2319 
4365 196 2317 7135 2324 
4366 262 2586 7136 2582 
4367 264 2583 7136 2586 
4368 261 2582 7136 2583 
4369 551 3757 7137 3751 
4370 564 3752 7137 3757 
4371 550 3751 7137 3752 
4372 307 2768 7138 2767 
4373 314 2771 7138 2768 
4374 308 2767 7138 2771 
4375 307 2767 7139 2756 
4376 308 2757 7139 2767 
4377 304 2756 7139 2757 
4378 386 3086 7140 3035 
4379 480 3036 7140 3086 
4380 373 3035 7140 3036 
4381 372 3033 7141 2519 
4382 876 2520 7141 3033 
4383 245 2519 7141 2520 
4384 629 4078 7142 4077 
4385 699 4086 7142 4078 
4386 631 4077 7142 4086 
4387 192 2307 7143 2306 
4388 195 2313 7143 2307 
4389 194 2306 7143 2313 
4390 269 2614 7144 2393 
4391 270 2394 7144 2614 
4392 214 2393 7144 2394 
4393 487 3492 7145 3463 
4394 667 3464 7145 3492 
4395 480 3463 7145 3464 
4396 393 3117 7146 3116 
4397 866 3309 7146 3117 
4398 441 3116 7146 3309 
4399 28 1562 7147 1560 
4400 1088 1569 7147 1562 
4401 29 1560 7147 1569 
4402 52 1682 7148 1680 
4403 1093 1688 7148 1682 
4404 53 1680 7148 1688 
4405 544 3729 7149 3727 
4406 710 3849 7149 3729 
4407 574 3727 7149 3849 
4408 25 1548 7150 1545 
4409 1096 1554 7150 1548 
4410 26 1545 7150 1554 
4411 735 4504 7151 4500 
4412 792 4501 7151 4504 
4413 734 4500 7151 4501 
4414 89 1867 7152 1864 
4415 945 1873 7152 1867 
4416 90 1864 7152 1873 
4417 35 1599 7153 1595 
4418 1095 1604 7153 1599 
4419 36 1595 7153 1604 
4420 199 2333 7154 2329 
4421 200 2330 7154 2333 
4422 198 2329 7154 2330 
4423 277 2647 7155 2646 
4424 279 2650 7155 2647 
4425 278 2646 7155 2650 
4426 199 2334 7156 2333 
4427 201 2337 7156 2334 
4428 200 2333 7156 2337 
4429 378 3056 7157 3055 
4430 394 3114 7157 3056 
4431 393 3055 7157 3114 
4432 490 3507 7158 3377 
4433 982 3378 7158 3507 
4434 458 3377 7158 3378 
4435 375 3045 7159 3043 
4436 1024 3132 7159 3045 
4437 397 3043 7159 3132 
4438 347 2931 7160 2930 
4439 378 3050 7160 2931 
4440 377 2930 7160 3050 
4441 626 4066 7161 4064 
4442 730 4070 7161 4066 
4443 627 4064 7161 4070 
4444 487 3493 7162 3492 
4445 669 4230 7162 3493 
4446 667 3492 7162 4230 
4447 195 2317 7163 2313 
4448 196 2314 7163 2317 
4449 194 2313 7163 2314 
4450 676 4265 7164 4261 
4451 785 4263 7164 4265 
4452 675 4261 7164 4263 
4453 344 2918 7165 2805 
4454 345 2806 7165 2918 
4455 316 2805 7165 2806 
4456 105 1940 7166 1870 
4457 179 1872 7166 1940 
4458 90 1870 7166 1872 
4459 193 2311 7167 2310 
4460 277 2622 7167 2311 
4461 271 2310 7167 2622 
4462 645 4140 7168 3706 
4463 734 3707 7168 4140 
4464 539 3706 7168 3707 
4465 500 3546 7169 3545 
4466 675 3549 7169 3546 
4467 501 3545 7169 3549 
4468 386 3087 7170 3086 
4469 487 3463 7170 3087 
4470 480 3086 7170 3463 
4471 555 3773 7171 3764 
4472 567 3765 7171 3773 
4473 553 3764 7171 3765 
4474 607 3986 7172 3912 
4475 650 3913 7172 3986 
4476 589 3912 7172 3913 
4477 780 4674 7173 4660 
4478 781 4661 7173 4674 
4479 776 4660 7173 4661 
4480 508 3577 7174 3122 
4481 539 3123 7174 3577 
4482 395 3122 7174 3123 
4483 249 2535 7175 2534 
4484 621 2910 7175 2535 
4485 342 2534 7175 2910 
4486 645 4141 7176 4140 
4487 735 4500 7176 4141 
4488 734 4140 7176 4500 
4489 700 4365 7177 3566 
4490 701 3567 7177 4365 
4491 505 3566 7177 3567 
4492 302 2749 7178 2543 
4493 882 2544 7178 2749 
4494 251 2543 7178 2544 
4495 508 3579 7179 3577 
4496 645 3706 7179 3579 
4497 539 3577 7179 3706 
4498 443 3316 7180 3315 
4499 544 3595 7180 3316 
4500 512 3315 7180 3595 
4501 394 3118 7181 3114 
4502 395 3115 7181 3118 
4503 393 3114 7181 3115 
4504 725 4467 7182 3850 
4505 739 3851 7182 4467 
4506 574 3850 7182 3851 
4507 772 4645 7183 4644 
4508 775 4652 7183 4645 
4509 774 4644 7183 4652 
4510 745 4543 7184 4370 
4511 910 4371 7184 4543 
4512 701 4370 7184 4371 
4513 192 2306 7185 2305 
4514 194 2309 7185 2306 
4515 193 2305 7185 2309 
4516 454 3361 7186 3360 
4517 647 4144 7186 3361 
4518 646 3360 7186 4144 
4519 394 3119 7187 3118 
4520 508 3122 7187 3119 
4521 395 3118 7187 3122 
4522 391 3106 7188 3102 
4523 505 3103 7188 3106 
4524 390 3102 7188 3103 
4525 312 2790 7189 2789 
4526 386 3035 7189 2790 
4527 373 2789 7189 3035 
4528 390 3104 7190 2932 
4529 1006 2933 7190 3104 
4530 347 2932 7190 2933 
4531 506 3571 7191 3565 
4532 700 3566 7191 3571 
4533 505 3565 7191 3566 
4534 346 2926 7192 2830 
4535 347 2831 7192 2926 
4536 322 2830 7192 2831 
4537 348 2936 7193 2935 
4538 443 3311 7193 2936 
4539 442 2935 7193 3311 
4540 291 2703 7194 2695 
4541 328 2696 7194 2703 
4542 289 2695 7194 2696 
4543 710 4406 7195 3849 
4544 725 3850 7195 4406 
4545 574 3849 7195 3850 
4546 512 3597 7196 3312 
4547 578 3313 7196 3597 
4548 442 3312 7196 3313 
4549 589 3911 7197 3907 
4550 591 3908 7197 3911 
4551 588 3907 7197 3908 
4552 417 3212 7198 3211 
4553 575 3217 7198 3212 
4554 418 3211 7198 3217 
4555 972 5162 7199 5155 
4556 973 5156 7199 5162 
4557 970 5155 7199 5156 
4558 564 3809 7200 3752 
4559 588 3753 7200 3809 
4560 550 3752 7200 3753 
4561 836 4849 7201 4217 
4562 853 4218 7201 4849 
4563 664 4217 7201 4218 
4564 564 3810 7202 3809 
4565 589 3907 7202 3810 
4566 588 3809 7202 3907 
4567 257 2567 7203 2566 
4568 262 2582 7203 2567 
4569 261 2566 7203 2582 
4570 262 2588 7204 2587 
4571 502 2602 7204 2588 
4572 266 2587 7204 2602 
4573 544 3727 7205 3595 
4574 574 3596 7205 3727 
4575 512 3595 7205 3596 
4576 346 2927 7206 2926 
4577 390 2932 7206 2927 
4578 347 2926 7206 2932 
4579 274 2634 7207 2618 
4580 275 2619 7207 2634 
4581 270 2618 7207 2619 
4582 348 2934 7208 2854 
4583 400 2855 7208 2934 
4584 328 2854 7208 2855 
4585 321 2827 7209 2826 
4586 346 2830 7209 2827 
4587 322 2826 7209 2830 
4588 700 4366 7210 4365 
4589 745 4370 7210 4366 
4590 701 4365 7210 4370 
4591 560 3794 7211 3780 
4592 568 3781 7211 3794 
4593 557 3780 7211 3781 
4594 262 2587 7212 2586 
4595 266 2595 7212 2587 
4596 264 2586 7212 2595 
4597 172 2228 7213 2227 
4598 1207 5499 7213 2228 
4599 1141 2227 7213 5499 
4600 321 2826 7214 2642 
4601 322 2643 7214 2826 
4602 276 2642 7214 2643 
4603 192 2305 7215 2301 
4604 193 2302 7215 2305 
4605 191 2301 7215 2302 
4606 171 2222 7216 1835 
4607 883 1837 7216 2222 
4608 83 1835 7216 1837 
4609 775 4657 7217 4656 
4610 780 4660 7217 4657 
4611 776 4656 7217 4660 
4612 567 3822 7218 3765 
4613 1036 3766 7218 3822 
4614 553 3765 7218 3766 
4615 185 2279 7219 2278 
4616 708 3090 7219 2279 
4617 387 2278 7219 3090 
4618 267 2608 7220 2607 
4619 291 2695 7220 2608 
4620 289 2607 7220 2695 
4621 942 5092 7221 4715 
4622 1235 4716 7221 5092 
4623 791 4715 7221 4716 
4624 95 1896 7222 1895 
4625 173 1901 7222 1896 
4626 96 1895 7222 1901 
4627 96 1902 7223 1895 
4628 174 1897 7223 1902 
4629 95 1895 7223 1897 
4630 83 1836 7224 1829 
4631 172 1831 7224 1836 
4632 82 1829 7224 1831 
4633 82 1830 7225 1829 
4634 171 1835 7225 1830 
4635 83 1829 7225 1835 
4636 566 3819 7226 3801 
4637 571 3802 7226 3819 
4638 562 3801 7226 3802 
4639 443 3315 7227 3311 
4640 512 3312 7227 3315 
4641 442 3311 7227 3312 
4642 781 4680 7228 4679 
4643 784 4686 7228 4680 
4644 783 4679 7228 4686 
4645 375 3043 7229 2922 
4646 397 2923 7229 3043 
4647 345 2922 7229 2923 
4648 362 2993 7230 2992 
4649 1102 3061 7230 2993 
4650 379 2992 7230 3061 
4651 188 2289 7231 2282 
4652 189 2283 7231 2289 
4653 186 2282 7231 2283 
4654 724 4463 7232 3847 
4655 1147 3848 7232 4463 
4656 573 3847 7232 3848 
4657 475 3445 7233 3444 
4658 639 4065 7233 3445 
4659 626 3444 7233 4065 
4660 348 2935 7234 2934 
4661 442 3143 7234 2935 
4662 400 2934 7234 3143 
4663 81 1825 7235 1819 
4664 175 1820 7235 1825 
4665 80 1819 7235 1820 
4666 80 1821 7236 1819 
4667 176 1826 7236 1821 
4668 81 1819 7236 1826 
4669 97 1907 7237 1905 
4670 178 1911 7237 1907 
4671 98 1905 7237 1911 
4672 98 1910 7238 1905 
4673 177 1906 7238 1910 
4674 97 1905 7238 1906 
4675 182 2267 7239 2266 
4676 821 2276 7239 2267 
4677 184 2266 7239 2276 
4678 190 2298 7240 2297 
4679 192 2301 7240 2298 
4680 191 2297 7240 2301 
4681 275 2640 7241 2638 
4682 321 2642 7241 2640 
4683 276 2638 7241 2642 
4684 187 2286 7242 2285 
4685 214 2291 7242 2286 
4686 188 2285 7242 2291 
4687 291 2704 7243 2703 
4688 348 2854 7243 2704 
4689 328 2703 7243 2854 
4690 190 2297 7244 2293 
4691 191 2294 7244 2297 
4692 189 2293 7244 2294 
4693 516 3614 7245 3328 
4694 529 3329 7245 3614 
4695 446 3328 7245 3329 
4696 130 2049 7246 2048 
4697 1091 5414 7246 2049 
4698 1090 2048 7246 5414 
4699 170 2220 7247 2219 
4700 1098 5431 7247 2220 
4701 1097 2219 7247 5431 
4702 834 4844 7248 4842 
4703 914 4843 7248 4844 
4704 833 4842 7248 4843 
4705 536 3697 7249 3695 
4706 980 3711 7249 3697 
4707 540 3695 7249 3711 
4708 105 1942 7250 1941 
4709 585 2259 7250 1942 
4710 180 1941 7250 2259 
4711 275 2638 7251 2619 
4712 276 2620 7251 2638 
4713 270 2619 7251 2620 
4714 866 4943 7252 4938 
4715 1314 4941 7252 4943 
4716 865 4938 7252 4941 
4717 472 3434 7253 3421 
4718 987 3422 7253 3434 
4719 469 3421 7253 3422 
4720 184 2275 7254 2274 
4721 187 2281 7254 2275 
4722 186 2274 7254 2281 
4723 188 2290 7255 2289 
4724 190 2293 7255 2290 
4725 189 2289 7255 2293 
4726 105 1941 7256 1940 
4727 180 2254 7256 1941 
4728 179 1940 7256 2254 
4729 722 4456 7257 3621 
4730 755 3622 7257 4456 
4731 518 3621 7257 3622 
4732 310 2782 7258 2780 
4733 1116 2791 7258 2782 
4734 312 2780 7258 2791 
4735 180 2257 7259 2254 
4736 181 2255 7259 2257 
4737 179 2254 7259 2255 
4738 610 3999 7260 3853 
4739 662 3854 7260 3999 
4740 575 3853 7260 3854 
4741 149 2130 7261 1781 
4742 1030 1784 7261 2130 
4743 72 1781 7261 1784 
4744 9 1467 7262 1465 
4745 1031 2135 7262 1467 
4746 150 1465 7262 2135 
4747 300 2742 7263 2741 
4748 912 2949 7263 2742 
4749 351 2741 7263 2949 
4750 187 2285 7264 2281 
4751 188 2282 7264 2285 
4752 186 2281 7264 2282 
4753 610 4000 7265 3999 
4754 690 4208 7265 4000 
4755 662 3999 7265 4208 
4756 481 3470 7266 3469 
4757 1149 4043 7266 3470 
4758 620 3469 7266 4043 
4759 795 4731 7267 1982 
4760 1375 1985 7267 4731 
4761 115 1982 7267 1985 
4762 367 3013 7268 3011 
4763 1003 3290 7268 3013 
4764 436 3011 7268 3290 
4765 417 3213 7269 3212 
4766 610 3853 7269 3213 
4767 575 3212 7269 3853 
4768 182 2265 7270 2261 
4769 183 2262 7270 2265 
4770 181 2261 7270 2262 
4771 135 2070 7271 1591 
4772 1087 1594 7271 2070 
4773 34 1591 7271 1594 
4774 180 2258 7272 2257 
4775 182 2261 7272 2258 
4776 181 2257 7272 2261 
4777 170 2219 7273 1616 
4778 1097 1617 7273 2219 
4779 39 1616 7273 1617 
4780 109 1958 7274 1957 
4781 1045 5317 7274 1958 
4782 1044 1957 7274 5317 
4783 130 2048 7275 1661 
4784 1090 1664 7275 2048 
4785 48 1661 7275 1664 
4786 184 2273 7276 2269 
4787 185 2270 7276 2273 
4788 183 2269 7276 2270 
4789 184 2274 7277 2273 
4790 186 2277 7277 2274 
4791 185 2273 7277 2277 
4792 647 4149 7278 4148 
4793 726 4427 7278 4149 
4794 715 4148 7278 4427 
4795 510 3587 7279 3012 
4796 1003 3013 7279 3587 
4797 367 3012 7279 3013 
4798 182 2266 7280 2265 
4799 184 2269 7280 2266 
4800 183 2265 7280 2269 
4801 716 4432 7281 3539 
4802 925 3540 7281 4432 
4803 498 3539 7281 3540 
4804 446 3330 7282 3044 
4805 1024 3045 7282 3330 
4806 375 3044 7282 3045 
4807 151 2139 7283 2138 
4808 1022 5267 7283 2139 
4809 1021 2138 7283 5267 
4810 647 4150 7284 4149 
4811 727 4471 7284 4150 
4812 726 4149 7284 4471 
4813 804 4757 7285 4756 
4814 978 5178 7285 4757 
4815 977 4756 7285 5178 
4816 828 4829 7286 4820 
4817 1260 4822 7286 4829 
4818 826 4820 7286 4822 
4819 83 1837 7287 1834 
4820 883 1840 7287 1837 
4821 84 1834 7287 1840 
4822 124 2021 7288 2020 
4823 1049 5324 7288 2021 
4824 1048 2020 7288 5324 
4825 350 2945 7289 2943 
4826 1124 2953 7289 2945 
4827 352 2943 7289 2953 
4828 10 1473 7290 1471 
4829 1032 1956 7290 1473 
4830 109 1471 7290 1956 
4831 615 4023 7291 4022 
4832 1102 5195 7291 4023 
4833 984 4022 7291 5195 
4834 154 2151 7292 2150 
4835 1059 5344 7292 2151 
4836 1058 2150 7292 5344 
4837 1052 5333 7293 2187 
4838 1053 2188 7293 5333 
4839 163 2187 7293 2188 
4840 971 5161 7294 5159 
4841 993 5170 7294 5161 
4842 974 5159 7294 5170 
4843 136 2075 7295 2074 
4844 1062 5352 7295 2075 
4845 1061 2074 7295 5352 
4846 571 3840 7296 3839 
4847 1139 5216 7296 3840 
4848 994 3839 7296 5216 
4849 620 4043 7297 4042 
4850 1149 4752 7297 4043 
4851 803 4042 7297 4752 
4852 630 4083 7298 4073 
4853 1028 4075 7298 4083 
4854 628 4073 7298 4075 
4855 108 1953 7299 1771 
4856 1035 1773 7299 1953 
4857 70 1771 7299 1773 
4858 722 4457 7300 4456 
4859 943 4582 7300 4457 
4860 755 4456 7300 4582 
4861 156 2158 7301 1481 
4862 1033 1482 7301 2158 
4863 12 1481 7301 1482 
4864 13 1487 7302 1486 
4865 1038 2159 7302 1487 
4866 156 1486 7302 2159 
4867 109 1957 7303 1476 
4868 1044 1478 7303 1957 
4869 11 1476 7303 1478 
4870 70 1774 7304 1772 
4871 1046 1962 7304 1774 
4872 110 1772 7304 1962 
4873 67 1758 7305 1757 
4874 1039 2042 7305 1758 
4875 129 1757 7305 2042 
4876 15 1497 7306 1496 
4877 1042 2039 7306 1497 
4878 128 1496 7306 2039 
4879 65 1748 7307 1746 
4880 1043 2168 7307 1748 
4881 158 1746 7307 2168 
4882 525 3651 7308 3650 
4883 989 5201 7308 3651 
4884 988 3650 7308 5201 
4885 124 2020 7309 1510 
4886 1048 1512 7309 2020 
4887 18 1510 7309 1512 
4888 117 1990 7310 1537 
4889 1050 1538 7310 1990 
4890 23 1537 7310 1538 
4891 727 4475 7311 4471 
4892 869 4472 7311 4475 
4893 726 4471 7311 4472 
4894 302 2750 7312 2749 
4895 913 4972 7312 2750 
4896 882 2749 7312 4972 
4897 562 3803 7313 3793 
4898 975 3795 7313 3803 
4899 560 3793 7313 3795 
4900 162 2182 7314 1596 
4901 1051 1597 7314 2182 
4902 35 1596 7314 1597 
4903 50 1673 7315 1672 
4904 1052 2187 7315 1673 
4905 163 1672 7315 2187 
4906 36 1603 7316 1602 
4907 1054 2183 7316 1603 
4908 162 1602 7316 2183 
4909 163 2189 7317 1666 
4910 1055 1667 7317 2189 
4911 49 1666 7317 1667 
4912 391 3109 7318 3108 
4913 1113 4215 7318 3109 
4914 663 3108 7318 4215 
4915 133 2062 7319 1657 
4916 1056 1658 7319 2062 
4917 47 1657 7319 1658 
4918 560 3795 7320 3794 
4919 975 3828 7320 3795 
4920 568 3794 7320 3828 
4921 164 2193 7321 1647 
4922 1057 1648 7321 2193 
4923 45 1647 7321 1648 
4924 458 3378 7322 3176 
4925 982 3177 7322 3378 
4926 408 3176 7322 3177 
4927 159 2171 7323 1525 
4928 1064 1527 7323 2171 
4929 21 1525 7323 1527 
4930 1082 5396 7324 2093 
4931 1083 2094 7324 5396 
4932 140 2093 7324 2094 
4933 136 2074 7325 1551 
4934 1061 1553 7325 2074 
4935 26 1551 7325 1553 
4936 814 4788 7326 3581 
4937 938 3582 7326 4788 
4938 509 3581 7326 3582 
4939 730 4488 7327 4070 
4940 1109 4071 7327 4488 
4941 627 4070 7327 4071 
4942 614 4019 7328 4018 
4943 1151 4729 7328 4019 
4944 795 4018 7328 4729 
4945 736 4510 7329 3654 
4946 1146 3655 7329 4510 
4947 526 3654 7329 3655 
4948 141 2097 7330 2096 
4949 1086 5404 7330 2097 
4950 1085 2096 7330 5404 
4951 111 1965 7331 1636 
4952 1071 1637 7331 1965 
4953 43 1636 7331 1637 
4954 1093 5426 7332 2052 
4955 1267 2054 7332 5426 
4956 131 2052 7332 2054 
4957 676 4268 7333 4265 
4958 1224 4694 7333 4268 
4959 785 4265 7333 4694 
4960 154 2150 7334 1485 
4961 1058 1488 7334 2150 
4962 13 1485 7334 1488 
4963 87 1857 7335 1856 
4964 944 1936 7335 1857 
4965 104 1856 7335 1936 
4966 19 1517 7336 1515 
4967 1063 2022 7336 1517 
4968 124 1515 7336 2022 
4969 4 1443 7337 1439 
4970 1015 1447 7337 1443 
4971 5 1439 7337 1447 
4972 24 1543 7338 1542 
4973 1060 1991 7338 1543 
4974 117 1542 7338 1991 
4975 544 3730 7339 3729 
4976 1161 4407 7339 3730 
4977 710 3729 7339 4407 
4978 648 4152 7340 3353 
4979 820 3354 7340 4152 
4980 452 3353 7340 3354 
4981 41 1628 7341 1627 
4982 1070 2088 7341 1628 
4983 139 1627 7341 2088 
4984 127 2036 7342 1495 
4985 1074 1498 7342 2036 
4986 15 1495 7342 1498 
4987 1156 5518 7343 3862 
4988 1167 3863 7343 5518 
4989 577 3862 7343 3863 
4990 640 4122 7344 4121 
4991 894 4989 7344 4122 
4992 893 4121 7344 4989 
4993 582 3885 7345 3884 
4994 1171 4491 7345 3885 
4995 731 3884 7345 4491 
4996 927 5059 7346 3724 
4997 934 3725 7346 5059 
4998 543 3724 7346 3725 
4999 122 2011 7347 1450 
5000 1014 1452 7347 2011 
5001 6 1450 7347 1452 
5002 18 1513 7348 1511 
5003 1076 2065 7348 1513 
5004 134 1511 7348 2065 
5005 755 4583 7349 3622 
5006 1138 3623 7349 4583 
5007 518 3622 7349 3623 
5008 134 2066 7350 1516 
5009 1081 1518 7350 2066 
5010 19 1516 7350 1518 
5011 58 1713 7351 1712 
5012 1082 2093 7351 1713 
5013 140 1712 7351 2093 
5014 143 2104 7352 1677 
5015 1094 1679 7352 2104 
5016 51 1677 7352 1679 
5017 142 2100 7353 1557 
5018 1089 1558 7353 2100 
5019 27 1557 7353 1558 
5020 352 2953 7354 2952 
5021 1124 3196 7354 2953 
5022 413 2952 7354 3196 
5023 31 1578 7355 1577 
5024 1084 2215 7355 1578 
5025 169 1577 7355 2215 
5026 141 2096 7356 1607 
5027 1085 1609 7356 2096 
5028 37 1607 7356 1609 
5029 368 3017 7357 3016 
5030 1145 3462 7357 3017 
5031 479 3016 7357 3462 
5032 64 1744 7358 1742 
5033 1077 2197 7358 1744 
5034 165 1742 7358 2197 
5035 61 1728 7359 1726 
5036 1078 1974 7359 1728 
5037 113 1726 7359 1974 
5038 8 1462 7360 1454 
5039 1018 1457 7360 1462 
5040 7 1454 7360 1457 
5041 7 1458 7361 1454 
5042 1026 1463 7361 1458 
5043 8 1454 7361 1463 
5044 74 1793 7362 1785 
5045 1019 1788 7362 1793 
5046 73 1785 7362 1788 
5047 73 1789 7363 1785 
5048 1020 1794 7363 1789 
5049 74 1785 7363 1794 
5050 385 3085 7364 3084 
5051 1148 3935 7364 3085 
5052 594 3084 7364 3935 
5053 110 1961 7365 1777 
5054 1025 1778 7365 1961 
5055 71 1777 7365 1778 
5056 29 1569 7366 1566 
5057 1088 1999 7366 1569 
5058 119 1566 7366 1999 
5059 53 1688 7367 1686 
5060 1093 2052 7367 1688 
5061 131 1686 7367 2052 
5062 26 1554 7368 1552 
5063 1096 2101 7368 1554 
5064 142 1552 7368 2101 
5065 36 1604 7369 1601 
5066 1095 2098 7369 1604 
5067 141 1601 7369 2098 
5068 33 1588 7370 1580 
5069 1069 1582 7370 1588 
5070 32 1580 7370 1582 
5071 57 1708 7371 1700 
5072 1067 1702 7371 1708 
5073 56 1700 7371 1702 
5074 60 1722 7372 1715 
5075 1066 1717 7372 1722 
5076 59 1715 7372 1717 
5077 54 1693 7373 1685 
5078 1068 1687 7373 1693 
5079 53 1685 7373 1687 
5080 525 3649 7374 3433 
5081 987 3434 7374 3649 
5082 472 3433 7374 3434 
5083 34 1594 7375 1590 
5084 1087 1598 7375 1594 
5085 35 1590 7375 1598 
5086 39 1617 7376 1615 
5087 1097 1622 7376 1617 
5088 40 1615 7376 1622 
5089 268 2613 7377 2612 
5090 1194 2811 7377 2613 
5091 317 2612 7377 2811 
5092 48 1664 7378 1660 
5093 1090 1668 7378 1664 
5094 49 1660 7378 1668 
5095 9 1468 7379 1464 
5096 1032 1473 7379 1468 
5097 10 1464 7379 1473 
5098 72 1784 7380 1775 
5099 1030 1779 7380 1784 
5100 71 1775 7380 1779 
5101 10 1472 7381 1464 
5102 1031 1467 7381 1472 
5103 9 1464 7381 1467 
5104 1024 5279 7382 3132 
5105 1277 3133 7382 5279 
5106 397 3132 7382 3133 
5107 101 1923 7383 1851 
5108 944 1852 7383 1923 
5109 86 1851 7383 1852 
5110 806 4766 7384 3307 
5111 1406 3310 7384 4766 
5112 441 3307 7384 3310 
5113 12 1482 7385 1474 
5114 1033 1477 7385 1482 
5115 11 1474 7385 1477 
5116 70 1773 7386 1765 
5117 1035 1768 7386 1773 
5118 69 1765 7386 1768 
5119 1141 5498 7387 2238 
5120 1142 2239 7387 5498 
5121 175 2238 7387 2239 
5122 14 1492 7388 1484 
5123 1038 1487 7388 1492 
5124 13 1484 7388 1487 
5125 68 1763 7389 1755 
5126 1039 1758 7389 1763 
5127 67 1755 7389 1758 
5128 16 1502 7390 1494 
5129 1042 1497 7390 1502 
5130 15 1494 7390 1497 
5131 66 1753 7391 1745 
5132 1043 1748 7391 1753 
5133 65 1745 7391 1748 
5134 1127 5476 7392 4180 
5135 1170 4181 7392 5476 
5136 655 4180 7392 4181 
5137 11 1478 7393 1474 
5138 1044 1483 7393 1478 
5139 12 1474 7393 1483 
5140 69 1769 7394 1765 
5141 1046 1774 7394 1769 
5142 70 1765 7394 1774 
5143 18 1512 7395 1504 
5144 1048 1507 7395 1512 
5145 17 1504 7395 1507 
5146 796 4733 7396 4732 
5147 1178 5384 7396 4733 
5148 1073 4732 7396 5384 
5149 23 1538 7397 1529 
5150 1050 1532 7397 1538 
5151 22 1529 7397 1532 
5152 309 2778 7398 2775 
5153 926 2837 7398 2778 
5154 323 2775 7398 2837 
5155 35 1597 7399 1590 
5156 1051 1593 7399 1597 
5157 34 1590 7399 1593 
5158 51 1678 7400 1670 
5159 1052 1673 7400 1678 
5160 50 1670 7400 1673 
5161 571 3837 7401 3802 
5162 975 3803 7401 3837 
5163 562 3802 7401 3803 
5164 37 1608 7402 1600 
5165 1054 1603 7402 1608 
5166 36 1600 7402 1603 
5167 49 1667 7403 1660 
5168 1055 1663 7403 1667 
5169 48 1660 7403 1663 
5170 47 1658 7404 1650 
5171 1056 1652 7404 1658 
5172 46 1650 7404 1652 
5173 45 1648 7405 1640 
5174 1057 1643 7405 1648 
5175 44 1640 7405 1643 
5176 1395 5680 7406 4723 
5177 1402 4724 7406 5680 
5178 793 4723 7406 4724 
5179 1008 5233 7407 2226 
5180 1207 2228 7407 5233 
5181 172 2226 7407 2228 
5182 21 1527 7408 1519 
5183 1064 1522 7408 1527 
5184 20 1519 7408 1522 
5185 26 1553 7409 1545 
5186 1061 1547 7409 1553 
5187 25 1545 7409 1547 
5188 43 1637 7410 1630 
5189 1071 1633 7410 1637 
5190 42 1630 7410 1633 
5191 686 4308 7411 4307 
5192 1186 5100 7411 4308 
5193 947 4307 7411 5100 
5194 591 3922 7412 3921 
5195 1103 5078 7412 3922 
5196 935 3921 7412 5078 
5197 371 3029 7413 2801 
5198 948 2803 7413 3029 
5199 315 2801 7413 2803 
5200 647 4151 7414 4150 
5201 1160 4476 7414 4151 
5202 727 4150 7414 4476 
5203 13 1488 7415 1484 
5204 1058 1493 7415 1488 
5205 14 1484 7415 1493 
5206 613 4015 7416 4012 
5207 1190 5454 7416 4015 
5208 1108 4012 7416 5454 
5209 158 2167 7417 1741 
5210 1029 1743 7417 2167 
5211 64 1741 7417 1743 
5212 1078 5391 7418 1974 
5213 1079 1975 7418 5391 
5214 113 1974 7418 1975 
5215 321 2829 7419 2827 
5216 1113 2929 7419 2829 
5217 346 2827 7419 2929 
5218 7 1457 7420 1455 
5219 1018 2012 7420 1457 
5220 122 1455 7420 2012 
5221 15 1498 7421 1494 
5222 1074 1503 7421 1498 
5223 16 1494 7421 1503 
5224 657 4191 7422 4189 
5225 1168 4553 7422 4191 
5226 747 4189 7422 4553 
5227 17 1508 7423 1504 
5228 1076 1513 7423 1508 
5229 18 1504 7423 1513 
5230 19 1518 7424 1514 
5231 1081 1523 7424 1518 
5232 20 1514 7424 1523 
5233 27 1558 7425 1555 
5234 1089 1563 7425 1558 
5235 28 1555 7425 1563 
5236 51 1679 7426 1675 
5237 1094 1683 7426 1679 
5238 52 1675 7426 1683 
5239 57 1709 7427 1705 
5240 1082 1713 7427 1709 
5241 58 1705 7427 1713 
5242 30 1574 7428 1570 
5243 1084 1578 7428 1574 
5244 31 1570 7428 1578 
5245 37 1609 7429 1605 
5246 1085 1613 7429 1609 
5247 38 1605 7429 1613 
5248 58 1714 7430 1711 
5249 1120 1995 7430 1714 
5250 118 1711 7430 1995 
5251 55 1697 7431 1696 
5252 1119 2084 7431 1697 
5253 138 1696 7431 2084 
5254 52 1684 7432 1681 
5255 1121 1984 7432 1684 
5256 115 1681 7432 1984 
5257 151 2138 7433 2137 
5258 1021 5265 7433 2138 
5259 1020 2137 7433 5265 
5260 962 5133 7434 5118 
5261 1001 5119 7434 5133 
5262 958 5118 7434 5119 
5263 980 5187 7435 4879 
5264 1289 4880 7435 5187 
5265 847 4879 7435 4880 
5266 338 2895 7436 2843 
5267 1145 2845 7436 2895 
5268 325 2843 7436 2845 
5269 1209 5586 7437 2247 
5270 1282 2248 7437 5586 
5271 177 2247 7437 2248 
5272 774 4655 7438 4647 
5273 1245 4651 7438 4655 
5274 773 4647 7438 4651 
5275 8 1463 7439 1461 
5276 1026 2141 7439 1463 
5277 152 1461 7439 2141 
5278 73 1788 7440 1786 
5279 1019 2129 7440 1788 
5280 149 1786 7440 2129 
5281 151 2137 7441 1787 
5282 1020 1789 7441 2137 
5283 73 1787 7441 1789 
5284 529 3665 7442 3329 
5285 1024 3330 7442 3665 
5286 446 3329 7442 3330 
5287 681 4286 7443 4285 
5288 990 5205 7443 4286 
5289 989 4285 7443 5205 
5290 804 4756 7444 4755 
5291 977 5175 7444 4756 
5292 976 4755 7444 5175 
5293 947 5100 7445 4172 
5294 1186 4173 7445 5100 
5295 653 4172 7445 4173 
5296 898 4999 7446 3896 
5297 899 3897 7446 4999 
5298 585 3896 7446 3897 
5299 611 4005 7447 4003 
5300 937 4306 7447 4005 
5301 686 4003 7447 4306 
5302 355 2963 7448 2938 
5303 1148 2941 7448 2963 
5304 349 2938 7448 2941 
5305 56 1703 7449 1695 
5306 1119 1697 7449 1703 
5307 55 1695 7449 1697 
5308 59 1719 7450 1710 
5309 1120 1714 7450 1719 
5310 58 1710 7450 1714 
5311 53 1689 7451 1680 
5312 1121 1684 7451 1689 
5313 52 1680 7451 1684 
5314 644 4139 7452 4138 
5315 915 4995 7452 4139 
5316 896 4138 7452 4995 
5317 152 2142 7453 1466 
5318 1032 1468 7453 2142 
5319 9 1466 7453 1468 
5320 979 5185 7454 3004 
5321 1157 3005 7454 5185 
5322 365 3004 7454 3005 
5323 1033 5296 7455 1949 
5324 1034 1950 7455 5296 
5325 107 1949 7455 1950 
5326 346 2929 7456 2928 
5327 1113 3109 7456 2929 
5328 391 2928 7456 3109 
5329 1089 5413 7457 4914 
5330 1341 4916 7457 5413 
5331 857 4914 7457 4916 
5332 532 3680 7458 3679 
5333 1257 5037 7458 3680 
5334 917 3679 7458 5037 
5335 1145 5506 7459 4190 
5336 1168 4191 7459 5506 
5337 657 4190 7459 4191 
5338 788 4705 7460 4704 
5339 1144 5468 7460 4705 
5340 1118 4704 7460 5468 
5341 1160 5523 7461 4476 
5342 1174 4477 7461 5523 
5343 727 4476 7461 4477 
5344 107 1948 7462 1470 
5345 1031 1472 7462 1948 
5346 10 1470 7462 1472 
5347 71 1779 7463 1776 
5348 1030 1952 7463 1779 
5349 108 1776 7463 1952 
5350 420 3226 7464 3225 
5351 1126 3274 7464 3226 
5352 432 3225 7464 3274 
5353 640 4121 7465 4109 
5354 893 4111 7465 4121 
5355 637 4109 7465 4111 
5356 1064 5361 7466 5358 
5357 1065 5359 7466 5361 
5358 1063 5358 7466 5359 
5359 432 3274 7467 3273 
5360 1126 5453 7467 3274 
5361 1108 3273 7467 5453 
5362 798 4738 7468 2753 
5363 881 2754 7468 4738 
5364 303 2753 7468 2754 
5365 1202 5577 7469 4162 
5366 1238 4163 7469 5577 
5367 650 4162 7469 4163 
5368 11 1477 7470 1475 
5369 1033 1949 7470 1477 
5370 107 1475 7470 1949 
5371 728 4482 7471 4481 
5372 1398 4952 7471 4482 
5373 870 4481 7471 4952 
5374 105 1943 7472 1942 
5375 898 3896 7472 1943 
5376 585 1942 7472 3896 
5377 747 4553 7473 4552 
5378 1168 4564 7473 4553 
5379 750 4552 7473 4564 
5380 69 1768 7474 1767 
5381 1035 2162 7474 1768 
5382 157 1767 7474 2162 
5383 474 3442 7475 3020 
5384 1126 3021 7475 3442 
5385 369 3020 7475 3021 
5386 157 2163 7476 1762 
5387 1039 1763 7476 2163 
5388 68 1762 7476 1763 
5389 148 2127 7477 2125 
5390 1187 5225 7477 2127 
5391 999 2125 7477 5225 
5392 1071 5378 7478 5375 
5393 1072 5376 7478 5378 
5394 1070 5375 7478 5376 
5395 128 2038 7479 1491 
5396 1038 1492 7479 2038 
5397 14 1491 7479 1492 
5398 964 5140 7480 5132 
5399 1125 5135 7480 5140 
5400 962 5132 7480 5135 
5401 129 2043 7481 1752 
5402 1043 1753 7481 2043 
5403 66 1752 7481 1753 
5404 155 2153 7482 1500 
5405 1042 1502 7482 2153 
5406 16 1500 7482 1502 
5407 17 1507 7483 1505 
5408 1048 2154 7483 1507 
5409 155 1505 7483 2154 
5410 114 1981 7484 1979 
5411 1212 5042 7484 1981 
5412 919 1979 7484 5042 
5413 730 4489 7485 4488 
5414 1311 5457 7485 4489 
5415 1109 4488 7485 5457 
5416 22 1532 7486 1530 
5417 1050 2170 7486 1532 
5418 159 1530 7486 2170 
5419 116 1987 7487 1986 
5420 1217 5338 7487 1987 
5421 1054 1986 7487 5338 
5422 34 1593 7488 1592 
5423 1051 2078 7488 1593 
5424 137 1592 7488 2078 
5425 115 1983 7489 1676 
5426 1052 1678 7489 1983 
5427 51 1676 7489 1678 
5428 316 2807 7490 2639 
5429 954 2641 7490 2807 
5430 275 2639 7490 2641 
5431 116 1986 7491 1606 
5432 1054 1608 7491 1986 
5433 37 1606 7491 1608 
5434 48 1663 7492 1662 
5435 1055 2061 7492 1663 
5436 133 1662 7492 2061 
5437 12 1483 7493 1480 
5438 1044 2149 7493 1483 
5439 154 1480 7493 2149 
5440 153 2145 7494 1766 
5441 1046 1769 7494 2145 
5442 69 1766 7494 1769 
5443 46 1652 7495 1651 
5444 1056 2192 7495 1652 
5445 164 1651 7495 2192 
5446 44 1643 7496 1641 
5447 1057 1964 7496 1643 
5448 111 1641 7496 1964 
5449 366 3009 7497 2887 
5450 1150 2889 7497 3009 
5451 336 2887 7497 2889 
5452 804 4755 7498 4749 
5453 976 4750 7498 4755 
5454 802 4749 7498 4750 
5455 585 3898 7499 3895 
5456 1334 4816 7499 3898 
5457 824 3895 7499 4816 
5458 1009 5237 7500 5236 
5459 1014 5242 7500 5237 
5460 1011 5236 7500 5242 
5461 434 3281 7501 3280 
5462 1162 5452 7501 3281 
5463 1107 3280 7501 5452 
5464 865 4940 7502 4764 
5465 1230 4765 7502 4940 
5466 806 4764 7502 4765 
5467 20 1522 7503 1521 
5468 1064 5358 7503 1522 
5469 1063 1521 7503 5358 
5470 905 5013 7504 2736 
5471 906 2737 7504 5013 
5472 299 2736 7504 2737 
5473 434 3280 7505 3068 
5474 1107 3069 7505 3280 
5475 381 3068 7505 3069 
5476 430 3266 7506 3265 
5477 1149 3470 7506 3266 
5478 481 3265 7506 3470 
5479 289 2697 7507 2694 
5480 928 2699 7507 2697 
5481 290 2694 7507 2699 
5482 329 2860 7508 2781 
5483 1116 2782 7508 2860 
5484 310 2781 7508 2782 
5485 325 2845 7509 2844 
5486 1145 3017 7509 2845 
5487 368 2844 7509 3017 
5488 25 1547 7510 1546 
5489 1061 5349 7510 1547 
5490 1060 1546 7510 5349 
5491 14 1493 7511 1490 
5492 1058 2035 7511 1493 
5493 127 1490 7511 2035 
5494 42 1633 7512 1632 
5495 1071 5375 7512 1633 
5496 1070 1632 7512 5375 
5497 333 2877 7513 2769 
5498 995 2770 7513 2877 
5499 307 2769 7513 2770 
5500 16 1503 7514 1501 
5501 1074 2205 7514 1503 
5502 167 1501 7514 2205 
5503 383 3077 7515 3076 
5504 1107 3214 7515 3077 
5505 417 3076 7515 3214 
5506 349 2941 7516 2940 
5507 1148 3085 7516 2941 
5508 385 2940 7516 3085 
5509 167 2206 7517 1506 
5510 1076 1508 7517 2206 
5511 17 1506 7517 1508 
5512 20 1523 7518 1520 
5513 1081 2201 7518 1523 
5514 166 1520 7518 2201 
5515 168 2210 7519 1707 
5516 1082 1709 7519 2210 
5517 57 1707 7519 1709 
5518 119 1998 7520 1572 
5519 1084 1574 7520 1998 
5520 30 1572 7520 1574 
5521 38 1613 7521 1612 
5522 1085 2218 7521 1613 
5523 170 1612 7521 2218 
5524 354 2961 7522 2959 
5525 956 3141 7522 2961 
5526 399 2959 7522 3141 
5527 823 4813 7523 2916 
5528 941 2917 7523 4813 
5529 343 2916 7523 2917 
5530 610 4002 7524 4000 
5531 1162 4324 7524 4002 
5532 690 4000 7524 4324 
5533 28 1563 7525 1562 
5534 1089 5411 7525 1563 
5535 1088 1562 7525 5411 
5536 52 1683 7526 1682 
5537 1094 5425 7526 1683 
5538 1093 1682 7526 5425 
5539 496 3532 7527 3531 
5540 1157 5483 7527 3532 
5541 1132 3531 7527 5483 
5542 422 3234 7528 3232 
5543 965 3242 7528 3234 
5544 424 3232 7528 3242 
5545 649 4159 7529 4156 
5546 953 4320 7529 4159 
5547 689 4156 7529 4320 
5548 1149 5510 7530 4752 
5549 1175 4753 7530 5510 
5550 803 4752 7530 4753 
5551 550 3754 7531 3741 
5552 1005 3742 7531 3754 
5553 547 3741 7531 3742 
5554 438 3298 7532 3297 
5555 1147 3456 7532 3298 
5556 478 3297 7532 3456 
5557 637 4111 7533 4110 
5558 893 4251 7533 4111 
5559 672 4110 7533 4251 
5560 298 2734 7534 2733 
5561 936 3716 7534 2734 
5562 541 2733 7534 3716 
5563 173 2232 7535 1901 
5564 1135 1903 7535 2232 
5565 96 1901 7535 1903 
5566 139 2091 7536 2087 
5567 1381 5142 7536 2091 
5568 964 2087 7536 5142 
5569 470 3426 7537 3424 
5570 997 3438 7537 3426 
5571 473 3424 7537 3438 
5572 478 3455 7538 3305 
5573 1133 3306 7538 3455 
5574 440 3305 7538 3306 
5575 456 3370 7539 3369 
5576 1133 3960 7539 3370 
5577 600 3369 7539 3960 
5578 497 3536 7540 3535 
5579 1131 3548 7540 3536 
5580 500 3535 7540 3548 
5581 1200 5575 7541 4942 
5582 1314 4943 7541 5575 
5583 866 4942 7541 4943 
5584 573 3848 7542 3293 
5585 1147 3294 7542 3848 
5586 437 3293 7542 3294 
5587 557 3782 7543 3772 
5588 969 3774 7543 3782 
5589 555 3772 7543 3774 
5590 1087 5409 7544 1598 
5591 1095 1599 7544 5409 
5592 35 1598 7544 1599 
5593 486 3491 7545 3490 
5594 947 4172 7545 3491 
5595 653 3490 7545 4172 
5596 266 2603 7546 2595 
5597 903 2597 7546 2603 
5598 264 2595 7546 2597 
5599 97 1908 7547 1907 
5600 1135 2250 7547 1908 
5601 178 1907 7547 2250 
5602 917 5038 7548 3679 
5603 1414 3681 7548 5038 
5604 532 3679 7548 3681 
5605 773 4650 7549 4640 
5606 1220 4642 7549 4650 
5607 771 4640 7549 4642 
5608 962 5134 7550 5133 
5609 1002 5227 7550 5134 
5610 1001 5133 7550 5227 
5611 1035 5302 7551 4424 
5612 1356 4426 7551 5302 
5613 714 4424 7551 4426 
5614 678 4276 7552 3494 
5615 1144 3495 7552 4276 
5616 487 3494 7552 3495 
5617 527 3658 7553 3333 
5618 1195 3334 7553 3658 
5619 447 3333 7553 3334 
5620 137 2082 7554 2080 
5621 1326 5461 7554 2082 
5622 1111 2080 7554 5461 
5623 923 5054 7555 5052 
5624 1182 5511 7555 5054 
5625 1150 5052 7555 5511 
5626 151 2140 7556 2139 
5627 1025 5272 7556 2140 
5628 1022 2139 7556 5272 
5629 694 4343 7557 4342 
5630 1177 5484 7557 4343 
5631 1132 4342 7557 5484 
5632 638 4115 7558 4102 
5633 996 4103 7558 4115 
5634 635 4102 7558 4103 
5635 575 3855 7559 3217 
5636 1160 3218 7559 3855 
5637 418 3217 7559 3218 
5638 999 5225 7560 4991 
5639 1187 4993 7560 5225 
5640 894 4991 7560 4993 
5641 41 1629 7561 1626 
5642 1115 2057 7561 1629 
5643 132 1626 7561 2057 
5644 50 1674 7562 1671 
5645 1112 2105 7562 1674 
5646 143 1671 7562 2105 
5647 646 4146 7563 3944 
5648 1008 3947 7563 4146 
5649 597 3944 7563 3947 
5650 605 3979 7564 3692 
5651 1151 3693 7564 3979 
5652 535 3692 7564 3693 
5653 427 3254 7565 3253 
5654 1136 3583 7565 3254 
5655 509 3253 7565 3583 
5656 537 3701 7566 3700 
5657 1151 4019 7566 3701 
5658 614 3700 7566 4019 
5659 478 3458 7567 3457 
5660 1185 5558 7567 3458 
5661 1184 3457 7567 5558 
5662 1117 5467 7568 4274 
5663 1118 4275 7568 5467 
5664 678 4274 7568 4275 
5665 454 3362 7569 3361 
5666 1160 4151 7569 3362 
5667 647 3361 7569 4151 
5668 873 4958 7570 4046 
5669 892 4047 7570 4958 
5670 621 4046 7570 4047 
5671 401 3148 7571 2856 
5672 928 2857 7571 3148 
5673 328 2856 7571 2857 
5674 405 3166 7572 3164 
5675 1002 3174 7572 3166 
5676 407 3164 7572 3174 
5677 750 4565 7573 4563 
5678 1182 5054 7573 4565 
5679 923 4563 7573 5054 
5680 918 5039 7574 2908 
5681 995 2909 7574 5039 
5682 341 2908 7574 2909 
5683 636 4107 7575 4106 
5684 1158 4135 7575 4107 
5685 643 4106 7575 4135 
5686 737 4515 7576 4513 
5687 1349 4761 7576 4515 
5688 805 4513 7576 4761 
5689 685 4303 7577 4302 
5690 1206 5478 7577 4303 
5691 1128 4302 7577 5478 
5692 451 3350 7578 3205 
5693 1106 3206 7578 3350 
5694 415 3205 7578 3206 
5695 1197 5572 7579 2147 
5696 1336 2148 7579 5572 
5697 153 2147 7579 2148 
5698 986 5200 7580 4918 
5699 1189 4919 7580 5200 
5700 858 4918 7580 4919 
5701 617 4030 7581 4029 
5702 1345 5393 7581 4030 
5703 1079 4029 7581 5393 
5704 706 4391 7582 4390 
5705 1110 5221 7582 4391 
5706 997 4390 7582 5221 
5707 72 1783 7583 1782 
5708 1025 2140 7583 1783 
5709 151 1782 7583 2140 
5710 5 1446 7584 1445 
5711 1014 5237 7584 1446 
5712 1009 1445 7584 5237 
5713 743 4537 7585 4341 
5714 1177 4343 7585 4537 
5715 694 4341 7585 4343 
5716 82 1832 7586 1830 
5717 1140 2223 7586 1832 
5718 171 1830 7586 2223 
5719 96 1904 7587 1902 
5720 1143 2235 7587 1904 
5721 174 1902 7587 2235 
5722 584 3893 7588 3890 
5723 1306 4985 7588 3893 
5724 890 3890 7588 4985 
5725 71 1778 7589 1775 
5726 1025 1783 7589 1778 
5727 72 1775 7589 1783 
5728 526 3655 7590 3638 
5729 1146 3639 7590 3655 
5730 522 3638 7590 3639 
5731 517 3619 7591 3618 
5732 1195 4227 7591 3619 
5733 666 3618 7591 4227 
5734 547 3742 7592 2903 
5735 1005 2905 7592 3742 
5736 340 2903 7592 2905 
5737 697 4356 7593 4354 
5738 1173 4797 7593 4356 
5739 817 4354 7593 4797 
5740 520 3631 7594 3630 
5741 1146 4287 7594 3631 
5742 681 3630 7594 4287 
5743 429 3262 7595 3252 
5744 1136 3254 7595 3262 
5745 427 3252 7595 3254 
5746 96 1903 7596 1900 
5747 1135 1908 7596 1903 
5748 97 1900 7596 1908 
5749 1067 5368 7597 1702 
5750 1119 1703 7597 5368 
5751 56 1702 7597 1703 
5752 1066 5366 7598 1717 
5753 1120 1719 7598 5366 
5754 59 1717 7598 1719 
5755 1068 5371 7599 1687 
5756 1121 1689 7599 5371 
5757 53 1687 7599 1689 
5758 428 3257 7600 3256 
5759 1149 3266 7600 3257 
5760 430 3256 7600 3266 
5761 124 2023 7601 2021 
5762 1165 5326 7601 2023 
5763 1049 2021 7601 5326 
5764 1167 5533 7602 5438 
5765 1313 5439 7602 5533 
5766 1099 5438 7602 5439 
5767 177 2246 7603 1906 
5768 1143 1909 7603 2246 
5769 97 1906 7603 1909 
5770 176 2243 7604 1826 
5771 1140 1827 7604 2243 
5772 81 1826 7604 1827 
5773 650 4163 7605 4161 
5774 1238 5445 7605 4163 
5775 1103 4161 7605 5445 
5776 531 3676 7606 3674 
5777 1040 3685 7606 3676 
5778 533 3674 7606 3685 
5779 82 1833 7607 1824 
5780 1141 1828 7607 1833 
5781 81 1824 7607 1828 
5782 465 3406 7608 3396 
5783 947 3398 7608 3406 
5784 463 3396 7608 3398 
5785 487 3495 7609 3493 
5786 1144 4237 7609 3495 
5787 669 3493 7609 4237 
5788 794 4726 7610 4555 
5789 1203 4556 7610 4726 
5790 748 4555 7610 4556 
5791 303 2754 7611 2752 
5792 881 2762 7611 2754 
5793 305 2752 7611 2762 
5794 457 3374 7612 3373 
5795 1100 3499 7612 3374 
5796 488 3373 7612 3499 
5797 681 4285 7613 3626 
5798 989 3627 7613 4285 
5799 519 3626 7613 3627 
5800 511 3594 7614 3590 
5801 1406 4928 7614 3594 
5802 862 3590 7614 4928 
5803 810 4777 7615 4713 
5804 1218 4714 7615 4777 
5805 790 4713 7615 4714 
5806 390 3105 7616 3104 
5807 1007 5231 7616 3105 
5808 1006 3104 7616 5231 
5809 369 3021 7617 3019 
5810 1126 3226 7617 3021 
5811 420 3019 7617 3226 
5812 460 3386 7618 3383 
5813 1156 3390 7618 3386 
5814 461 3383 7618 3390 
5815 633 4094 7619 4093 
5816 1158 4107 7619 4094 
5817 636 4093 7619 4107 
5818 981 5191 7620 5186 
5819 1289 5187 7620 5191 
5820 980 5186 7620 5187 
5821 611 4006 7621 4005 
5822 1123 5083 7621 4006 
5823 937 4005 7621 5083 
5824 612 4011 7622 4007 
5825 1399 4496 7622 4011 
5826 732 4007 7622 4496 
5827 455 3366 7623 3364 
5828 1214 3842 7623 3366 
5829 572 3364 7623 3842 
5830 217 2408 7624 2406 
5831 916 2472 7624 2408 
5832 233 2406 7624 2472 
5833 432 3272 7625 3271 
5834 966 5143 7625 3272 
5835 965 3271 7625 5143 
5836 276 2644 7626 2620 
5837 1199 2621 7626 2644 
5838 270 2620 7626 2621 
5839 1001 5227 7627 3165 
5840 1002 3166 7627 5227 
5841 405 3165 7627 3166 
5842 907 5020 7628 4205 
5843 1188 4207 7628 5020 
5844 661 4205 7628 4207 
5845 619 4039 7629 4032 
5846 1166 4034 7629 4039 
5847 618 4032 7629 4034 
5848 433 3276 7630 3249 
5849 1175 3250 7630 3276 
5850 426 3249 7630 3250 
5851 627 4071 7631 4069 
5852 1109 4079 7631 4071 
5853 629 4069 7631 4079 
5854 968 5151 7632 4242 
5855 1272 4244 7632 5151 
5856 670 4242 7632 4244 
5857 1118 5468 7633 4275 
5858 1144 4276 7633 5468 
5859 678 4275 7633 4276 
5860 518 3623 7634 3613 
5861 1138 3615 7634 3623 
5862 516 3613 7634 3615 
5863 666 4227 7635 4225 
5864 1195 5049 7635 4227 
5865 922 4225 7635 5049 
5866 763 4609 7636 4608 
5867 1223 4618 7636 4609 
5868 765 4608 7636 4618 
5869 589 3914 7637 3911 
5870 1103 3922 7637 3914 
5871 591 3911 7637 3922 
5872 340 2905 7638 2904 
5873 1005 5230 7638 2905 
5874 1004 2904 7638 5230 
5875 86 1852 7639 1849 
5876 944 1857 7639 1852 
5877 87 1849 7639 1857 
5878 445 3326 7640 3325 
5879 1152 5041 7640 3326 
5880 918 3325 7640 5041 
5881 581 3881 7641 3874 
5882 1073 3877 7641 3881 
5883 580 3874 7641 3877 
5884 654 4179 7642 4178 
5885 1198 5312 7642 4179 
5886 1041 4178 7642 5312 
5887 364 3001 7643 2998 
5888 979 3004 7643 3001 
5889 365 2998 7643 3004 
5890 646 4147 7644 4146 
5891 1207 5233 7644 4147 
5892 1008 4146 7644 5233 
5893 339 2901 7645 2900 
5894 1004 3097 7645 2901 
5895 388 2900 7645 3097 
5896 779 4671 7646 4670 
5897 878 4962 7646 4671 
5898 877 4670 7646 4962 
5899 63 1737 7647 1736 
5900 1029 2027 7647 1737 
5901 125 1736 7647 2027 
5902 437 3294 7648 3291 
5903 1147 3298 7648 3294 
5904 438 3291 7648 3298 
5905 729 4485 7649 4483 
5906 1155 4592 7649 4485 
5907 758 4483 7649 4592 
5908 1092 5421 7650 5415 
5909 1112 5416 7650 5421 
5910 1090 5415 7650 5416 
5911 1099 5437 7651 5432 
5912 1115 5433 7651 5437 
5913 1097 5432 7651 5433 
5914 315 2803 7652 2802 
5915 948 3901 7652 2803 
5916 586 2802 7652 3901 
5917 64 1743 7653 1735 
5918 1029 1737 7653 1743 
5919 63 1735 7653 1737 
5920 820 4806 7654 3708 
5921 1200 3709 7654 4806 
5922 539 3708 7654 3709 
5923 6 1452 7655 1444 
5924 1014 1446 7655 1452 
5925 5 1444 7655 1446 
5926 442 3314 7656 3143 
5927 1130 3145 7656 3314 
5928 400 3143 7656 3145 
5929 418 3218 7657 3216 
5930 1160 3362 7657 3218 
5931 454 3216 7657 3362 
5932 489 3503 7658 3501 
5933 1127 3511 7658 3503 
5934 491 3501 7658 3511 
5935 435 3285 7659 3008 
5936 1150 3009 7659 3285 
5937 366 3008 7659 3009 
5938 373 3037 7660 3034 
5939 1000 3041 7660 3037 
5940 374 3034 7660 3041 
5941 616 4027 7661 3453 
5942 1153 3454 7661 4027 
5943 477 3453 7661 3454 
5944 592 3926 7662 3925 
5945 1233 4768 7662 3926 
5946 807 3925 7662 4768 
5947 640 4123 7663 4122 
5948 999 4991 7663 4123 
5949 894 4122 7663 4991 
5950 566 3820 7664 3819 
5951 1139 3840 7664 3820 
5952 571 3819 7664 3840 
5953 569 3832 7665 3829 
5954 1105 3834 7665 3832 
5955 570 3829 7665 3834 
5956 933 5074 7666 4784 
5957 1234 4785 7666 5074 
5958 813 4784 7666 4785 
5959 799 4740 7667 4739 
5960 1136 5102 7667 4740 
5961 950 4739 7667 5102 
5962 440 3306 7668 3304 
5963 1133 3370 7668 3306 
5964 456 3304 7668 3370 
5965 936 5082 7669 3716 
5966 1169 3717 7669 5082 
5967 541 3716 7669 3717 
5968 381 3069 7670 3067 
5969 1107 3077 7670 3069 
5970 383 3067 7670 3077 
5971 496 3530 7671 3529 
5972 1131 3536 7671 3530 
5973 497 3529 7671 3536 
5974 995 5219 7672 2798 
5975 1122 2799 7672 5219 
5976 314 2798 7672 2799 
5977 338 2896 7673 2895 
5978 1168 5506 7673 2896 
5979 1145 2895 7673 5506 
5980 535 3693 7674 3691 
5981 1151 3701 7674 3693 
5982 537 3691 7674 3701 
5983 1168 5534 7675 4564 
5984 1182 4565 7675 5534 
5985 750 4564 7675 4565 
5986 213 2392 7676 2391 
5987 1404 5658 7676 2392 
5988 1290 2391 7676 5658 
5989 1028 5287 7677 5064 
5990 1192 5065 7677 5287 
5991 929 5064 7677 5065 
5992 485 3487 7678 3185 
5993 979 3186 7678 3487 
5994 410 3185 7678 3186 
5995 587 3906 7679 3903 
5996 1137 4014 7679 3906 
5997 613 3903 7679 4014 
5998 154 2152 7680 2151 
5999 1172 5347 7680 2152 
6000 1059 2151 7680 5347 
6001 1303 5670 7681 4590 
6002 1304 4591 7681 5670 
6003 757 4590 7681 4591 
6004 336 2888 7682 2777 
6005 926 2778 7682 2888 
6006 309 2777 7682 2778 
6007 801 4745 7683 4038 
6008 1166 4039 7683 4745 
6009 619 4038 7683 4039 
6010 668 4235 7684 3465 
6011 1000 3466 7684 4235 
6012 480 3465 7684 3466 
6013 522 3639 7685 3629 
6014 1146 3631 7685 3639 
6015 520 3629 7685 3631 
6016 413 3195 7686 2960 
6017 956 2961 7686 3195 
6018 354 2960 7686 2961 
6019 81 1827 7687 1824 
6020 1140 1832 7687 1827 
6021 82 1824 7687 1832 
6022 97 1909 7688 1900 
6023 1143 1904 7688 1909 
6024 96 1900 7688 1904 
6025 361 2989 7689 2988 
6026 1358 4959 7689 2989 
6027 873 2988 7689 4959 
6028 68 1764 7690 1761 
6029 1197 2147 7690 1764 
6030 153 1761 7690 2147 
6031 749 4561 7691 4560 
6032 1179 4725 7691 4561 
6033 794 4560 7691 4725 
6034 266 2605 7692 2603 
6035 1272 5010 7692 2605 
6036 903 2603 7692 5010 
6037 1063 5360 7693 2022 
6038 1165 2023 7693 5360 
6039 124 2022 7693 2023 
6040 432 3271 7694 3233 
6041 965 3234 7694 3271 
6042 422 3233 7694 3234 
6043 567 3823 7695 3822 
6044 1037 5303 7695 3823 
6045 1036 3822 7695 5303 
6046 973 5167 7696 5156 
6047 1176 5157 7696 5167 
6048 970 5156 7696 5157 
6049 126 2032 7697 1756 
6050 1197 1759 7697 2032 
6051 67 1756 7697 1759 
6052 575 3856 7698 3855 
6053 1174 5523 7698 3856 
6054 1160 3855 7698 5523 
6055 618 4035 7699 4033 
6056 1167 5518 7699 4035 
6057 1156 4033 7699 5518 
6058 918 5040 7700 5039 
6059 1122 5219 7700 5040 
6060 995 5039 7700 5219 
6061 1021 5269 7701 5265 
6062 1180 5266 7701 5269 
6063 1020 5265 7701 5266 
6064 1166 5531 7702 4034 
6065 1167 4035 7702 5531 
6066 618 4034 7702 4035 
6067 519 3627 7703 3625 
6068 989 3651 7703 3627 
6069 525 3625 7703 3651 
6070 706 4390 7704 3425 
6071 997 3426 7704 4390 
6072 470 3425 7704 3426 
6073 156 2160 7705 2158 
6074 1181 5297 7705 2160 
6075 1033 2158 7705 5297 
6076 572 3843 7706 3841 
6077 1303 5101 7706 3843 
6078 948 3841 7706 5101 
6079 416 3210 7707 3099 
6080 983 3101 7707 3210 
6081 389 3099 7707 3101 
6082 415 3206 7708 3203 
6083 1106 3284 7708 3206 
6084 435 3203 7708 3284 
6085 131 2053 7709 1691 
6086 1203 1694 7709 2053 
6087 54 1691 7709 1694 
6088 40 1623 7710 1620 
6089 1115 1629 7710 1623 
6090 41 1620 7710 1629 
6091 49 1669 7711 1665 
6092 1112 1674 7711 1669 
6093 50 1665 7711 1674 
6094 741 4529 7712 4114 
6095 996 4115 7712 4529 
6096 638 4114 7712 4115 
6097 779 4670 7713 4637 
6098 877 4638 7713 4670 
6099 770 4637 7713 4638 
6100 629 4079 7714 4078 
6101 1109 4362 7714 4079 
6102 699 4078 7714 4362 
6103 1034 5299 7715 5166 
6104 1196 5168 7715 5299 
6105 973 5166 7715 5168 
6106 116 1988 7716 1987 
6107 1239 5596 7716 1988 
6108 1217 1987 7716 5596 
6109 952 5105 7717 4158 
6110 953 4159 7717 5105 
6111 649 4158 7717 4159 
6112 597 3947 7718 3946 
6113 1008 4415 7718 3947 
6114 712 3946 7718 4415 
6115 533 3685 7719 3684 
6116 1040 3977 7719 3685 
6117 605 3684 7719 3977 
6118 1205 5582 7720 5181 
6119 1237 5182 7720 5582 
6120 978 5181 7720 5182 
6121 31 1579 7721 1576 
6122 1212 1981 7721 1579 
6123 114 1576 7721 1981 
6124 447 3334 7722 3332 
6125 1195 3619 7722 3334 
6126 517 3332 7722 3619 
6127 700 4369 7723 4367 
6128 1393 5323 7723 4369 
6129 1047 4367 7723 5323 
6130 1044 5318 7724 2149 
6131 1172 2152 7724 5318 
6132 154 2149 7724 2152 
6133 172 2229 7725 2226 
6134 1219 5234 7725 2229 
6135 1008 2226 7725 5234 
6136 516 3615 7726 3614 
6137 1138 3666 7726 3615 
6138 529 3614 7726 3666 
6139 1049 5328 7727 4221 
6140 1368 4224 7727 5328 
6141 665 4221 7727 4224 
6142 650 4161 7728 3913 
6143 1103 3914 7728 4161 
6144 589 3913 7728 3914 
6145 555 3774 7729 3773 
6146 969 3821 7729 3774 
6147 567 3773 7729 3821 
6148 926 5058 7730 2894 
6149 1182 2897 7730 5058 
6150 338 2894 7730 2897 
6151 104 1938 7731 1937 
6152 1220 5099 7731 1938 
6153 946 1937 7731 5099 
6154 859 4922 7732 4921 
6155 1400 5611 7732 4922 
6156 1228 4921 7732 5611 
6157 623 4055 7733 4054 
6158 1111 4278 7733 4055 
6159 679 4054 7733 4278 
6160 719 4446 7734 4444 
6161 1216 4734 7734 4446 
6162 796 4444 7734 4734 
6163 428 3258 7735 3257 
6164 1175 5510 7735 3258 
6165 1149 3257 7735 5510 
6166 1062 5354 7736 5352 
6167 1183 5353 7736 5354 
6168 1061 5352 7736 5353 
6169 783 4688 7737 4687 
6170 1298 5654 7737 4688 
6171 1283 4687 7737 5654 
6172 804 4758 7738 4757 
6173 1205 5181 7738 4758 
6174 978 4757 7738 5181 
6175 1176 5548 7739 5304 
6176 1196 5305 7739 5548 
6177 1037 5304 7739 5305 
6178 459 3380 7740 3372 
6179 1100 3374 7740 3380 
6180 457 3372 7740 3374 
6181 606 3985 7741 3984 
6182 1114 4460 7741 3985 
6183 723 3984 7741 4460 
6184 591 3921 7742 3920 
6185 935 5076 7742 3921 
6186 934 3920 7742 5076 
6187 234 2476 7743 2475 
6188 1262 5036 7743 2476 
6189 916 2475 7743 5036 
6190 853 4899 7744 1960 
6191 1242 1963 7744 4899 
6192 110 1960 7744 1963 
6193 792 4721 7745 4501 
6194 1345 4502 7745 4721 
6195 734 4501 7745 4502 
6196 3 1437 7746 1429 
6197 1208 1430 7746 1437 
6198 2 1429 7746 1430 
6199 78 1813 7747 1810 
6200 1209 1815 7747 1813 
6201 79 1810 7747 1815 
6202 79 1816 7748 1810 
6203 1210 1814 7748 1816 
6204 78 1810 7748 1814 
6205 1097 5433 7749 1622 
6206 1115 1623 7749 5433 
6207 40 1622 7749 1623 
6208 1090 5416 7750 1668 
6209 1112 1669 7750 5416 
6210 49 1668 7750 1669 
6211 341 2909 7751 2876 
6212 995 2877 7751 2909 
6213 333 2876 7751 2877 
6214 788 4706 7752 4705 
6215 1159 5505 7752 4706 
6216 1144 4705 7752 5505 
6217 618 4033 7753 3385 
6218 1156 3386 7753 4033 
6219 460 3385 7753 3386 
6220 345 2925 7754 2806 
6221 954 2807 7754 2925 
6222 316 2806 7754 2807 
6223 607 3989 7755 3987 
6224 1037 4164 7755 3989 
6225 651 3987 7755 4164 
6226 539 3710 7756 3708 
6227 1419 4807 7756 3710 
6228 820 3708 7756 4807 
6229 172 2227 7757 1831 
6230 1141 1833 7757 2227 
6231 82 1831 7757 1833 
6232 931 5070 7758 5068 
6233 1300 5343 7758 5070 
6234 1057 5068 7758 5343 
6235 900 5006 7759 5005 
6236 1361 5529 7759 5006 
6237 1164 5005 7759 5529 
6238 1045 5319 7760 5317 
6239 1172 5318 7760 5319 
6240 1044 5317 7760 5318 
6241 609 3995 7761 3324 
6242 1152 3326 7761 3995 
6243 445 3324 7761 3326 
6244 970 5157 7762 5152 
6245 1176 5153 7762 5157 
6246 969 5152 7762 5153 
6247 1065 5363 7763 5359 
6248 1165 5360 7763 5363 
6249 1063 5359 7763 5360 
6250 1012 5248 7764 2119 
6251 1208 2120 7764 5248 
6252 146 2119 7764 2120 
6253 856 4909 7765 4026 
6254 1153 4027 7765 4909 
6255 616 4026 7765 4027 
6256 745 4545 7766 4544 
6257 1336 5572 7766 4545 
6258 1197 4544 7766 5572 
6259 570 3835 7767 3818 
6260 1139 3820 7767 3835 
6261 566 3818 7767 3820 
6262 764 4614 7768 4613 
6263 1134 4997 7768 4614 
6264 897 4613 7768 4997 
6265 83 1838 7769 1836 
6266 1219 2229 7769 1838 
6267 172 1836 7769 2229 
6268 103 1934 7770 1855 
6269 1236 1858 7770 1934 
6270 87 1855 7770 1858 
6271 1020 5266 7771 2006 
6272 1180 2007 7771 5266 
6273 121 2006 7771 2007 
6274 736 4511 7772 4510 
6275 1193 5507 7772 4511 
6276 1146 4510 7772 5507 
6277 865 4941 7773 4939 
6278 1314 5229 7773 4941 
6279 1003 4939 7773 5229 
6280 892 4988 7774 3514 
6281 1358 3516 7774 4988 
6282 492 3514 7774 3516 
6283 365 3005 7775 3003 
6284 1157 3520 7775 3005 
6285 493 3003 7775 3520 
6286 1047 5323 7776 4898 
6287 1393 4900 7776 5323 
6288 853 4898 7776 4900 
6289 710 4410 7777 4406 
6290 1420 4470 7777 4410 
6291 725 4406 7777 4470 
6292 101 1926 7778 1925 
6293 1266 5108 7778 1926 
6294 953 1925 7778 5108 
6295 511 3593 7779 3052 
6296 1255 3053 7779 3593 
6297 377 3052 7779 3053 
6298 161 2181 7780 2177 
6299 1405 4800 7780 2181 
6300 818 2177 7780 4800 
6301 867 4945 7781 2318 
6302 1271 2320 7781 4945 
6303 195 2318 7781 2320 
6304 463 3398 7782 3397 
6305 947 3491 7782 3398 
6306 486 3397 7782 3491 
6307 625 4063 7783 4062 
6308 1128 5473 7783 4063 
6309 1124 4062 7783 5473 
6310 695 4346 7784 3905 
6311 1137 3906 7784 4346 
6312 587 3905 7784 3906 
6313 652 4170 7785 3502 
6314 1127 3503 7785 4170 
6315 489 3502 7785 3503 
6316 40 1624 7786 1615 
6317 1221 1618 7786 1624 
6318 39 1615 7786 1618 
6319 578 3867 7787 3313 
6320 1130 3314 7787 3867 
6321 442 3313 7787 3314 
6322 558 3787 7788 3785 
6323 1403 5487 7788 3787 
6324 1134 3785 7788 5487 
6325 742 4535 7789 4533 
6326 1354 5211 7789 4535 
6327 991 4533 7789 5211 
6328 328 2857 7790 2696 
6329 928 2697 7790 2857 
6330 289 2696 7790 2697 
6331 86 1853 7791 1850 
6332 1236 1920 7791 1853 
6333 100 1850 7791 1920 
6334 432 3273 7792 3272 
6335 1108 5145 7792 3273 
6336 966 3272 7792 5145 
6337 213 2391 7793 2379 
6338 1290 2380 7793 2391 
6339 210 2379 7793 2380 
6340 931 5069 7794 4169 
6341 1170 4171 7794 5069 
6342 652 4169 7794 4171 
6343 27 1559 7795 1556 
6344 1226 2076 7795 1559 
6345 136 1556 7795 2076 
6346 160 2175 7796 1561 
6347 1226 1564 7796 2175 
6348 28 1561 7796 1564 
6349 322 2833 7797 2643 
6350 1255 2645 7797 2833 
6351 276 2643 7797 2645 
6352 1033 5297 7798 5296 
6353 1181 5298 7798 5297 
6354 1034 5296 7798 5298 
6355 563 3808 7799 3807 
6356 1261 5104 7799 3808 
6357 951 3807 7799 5104 
6358 751 4568 7800 4559 
6359 1179 4561 7800 4568 
6360 749 4559 7800 4561 
6361 1069 5373 7801 1582 
6362 1212 1583 7801 5373 
6363 32 1582 7801 1583 
6364 76 1804 7802 1802 
6365 1268 5093 7802 1804 
6366 943 1802 7802 5093 
6367 290 2701 7803 2611 
6368 1194 2613 7803 2701 
6369 268 2611 7803 2613 
6370 1098 5435 7804 4411 
6371 1250 4413 7804 5435 
6372 711 4411 7804 4413 
6373 643 4132 7805 4120 
6374 999 4123 7805 4132 
6375 640 4120 7805 4123 
6376 136 2077 7806 2075 
6377 1386 5357 7806 2077 
6378 1062 2075 7806 5357 
6379 580 3877 7807 3876 
6380 1073 5189 7807 3877 
6381 981 3876 7807 5189 
6382 413 3198 7808 3195 
6383 1129 5111 7808 3198 
6384 956 3195 7808 5111 
6385 681 4288 7809 4286 
6386 1193 5207 7809 4288 
6387 990 4286 7809 5207 
6388 591 3920 7810 3919 
6389 934 5059 7810 3920 
6390 927 3919 7810 5059 
6391 426 3250 7811 3248 
6392 1175 3258 7811 3250 
6393 428 3248 7811 3258 
6394 964 5142 7812 5140 
6395 1381 5475 7812 5142 
6396 1125 5140 7812 5475 
6397 686 4309 7813 4308 
6398 1213 5560 7813 4309 
6399 1186 4308 7813 5560 
6400 934 5077 7814 4220 
6401 1191 4222 7814 5077 
6402 665 4220 7814 4222 
6403 113 1976 7815 1731 
6404 1231 1733 7815 1976 
6405 62 1731 7815 1733 
6406 1016 5258 7816 5254 
6407 1373 5255 7816 5258 
6408 1015 5254 7816 5255 
6409 100 1921 7817 1845 
6410 1243 1847 7817 1921 
6411 85 1845 7817 1847 
6412 63 1739 7818 1738 
6413 1231 5389 7818 1739 
6414 1077 1738 7818 5389 
6415 1134 5486 7819 3785 
6416 1346 3786 7819 5486 
6417 558 3785 7819 3786 
6418 44 1644 7820 1642 
6419 1232 2111 7820 1644 
6420 144 1642 7820 2111 
6421 667 4232 7821 4231 
6422 1222 4425 7821 4232 
6423 714 4231 7821 4425 
6424 539 3709 7822 3123 
6425 1200 3125 7822 3709 
6426 395 3123 7822 3125 
6427 689 4321 7823 3831 
6428 1105 3832 7823 4321 
6429 569 3831 7823 3832 
6430 496 3531 7824 3530 
6431 1132 5481 7824 3531 
6432 1131 3530 7824 5481 
6433 1267 5639 7825 2054 
6434 1418 2055 7825 5639 
6435 131 2054 7825 2055 
6436 150 2136 7826 2133 
6437 1332 5173 7826 2136 
6438 974 2133 7826 5173 
6439 988 5203 7827 5199 
6440 1189 5200 7827 5203 
6441 986 5199 7827 5200 
6442 598 3950 7828 3365 
6443 1214 3366 7828 3950 
6444 455 3365 7828 3366 
6445 410 3186 7829 3000 
6446 979 3001 7829 3186 
6447 364 3000 7829 3001 
6448 739 4523 7830 4520 
6449 1322 5385 7830 4523 
6450 1074 4520 7830 5385 
6451 156 2161 7831 2160 
6452 1202 5555 7831 2161 
6453 1181 2160 7831 5555 
6454 94 1894 7832 1890 
6455 1251 1899 7832 1894 
6456 95 1890 7832 1899 
6457 652 4171 7833 4170 
6458 1170 5476 7833 4171 
6459 1127 4170 7833 5476 
6460 480 3466 7834 3036 
6461 1000 3037 7834 3466 
6462 373 3036 7834 3037 
6463 952 5106 7835 4965 
6464 1261 4966 7835 5106 
6465 878 4965 7835 4966 
6466 513 3602 7836 3064 
6467 1278 3065 7836 3602 
6468 380 3064 7836 3065 
6469 133 2064 7837 2062 
6470 1302 5341 7837 2064 
6471 1056 2062 7837 5341 
6472 698 4360 7838 4125 
6473 1225 4127 7838 4360 
6474 641 4125 7838 4127 
6475 3 1438 7839 1436 
6476 1256 2128 7839 1438 
6477 148 1436 7839 2128 
6478 704 4383 7840 4136 
6479 915 4139 7840 4383 
6480 644 4136 7840 4139 
6481 1016 5257 7841 2015 
6482 1342 2018 7841 5257 
6483 123 2015 7841 2018 
6484 730 4490 7842 4489 
6485 1377 5672 7842 4490 
6486 1311 4489 7842 5672 
6487 789 4710 7843 4497 
6488 1400 4499 7843 4710 
6489 733 4497 7843 4499 
6490 1006 5231 7844 3973 
6491 1007 3974 7844 5231 
6492 604 3973 7844 3974 
6493 313 2795 7845 2784 
6494 1278 2786 7845 2795 
6495 311 2784 7845 2786 
6496 534 3689 7846 3678 
6497 1257 3680 7846 3689 
6498 532 3678 7846 3680 
6499 1132 5484 7847 5481 
6500 1177 5482 7847 5484 
6501 1131 5481 7847 5482 
6502 554 3770 7848 3769 
6503 1403 3787 7848 3770 
6504 558 3769 7848 3787 
6505 256 2564 7849 2562 
6506 1330 2573 7849 2564 
6507 258 2562 7849 2573 
6508 340 2904 7850 2898 
6509 1004 2901 7850 2904 
6510 339 2898 7850 2901 
6511 1061 5353 7851 5349 
6512 1183 5350 7851 5353 
6513 1060 5349 7851 5350 
6514 513 3603 7852 3599 
6515 1305 4857 7852 3603 
6516 838 3599 7852 4857 
6517 67 1759 7853 1755 
6518 1197 1764 7853 1759 
6519 68 1755 7853 1764 
6520 803 4754 7854 4751 
6521 1205 4758 7854 4754 
6522 804 4751 7854 4758 
6523 753 4577 7855 4574 
6524 1323 5012 7855 4577 
6525 904 4574 7855 5012 
6526 596 3940 7856 3930 
6527 1233 3931 7856 3940 
6528 593 3930 7856 3931 
6529 665 4223 7857 4221 
6530 1316 5327 7857 4223 
6531 1049 4221 7857 5327 
6532 964 5141 7858 2087 
6533 1351 2090 7858 5141 
6534 139 2087 7858 2090 
6535 864 4936 7859 3592 
6536 1255 3593 7859 4936 
6537 511 3592 7859 3593 
6538 159 2173 7860 2171 
6539 1215 5362 7860 2173 
6540 1064 2171 7860 5362 
6541 1027 5284 7861 4361 
6542 1291 4363 7861 5284 
6543 699 4361 7861 4363 
6544 896 4996 7862 2864 
6545 1366 2865 7862 4996 
6546 330 2864 7862 2865 
6547 392 3113 7863 3112 
6548 1406 3594 7863 3113 
6549 511 3112 7863 3594 
6550 1038 5306 7864 2159 
6551 1202 2161 7864 5306 
6552 156 2159 7864 2161 
6553 835 4848 7865 4846 
6554 1277 4851 7865 4848 
6555 836 4846 7865 4851 
6556 1175 5547 7866 4753 
6557 1205 4754 7866 5547 
6558 803 4753 7866 4754 
6559 1073 5384 7867 5189 
6560 1178 5190 7867 5384 
6561 981 5189 7867 5190 
6562 433 3277 7868 3276 
6563 1205 5547 7868 3277 
6564 1175 3276 7868 5547 
6565 583 3889 7869 3886 
6566 1306 3893 7869 3889 
6567 584 3886 7869 3893 
6568 1219 5598 7870 4416 
6569 1243 4417 7870 5598 
6570 712 4416 7870 4417 
6571 711 4412 7871 4004 
6572 1123 4006 7871 4412 
6573 611 4004 7871 4006 
6574 624 4056 7872 4052 
6575 1111 4055 7872 4056 
6576 623 4052 7872 4055 
6577 102 1930 7873 1929 
6578 1395 4723 7873 1930 
6579 793 1929 7873 4723 
6580 674 4257 7874 3983 
6581 1114 3985 7874 4257 
6582 606 3983 7874 3985 
6583 823 4815 7875 4814 
6584 1334 5528 7875 4815 
6585 1164 4814 7875 5528 
6586 54 1694 7876 1690 
6587 1203 1698 7876 1694 
6588 55 1690 7876 1698 
6589 959 5123 7877 5122 
6590 1239 5137 7877 5123 
6591 963 5122 7877 5137 
6592 973 5168 7878 5167 
6593 1196 5548 7878 5168 
6594 1176 5167 7878 5548 
6595 711 4414 7879 4411 
6596 1370 5436 7879 4414 
6597 1098 4411 7879 5436 
6598 818 4800 7880 2026 
6599 1405 2028 7880 4800 
6600 125 2026 7880 2028 
6601 724 4465 7881 4463 
6602 1185 5508 7881 4465 
6603 1147 4463 7881 5508 
6604 77 1809 7882 1800 
6605 1253 1803 7882 1809 
6606 76 1800 7882 1803 
6607 33 1589 7883 1586 
6608 1254 2072 7883 1589 
6609 135 1586 7883 2072 
6610 169 2216 7884 1581 
6611 1254 1584 7884 2216 
6612 32 1581 7884 1584 
6613 1008 5234 7885 4415 
6614 1219 4416 7885 5234 
6615 712 4415 7885 4416 
6616 1146 5507 7886 4287 
6617 1193 4288 7886 5507 
6618 681 4287 7886 4288 
6619 85 1848 7887 1846 
6620 1266 1926 7887 1848 
6621 101 1846 7887 1926 
6622 499 3544 7888 3543 
6623 1263 3576 7888 3544 
6624 507 3543 7888 3576 
6625 942 5091 7889 4445 
6626 1216 4446 7889 5091 
6627 719 4445 7889 4446 
6628 434 3282 7890 3281 
6629 1163 5525 7890 3282 
6630 1162 3281 7890 5525 
6631 1036 5303 7891 3988 
6632 1037 3989 7891 5303 
6633 607 3988 7891 3989 
6634 662 4209 7892 3854 
6635 1174 3856 7892 4209 
6636 575 3854 7892 3856 
6637 859 4921 7893 2591 
6638 1228 2593 7893 4921 
6639 263 2591 7893 2593 
6640 945 5098 7894 1944 
6641 1245 1945 7894 5098 
6642 106 1944 7894 1945 
6643 404 3162 7895 3151 
6644 1297 3153 7895 3162 
6645 402 3151 7895 3153 
6646 1066 5367 7896 4297 
6647 1352 4301 7896 5367 
6648 684 4297 7896 4301 
6649 708 4400 7897 4397 
6650 1305 4404 7897 4400 
6651 709 4397 7897 4404 
6652 785 4695 7898 4263 
6653 1246 4264 7898 4695 
6654 675 4263 7898 4264 
6655 760 4599 7899 4330 
6656 1248 4331 7899 4599 
6657 691 4330 7899 4331 
6658 692 4335 7900 4334 
6659 1248 4534 7900 4335 
6660 742 4334 7900 4534 
6661 923 5052 7901 3283 
6662 1150 3285 7901 5052 
6663 435 3283 7901 3285 
6664 1169 5536 7902 3717 
6665 1392 3718 7902 5536 
6666 541 3717 7902 3718 
6667 1034 5300 7903 1950 
6668 1240 1951 7903 5300 
6669 107 1950 7903 1951 
6670 1147 5508 7904 3456 
6671 1185 3458 7904 5508 
6672 478 3456 7904 3458 
6673 1239 5619 7905 5137 
6674 1287 5138 7905 5619 
6675 963 5137 7905 5138 
6676 32 1583 7906 1575 
6677 1212 1579 7906 1583 
6678 31 1575 7906 1579 
6679 1108 5455 7907 5145 
6680 1252 5147 7907 5455 
6681 966 5145 7907 5147 
6682 655 4182 7908 4176 
6683 1198 4179 7908 4182 
6684 654 4176 7908 4179 
6685 75 1799 7909 1795 
6686 1268 1804 7909 1799 
6687 76 1795 7909 1804 
6688 799 4741 7910 4740 
6689 1218 5489 7910 4741 
6690 1136 4740 7910 5489 
6691 132 2059 7911 2058 
6692 1313 5532 7911 2059 
6693 1166 2058 7911 5532 
6694 778 4669 7912 4629 
6695 1346 4630 7912 4669 
6696 768 4629 7912 4630 
6697 754 4581 7913 2684 
6698 1327 2685 7913 4581 
6699 286 2684 7913 2685 
6700 1136 5489 7914 3583 
6701 1218 3584 7914 5489 
6702 509 3583 7914 3584 
6703 973 5169 7915 5166 
6704 1240 5300 7915 5169 
6705 1034 5166 7915 5300 
6706 146 2120 7916 1435 
6707 1208 1437 7916 2120 
6708 3 1435 7916 1437 
6709 147 2122 7917 1812 
6710 1209 1813 7917 2122 
6711 78 1812 7917 1813 
6712 78 1814 7918 1811 
6713 1210 2114 7918 1814 
6714 145 1811 7918 2114 
6715 1119 5470 7919 2084 
6716 1329 2086 7919 5470 
6717 138 2084 7919 2086 
6718 1291 5659 7920 5519 
6719 1342 5520 7920 5659 
6720 1158 5519 7920 5520 
6721 969 5153 7921 3821 
6722 1176 3824 7921 5153 
6723 567 3821 7921 3824 
6724 787 4702 7922 4700 
6725 1265 4707 7922 4702 
6726 788 4700 7922 4707 
6727 170 2221 7923 2220 
6728 1250 5435 7923 2221 
6729 1098 2220 7923 5435 
6730 908 5023 7924 5019 
6731 1188 5020 7924 5023 
6732 907 5019 7924 5020 
6733 167 2207 7925 2206 
6734 1211 5387 7925 2207 
6735 1076 2206 7925 5387 
6736 661 4207 7926 3345 
6737 1188 3346 7926 4207 
6738 450 3345 7926 3346 
6739 808 4770 7927 3209 
6740 983 3210 7927 4770 
6741 416 3209 7927 3210 
6742 808 4771 7928 4770 
6743 1173 5194 7928 4771 
6744 983 4770 7928 5194 
6745 450 3346 7929 3344 
6746 1188 4057 7929 3346 
6747 624 3344 7929 4057 
6748 47 1659 7930 1656 
6749 1279 2050 7930 1659 
6750 130 1656 7930 2050 
6751 937 5084 7931 4306 
6752 1213 4309 7931 5084 
6753 686 4306 7931 4309 
6754 993 5215 7932 5170 
6755 1244 5172 7932 5215 
6756 974 5170 7932 5172 
6757 1064 5362 7933 5361 
6758 1215 5364 7933 5362 
6759 1065 5361 7933 5364 
6760 1253 5630 7934 4473 
6761 1360 4474 7934 5630 
6762 726 4473 7934 4474 
6763 967 5150 7935 3189 
6764 1319 3190 7935 5150 
6765 411 3189 7935 3190 
6766 883 4973 7936 1840 
6767 1266 1843 7936 4973 
6768 84 1840 7936 1843 
6769 1137 5490 7937 4014 
6770 1190 4015 7937 5490 
6771 613 4014 7937 4015 
6772 889 4983 7938 4980 
6773 1340 4981 7938 4983 
6774 888 4980 7938 4981 
6775 688 4318 7939 4316 
6776 1414 5038 7939 4318 
6777 917 4316 7939 5038 
6778 1131 5482 7940 4266 
6779 1177 4267 7940 5482 
6780 676 4266 7940 4267 
6781 1162 5526 7941 4324 
6782 1204 4325 7941 5526 
6783 690 4324 7941 4325 
6784 528 3663 7942 3661 
6785 1359 5088 7942 3663 
6786 940 3661 7942 5088 
6787 656 4187 7943 4185 
6788 1267 4347 7943 4187 
6789 695 4185 7943 4347 
6790 1271 5644 7944 4975 
6791 1413 4976 7944 5644 
6792 884 4975 7944 4976 
6793 1106 5450 7945 3284 
6794 1154 3286 7945 5450 
6795 435 3284 7945 3286 
6796 39 1619 7946 1610 
6797 1287 1614 7946 1619 
6798 38 1610 7946 1614 
6799 130 2051 7947 2049 
6800 1325 5420 7947 2051 
6801 1091 2049 7947 5420 
6802 998 5222 7948 5029 
6803 1274 5030 7948 5222 
6804 910 5029 7948 5030 
6805 682 4292 7949 4290 
6806 1270 4299 7949 4292 
6807 684 4290 7949 4299 
6808 288 2693 7950 2692 
6809 1327 2825 7950 2693 
6810 320 2692 7950 2825 
6811 532 3681 7951 3563 
6812 1414 3564 7951 3681 
6813 504 3563 7951 3564 
6814 402 3154 7952 3135 
6815 1331 3137 7952 3154 
6816 398 3135 7952 3137 
6817 140 2095 7953 2092 
6818 1229 5394 7953 2095 
6819 1080 2092 7953 5394 
6820 604 3976 7954 3578 
6821 1284 3580 7954 3976 
6822 508 3578 7954 3580 
6823 337 2893 7955 2892 
6824 1340 3589 7955 2893 
6825 510 2892 7955 3589 
6826 966 5146 7956 5143 
6827 1237 5144 7956 5146 
6828 965 5143 7956 5144 
6829 6 1453 7957 1451 
6830 1373 2019 7957 1453 
6831 123 1451 7957 2019 
6832 311 2787 7958 2652 
6833 1380 2653 7958 2787 
6834 278 2652 7958 2653 
6835 1124 5473 7959 3196 
6836 1128 3197 7959 5473 
6837 413 3196 7959 3197 
6838 149 2131 7960 2130 
6839 1241 5290 7960 2131 
6840 1030 2130 7960 5290 
6841 338 2897 7961 2896 
6842 1182 5534 7961 2897 
6843 1168 2896 7961 5534 
6844 510 3589 7962 3586 
6845 1340 4983 7962 3589 
6846 889 3586 7962 4983 
6847 875 4961 7963 3553 
6848 1408 3556 7963 4961 
6849 502 3553 7963 3556 
6850 1096 5430 7964 4598 
6851 1348 4600 7964 5430 
6852 760 4598 7964 4600 
6853 715 4429 7965 4145 
6854 1207 4147 7965 4429 
6855 646 4145 7965 4147 
6856 766 4621 7966 4612 
6857 1134 4614 7966 4621 
6858 764 4612 7966 4614 
6859 645 4143 7967 4142 
6860 1284 4955 7967 4143 
6861 871 4142 7967 4955 
6862 492 3516 7968 2996 
6863 1358 2997 7968 3516 
6864 363 2996 7968 2997 
6865 839 4859 7969 4858 
6866 1380 4861 7969 4859 
6867 840 4858 7969 4861 
6868 1281 5652 7970 4409 
6869 1420 4410 7970 5652 
6870 710 4409 7970 4410 
6871 495 3528 7971 3521 
6872 925 3523 7971 3528 
6873 494 3521 7971 3523 
6874 857 4916 7972 4908 
6875 1341 4911 7972 4916 
6876 856 4908 7972 4911 
6877 871 4955 7973 4954 
6878 1284 5223 7973 4955 
6879 998 4954 7973 5223 
6880 685 4305 7974 4303 
6881 1276 5584 7974 4305 
6882 1206 4303 7974 5584 
6883 1164 5529 7975 3657 
6884 1361 3659 7975 5529 
6885 527 3657 7975 3659 
6886 595 3939 7976 3936 
6887 1295 3941 7976 3939 
6888 596 3936 7976 3941 
6889 699 4363 7977 4086 
6890 1291 4087 7977 4363 
6891 631 4086 7977 4087 
6892 599 3956 7978 3948 
6893 1389 3952 7978 3956 
6894 598 3948 7978 3952 
6895 406 3170 7979 3169 
6896 1359 3663 7979 3170 
6897 528 3169 7979 3663 
6898 164 2194 7980 2191 
6899 1382 5071 7980 2194 
6900 931 2191 7980 5071 
6901 106 1946 7981 1876 
6902 1395 1878 7981 1946 
6903 91 1876 7981 1878 
6904 270 2621 7982 2394 
6905 1199 2396 7982 2621 
6906 214 2394 7982 2396 
6907 740 4527 7983 4525 
6908 1417 4699 7983 4527 
6909 786 4525 7983 4699 
6910 433 3278 7984 3277 
6911 1237 5582 7984 3278 
6912 1205 3277 7984 5582 
6913 1345 5679 7985 4502 
6914 1419 4503 7985 5679 
6915 734 4502 7985 4503 
6916 478 3457 7986 3455 
6917 1184 5485 7986 3457 
6918 1133 3455 7986 5485 
6919 1198 5573 7987 2063 
6920 1302 2064 7987 5573 
6921 133 2063 7987 2064 
6922 991 5211 7988 1531 
6923 1354 1533 7988 5211 
6924 22 1531 7988 1533 
6925 889 4982 7989 3586 
6926 1230 3588 7989 4982 
6927 510 3586 7989 3588 
6928 61 1729 7990 1727 
6929 1405 2181 7990 1729 
6930 161 1727 7990 2181 
6931 910 5030 7991 4371 
6932 1274 4373 7991 5030 
6933 701 4371 7991 4373 
6934 1144 5505 7992 4237 
6935 1159 4238 7992 5505 
6936 669 4237 7992 4238 
6937 1010 5241 7993 5240 
6938 1315 5251 7993 5241 
6939 1013 5240 7993 5251 
6940 332 2873 7994 2872 
6941 1366 3478 7994 2873 
6942 483 2872 7994 3478 
6943 696 4352 7995 4350 
6944 1294 4703 7995 4352 
6945 787 4350 7995 4703 
6946 1099 5440 7996 3861 
6947 1370 3864 7996 5440 
6948 577 3861 7996 3864 
6949 570 3836 7997 3835 
6950 1315 5496 7997 3836 
6951 1139 3835 7997 5496 
6952 92 1883 7998 1881 
6953 1395 1930 7998 1883 
6954 102 1881 7998 1930 
6955 84 1841 7999 1834 
6956 1219 1838 7999 1841 
6957 83 1834 7999 1838 
6958 56 1704 8000 1701 
6959 1396 2213 8000 1704 
6960 168 1701 8000 2213 
6961 126 2033 8001 2031 
6962 1383 5032 8001 2033 
6963 911 2031 8001 5032 
6964 853 4900 8002 4218 
6965 1393 4219 8002 4900 
6966 664 4218 8002 4219 
6967 149 2132 8003 2131 
6968 1249 5621 8003 2132 
6969 1241 2131 8003 5621 
6970 139 2089 8004 1621 
6971 1221 1624 8004 2089 
6972 40 1621 8004 1624 
6973 1086 5407 8005 5404 
6974 1250 5405 8005 5407 
6975 1085 5404 8005 5405 
6976 1229 5612 8006 4194 
6977 1307 4195 8006 5612 
6978 658 4194 8006 4195 
6979 739 4522 8007 3851 
6980 1321 3852 8007 4522 
6981 574 3851 8007 3852 
6982 1270 5642 8008 1996 
6983 1410 1997 8008 5642 
6984 118 1996 8008 1997 
6985 699 4364 8009 4361 
6986 1293 5285 8009 4364 
6987 1027 4361 8009 5285 
6988 771 4642 8010 4641 
6989 1220 4672 8010 4642 
6990 779 4641 8010 4672 
6991 512 3598 8011 3597 
6992 1321 3869 8011 3598 
6993 578 3597 8011 3869 
6994 112 1971 8012 1541 
6995 1348 1544 8012 1971 
6996 24 1541 8012 1544 
6997 734 4503 8013 3707 
6998 1419 3710 8013 4503 
6999 539 3707 8013 3710 
7000 1128 5478 8014 5477 
7001 1206 5479 8014 5478 
7002 1129 5477 8014 5479 
7003 148 2128 8015 2127 
7004 1256 5562 8015 2128 
7005 1187 2127 8015 5562 
7006 639 4119 8016 4118 
7007 1285 5541 8016 4119 
7008 1172 4118 8016 5541 
7009 25 1549 8017 1548 
7010 1348 5430 8017 1549 
7011 1096 1548 8017 5430 
7012 721 4452 8018 4451 
7013 1204 5527 8018 4452 
7014 1163 4451 8018 5527 
7015 790 4714 8019 4711 
7016 1218 4741 8019 4714 
7017 799 4711 8019 4741 
7018 22 1533 8020 1529 
7019 1354 1539 8020 1533 
7020 23 1529 8020 1539 
7021 397 3133 8021 3130 
7022 1277 4848 8021 3133 
7023 835 3130 8021 4848 
7024 609 3998 8022 3995 
7025 1390 5513 8022 3998 
7026 1152 3995 8022 5513 
7027 2 1433 8023 1421 
7028 1363 1426 8023 1433 
7029 1 1421 8023 1426 
7030 79 1818 8024 1422 
7031 1365 1428 8024 1818 
7032 1 1422 8024 1428 
7033 1 1425 8025 1421 
7034 1362 1432 8025 1425 
7035 2 1421 8025 1432 
7036 1 1427 8026 1422 
7037 1364 1817 8026 1427 
7038 79 1422 8026 1817 
7039 1169 5535 8027 4828 
7040 1260 4829 8027 5535 
7041 828 4828 8027 4829 
7042 669 4239 8028 4230 
7043 1222 4232 8028 4239 
7044 667 4230 8028 4232 
7045 1042 5314 8029 2039 
7046 1301 2041 8029 5314 
7047 128 2039 8029 2041 
7048 66 1754 8030 1751 
7049 1383 2033 8030 1754 
7050 126 1751 8030 2033 
7051 165 2198 8031 1747 
7052 1383 1749 8031 2198 
7053 65 1747 8031 1749 
7054 28 1564 8032 1555 
7055 1226 1559 8032 1564 
7056 27 1555 8032 1559 
7057 862 4928 8033 4763 
7058 1406 4766 8033 4928 
7059 806 4763 8033 4766 
7060 132 2060 8034 1631 
7061 1391 1634 8034 2060 
7062 42 1631 8034 1634 
7063 1 1426 8035 1423 
7064 1363 1822 8035 1426 
7065 80 1423 8035 1822 
7066 1 1428 8036 1424 
7067 1365 1913 8036 1428 
7068 98 1424 8036 1913 
7069 1054 5339 8037 2183 
7070 1276 2185 8037 5339 
7071 162 2183 8037 2185 
7072 1133 5485 8038 4379 
7073 1184 4380 8038 5485 
7074 703 4379 8038 4380 
7075 982 5192 8039 3177 
7076 1359 3178 8039 5192 
7077 408 3177 8039 3178 
7078 806 4765 8040 4197 
7079 1230 4199 8040 4765 
7080 659 4197 8040 4199 
7081 1228 5610 8041 4984 
7082 1372 4986 8041 5610 
7083 890 4984 8041 4986 
7084 813 4785 8042 4779 
7085 1234 4781 8042 4785 
7086 811 4779 8042 4781 
7087 98 1912 8043 1424 
7088 1362 1425 8043 1912 
7089 1 1424 8043 1425 
7090 80 1823 8044 1423 
7091 1364 1427 8044 1823 
7092 1 1423 8044 1427 
7093 680 4284 8045 4192 
7094 1229 4194 8045 4284 
7095 658 4192 8045 4194 
7096 1047 5322 8046 4367 
7097 1336 4368 8046 5322 
7098 700 4367 8046 4368 
7099 1129 5479 8047 5124 
7100 1206 5125 8047 5479 
7101 960 5124 8047 5125 
7102 1037 5305 8048 4164 
7103 1196 4166 8048 5305 
7104 651 4164 8048 4166 
7105 869 4949 8049 4472 
7106 1253 4473 8049 4949 
7107 726 4472 8049 4473 
7108 576 3860 8050 3859 
7109 1370 4414 8050 3860 
7110 711 3859 8050 4414 
7111 976 5177 8051 2110 
7112 1379 2112 8051 5177 
7113 144 2110 8051 2112 
7114 665 4224 8052 3721 
7115 1368 3722 8052 4224 
7116 542 3721 8052 3722 
7117 633 4095 8053 4094 
7118 1291 5519 8053 4095 
7119 1158 4094 8053 5519 
7120 109 1959 8054 1958 
7121 1377 5320 8054 1959 
7122 1045 1958 8054 5320 
7123 498 3540 8055 3527 
7124 925 3528 8055 3540 
7125 495 3527 8055 3528 
7126 1083 5400 8056 5398 
7127 1307 5612 8056 5400 
7128 1229 5398 8056 5612 
7129 290 2702 8057 2701 
7130 1385 5570 8057 2702 
7131 1194 2701 8057 5570 
7132 1153 5514 8058 4395 
7133 1201 4396 8058 5514 
7134 707 4395 8058 4396 
7135 1017 5259 8059 4654 
7136 1245 4655 8059 5259 
7137 774 4654 8059 4655 
7138 1080 5394 8060 4283 
7139 1229 4284 8060 5394 
7140 680 4283 8060 4284 
7141 1019 5263 8061 2129 
7142 1249 2132 8061 5263 
7143 149 2129 8061 2132 
7144 492 3515 8062 3514 
7145 1349 4987 8062 3515 
7146 892 3514 8062 4987 
7147 1027 5285 8063 5282 
7148 1293 5283 8063 5285 
7149 1026 5282 8063 5283 
7150 972 5164 8064 5162 
7151 1240 5169 8064 5164 
7152 973 5162 8064 5169 
7153 503 3560 8065 3559 
7154 1414 4318 8065 3560 
7155 688 3559 8065 4318 
7156 722 4458 8066 4457 
7157 1387 5094 8066 4458 
7158 943 4457 8066 5094 
7159 129 2045 8067 2043 
7160 1265 5316 8067 2045 
7161 1043 2043 8067 5316 
7162 145 2116 8068 2115 
7163 1360 5630 8068 2116 
7164 1253 2115 8068 5630 
7165 1125 5474 8069 3381 
7166 1309 3382 8069 5474 
7167 459 3381 8069 3382 
7168 765 4618 8070 4617 
7169 1223 4665 8070 4618 
7170 777 4617 8070 4665 
7171 62 1733 8071 1730 
7172 1231 1739 8071 1733 
7173 63 1730 8071 1739 
7174 965 5144 8072 3275 
7175 1237 3278 8072 5144 
7176 433 3275 8072 3278 
7177 1083 5398 8073 2094 
7178 1229 2095 8073 5398 
7179 140 2094 8073 2095 
7180 125 2028 8074 1732 
7181 1405 1734 8074 2028 
7182 62 1732 8074 1734 
7183 153 2148 8075 2146 
7184 1336 5322 8075 2148 
7185 1047 2146 8075 5322 
7186 1128 5477 8076 3197 
7187 1129 3198 8076 5477 
7188 413 3197 8076 3198 
7189 1120 5471 8077 1995 
7190 1270 1996 8077 5471 
7191 118 1995 8077 1996 
7192 43 1638 8078 1635 
7193 1232 1644 8078 1638 
7194 44 1635 8078 1644 
7195 794 4727 8079 4726 
7196 1396 5578 8079 4727 
7197 1203 4726 8079 5578 
7198 84 1842 8080 1841 
7199 1243 5598 8080 1842 
7200 1219 1841 8080 5598 
7201 641 4127 8081 4126 
7202 1225 4441 8081 4127 
7203 718 4126 8081 4441 
7204 144 2112 8082 1646 
7205 1379 1649 8082 2112 
7206 45 1646 8082 1649 
7207 807 4768 8083 4767 
7208 1233 4772 8083 4768 
7209 808 4767 8083 4772 
7210 741 4531 8084 4529 
7211 1298 5220 8084 4531 
7212 996 4529 8084 5220 
7213 963 5139 8085 5129 
7214 1351 5131 8085 5139 
7215 961 5129 8085 5131 
7216 688 4317 8086 4310 
7217 1262 4312 8086 4317 
7218 687 4310 8086 4312 
7219 1206 5584 8087 5583 
7220 1276 5597 8087 5584 
7221 1217 5583 8087 5597 
7222 713 4422 8088 4419 
7223 1300 5070 8088 4422 
7224 931 4419 8088 5070 
7225 100 1922 8089 1921 
7226 1259 5624 8089 1922 
7227 1243 1921 8089 5624 
7228 1163 5527 8090 5525 
7229 1204 5526 8090 5527 
7230 1162 5525 8090 5526 
7231 483 3478 8091 3476 
7232 1366 5035 8091 3478 
7233 915 3476 8091 5035 
7234 812 4783 8092 4782 
7235 1290 4786 8092 4783 
7236 813 4782 8092 4786 
7237 506 3572 8093 3571 
7238 1393 4369 8093 3572 
7239 700 3571 8093 4369 
7240 897 4998 8094 3761 
7241 1403 3762 8094 4998 
7242 552 3761 8094 3762 
7243 1095 5428 8095 2098 
7244 1399 2099 8095 5428 
7245 141 2098 8095 2099 
7246 720 4449 8096 4447 
7247 1235 5092 8096 4449 
7248 942 4447 8096 5092 
7249 1214 5593 8097 3842 
7250 1304 3844 8097 5593 
7251 572 3842 8097 3844 
7252 502 3554 8098 2602 
7253 1227 2604 8098 3554 
7254 266 2602 8098 2604 
7255 1038 5307 8099 5306 
7256 1238 5577 8099 5307 
7257 1202 5306 8099 5577 
7258 1328 5675 8100 4271 
7259 1420 4272 8100 5675 
7260 677 4271 8100 4272 
7261 128 2040 8101 2038 
7262 1238 5307 8101 2040 
7263 1038 2038 8101 5307 
7264 811 4781 8102 4780 
7265 1234 4790 8102 4781 
7266 814 4780 8102 4790 
7267 116 1989 8103 1988 
7268 1287 5619 8103 1989 
7269 1239 1988 8103 5619 
7270 104 1939 8104 1938 
7271 1337 5599 8104 1939 
7272 1220 1938 8104 5599 
7273 1015 5255 8105 1447 
7274 1373 1448 8105 5255 
7275 5 1447 8105 1448 
7276 782 4685 8106 4683 
7277 1320 5260 8106 4685 
7278 1017 4683 8106 5260 
7279 935 5079 8107 5076 
7280 1191 5077 8107 5079 
7281 934 5076 8107 5077 
7282 727 4478 8108 4475 
7283 1344 4950 8108 4478 
7284 869 4475 8108 4950 
7285 847 4881 8109 4879 
7286 1409 5188 8109 4881 
7287 980 4879 8109 5188 
7288 103 1935 8110 1934 
7289 1398 5616 8110 1935 
7290 1236 1934 8110 5616 
7291 1025 5281 8111 5272 
7292 1242 5273 8111 5281 
7293 1022 5272 8111 5273 
7294 780 4677 8112 4674 
7295 1385 4681 8112 4677 
7296 781 4674 8112 4681 
7297 1290 5658 8113 4786 
7298 1404 4787 8113 5658 
7299 813 4786 8113 4787 
7300 797 4736 8114 4431 
7301 1227 4433 8114 4736 
7302 716 4431 8114 4433 
7303 110 1963 8115 1961 
7304 1242 5281 8115 1963 
7305 1025 1961 8115 5281 
7306 857 4915 8116 4913 
7307 1339 5412 8116 4915 
7308 1088 4913 8116 5412 
7309 1007 5232 8117 3974 
7310 1274 3975 8117 5232 
7311 604 3974 8117 3975 
7312 856 4910 8118 4909 
7313 1201 5514 8118 4910 
7314 1153 4909 8118 5514 
7315 1021 5270 8119 5269 
7316 1353 5552 8119 5270 
7317 1180 5269 8119 5552 
7318 87 1858 8120 1849 
7319 1236 1853 8120 1858 
7320 86 1849 8120 1853 
7321 878 4967 8121 4965 
7322 1335 5107 8121 4967 
7323 952 4965 8121 5107 
7324 395 3125 8122 3124 
7325 1200 4942 8122 3125 
7326 866 3124 8122 4942 
7327 1170 5537 8123 4181 
7328 1302 4183 8123 5537 
7329 655 4181 8123 4183 
7330 732 4496 8124 4495 
7331 1399 5428 8124 4496 
7332 1095 4495 8124 5428 
7333 1172 5541 8125 5347 
7334 1285 5348 8125 5541 
7335 1059 5347 8125 5348 
7336 943 5093 8126 4582 
7337 1268 4584 8126 5093 
7338 755 4582 8126 4584 
7339 800 4744 8127 4742 
7340 1232 4746 8127 4744 
7341 801 4742 8127 4746 
7342 1083 5401 8128 5399 
7343 1347 5634 8128 5401 
7344 1258 5399 8128 5634 
7345 1019 5264 8129 5263 
7346 1280 5628 8129 5264 
7347 1249 5263 8129 5628 
7348 1070 5377 8130 2088 
7349 1381 2091 8130 5377 
7350 139 2088 8130 2091 
7351 605 3980 8131 3979 
7352 1273 5512 8131 3980 
7353 1151 3979 8131 5512 
7354 960 5127 8132 5120 
7355 1239 5123 8132 5127 
7356 959 5120 8132 5123 
7357 813 4787 8133 4784 
7358 1404 5075 8133 4787 
7359 933 4784 8133 5075 
7360 165 2199 8134 2195 
7361 1411 4956 8134 2199 
7362 871 2195 8134 4956 
7363 1100 5442 8135 5441 
7364 1309 5444 8135 5442 
7365 1101 5441 8135 5444 
7366 85 1847 8136 1839 
7367 1243 1842 8136 1847 
7368 84 1839 8136 1842 
7369 377 3053 8137 2832 
7370 1255 2833 8137 3053 
7371 322 2832 8137 2833 
7372 107 1951 8138 1948 
7373 1240 5292 8138 1951 
7374 1031 1948 8138 5292 
7375 1048 5325 8139 2154 
7376 1316 2156 8139 5325 
7377 155 2154 8139 2156 
7378 593 3931 8140 3923 
7379 1233 3926 8140 3931 
7380 592 3923 8140 3926 
7381 95 1899 8141 1896 
7382 1251 2233 8141 1899 
7383 173 1896 8141 2233 
7384 1137 5492 8142 5491 
7385 1384 5671 8142 5492 
7386 1310 5491 8142 5671 
7387 1188 5563 8143 4057 
7388 1308 4059 8143 5563 
7389 624 4057 8143 4059 
7390 1052 5334 8144 5333 
7391 1375 5336 8144 5334 
7392 1053 5333 8144 5336 
7393 122 2014 8145 2011 
7394 1299 5253 8145 2014 
7395 1014 2011 8145 5253 
7396 1211 5591 8146 5590 
7397 1420 5675 8146 5591 
7398 1328 5590 8146 5675 
7399 162 2184 8147 2182 
7400 1275 5331 8147 2184 
7401 1051 2182 8147 5331 
7402 791 4718 8148 4717 
7403 1410 5642 8148 4718 
7404 1270 4717 8148 5642 
7405 1242 5623 8149 5273 
7406 1416 5274 8149 5623 
7407 1022 5273 8149 5274 
7408 1091 5418 8150 5417 
7409 1252 5423 8150 5418 
7410 1092 5417 8150 5423 
7411 648 4154 8151 4152 
7412 1200 4806 8151 4154 
7413 820 4152 8151 4806 
7414 766 4622 8152 4621 
7415 1346 5486 8152 4622 
7416 1134 4621 8152 5486 
7417 1217 5596 8153 5126 
7418 1239 5127 8153 5596 
7419 960 5126 8153 5127 
7420 951 5104 8154 5103 
7421 1261 5106 8154 5104 
7422 952 5103 8154 5106 
7423 1137 5491 8155 5490 
7424 1310 5566 8155 5491 
7425 1190 5490 8155 5566 
7426 540 3712 8156 3688 
7427 1257 3689 8156 3712 
7428 534 3688 8156 3689 
7429 1187 5562 8157 2251 
7430 1256 2252 8157 5562 
7431 178 2251 8157 2252 
7432 994 5217 8158 5214 
7433 1244 5215 8158 5217 
7434 993 5214 8158 5215 
7435 1082 5397 8159 5396 
7436 1347 5401 8159 5397 
7437 1083 5396 8159 5401 
7438 836 4850 8160 4849 
7439 1242 4899 8160 4850 
7440 853 4849 8160 4899 
7441 675 4264 8161 4262 
7442 1246 4269 8161 4264 
7443 677 4262 8161 4269 
7444 1098 5436 8162 5434 
7445 1370 5440 8162 5436 
7446 1099 5434 8162 5440 
7447 578 3868 8163 3867 
7448 1285 5480 8163 3868 
7449 1130 3867 8163 5480 
7450 1028 5288 8164 5287 
7451 1324 5569 8164 5288 
7452 1192 5287 8164 5569 
7453 701 4373 8165 4372 
7454 1274 5232 8165 4373 
7455 1007 4372 8165 5232 
7456 980 5188 8166 3711 
7457 1409 3714 8166 5188 
7458 540 3711 8166 3714 
7459 712 4418 8167 4245 
7460 1259 4248 8167 4418 
7461 671 4245 8167 4248 
7462 1183 5557 8168 5350 
7463 1269 5351 8168 5557 
7464 1060 5350 8168 5351 
7465 691 4331 8169 4328 
7466 1248 4335 8169 4331 
7467 692 4328 8169 4335 
7468 908 5024 8170 5023 
7469 1308 5563 8170 5024 
7470 1188 5023 8170 5563 
7471 1062 5357 8171 5355 
7472 1386 5559 8171 5357 
7473 1184 5355 8171 5559 
7474 145 2115 8172 1806 
7475 1253 1809 8172 2115 
7476 77 1806 8172 1809 
7477 32 1584 8173 1580 
7478 1254 1589 8173 1584 
7479 33 1580 8173 1589 
7480 883 4974 8174 4319 
7481 1355 4323 8174 4974 
7482 689 4319 8174 4323 
7483 1166 5532 8175 5531 
7484 1313 5533 8175 5532 
7485 1167 5531 8175 5533 
7486 1076 5388 8176 2065 
7487 1328 2068 8176 5388 
7488 134 2065 8176 2068 
7489 120 2004 8177 2003 
7490 1280 5264 8177 2004 
7491 1019 2003 8177 5264 
7492 2 1431 8178 1429 
7493 1256 1438 8178 1431 
7494 3 1429 8178 1438 
7495 111 1967 8179 1966 
7496 1300 5443 8179 1967 
7497 1101 1966 8179 5443 
7498 931 5071 8180 5069 
7499 1382 5538 8180 5071 
7500 1170 5069 8180 5538 
7501 805 4762 8181 4516 
7502 1408 4519 8181 4762 
7503 738 4516 8181 4519 
7504 317 2812 8182 2809 
7505 1374 4926 8182 2812 
7506 861 2809 8182 4926 
7507 1085 5405 8183 2218 
7508 1250 2221 8183 5405 
7509 170 2218 8183 2221 
7510 705 4388 8184 4387 
7511 1306 5458 8184 4388 
7512 1110 4387 8184 5458 
7513 944 5096 8185 1936 
7514 1337 1939 8185 5096 
7515 104 1936 8185 1939 
7516 1214 5594 8186 4575 
7517 1323 4577 8186 5594 
7518 753 4575 8186 4577 
7519 380 3065 8187 2794 
7520 1278 2795 8187 3065 
7521 313 2794 8187 2795 
7522 690 4327 8188 4208 
7523 1249 4210 8188 4327 
7524 662 4208 8188 4210 
7525 1027 5286 8189 5284 
7526 1342 5659 8189 5286 
7527 1291 5284 8189 5659 
7528 990 5209 8190 5205 
7529 1350 5206 8190 5209 
7530 989 5205 8190 5206 
7531 1104 5447 8191 2810 
7532 1374 2812 8191 5447 
7533 317 2810 8191 2812 
7534 1241 5621 8192 4326 
7535 1249 4327 8192 5621 
7536 690 4326 8192 4327 
7537 166 2204 8193 1526 
7538 1415 1528 8193 2204 
7539 21 1526 8193 1528 
7540 858 4920 8194 4912 
7541 1339 4915 8194 4920 
7542 857 4912 8194 4915 
7543 1275 5648 8195 5331 
7544 1326 5332 8195 5648 
7545 1051 5331 8195 5332 
7546 1206 5583 8196 5125 
7547 1217 5126 8196 5583 
7548 960 5125 8196 5126 
7549 1245 5625 8197 1945 
7550 1402 1947 8197 5625 
7551 106 1945 8197 1947 
7552 501 3551 8198 3542 
7553 1263 3544 8198 3551 
7554 499 3542 8198 3544 
7555 1164 5528 8199 5001 
7556 1334 5002 8199 5528 
7557 899 5001 8199 5002 
7558 836 4852 8200 4850 
7559 1416 5623 8200 4852 
7560 1242 4850 8200 5623 
7561 1103 5446 8201 5078 
7562 1301 5080 8201 5446 
7563 935 5078 8201 5080 
7564 915 5035 8202 4995 
7565 1366 4996 8202 5035 
7566 896 4995 8202 4996 
7567 1217 5597 8203 5338 
7568 1276 5339 8203 5597 
7569 1054 5338 8203 5339 
7570 715 4430 8204 4428 
7571 1360 5502 8204 4430 
7572 1142 4428 8204 5502 
7573 121 2008 8205 1797 
7574 1268 1799 8205 2008 
7575 75 1797 8205 1799 
7576 706 4392 8206 4391 
7577 1317 5459 8206 4392 
7578 1110 4391 8206 5459 
7579 1074 5385 8207 2205 
7580 1322 2208 8207 5385 
7581 167 2205 8207 2208 
7582 914 5033 8208 4389 
7583 1317 4392 8208 5033 
7584 706 4389 8208 4392 
7585 1203 5578 8209 1698 
7586 1396 1699 8209 5578 
7587 55 1698 8209 1699 
7588 996 5220 8210 4096 
7589 1298 4098 8210 5220 
7590 634 4096 8210 4098 
7591 1060 5351 8211 1991 
7592 1269 1992 8211 5351 
7593 117 1991 8211 1992 
7594 674 4259 8212 4257 
7595 1215 5463 8212 4259 
7596 1114 4257 8212 5463 
7597 966 5148 8213 5146 
7598 1286 5617 8213 5148 
7599 1237 5146 8213 5617 
7600 1171 5540 8214 2236 
7601 1388 2237 8214 5540 
7602 174 2236 8214 2237 
7603 494 3524 8215 3513 
7604 1349 3515 8215 3524 
7605 492 3513 8215 3515 
7606 1106 5451 8216 5450 
7607 1307 5516 8216 5451 
7608 1154 5450 8216 5516 
7609 1215 5595 8217 5364 
7610 1390 5365 8217 5595 
7611 1065 5364 8217 5365 
7612 671 4248 8218 4247 
7613 1259 5517 8218 4248 
7614 1155 4247 8218 5517 
7615 1030 5291 8219 1952 
7616 1292 1954 8219 5291 
7617 108 1952 8219 1954 
7618 1130 5480 8220 4117 
7619 1285 4119 8220 5480 
7620 639 4117 8220 4119 
7621 746 4548 8221 4186 
7622 1267 4187 8221 4548 
7623 656 4186 8221 4187 
7624 1094 5427 8222 4345 
7625 1384 4348 8222 5427 
7626 695 4345 8222 4348 
7627 786 4697 8223 4528 
7628 1283 4530 8223 4697 
7629 741 4528 8223 4530 
7630 46 1653 8224 1650 
7631 1279 1659 8224 1653 
7632 47 1650 8224 1659 
7633 759 4597 8225 4382 
7634 1369 4385 8225 4597 
7635 704 4382 8225 4385 
7636 1221 5601 8226 5136 
7637 1351 5139 8226 5601 
7638 963 5136 8226 5139 
7639 84 1843 8227 1839 
7640 1266 1848 8227 1843 
7641 85 1839 8227 1848 
7642 793 4722 8228 4696 
7643 1320 4698 8228 4722 
7644 786 4696 8228 4698 
7645 791 4717 8229 4291 
7646 1270 4292 8229 4717 
7647 682 4291 8229 4292 
7648 1152 5513 8230 4258 
7649 1390 4260 8230 5513 
7650 674 4258 8230 4260 
7651 878 4966 8231 4962 
7652 1261 4963 8231 4966 
7653 877 4962 8231 4963 
7654 501 3552 8232 3551 
7655 1281 5637 8232 3552 
7656 1263 3551 8232 5637 
7657 1194 5570 8233 4676 
7658 1385 4677 8233 5570 
7659 780 4676 8233 4677 
7660 1151 5512 8234 4729 
7661 1273 4730 8234 5512 
7662 795 4729 8234 4730 
7663 1040 5310 8235 3977 
7664 1397 3981 8235 5310 
7665 605 3977 8235 3981 
7666 1154 5515 8236 4567 
7667 1258 4569 8236 5515 
7668 751 4567 8236 4569 
7669 847 4880 8237 4875 
7670 1289 4876 8237 4880 
7671 846 4875 8237 4876 
7672 677 4270 8238 3550 
7673 1281 3552 8238 4270 
7674 501 3550 8238 3552 
7675 880 4971 8239 4831 
7676 1392 4833 8239 4971 
7677 829 4831 8239 4833 
7678 1191 5567 8240 4222 
7679 1316 4223 8240 5567 
7680 665 4222 8240 4223 
7681 195 2320 8241 2319 
7682 1271 4975 8241 2320 
7683 884 2319 8241 4975 
7684 1092 5424 8242 5421 
7685 1310 5462 8242 5424 
7686 1112 5421 8242 5462 
7687 131 2055 8243 2053 
7688 1418 5579 8243 2055 
7689 1203 2053 8243 5579 
7690 1220 5599 8244 4672 
7691 1337 4673 8244 5599 
7692 779 4672 8244 4673 
7693 528 3662 8245 3161 
7694 1297 3162 8245 3662 
7695 404 3161 8245 3162 
7696 1099 5439 8246 5437 
7697 1313 5465 8246 5439 
7698 1115 5437 8246 5465 
7699 679 4279 8247 4277 
7700 1275 4304 8247 4279 
7701 685 4277 8247 4304 
7702 1134 5487 8248 4997 
7703 1403 4998 8248 5487 
7704 897 4997 8248 4998 
7705 1225 5606 8249 4441 
7706 1329 4442 8249 5606 
7707 718 4441 8249 4442 
7708 930 5066 8250 3601 
7709 1305 3603 8250 5066 
7710 513 3601 8250 3603 
7711 158 2169 8251 2167 
7712 1294 5289 8251 2169 
7713 1029 2167 8251 5289 
7714 817 4798 8252 4796 
7715 1412 4801 8252 4798 
7716 818 4796 8252 4801 
7717 659 4199 8253 4198 
7718 1230 4982 8253 4199 
7719 889 4198 8253 4982 
7720 1249 5628 8254 4210 
7721 1280 4211 8254 5628 
7722 662 4210 8254 4211 
7723 838 4857 8255 4399 
7724 1305 4400 8255 4857 
7725 708 4399 8255 4400 
7726 596 3943 8256 3940 
7727 1407 5614 8256 3943 
7728 1233 3940 8256 5614 
7729 43 1639 8257 1638 
7730 1391 5613 8257 1639 
7731 1232 1638 8257 5613 
7732 788 4707 8258 4706 
7733 1265 5521 8258 4707 
7734 1159 4706 8258 5521 
7735 38 1614 8259 1611 
7736 1287 1989 8259 1614 
7737 116 1611 8259 1989 
7738 1204 5580 8260 4325 
7739 1241 4326 8260 5580 
7740 690 4325 8260 4326 
7741 744 4541 8261 4375 
7742 1312 4377 8261 4541 
7743 702 4375 8261 4377 
7744 1042 5315 8262 5314 
7745 1376 5668 8262 5315 
7746 1301 5314 8262 5668 
7747 1189 5564 8263 4919 
7748 1339 4920 8263 5564 
7749 858 4919 8263 4920 
7750 717 4437 8264 4435 
7751 1369 5047 8264 4437 
7752 921 4435 8264 5047 
7753 849 4888 8265 4882 
7754 1288 4883 8265 4888 
7755 848 4882 8265 4883 
7756 921 5047 8266 4596 
7757 1369 4597 8266 5047 
7758 759 4596 8266 4597 
7759 174 2237 8267 2234 
7760 1388 5086 8267 2237 
7761 939 2234 8267 5086 
7762 669 4240 8268 4239 
7763 1367 5602 8268 4240 
7764 1222 4239 8268 5602 
7765 1262 5636 8269 4312 
7766 1371 4313 8269 5636 
7767 687 4312 8269 4313 
7768 508 3580 8270 3579 
7769 1284 4143 8270 3580 
7770 645 3579 8270 4143 
7771 753 4576 8271 4575 
7772 1304 5593 8271 4576 
7773 1214 4575 8271 5593 
7774 1243 5624 8272 4417 
7775 1259 4418 8272 5624 
7776 712 4417 8272 4418 
7777 1236 5616 8273 4593 
7778 1398 4594 8273 5616 
7779 758 4593 8273 4594 
7780 1343 5677 8274 4436 
7781 1369 4437 8274 5677 
7782 717 4436 8274 4437 
7783 972 5165 8275 5164 
7784 1332 5620 8275 5165 
7785 1240 5164 8275 5620 
7786 1232 5613 8276 4746 
7787 1391 4747 8276 5613 
7788 801 4746 8276 4747 
7789 674 4260 8277 4259 
7790 1390 5595 8277 4260 
7791 1215 4259 8277 5595 
7792 177 2248 8278 2246 
7793 1282 5504 8278 2248 
7794 1143 2246 8278 5504 
7795 155 2157 8279 2153 
7796 1376 5315 8279 2157 
7797 1042 2153 8279 5315 
7798 658 4195 8280 4193 
7799 1307 5451 8280 4195 
7800 1106 4193 8280 5451 
7801 210 2380 8281 2378 
7802 1290 2388 8281 2380 
7803 212 2378 8281 2388 
7804 1110 5458 8282 3888 
7805 1306 3889 8282 5458 
7806 583 3888 8282 3889 
7807 1320 5674 8283 5260 
7808 1402 5261 8283 5674 
7809 1017 5260 8283 5261 
7810 873 4959 8284 4958 
7811 1358 4988 8284 4959 
7812 892 4958 8284 4988 
7813 101 1927 8285 1923 
7814 1335 5095 8285 1927 
7815 944 1923 8285 5095 
7816 1026 5283 8286 2141 
7817 1293 2143 8286 5283 
7818 152 2141 8286 2143 
7819 108 1955 8287 1953 
7820 1356 5302 8287 1955 
7821 1035 1953 8287 5302 
7822 1237 5617 8288 5182 
7823 1286 5183 8288 5617 
7824 978 5182 8288 5183 
7825 903 5010 8289 5009 
7826 1272 5151 8289 5010 
7827 968 5009 8289 5151 
7828 684 4300 8290 3938 
7829 1295 3939 8290 4300 
7830 595 3938 8290 3939 
7831 1165 5530 8291 5326 
7832 1368 5328 8291 5530 
7833 1049 5326 8291 5328 
7834 1298 5667 8292 4098 
7835 1324 4099 8292 5667 
7836 634 4098 8292 4099 
7837 631 4087 8293 4085 
7838 1291 4095 8293 4087 
7839 633 4085 8293 4095 
7840 624 4058 8294 4056 
7841 1264 5460 8294 4058 
7842 1111 4056 8294 5460 
7843 1184 5559 8295 4380 
7844 1386 4381 8295 5559 
7845 703 4380 8295 4381 
7846 751 4569 8296 4568 
7847 1258 5550 8296 4569 
7848 1179 4568 8296 5550 
7849 700 4368 8297 4366 
7850 1336 4545 8297 4368 
7851 745 4366 8297 4545 
7852 816 4795 8298 4351 
7853 1294 4352 8298 4795 
7854 696 4351 8298 4352 
7855 1057 5343 8299 1964 
7856 1300 1967 8299 5343 
7857 111 1964 8299 1967 
7858 783 4687 8300 4682 
7859 1283 4684 8300 4687 
7860 782 4682 8300 4684 
7861 538 3705 8301 3704 
7862 1331 5635 8301 3705 
7863 1260 3704 8301 5635 
7864 1268 5640 8302 4584 
7865 1394 4585 8302 5640 
7866 755 4584 8302 4585 
7867 763 4610 8303 4609 
7868 1330 5603 8303 4610 
7869 1223 4609 8303 5603 
7870 1029 5289 8304 4794 
7871 1294 4795 8304 5289 
7872 816 4794 8304 4795 
7873 46 1654 8305 1653 
7874 1379 5650 8305 1654 
7875 1279 1653 8305 5650 
7876 609 3997 8306 3996 
7877 1368 5530 8306 3997 
7878 1165 3996 8306 5530 
7879 679 4280 8307 4279 
7880 1326 5648 8307 4280 
7881 1275 4279 8307 5648 
7882 1011 5245 8308 5238 
7883 1315 5241 8308 5245 
7884 1010 5238 8308 5241 
7885 1014 5253 8309 5242 
7886 1299 5244 8309 5253 
7887 1011 5242 8309 5244 
7888 1240 5620 8310 5292 
7889 1332 5293 8310 5620 
7890 1031 5292 8310 5293 
7891 1192 5569 8311 4690 
7892 1324 4691 8311 5569 
7893 784 4690 8311 4691 
7894 1112 5462 8312 2105 
7895 1310 2106 8312 5462 
7896 143 2105 8312 2106 
7897 890 4985 8313 4386 
7898 1306 4388 8313 4985 
7899 705 4386 8313 4388 
7900 1227 5608 8314 4433 
7901 1247 4434 8314 5608 
7902 716 4433 8314 4434 
7903 1190 5566 8315 5422 
7904 1310 5424 8315 5566 
7905 1092 5422 8315 5424 
7906 892 4987 8316 4514 
7907 1349 4515 8316 4987 
7908 737 4514 8316 4515 
7909 974 5173 8317 5163 
7910 1332 5165 8317 5173 
7911 972 5163 8317 5165 
7912 919 5044 8318 5022 
7913 1308 5024 8318 5044 
7914 908 5022 8318 5024 
7915 1115 5465 8319 2057 
7916 1313 2059 8319 5465 
7917 132 2057 8319 2059 
7918 1017 5261 8320 5259 
7919 1402 5625 8320 5261 
7920 1245 5259 8320 5625 
7921 948 5101 8321 3901 
7922 1303 3902 8321 5101 
7923 586 3901 8321 3902 
7924 851 4893 8322 2474 
7925 1262 2476 8322 4893 
7926 234 2474 8322 2476 
7927 1293 5661 8323 2143 
7928 1311 2144 8323 5661 
7929 152 2143 8323 2144 
7930 1049 5327 8324 5324 
7931 1316 5325 8324 5327 
7932 1048 5324 8324 5325 
7933 1003 5229 8325 4153 
7934 1314 4155 8325 5229 
7935 648 4153 8325 4155 
7936 904 5012 8326 5011 
7937 1323 5014 8326 5012 
7938 905 5011 8326 5014 
7939 411 3190 8327 3188 
7940 1319 5067 8327 3190 
7941 930 3188 8327 5067 
7942 1277 5649 8328 4851 
7943 1416 4852 8328 5649 
7944 836 4851 8328 4852 
7945 152 2144 8329 2142 
7946 1311 5294 8329 2144 
7947 1032 2142 8329 5294 
7948 1269 5641 8330 1992 
7949 1357 1993 8330 5641 
7950 117 1992 8330 1993 
7951 634 4099 8331 4097 
7952 1324 5288 8331 4099 
7953 1028 4097 8331 5288 
7954 1247 5627 8332 4760 
7955 1408 4762 8332 5627 
7956 805 4760 8332 4762 
7957 123 2018 8333 2017 
7958 1342 5286 8333 2018 
7959 1027 2017 8333 5286 
7960 842 4868 8334 2390 
7961 1404 2392 8334 4868 
7962 213 2390 8334 2392 
7963 1101 5443 8335 4421 
7964 1300 4422 8335 5443 
7965 713 4421 8335 4422 
7966 1091 5419 8336 5418 
7967 1286 5629 8336 5419 
7968 1252 5418 8336 5629 
7969 863 4932 8337 4930 
7970 1333 4937 8337 4932 
7971 864 4930 8337 4937 
7972 162 2185 8338 2184 
7973 1276 5647 8338 2185 
7974 1275 2184 8338 5647 
7975 134 2068 8339 2067 
7976 1328 5626 8339 2068 
7977 1246 2067 8339 5626 
7978 1203 5579 8340 4556 
7979 1418 4557 8340 5579 
7980 748 4556 8340 4557 
7981 851 4894 8341 4893 
7982 1371 5636 8341 4894 
7983 1262 4893 8341 5636 
7984 1053 5336 8342 5335 
7985 1375 5645 8342 5336 
7986 1273 5335 8342 5645 
7987 721 4453 8343 4452 
7988 1292 5581 8343 4453 
7989 1204 4452 8343 5581 
7990 746 4549 8344 4548 
7991 1418 5639 8344 4549 
7992 1267 4548 8344 5639 
7993 702 4377 8345 4376 
7994 1312 5213 8345 4377 
7995 992 4376 8345 5213 
7996 1138 5494 8346 5493 
7997 1394 5553 8346 5494 
7998 1180 5493 8346 5553 
7999 819 4804 8347 2178 
8000 1352 2180 8347 4804 
8001 161 2178 8347 2180 
8002 1275 5647 8348 4304 
8003 1276 4305 8348 5647 
8004 685 4304 8348 4305 
8005 79 1817 8349 1816 
8006 1364 5588 8349 1817 
8007 1210 1816 8349 5588 
8008 1140 5497 8350 2223 
8009 1318 2224 8350 5497 
8010 171 2223 8350 2224 
8011 662 4211 8351 4209 
8012 1280 5545 8351 4211 
8013 1174 4209 8351 5545 
8014 398 3137 8352 3136 
8015 1331 3705 8352 3137 
8016 538 3136 8352 3705 
8017 1209 5587 8353 1815 
8018 1365 1818 8353 5587 
8019 79 1815 8353 1818 
8020 1208 5585 8354 1430 
8021 1363 1433 8354 5585 
8022 2 1430 8354 1433 
8023 335 2885 8355 2883 
8024 1340 2893 8355 2885 
8025 337 2883 8355 2893 
8026 574 3852 8356 3596 
8027 1321 3598 8356 3852 
8028 512 3596 8356 3598 
8029 1318 5673 8357 2224 
8030 1355 2225 8357 5673 
8031 171 2224 8357 2225 
8032 119 2001 8358 2000 
8033 1339 5564 8358 2001 
8034 1189 2000 8358 5564 
8035 502 3555 8359 3554 
8036 1247 5608 8359 3555 
8037 1227 3554 8359 5608 
8038 142 2103 8360 2100 
8039 1341 5413 8360 2103 
8040 1089 2100 8360 5413 
8041 862 4929 8361 4927 
8042 1413 4933 8361 4929 
8043 863 4927 8361 4933 
8044 1031 5293 8362 2135 
8045 1332 2136 8362 5293 
8046 150 2135 8362 2136 
8047 922 5050 8363 5004 
8048 1361 5006 8363 5050 
8049 900 5004 8363 5006 
8050 717 4438 8364 4436 
8051 1401 5678 8364 4438 
8052 1343 4436 8364 5678 
8053 725 4469 8365 4467 
8054 1322 4523 8365 4469 
8055 739 4467 8365 4523 
8056 260 2581 8366 2563 
8057 1330 2564 8366 2581 
8058 256 2563 8366 2564 
8059 755 4585 8367 4583 
8060 1394 5494 8367 4585 
8061 1138 4583 8367 5494 
8062 1310 5671 8368 2106 
8063 1384 2107 8368 5671 
8064 143 2106 8368 2107 
8065 991 5210 8369 4536 
8066 1338 4539 8369 5210 
8067 743 4536 8369 4539 
8068 978 5184 8370 5178 
8069 1325 5180 8370 5184 
8070 977 5178 8370 5180 
8071 286 2685 8371 2683 
8072 1327 2693 8371 2685 
8073 288 2683 8371 2693 
8074 718 4442 8372 4440 
8075 1329 4450 8372 4442 
8076 720 4440 8372 4450 
8077 1051 5332 8373 2078 
8078 1326 2082 8373 5332 
8079 137 2078 8373 2082 
8080 121 2009 8374 2008 
8081 1394 5640 8374 2009 
8082 1268 2008 8374 5640 
8083 1238 5618 8375 5445 
8084 1301 5446 8375 5618 
8085 1103 5445 8375 5446 
8086 989 5206 8376 5201 
8087 1350 5204 8376 5206 
8088 988 5201 8376 5204 
8089 363 2997 8377 2987 
8090 1358 2989 8377 2997 
8091 361 2987 8377 2989 
8092 408 3178 8378 3168 
8093 1359 3170 8378 3178 
8094 406 3168 8378 3170 
8095 689 4323 8379 4321 
8096 1355 5449 8379 4323 
8097 1105 4321 8379 5449 
8098 161 2180 8380 2179 
8099 1352 5367 8380 2180 
8100 1066 2179 8380 5367 
8101 330 2865 8381 2863 
8102 1366 2873 8381 2865 
8103 332 2863 8381 2873 
8104 1204 5581 8382 5580 
8105 1292 5622 8382 5581 
8106 1241 5580 8382 5622 
8107 24 1544 8383 1540 
8108 1348 1549 8383 1544 
8109 25 1540 8383 1549 
8110 1023 5277 8384 5268 
8111 1353 5270 8384 5277 
8112 1021 5268 8384 5270 
8113 459 3382 8385 3380 
8114 1309 5442 8385 3382 
8115 1100 3380 8385 5442 
8116 899 5002 8386 3897 
8117 1334 3898 8386 5002 
8118 585 3897 8386 3898 
8119 779 4673 8387 4671 
8120 1337 4968 8387 4673 
8121 878 4671 8387 4968 
8122 961 5131 8388 5130 
8123 1351 5141 8388 5131 
8124 964 5130 8388 5141 
8125 22 1534 8389 1531 
8126 1415 5212 8389 1534 
8127 991 1531 8389 5212 
8128 527 3659 8390 3658 
8129 1361 5571 8390 3659 
8130 1195 3658 8390 5571 
8131 1088 5412 8391 1999 
8132 1339 2001 8391 5412 
8133 119 1999 8391 2001 
8134 167 2208 8392 2207 
8135 1322 5589 8392 2208 
8136 1211 2207 8392 5589 
8137 924 5055 8393 4970 
8138 1392 4971 8393 5055 
8139 880 4970 8393 4971 
8140 23 1539 8394 1536 
8141 1354 1972 8394 1539 
8142 112 1536 8394 1972 
8143 714 4426 8395 4423 
8144 1356 4454 8395 4426 
8145 721 4423 8395 4454 
8146 818 4801 8396 4799 
8147 1412 4805 8396 4801 
8148 819 4799 8396 4805 
8149 117 1993 8397 1990 
8150 1357 5330 8397 1993 
8151 1050 1990 8397 5330 
8152 768 4630 8398 4620 
8153 1346 4622 8398 4630 
8154 766 4620 8398 4622 
8155 868 4948 8399 4944 
8156 1333 4946 8399 4948 
8157 867 4944 8399 4946 
8158 1091 5420 8400 5419 
8159 1325 5656 8400 5420 
8160 1286 5419 8400 5656 
8161 171 2225 8401 2222 
8162 1355 4974 8401 2225 
8163 883 2222 8401 4974 
8164 726 4474 8402 4427 
8165 1360 4430 8402 4474 
8166 715 4427 8402 4430 
8167 655 4183 8403 4182 
8168 1302 5573 8403 4183 
8169 1198 4182 8403 5573 
8170 1158 5520 8404 5256 
8171 1342 5257 8404 5520 
8172 1016 5256 8404 5257 
8173 1111 5461 8405 4278 
8174 1326 4280 8405 5461 
8175 679 4278 8405 4280 
8176 1233 5614 8406 4772 
8177 1407 4773 8406 5614 
8178 808 4772 8406 4773 
8179 80 1822 8407 1821 
8180 1363 2245 8407 1822 
8181 176 1821 8407 2245 
8182 98 1913 8408 1910 
8183 1365 2249 8408 1913 
8184 177 1910 8408 2249 
8185 915 5034 8409 3476 
8186 1343 3477 8409 5034 
8187 483 3476 8409 3477 
8188 178 2253 8410 1911 
8189 1362 1912 8410 2253 
8190 98 1911 8410 1912 
8191 175 2241 8411 1820 
8192 1364 1823 8411 2241 
8193 80 1820 8411 1823 
8194 5 1448 8412 1444 
8195 1373 1453 8412 1448 
8196 6 1444 8412 1453 
8197 687 4313 8413 4311 
8198 1371 5193 8413 4313 
8199 982 4311 8413 5193 
8200 1292 5660 8414 1954 
8201 1356 1955 8414 5660 
8202 108 1954 8414 1955 
8203 542 3722 8415 3720 
8204 1368 3997 8415 3722 
8205 609 3720 8415 3997 
8206 45 1649 8416 1645 
8207 1379 1654 8416 1649 
8208 46 1645 8416 1654 
8209 168 2212 8417 2210 
8210 1347 5397 8417 2212 
8211 1082 2210 8417 5397 
8212 1032 5295 8418 1956 
8213 1377 1959 8418 5295 
8214 109 1956 8418 1959 
8215 666 4228 8419 4226 
8216 1388 5540 8419 4228 
8217 1171 4226 8419 5540 
8218 940 5089 8420 4892 
8219 1371 4894 8420 5089 
8220 851 4892 8420 4894 
8221 65 1749 8421 1745 
8222 1383 1754 8421 1749 
8223 66 1745 8421 1754 
8224 577 3864 8422 3857 
8225 1370 3860 8422 3864 
8226 576 3857 8422 3860 
8227 781 4681 8423 4680 
8228 1385 4692 8423 4681 
8229 784 4680 8423 4692 
8230 703 4381 8424 4378 
8231 1386 4542 8424 4381 
8232 744 4378 8424 4542 
8233 1338 5676 8425 2203 
8234 1415 2204 8425 5676 
8235 166 2203 8425 2204 
8236 758 4594 8426 4480 
8237 1398 4482 8426 4594 
8238 728 4480 8426 4482 
8239 695 4348 8427 4346 
8240 1384 5492 8427 4348 
8241 1137 4346 8427 5492 
8242 602 3968 8428 3955 
8243 1389 3956 8428 3968 
8244 599 3955 8428 3956 
8245 278 2653 8429 2623 
8246 1380 2625 8429 2653 
8247 271 2623 8429 2625 
8248 1186 5561 8430 4173 
8249 1372 4175 8430 5561 
8250 653 4173 8430 4175 
8251 42 1634 8431 1630 
8252 1391 1639 8431 1634 
8253 43 1630 8431 1639 
8254 541 3718 8432 3715 
8255 1392 5055 8432 3718 
8256 924 3715 8432 5055 
8257 1311 5672 8433 5294 
8258 1377 5295 8433 5672 
8259 1032 5294 8433 5295 
8260 1041 5313 8434 5309 
8261 1397 5310 8434 5313 
8262 1040 5309 8434 5310 
8263 1072 5383 8435 5376 
8264 1381 5377 8435 5383 
8265 1070 5376 8435 5377 
8266 731 4493 8436 4455 
8267 1387 4458 8436 4493 
8268 722 4455 8436 4458 
8269 55 1699 8437 1695 
8270 1396 1704 8437 1699 
8271 56 1695 8437 1704 
8272 120 2005 8438 2004 
8273 1344 5651 8438 2005 
8274 1280 2004 8438 5651 
8275 128 2041 8439 2040 
8276 1301 5618 8439 2041 
8277 1238 2040 8439 5618 
8278 664 4219 8440 3570 
8279 1393 3572 8440 4219 
8280 506 3570 8440 3572 
8281 21 1528 8441 1524 
8282 1415 1534 8441 1528 
8283 22 1524 8441 1534 
8284 143 2107 8442 2104 
8285 1384 5427 8442 2107 
8286 1094 2104 8442 5427 
8287 1241 5622 8443 5290 
8288 1292 5291 8443 5622 
8289 1030 5290 8443 5291 
8290 1174 5546 8444 4477 
8291 1344 4478 8444 5546 
8292 727 4477 8444 4478 
8293 91 1878 8445 1874 
8294 1395 1883 8445 1878 
8295 92 1874 8445 1883 
8296 1170 5538 8446 5537 
8297 1382 5669 8446 5538 
8298 1302 5537 8446 5669 
8299 1211 5589 8447 4468 
8300 1322 4469 8447 5589 
8301 725 4468 8447 4469 
8302 1211 5590 8448 5387 
8303 1328 5388 8448 5590 
8304 1076 5387 8448 5388 
8305 598 3951 8449 3950 
8306 1323 5594 8449 3951 
8307 1214 3950 8449 5594 
8308 552 3762 8450 3760 
8309 1403 3770 8450 3762 
8310 554 3760 8450 3770 
8311 733 4499 8451 4498 
8312 1400 4922 8451 4499 
8313 859 4498 8451 4922 
8314 815 4792 8452 4526 
8315 1417 4527 8452 4792 
8316 740 4526 8452 4527 
8317 933 5075 8453 4866 
8318 1404 4868 8453 5075 
8319 842 4866 8453 4868 
8320 653 4175 8454 4174 
8321 1372 5610 8454 4175 
8322 1228 4174 8454 5610 
8323 118 1997 8455 1994 
8324 1410 5370 8455 1997 
8325 1067 1994 8455 5370 
8326 1201 5576 8456 2102 
8327 1341 2103 8456 5576 
8328 142 2102 8456 2103 
8329 141 2099 8457 2097 
8330 1399 5408 8457 2099 
8331 1086 2097 8457 5408 
8332 115 1985 8458 1983 
8333 1375 5334 8458 1985 
8334 1052 1983 8458 5334 
8335 684 4301 8459 4300 
8336 1352 5663 8459 4301 
8337 1295 4300 8459 5663 
8338 441 3310 8460 3111 
8339 1406 3113 8460 3310 
8340 392 3111 8460 3113 
8341 62 1734 8461 1725 
8342 1405 1729 8461 1734 
8343 61 1725 8461 1729 
8344 660 4203 8462 4201 
8345 1413 4929 8462 4203 
8346 862 4201 8462 4929 
8347 1022 5274 8463 5271 
8348 1416 5278 8463 5274 
8349 1023 5271 8463 5278 
8350 820 4807 8464 4028 
8351 1419 4031 8464 4807 
8352 617 4028 8464 4031 
8353 504 3564 8465 3557 
8354 1414 3560 8465 3564 
8355 503 3557 8465 3560 
8356 1179 5551 8466 2211 
8357 1347 2212 8466 5551 
8358 168 2211 8466 2212 
8359 483 3479 8467 3475 
8360 1401 4769 8467 3479 
8361 807 3475 8467 4769 
8362 748 4557 8468 4547 
8363 1418 4549 8468 4557 
8364 746 4547 8468 4549 
8365 871 4956 8469 4505 
8366 1411 4507 8469 4956 
8367 735 4505 8469 4507 
8368 1056 5342 8470 2192 
8369 1382 2194 8470 5342 
8370 164 2192 8470 2194 
8371 139 2090 8471 2089 
8372 1351 5601 8471 2090 
8373 1221 2089 8471 5601 
8374 1210 5588 8472 2240 
8375 1364 2241 8472 5588 
8376 175 2240 8472 2241 
8377 177 2249 8473 2247 
8378 1365 5587 8473 2249 
8379 1209 2247 8473 5587 
8380 176 2245 8474 2244 
8381 1363 5585 8474 2245 
8382 1208 2244 8474 5585 
8383 1256 5631 8475 2252 
8384 1362 2253 8475 5631 
8385 178 2252 8475 2253 
8386 1288 5657 8476 4883 
8387 1409 4884 8476 5657 
8388 848 4883 8476 4884 
8389 1077 5390 8477 2197 
8390 1411 2199 8477 5390 
8391 165 2197 8477 2199 
8392 704 4384 8478 4383 
8393 1343 5034 8478 4384 
8394 915 4383 8478 5034 
8395 1301 5668 8479 5080 
8396 1376 5081 8479 5668 
8397 935 5080 8479 5081 
8398 793 4724 8480 4722 
8399 1402 5674 8480 4724 
8400 1320 4722 8480 5674 
8401 624 4059 8481 4058 
8402 1308 5638 8481 4059 
8403 1264 4058 8481 5638 
8404 721 4454 8482 4453 
8405 1356 5660 8482 4454 
8406 1292 4453 8482 5660 
8407 528 3664 8483 3662 
8408 1378 5666 8483 3664 
8409 1297 3662 8483 5666 
8410 1252 5629 8484 5147 
8411 1286 5148 8484 5629 
8412 966 5147 8484 5148 
8413 1280 5651 8485 5545 
8414 1344 5546 8485 5651 
8415 1174 5545 8485 5546 
8416 1195 5571 8486 5049 
8417 1361 5050 8486 5571 
8418 922 5049 8486 5050 
8419 786 4698 8487 4697 
8420 1320 5655 8487 4698 
8421 1283 4697 8487 5655 
8422 856 4911 8488 4910 
8423 1341 5576 8488 4911 
8424 1201 4910 8488 5576 
8425 1286 5656 8489 5183 
8426 1325 5184 8489 5656 
8427 978 5183 8489 5184 
8428 1223 5603 8490 2580 
8429 1330 2581 8490 5603 
8430 260 2580 8490 2581 
8431 808 4773 8491 4771 
8432 1407 5543 8491 4773 
8433 1173 4771 8491 5543 
8434 735 4507 8492 4506 
8435 1411 5390 8492 4507 
8436 1077 4506 8492 5390 
8437 540 3713 8493 3712 
8438 1288 5632 8493 3713 
8439 1257 3712 8493 5632 
8440 617 4031 8494 4030 
8441 1419 5679 8494 4031 
8442 1345 4030 8494 5679 
8443 1224 5605 8495 2202 
8444 1338 2203 8495 5605 
8445 166 2202 8495 2203 
8446 1159 5522 8496 4238 
8447 1367 4240 8496 5522 
8448 669 4238 8496 4240 
8449 1180 5553 8497 2007 
8450 1394 2009 8497 5553 
8451 121 2007 8497 2009 
8452 743 4539 8498 4538 
8453 1338 5605 8498 4539 
8454 1224 4538 8498 5605 
8455 1246 5626 8499 4269 
8456 1328 4271 8499 5626 
8457 677 4269 8499 4271 
8458 1273 5645 8500 4730 
8459 1375 4731 8500 5645 
8460 795 4730 8500 4731 
8461 1283 5655 8501 4684 
8462 1320 4685 8501 5655 
8463 782 4684 8501 4685 
8464 935 5081 8502 5079 
8465 1376 5568 8502 5081 
8466 1191 5079 8502 5568 
8467 1258 5634 8503 5550 
8468 1347 5551 8503 5634 
8469 1179 5550 8503 5551 
8470 2 1432 8504 1431 
8471 1362 5631 8504 1432 
8472 1256 1431 8504 5631 
8473 725 4470 8505 4468 
8474 1420 5591 8505 4470 
8475 1211 4468 8505 5591 
8476 1023 5278 8506 5276 
8477 1416 5649 8506 5278 
8478 1277 5276 8506 5649 
8479 1067 5370 8507 5369 
8480 1410 5615 8507 5370 
8481 1235 5369 8507 5615 
8482 1235 5615 8508 4716 
8483 1410 4718 8508 5615 
8484 791 4716 8508 4718 
8485 863 4933 8509 4931 
8486 1413 5644 8509 4933 
8487 1271 4931 8509 5644 
8488 677 4272 8510 4270 
8489 1420 5652 8510 4272 
8490 1281 4270 8510 5652 
8491 1295 5663 8511 4802 
8492 1352 4804 8511 5663 
8493 819 4802 8511 4804 
8494 704 4385 8512 4384 
8495 1369 5677 8512 4385 
8496 1343 4384 8512 5677 
8497 1302 5669 8513 5341 
8498 1382 5342 8513 5669 
8499 1056 5341 8513 5342 
8500 1173 5543 8514 5542 
8501 1407 5664 8514 5543 
8502 1296 5542 8514 5664 
8503 819 4805 8515 4803 
8504 1412 5665 8515 4805 
8505 1296 4803 8515 5665 
8506 502 3556 8516 3555 
8507 1408 5627 8516 3556 
8508 1247 3555 8516 5627 
8509 1296 5664 8517 3942 
8510 1407 3943 8517 5664 
8511 596 3942 8517 3943 
8512 540 3714 8518 3713 
8513 1409 5657 8518 3714 
8514 1288 3713 8518 5657 
8515 991 5212 8519 5210 
8516 1415 5676 8519 5212 
8517 1338 5210 8519 5676 
8518 1343 5678 8520 3477 
8519 1401 3479 8520 5678 
8520 483 3477 8520 3479 
$EndElements
